course,race_time,race_time_gmt,race_name,race_class,distance_f,surface,going,field_size,horse,jockey,trainer,age,weight_lbs,ofr,last_run,form,win_probability,place_probability,show_probability,win_odds_decimal,win_odds_fractional,place_odds_decimal,place_odds_fractional,show_odds_decimal,show_odds_fractional,career_runs,career_win_rate,career_place_rate,career_earnings,cd_runs,cd_win_rate,class_num,class_step,or_numeric,or_change,or_trend_3,avg_last_3_pos,wins_last_3,days_since_last,is_turf,going_numeric,race_score,jockey_career_runs,jockey_career_win_rate,jockey_course_runs,jockey_course_win_rate,jockey_trainer_runs,jockey_trainer_win_rate,draw,draw_pct,draw_group_win_rate,weight_vs_avg,is_top_weight,weight_change,race_leader_count,race_closer_count,style_advantage,age_vs_avg
Ludlow,8:13 AM ET,13:13,Racing To School Juvenile Hurdle (GBB Race),4,16.0,Turf,Soft,8,Down To Business,Harry Skelton,Dan Skelton,4,154.0,113.0,18.0,34,0.15811209380626678,0.09486725628376007,0.06324483752250672,6.32,11/2,10.54,19/2,15.81,15/1,0,0.0,0.0,0.0,0,0.0,4,0,113.0,0,0,10.0,0,18,1,5,50.0,0,0.0,0,0.0,0,0.0,0,0.0,0.0,0,0,0,0,0,0,0.0
Ludlow,8:13 AM ET,13:13,Racing To School Juvenile Hurdle (GBB Race),4,16.0,Turf,Soft,8,Gallivanted,Paul OBrien,Harry Derham,4,154.0,,,,0.15811209380626678,0.09486725628376007,0.06324483752250672,6.32,11/2,10.54,19/2,15.81,15/1,0,0.0,0.0,0.0,0,0.0,4,0,0.0,0,0,10.0,0,999,1,5,50.0,1,0.0,0,0.0,1,0.0,0,0.0,0.0,0,0,0,0,0,0,0.0
Ludlow,8:13 AM ET,13:13,Racing To School Juvenile Hurdle (GBB Race),4,16.0,Turf,Soft,8,King Al,Tom Bellamy,Alan King,4,154.0,,25.0,52,0.15811209380626678,0.09486725628376007,0.06324483752250672,6.32,11/2,10.54,19/2,15.81,15/1,0,0.0,0.0,0.0,0,0.0,4,0,0.0,0,0,10.0,0,25,1,5,50.0,4,0.0,0,0.0,0,0.0,0,0.0,0.0,0,0,0,0,0,0,0.0
Ludlow,8:13 AM ET,13:13,Racing To School Juvenile Hurdle (GBB Race),4,16.0,Turf,Soft,8,Lasswade,Ben Poste,Ed de Giles,4,154.0,,,,0.15811209380626678,0.09486725628376007,0.06324483752250672,6.32,11/2,10.54,19/2,15.81,15/1,0,0.0,0.0,0.0,0,0.0,4,0,0.0,0,0,10.0,0,999,1,5,50.0,2,0.0,0,0.0,0,0.0,0,0.0,0.0,0,0,0,0,0,0,0.0
Ludlow,8:13 AM ET,13:13,Racing To School Juvenile Hurdle (GBB Race),4,16.0,Turf,Soft,8,Madame De Labrunie,Jonathan Burke,Fergal OBrien,4,154.0,112.0,36.0,2F1493,0.15811209380626678,0.09486725628376007,0.06324483752250672,6.32,11/2,10.54,19/2,15.81,15/1,0,0.0,0.0,0.0,0,0.0,4,0,112.0,0,0,10.0,0,36,1,5,50.0,2,0.0,0,0.0,0,0.0,0,0.0,0.0,0,0,0,0,0,0,0.0
Ludlow,8:13 AM ET,13:13,Racing To School Juvenile Hurdle (GBB Race),4,16.0,Turf,Soft,8,Talakan,Kevin Brogan,Toby Lawes,4,154.0,,18.0,3,0.15811209380626678,0.09486725628376007,0.06324483752250672,6.32,11/2,10.54,19/2,15.81,15/1,0,0.0,0.0,0.0,0,0.0,4,0,0.0,0,0,10.0,0,18,1,5,50.0,0,0.0,0,0.0,0,0.0,0,0.0,0.0,0,0,0,0,0,0,0.0
Ludlow,8:13 AM ET,13:13,Racing To School Juvenile Hurdle (GBB Race),4,16.0,Turf,Soft,8,Wolf Rayet,Robert Dunne,Samuel Drinkwater,4,154.0,120.0,53.0,24,0.15811209380626678,0.09486725628376007,0.06324483752250672,6.32,11/2,10.54,19/2,15.81,15/1,0,0.0,0.0,0.0,0,0.0,4,0,120.0,0,0,10.0,0,53,1,5,50.0,11,0.0,0,0.0,0,0.0,0,0.0,0.0,0,0,0,0,0,0,0.0
Ludlow,8:13 AM ET,13:13,Racing To School Juvenile Hurdle (GBB Race),4,16.0,Turf,Soft,8,Silvereen,Sam Twiston-Davies,Henry Daly,4,147.0,,46.0,47,0.15811209380626678,0.09486725628376007,0.06324483752250672,6.32,11/2,10.54,19/2,15.81,15/1,0,0.0,0.0,0.0,0,0.0,4,0,0.0,0,0,10.0,0,46,1,5,50.0,9,0.0,0,0.0,0,0.0,0,0.0,0.0,0,0,0,0,0,0,0.0
Ludlow,8:48 AM ET,13:48,C M Bespoke Care Mares' Maiden Hurdle (GBB Race),4,21.5,Turf,Soft,12,Afancy Getaway,Ben Jones,Ben Pauling,6,159.0,,47.0,34,0.11320754885673523,0.06792452931404114,0.04528301954269409,8.83,8/1,14.72,27/2,22.08,21/1,0,0.0,0.0,0.0,0,0.0,4,0,0.0,0,0,10.0,0,47,1,5,50.0,0,0.0,0,0.0,0,0.0,0,0.0,0.0,0,0,0,0,0,0,0.0
Ludlow,8:48 AM ET,13:48,C M Bespoke Care Mares' Maiden Hurdle (GBB Race),4,21.5,Turf,Soft,12,Borna Gem,James Turner,Nigel & Willy Twiston-Davies,7,159.0,,38.0,62-3,0.11320754885673523,0.06792452931404114,0.04528301954269409,8.83,8/1,14.72,27/2,22.08,21/1,0,0.0,0.0,0.0,0,0.0,4,0,0.0,0,0,10.0,0,38,1,5,50.0,1,0.0,0,0.0,0,0.0,0,0.0,0.0,0,0,0,0,0,0,0.0
Ludlow,8:48 AM ET,13:48,C M Bespoke Care Mares' Maiden Hurdle (GBB Race),4,21.5,Turf,Soft,12,Catwalk Girl,David Bass,Max Comley,6,159.0,,,,0.10608020424842834,0.06364812254905701,0.04243208169937134,9.43,17/2,15.71,29/2,23.57,45/2,0,0.0,0.0,0.0,0,0.0,4,0,0.0,0,0,10.0,0,999,1,5,50.0,8,0.0,0,0.0,0,0.0,0,0.0,0.0,0,0,0,0,0,0,0.0
Ludlow,8:48 AM ET,13:48,C M Bespoke Care Mares' Maiden Hurdle (GBB Race),4,21.5,Turf,Soft,12,Diamond Du Berlais,Mr P W Mullins,W P Mullins,5,159.0,132.0,249.0,54-P38,0.15662650763988495,0.09397590458393097,0.06265060305595398,6.38,11/2,10.64,19/2,15.96,15/1,0,0.0,0.0,0.0,0,0.0,4,0,132.0,0,0,10.0,0,249,1,5,50.0,5,0.0,0,0.0,0,0.0,0,0.0,0.0,0,0,0,0,0,0,0.0
Ludlow,8:48 AM ET,13:48,C M Bespoke Care Mares' Maiden Hurdle (GBB Race),4,21.5,Turf,Soft,12,Feeling Frisky,Roisin Leech,Sophie Leech,6,159.0,81.0,114.0,6-8638,0.1538461595773697,0.09230769574642181,0.06153846383094788,6.5,11/2,10.83,10/1,16.25,15/1,0,0.0,0.0,0.0,0,0.0,4,0,81.0,0,0,10.0,0,114,1,5,50.0,0,0.0,0,0.0,0,0.0,0,0.0,0.0,0,0,0,0,0,0,0.0
Ludlow,8:48 AM ET,13:48,C M Bespoke Care Mares' Maiden Hurdle (GBB Race),4,21.5,Turf,Soft,12,Jax Belle,Brendan Powell,Lucy Wadham,6,159.0,,150.0,03,0.10608020424842834,0.06364812254905701,0.04243208169937134,9.43,17/2,15.71,29/2,23.57,45/2,0,0.0,0.0,0.0,0,0.0,4,0,0.0,0,0,10.0,0,150,1,5,50.0,10,0.0,0,0.0,0,0.0,0,0.0,0.0,0,0,0,0,0,0,0.0
Ludlow,8:48 AM ET,13:48,C M Bespoke Care Mares' Maiden Hurdle (GBB Race),4,21.5,Turf,Soft,12,Jurassic Pet,Miss Lily Bradstock,Mrs Sara V Bradstock,6,159.0,,,,0.10608020424842834,0.06364812254905701,0.04243208169937134,9.43,17/2,15.71,29/2,23.57,45/2,0,0.0,0.0,0.0,0,0.0,4,0,0.0,0,0,10.0,0,999,1,5,50.0,0,0.0,0,0.0,0,0.0,0,0.0,0.0,0,0,0,0,0,0,0.0
Ludlow,8:48 AM ET,13:48,C M Bespoke Care Mares' Maiden Hurdle (GBB Race),4,21.5,Turf,Soft,12,Khutulun Khan,Tom Cannon,Lucy Wadham,7,159.0,,24.0,30/5,0.1538461595773697,0.09230769574642181,0.06153846383094788,6.5,11/2,10.83,10/1,16.25,15/1,0,0.0,0.0,0.0,0,0.0,4,0,0.0,0,0,10.0,0,24,1,5,50.0,14,0.0,0,0.0,0,0.0,0,0.0,0.0,0,0,0,0,0,0,0.0
Ludlow,8:48 AM ET,13:48,C M Bespoke Care Mares' Maiden Hurdle (GBB Race),4,21.5,Turf,Soft,12,No Flies On Her,Jonathan Burke,Fergal OBrien,6,159.0,,49.0,63F,0.11320754885673523,0.06792452931404114,0.04528301954269409,8.83,8/1,14.72,27/2,22.08,21/1,0,0.0,0.0,0.0,0,0.0,4,0,0.0,0,0,10.0,0,49,1,5,50.0,2,0.0,0,0.0,0,0.0,0,0.0,0.0,0,0,0,0,0,0,0.0
Ludlow,8:48 AM ET,13:48,C M Bespoke Care Mares' Maiden Hurdle (GBB Race),4,21.5,Turf,Soft,12,Porridge,Mr Joseph Stevenson,Tracey Leeson,6,159.0,51.0,89.0,347-PP,0.11320754885673523,0.06792452931404114,0.04528301954269409,8.83,8/1,14.72,27/2,22.08,21/1,0,0.0,0.0,0.0,0,0.0,4,0,51.0,0,0,10.0,0,89,1,5,50.0,0,0.0,0,0.0,0,0.0,0,0.0,0.0,0,0,0,0,0,0,0.0
Ludlow,8:48 AM ET,13:48,C M Bespoke Care Mares' Maiden Hurdle (GBB Race),4,21.5,Turf,Soft,12,Warrioress,Kielan Woods,Alex Hales,6,159.0,,97.0,P,0.10608020424842834,0.06364812254905701,0.04243208169937134,9.43,17/2,15.71,29/2,23.57,45/2,0,0.0,0.0,0.0,0,0.0,4,0,0.0,0,0,10.0,0,97,1,5,50.0,4,0.0,0,0.0,1,0.0,0,0.0,0.0,0,0,0,0,0,0,0.0
Ludlow,8:48 AM ET,13:48,C M Bespoke Care Mares' Maiden Hurdle (GBB Race),4,21.5,Turf,Soft,12,Wishful Wings,Sean Houlihan,Sheila Lewis,5,159.0,,12.0,P0,0.1538461595773697,0.09230769574642181,0.06153846383094788,6.5,11/2,10.83,10/1,16.25,15/1,0,0.0,0.0,0.0,0,0.0,4,0,0.0,0,0,10.0,0,12,1,5,50.0,2,0.0,0,0.0,0,0.0,0,0.0,0.0,0,0,0,0,0,0,0.0
Ludlow,9:23 AM ET,14:23,Ludlow Members Novices' Hurdle (GBB Race),4,16.0,Turf,Soft,11,Can U Feel It,Jack Tudor,Christian Williams,5,154.0,,25.0,5097,0.15662650763988495,0.09397590458393097,0.06265060305595398,6.38,11/2,10.64,19/2,15.96,15/1,0,0.0,0.0,0.0,0,0.0,4,0,0.0,0,0,10.0,0,25,1,5,50.0,0,0.0,0,0.0,0,0.0,0,0.0,0.0,0,0,0,0,0,0,0.0
Ludlow,9:23 AM ET,14:23,Ludlow Members Novices' Hurdle (GBB Race),4,16.0,Turf,Soft,11,Emerald Time,Tom Bellamy,Dominic Elsworth,5,154.0,,270.0,4-2,0.1538461595773697,0.09230769574642181,0.06153846383094788,6.5,11/2,10.83,10/1,16.25,15/1,0,0.0,0.0,0.0,0,0.0,4,0,0.0,0,0,10.0,0,270,1,5,50.0,4,0.0,0,0.0,0,0.0,0,0.0,0.0,0,0,0,0,0,0,0.0
Ludlow,9:23 AM ET,14:23,Ludlow Members Novices' Hurdle (GBB Race),4,16.0,Turf,Soft,11,Fanny Moon,Charlie Deutsch,Mel Rowley,6,154.0,,20.0,9-767,0.15662650763988495,0.09397590458393097,0.06265060305595398,6.38,11/2,10.64,19/2,15.96,15/1,0,0.0,0.0,0.0,0,0.0,4,0,0.0,0,0,10.0,0,20,1,5,50.0,10,0.0,0,0.0,0,0.0,0,0.0,0.0,0,0,0,0,0,0,0.0
Ludlow,9:23 AM ET,14:23,Ludlow Members Novices' Hurdle (GBB Race),4,16.0,Turf,Soft,11,Joeybottles,NON-RUNNER,Oliver Greenall & Josh Guerriero,5,154.0,,2.0,3-74,0.15811209380626678,0.09486725628376007,0.06324483752250672,6.32,11/2,10.54,19/2,15.81,15/1,0,0.0,0.0,0.0,0,0.0,4,0,0.0,0,0,10.0,0,2,1,5,50.0,0,0.0,0,0.0,0,0.0,0,0.0,0.0,0,0,0,0,0,0,0.0
Ludlow,9:23 AM ET,14:23,Ludlow Members Novices' Hurdle (GBB Race),4,16.0,Turf,Soft,11,Kado Sacree,Kevin Brogan,Olly Murphy,6,154.0,,13.0,466,0.15662650763988495,0.09397590458393097,0.06265060305595398,6.38,11/2,10.64,19/2,15.96,15/1,0,0.0,0.0,0.0,0,0.0,4,0,0.0,0,0,10.0,0,13,1,5,50.0,0,0.0,0,0.0,0,0.0,0,0.0,0.0,0,0,0,0,0,0,0.0
Ludlow,9:23 AM ET,14:23,Ludlow Members Novices' Hurdle (GBB Race),4,16.0,Turf,Soft,11,Kiwi Rush,Paul OBrien,Harry Derham,6,154.0,,34.0,612-45,0.15662650763988495,0.09397590458393097,0.06265060305595398,6.38,11/2,10.64,19/2,15.96,15/1,0,0.0,0.0,0.0,0,0.0,4,0,0.0,0,0,10.0,0,34,1,5,50.0,1,0.0,0,0.0,1,0.0,0,0.0,0.0,0,0,0,0,0,0,0.0
Ludlow,9:23 AM ET,14:23,Ludlow Members Novices' Hurdle (GBB Race),4,16.0,Turf,Soft,11,Lejo Du Seuil,Robert Dunne,Ian Williams,5,154.0,,21.0,29,0.15662650763988495,0.09397590458393097,0.06265060305595398,6.38,11/2,10.64,19/2,15.96,15/1,0,0.0,0.0,0.0,0,0.0,4,0,0.0,0,0,10.0,0,21,1,5,50.0,11,0.0,0,0.0,2,0.0,0,0.0,0.0,0,0,0,0,0,0,0.0
Ludlow,9:23 AM ET,14:23,Ludlow Members Novices' Hurdle (GBB Race),4,16.0,Turf,Soft,11,Sherminator,Bryan Carver,Harry Fry,5,154.0,118.0,54.0,4211-F,0.15662650763988495,0.09397590458393097,0.06265060305595398,6.38,11/2,10.64,19/2,15.96,15/1,0,0.0,0.0,0.0,0,0.0,4,0,118.0,0,0,10.0,0,54,1,5,50.0,1,0.0,0,0.0,0,0.0,0,0.0,0.0,0,0,0,0,0,0,0.0
Ludlow,9:23 AM ET,14:23,Ludlow Members Novices' Hurdle (GBB Race),4,16.0,Turf,Soft,11,Drakaris,Tristan Durrell,Dan Skelton,5,147.0,,40.0,23,0.1538461595773697,0.09230769574642181,0.06153846383094788,6.5,11/2,10.83,10/1,16.25,15/1,0,0.0,0.0,0.0,0,0.0,4,0,0.0,0,0,10.0,0,40,1,5,50.0,0,0.0,0,0.0,0,0.0,0,0.0,0.0,0,0,0,0,0,0,0.0
Ludlow,9:23 AM ET,14:23,Ludlow Members Novices' Hurdle (GBB Race),4,16.0,Turf,Soft,11,Final Escape,Toby Wynne,Oliver Greenall & Josh Guerriero,7,147.0,,532.0,2/P7-,0.10608020424842834,0.06364812254905701,0.04243208169937134,9.43,17/2,15.71,29/2,23.57,45/2,0,0.0,0.0,0.0,0,0.0,4,0,0.0,0,0,10.0,0,532,1,5,50.0,3,0.0,0,0.0,0,0.0,0,0.0,0.0,0,0,0,0,0,0,0.0
Ludlow,9:23 AM ET,14:23,Ludlow Members Novices' Hurdle (GBB Race),4,16.0,Turf,Soft,11,First Candidate,Harry Skelton,Dan Skelton,6,147.0,,44.0,F5,0.1538461595773697,0.09230769574642181,0.06153846383094788,6.5,11/2,10.83,10/1,16.25,15/1,0,0.0,0.0,0.0,0,0.0,4,0,0.0,0,0,10.0,0,44,1,5,50.0,0,0.0,0,0.0,0,0.0,0,0.0,0.0,0,0,0,0,0,0,0.0
Ludlow,9:23 AM ET,14:23,Ludlow Members Novices' Hurdle (GBB Race),4,16.0,Turf,Soft,11,Jessies Giant,Jack Andrews,T Ellis,5,147.0,,35.0,67,0.11320754885673523,0.06792452931404114,0.04528301954269409,8.83,8/1,14.72,27/2,22.08,21/1,0,0.0,0.0,0.0,0,0.0,4,0,0.0,0,0,10.0,0,35,1,5,50.0,0,0.0,0,0.0,0,0.0,0,0.0,0.0,0,0,0,0,0,0,0.0
Ludlow,9:58 AM ET,14:58,Attwood Memorial Trophy Handicap Chase (GBB Race),3,20.0,Turf,Soft,8,Rodney,Charlie Deutsch,Kerry Lee,7,168.0,124.0,23.0,1-F511,0.15811209380626678,0.09486725628376007,0.06324483752250672,6.32,11/2,10.54,19/2,15.81,15/1,0,0.0,0.0,0.0,0,0.0,4,0,124.0,0,0,10.0,0,23,1,5,50.0,10,0.0,0,0.0,0,0.0,0,0.0,0.0,0,0,0,0,0,0,0.0
Ludlow,9:58 AM ET,14:58,Attwood Memorial Trophy Handicap Chase (GBB Race),3,20.0,Turf,Soft,8,Joker De Mai,Richard Patrick,Clive Boultbee-Brooks,7,167.0,123.0,37.0,1F-P64,0.15811209380626678,0.09486725628376007,0.06324483752250672,6.32,11/2,10.54,19/2,15.81,15/1,0,0.0,0.0,0.0,0,0.0,4,0,123.0,0,0,10.0,0,37,1,5,50.0,1,0.0,0,0.0,0,0.0,0,0.0,0.0,0,0,0,0,0,0,0.0
Ludlow,9:58 AM ET,14:58,Attwood Memorial Trophy Handicap Chase (GBB Race),3,20.0,Turf,Soft,8,Charles Ritz,Jonathan Burke,Tom George,10,166.0,122.0,52.0,6/P2-1,0.15811209380626678,0.09486725628376007,0.06324483752250672,6.32,11/2,10.54,19/2,15.81,15/1,0,0.0,0.0,0.0,0,0.0,4,0,122.0,0,0,10.0,0,52,1,5,50.0,2,0.0,0,0.0,0,0.0,0,0.0,0.0,0,0,0,0,0,0,0.0
Ludlow,9:58 AM ET,14:58,Attwood Memorial Trophy Handicap Chase (GBB Race),3,20.0,Turf,Soft,8,Palamon,Tristan Durrell,Dan Skelton,6,166.0,122.0,18.0,0-2U69,0.15811209380626678,0.09486725628376007,0.06324483752250672,6.32,11/2,10.54,19/2,15.81,15/1,0,0.0,0.0,0.0,0,0.0,4,0,122.0,0,0,10.0,0,18,1,5,50.0,0,0.0,0,0.0,0,0.0,0,0.0,0.0,0,0,0,0,0,0,0.0
Ludlow,9:58 AM ET,14:58,Attwood Memorial Trophy Handicap Chase (GBB Race),3,20.0,Turf,Soft,8,Tax For Max,J J Slevin,Nigel & Willy Twiston-Davies,9,165.0,121.0,34.0,/03385,0.15811209380626678,0.09486725628376007,0.06324483752250672,6.32,11/2,10.54,19/2,15.81,15/1,0,0.0,0.0,0.0,0,0.0,4,0,121.0,0,0,10.0,0,34,1,5,50.0,0,0.0,0,0.0,0,0.0,0,0.0,0.0,0,0,0,0,0,0,0.0
Ludlow,9:58 AM ET,14:58,Attwood Memorial Trophy Handicap Chase (GBB Race),3,20.0,Turf,Soft,8,Toothless,Jay Tidball,Paul Nicholls,8,164.0,120.0,34.0,2/1-51,0.15811209380626678,0.09486725628376007,0.06324483752250672,6.32,11/2,10.54,19/2,15.81,15/1,0,0.0,0.0,0.0,0,0.0,4,0,120.0,0,0,10.0,0,34,1,5,50.0,0,0.0,0,0.0,0,0.0,0,0.0,0.0,0,0,0,0,0,0,0.0
Ludlow,9:58 AM ET,14:58,Attwood Memorial Trophy Handicap Chase (GBB Race),3,20.0,Turf,Soft,8,Pepe Le Moko,Ciaran Gethings,Jane Williams,8,156.0,112.0,23.0,3-F423,0.15811209380626678,0.09486725628376007,0.06324483752250672,6.32,11/2,10.54,19/2,15.81,15/1,0,0.0,0.0,0.0,0,0.0,4,0,112.0,0,0,10.0,0,23,1,5,50.0,0,0.0,0,0.0,0,0.0,0,0.0,0.0,0,0,0,0,0,0,0.0
Ludlow,9:58 AM ET,14:58,Attwood Memorial Trophy Handicap Chase (GBB Race),3,20.0,Turf,Soft,8,Regal Renaissance,Sam Twiston-Davies,Henry Daly,8,154.0,110.0,49.0,22-23F,0.15811209380626678,0.09486725628376007,0.06324483752250672,6.32,11/2,10.54,19/2,15.81,15/1,0,0.0,0.0,0.0,0,0.0,4,0,110.0,0,0,10.0,0,49,1,5,50.0,9,0.0,0,0.0,0,0.0,0,0.0,0.0,0,0,0,0,0,0,0.0
Ludlow,10:33 AM ET,15:33,Late Roy Kneller 85th Birthday Mares' Handicap Hurdle (Qualifier For Challenger Mares' Series Final),4,21.5,Turf,Soft,10,Greyval,Jonathan Burke,Fergal OBrien,7,168.0,120.0,39.0,1-5206,0.15662650763988495,0.09397590458393097,0.06265060305595398,6.38,11/2,10.64,19/2,15.96,15/1,0,0.0,0.0,0.0,0,0.0,4,0,120.0,0,0,10.0,0,39,1,5,50.0,2,0.0,0,0.0,0,0.0,0,0.0,0.0,0,0,0,0,0,0,0.0
Ludlow,10:33 AM ET,15:33,Late Roy Kneller 85th Birthday Mares' Handicap Hurdle (Qualifier For Challenger Mares' Series Final),4,21.5,Turf,Soft,10,Masked Dance,Charlie Deutsch,Mel Rowley,8,166.0,118.0,49.0,P-2251,0.15662650763988495,0.09397590458393097,0.06265060305595398,6.38,11/2,10.64,19/2,15.96,15/1,0,0.0,0.0,0.0,0,0.0,4,0,118.0,0,0,10.0,0,49,1,5,50.0,10,0.0,0,0.0,0,0.0,0,0.0,0.0,0,0,0,0,0,0,0.0
Ludlow,10:33 AM ET,15:33,Late Roy Kneller 85th Birthday Mares' Handicap Hurdle (Qualifier For Challenger Mares' Series Final),4,21.5,Turf,Soft,10,Dramatic Encore,Paul OBrien,Harry Derham,6,162.0,114.0,60.0,412-34,0.15662650763988495,0.09397590458393097,0.06265060305595398,6.38,11/2,10.64,19/2,15.96,15/1,0,0.0,0.0,0.0,0,0.0,4,0,114.0,0,0,10.0,0,60,1,5,50.0,1,0.0,0,0.0,1,0.0,0,0.0,0.0,0,0,0,0,0,0,0.0
Ludlow,10:33 AM ET,15:33,Late Roy Kneller 85th Birthday Mares' Handicap Hurdle (Qualifier For Challenger Mares' Series Final),4,21.5,Turf,Soft,10,Pismo Beach,Charlie Hammond,Stuart Edmunds,6,161.0,113.0,35.0,3-1543,0.15662650763988495,0.09397590458393097,0.06265060305595398,6.38,11/2,10.64,19/2,15.96,15/1,0,0.0,0.0,0.0,0,0.0,4,0,113.0,0,0,10.0,0,35,1,5,50.0,2,0.0,0,0.0,0,0.0,0,0.0,0.0,0,0,0,0,0,0,0.0
Ludlow,10:33 AM ET,15:33,Late Roy Kneller 85th Birthday Mares' Handicap Hurdle (Qualifier For Challenger Mares' Series Final),4,21.5,Turf,Soft,10,Notnowlinda,Tristan Durrell,Dan Skelton,9,161.0,113.0,74.0,/22-09,0.15662650763988495,0.09397590458393097,0.06265060305595398,6.38,11/2,10.64,19/2,15.96,15/1,0,0.0,0.0,0.0,0,0.0,4,0,113.0,0,0,10.0,0,74,1,5,50.0,0,0.0,0,0.0,0,0.0,0,0.0,0.0,0,0,0,0,0,0,0.0
Ludlow,10:33 AM ET,15:33,Late Roy Kneller 85th Birthday Mares' Handicap Hurdle (Qualifier For Challenger Mares' Series Final),4,21.5,Turf,Soft,10,Magical Maggie,Ciaran Gethings,Alastair Ralph,9,161.0,113.0,63.0,/563-4,0.15662650763988495,0.09397590458393097,0.06265060305595398,6.38,11/2,10.64,19/2,15.96,15/1,0,0.0,0.0,0.0,0,0.0,4,0,113.0,0,0,10.0,0,63,1,5,50.0,0,0.0,0,0.0,0,0.0,0,0.0,0.0,0,0,0,0,0,0,0.0
Ludlow,10:33 AM ET,15:33,Late Roy Kneller 85th Birthday Mares' Handicap Hurdle (Qualifier For Challenger Mares' Series Final),4,21.5,Turf,Soft,10,Our Bills Aunt,Toby McCain-Mitchell,Alex Hales,10,160.0,112.0,62.0,3121-4,0.15662650763988495,0.09397590458393097,0.06265060305595398,6.38,11/2,10.64,19/2,15.96,15/1,0,0.0,0.0,0.0,0,0.0,4,0,112.0,0,0,10.0,0,62,1,5,50.0,0,0.0,0,0.0,0,0.0,0,0.0,0.0,0,0,0,0,0,0,0.0
Ludlow,10:33 AM ET,15:33,Late Roy Kneller 85th Birthday Mares' Handicap Hurdle (Qualifier For Challenger Mares' Series Final),4,21.5,Turf,Soft,10,Sallyville Lady,Harry Skelton,Dan Skelton,6,159.0,111.0,47.0,32,0.15811209380626678,0.09486725628376007,0.06324483752250672,6.32,11/2,10.54,19/2,15.81,15/1,0,0.0,0.0,0.0,0,0.0,4,0,111.0,0,0,10.0,0,47,1,5,50.0,0,0.0,0,0.0,0,0.0,0,0.0,0.0,0,0,0,0,0,0,0.0
Ludlow,10:33 AM ET,15:33,Late Roy Kneller 85th Birthday Mares' Handicap Hurdle (Qualifier For Challenger Mares' Series Final),4,21.5,Turf,Soft,10,Hard Dealt,David Bass,Henry Daly,6,156.0,108.0,40.0,2-1622,0.15662650763988495,0.09397590458393097,0.06265060305595398,6.38,11/2,10.64,19/2,15.96,15/1,0,0.0,0.0,0.0,0,0.0,4,0,108.0,0,0,10.0,0,40,1,5,50.0,8,0.0,0,0.0,0,0.0,0,0.0,0.0,0,0,0,0,0,0,0.0
Ludlow,10:33 AM ET,15:33,Late Roy Kneller 85th Birthday Mares' Handicap Hurdle (Qualifier For Challenger Mares' Series Final),4,21.5,Turf,Soft,10,Hellfire Princess,Conor OFarrell,Kerry Lee,9,151.0,103.0,77.0,/24-01,0.15662650763988495,0.09397590458393097,0.06265060305595398,6.38,11/2,10.64,19/2,15.96,15/1,0,0.0,0.0,0.0,0,0.0,4,0,103.0,0,0,10.0,0,77,1,5,50.0,4,0.0,0,0.0,0,0.0,0,0.0,0.0,0,0,0,0,0,0,0.0
Ludlow,10:33 AM ET,15:33,Late Roy Kneller 85th Birthday Mares' Handicap Hurdle (Qualifier For Challenger Mares' Series Final),4,21.5,Turf,Soft,10,Victoria Milano,Craig Nichol,Oliver Greenall & Josh Guerriero,8,151.0,103.0,18.0,2643-F,0.15662650763988495,0.09397590458393097,0.06265060305595398,6.38,11/2,10.64,19/2,15.96,15/1,0,0.0,0.0,0.0,0,0.0,4,0,103.0,0,0,10.0,0,18,1,5,50.0,5,0.0,0,0.0,0,0.0,0,0.0,0.0,0,0,0,0,0,0,0.0
Ludlow,11:07 AM ET,16:07,Watch Racing TV Handicap Hurdle,5,21.5,Turf,Soft,13,Unleash The Beast,Jonathan Burke,Fergal OBrien,7,168.0,100.0,75.0,6527-7,0.1538461595773697,0.09230769574642181,0.06153846383094788,6.5,11/2,10.83,10/1,16.25,15/1,0,0.0,0.0,0.0,0,0.0,4,0,100.0,0,0,10.0,0,75,1,5,50.0,2,0.0,0,0.0,0,0.0,0,0.0,0.0,0,0,0,0,0,0,0.0
Ludlow,11:07 AM ET,16:07,Watch Racing TV Handicap Hurdle,5,21.5,Turf,Soft,13,Following Chapter,Jonathan Burke,Alastair Ralph,6,168.0,100.0,35.0,954-41,0.11320754885673523,0.06792452931404114,0.04528301954269409,8.83,8/1,14.72,27/2,22.08,21/1,0,0.0,0.0,0.0,0,0.0,4,0,100.0,0,0,10.0,0,35,1,5,50.0,2,0.0,0,0.0,0,0.0,0,0.0,0.0,0,0,0,0,0,0,0.0
Ludlow,11:07 AM ET,16:07,Watch Racing TV Handicap Hurdle,5,21.5,Turf,Soft,13,Windsor Blue,Sam Twiston-Davies,Henry Daly,5,168.0,100.0,49.0,-46354,0.15662650763988495,0.09397590458393097,0.06265060305595398,6.38,11/2,10.64,19/2,15.96,15/1,0,0.0,0.0,0.0,0,0.0,4,0,100.0,0,0,10.0,0,49,1,5,50.0,9,0.0,0,0.0,0,0.0,0,0.0,0.0,0,0,0,0,0,0,0.0
Ludlow,11:07 AM ET,16:07,Watch Racing TV Handicap Hurdle,5,21.5,Turf,Soft,13,Moorland Rambler,Ciaran Gethings,Jane Williams,8,167.0,99.0,26.0,1-7473,0.15662650763988495,0.09397590458393097,0.06265060305595398,6.38,11/2,10.64,19/2,15.96,15/1,0,0.0,0.0,0.0,0,0.0,4,0,99.0,0,0,10.0,0,26,1,5,50.0,0,0.0,0,0.0,0,0.0,0,0.0,0.0,0,0,0,0,0,0,0.0
Ludlow,11:07 AM ET,16:07,Watch Racing TV Handicap Hurdle,5,21.5,Turf,Soft,13,Lion Of The Desert,Joe Anderson,Grace Harris,6,167.0,99.0,18.0,957309,0.15662650763988495,0.09397590458393097,0.06265060305595398,6.38,11/2,10.64,19/2,15.96,15/1,0,0.0,0.0,0.0,0,0.0,4,0,99.0,0,0,10.0,0,18,1,5,50.0,0,0.0,0,0.0,0,0.0,0,0.0,0.0,0,0,0,0,0,0,0.0
Ludlow,11:07 AM ET,16:07,Watch Racing TV Handicap Hurdle,5,21.5,Turf,Soft,13,Times A Wastin,Robert Dunne,Tony Carroll,7,166.0,98.0,46.0,455775,0.15662650763988495,0.09397590458393097,0.06265060305595398,6.38,11/2,10.64,19/2,15.96,15/1,0,0.0,0.0,0.0,0,0.0,4,0,98.0,0,0,10.0,0,46,1,5,50.0,11,0.0,0,0.0,0,0.0,0,0.0,0.0,0,0,0,0,0,0,0.0
Ludlow,11:07 AM ET,16:07,Watch Racing TV Handicap Hurdle,5,21.5,Turf,Soft,13,Moonlightinthepark,Craig Nichol,Oliver Greenall & Josh Guerriero,5,166.0,98.0,36.0,467,0.11320754885673523,0.06792452931404114,0.04528301954269409,8.83,8/1,14.72,27/2,22.08,21/1,0,0.0,0.0,0.0,0,0.0,4,0,98.0,0,0,10.0,0,36,1,5,50.0,5,0.0,0,0.0,0,0.0,0,0.0,0.0,0,0,0,0,0,0,0.0
Ludlow,11:07 AM ET,16:07,Watch Racing TV Handicap Hurdle,5,21.5,Turf,Soft,13,Shuil Ceoil,Bradley Harris,Neil Mulholland,8,166.0,98.0,26.0,25-032,0.15662650763988495,0.09397590458393097,0.06265060305595398,6.38,11/2,10.64,19/2,15.96,15/1,0,0.0,0.0,0.0,0,0.0,4,0,98.0,0,0,10.0,0,26,1,5,50.0,10,0.0,0,0.0,0,0.0,0,0.0,0.0,0,0,0,0,0,0,0.0
Ludlow,11:07 AM ET,16:07,Watch Racing TV Handicap Hurdle,5,21.5,Turf,Soft,13,Ocean Walz,Ben Poste,Rosemary Gasson,6,160.0,92.0,231.0,/280-6,0.10608020424842834,0.06364812254905701,0.04243208169937134,9.43,17/2,15.71,29/2,23.57,45/2,0,0.0,0.0,0.0,0,0.0,4,0,92.0,0,0,10.0,0,231,1,5,50.0,2,0.0,0,0.0,0,0.0,0,0.0,0.0,0,0,0,0,0,0,0.0
Ludlow,11:07 AM ET,16:07,Watch Racing TV Handicap Hurdle,5,21.5,Turf,Soft,13,My Fortune,Ben Jones,Ben Pauling,6,158.0,90.0,25.0,0-65F4,0.15662650763988495,0.09397590458393097,0.06265060305595398,6.38,11/2,10.64,19/2,15.96,15/1,0,0.0,0.0,0.0,0,0.0,4,0,90.0,0,0,10.0,0,25,1,5,50.0,0,0.0,0,0.0,0,0.0,0,0.0,0.0,0,0,0,0,0,0,0.0
Ludlow,11:07 AM ET,16:07,Watch Racing TV Handicap Hurdle,5,21.5,Turf,Soft,13,Getaway Sam,Ned Fox,Matt Sheppard,6,146.0,78.0,23.0,-U0P8P,0.15662650763988495,0.09397590458393097,0.06265060305595398,6.38,11/2,10.64,19/2,15.96,15/1,0,0.0,0.0,0.0,0,0.0,4,0,78.0,0,0,10.0,0,23,1,5,50.0,0,0.0,0,0.0,0,0.0,0,0.0,0.0,0,0,0,0,0,0,0.0
Ludlow,11:07 AM ET,16:07,Watch Racing TV Handicap Hurdle,5,21.5,Turf,Soft,13,Catboy,Jack Tudor,Christian Williams,6,144.0,76.0,35.0,0F87U0,0.11320754885673523,0.06792452931404114,0.04528301954269409,8.83,8/1,14.72,27/2,22.08,21/1,0,0.0,0.0,0.0,0,0.0,4,0,76.0,0,0,10.0,0,35,1,5,50.0,0,0.0,0,0.0,0,0.0,0,0.0,0.0,0,0,0,0,0,0,0.0
Ludlow,11:07 AM ET,16:07,Watch Racing TV Handicap Hurdle,5,21.5,Turf,Soft,13,Outback Frontiers,Fern OBrien,John OShea,10,142.0,74.0,73.0,05042P,0.10608020424842834,0.06364812254905701,0.04243208169937134,9.43,17/2,15.71,29/2,23.57,45/2,0,0.0,0.0,0.0,0,0.0,4,0,74.0,0,0,10.0,0,73,1,5,50.0,20,0.0,0,0.0,0,0.0,0,0.0,0.0,0,0,0,0,0,0,0.0
Ludlow,11:42 AM ET,16:42,Plyvine Catering Chase Meredith Memorial Open Hunters' Chase,4,24.0,Turf,Soft,6,Bardenstown Lad,Mr Darren Andrews,Warwick Ryan-Beswick,11,174.0,125.0,266.0,10UF-P,0.15811209380626678,0.09486725628376007,0.06324483752250672,6.32,11/2,10.54,19/2,15.81,15/1,0,0.0,0.0,0.0,0,0.0,4,0,125.0,0,0,10.0,0,266,1,5,50.0,0,0.0,0,0.0,0,0.0,0,0.0,0.0,0,0,0,0,0,0,0.0
Ludlow,11:42 AM ET,16:42,Plyvine Catering Chase Meredith Memorial Open Hunters' Chase,4,24.0,Turf,Soft,6,Barton Snow,Mr Henry Crow,J J OShea,9,174.0,127.0,250.0,741-11,0.15811209380626678,0.09486725628376007,0.06324483752250672,6.32,11/2,10.54,19/2,15.81,15/1,0,0.0,0.0,0.0,0,0.0,4,0,127.0,0,0,10.0,0,250,1,5,50.0,0,0.0,0,0.0,0,0.0,0,0.0,0.0,0,0,0,0,0,0,0.0
Ludlow,11:42 AM ET,16:42,Plyvine Catering Chase Meredith Memorial Open Hunters' Chase,4,24.0,Turf,Soft,6,What A Glance,Mr Frederick Philipson-Stow,Tom Britten,11,174.0,137.0,327.0,2/110-,0.15811209380626678,0.09486725628376007,0.06324483752250672,6.32,11/2,10.54,19/2,15.81,15/1,0,0.0,0.0,0.0,0,0.0,4,0,137.0,0,0,10.0,0,327,1,5,50.0,0,0.0,0,0.0,0,0.0,0,0.0,0.0,0,0,0,0,0,0,0.0
Ludlow,11:42 AM ET,16:42,Plyvine Catering Chase Meredith Memorial Open Hunters' Chase,4,24.0,Turf,Soft,6,Jefferys Cross,Mr Sean OConnor,Dan Skelton,10,170.0,124.0,63.0,-23332,0.15811209380626678,0.09486725628376007,0.06324483752250672,6.32,11/2,10.54,19/2,15.81,15/1,0,0.0,0.0,0.0,0,0.0,4,0,124.0,0,0,10.0,0,63,1,5,50.0,0,0.0,0,0.0,0,0.0,0,0.0,0.0,0,0,0,0,0,0,0.0
Ludlow,11:42 AM ET,16:42,Plyvine Catering Chase Meredith Memorial Open Hunters' Chase,4,24.0,Turf,Soft,6,Prohus Yank,Miss Amber Jackson-Fennell,Miss H Brookshaw,11,166.0,,1339.0,8/P/7/,0.15811209380626678,0.09486725628376007,0.06324483752250672,6.32,11/2,10.54,19/2,15.81,15/1,0,0.0,0.0,0.0,0,0.0,4,0,0.0,0,0,10.0,0,1339,1,5,50.0,0,0.0,0,0.0,0,0.0,0,0.0,0.0,0,0,0,0,0,0,0.0
Ludlow,11:42 AM ET,16:42,Plyvine Catering Chase Meredith Memorial Open Hunters' Chase,4,24.0,Turf,Soft,6,Rewritetherules,Mr Huw Edwards,Fred Timmis,12,166.0,81.0,392.0,P/P9F-,0.15811209380626678,0.09486725628376007,0.06324483752250672,6.32,11/2,10.54,19/2,15.81,15/1,0,0.0,0.0,0.0,0,0.0,4,0,81.0,0,0,10.0,0,392,1,5,50.0,0,0.0,0,0.0,0,0.0,0,0.0,0.0,0,0,0,0,0,0,0.0
Kempton (AW),7:50 AM ET,12:50,Try Unibet's Superboosts Apprentice Handicap,6,8.0,AW,Standard To Slow,9,Mbappe,Ethan Tindall,Mark Loughnane,5,138.0,63.0,7.0,378-31,0.15662650763988495,0.09397590458393097,0.06265060305595398,6.38,11/2,10.64,19/2,15.96,15/1,0,0.0,0.0,0.0,0,0.0,4,0,63.0,0,0,10.0,0,7,0,3,50.0,51,0.0,0,0.0,0,0.0,6,0.6666666666666666,0.0,0,0,0,0,0,0,0.0
Kempton (AW),7:50 AM ET,12:50,Try Unibet's Superboosts Apprentice Handicap,6,8.0,AW,Standard To Slow,9,Masqool,Zoe Lewis,Tony Carroll,8,135.0,60.0,39.0,43558-,0.10608020424842834,0.06364812254905701,0.04243208169937134,9.43,17/2,15.71,29/2,23.57,45/2,0,0.0,0.0,0.0,0,0.0,4,0,60.0,0,0,10.0,0,39,0,3,50.0,0,0.0,0,0.0,0,0.0,5,0.5555555555555556,0.0,0,0,0,0,0,0,0.0
Kempton (AW),7:50 AM ET,12:50,Try Unibet's Superboosts Apprentice Handicap,6,8.0,AW,Standard To Slow,9,Our Dagger,Mason Paetel,Adrian Wintle,5,135.0,60.0,100.0,11600-,0.10608020424842834,0.06364812254905701,0.04243208169937134,9.43,17/2,15.71,29/2,23.57,45/2,0,0.0,0.0,0.0,0,0.0,4,0,60.0,0,0,10.0,0,100,0,3,50.0,72,0.0,4,0.0,0,0.0,9,1.0,0.0,0,0,0,0,0,0,0.0
Kempton (AW),7:50 AM ET,12:50,Try Unibet's Superboosts Apprentice Handicap,6,8.0,AW,Standard To Slow,9,Berning Hot,James Glennon,Michael Attwater,4,134.0,59.0,7.0,134-73,0.15811209380626678,0.09486725628376007,0.06324483752250672,6.32,11/2,10.54,19/2,15.81,15/1,0,0.0,0.0,0.0,0,0.0,4,0,59.0,0,0,10.0,0,7,0,3,50.0,0,0.0,0,0.0,0,0.0,3,0.3333333333333333,0.0,0,0,0,0,0,0,0.0
Kempton (AW),7:50 AM ET,12:50,Try Unibet's Superboosts Apprentice Handicap,6,8.0,AW,Standard To Slow,9,Galaxy Wonder,Matthew Lloyd Slater,Tony Carroll,4,134.0,59.0,24.0,0031-4,0.11320754885673523,0.06792452931404114,0.04528301954269409,8.83,8/1,14.72,27/2,22.08,21/1,0,0.0,0.0,0.0,0,0.0,4,0,59.0,0,0,10.0,0,24,0,3,50.0,6,0.0,1,0.0,5,0.0,4,0.4444444444444444,0.0,0,0,0,0,0,0,0.0
Kempton (AW),7:50 AM ET,12:50,Try Unibet's Superboosts Apprentice Handicap,6,8.0,AW,Standard To Slow,9,Age Of Time,Ryan Kavanagh,Ian Williams,5,134.0,59.0,24.0,178-84,0.15662650763988495,0.09397590458393097,0.06265060305595398,6.38,11/2,10.64,19/2,15.96,15/1,0,0.0,0.0,0.0,0,0.0,4,0,59.0,0,0,10.0,0,24,0,3,50.0,70,0.0,11,0.0,48,0.0,8,0.8888888888888888,0.0,0,0,0,0,0,0,0.0
Kempton (AW),7:50 AM ET,12:50,Try Unibet's Superboosts Apprentice Handicap,6,8.0,AW,Standard To Slow,9,Johnjay,Ashley Lewis,Keiran Burke,6,132.0,57.0,25.0,5366-8,0.10608020424842834,0.06364812254905701,0.04243208169937134,9.43,17/2,15.71,29/2,23.57,45/2,0,0.0,0.0,0.0,0,0.0,4,0,57.0,0,0,10.0,0,25,0,3,50.0,51,0.0,2,0.0,0,0.0,10,1.1111111111111112,0.0,0,0,0,0,0,0,0.0
Kempton (AW),7:50 AM ET,12:50,Try Unibet's Superboosts Apprentice Handicap,6,8.0,AW,Standard To Slow,9,Brinton,Olivia Tubb,Jonathan Portman,5,131.0,56.0,24.0,155-32,0.10910694301128387,0.06546416580677032,0.04364277720451355,9.17,8/1,15.28,29/2,22.91,22/1,0,0.0,0.0,0.0,0,0.0,4,0,56.0,0,0,10.0,0,24,0,3,50.0,25,0.0,2,0.0,18,0.0,1,0.1111111111111111,0.0,0,0,0,0,0,0,0.0
Kempton (AW),7:50 AM ET,12:50,Try Unibet's Superboosts Apprentice Handicap,6,8.0,AW,Standard To Slow,9,Port Noir,Rose Dawes,Robert Stephens,9,121.0,46.0,5.0,0978-7,0.15811209380626678,0.09486725628376007,0.06324483752250672,6.32,11/2,10.54,19/2,15.81,15/1,0,0.0,0.0,0.0,0,0.0,4,0,46.0,0,0,10.0,0,5,0,3,50.0,112,0.0,3,0.0,0,0.0,7,0.7777777777777778,0.0,0,0,0,0,0,0,0.0
Kempton (AW),7:50 AM ET,12:50,Try Unibet's Superboosts Apprentice Handicap,6,8.0,AW,Standard To Slow,9,Marchetti,Tyrese Cameron,Jimmy Fox,9,121.0,46.0,7.0,379-47,0.15662650763988495,0.09397590458393097,0.06265060305595398,6.38,11/2,10.64,19/2,15.96,15/1,0,0.0,0.0,0.0,0,0.0,4,0,46.0,0,0,10.0,0,7,0,3,50.0,18,0.0,2,0.0,0,0.0,2,0.2222222222222222,0.0,0,0,0,0,0,0,0.0
Kempton (AW),8:25 AM ET,13:25,Get Daily Price Boosts At Unibet Fillies' Novice Stakes (GBB Race),4,8.0,AW,Standard To Slow,12,Bronte Beach,Luke Morris,Archie Watson,4,142.0,,174.0,4-,0.07335907220840454,0.04401544332504272,0.029343628883361818,13.63,25/2,22.72,43/2,34.08,33/1,0,0.0,0.0,0.0,0,0.0,4,0,0.0,0,0,10.0,0,174,0,3,50.0,4292,0.0,532,0.0,289,0.0,7,0.5833333333333334,0.0,0,0,0,0,0,0,0.0
Kempton (AW),8:25 AM ET,13:25,Get Daily Price Boosts At Unibet Fillies' Novice Stakes (GBB Race),4,8.0,AW,Standard To Slow,12,Glistening,Oisin Murphy,Ollie Sangster,4,142.0,77.0,152.0,2/857-,0.07335907220840454,0.04401544332504272,0.029343628883361818,13.63,25/2,22.72,43/2,34.08,33/1,0,0.0,0.0,0.0,0,0.0,4,0,77.0,0,0,10.0,0,152,0,3,50.0,5321,0.0,516,0.0,22,0.0,9,0.75,0.0,0,0,0,0,0,0,0.0
Kempton (AW),8:25 AM ET,13:25,Get Daily Price Boosts At Unibet Fillies' Novice Stakes (GBB Race),4,8.0,AW,Standard To Slow,12,Nuptown Girl,Ryan Kavanagh,Ian Williams,4,142.0,64.0,12.0,3655-2,0.10608020424842834,0.06364812254905701,0.04243208169937134,9.43,17/2,15.71,29/2,23.57,45/2,0,0.0,0.0,0.0,0,0.0,4,0,64.0,0,0,10.0,0,12,0,3,50.0,70,0.0,11,0.0,48,0.0,3,0.25,0.0,0,0,0,0,0,0,0.0
Kempton (AW),8:25 AM ET,13:25,Get Daily Price Boosts At Unibet Fillies' Novice Stakes (GBB Race),4,8.0,AW,Standard To Slow,12,Whisper Of Mist,Alistair Rawlinson,Tony Newcombe,4,142.0,,21.0,0,0.10608020424842834,0.06364812254905701,0.04243208169937134,9.43,17/2,15.71,29/2,23.57,45/2,0,0.0,0.0,0.0,0,0.0,4,0,0.0,0,0,10.0,0,21,0,3,50.0,1174,0.0,68,0.0,0,0.0,10,0.8333333333333334,0.0,0,0,0,0,0,0,0.0
Kempton (AW),8:25 AM ET,13:25,Get Daily Price Boosts At Unibet Fillies' Novice Stakes (GBB Race),4,8.0,AW,Standard To Slow,12,Alice De Clare,Jack Doughty,James Fanshawe,3,123.0,,,,0.07335907220840454,0.04401544332504272,0.029343628883361818,13.63,25/2,22.72,43/2,34.08,33/1,0,0.0,0.0,0.0,0,0.0,4,0,0.0,0,0,10.0,0,999,0,3,50.0,186,0.0,10,0.0,13,0.0,5,0.4166666666666667,0.0,0,0,0,0,0,0,0.0
Kempton (AW),8:25 AM ET,13:25,Get Daily Price Boosts At Unibet Fillies' Novice Stakes (GBB Race),4,8.0,AW,Standard To Slow,12,Billingsgate Gold,Grace McEntee,Stuart Williams,3,123.0,,,,0.07335907220840454,0.04401544332504272,0.029343628883361818,13.63,25/2,22.72,43/2,34.08,33/1,0,0.0,0.0,0.0,0,0.0,4,0,0.0,0,0,10.0,0,999,0,3,50.0,224,0.0,18,0.0,4,0.0,1,0.08333333333333333,0.0,0,0,0,0,0,0,0.0
Kempton (AW),8:25 AM ET,13:25,Get Daily Price Boosts At Unibet Fillies' Novice Stakes (GBB Race),4,8.0,AW,Standard To Slow,12,Darn Hot Dame,Alec Voikhansky,Tom Ward,3,123.0,,12.0,7-4,0.10608020424842834,0.06364812254905701,0.04243208169937134,9.43,17/2,15.71,29/2,23.57,45/2,0,0.0,0.0,0.0,0,0.0,4,0,0.0,0,0,10.0,0,12,0,3,50.0,258,0.0,33,0.0,9,0.0,2,0.16666666666666666,0.0,0,0,0,0,0,0,0.0
Kempton (AW),8:25 AM ET,13:25,Get Daily Price Boosts At Unibet Fillies' Novice Stakes (GBB Race),4,8.0,AW,Standard To Slow,12,Naanas Crystal,Marco Ghiani,Marco Botti,3,123.0,,135.0,8-,0.07335907220840454,0.04401544332504272,0.029343628883361818,13.63,25/2,22.72,43/2,34.08,33/1,0,0.0,0.0,0.0,0,0.0,4,0,0.0,0,0,10.0,0,135,0,3,50.0,1075,0.0,98,0.0,120,0.0,8,0.6666666666666666,0.0,0,0,0,0,0,0,0.0
Kempton (AW),8:25 AM ET,13:25,Get Daily Price Boosts At Unibet Fillies' Novice Stakes (GBB Race),4,8.0,AW,Standard To Slow,12,Quatro Netas,Rob Hornby,Jonathan Portman,3,123.0,,114.0,00-,0.07999999821186066,0.04799999892711639,0.031999999284744264,12.5,23/2,20.83,20/1,31.25,61/2,0,0.0,0.0,0.0,0,0.0,4,0,0.0,0,0,10.0,0,114,0,3,50.0,2402,0.0,260,0.0,271,0.0,4,0.3333333333333333,0.0,0,0,0,0,0,0,0.0
Kempton (AW),8:25 AM ET,13:25,Get Daily Price Boosts At Unibet Fillies' Novice Stakes (GBB Race),4,8.0,AW,Standard To Slow,12,Song Of The Stars,Jonny Peate,James Ferguson,3,123.0,,21.0,50,0.10608020424842834,0.06364812254905701,0.04243208169937134,9.43,17/2,15.71,29/2,23.57,45/2,0,0.0,0.0,0.0,0,0.0,4,0,0.0,0,0,10.0,0,21,0,3,50.0,385,0.0,17,0.0,8,0.0,12,1.0,0.0,0,0,0,0,0,0,0.0
Kempton (AW),8:25 AM ET,13:25,Get Daily Price Boosts At Unibet Fillies' Novice Stakes (GBB Race),4,8.0,AW,Standard To Slow,12,Star Obsession,Tom Marquand,William Haggas,3,123.0,,33.0,5,0.10608020424842834,0.06364812254905701,0.04243208169937134,9.43,17/2,15.71,29/2,23.57,45/2,0,0.0,0.0,0.0,0,0.0,4,0,0.0,0,0,10.0,0,33,0,3,50.0,4928,0.0,434,0.0,1294,0.0,11,0.9166666666666666,0.0,0,0,0,0,0,0,0.0
Kempton (AW),8:25 AM ET,13:25,Get Daily Price Boosts At Unibet Fillies' Novice Stakes (GBB Race),4,8.0,AW,Standard To Slow,12,Too Hot To Tango,Harry Davies,Hughie Morrison,3,123.0,75.0,68.0,47232-,0.07999999821186066,0.04799999892711639,0.031999999284744264,12.5,23/2,20.83,20/1,31.25,61/2,0,0.0,0.0,0.0,0,0.0,4,0,75.0,0,0,10.0,0,68,0,3,50.0,1029,0.0,114,0.0,19,0.0,6,0.5,0.0,0,0,0,0,0,0,0.0
Kempton (AW),9:00 AM ET,14:00,Bet Â£20 Get Â£20 With Unibet Handicap (London Mile Series Qualifier),3,8.0,AW,Standard To Slow,10,Sovereign Sea,Jack Mitchell,Roger Varian,5,135.0,95.0,120.0,20624-,0.10608020424842834,0.06364812254905701,0.04243208169937134,9.43,17/2,15.71,29/2,23.57,45/2,0,0.0,0.0,0.0,0,0.0,4,0,95.0,0,0,10.0,0,120,0,3,50.0,2284,0.0,268,0.0,588,0.0,9,0.9,0.0,0,0,0,0,0,0,0.0
Kempton (AW),9:00 AM ET,14:00,Bet Â£20 Get Â£20 With Unibet Handicap (London Mile Series Qualifier),3,8.0,AW,Standard To Slow,10,Popmaster,Tom Marquand,Ed Walker,8,134.0,94.0,28.0,404-32,0.10608020424842834,0.06364812254905701,0.04243208169937134,9.43,17/2,15.71,29/2,23.57,45/2,0,0.0,0.0,0.0,0,0.0,4,0,94.0,0,0,10.0,0,28,0,3,50.0,4928,0.0,434,0.0,319,0.0,4,0.4,0.0,0,0,0,0,0,0,0.0
Kempton (AW),9:00 AM ET,14:00,Bet Â£20 Get Â£20 With Unibet Handicap (London Mile Series Qualifier),3,8.0,AW,Standard To Slow,10,James McHenry,Callum Rodriguez,Edward Bethell,6,132.0,92.0,19.0,42/0-9,0.07335907220840454,0.04401544332504272,0.029343628883361818,13.63,25/2,22.72,43/2,34.08,33/1,0,0.0,0.0,0.0,0,0.0,4,0,92.0,0,0,10.0,0,19,0,3,50.0,1425,0.0,20,0.0,273,0.0,7,0.7,0.0,0,0,0,0,0,0,0.0
Kempton (AW),9:00 AM ET,14:00,Bet Â£20 Get Â£20 With Unibet Handicap (London Mile Series Qualifier),3,8.0,AW,Standard To Slow,10,Angel Hunter,Sean Levey,Richard Hannon,4,131.0,91.0,49.0,81710-,0.10608020424842834,0.06364812254905701,0.04243208169937134,9.43,17/2,15.71,29/2,23.57,45/2,0,0.0,0.0,0.0,0,0.0,4,0,91.0,0,0,10.0,0,49,0,3,50.0,3021,0.0,295,0.0,1837,0.0,10,1.0,0.0,0,0,0,0,0,0,0.0
Kempton (AW),9:00 AM ET,14:00,Bet Â£20 Get Â£20 With Unibet Handicap (London Mile Series Qualifier),3,8.0,AW,Standard To Slow,10,Nikovo,Lewis Edmunds,Michael Herrington,7,131.0,91.0,13.0,2887-2,0.10608020424842834,0.06364812254905701,0.04243208169937134,9.43,17/2,15.71,29/2,23.57,45/2,0,0.0,0.0,0.0,0,0.0,4,0,91.0,0,0,10.0,0,13,0,3,50.0,1236,0.0,72,0.0,8,0.0,5,0.5,0.0,0,0,0,0,0,0,0.0
Kempton (AW),9:00 AM ET,14:00,Bet Â£20 Get Â£20 With Unibet Handicap (London Mile Series Qualifier),3,8.0,AW,Standard To Slow,10,The Lost King,Oisin Murphy,Andrew Balding,4,131.0,91.0,28.0,6/30-1,0.10608020424842834,0.06364812254905701,0.04243208169937134,9.43,17/2,15.71,29/2,23.57,45/2,0,0.0,0.0,0.0,0,0.0,4,0,91.0,0,0,10.0,0,28,0,3,50.0,5321,0.0,516,0.0,1614,0.0,6,0.6,0.0,0,0,0,0,0,0,0.0
Kempton (AW),9:00 AM ET,14:00,Bet Â£20 Get Â£20 With Unibet Handicap (London Mile Series Qualifier),3,8.0,AW,Standard To Slow,10,Unassuming,Pat Cosgrave,George Boughey,6,130.0,90.0,18.0,2253-4,0.10608020424842834,0.06364812254905701,0.04243208169937134,9.43,17/2,15.71,29/2,23.57,45/2,0,0.0,0.0,0.0,0,0.0,4,0,90.0,0,0,10.0,0,18,0,3,50.0,1933,0.0,181,0.0,58,0.0,3,0.3,0.0,0,0,0,0,0,0,0.0
Kempton (AW),9:00 AM ET,14:00,Bet Â£20 Get Â£20 With Unibet Handicap (London Mile Series Qualifier),3,8.0,AW,Standard To Slow,10,Harvey,Edward Greatrex,Ian Williams,4,128.0,88.0,128.0,33/26-,0.10608020424842834,0.06364812254905701,0.04243208169937134,9.43,17/2,15.71,29/2,23.57,45/2,0,0.0,0.0,0.0,0,0.0,4,0,88.0,0,0,10.0,0,128,0,3,50.0,865,0.0,98,0.0,19,0.0,2,0.2,0.0,0,0,0,0,0,0,0.0
Kempton (AW),9:00 AM ET,14:00,Bet Â£20 Get Â£20 With Unibet Handicap (London Mile Series Qualifier),3,8.0,AW,Standard To Slow,10,I Still Have Faith,Marco Ghiani,Stuart Williams,6,124.0,84.0,116.0,26220-,0.10608020424842834,0.06364812254905701,0.04243208169937134,9.43,17/2,15.71,29/2,23.57,45/2,0,0.0,0.0,0.0,0,0.0,4,0,84.0,0,0,10.0,0,116,0,3,50.0,1075,0.0,98,0.0,371,0.0,8,0.8,0.0,0,0,0,0,0,0,0.0
Kempton (AW),9:00 AM ET,14:00,Bet Â£20 Get Â£20 With Unibet Handicap (London Mile Series Qualifier),3,8.0,AW,Standard To Slow,10,High On Hope,Harry Davies,Michael Appleby,4,122.0,82.0,14.0,533-11,0.10608020424842834,0.06364812254905701,0.04243208169937134,9.43,17/2,15.71,29/2,23.57,45/2,0,0.0,0.0,0.0,0,0.0,4,0,82.0,0,0,10.0,0,14,0,3,50.0,1029,0.0,114,0.0,26,0.0,1,0.1,0.0,0,0,0,0,0,0,0.0
Kempton (AW),9:35 AM ET,14:35,Unibet More Extra Place Races Handicap,6,7.0,AW,Standard To Slow,11,Reddeef,Darragh Keenan,Michael Keady,4,135.0,60.0,25.0,7347-8,0.10608020424842834,0.06364812254905701,0.04243208169937134,9.43,17/2,15.71,29/2,23.57,45/2,0,0.0,0.0,0.0,0,0.0,4,0,60.0,0,0,10.0,0,25,0,3,50.0,773,0.0,81,0.0,5,0.0,1,0.09090909090909091,0.0,0,0,0,0,0,0,0.0
Kempton (AW),9:35 AM ET,14:35,Unibet More Extra Place Races Handicap,6,7.0,AW,Standard To Slow,11,Portoro,Rossa Ryan,Martin Dunne,6,134.0,59.0,7.0,342-42,0.15811209380626678,0.09486725628376007,0.06324483752250672,6.32,11/2,10.54,19/2,15.81,15/1,0,0.0,0.0,0.0,0,0.0,4,0,59.0,0,0,10.0,0,7,0,3,50.0,3084,0.0,273,0.0,0,0.0,9,0.8181818181818182,0.0,0,0,0,0,0,0,0.0
Kempton (AW),9:35 AM ET,14:35,Unibet More Extra Place Races Handicap,6,7.0,AW,Standard To Slow,11,Prefer The Sister,Luke Morris,Matt Crawley,6,134.0,59.0,70.0,26337-,0.10608020424842834,0.06364812254905701,0.04243208169937134,9.43,17/2,15.71,29/2,23.57,45/2,0,0.0,0.0,0.0,0,0.0,4,0,59.0,0,0,10.0,0,70,0,3,50.0,4292,0.0,532,0.0,0,0.0,5,0.45454545454545453,0.0,0,0,0,0,0,0,0.0
Kempton (AW),9:35 AM ET,14:35,Unibet More Extra Place Races Handicap,6,7.0,AW,Standard To Slow,11,Zu Run,Paddy Bradley,Mark Loughnane,6,133.0,58.0,15.0,0768-0,0.10608020424842834,0.06364812254905701,0.04243208169937134,9.43,17/2,15.71,29/2,23.57,45/2,0,0.0,0.0,0.0,0,0.0,4,0,58.0,0,0,10.0,0,15,0,3,50.0,308,0.0,68,0.0,0,0.0,11,1.0,0.0,0,0,0,0,0,0,0.0
Kempton (AW),9:35 AM ET,14:35,Unibet More Extra Place Races Handicap,6,7.0,AW,Standard To Slow,11,Court Of Session,Connor Planas,Phil McEntee,7,133.0,58.0,8.0,4-2541,0.15662650763988495,0.09397590458393097,0.06265060305595398,6.38,11/2,10.64,19/2,15.96,15/1,0,0.0,0.0,0.0,0,0.0,4,0,58.0,0,0,10.0,0,8,0,3,50.0,249,0.0,15,0.0,1,0.0,8,0.7272727272727273,0.0,0,0,0,0,0,0,0.0
Kempton (AW),9:35 AM ET,14:35,Unibet More Extra Place Races Handicap,6,7.0,AW,Standard To Slow,11,Pure Artistry,Tom Marquand,Charlie Clover,4,132.0,57.0,13.0,1269-9,0.11320754885673523,0.06792452931404114,0.04528301954269409,8.83,8/1,14.72,27/2,22.08,21/1,0,0.0,0.0,0.0,0,0.0,4,0,57.0,0,0,10.0,0,13,0,3,50.0,4928,0.0,434,0.0,1,0.0,4,0.36363636363636365,0.0,0,0,0,0,0,0,0.0
Kempton (AW),9:35 AM ET,14:35,Unibet More Extra Place Races Handicap,6,7.0,AW,Standard To Slow,11,Romanovich,Ryan Kavanagh,John OShea,7,132.0,57.0,1.0,736-65,0.15811209380626678,0.09486725628376007,0.06324483752250672,6.32,11/2,10.54,19/2,15.81,15/1,0,0.0,0.0,0.0,0,0.0,4,0,57.0,0,0,10.0,0,1,0,3,50.0,70,0.0,11,0.0,0,0.0,10,0.9090909090909091,0.0,0,0,0,0,0,0,0.0
Kempton (AW),9:35 AM ET,14:35,Unibet More Extra Place Races Handicap,6,7.0,AW,Standard To Slow,11,Bullington Bry,Sorin Moldoveanu,Jane Chapple-Hyam,4,132.0,57.0,6.0,2828-3,0.15662650763988495,0.09397590458393097,0.06265060305595398,6.38,11/2,10.64,19/2,15.96,15/1,0,0.0,0.0,0.0,0,0.0,4,0,57.0,0,0,10.0,0,6,0,3,50.0,14,0.0,1,0.0,10,0.0,6,0.5454545454545454,0.0,0,0,0,0,0,0,0.0
Kempton (AW),9:35 AM ET,14:35,Unibet More Extra Place Races Handicap,6,7.0,AW,Standard To Slow,11,Sanditon,Jack Mitchell,Charlie Johnston,4,132.0,57.0,13.0,93-328,0.07335907220840454,0.04401544332504272,0.029343628883361818,13.63,25/2,22.72,43/2,34.08,33/1,0,0.0,0.0,0.0,0,0.0,4,0,57.0,0,0,10.0,0,13,0,3,50.0,2284,0.0,268,0.0,66,0.0,7,0.6363636363636364,0.0,0,0,0,0,0,0,0.0
Kempton (AW),9:35 AM ET,14:35,Unibet More Extra Place Races Handicap,6,7.0,AW,Standard To Slow,11,U S S Constitution,Hector Crouch,Ed Walker,6,130.0,55.0,218.0,58070-,0.07335907220840454,0.04401544332504272,0.029343628883361818,13.63,25/2,22.72,43/2,34.08,33/1,0,0.0,0.0,0.0,0,0.0,4,0,55.0,0,0,10.0,0,218,0,3,50.0,2076,0.0,241,0.0,59,0.0,3,0.2727272727272727,0.0,0,0,0,0,0,0,0.0
Kempton (AW),9:35 AM ET,14:35,Unibet More Extra Place Races Handicap,6,7.0,AW,Standard To Slow,11,Adace,J F Egan,Dean Ivory,8,129.0,54.0,7.0,61-996,0.11320754885673523,0.06792452931404114,0.04528301954269409,8.83,8/1,14.72,27/2,22.08,21/1,0,0.0,0.0,0.0,0,0.0,4,0,54.0,0,0,10.0,0,7,0,3,50.0,1601,0.0,114,0.0,8,0.0,2,0.18181818181818182,0.0,0,0,0,0,0,0,0.0
Kempton (AW),10:10 AM ET,15:10,Unibet Support Safer Gambling Handicap,4,7.0,AW,Standard To Slow,10,Valley Ofthe Kings,Sean Levey,Dylan Cunha,4,135.0,84.0,36.0,51629-,0.10608020424842834,0.06364812254905701,0.04243208169937134,9.43,17/2,15.71,29/2,23.57,45/2,0,0.0,0.0,0.0,0,0.0,4,0,84.0,0,0,10.0,0,36,0,3,50.0,3021,0.0,295,0.0,7,0.0,8,0.8,0.0,0,0,0,0,0,0,0.0
Kempton (AW),10:10 AM ET,15:10,Unibet Support Safer Gambling Handicap,4,7.0,AW,Standard To Slow,10,Diamondonthehill,Hector Crouch,Dr Richard Newland & Jamie Insole,8,134.0,83.0,14.0,74-323,0.07335907220840454,0.04401544332504272,0.029343628883361818,13.63,25/2,22.72,43/2,34.08,33/1,0,0.0,0.0,0.0,0,0.0,4,0,83.0,0,0,10.0,0,14,0,3,50.0,2076,0.0,241,0.0,5,0.0,7,0.7,0.0,0,0,0,0,0,0,0.0
Kempton (AW),10:10 AM ET,15:10,Unibet Support Safer Gambling Handicap,4,7.0,AW,Standard To Slow,10,Follow Your Heart,Luke Morris,Mark Loughnane,8,132.0,81.0,29.0,6071-4,0.10608020424842834,0.06364812254905701,0.04243208169937134,9.43,17/2,15.71,29/2,23.57,45/2,0,0.0,0.0,0.0,0,0.0,4,0,81.0,0,0,10.0,0,29,0,3,50.0,4292,0.0,532,0.0,62,0.0,3,0.3,0.0,0,0,0,0,0,0,0.0
Kempton (AW),10:10 AM ET,15:10,Unibet Support Safer Gambling Handicap,4,7.0,AW,Standard To Slow,10,Mythical Composer,Rossa Ryan,Clive Cox,4,132.0,81.0,65.0,24441-,0.10608020424842834,0.06364812254905701,0.04243208169937134,9.43,17/2,15.71,29/2,23.57,45/2,0,0.0,0.0,0.0,0,0.0,4,0,81.0,0,0,10.0,0,65,0,3,50.0,3084,0.0,273,0.0,176,0.0,6,0.6,0.0,0,0,0,0,0,0,0.0
Kempton (AW),10:10 AM ET,15:10,Unibet Support Safer Gambling Handicap,4,7.0,AW,Standard To Slow,10,Echalar,Harry Davies,Jane Chapple-Hyam,4,131.0,80.0,29.0,0540-1,0.10608020424842834,0.06364812254905701,0.04243208169937134,9.43,17/2,15.71,29/2,23.57,45/2,0,0.0,0.0,0.0,0,0.0,4,0,80.0,0,0,10.0,0,29,0,3,50.0,1029,0.0,114,0.0,13,0.0,4,0.4,0.0,0,0,0,0,0,0,0.0
Kempton (AW),10:10 AM ET,15:10,Unibet Support Safer Gambling Handicap,4,7.0,AW,Standard To Slow,10,Good Banter,Darragh Keenan,Jennie Candlish,4,129.0,78.0,70.0,50133-,0.10608020424842834,0.06364812254905701,0.04243208169937134,9.43,17/2,15.71,29/2,23.57,45/2,0,0.0,0.0,0.0,0,0.0,4,0,78.0,0,0,10.0,0,70,0,3,50.0,773,0.0,81,0.0,4,0.0,2,0.2,0.0,0,0,0,0,0,0,0.0
Kempton (AW),10:10 AM ET,15:10,Unibet Support Safer Gambling Handicap,4,7.0,AW,Standard To Slow,10,Robbo,Robert Havlin,Thomas Faulkner,5,128.0,77.0,137.0,51760-,0.07335907220840454,0.04401544332504272,0.029343628883361818,13.63,25/2,22.72,43/2,34.08,33/1,0,0.0,0.0,0.0,0,0.0,4,0,77.0,0,0,10.0,0,137,0,3,50.0,2450,0.0,279,0.0,6,0.0,5,0.5,0.0,0,0,0,0,0,0,0.0
Kempton (AW),10:10 AM ET,15:10,Unibet Support Safer Gambling Handicap,4,7.0,AW,Standard To Slow,10,Im Workin On It,Lewis Edmunds,Rod Millman,4,124.0,73.0,16.0,1422-1,0.10608020424842834,0.06364812254905701,0.04243208169937134,9.43,17/2,15.71,29/2,23.57,45/2,0,0.0,0.0,0.0,0,0.0,4,0,73.0,0,0,10.0,0,16,0,3,50.0,1236,0.0,72,0.0,60,0.0,1,0.1,0.0,0,0,0,0,0,0,0.0
Kempton (AW),10:10 AM ET,15:10,Unibet Support Safer Gambling Handicap,4,7.0,AW,Standard To Slow,10,Cherry Cobbler,Marco Ghiani,Stuart Williams,4,123.0,72.0,24.0,1356-8,0.10608020424842834,0.06364812254905701,0.04243208169937134,9.43,17/2,15.71,29/2,23.57,45/2,0,0.0,0.0,0.0,0,0.0,4,0,72.0,0,0,10.0,0,24,0,3,50.0,1075,0.0,98,0.0,371,0.0,10,1.0,0.0,0,0,0,0,0,0,0.0
Kempton (AW),10:10 AM ET,15:10,Unibet Support Safer Gambling Handicap,4,7.0,AW,Standard To Slow,10,Mumayaz,Mason Paetel,James Owen,7,122.0,71.0,12.0,163-35,0.10608020424842834,0.06364812254905701,0.04243208169937134,9.43,17/2,15.71,29/2,23.57,45/2,0,0.0,0.0,0.0,0,0.0,4,0,71.0,0,0,10.0,0,12,0,3,50.0,72,0.0,4,0.0,21,0.0,9,0.9,0.0,0,0,0,0,0,0,0.0
Kempton (AW),10:45 AM ET,15:45,Try Unibet's New Smartview Racecards Handicap (London Middle Distance Qualifier),5,11.0,AW,Standard To Slow,13,Golden Circet,Finley Marsh,Jim & Suzi Best,6,138.0,75.0,117.0,10373-,0.10608020424842834,0.06364812254905701,0.04243208169937134,9.43,17/2,15.71,29/2,23.57,45/2,0,0.0,0.0,0.0,0,0.0,4,0,75.0,0,0,10.0,0,117,0,3,50.0,673,0.0,79,0.0,0,0.0,3,0.23076923076923078,0.0,0,0,0,0,0,0,0.0
Kempton (AW),10:45 AM ET,15:45,Try Unibet's New Smartview Racecards Handicap (London Middle Distance Qualifier),5,11.0,AW,Standard To Slow,13,Something,Harry Vigors,Stuart Williams,5,137.0,74.0,34.0,0400-5,0.10608020424842834,0.06364812254905701,0.04243208169937134,9.43,17/2,15.71,29/2,23.57,45/2,0,0.0,0.0,0.0,0,0.0,4,0,74.0,0,0,10.0,0,34,0,3,50.0,0,0.0,0,0.0,0,0.0,2,0.15384615384615385,0.0,0,0,0,0,0,0,0.0
Kempton (AW),10:45 AM ET,15:45,Try Unibet's New Smartview Racecards Handicap (London Middle Distance Qualifier),5,11.0,AW,Standard To Slow,13,Must Believe,Mason Paetel,Ismail Mohammed,4,135.0,73.0,20.0,1412-4,0.10608020424842834,0.06364812254905701,0.04243208169937134,9.43,17/2,15.71,29/2,23.57,45/2,0,0.0,0.0,0.0,0,0.0,4,0,73.0,0,0,10.0,0,20,0,3,50.0,72,0.0,4,0.0,2,0.0,12,0.9230769230769231,0.0,0,0,0,0,0,0,0.0
Kempton (AW),10:45 AM ET,15:45,Try Unibet's New Smartview Racecards Handicap (London Middle Distance Qualifier),5,11.0,AW,Standard To Slow,13,Imperial Trooper,Luke Morris,Jennie Candlish,4,134.0,72.0,15.0,0339-2,0.10608020424842834,0.06364812254905701,0.04243208169937134,9.43,17/2,15.71,29/2,23.57,45/2,0,0.0,0.0,0.0,0,0.0,4,0,72.0,0,0,10.0,0,15,0,3,50.0,4292,0.0,532,0.0,5,0.0,10,0.7692307692307693,0.0,0,0,0,0,0,0,0.0
Kempton (AW),10:45 AM ET,15:45,Try Unibet's New Smartview Racecards Handicap (London Middle Distance Qualifier),5,11.0,AW,Standard To Slow,13,Alpine Oasis,Darragh Keenan,Darryll Holland,5,134.0,71.0,29.0,667-84,0.10608020424842834,0.06364812254905701,0.04243208169937134,9.43,17/2,15.71,29/2,23.57,45/2,0,0.0,0.0,0.0,0,0.0,4,0,71.0,0,0,10.0,0,29,0,3,50.0,773,0.0,81,0.0,1,0.0,8,0.6153846153846154,0.0,0,0,0,0,0,0,0.0
Kempton (AW),10:45 AM ET,15:45,Try Unibet's New Smartview Racecards Handicap (London Middle Distance Qualifier),5,11.0,AW,Standard To Slow,13,Johnny Boom,Rossa Ryan,Shaun Lycett,8,132.0,69.0,99.0,659/1-,0.07335907220840454,0.04401544332504272,0.029343628883361818,13.63,25/2,22.72,43/2,34.08,33/1,0,0.0,0.0,0.0,0,0.0,4,0,69.0,0,0,10.0,0,99,0,3,50.0,3084,0.0,273,0.0,10,0.0,5,0.38461538461538464,0.0,0,0,0,0,0,0,0.0
Kempton (AW),10:45 AM ET,15:45,Try Unibet's New Smartview Racecards Handicap (London Middle Distance Qualifier),5,11.0,AW,Standard To Slow,13,Atlantic Sunset,Neil Callan,Charlie Johnston,4,132.0,70.0,20.0,3788-6,0.07335907220840454,0.04401544332504272,0.029343628883361818,13.63,25/2,22.72,43/2,34.08,33/1,0,0.0,0.0,0.0,0,0.0,4,0,70.0,0,0,10.0,0,20,0,3,50.0,887,0.0,120,0.0,22,0.0,9,0.6923076923076923,0.0,0,0,0,0,0,0,0.0
Kempton (AW),10:45 AM ET,15:45,Try Unibet's New Smartview Racecards Handicap (London Middle Distance Qualifier),5,11.0,AW,Standard To Slow,13,Party Island,George Bass,Denis Coakley,9,131.0,68.0,44.0,80228-,0.10608020424842834,0.06364812254905701,0.04243208169937134,9.43,17/2,15.71,29/2,23.57,45/2,0,0.0,0.0,0.0,0,0.0,4,0,68.0,0,0,10.0,0,44,0,3,50.0,287,0.0,26,0.0,40,0.0,11,0.8461538461538461,0.0,0,0,0,0,0,0,0.0
Kempton (AW),10:45 AM ET,15:45,Try Unibet's New Smartview Racecards Handicap (London Middle Distance Qualifier),5,11.0,AW,Standard To Slow,13,Dust Cover,Paddy Bradley,Ross Burdon,4,131.0,69.0,15.0,0012-1,0.10608020424842834,0.06364812254905701,0.04243208169937134,9.43,17/2,15.71,29/2,23.57,45/2,0,0.0,0.0,0.0,0,0.0,4,0,69.0,0,0,10.0,0,15,0,3,50.0,308,0.0,68,0.0,2,0.0,13,1.0,0.0,0,0,0,0,0,0,0.0
Kempton (AW),10:45 AM ET,15:45,Try Unibet's New Smartview Racecards Handicap (London Middle Distance Qualifier),5,11.0,AW,Standard To Slow,13,Jack Sparowe,Lewis Edmunds,John Butler,7,129.0,66.0,15.0,0722-9,0.10608020424842834,0.06364812254905701,0.04243208169937134,9.43,17/2,15.71,29/2,23.57,45/2,0,0.0,0.0,0.0,0,0.0,4,0,66.0,0,0,10.0,0,15,0,3,50.0,1236,0.0,72,0.0,12,0.0,4,0.3076923076923077,0.0,0,0,0,0,0,0,0.0
Kempton (AW),10:45 AM ET,15:45,Try Unibet's New Smartview Racecards Handicap (London Middle Distance Qualifier),5,11.0,AW,Standard To Slow,13,Upepo,Jack Doughty,Tony Carroll,6,128.0,65.0,46.0,48018-,0.07335907220840454,0.04401544332504272,0.029343628883361818,13.63,25/2,22.72,43/2,34.08,33/1,0,0.0,0.0,0.0,0,0.0,4,0,65.0,0,0,10.0,0,46,0,3,50.0,186,0.0,10,0.0,67,0.0,7,0.5384615384615384,0.0,0,0,0,0,0,0,0.0
Kempton (AW),10:45 AM ET,15:45,Try Unibet's New Smartview Racecards Handicap (London Middle Distance Qualifier),5,11.0,AW,Standard To Slow,13,Fiddlers Green,Ryan Kavanagh,John OShea,7,125.0,62.0,28.0,1532-2,0.10608020424842834,0.06364812254905701,0.04243208169937134,9.43,17/2,15.71,29/2,23.57,45/2,0,0.0,0.0,0.0,0,0.0,4,0,62.0,0,0,10.0,0,28,0,3,50.0,70,0.0,11,0.0,0,0.0,6,0.46153846153846156,0.0,0,0,0,0,0,0,0.0
Kempton (AW),10:45 AM ET,15:45,Try Unibet's New Smartview Racecards Handicap (London Middle Distance Qualifier),5,11.0,AW,Standard To Slow,13,Sceptic,Edward Greatrex,Ian Williams,6,123.0,60.0,71.0,6614U-,0.10608020424842834,0.06364812254905701,0.04243208169937134,9.43,17/2,15.71,29/2,23.57,45/2,0,0.0,0.0,0.0,0,0.0,4,0,60.0,0,0,10.0,0,71,0,3,50.0,865,0.0,98,0.0,19,0.0,1,0.07692307692307693,0.0,0,0,0,0,0,0,0.0
Kempton (AW),11:15 AM ET,16:15,Try Unibet's New Improved Acca Boosts Handicap,6,6.0,AW,Standard To Slow,11,Magna,Jack Doughty,Tony Carroll,4,135.0,55.0,16.0,251-12,0.10608020424842834,0.06364812254905701,0.04243208169937134,9.43,17/2,15.71,29/2,23.57,45/2,0,0.0,0.0,0.0,0,0.0,4,0,55.0,0,0,10.0,0,16,0,3,50.0,186,0.0,10,0.0,67,0.0,11,1.0,0.0,0,0,0,0,0,0,0.0
Kempton (AW),11:15 AM ET,16:15,Try Unibet's New Improved Acca Boosts Handicap,6,6.0,AW,Standard To Slow,11,Man On A Mission,Pat Cosgrave,P Charalambous & J Clutterbuck,7,135.0,55.0,7.0,399-06,0.15811209380626678,0.09486725628376007,0.06324483752250672,6.32,11/2,10.54,19/2,15.81,15/1,0,0.0,0.0,0.0,0,0.0,4,0,55.0,0,0,10.0,0,7,0,3,50.0,1933,0.0,181,0.0,0,0.0,9,0.8181818181818182,0.0,0,0,0,0,0,0,0.0
Kempton (AW),11:15 AM ET,16:15,Try Unibet's New Improved Acca Boosts Handicap,6,6.0,AW,Standard To Slow,11,Initial Blue,Rossa Ryan,Dr Richard Newland & Jamie Insole,4,135.0,55.0,13.0,440-35,0.10608020424842834,0.06364812254905701,0.04243208169937134,9.43,17/2,15.71,29/2,23.57,45/2,0,0.0,0.0,0.0,0,0.0,4,0,55.0,0,0,10.0,0,13,0,3,50.0,3084,0.0,273,0.0,24,0.0,3,0.2727272727272727,0.0,0,0,0,0,0,0,0.0
Kempton (AW),11:15 AM ET,16:15,Try Unibet's New Improved Acca Boosts Handicap,6,6.0,AW,Standard To Slow,11,Respectable Jack,Luke Morris,Matt Crawley,5,135.0,55.0,16.0,6205-3,0.10608020424842834,0.06364812254905701,0.04243208169937134,9.43,17/2,15.71,29/2,23.57,45/2,0,0.0,0.0,0.0,0,0.0,4,0,55.0,0,0,10.0,0,16,0,3,50.0,4292,0.0,532,0.0,0,0.0,2,0.18181818181818182,0.0,0,0,0,0,0,0,0.0
Kempton (AW),11:15 AM ET,16:15,Try Unibet's New Improved Acca Boosts Handicap,6,6.0,AW,Standard To Slow,11,Alashos,Robert Havlin,Chris Gordon,4,135.0,55.0,18.0,8554-5,0.10608020424842834,0.06364812254905701,0.04243208169937134,9.43,17/2,15.71,29/2,23.57,45/2,0,0.0,0.0,0.0,0,0.0,4,0,55.0,0,0,10.0,0,18,0,3,50.0,2450,0.0,279,0.0,1,0.0,4,0.36363636363636365,0.0,0,0,0,0,0,0,0.0
Kempton (AW),11:15 AM ET,16:15,Try Unibet's New Improved Acca Boosts Handicap,6,6.0,AW,Standard To Slow,11,Porfin,Connor Planas,Phil McEntee,8,132.0,52.0,6.0,-53123,0.15662650763988495,0.09397590458393097,0.06265060305595398,6.38,11/2,10.64,19/2,15.96,15/1,0,0.0,0.0,0.0,0,0.0,4,0,52.0,0,0,10.0,0,6,0,3,50.0,249,0.0,15,0.0,1,0.0,5,0.45454545454545453,0.0,0,0,0,0,0,0,0.0
Kempton (AW),11:15 AM ET,16:15,Try Unibet's New Improved Acca Boosts Handicap,6,6.0,AW,Standard To Slow,11,Cuban Fiesta,Harry Vigors,Denis Quinn,5,131.0,51.0,11.0,266-02,0.10608020424842834,0.06364812254905701,0.04243208169937134,9.43,17/2,15.71,29/2,23.57,45/2,0,0.0,0.0,0.0,0,0.0,4,0,51.0,0,0,10.0,0,11,0,3,50.0,0,0.0,0,0.0,0,0.0,8,0.7272727272727273,0.0,0,0,0,0,0,0,0.0
Kempton (AW),11:15 AM ET,16:15,Try Unibet's New Improved Acca Boosts Handicap,6,6.0,AW,Standard To Slow,11,Friday Again,Mason Paetel,Simon Dow,4,129.0,49.0,32.0,4788-8,0.10608020424842834,0.06364812254905701,0.04243208169937134,9.43,17/2,15.71,29/2,23.57,45/2,0,0.0,0.0,0.0,0,0.0,4,0,49.0,0,0,10.0,0,32,0,3,50.0,72,0.0,4,0.0,0,0.0,6,0.5454545454545454,0.0,0,0,0,0,0,0,0.0
Kempton (AW),11:15 AM ET,16:15,Try Unibet's New Improved Acca Boosts Handicap,6,6.0,AW,Standard To Slow,11,Dr Ali,Jonny Peate,J R Jenkins,4,129.0,49.0,16.0,287-41,0.10608020424842834,0.06364812254905701,0.04243208169937134,9.43,17/2,15.71,29/2,23.57,45/2,0,0.0,0.0,0.0,0,0.0,4,0,49.0,0,0,10.0,0,16,0,3,50.0,385,0.0,17,0.0,0,0.0,7,0.6363636363636364,0.0,0,0,0,0,0,0,0.0
Kempton (AW),11:15 AM ET,16:15,Try Unibet's New Improved Acca Boosts Handicap,6,6.0,AW,Standard To Slow,11,Liricist,Alistair Rawlinson,Tony Newcombe,4,126.0,46.0,44.0,6/880-,0.10608020424842834,0.06364812254905701,0.04243208169937134,9.43,17/2,15.71,29/2,23.57,45/2,0,0.0,0.0,0.0,0,0.0,4,0,46.0,0,0,10.0,0,44,0,3,50.0,1174,0.0,68,0.0,0,0.0,1,0.09090909090909091,0.0,0,0,0,0,0,0,0.0
Kempton (AW),11:15 AM ET,16:15,Try Unibet's New Improved Acca Boosts Handicap,6,6.0,AW,Standard To Slow,11,Purpendicular,Rob Hornby,Mike Murphy,4,126.0,46.0,22.0,3578-8,0.10608020424842834,0.06364812254905701,0.04243208169937134,9.43,17/2,15.71,29/2,23.57,45/2,0,0.0,0.0,0.0,0,0.0,4,0,46.0,0,0,10.0,0,22,0,3,50.0,2402,0.0,260,0.0,0,0.0,10,0.9090909090909091,0.0,0,0,0,0,0,0,0.0
Sedgefield,8:32 AM ET,13:32,Paxtons Serving Farmers Since 1853 Maiden Hurdle (GBB Race),4,20.0,Turf,Good To Soft,10,Art Dancer,Ross Chapman,Chris Grant,5,160.0,,20.0,330,0.15662650763988495,0.09397590458393097,0.06265060305595398,6.38,11/2,10.64,19/2,15.96,15/1,0,0.0,0.0,0.0,0,0.0,4,0,0.0,0,0,10.0,0,20,1,4,50.0,1,0.0,0,0.0,0,0.0,0,0.0,0.0,0,0,0,0,0,0,0.0
Sedgefield,8:32 AM ET,13:32,Paxtons Serving Farmers Since 1853 Maiden Hurdle (GBB Race),4,20.0,Turf,Good To Soft,10,Fearless Dragon,Joe Williamson,Patrick Neville,5,160.0,,359.0,5-,0.15662650763988495,0.09397590458393097,0.06265060305595398,6.38,11/2,10.64,19/2,15.96,15/1,0,0.0,0.0,0.0,0,0.0,4,0,0.0,0,0,10.0,0,359,1,4,50.0,3,0.0,0,0.0,0,0.0,0,0.0,0.0,0,0,0,0,0,0,0.0
Sedgefield,8:32 AM ET,13:32,Paxtons Serving Farmers Since 1853 Maiden Hurdle (GBB Race),4,20.0,Turf,Good To Soft,10,Follow Your Luck,Brian Hughes,Patrick Neville,5,160.0,,,,0.10608020424842834,0.06364812254905701,0.04243208169937134,9.43,17/2,15.71,29/2,23.57,45/2,0,0.0,0.0,0.0,0,0.0,4,0,0.0,0,0,10.0,0,999,1,4,50.0,12,0.0,0,0.0,0,0.0,0,0.0,0.0,0,0,0,0,0,0,0.0
Sedgefield,8:32 AM ET,13:32,Paxtons Serving Farmers Since 1853 Maiden Hurdle (GBB Race),4,20.0,Turf,Good To Soft,10,Intenzo,Jamie Hamilton,Mark Walford,5,160.0,98.0,20.0,034,0.15662650763988495,0.09397590458393097,0.06265060305595398,6.38,11/2,10.64,19/2,15.96,15/1,0,0.0,0.0,0.0,0,0.0,4,0,98.0,0,0,10.0,0,20,1,4,50.0,7,0.0,0,0.0,0,0.0,0,0.0,0.0,0,0,0,0,0,0,0.0
Sedgefield,8:32 AM ET,13:32,Paxtons Serving Farmers Since 1853 Maiden Hurdle (GBB Race),4,20.0,Turf,Good To Soft,10,Noble George,Sean Quinlan,Jennie Candlish,6,160.0,,20.0,225-35,0.15662650763988495,0.09397590458393097,0.06265060305595398,6.38,11/2,10.64,19/2,15.96,15/1,0,0.0,0.0,0.0,0,0.0,4,0,0.0,0,0,10.0,0,20,1,4,50.0,8,0.0,0,0.0,2,0.0,0,0.0,0.0,0,0,0,0,0,0,0.0
Sedgefield,8:32 AM ET,13:32,Paxtons Serving Farmers Since 1853 Maiden Hurdle (GBB Race),4,20.0,Turf,Good To Soft,10,Sioux Falls,Conor Ring,Evan Williams,6,160.0,,27.0,54,0.15662650763988495,0.09397590458393097,0.06265060305595398,6.38,11/2,10.64,19/2,15.96,15/1,0,0.0,0.0,0.0,0,0.0,4,0,0.0,0,0,10.0,0,27,1,4,50.0,0,0.0,0,0.0,0,0.0,0,0.0,0.0,0,0,0,0,0,0,0.0
Sedgefield,8:32 AM ET,13:32,Paxtons Serving Farmers Since 1853 Maiden Hurdle (GBB Race),4,20.0,Turf,Good To Soft,10,Swingingonthesteel,Nathan Moscrop,Rebecca Menzies,6,160.0,,90.0,211-4,0.11320754885673523,0.06792452931404114,0.04528301954269409,8.83,8/1,14.72,27/2,22.08,21/1,0,0.0,0.0,0.0,0,0.0,4,0,0.0,0,0,10.0,0,90,1,4,50.0,4,0.0,0,0.0,3,0.0,0,0.0,0.0,0,0,0,0,0,0,0.0
Sedgefield,8:32 AM ET,13:32,Paxtons Serving Farmers Since 1853 Maiden Hurdle (GBB Race),4,20.0,Turf,Good To Soft,10,Tea Boy,Callum Bewley,Peter Atkinson,6,160.0,,39.0,2-550,0.11320754885673523,0.06792452931404114,0.04528301954269409,8.83,8/1,14.72,27/2,22.08,21/1,0,0.0,0.0,0.0,0,0.0,4,0,0.0,0,0,10.0,0,39,1,4,50.0,2,0.0,0,0.0,0,0.0,0,0.0,0.0,0,0,0,0,0,0,0.0
Sedgefield,8:32 AM ET,13:32,Paxtons Serving Farmers Since 1853 Maiden Hurdle (GBB Race),4,20.0,Turf,Good To Soft,10,Shinealight,Charlie Maggs,John Dawson,5,153.0,,20.0,057,0.15662650763988495,0.09397590458393097,0.06265060305595398,6.38,11/2,10.64,19/2,15.96,15/1,0,0.0,0.0,0.0,0,0.0,4,0,0.0,0,0,10.0,0,20,1,4,50.0,18,0.0,0,0.0,0,0.0,0,0.0,0.0,0,0,0,0,0,0,0.0
Sedgefield,8:32 AM ET,13:32,Paxtons Serving Farmers Since 1853 Maiden Hurdle (GBB Race),4,20.0,Turf,Good To Soft,10,Division Day,Danny McMenamin,Brian Ellison,4,146.0,114.0,12.0,U742,0.15811209380626678,0.09486725628376007,0.06324483752250672,6.32,11/2,10.54,19/2,15.81,15/1,0,0.0,0.0,0.0,0,0.0,4,0,114.0,0,0,10.0,0,12,1,4,50.0,5,0.0,0,0.0,0,0.0,0,0.0,0.0,0,0,0,0,0,0,0.0
Sedgefield,9:07 AM ET,14:07,Fairlight Studios Handicap Chase (Go North Monet's Garden Series Qualifier),5,19.5,Turf,Good To Soft,8,Forsa Bay,Brian Hughes,L J Morgan,6,168.0,98.0,62.0,42P5-3,0.15811209380626678,0.09486725628376007,0.06324483752250672,6.32,11/2,10.54,19/2,15.81,15/1,0,0.0,0.0,0.0,0,0.0,4,0,98.0,0,0,10.0,0,62,1,4,50.0,12,0.0,0,0.0,0,0.0,0,0.0,0.0,0,0,0,0,0,0,0.0
Sedgefield,9:07 AM ET,14:07,Fairlight Studios Handicap Chase (Go North Monet's Garden Series Qualifier),5,19.5,Turf,Good To Soft,8,Too Cool Forshrule,Joshua Thompson,Jackie Stephen,7,166.0,96.0,20.0,2U1653,0.15811209380626678,0.09486725628376007,0.06324483752250672,6.32,11/2,10.54,19/2,15.81,15/1,0,0.0,0.0,0.0,0,0.0,4,0,96.0,0,0,10.0,0,20,1,4,50.0,1,0.0,0,0.0,0,0.0,0,0.0,0.0,0,0,0,0,0,0,0.0
Sedgefield,9:07 AM ET,14:07,Fairlight Studios Handicap Chase (Go North Monet's Garden Series Qualifier),5,19.5,Turf,Good To Soft,8,Begin The Luck,Robbie David,Daisy Hitchins,10,166.0,96.0,16.0,722313,0.15811209380626678,0.09486725628376007,0.06324483752250672,6.32,11/2,10.54,19/2,15.81,15/1,0,0.0,0.0,0.0,0,0.0,4,0,96.0,0,0,10.0,0,16,1,4,50.0,0,0.0,0,0.0,0,0.0,0,0.0,0.0,0,0,0,0,0,0,0.0
Sedgefield,9:07 AM ET,14:07,Fairlight Studios Handicap Chase (Go North Monet's Garden Series Qualifier),5,19.5,Turf,Good To Soft,8,Ideallko,Isabel Williams,Evan Williams,8,165.0,95.0,39.0,222-44,0.15811209380626678,0.09486725628376007,0.06324483752250672,6.32,11/2,10.54,19/2,15.81,15/1,0,0.0,0.0,0.0,0,0.0,4,0,95.0,0,0,10.0,0,39,1,4,50.0,7,0.0,0,0.0,3,0.0,0,0.0,0.0,0,0,0,0,0,0,0.0
Sedgefield,9:07 AM ET,14:07,Fairlight Studios Handicap Chase (Go North Monet's Garden Series Qualifier),5,19.5,Turf,Good To Soft,8,Natural Ability,Danny McMenamin,Chris Grant,8,163.0,93.0,72.0,P15F-4,0.15811209380626678,0.09486725628376007,0.06324483752250672,6.32,11/2,10.54,19/2,15.81,15/1,0,0.0,0.0,0.0,0,0.0,4,0,93.0,0,0,10.0,0,72,1,4,50.0,5,0.0,0,0.0,0,0.0,0,0.0,0.0,0,0,0,0,0,0,0.0
Sedgefield,9:07 AM ET,14:07,Fairlight Studios Handicap Chase (Go North Monet's Garden Series Qualifier),5,19.5,Turf,Good To Soft,8,Huit Reflets,Jamie Hamilton,Mark Walford,9,159.0,89.0,10.0,132132,0.15811209380626678,0.09486725628376007,0.06324483752250672,6.32,11/2,10.54,19/2,15.81,15/1,0,0.0,0.0,0.0,0,0.0,4,0,89.0,0,0,10.0,0,10,1,4,50.0,7,0.0,0,0.0,0,0.0,0,0.0,0.0,0,0,0,0,0,0,0.0
Sedgefield,9:07 AM ET,14:07,Fairlight Studios Handicap Chase (Go North Monet's Garden Series Qualifier),5,19.5,Turf,Good To Soft,8,Mersey Street,Jonjo ONeill Jr,Jonjo & A J ONeill,8,154.0,84.0,14.0,44352F,0.15811209380626678,0.09486725628376007,0.06324483752250672,6.32,11/2,10.54,19/2,15.81,15/1,0,0.0,0.0,0.0,0,0.0,4,0,84.0,0,0,10.0,0,14,1,4,50.0,4,0.0,0,0.0,0,0.0,0,0.0,0.0,0,0,0,0,0,0,0.0
Sedgefield,9:07 AM ET,14:07,Fairlight Studios Handicap Chase (Go North Monet's Garden Series Qualifier),5,19.5,Turf,Good To Soft,8,Paramaribo,Miss Pippa Brown,Victor Thompson,8,154.0,84.0,90.0,31/0-P,0.15811209380626678,0.09486725628376007,0.06324483752250672,6.32,11/2,10.54,19/2,15.81,15/1,0,0.0,0.0,0.0,0,0.0,4,0,84.0,0,0,10.0,0,90,1,4,50.0,5,0.0,0,0.0,0,0.0,0,0.0,0.0,0,0,0,0,0,0,0.0
Sedgefield,9:42 AM ET,14:42,Paxtons No1 CaseIH Dealer Handicap Hurdle,5,17.0,Turf,Good To Soft,8,Animato,Charlie Maggs,Donald McCain,7,168.0,100.0,40.0,44534,0.15811209380626678,0.09486725628376007,0.06324483752250672,6.32,11/2,10.54,19/2,15.81,15/1,0,0.0,0.0,0.0,0,0.0,4,0,100.0,0,0,10.0,0,40,1,4,50.0,18,0.0,0,0.0,17,0.0,0,0.0,0.0,0,0,0,0,0,0,0.0
Sedgefield,9:42 AM ET,14:42,Paxtons No1 CaseIH Dealer Handicap Hurdle,5,17.0,Turf,Good To Soft,8,Snapius,Alex Chadwick,James Owen,7,166.0,98.0,15.0,4-35P7,0.15811209380626678,0.09486725628376007,0.06324483752250672,6.32,11/2,10.54,19/2,15.81,15/1,0,0.0,0.0,0.0,0,0.0,4,0,98.0,0,0,10.0,0,15,1,4,50.0,0,0.0,0,0.0,0,0.0,0,0.0,0.0,0,0,0,0,0,0,0.0
Sedgefield,9:42 AM ET,14:42,Paxtons No1 CaseIH Dealer Handicap Hurdle,5,17.0,Turf,Good To Soft,8,Prized Jet,Sean Quinlan,Jennie Candlish,6,164.0,96.0,90.0,438UF6,0.15811209380626678,0.09486725628376007,0.06324483752250672,6.32,11/2,10.54,19/2,15.81,15/1,0,0.0,0.0,0.0,0,0.0,4,0,96.0,0,0,10.0,0,90,1,4,50.0,8,0.0,0,0.0,2,0.0,0,0.0,0.0,0,0,0,0,0,0,0.0
Sedgefield,9:42 AM ET,14:42,Paxtons No1 CaseIH Dealer Handicap Hurdle,5,17.0,Turf,Good To Soft,8,Vampire Slayer,Callum Bewley,Daragh Bourke,6,164.0,96.0,14.0,56-551,0.15811209380626678,0.09486725628376007,0.06324483752250672,6.32,11/2,10.54,19/2,15.81,15/1,0,0.0,0.0,0.0,0,0.0,4,0,96.0,0,0,10.0,0,14,1,4,50.0,2,0.0,0,0.0,0,0.0,0,0.0,0.0,0,0,0,0,0,0,0.0
Sedgefield,9:42 AM ET,14:42,Paxtons No1 CaseIH Dealer Handicap Hurdle,5,17.0,Turf,Good To Soft,8,Linden Lane,Isabel Williams,Evan Williams,6,163.0,95.0,34.0,338673,0.15811209380626678,0.09486725628376007,0.06324483752250672,6.32,11/2,10.54,19/2,15.81,15/1,0,0.0,0.0,0.0,0,0.0,4,0,95.0,0,0,10.0,0,34,1,4,50.0,7,0.0,0,0.0,3,0.0,0,0.0,0.0,0,0,0,0,0,0,0.0
Sedgefield,9:42 AM ET,14:42,Paxtons No1 CaseIH Dealer Handicap Hurdle,5,17.0,Turf,Good To Soft,8,Mexican Stan,Lee Edwards,Alastair Ralph,6,163.0,95.0,74.0,0074-P,0.15811209380626678,0.09486725628376007,0.06324483752250672,6.32,11/2,10.54,19/2,15.81,15/1,0,0.0,0.0,0.0,0,0.0,4,0,95.0,0,0,10.0,0,74,1,4,50.0,3,0.0,0,0.0,0,0.0,0,0.0,0.0,0,0,0,0,0,0,0.0
Sedgefield,9:42 AM ET,14:42,Paxtons No1 CaseIH Dealer Handicap Hurdle,5,17.0,Turf,Good To Soft,8,Estate Planning,Brian Hughes,Bernard Llewellyn,5,156.0,88.0,39.0,-76840,0.15811209380626678,0.09486725628376007,0.06324483752250672,6.32,11/2,10.54,19/2,15.81,15/1,0,0.0,0.0,0.0,0,0.0,4,0,88.0,0,0,10.0,0,39,1,4,50.0,12,0.0,0,0.0,0,0.0,0,0.0,0.0,0,0,0,0,0,0,0.0
Sedgefield,9:42 AM ET,14:42,Paxtons No1 CaseIH Dealer Handicap Hurdle,5,17.0,Turf,Good To Soft,8,Warrior Lion,William Shanahan,Jennie Candlish,6,154.0,86.0,324.0,0/700-,0.15811209380626678,0.09486725628376007,0.06324483752250672,6.32,11/2,10.54,19/2,15.81,15/1,0,0.0,0.0,0.0,0,0.0,4,0,86.0,0,0,10.0,0,324,1,4,50.0,0,0.0,0,0.0,0,0.0,0,0.0,0.0,0,0,0,0,0,0,0.0
Sedgefield,10:17 AM ET,15:17,Chris Blanckley Supporting Fairlight Studio Handicap Chase (Go North One Man Series Qualifier) (GBB),4,16.5,Turf,Good To Soft,6,Supreme George,Theo Gillard,Donald McCain,6,169.0,111.0,34.0,-35111,0.15811209380626678,0.09486725628376007,0.06324483752250672,6.32,11/2,10.54,19/2,15.81,15/1,0,0.0,0.0,0.0,0,0.0,4,0,111.0,0,0,10.0,0,34,1,4,50.0,2,0.0,0,0.0,2,0.0,0,0.0,0.0,0,0,0,0,0,0,0.0
Sedgefield,10:17 AM ET,15:17,Chris Blanckley Supporting Fairlight Studio Handicap Chase (Go North One Man Series Qualifier) (GBB),4,16.5,Turf,Good To Soft,6,Double Digits,Danny McMenamin,Ann Hamilton,8,168.0,110.0,40.0,11-274,0.15811209380626678,0.09486725628376007,0.06324483752250672,6.32,11/2,10.54,19/2,15.81,15/1,0,0.0,0.0,0.0,0,0.0,4,0,110.0,0,0,10.0,0,40,1,4,50.0,5,0.0,0,0.0,0,0.0,0,0.0,0.0,0,0,0,0,0,0,0.0
Sedgefield,10:17 AM ET,15:17,Chris Blanckley Supporting Fairlight Studio Handicap Chase (Go North One Man Series Qualifier) (GBB),4,16.5,Turf,Good To Soft,6,Boston Boy,Jonjo ONeill Jr,Jonjo & A J ONeill,7,163.0,105.0,45.0,01-875,0.15811209380626678,0.09486725628376007,0.06324483752250672,6.32,11/2,10.54,19/2,15.81,15/1,0,0.0,0.0,0.0,0,0.0,4,0,105.0,0,0,10.0,0,45,1,4,50.0,4,0.0,0,0.0,0,0.0,0,0.0,0.0,0,0,0,0,0,0,0.0
Sedgefield,10:17 AM ET,15:17,Chris Blanckley Supporting Fairlight Studio Handicap Chase (Go North One Man Series Qualifier) (GBB),4,16.5,Turf,Good To Soft,6,Raffles Wonder,Rian Corcoran,Rebecca Menzies,9,163.0,105.0,40.0,411-6P,0.15811209380626678,0.09486725628376007,0.06324483752250672,6.32,11/2,10.54,19/2,15.81,15/1,0,0.0,0.0,0.0,0,0.0,4,0,105.0,0,0,10.0,0,40,1,4,50.0,0,0.0,0,0.0,0,0.0,0,0.0,0.0,0,0,0,0,0,0,0.0
Sedgefield,10:17 AM ET,15:17,Chris Blanckley Supporting Fairlight Studio Handicap Chase (Go North One Man Series Qualifier) (GBB),4,16.5,Turf,Good To Soft,6,Sea Thrift,Robbie David,Daisy Hitchins,7,150.0,92.0,9.0,2313F1,0.15811209380626678,0.09486725628376007,0.06324483752250672,6.32,11/2,10.54,19/2,15.81,15/1,0,0.0,0.0,0.0,0,0.0,4,0,92.0,0,0,10.0,0,9,1,4,50.0,0,0.0,0,0.0,0,0.0,0,0.0,0.0,0,0,0,0,0,0,0.0
Sedgefield,10:17 AM ET,15:17,Chris Blanckley Supporting Fairlight Studio Handicap Chase (Go North One Man Series Qualifier) (GBB),4,16.5,Turf,Good To Soft,6,Treaty Boy,Sean Quinlan,Stuart Coltherd,9,149.0,91.0,34.0,FB2643,0.15811209380626678,0.09486725628376007,0.06324483752250672,6.32,11/2,10.54,19/2,15.81,15/1,0,0.0,0.0,0.0,0,0.0,4,0,91.0,0,0,10.0,0,34,1,4,50.0,8,0.0,0,0.0,0,0.0,0,0.0,0.0,0,0,0,0,0,0,0.0
Sedgefield,10:52 AM ET,15:52,Darlington Mowden Park RFC Handicap Hurdle (Go North Brindisi Breeze Series Qualifier),5,27.0,Turf,Good To Soft,7,Scudamore,Ian Power,Jennie Candlish,9,168.0,95.0,125.0,/5-F53,0.15811209380626678,0.09486725628376007,0.06324483752250672,6.32,11/2,10.54,19/2,15.81,15/1,0,0.0,0.0,0.0,0,0.0,4,0,95.0,0,0,10.0,0,125,1,4,50.0,0,0.0,0,0.0,0,0.0,0,0.0,0.0,0,0,0,0,0,0,0.0
Sedgefield,10:52 AM ET,15:52,Darlington Mowden Park RFC Handicap Hurdle (Go North Brindisi Breeze Series Qualifier),5,27.0,Turf,Good To Soft,7,Ballin Bay,Nathan Moscrop,Rebecca Menzies,8,168.0,95.0,13.0,643-P4,0.15811209380626678,0.09486725628376007,0.06324483752250672,6.32,11/2,10.54,19/2,15.81,15/1,0,0.0,0.0,0.0,0,0.0,4,0,95.0,0,0,10.0,0,13,1,4,50.0,4,0.0,0,0.0,3,0.0,0,0.0,0.0,0,0,0,0,0,0,0.0
Sedgefield,10:52 AM ET,15:52,Darlington Mowden Park RFC Handicap Hurdle (Go North Brindisi Breeze Series Qualifier),5,27.0,Turf,Good To Soft,7,East Eagle,Charlie Maggs,Mike Sowersby,6,158.0,85.0,34.0,P96241,0.15811209380626678,0.09486725628376007,0.06324483752250672,6.32,11/2,10.54,19/2,15.81,15/1,0,0.0,0.0,0.0,0,0.0,4,0,85.0,0,0,10.0,0,34,1,4,50.0,18,0.0,0,0.0,0,0.0,0,0.0,0.0,0,0,0,0,0,0,0.0
Sedgefield,10:52 AM ET,15:52,Darlington Mowden Park RFC Handicap Hurdle (Go North Brindisi Breeze Series Qualifier),5,27.0,Turf,Good To Soft,7,Dillarchie,Sean Quinlan,Joanne Foster,9,158.0,85.0,50.0,6P-672,0.15811209380626678,0.09486725628376007,0.06324483752250672,6.32,11/2,10.54,19/2,15.81,15/1,0,0.0,0.0,0.0,0,0.0,4,0,85.0,0,0,10.0,0,50,1,4,50.0,8,0.0,0,0.0,0,0.0,0,0.0,0.0,0,0,0,0,0,0,0.0
Sedgefield,10:52 AM ET,15:52,Darlington Mowden Park RFC Handicap Hurdle (Go North Brindisi Breeze Series Qualifier),5,27.0,Turf,Good To Soft,7,Honey Im Good,Miss Eleanor Williams,Evan Williams,10,157.0,84.0,457.0,12332-,0.15811209380626678,0.09486725628376007,0.06324483752250672,6.32,11/2,10.54,19/2,15.81,15/1,0,0.0,0.0,0.0,0,0.0,4,0,84.0,0,0,10.0,0,457,1,4,50.0,6,0.0,0,0.0,3,0.0,0,0.0,0.0,0,0,0,0,0,0,0.0
Sedgefield,10:52 AM ET,15:52,Darlington Mowden Park RFC Handicap Hurdle (Go North Brindisi Breeze Series Qualifier),5,27.0,Turf,Good To Soft,7,Topkapi Star,Peter Kavanagh,Ewan Whillans,9,156.0,83.0,54.0,-53P4P,0.15811209380626678,0.09486725628376007,0.06324483752250672,6.32,11/2,10.54,19/2,15.81,15/1,0,0.0,0.0,0.0,0,0.0,4,0,83.0,0,0,10.0,0,54,1,4,50.0,0,0.0,0,0.0,0,0.0,0,0.0,0.0,0,0,0,0,0,0,0.0
Sedgefield,10:52 AM ET,15:52,Darlington Mowden Park RFC Handicap Hurdle (Go North Brindisi Breeze Series Qualifier),5,27.0,Turf,Good To Soft,7,King Casey,Brian Hughes,Joanne Foster,6,155.0,82.0,13.0,-64843,0.15811209380626678,0.09486725628376007,0.06324483752250672,6.32,11/2,10.54,19/2,15.81,15/1,0,0.0,0.0,0.0,0,0.0,4,0,82.0,0,0,10.0,0,13,1,4,50.0,12,0.0,0,0.0,0,0.0,0,0.0,0.0,0,0,0,0,0,0,0.0
Sedgefield,11:28 AM ET,16:28,Canine Premier Flex Plus Joint Supplement Handicap Hurdle (Go North Cab On Target Series Qualifier),5,20.0,Turf,Good To Soft,7,Thank You Blue,Lewis Stones,Jennie Candlish,9,168.0,100.0,14.0,555449,0.15811209380626678,0.09486725628376007,0.06324483752250672,6.32,11/2,10.54,19/2,15.81,15/1,0,0.0,0.0,0.0,0,0.0,4,0,100.0,0,0,10.0,0,14,1,4,50.0,0,0.0,0,0.0,0,0.0,0,0.0,0.0,0,0,0,0,0,0,0.0
Sedgefield,11:28 AM ET,16:28,Canine Premier Flex Plus Joint Supplement Handicap Hurdle (Go North Cab On Target Series Qualifier),5,20.0,Turf,Good To Soft,7,Getaway With You,Nick Slatter,David Killahena & Graeme McPherson,8,163.0,95.0,17.0,111232,0.15811209380626678,0.09486725628376007,0.06324483752250672,6.32,11/2,10.54,19/2,15.81,15/1,0,0.0,0.0,0.0,0,0.0,4,0,95.0,0,0,10.0,0,17,1,4,50.0,2,0.0,0,0.0,1,0.0,0,0.0,0.0,0,0,0,0,0,0,0.0
Sedgefield,11:28 AM ET,16:28,Canine Premier Flex Plus Joint Supplement Handicap Hurdle (Go North Cab On Target Series Qualifier),5,20.0,Turf,Good To Soft,7,Peckforton Hills,Brian Hughes,Oliver Greenall & Josh Guerriero,6,157.0,89.0,49.0,18-067,0.15811209380626678,0.09486725628376007,0.06324483752250672,6.32,11/2,10.54,19/2,15.81,15/1,0,0.0,0.0,0.0,0,0.0,4,0,89.0,0,0,10.0,0,49,1,4,50.0,12,0.0,0,0.0,0,0.0,0,0.0,0.0,0,0,0,0,0,0,0.0
Sedgefield,11:28 AM ET,16:28,Canine Premier Flex Plus Joint Supplement Handicap Hurdle (Go North Cab On Target Series Qualifier),5,20.0,Turf,Good To Soft,7,Ruler Legend,Jack Hogan,Gary Hanmer,7,152.0,84.0,13.0,6-6F65,0.15811209380626678,0.09486725628376007,0.06324483752250672,6.32,11/2,10.54,19/2,15.81,15/1,0,0.0,0.0,0.0,0,0.0,4,0,84.0,0,0,10.0,0,13,1,4,50.0,0,0.0,0,0.0,0,0.0,0,0.0,0.0,0,0,0,0,0,0,0.0
Sedgefield,11:28 AM ET,16:28,Canine Premier Flex Plus Joint Supplement Handicap Hurdle (Go North Cab On Target Series Qualifier),5,20.0,Turf,Good To Soft,7,Port Or Starboard,Lee Edwards,Bernard Llewellyn,9,152.0,84.0,27.0,54-964,0.15811209380626678,0.09486725628376007,0.06324483752250672,6.32,11/2,10.54,19/2,15.81,15/1,0,0.0,0.0,0.0,0,0.0,4,0,84.0,0,0,10.0,0,27,1,4,50.0,3,0.0,0,0.0,0,0.0,0,0.0,0.0,0,0,0,0,0,0,0.0
Sedgefield,11:28 AM ET,16:28,Canine Premier Flex Plus Joint Supplement Handicap Hurdle (Go North Cab On Target Series Qualifier),5,20.0,Turf,Good To Soft,7,Jukebox Joker,Isabel Williams,Evan Williams,6,151.0,83.0,12.0,4487-1,0.15811209380626678,0.09486725628376007,0.06324483752250672,6.32,11/2,10.54,19/2,15.81,15/1,0,0.0,0.0,0.0,0,0.0,4,0,83.0,0,0,10.0,0,12,1,4,50.0,7,0.0,0,0.0,3,0.0,0,0.0,0.0,0,0,0,0,0,0,0.0
Sedgefield,11:28 AM ET,16:28,Canine Premier Flex Plus Joint Supplement Handicap Hurdle (Go North Cab On Target Series Qualifier),5,20.0,Turf,Good To Soft,7,LAir du Large,NON-RUNNER,Oliver Greenall & Josh Guerriero,5,148.0,80.0,44.0,47-09P,0.15811209380626678,0.09486725628376007,0.06324483752250672,6.32,11/2,10.54,19/2,15.81,15/1,0,0.0,0.0,0.0,0,0.0,4,0,80.0,0,0,10.0,0,44,1,4,50.0,0,0.0,0,0.0,0,0.0,0,0.0,0.0,0,0,0,0,0,0,0.0
Sedgefield,11:28 AM ET,16:28,Canine Premier Flex Plus Joint Supplement Handicap Hurdle (Go North Cab On Target Series Qualifier),5,20.0,Turf,Good To Soft,7,Kellies Dream,Callum Bewley,Daragh Bourke,9,147.0,79.0,52.0,773-98,0.15811209380626678,0.09486725628376007,0.06324483752250672,6.32,11/2,10.54,19/2,15.81,15/1,0,0.0,0.0,0.0,0,0.0,4,0,79.0,0,0,10.0,0,52,1,4,50.0,2,0.0,0,0.0,0,0.0,0,0.0,0.0,0,0,0,0,0,0,0.0
Sedgefield,11:28 AM ET,16:28,Canine Premier Flex Plus Joint Supplement Handicap Hurdle (Go North Cab On Target Series Qualifier),5,20.0,Turf,Good To Soft,7,Uncle Mac,Edward Austin,Paul Robson,8,144.0,76.0,291.0,5P055-,0.15811209380626678,0.09486725628376007,0.06324483752250672,6.32,11/2,10.54,19/2,15.81,15/1,0,0.0,0.0,0.0,0,0.0,4,0,76.0,0,0,10.0,0,291,1,4,50.0,0,0.0,0,0.0,0,0.0,0,0.0,0.0,0,0,0,0,0,0,0.0
Newcastle (AW),11:23 AM ET,16:23,Read Meg Nicholls' Blog At betmgm.co.uk Handicap,6,10.0,AW,Standard,9,Lord Mayor,NON-RUNNER,Andrew Balding,3,135.0,63.0,18.0,093-3,0.10608020424842834,0.06364812254905701,0.04243208169937134,9.43,17/2,15.71,29/2,23.57,45/2,0,0.0,0.0,0.0,0,0.0,4,0,63.0,0,0,10.0,0,18,0,3,50.0,0,0.0,0,0.0,0,0.0,1,0.1111111111111111,0.0,0,0,0,0,0,0,0.0
Newcastle (AW),11:23 AM ET,16:23,Read Meg Nicholls' Blog At betmgm.co.uk Handicap,6,10.0,AW,Standard,9,Farabove The Limit,Sam James,Phillip Makin,3,134.0,62.0,47.0,67038-,0.10608020424842834,0.06364812254905701,0.04243208169937134,9.43,17/2,15.71,29/2,23.57,45/2,0,0.0,0.0,0.0,0,0.0,4,0,62.0,0,0,10.0,0,47,0,3,50.0,1557,0.0,155,0.0,41,0.0,10,1.1111111111111112,0.0,0,0,0,0,0,0,0.0
Newcastle (AW),11:23 AM ET,16:23,Read Meg Nicholls' Blog At betmgm.co.uk Handicap,6,10.0,AW,Standard,9,Onyeisi,Jason Hart,Charlie Johnston,3,133.0,61.0,14.0,13-222,0.11320754885673523,0.06792452931404114,0.04528301954269409,8.83,8/1,14.72,27/2,22.08,21/1,0,0.0,0.0,0.0,0,0.0,4,0,61.0,0,0,10.0,0,14,0,3,50.0,2873,0.0,278,0.0,171,0.0,3,0.3333333333333333,0.0,0,0,0,0,0,0,0.0
Newcastle (AW),11:23 AM ET,16:23,Read Meg Nicholls' Blog At betmgm.co.uk Handicap,6,10.0,AW,Standard,9,Saxophonic,Rowan Scott,K R Burke,3,131.0,59.0,39.0,880-,0.11320754885673523,0.06792452931404114,0.04528301954269409,8.83,8/1,14.72,27/2,22.08,21/1,0,0.0,0.0,0.0,0,0.0,4,0,59.0,0,0,10.0,0,39,0,3,50.0,1137,0.0,106,0.0,6,0.0,2,0.2222222222222222,0.0,0,0,0,0,0,0,0.0
Newcastle (AW),11:23 AM ET,16:23,Read Meg Nicholls' Blog At betmgm.co.uk Handicap,6,10.0,AW,Standard,9,Very Demure,Hollie Doyle,Archie Watson,3,126.0,54.0,20.0,65-6,0.15811209380626678,0.09486725628376007,0.06324483752250672,6.32,11/2,10.54,19/2,15.81,15/1,0,0.0,0.0,0.0,0,0.0,4,0,54.0,0,0,10.0,0,20,0,3,50.0,3314,0.0,144,0.0,769,0.0,9,1.0,0.0,0,0,0,0,0,0,0.0
Newcastle (AW),11:23 AM ET,16:23,Read Meg Nicholls' Blog At betmgm.co.uk Handicap,6,10.0,AW,Standard,9,Trust No One,Taryn Langley,Lemos De Souza,3,125.0,53.0,14.0,385-13,0.11320754885673523,0.06792452931404114,0.04528301954269409,8.83,8/1,14.72,27/2,22.08,21/1,0,0.0,0.0,0.0,0,0.0,4,0,53.0,0,0,10.0,0,14,0,3,50.0,42,0.0,3,0.0,0,0.0,8,0.8888888888888888,0.0,0,0,0,0,0,0,0.0
Newcastle (AW),11:23 AM ET,16:23,Read Meg Nicholls' Blog At betmgm.co.uk Handicap,6,10.0,AW,Standard,9,Mr Nippy,Joanna Mason,Charlie Johnston,3,124.0,52.0,72.0,85624-,0.10608020424842834,0.06364812254905701,0.04243208169937134,9.43,17/2,15.71,29/2,23.57,45/2,0,0.0,0.0,0.0,0,0.0,4,0,52.0,0,0,10.0,0,72,0,3,50.0,750,0.0,65,0.0,11,0.0,6,0.6666666666666666,0.0,0,0,0,0,0,0,0.0
Newcastle (AW),11:23 AM ET,16:23,Read Meg Nicholls' Blog At betmgm.co.uk Handicap,6,10.0,AW,Standard,9,Wicksey,Andrew Mullen,Ben Haslam,3,123.0,51.0,70.0,008-,0.10608020424842834,0.06364812254905701,0.04243208169937134,9.43,17/2,15.71,29/2,23.57,45/2,0,0.0,0.0,0.0,0,0.0,4,0,51.0,0,0,10.0,0,70,0,3,50.0,2175,0.0,263,0.0,99,0.0,4,0.4444444444444444,0.0,0,0,0,0,0,0,0.0
Newcastle (AW),11:23 AM ET,16:23,Read Meg Nicholls' Blog At betmgm.co.uk Handicap,6,10.0,AW,Standard,9,Lope Harswell,Warren Fentiman,Roger Fell,3,118.0,46.0,46.0,74241-,0.10608020424842834,0.06364812254905701,0.04243208169937134,9.43,17/2,15.71,29/2,23.57,45/2,0,0.0,0.0,0.0,0,0.0,4,0,46.0,0,0,10.0,0,46,0,3,50.0,268,0.0,37,0.0,3,0.0,7,0.7777777777777778,0.0,0,0,0,0,0,0,0.0
Newcastle (AW),11:23 AM ET,16:23,Read Meg Nicholls' Blog At betmgm.co.uk Handicap,6,10.0,AW,Standard,9,Sunday Sinatra,Sean D Bowen,Ollie Sangster,3,117.0,45.0,26.0,0000-3,0.10608020424842834,0.06364812254905701,0.04243208169937134,9.43,17/2,15.71,29/2,23.57,45/2,0,0.0,0.0,0.0,0,0.0,4,0,45.0,0,0,10.0,0,26,0,3,50.0,324,0.0,11,0.0,15,0.0,5,0.5555555555555556,0.0,0,0,0,0,0,0,0.0
Newcastle (AW),12:00 PM ET,17:00,Midnite A Next Generation Betting App Handicap (Div I),6,6.0,AW,Standard,8,Captain Vallo,Jack Nicholls,Phillip Makin,8,135.0,60.0,19.0,2399-4,0.15662650763988495,0.09397590458393097,0.06265060305595398,6.38,11/2,10.64,19/2,15.96,15/1,0,0.0,0.0,0.0,0,0.0,4,0,60.0,0,0,10.0,0,19,0,3,50.0,96,0.0,11,0.0,1,0.0,4,0.5,0.0,0,0,0,0,0,0,0.0
Newcastle (AW),12:00 PM ET,17:00,Midnite A Next Generation Betting App Handicap (Div I),6,6.0,AW,Standard,8,Teardrops,George Wood,Richard Spencer,4,135.0,60.0,15.0,115-12,0.10608020424842834,0.06364812254905701,0.04243208169937134,9.43,17/2,15.71,29/2,23.57,45/2,0,0.0,0.0,0.0,0,0.0,4,0,60.0,0,0,10.0,0,15,0,3,50.0,1041,0.0,20,0.0,84,0.0,7,0.875,0.0,0,0,0,0,0,0,0.0
Newcastle (AW),12:00 PM ET,17:00,Midnite A Next Generation Betting App Handicap (Div I),6,6.0,AW,Standard,8,Mersea,Oliver Stammers,Grant Tuer,6,134.0,59.0,15.0,786-50,0.15662650763988495,0.09397590458393097,0.06265060305595398,6.38,11/2,10.64,19/2,15.96,15/1,0,0.0,0.0,0.0,0,0.0,4,0,59.0,0,0,10.0,0,15,0,3,50.0,358,0.0,53,0.0,152,0.0,2,0.25,0.0,0,0,0,0,0,0,0.0
Newcastle (AW),12:00 PM ET,17:00,Midnite A Next Generation Betting App Handicap (Div I),6,6.0,AW,Standard,8,Howzak,Billy Garritty,Liam Bailey,8,132.0,57.0,37.0,/0879-,0.11320754885673523,0.06792452931404114,0.04528301954269409,8.83,8/1,14.72,27/2,22.08,21/1,0,0.0,0.0,0.0,0,0.0,4,0,57.0,0,0,10.0,0,37,0,3,50.0,657,0.0,64,0.0,21,0.0,8,1.0,0.0,0,0,0,0,0,0,0.0
Newcastle (AW),12:00 PM ET,17:00,Midnite A Next Generation Betting App Handicap (Div I),6,6.0,AW,Standard,8,Penny Mountain,Kaiya Fraser,Gary Rutherford,5,129.0,54.0,22.0,04-136,0.15662650763988495,0.09397590458393097,0.06265060305595398,6.38,11/2,10.64,19/2,15.96,15/1,0,0.0,0.0,0.0,0,0.0,4,0,54.0,0,0,10.0,0,22,0,3,50.0,224,0.0,27,0.0,0,0.0,3,0.375,0.0,0,0,0,0,0,0,0.0
Newcastle (AW),12:00 PM ET,17:00,Midnite A Next Generation Betting App Handicap (Div I),6,6.0,AW,Standard,8,Asadjumeirah,Cam Hardie,Antony Brittain,8,128.0,53.0,15.0,348-43,0.10608020424842834,0.06364812254905701,0.04243208169937134,9.43,17/2,15.71,29/2,23.57,45/2,0,0.0,0.0,0.0,0,0.0,4,0,53.0,0,0,10.0,0,15,0,3,50.0,2053,0.0,301,0.0,389,0.0,5,0.625,0.0,0,0,0,0,0,0,0.0
Newcastle (AW),12:00 PM ET,17:00,Midnite A Next Generation Betting App Handicap (Div I),6,6.0,AW,Standard,8,East Tyrone,Jason Hart,Philip Kirby,4,126.0,51.0,9.0,69-133,0.15811209380626678,0.09486725628376007,0.06324483752250672,6.32,11/2,10.54,19/2,15.81,15/1,0,0.0,0.0,0.0,0,0.0,4,0,51.0,0,0,10.0,0,9,0,3,50.0,2873,0.0,278,0.0,3,0.0,1,0.125,0.0,0,0,0,0,0,0,0.0
Newcastle (AW),12:00 PM ET,17:00,Midnite A Next Generation Betting App Handicap (Div I),6,6.0,AW,Standard,8,Laurens Dream,Joanna Mason,Michael & David Easterby,4,125.0,50.0,13.0,6-6222,0.15662650763988495,0.09397590458393097,0.06265060305595398,6.38,11/2,10.64,19/2,15.96,15/1,0,0.0,0.0,0.0,0,0.0,4,0,50.0,0,0,10.0,0,13,0,3,50.0,750,0.0,65,0.0,262,0.0,6,0.75,0.0,0,0,0,0,0,0,0.0
Newcastle (AW),12:30 PM ET,17:30,Midnite A Next Generation Betting App Handicap (Div II),6,6.0,AW,Standard,8,Bearwithus,Jamie Gormley,Gary Harrison,4,135.0,60.0,184.0,/8870-,0.15662650763988495,0.09397590458393097,0.06265060305595398,6.38,11/2,10.64,19/2,15.96,15/1,0,0.0,0.0,0.0,0,0.0,4,0,60.0,0,0,10.0,0,184,0,3,50.0,414,0.0,45,0.0,0,0.0,2,0.25,0.0,0,0,0,0,0,0,0.0
Newcastle (AW),12:30 PM ET,17:30,Midnite A Next Generation Betting App Handicap (Div II),6,6.0,AW,Standard,8,Spartan Fighter,Cam Hardie,Antony Brittain,9,134.0,59.0,15.0,32-111,0.10608020424842834,0.06364812254905701,0.04243208169937134,9.43,17/2,15.71,29/2,23.57,45/2,0,0.0,0.0,0.0,0,0.0,4,0,59.0,0,0,10.0,0,15,0,3,50.0,2053,0.0,301,0.0,389,0.0,1,0.125,0.0,0,0,0,0,0,0,0.0
Newcastle (AW),12:30 PM ET,17:30,Midnite A Next Generation Betting App Handicap (Div II),6,6.0,AW,Standard,8,Spirited Dancer,Hollie Doyle,Daniel & Claire Kubler,4,133.0,58.0,33.0,/508-7,0.15662650763988495,0.09397590458393097,0.06265060305595398,6.38,11/2,10.64,19/2,15.96,15/1,0,0.0,0.0,0.0,0,0.0,4,0,58.0,0,0,10.0,0,33,0,3,50.0,3314,0.0,144,0.0,14,0.0,3,0.375,0.0,0,0,0,0,0,0,0.0
Newcastle (AW),12:30 PM ET,17:30,Midnite A Next Generation Betting App Handicap (Div II),6,6.0,AW,Standard,8,Atomic Mass,Joanna Mason,Michael & David Easterby,4,131.0,56.0,5.0,694-70,0.15811209380626678,0.09486725628376007,0.06324483752250672,6.32,11/2,10.54,19/2,15.81,15/1,0,0.0,0.0,0.0,0,0.0,4,0,56.0,0,0,10.0,0,5,0,3,50.0,750,0.0,65,0.0,262,0.0,6,0.75,0.0,0,0,0,0,0,0,0.0
Newcastle (AW),12:30 PM ET,17:30,Midnite A Next Generation Betting App Handicap (Div II),6,6.0,AW,Standard,8,Pit Boss,Billy Garritty,Liam Bailey,4,129.0,54.0,4.0,27-742,0.15811209380626678,0.09486725628376007,0.06324483752250672,6.32,11/2,10.54,19/2,15.81,15/1,0,0.0,0.0,0.0,0,0.0,4,0,54.0,0,0,10.0,0,4,0,3,50.0,657,0.0,64,0.0,21,0.0,8,1.0,0.0,0,0,0,0,0,0,0.0
Newcastle (AW),12:30 PM ET,17:30,Midnite A Next Generation Betting App Handicap (Div II),6,6.0,AW,Standard,8,Yorkshire Glory,Andrew Mullen,Ben Haslam,5,128.0,53.0,15.0,113-41,0.10608020424842834,0.06364812254905701,0.04243208169937134,9.43,17/2,15.71,29/2,23.57,45/2,0,0.0,0.0,0.0,0,0.0,4,0,53.0,0,0,10.0,0,15,0,3,50.0,2175,0.0,263,0.0,99,0.0,4,0.5,0.0,0,0,0,0,0,0,0.0
Newcastle (AW),12:30 PM ET,17:30,Midnite A Next Generation Betting App Handicap (Div II),6,6.0,AW,Standard,8,Flash The Dash,Rowan Scott,Julie Camacho,7,127.0,52.0,13.0,646-59,0.15662650763988495,0.09397590458393097,0.06265060305595398,6.38,11/2,10.64,19/2,15.96,15/1,0,0.0,0.0,0.0,0,0.0,4,0,52.0,0,0,10.0,0,13,0,3,50.0,1137,0.0,106,0.0,12,0.0,7,0.875,0.0,0,0,0,0,0,0,0.0
Newcastle (AW),12:30 PM ET,17:30,Midnite A Next Generation Betting App Handicap (Div II),6,6.0,AW,Standard,8,Fircombe Hall,Rhys Elliott,Philip Kirby,8,121.0,46.0,15.0,42-523,0.15662650763988495,0.09397590458393097,0.06265060305595398,6.38,11/2,10.64,19/2,15.96,15/1,0,0.0,0.0,0.0,0,0.0,4,0,46.0,0,0,10.0,0,15,0,3,50.0,75,0.0,8,0.0,1,0.0,5,0.625,0.0,0,0,0,0,0,0,0.0
Newcastle (AW),1:00 PM ET,18:00,Midnite A Next Generation Betting App Handicap (Div III),6,6.0,AW,Standard,7,Bibendum,Rowan Scott,Julie Camacho,5,135.0,60.0,15.0,713-04,0.15811209380626678,0.09486725628376007,0.06324483752250672,6.32,11/2,10.54,19/2,15.81,15/1,0,0.0,0.0,0.0,0,0.0,4,0,60.0,0,0,10.0,0,15,0,3,50.0,1137,0.0,106,0.0,12,0.0,6,0.8571428571428571,0.0,0,0,0,0,0,0,0.0
Newcastle (AW),1:00 PM ET,18:00,Midnite A Next Generation Betting App Handicap (Div III),6,6.0,AW,Standard,7,Jkr Cobbler,NON-RUNNER,Iain Jardine,7,134.0,59.0,19.0,3698-5,0.15811209380626678,0.09486725628376007,0.06324483752250672,6.32,11/2,10.54,19/2,15.81,15/1,0,0.0,0.0,0.0,0,0.0,4,0,59.0,0,0,10.0,0,19,0,3,50.0,0,0.0,0,0.0,0,0.0,8,1.1428571428571428,0.0,0,0,0,0,0,0,0.0
Newcastle (AW),1:00 PM ET,18:00,Midnite A Next Generation Betting App Handicap (Div III),6,6.0,AW,Standard,7,Spun To Gold,Paul Mulrennan,Jim Goldie,5,132.0,57.0,22.0,1696-7,0.15811209380626678,0.09486725628376007,0.06324483752250672,6.32,11/2,10.54,19/2,15.81,15/1,0,0.0,0.0,0.0,0,0.0,4,0,57.0,0,0,10.0,0,22,0,3,50.0,3046,0.0,371,0.0,451,0.0,4,0.5714285714285714,0.0,0,0,0,0,0,0,0.0
Newcastle (AW),1:00 PM ET,18:00,Midnite A Next Generation Betting App Handicap (Div III),6,6.0,AW,Standard,7,Rajstar,Jason Hart,Ben Haslam,4,130.0,55.0,25.0,6/5-5,0.15662650763988495,0.09397590458393097,0.06265060305595398,6.38,11/2,10.64,19/2,15.96,15/1,0,0.0,0.0,0.0,0,0.0,4,0,55.0,0,0,10.0,0,25,0,3,50.0,2873,0.0,278,0.0,6,0.0,5,0.7142857142857143,0.0,0,0,0,0,0,0,0.0
Newcastle (AW),1:00 PM ET,18:00,Midnite A Next Generation Betting App Handicap (Div III),6,6.0,AW,Standard,7,Mighty Power,Sean Kirrane,Lisa Williamson,8,129.0,54.0,183.0,/9708-,0.15662650763988495,0.09397590458393097,0.06265060305595398,6.38,11/2,10.64,19/2,15.96,15/1,0,0.0,0.0,0.0,0,0.0,4,0,54.0,0,0,10.0,0,183,0,3,50.0,542,0.0,47,0.0,3,0.0,7,1.0,0.0,0,0,0,0,0,0,0.0
Newcastle (AW),1:00 PM ET,18:00,Midnite A Next Generation Betting App Handicap (Div III),6,6.0,AW,Standard,7,Pebble Dash,Jamie Gormley,Gary Harrison,4,128.0,53.0,15.0,4765-9,0.15811209380626678,0.09486725628376007,0.06324483752250672,6.32,11/2,10.54,19/2,15.81,15/1,0,0.0,0.0,0.0,0,0.0,4,0,53.0,0,0,10.0,0,15,0,3,50.0,414,0.0,45,0.0,0,0.0,2,0.2857142857142857,0.0,0,0,0,0,0,0,0.0
Newcastle (AW),1:00 PM ET,18:00,Midnite A Next Generation Betting App Handicap (Div III),6,6.0,AW,Standard,7,Wingstar,George Wood,Sam England,4,126.0,51.0,29.0,08-4,0.15662650763988495,0.09397590458393097,0.06265060305595398,6.38,11/2,10.64,19/2,15.96,15/1,0,0.0,0.0,0.0,0,0.0,4,0,51.0,0,0,10.0,0,29,0,3,50.0,1041,0.0,20,0.0,1,0.0,3,0.42857142857142855,0.0,0,0,0,0,0,0,0.0
Newcastle (AW),1:00 PM ET,18:00,Midnite A Next Generation Betting App Handicap (Div III),6,6.0,AW,Standard,7,Yaahobby,Cam Hardie,Antony Brittain,7,121.0,46.0,15.0,594-27,0.15662650763988495,0.09397590458393097,0.06265060305595398,6.38,11/2,10.64,19/2,15.96,15/1,0,0.0,0.0,0.0,0,0.0,4,0,46.0,0,0,10.0,0,15,0,3,50.0,2053,0.0,301,0.0,389,0.0,1,0.14285714285714285,0.0,0,0,0,0,0,0,0.0
Newcastle (AW),1:30 PM ET,18:30,Midnite Ain't Your Grandad's Bookie Maiden Stakes (GBB Race),4,6.0,AW,Standard,10,Teddy Shaw,Joanna Mason,Ruth Carr,5,142.0,,,,0.07335907220840454,0.04401544332504272,0.029343628883361818,13.63,25/2,22.72,43/2,34.08,33/1,0,0.0,0.0,0.0,0,0.0,4,0,0.0,0,0,10.0,0,999,0,3,50.0,750,0.0,65,0.0,77,0.0,7,0.7,0.0,0,0,0,0,0,0,0.0
Newcastle (AW),1:30 PM ET,18:30,Midnite Ain't Your Grandad's Bookie Maiden Stakes (GBB Race),4,6.0,AW,Standard,10,Bennyworth,Sean D Bowen,James Owen,3,127.0,,18.0,7,0.10608020424842834,0.06364812254905701,0.04243208169937134,9.43,17/2,15.71,29/2,23.57,45/2,0,0.0,0.0,0.0,0,0.0,4,0,0.0,0,0,10.0,0,18,0,3,50.0,324,0.0,11,0.0,62,0.0,3,0.3,0.0,0,0,0,0,0,0,0.0
Newcastle (AW),1:30 PM ET,18:30,Midnite Ain't Your Grandad's Bookie Maiden Stakes (GBB Race),4,6.0,AW,Standard,10,Noble Gentleman,Cam Hardie,Richard Fahey,3,127.0,,,,0.07335907220840454,0.04401544332504272,0.029343628883361818,13.63,25/2,22.72,43/2,34.08,33/1,0,0.0,0.0,0.0,0,0.0,4,0,0.0,0,0,10.0,0,999,0,3,50.0,2053,0.0,301,0.0,203,0.0,5,0.5,0.0,0,0,0,0,0,0,0.0
Newcastle (AW),1:30 PM ET,18:30,Midnite Ain't Your Grandad's Bookie Maiden Stakes (GBB Race),4,6.0,AW,Standard,10,Stromness,Faye McManoman,Nigel Tinkler,3,127.0,,13.0,56,0.10608020424842834,0.06364812254905701,0.04243208169937134,9.43,17/2,15.71,29/2,23.57,45/2,0,0.0,0.0,0.0,0,0.0,4,0,0.0,0,0,10.0,0,13,0,3,50.0,453,0.0,46,0.0,348,0.0,4,0.4,0.0,0,0,0,0,0,0,0.0
Newcastle (AW),1:30 PM ET,18:30,Midnite Ain't Your Grandad's Bookie Maiden Stakes (GBB Race),4,6.0,AW,Standard,10,Celtic Arrow,Rowan Scott,Julie Camacho,3,122.0,,,,0.07335907220840454,0.04401544332504272,0.029343628883361818,13.63,25/2,22.72,43/2,34.08,33/1,0,0.0,0.0,0.0,0,0.0,4,0,0.0,0,0,10.0,0,999,0,3,50.0,1137,0.0,106,0.0,12,0.0,10,1.0,0.0,0,0,0,0,0,0,0.0
Newcastle (AW),1:30 PM ET,18:30,Midnite Ain't Your Grandad's Bookie Maiden Stakes (GBB Race),4,6.0,AW,Standard,10,Champonie,P J McDonald,George Boughey,3,122.0,,,,0.07335907220840454,0.04401544332504272,0.029343628883361818,13.63,25/2,22.72,43/2,34.08,33/1,0,0.0,0.0,0.0,0,0.0,4,0,0.0,0,0,10.0,0,999,0,3,50.0,3402,0.0,342,0.0,4,0.0,6,0.6,0.0,0,0,0,0,0,0,0.0
Newcastle (AW),1:30 PM ET,18:30,Midnite Ain't Your Grandad's Bookie Maiden Stakes (GBB Race),4,6.0,AW,Standard,10,Evelyns Garden,Greg Fairley,Katie Scott,3,122.0,,11.0,85,0.10608020424842834,0.06364812254905701,0.04243208169937134,9.43,17/2,15.71,29/2,23.57,45/2,0,0.0,0.0,0.0,0,0.0,4,0,0.0,0,0,10.0,0,11,0,3,50.0,6,0.0,0,0.0,1,0.0,8,0.8,0.0,0,0,0,0,0,0,0.0
Newcastle (AW),1:30 PM ET,18:30,Midnite Ain't Your Grandad's Bookie Maiden Stakes (GBB Race),4,6.0,AW,Standard,10,Hayynah,Jason Watson,Ollie Sangster,3,122.0,83.0,169.0,2262-,0.07335907220840454,0.04401544332504272,0.029343628883361818,13.63,25/2,22.72,43/2,34.08,33/1,0,0.0,0.0,0.0,0,0.0,4,0,83.0,0,0,10.0,0,169,0,3,50.0,2114,0.0,60,0.0,14,0.0,2,0.2,0.0,0,0,0,0,0,0,0.0
Newcastle (AW),1:30 PM ET,18:30,Midnite Ain't Your Grandad's Bookie Maiden Stakes (GBB Race),4,6.0,AW,Standard,10,Lockd Up Lane,George Wood,Roger Fell,3,122.0,,22.0,0-5,0.07335907220840454,0.04401544332504272,0.029343628883361818,13.63,25/2,22.72,43/2,34.08,33/1,0,0.0,0.0,0.0,0,0.0,4,0,0.0,0,0,10.0,0,22,0,3,50.0,1041,0.0,20,0.0,1,0.0,1,0.1,0.0,0,0,0,0,0,0,0.0
Newcastle (AW),1:30 PM ET,18:30,Midnite Ain't Your Grandad's Bookie Maiden Stakes (GBB Race),4,6.0,AW,Standard,10,Maybe Soon,Andrew Elliott,Tom Tate,3,122.0,,22.0,4,0.10608020424842834,0.06364812254905701,0.04243208169937134,9.43,17/2,15.71,29/2,23.57,45/2,0,0.0,0.0,0.0,0,0.0,4,0,0.0,0,0,10.0,0,22,0,3,50.0,164,0.0,5,0.0,18,0.0,9,0.9,0.0,0,0,0,0,0,0,0.0
Newcastle (AW),2:00 PM ET,19:00,Midnite: Built For 2026 Not 2006 Handicap,4,5.0,AW,Standard,7,Arnhem,Paul Mulrennan,Jim Goldie,10,135.0,79.0,13.0,5377-2,0.15811209380626678,0.09486725628376007,0.06324483752250672,6.32,11/2,10.54,19/2,15.81,15/1,0,0.0,0.0,0.0,0,0.0,4,0,79.0,0,0,10.0,0,13,0,3,50.0,3046,0.0,371,0.0,451,0.0,5,0.7142857142857143,0.0,0,0,0,0,0,0,0.0
Newcastle (AW),2:00 PM ET,19:00,Midnite: Built For 2026 Not 2006 Handicap,4,5.0,AW,Standard,7,Monks Dream,Sean Kirrane,Tim Easterby,5,134.0,78.0,22.0,3294-3,0.15811209380626678,0.09486725628376007,0.06324483752250672,6.32,11/2,10.54,19/2,15.81,15/1,0,0.0,0.0,0.0,0,0.0,4,0,78.0,0,0,10.0,0,22,0,3,50.0,542,0.0,47,0.0,311,0.0,4,0.5714285714285714,0.0,0,0,0,0,0,0,0.0
Newcastle (AW),2:00 PM ET,19:00,Midnite: Built For 2026 Not 2006 Handicap,4,5.0,AW,Standard,7,Kings Crown,Rhys Elliott,Michael Dods,6,133.0,77.0,13.0,12-155,0.15811209380626678,0.09486725628376007,0.06324483752250672,6.32,11/2,10.54,19/2,15.81,15/1,0,0.0,0.0,0.0,0,0.0,4,0,77.0,0,0,10.0,0,13,0,3,50.0,75,0.0,8,0.0,20,0.0,3,0.42857142857142855,0.0,0,0,0,0,0,0,0.0
Newcastle (AW),2:00 PM ET,19:00,Midnite: Built For 2026 Not 2006 Handicap,4,5.0,AW,Standard,7,Mission Command,George Wood,Jennie Candlish,4,133.0,77.0,21.0,4439-3,0.15662650763988495,0.09397590458393097,0.06265060305595398,6.38,11/2,10.64,19/2,15.96,15/1,0,0.0,0.0,0.0,0,0.0,4,0,77.0,0,0,10.0,0,21,0,3,50.0,1041,0.0,20,0.0,68,0.0,2,0.2857142857142857,0.0,0,0,0,0,0,0,0.0
Newcastle (AW),2:00 PM ET,19:00,Midnite: Built For 2026 Not 2006 Handicap,4,5.0,AW,Standard,7,Castan,David Nolan,Bryan Smart,6,131.0,75.0,29.0,4053-2,0.15662650763988495,0.09397590458393097,0.06265060305595398,6.38,11/2,10.64,19/2,15.96,15/1,0,0.0,0.0,0.0,0,0.0,4,0,75.0,0,0,10.0,0,29,0,3,50.0,1544,0.0,123,0.0,9,0.0,7,1.0,0.0,0,0,0,0,0,0,0.0
Newcastle (AW),2:00 PM ET,19:00,Midnite: Built For 2026 Not 2006 Handicap,4,5.0,AW,Standard,7,Hover On The Wind,Barry McHugh,Paul Midgley,6,127.0,71.0,34.0,4481-7,0.15811209380626678,0.09486725628376007,0.06324483752250672,6.32,11/2,10.54,19/2,15.81,15/1,0,0.0,0.0,0.0,0,0.0,4,0,71.0,0,0,10.0,0,34,0,3,50.0,1047,0.0,80,0.0,36,0.0,1,0.14285714285714285,0.0,0,0,0,0,0,0,0.0
Newcastle (AW),2:00 PM ET,19:00,Midnite: Built For 2026 Not 2006 Handicap,4,5.0,AW,Standard,7,Brave Empire,Jason Hart,Ivan Furtado,5,125.0,69.0,16.0,9353-5,0.15811209380626678,0.09486725628376007,0.06324483752250672,6.32,11/2,10.54,19/2,15.81,15/1,0,0.0,0.0,0.0,0,0.0,4,0,69.0,0,0,10.0,0,16,0,3,50.0,2873,0.0,278,0.0,59,0.0,6,0.8571428571428571,0.0,0,0,0,0,0,0,0.0
Newcastle (AW),2:30 PM ET,19:30,"Win Â£250,000 With BetMGM's Golden Goals Maiden Stakes (GBB Race)",4,8.0,AW,Standard,10,Multaneighttothree,Oliver Stammers,Grant Tuer,4,142.0,,25.0,3,0.10608020424842834,0.06364812254905701,0.04243208169937134,9.43,17/2,15.71,29/2,23.57,45/2,0,0.0,0.0,0.0,0,0.0,4,0,0.0,0,0,10.0,0,25,0,3,50.0,358,0.0,53,0.0,152,0.0,2,0.2,0.0,0,0,0,0,0,0,0.0
Newcastle (AW),2:30 PM ET,19:30,"Win Â£250,000 With BetMGM's Golden Goals Maiden Stakes (GBB Race)",4,8.0,AW,Standard,10,Chin Chin Ginny,Greg Fairley,Katie Scott,4,137.0,,22.0,7/0,0.10608020424842834,0.06364812254905701,0.04243208169937134,9.43,17/2,15.71,29/2,23.57,45/2,0,0.0,0.0,0.0,0,0.0,4,0,0.0,0,0,10.0,0,22,0,3,50.0,6,0.0,0,0.0,1,0.0,7,0.7,0.0,0,0,0,0,0,0,0.0
Newcastle (AW),2:30 PM ET,19:30,"Win Â£250,000 With BetMGM's Golden Goals Maiden Stakes (GBB Race)",4,8.0,AW,Standard,10,Leysthorpe Star,Joanna Mason,Roger Fell,3,123.0,,54.0,8-,0.10608020424842834,0.06364812254905701,0.04243208169937134,9.43,17/2,15.71,29/2,23.57,45/2,0,0.0,0.0,0.0,0,0.0,4,0,0.0,0,0,10.0,0,54,0,3,50.0,750,0.0,65,0.0,13,0.0,9,0.9,0.0,0,0,0,0,0,0,0.0
Newcastle (AW),2:30 PM ET,19:30,"Win Â£250,000 With BetMGM's Golden Goals Maiden Stakes (GBB Race)",4,8.0,AW,Standard,10,Outback Heat,Kaiya Fraser,Harry Eustace,3,123.0,,,,0.07335907220840454,0.04401544332504272,0.029343628883361818,13.63,25/2,22.72,43/2,34.08,33/1,0,0.0,0.0,0.0,0,0.0,4,0,0.0,0,0,10.0,0,999,0,3,50.0,224,0.0,27,0.0,47,0.0,6,0.6,0.0,0,0,0,0,0,0,0.0
Newcastle (AW),2:30 PM ET,19:30,"Win Â£250,000 With BetMGM's Golden Goals Maiden Stakes (GBB Race)",4,8.0,AW,Standard,10,Sintra,P J McDonald,Andrew Balding,3,123.0,,,,0.07335907220840454,0.04401544332504272,0.029343628883361818,13.63,25/2,22.72,43/2,34.08,33/1,0,0.0,0.0,0.0,0,0.0,4,0,0.0,0,0,10.0,0,999,0,3,50.0,3402,0.0,342,0.0,184,0.0,3,0.3,0.0,0,0,0,0,0,0,0.0
Newcastle (AW),2:30 PM ET,19:30,"Win Â£250,000 With BetMGM's Golden Goals Maiden Stakes (GBB Race)",4,8.0,AW,Standard,10,Sovereign Bay,Hollie Doyle,Dr Richard Newland & Jamie Insole,3,123.0,,,,0.07335907220840454,0.04401544332504272,0.029343628883361818,13.63,25/2,22.72,43/2,34.08,33/1,0,0.0,0.0,0.0,0,0.0,4,0,0.0,0,0,10.0,0,999,0,3,50.0,3314,0.0,144,0.0,46,0.0,8,0.8,0.0,0,0,0,0,0,0,0.0
Newcastle (AW),2:30 PM ET,19:30,"Win Â£250,000 With BetMGM's Golden Goals Maiden Stakes (GBB Race)",4,8.0,AW,Standard,10,Star Of Emerald,Sam James,Edward Bethell,3,123.0,,13.0,74,0.10608020424842834,0.06364812254905701,0.04243208169937134,9.43,17/2,15.71,29/2,23.57,45/2,0,0.0,0.0,0.0,0,0.0,4,0,0.0,0,0,10.0,0,13,0,3,50.0,1557,0.0,155,0.0,5,0.0,5,0.5,0.0,0,0,0,0,0,0,0.0
Newcastle (AW),2:30 PM ET,19:30,"Win Â£250,000 With BetMGM's Golden Goals Maiden Stakes (GBB Race)",4,8.0,AW,Standard,10,Hero Freds Lass,Warren Fentiman,Roger Fell,3,118.0,,54.0,9-,0.10608020424842834,0.06364812254905701,0.04243208169937134,9.43,17/2,15.71,29/2,23.57,45/2,0,0.0,0.0,0.0,0,0.0,4,0,0.0,0,0,10.0,0,54,0,3,50.0,268,0.0,37,0.0,3,0.0,4,0.4,0.0,0,0,0,0,0,0,0.0
Newcastle (AW),2:30 PM ET,19:30,"Win Â£250,000 With BetMGM's Golden Goals Maiden Stakes (GBB Race)",4,8.0,AW,Standard,10,Pendella,Jack Nicholls,K R Burke,3,118.0,,47.0,2-,0.10608020424842834,0.06364812254905701,0.04243208169937134,9.43,17/2,15.71,29/2,23.57,45/2,0,0.0,0.0,0.0,0,0.0,4,0,0.0,0,0,10.0,0,47,0,3,50.0,96,0.0,11,0.0,34,0.0,1,0.1,0.0,0,0,0,0,0,0,0.0
Newcastle (AW),2:30 PM ET,19:30,"Win Â£250,000 With BetMGM's Golden Goals Maiden Stakes (GBB Race)",4,8.0,AW,Standard,10,Spirit Of Tokyo,Cam Hardie,Philip Kirby,3,118.0,,12.0,07,0.07335907220840454,0.04401544332504272,0.029343628883361818,13.63,25/2,22.72,43/2,34.08,33/1,0,0.0,0.0,0.0,0,0.0,4,0,0.0,0,0,10.0,0,12,0,3,50.0,2053,0.0,301,0.0,25,0.0,10,1.0,0.0,0,0,0,0,0,0,0.0
Newcastle (AW),3:00 PM ET,20:00,Always Gamble Responsibly At BetMGM Classified Stakes,6,8.0,AW,Standard,8,Annalee Lass,David Nolan,Peter Niven,6,135.0,48.0,25.0,8879-3,0.11320754885673523,0.06792452931404114,0.04528301954269409,8.83,8/1,14.72,27/2,22.08,21/1,0,0.0,0.0,0.0,0,0.0,4,0,48.0,0,0,10.0,0,25,0,3,50.0,1544,0.0,123,0.0,0,0.0,3,0.375,0.0,0,0,0,0,0,0,0.0
Newcastle (AW),3:00 PM ET,20:00,Always Gamble Responsibly At BetMGM Classified Stakes,6,8.0,AW,Standard,8,I Can Boogy,Alex Jary,Nigel Tinkler,4,135.0,48.0,202.0,50454-,0.15662650763988495,0.09397590458393097,0.06265060305595398,6.38,11/2,10.64,19/2,15.96,15/1,0,0.0,0.0,0.0,0,0.0,4,0,48.0,0,0,10.0,0,202,0,3,50.0,167,0.0,31,0.0,98,0.0,4,0.5,0.0,0,0,0,0,0,0,0.0
Newcastle (AW),3:00 PM ET,20:00,Always Gamble Responsibly At BetMGM Classified Stakes,6,8.0,AW,Standard,8,Marcello Si,Paul Mulrennan,Michael Dods,8,135.0,44.0,26.0,5350-8,0.11320754885673523,0.06792452931404114,0.04528301954269409,8.83,8/1,14.72,27/2,22.08,21/1,0,0.0,0.0,0.0,0,0.0,4,0,44.0,0,0,10.0,0,26,0,3,50.0,3046,0.0,371,0.0,651,0.0,5,0.625,0.0,0,0,0,0,0,0,0.0
Newcastle (AW),3:00 PM ET,20:00,Always Gamble Responsibly At BetMGM Classified Stakes,6,8.0,AW,Standard,8,Pop Favorite,Mikkel Mortensen,Scott Dixon,8,135.0,46.0,25.0,425-67,0.15662650763988495,0.09397590458393097,0.06265060305595398,6.38,11/2,10.64,19/2,15.96,15/1,0,0.0,0.0,0.0,0,0.0,4,0,46.0,0,0,10.0,0,25,0,3,50.0,36,0.0,5,0.0,10,0.0,8,1.0,0.0,0,0,0,0,0,0,0.0
Newcastle (AW),3:00 PM ET,20:00,Always Gamble Responsibly At BetMGM Classified Stakes,6,8.0,AW,Standard,8,Sir Maxi,Cam Hardie,Sam England,8,135.0,47.0,11.0,40-794,0.10608020424842834,0.06364812254905701,0.04243208169937134,9.43,17/2,15.71,29/2,23.57,45/2,0,0.0,0.0,0.0,0,0.0,4,0,47.0,0,0,10.0,0,11,0,3,50.0,2053,0.0,301,0.0,17,0.0,2,0.25,0.0,0,0,0,0,0,0,0.0
Newcastle (AW),3:00 PM ET,20:00,Always Gamble Responsibly At BetMGM Classified Stakes,6,8.0,AW,Standard,8,That Lucas Fella,Andrew Mullen,Iain Jardine,4,135.0,49.0,11.0,345-22,0.10608020424842834,0.06364812254905701,0.04243208169937134,9.43,17/2,15.71,29/2,23.57,45/2,0,0.0,0.0,0.0,0,0.0,4,0,49.0,0,0,10.0,0,11,0,3,50.0,2175,0.0,263,0.0,446,0.0,6,0.75,0.0,0,0,0,0,0,0,0.0
Newcastle (AW),3:00 PM ET,20:00,Always Gamble Responsibly At BetMGM Classified Stakes,6,8.0,AW,Standard,8,Wrist Art,George Wood,James Owen,9,135.0,47.0,14.0,06-733,0.10608020424842834,0.06364812254905701,0.04243208169937134,9.43,17/2,15.71,29/2,23.57,45/2,0,0.0,0.0,0.0,0,0.0,4,0,47.0,0,0,10.0,0,14,0,3,50.0,1041,0.0,20,0.0,4,0.0,1,0.125,0.0,0,0,0,0,0,0,0.0
Newcastle (AW),3:00 PM ET,20:00,Always Gamble Responsibly At BetMGM Classified Stakes,6,8.0,AW,Standard,8,Yorkstone,Joanna Mason,Michael & David Easterby,6,135.0,46.0,18.0,654-96,0.11320754885673523,0.06792452931404114,0.04528301954269409,8.83,8/1,14.72,27/2,22.08,21/1,0,0.0,0.0,0.0,0,0.0,4,0,46.0,0,0,10.0,0,18,0,3,50.0,750,0.0,65,0.0,262,0.0,7,0.875,0.0,0,0,0,0,0,0,0.0
Newcastle (AW),3:30 PM ET,20:30,Bet Â£10 Get Â£40 With BetMGM Apprentice Handicap,6,8.0,AW,Standard,9,Tasever,Cian Horgan,Patrick Morris,6,140.0,65.0,13.0,21-626,0.11320754885673523,0.06792452931404114,0.04528301954269409,8.83,8/1,14.72,27/2,22.08,21/1,0,0.0,0.0,0.0,0,0.0,4,0,65.0,0,0,10.0,0,13,0,3,50.0,46,0.0,1,0.0,0,0.0,7,0.7777777777777778,0.0,0,0,0,0,0,0,0.0
Newcastle (AW),3:30 PM ET,20:30,Bet Â£10 Get Â£40 With BetMGM Apprentice Handicap,6,8.0,AW,Standard,9,Maui Breeze,Paula Muir,Wilf Storey,4,140.0,65.0,15.0,552-90,0.15662650763988495,0.09397590458393097,0.06265060305595398,6.38,11/2,10.64,19/2,15.96,15/1,0,0.0,0.0,0.0,0,0.0,4,0,65.0,0,0,10.0,0,15,0,3,50.0,193,0.0,24,0.0,6,0.0,8,0.8888888888888888,0.0,0,0,0,0,0,0,0.0
Newcastle (AW),3:30 PM ET,20:30,Bet Â£10 Get Â£40 With BetMGM Apprentice Handicap,6,8.0,AW,Standard,9,Sea Legend,Lauren Young,Jim Goldie,6,139.0,64.0,15.0,705-43,0.10608020424842834,0.06364812254905701,0.04243208169937134,9.43,17/2,15.71,29/2,23.57,45/2,0,0.0,0.0,0.0,0,0.0,4,0,64.0,0,0,10.0,0,15,0,3,50.0,65,0.0,16,0.0,61,0.0,5,0.5555555555555556,0.0,0,0,0,0,0,0,0.0
Newcastle (AW),3:30 PM ET,20:30,Bet Â£10 Get Â£40 With BetMGM Apprentice Handicap,6,8.0,AW,Standard,9,Concert Boy,Warren Fentiman,Katie Scott,6,137.0,62.0,13.0,21-434,0.11320754885673523,0.06792452931404114,0.04528301954269409,8.83,8/1,14.72,27/2,22.08,21/1,0,0.0,0.0,0.0,0,0.0,4,0,62.0,0,0,10.0,0,13,0,3,50.0,268,0.0,37,0.0,0,0.0,1,0.1111111111111111,0.0,0,0,0,0,0,0,0.0
Newcastle (AW),3:30 PM ET,20:30,Bet Â£10 Get Â£40 With BetMGM Apprentice Handicap,6,8.0,AW,Standard,9,Sherlock,Oisin McSweeney,Kevin Ryan,4,133.0,58.0,34.0,2423-8,0.10608020424842834,0.06364812254905701,0.04243208169937134,9.43,17/2,15.71,29/2,23.57,45/2,0,0.0,0.0,0.0,0,0.0,4,0,58.0,0,0,10.0,0,34,0,3,50.0,297,0.0,29,0.0,80,0.0,2,0.2222222222222222,0.0,0,0,0,0,0,0,0.0
Newcastle (AW),3:30 PM ET,20:30,Bet Â£10 Get Â£40 With BetMGM Apprentice Handicap,6,8.0,AW,Standard,9,Pallas Lord,Rhys Elliott,Donald Whillans,8,132.0,57.0,4.0,83-232,0.15811209380626678,0.09486725628376007,0.06324483752250672,6.32,11/2,10.54,19/2,15.81,15/1,0,0.0,0.0,0.0,0,0.0,4,0,57.0,0,0,10.0,0,4,0,3,50.0,75,0.0,8,0.0,0,0.0,4,0.4444444444444444,0.0,0,0,0,0,0,0,0.0
Newcastle (AW),3:30 PM ET,20:30,Bet Â£10 Get Â£40 With BetMGM Apprentice Handicap,6,8.0,AW,Standard,9,Big Gypsy King,Jack Nicholls,James Moffatt,4,130.0,55.0,9.0,3170-9,0.15662650763988495,0.09397590458393097,0.06265060305595398,6.38,11/2,10.64,19/2,15.96,15/1,0,0.0,0.0,0.0,0,0.0,4,0,55.0,0,0,10.0,0,9,0,3,50.0,96,0.0,11,0.0,0,0.0,9,1.0,0.0,0,0,0,0,0,0,0.0
Newcastle (AW),3:30 PM ET,20:30,Bet Â£10 Get Â£40 With BetMGM Apprentice Handicap,6,8.0,AW,Standard,9,Montpellier Green,Aiden Brookes,Ian Williams,4,130.0,55.0,46.0,88900-,0.10608020424842834,0.06364812254905701,0.04243208169937134,9.43,17/2,15.71,29/2,23.57,45/2,0,0.0,0.0,0.0,0,0.0,4,0,55.0,0,0,10.0,0,46,0,3,50.0,154,0.0,16,0.0,0,0.0,6,0.6666666666666666,0.0,0,0,0,0,0,0,0.0
Newcastle (AW),3:30 PM ET,20:30,Bet Â£10 Get Â£40 With BetMGM Apprentice Handicap,6,8.0,AW,Standard,9,Oh So Cool,Tom Kiely-Marshall,Rebecca Menzies,4,127.0,52.0,99.0,7675P-,0.10608020424842834,0.06364812254905701,0.04243208169937134,9.43,17/2,15.71,29/2,23.57,45/2,0,0.0,0.0,0.0,0,0.0,4,0,52.0,0,0,10.0,0,99,0,3,50.0,92,0.0,9,0.0,1,0.0,3,0.3333333333333333,0.0,0,0,0,0,0,0,0.0
