horse,jockey,ofr,age,weight_lbs,form,win_probability,win_odds_fractional,place_probability,place_odds_fractional,show_probability,show_odds_fractional,course,race_time,date,race_class,distance_f,race_name,odds_live,odds_decimal,odds_trend,odds_1,odds_2,odds_3,odds_4,market_odds,implied_prob,edge,ev_per_unit,kelly_quarter,is_value_bet,is_strong_value,odds_trend_encoded,edge_adjusted
Alfred Wallace,Kieran Shoemark,,2,133,,0.1265118,7/1,0.21491703,7/2,0.248069,3/1,Ascot,13:10,2026-05-09,3,6.0,Peroni Nastro Azzurro 0.0% EBF Novice Stakes (GBB Race),14/1,15.0,shortening,12/1,14/1,12/1,11/1,15.0,0.06666666666666667,0.05984513333333334,0.8976770000000001,0.016029946428571428,True,False,1,0.07984513333333335
Cuban Heels,Billy Loughnane,,2,133,,0.1265118,7/1,0.21491703,7/2,0.248069,3/1,Ascot,13:10,2026-05-09,3,6.0,Peroni Nastro Azzurro 0.0% EBF Novice Stakes (GBB Race),9/4,3.25,stable,5/2,9/4,5/2,9/4,3.25,0.3076923076923077,-0.1811805076923077,-0.58883665,0.0,False,False,0,-0.1811805076923077
Jaijai,Sean Levey,,2,133,,0.1265118,7/1,0.21491703,7/2,0.248069,3/1,Ascot,13:10,2026-05-09,3,6.0,Peroni Nastro Azzurro 0.0% EBF Novice Stakes (GBB Race),13/2,7.5,drifting,7/1,15/2,8/1,17/2,7.5,0.13333333333333333,-0.006821533333333324,-0.05116149999999997,0.0,False,False,-1,-0.026821533333333324
Keep Kicking On,Rob Hornby,,2,133,,0.1265118,7/1,0.21491703,7/2,0.248069,3/1,Ascot,13:10,2026-05-09,3,6.0,Peroni Nastro Azzurro 0.0% EBF Novice Stakes (GBB Race),22/1,23.0,shortening,18/1,16/1,14/1,12/1,23.0,0.043478260869565216,0.08303353913043479,1.9097714000000003,0.02170194772727273,True,False,1,0.1030335391304348
King Of Montenegro,David Egan,,2,133,5,0.1265118,7/1,0.21491703,7/2,0.248069,3/1,Ascot,13:10,2026-05-09,3,6.0,Peroni Nastro Azzurro 0.0% EBF Novice Stakes (GBB Race),30/1,31.0,shortening,33/1,30/1,33/1,28/1,31.0,0.03225806451612903,0.09425373548387098,2.9218658000000004,0.02434888166666667,True,False,1,0.11425373548387098
Night In Vegas,Charles Bishop,,2,133,,0.1265118,7/1,0.21491703,7/2,0.248069,3/1,Ascot,13:10,2026-05-09,3,6.0,Peroni Nastro Azzurro 0.0% EBF Novice Stakes (GBB Race),10/1,11.0,stable,11/1,10/1,11/1,10/1,11.0,0.09090909090909091,0.035602709090909096,0.39162980000000003,0.009790745,True,False,0,0.035602709090909096
Romanza,Paddy Bradley,,2,133,,0.1265118,7/1,0.21491703,7/2,0.248069,3/1,Ascot,13:10,2026-05-09,3,6.0,Peroni Nastro Azzurro 0.0% EBF Novice Stakes (GBB Race),8/1,9.0,stable,17/2,8/1,17/2,8/1,9.0,0.1111111111111111,0.015400688888888903,0.13860620000000012,0.004331443750000004,True,False,0,0.015400688888888903
Thunder Home,P J McDonald,,2,133,,0.1265118,7/1,0.21491703,7/2,0.248069,3/1,Ascot,13:10,2026-05-09,3,6.0,Peroni Nastro Azzurro 0.0% EBF Novice Stakes (GBB Race),18/1,19.0,shortening,16/1,14/1,16/1,14/1,19.0,0.05263157894736842,0.07388022105263159,1.4037242,0.019496169444444447,True,False,1,0.0938802210526316
Trust Yourself,James Doyle,,2,133,,0.1265118,7/1,0.21491703,7/2,0.248069,3/1,Ascot,13:10,2026-05-09,3,6.0,Peroni Nastro Azzurro 0.0% EBF Novice Stakes (GBB Race),50/1,51.0,stable,66/1,70/1,66/1,50/1,51.0,0.0196078431372549,0.1069039568627451,5.4521018,0.027260509000000002,True,False,0,0.1069039568627451
Victory Gold,Oisin Murphy,,2,133,,0.1265118,7/1,0.21491703,7/2,0.248069,3/1,Ascot,13:10,2026-05-09,3,6.0,Peroni Nastro Azzurro 0.0% EBF Novice Stakes (GBB Race),11/4,3.75,drifting,3/1,7/2,10/3,7/2,3.75,0.26666666666666666,-0.14015486666666666,-0.52558075,0.0,False,False,-1,-0.16015486666666665
Zgharta,Oisin Murphy,89.0,4,138,17540-,0.112234935,8/1,0.19194554,4/1,0.22183701,7/2,Ascot,13:45,2026-05-09,2,8.0,Peroni Nastro Azzurro 0.0% British EBF Fillies' Handicap,-,,no_data,,,,,,,,,,False,False,0,
Alobayyah,Billy Loughnane,89.0,4,138,1/85-,0.10711701,17/2,0.18363139,9/2,0.21232428,7/2,Ascot,13:45,2026-05-09,2,8.0,Peroni Nastro Azzurro 0.0% British EBF Fillies' Handicap,-,,no_data,,,,,,,,,,False,False,0,
Radiant Beauty,James Doyle,87.0,5,136,4113-6,0.09790626,9/1,0.16856277,5/1,0.19505896,4/1,Ascot,13:45,2026-05-09,2,8.0,Peroni Nastro Azzurro 0.0% British EBF Fillies' Handicap,-,,no_data,,,,,,,,,,False,False,0,
Bella Perla,David Egan,85.0,4,134,19113-,0.107367076,17/2,0.18403858,9/2,0.2127904,7/2,Ascot,13:45,2026-05-09,2,8.0,Peroni Nastro Azzurro 0.0% British EBF Fillies' Handicap,-,,no_data,,,,,,,,,,False,False,0,
Electrifarhh,Kieran Shoemark,84.0,4,133,41/2-7,0.14657225,6/1,0.2466433,3/1,0.28416994,5/2,Ascot,13:45,2026-05-09,2,8.0,Peroni Nastro Azzurro 0.0% British EBF Fillies' Handicap,-,,no_data,,,,,,,,,,False,False,0,
Song N Dance,Daniel Tudhope,84.0,4,133,6211-2,0.113488555,8/1,0.19397569,4/1,0.22415836,7/2,Ascot,13:45,2026-05-09,2,8.0,Peroni Nastro Azzurro 0.0% British EBF Fillies' Handicap,-,,no_data,,,,,,,,,,False,False,0,
Jannas Journey,Lauren Young,81.0,5,130,629-09,0.11713578,15/2,0.19986777,4/1,0.23089227,7/2,Ascot,13:45,2026-05-09,2,8.0,Peroni Nastro Azzurro 0.0% British EBF Fillies' Handicap,-,,no_data,,,,,,,,,,False,False,0,
Quamby,Callum Rodriguez,80.0,4,129,5/233-,0.111712135,8/1,0.19109815,4/1,0.22086792,7/2,Ascot,13:45,2026-05-09,2,8.0,Peroni Nastro Azzurro 0.0% British EBF Fillies' Handicap,-,,no_data,,,,,,,,,,False,False,0,
Deedaydiva,Sean Levey,88.0,3,124,31-3,0.16167064,5/1,0.27009723,5/2,0.3107572,2/1,Ascot,13:45,2026-05-09,2,8.0,Peroni Nastro Azzurro 0.0% British EBF Fillies' Handicap,-,,no_data,,,,,,,,,,False,False,0,
Politely,Saffie Osborne,86.0,3,122,95-11,0.1283492,7/1,0.21784975,7/2,0.25141245,3/1,Ascot,13:45,2026-05-09,2,8.0,Peroni Nastro Azzurro 0.0% British EBF Fillies' Handicap,-,,no_data,,,,,,,,,,False,False,0,
Witch Hunter,Sean Levey,103.0,7,138,-51489,0.039892156,24/1,0.07053277,13/1,0.082023,11/1,Ascot,14:20,2026-05-09,2,7.0,Carey Group Victoria Cup (Heritage Handicap),-,,no_data,,,,,,,,,,False,False,0,
Golden Mind,Warren Fentiman,103.0,5,138,001-72,0.038707566,25/1,0.068475,27/2,0.07963779,23/2,Ascot,14:20,2026-05-09,2,7.0,Carey Group Victoria Cup (Heritage Handicap),-,,no_data,,,,,,,,,,False,False,0,
Royal Zabeel,Jason Watson,102.0,5,137,871-04,0.039359618,49/2,0.069607966,27/2,0.080951095,23/2,Ascot,14:20,2026-05-09,2,7.0,Carey Group Victoria Cup (Heritage Handicap),-,,no_data,,,,,,,,,,False,False,0,
Ten Pounds,Andrea Pinna,101.0,5,136,41-488,0.036977466,26/1,0.06546557,29/2,0.07614861,12/1,Ascot,14:20,2026-05-09,2,7.0,Carey Group Victoria Cup (Heritage Handicap),-,,no_data,,,,,,,,,,False,False,0,
Completely Random,Kaiya Fraser,100.0,5,135,74-110,0.03656755,53/2,0.06475184,29/2,0.07532095,25/2,Ascot,14:20,2026-05-09,2,7.0,Carey Group Victoria Cup (Heritage Handicap),-,,no_data,,,,,,,,,,False,False,0,
The Wizard Of Eye,Neil Callan,99.0,7,134,60/39-,0.036261987,53/2,0.06421963,29/2,0.074703746,25/2,Ascot,14:20,2026-05-09,2,7.0,Carey Group Victoria Cup (Heritage Handicap),-,,no_data,,,,,,,,,,False,False,0,
Popmaster,P J McDonald,98.0,8,133,321227,0.040170513,24/1,0.07101599,13/1,0.08258305,11/1,Ascot,14:20,2026-05-09,2,7.0,Carey Group Victoria Cup (Heritage Handicap),-,,no_data,,,,,,,,,,False,False,0,
Serengeti,Rob Hornby,98.0,4,133,25-450,0.050615627,19/1,0.08905858,10/1,0.103474684,17/2,Ascot,14:20,2026-05-09,2,7.0,Carey Group Victoria Cup (Heritage Handicap),-,,no_data,,,,,,,,,,False,False,0,
Great Acclaim,Charles Bishop,98.0,5,133,240-03,0.037871387,51/2,0.0670211,14/1,0.07795224,12/1,Ascot,14:20,2026-05-09,2,7.0,Carey Group Victoria Cup (Heritage Handicap),-,,no_data,,,,,,,,,,False,False,0,
Houquetot,Paddy Bradley,98.0,4,133,/065-9,0.036036298,53/2,0.06382644,29/2,0.07424775,25/2,Ascot,14:20,2026-05-09,2,7.0,Carey Group Victoria Cup (Heritage Handicap),,,drifting,50/1,40/1,50/1,66/1,,,,,,False,False,-1,
Pellitory,Daniel Tudhope,97.0,4,132,78550-,0.034762487,28/1,0.06160573,15/1,0.07167195,13/1,Ascot,14:20,2026-05-09,2,7.0,Carey Group Victoria Cup (Heritage Handicap),-,,no_data,,,,,,,,,,False,False,0,
Khafiz,Callum Rodriguez,97.0,4,132,1793-5,0.043666422,22/1,0.077074155,12/1,0.08960205,10/1,Ascot,14:20,2026-05-09,2,7.0,Carey Group Victoria Cup (Heritage Handicap),-,,no_data,,,,,,,,,,False,False,0,
Hickory,Saffie Osborne,96.0,8,131,35212-,0.035985872,27/1,0.063738585,29/2,0.07414585,25/2,Ascot,14:20,2026-05-09,2,7.0,Carey Group Victoria Cup (Heritage Handicap),-,,no_data,,,,,,,,,,False,False,0,
Defence Minister,James Doyle,96.0,4,131,0249-1,0.04165509,23/1,0.073591046,25/2,0.08556703,21/2,Ascot,14:20,2026-05-09,2,7.0,Carey Group Victoria Cup (Heritage Handicap),-,,no_data,,,,,,,,,,False,False,0,
Yorkshire,Jack Mitchell,95.0,6,130,51469-,0.039951283,24/1,0.07063542,13/1,0.08214198,11/1,Ascot,14:20,2026-05-09,2,7.0,Carey Group Victoria Cup (Heritage Handicap),-,,no_data,,,,,,,,,,False,False,0,
Mudbir,Oisin Murphy,95.0,4,130,15117-,0.04635514,41/2,0.08172021,11/1,0.09498211,19/2,Ascot,14:20,2026-05-09,2,7.0,Carey Group Victoria Cup (Heritage Handicap),-,,no_data,,,,,,,,,,False,False,0,
So Darn Hot,Kieran Shoemark,95.0,4,130,135-06,0.033876568,57/2,0.060059726,31/2,0.069878414,27/2,Ascot,14:20,2026-05-09,2,7.0,Carey Group Victoria Cup (Heritage Handicap),-,,no_data,,,,,,,,,,False,False,0,
Star Anthem,Harry Davies,94.0,4,129,79308-,0.034930073,55/2,0.061898045,15/1,0.07201103,13/1,Ascot,14:20,2026-05-09,2,7.0,Carey Group Victoria Cup (Heritage Handicap),-,,no_data,,,,,,,,,,False,False,0,
Tribal Chief,Billy Loughnane,93.0,5,128,6107-3,0.039832246,24/1,0.07042876,13/1,0.08190245,11/1,Ascot,14:20,2026-05-09,2,7.0,Carey Group Victoria Cup (Heritage Handicap),-,,no_data,,,,,,,,,,False,False,0,
Shiplake,David Egan,92.0,4,127,4361-1,0.04352191,22/1,0.076824114,12/1,0.08931244,10/1,Ascot,14:20,2026-05-09,2,7.0,Carey Group Victoria Cup (Heritage Handicap),-,,no_data,,,,,,,,,,False,False,0,
Nostrum,Alistair Rawlinson,92.0,6,127,68000-,0.039500296,49/2,0.069852315,27/2,0.08123432,23/2,Ascot,14:20,2026-05-09,2,7.0,Carey Group Victoria Cup (Heritage Handicap),-,,no_data,,,,,,,,,,False,False,0,
Jordan Electrics,Lauren Young,91.0,10,126,080-02,0.0362171,53/2,0.06414144,29/2,0.074613065,25/2,Ascot,14:20,2026-05-09,2,7.0,Carey Group Victoria Cup (Heritage Handicap),-,,no_data,,,,,,,,,,False,False,0,
Morte Point,Lewis Edmunds,91.0,4,126,1211-0,0.043978315,43/2,0.0776137,12/1,0.09022696,10/1,Ascot,14:20,2026-05-09,2,7.0,Carey Group Victoria Cup (Heritage Handicap),-,,no_data,,,,,,,,,,False,False,0,
Nikovo,Dylan Hogan,90.0,7,125,233160,0.03739745,51/2,0.06619656,14/1,0.07699622,12/1,Ascot,14:20,2026-05-09,2,7.0,Carey Group Victoria Cup (Heritage Handicap),-,,no_data,,,,,,,,,,False,False,0,
Humam,Marco Ghiani,90.0,4,125,8534-0,0.039629,24/1,0.07007584,27/2,0.08149341,23/2,Ascot,14:20,2026-05-09,2,7.0,Carey Group Victoria Cup (Heritage Handicap),-,,no_data,,,,,,,,,,False,False,0,
Shafdar,Edward Greatrex,89.0,4,124,-31201,0.062283047,15/1,0.10900614,8/1,0.1265273,7/1,Ascot,14:20,2026-05-09,2,7.0,Carey Group Victoria Cup (Heritage Handicap),-,,no_data,,,,,,,,,,False,False,0,
Storm Free,Clifford Lee,89.0,4,124,1321-6,0.054573055,35/2,0.095848925,19/2,0.11132738,8/1,Ascot,14:20,2026-05-09,2,7.0,Carey Group Victoria Cup (Heritage Handicap),-,,no_data,,,,,,,,,,False,False,0,
Aalto,Nicola Currie,89.0,6,124,07078-,0.036504216,53/2,0.06464154,29/2,0.07519304,25/2,Ascot,14:20,2026-05-09,2,7.0,Carey Group Victoria Cup (Heritage Handicap),-,,no_data,,,,,,,,,,False,False,0,
Jumby,Oliver Carmichael,89.0,8,124,3640-8,0.04097138,47/2,0.07240556,13/1,0.08419338,11/1,Ascot,14:20,2026-05-09,2,7.0,Carey Group Victoria Cup (Heritage Handicap),-,,no_data,,,,,,,,,,False,False,0,
Siempre Arturo,Jason Watson,94.0,6,135,11637-,0.06713555,14/1,0.11723824,15/2,0.13602675,13/2,Ascot,14:55,2026-05-09,3,12.0,Peroni Nastro Azzurro 0.0% Italy Handicap (GBBPlus Race),-,,no_data,,,,,,,,,,False,False,0,
Kirchner,David Egan,92.0,4,133,3/434-,0.14074232,6/1,0.23748946,3/1,0.27376965,5/2,Ascot,14:55,2026-05-09,3,12.0,Peroni Nastro Azzurro 0.0% Italy Handicap (GBBPlus Race),-,,no_data,,,,,,,,,,False,False,0,
Al Wasl Storm,Callum Rodriguez,92.0,4,133,21001-,0.06804083,27/2,0.118769854,15/2,0.13779324,13/2,Ascot,14:55,2026-05-09,3,12.0,Peroni Nastro Azzurro 0.0% Italy Handicap (GBBPlus Race),-,,no_data,,,,,,,,,,False,False,0,
Opportunity,James Doyle,91.0,4,132,4/149-,0.0757666,12/1,0.13178742,13/2,0.15279523,11/2,Ascot,14:55,2026-05-09,3,12.0,Peroni Nastro Azzurro 0.0% Italy Handicap (GBBPlus Race),-,,no_data,,,,,,,,,,False,False,0,
Boatswain,Harry Davies,90.0,4,131,27488-,0.073038206,25/2,0.12720111,7/1,0.1475122,6/1,Ascot,14:55,2026-05-09,3,12.0,Peroni Nastro Azzurro 0.0% Italy Handicap (GBBPlus Race),-,,no_data,,,,,,,,,,False,False,0,
Too Soon,Rhys Clutterbuck,90.0,4,131,5338-0,0.069364645,27/2,0.12100719,15/2,0.14037314,6/1,Ascot,14:55,2026-05-09,3,12.0,Peroni Nastro Azzurro 0.0% Italy Handicap (GBBPlus Race),-,,no_data,,,,,,,,,,False,False,0,
Gordon Grey,Neil Callan,89.0,6,130,111-93,0.07929077,23/2,0.13769376,13/2,0.1595949,11/2,Ascot,14:55,2026-05-09,3,12.0,Peroni Nastro Azzurro 0.0% Italy Handicap (GBBPlus Race),-,,no_data,,,,,,,,,,False,False,0,
In The Breeze,Kieran Shoemark,88.0,8,129,1447-1,0.07155423,13/1,0.124701604,7/1,0.14463186,6/1,Ascot,14:55,2026-05-09,3,12.0,Peroni Nastro Azzurro 0.0% Italy Handicap (GBBPlus Race),-,,no_data,,,,,,,,,,False,False,0,
Whatsgoingonmarvin,Marco Ghiani,87.0,4,128,23310-,0.06849986,27/2,0.11954597,15/2,0.13868825,6/1,Ascot,14:55,2026-05-09,3,12.0,Peroni Nastro Azzurro 0.0% Italy Handicap (GBBPlus Race),-,,no_data,,,,,,,,,,False,False,0,
Valedictory,Billy Loughnane,87.0,4,128,3/41-2,0.103052616,17/2,0.17699884,9/2,0.20472868,4/1,Ascot,14:55,2026-05-09,3,12.0,Peroni Nastro Azzurro 0.0% Italy Handicap (GBBPlus Race),-,,no_data,,,,,,,,,,False,False,0,
Bulletin,Rob Hornby,86.0,4,127,3143-3,0.08285797,11/1,0.14365199,6/1,0.16644976,5/1,Ascot,14:55,2026-05-09,3,12.0,Peroni Nastro Azzurro 0.0% Italy Handicap (GBBPlus Race),-,,no_data,,,,,,,,,,False,False,0,
Serenity Blue,Jack Mitchell,86.0,4,127,1109-3,0.06632378,14/1,0.115863726,15/2,0.13444121,13/2,Ascot,14:55,2026-05-09,3,12.0,Peroni Nastro Azzurro 0.0% Italy Handicap (GBBPlus Race),-,,no_data,,,,,,,,,,False,False,0,
Classical Allusion,Oisin Murphy,85.0,4,126,1-25,0.07567724,12/1,0.1316374,13/2,0.15262246,11/2,Ascot,14:55,2026-05-09,3,12.0,Peroni Nastro Azzurro 0.0% Italy Handicap (GBBPlus Race),-,,no_data,,,,,,,,,,False,False,0,
Hermetic,Edward Greatrex,82.0,4,123,5114-,0.12860999,7/1,0.21826555,7/2,0.2518864,3/1,Ascot,14:55,2026-05-09,3,12.0,Peroni Nastro Azzurro 0.0% Italy Handicap (GBBPlus Race),,,shortening,40/1,50/1,40/1,33/1,,,,,,False,False,1,
Wine Dark Sea,Saffie Osborne,78.0,4,119,75162-,0.09566143,19/2,0.1648697,5/1,0.1908228,4/1,Ascot,14:55,2026-05-09,3,12.0,Peroni Nastro Azzurro 0.0% Italy Handicap (GBBPlus Race),-,,no_data,,,,,,,,,,False,False,0,
Waterford Castle,Billy Loughnane,84.0,3,135,76-222,0.24620087,3/1,0.39466968,3/2,0.4503455,1/1,Ascot,15:30,2026-05-09,3,10.0,Royal Ascot Local Schools Art Competition Handicap,-,,no_data,,,,,,,,,,False,False,0,
Sassicaia,Saffie Osborne,81.0,3,132,1-4,0.19602603,4/1,0.32210588,2/1,0.36938584,3/2,Ascot,15:30,2026-05-09,3,10.0,Royal Ascot Local Schools Art Competition Handicap,-,,no_data,,,,,,,,,,False,False,0,
Devils Peak,James Doyle,80.0,3,131,2434-2,0.21443518,7/2,0.3491974,2/1,0.39973322,3/2,Ascot,15:30,2026-05-09,3,10.0,Royal Ascot Local Schools Art Competition Handicap,-,,no_data,,,,,,,,,,False,False,0,
Enemy Agent,Harry Davies,80.0,3,131,16,0.26935098,5/2,0.4267918,3/2,0.4858321,1/1,Ascot,15:30,2026-05-09,3,10.0,Royal Ascot Local Schools Art Competition Handicap,-,,no_data,,,,,,,,,,False,False,0,
Sintra,Oisin Murphy,75.0,3,126,323,0.2321577,7/2,0.3747661,3/2,0.42824426,3/2,Ascot,15:30,2026-05-09,3,10.0,Royal Ascot Local Schools Art Competition Handicap,-,,no_data,,,,,,,,,,False,False,0,
Naga,James Doyle,85.0,4,142,6511-1,0.15505722,11/2,0.2598688,3/1,0.29917315,5/2,Ascot,16:05,2026-05-09,4,10.0,Mariner Systems Fillies' Handicap,-,,no_data,,,,,,,,,,False,False,0,
Nanino Niyati,Callum Rodriguez,82.0,4,139,92138-,0.13141155,13/2,0.2227256,7/2,0.25696838,3/1,Ascot,16:05,2026-05-09,4,10.0,Mariner Systems Fillies' Handicap,-,,no_data,,,,,,,,,,False,False,0,
Lady Ridgewood,Kieran Shoemark,82.0,4,139,/231-6,0.14126174,6/1,0.23830724,3/1,0.2746993,5/2,Ascot,16:05,2026-05-09,4,10.0,Mariner Systems Fillies' Handicap,-,,no_data,,,,,,,,,,False,False,0,
Moon Angel,Marco Ghiani,79.0,5,136,/1331-,0.14989787,11/2,0.25184068,3/1,0.29006922,5/2,Ascot,16:05,2026-05-09,4,10.0,Mariner Systems Fillies' Handicap,-,,no_data,,,,,,,,,,False,False,0,
Tryst,Billy Loughnane,84.0,3,126,821-42,0.18763809,9/2,0.3095821,2/1,0.35531113,2/1,Ascot,16:05,2026-05-09,4,10.0,Mariner Systems Fillies' Handicap,-,,no_data,,,,,,,,,,False,False,0,
Bint Kilfrush,Clifford Lee,80.0,3,122,15,0.16273232,5/1,0.27173272,5/2,0.31260788,2/1,Ascot,16:05,2026-05-09,4,10.0,Mariner Systems Fillies' Handicap,-,,no_data,,,,,,,,,,False,False,0,
Venetia,Edward Greatrex,77.0,3,119,623-,0.15013593,11/2,0.25221205,3/1,0.2904906,5/2,Ascot,16:05,2026-05-09,4,10.0,Mariner Systems Fillies' Handicap,-,,no_data,,,,,,,,,,False,False,0,
Ruby Wedding,Nicola Currie,76.0,3,118,35-4,0.15304068,11/2,0.25673607,3/1,0.29562184,5/2,Ascot,16:05,2026-05-09,4,10.0,Mariner Systems Fillies' Handicap,-,,no_data,,,,,,,,,,False,False,0,
Room Fourteen,Saffie Osborne,72.0,3,114,683-31,0.12002577,15/2,0.20452145,4/1,0.23620732,3/1,Ascot,16:05,2026-05-09,4,10.0,Mariner Systems Fillies' Handicap,-,,no_data,,,,,,,,,,False,False,0,
Lord Roxby,Alex Jary,80.0,4,135,3662-9,0.06170564,15/1,0.10802409,17/2,0.12539351,7/1,Ascot,16:40,2026-05-09,4,6.0,Peroni Nastro Azzurro 0.0% Blue Handicap,-,,no_data,,,,,,,,,,False,False,0,
Daring Legend,Tyler Heard,79.0,5,134,160-20,0.07634444,12/1,0.13275722,13/2,0.15391201,11/2,Ascot,16:40,2026-05-09,4,6.0,Peroni Nastro Azzurro 0.0% Blue Handicap,-,,no_data,,,,,,,,,,False,False,0,
Cressida Wildes,Connor Planas,79.0,4,134,95-517,0.060144093,31/2,0.10536552,17/2,0.12232356,7/1,Ascot,16:40,2026-05-09,4,6.0,Peroni Nastro Azzurro 0.0% Blue Handicap,-,,no_data,,,,,,,,,,False,False,0,
Juan Les Pins,Harry Davies,77.0,9,132,021213,0.067356795,14/1,0.117612675,15/2,0.13645864,13/2,Ascot,16:40,2026-05-09,4,6.0,Peroni Nastro Azzurro 0.0% Blue Handicap,-,,no_data,,,,,,,,,,False,False,0,
Cajetan,Billy Loughnane,77.0,5,132,-30004,0.052278344,18/1,0.091914594,10/1,0.10677819,17/2,Ascot,16:40,2026-05-09,4,6.0,Peroni Nastro Azzurro 0.0% Blue Handicap,-,,no_data,,,,,,,,,,False,False,0,
Twilight Jet,Sean Levey,76.0,7,131,35-585,0.06476111,29/2,0.11321479,8/1,0.13138492,13/2,Ascot,16:40,2026-05-09,4,6.0,Peroni Nastro Azzurro 0.0% Blue Handicap,-,,no_data,,,,,,,,,,False,False,0,
Waistcoat,Jack Mitchell,75.0,5,130,292-19,0.05969912,16/1,0.104607224,17/2,0.121447764,7/1,Ascot,16:40,2026-05-09,4,6.0,Peroni Nastro Azzurro 0.0% Blue Handicap,-,,no_data,,,,,,,,,,False,False,0,
True Promise,Daniel Tudhope,75.0,5,130,325522,0.07504522,25/2,0.13057597,13/2,0.1514,11/2,Ascot,16:40,2026-05-09,4,6.0,Peroni Nastro Azzurro 0.0% Blue Handicap,-,,no_data,,,,,,,,,,False,False,0,
Arantes Nascimento,Paddy Bradley,74.0,5,129,-22271,0.06565261,14/1,0.114726484,15/2,0.13312918,13/2,Ascot,16:40,2026-05-09,4,6.0,Peroni Nastro Azzurro 0.0% Blue Handicap,,,shortening,11/1,12/1,11/1,10/1,,,,,,False,False,1,
The Bitter Moose,Saffie Osborne,73.0,5,128,2210-4,0.057497688,33/2,0.10085105,9/1,0.11710856,15/2,Ascot,16:40,2026-05-09,4,6.0,Peroni Nastro Azzurro 0.0% Blue Handicap,-,,no_data,,,,,,,,,,False,False,0,
Rage Of Thunder,Rhys Clutterbuck,73.0,4,128,1222-0,0.0619018,15/1,0.10835777,8/1,0.12577876,7/1,Ascot,16:40,2026-05-09,4,6.0,Peroni Nastro Azzurro 0.0% Blue Handicap,-,,no_data,,,,,,,,,,False,False,0,
Azure Zain,Warren Fentiman,73.0,4,128,0335-0,0.072307296,13/1,0.12597045,7/1,0.14609414,6/1,Ascot,16:40,2026-05-09,4,6.0,Peroni Nastro Azzurro 0.0% Blue Handicap,-,,no_data,,,,,,,,,,False,False,0,
Hectic,Clifford Lee,72.0,6,127,19-444,0.053971395,35/2,0.09481818,19/2,0.11013573,8/1,Ascot,16:40,2026-05-09,4,6.0,Peroni Nastro Azzurro 0.0% Blue Handicap,-,,no_data,,,,,,,,,,False,False,0,
Tokyo Joe,Kieran Shoemark,71.0,4,126,35821-,0.061535742,31/2,0.10773502,17/2,0.12505975,7/1,Ascot,16:40,2026-05-09,4,6.0,Peroni Nastro Azzurro 0.0% Blue Handicap,-,,no_data,,,,,,,,,,False,False,0,
Thunderous Love,Rob Hornby,71.0,5,126,1520-5,0.054589257,35/2,0.09587668,19/2,0.11135946,8/1,Ascot,16:40,2026-05-09,4,6.0,Peroni Nastro Azzurro 0.0% Blue Handicap,-,,no_data,,,,,,,,,,False,False,0,
Fantasy Master,David Egan,71.0,8,126,06551-,0.067323595,14/1,0.1175565,15/2,0.13639385,13/2,Ascot,16:40,2026-05-09,4,6.0,Peroni Nastro Azzurro 0.0% Blue Handicap,-,,no_data,,,,,,,,,,False,False,0,
Dicko The Legend,Jason Watson,70.0,6,125,04-752,0.059418097,16/1,0.10412817,17/2,0.12089445,15/2,Ascot,16:40,2026-05-09,4,6.0,Peroni Nastro Azzurro 0.0% Blue Handicap,-,,no_data,,,,,,,,,,False,False,0,
Neyvas Angel,Oisin Murphy,69.0,4,124,4-5715,0.047685422,20/1,0.08401464,11/1,0.09763809,9/1,Ascot,16:40,2026-05-09,4,6.0,Peroni Nastro Azzurro 0.0% Blue Handicap,-,,no_data,,,,,,,,,,False,False,0,
Serenity Dream,Charles Bishop,69.0,5,124,162638,0.0551183,17/1,0.09678252,19/2,0.112406604,8/1,Ascot,16:40,2026-05-09,4,6.0,Peroni Nastro Azzurro 0.0% Blue Handicap,-,,no_data,,,,,,,,,,False,False,0,
Twisting Physics,Hector Crouch,85.0,5,135,1/21-6,0.11822602,15/2,0.20162493,4/1,0.23289952,7/2,Lingfield,12:55,2026-05-09,4,10.0,William Hill Epic Boosts Handicap (GBBPlus Race),,,stable,15/8,2/1,9/4,2/1,,,,,,False,False,0,
Noble Horizon,Tom Marquand,85.0,4,135,21583-,0.121602945,7/1,0.20705548,4/1,0.23910019,3/1,Lingfield,12:55,2026-05-09,4,10.0,William Hill Epic Boosts Handicap (GBBPlus Race),100/1,101.0,shortening,7/1,15/2,8/1,15/2,101.0,0.009900990099009901,0.11170195490099011,11.281897445,0.0282047436125,True,False,1,0.1317019549009901
Towerlands,Ray Dawson,84.0,4,134,-41350,0.11519546,15/2,0.19673583,4/1,0.22731347,7/2,Lingfield,12:55,2026-05-09,4,10.0,William Hill Epic Boosts Handicap (GBBPlus Race),100/1,101.0,shortening,250/1,80/1,20/1,18/1,101.0,0.009900990099009901,0.1052944699009901,10.63474146,0.026586853650000002,True,False,1,0.1252944699009901
Youthful King,Jack Gilligan,83.0,7,133,398-88,0.09237647,10/1,0.15945092,11/2,0.18460384,9/2,Lingfield,12:55,2026-05-09,4,10.0,William Hill Epic Boosts Handicap (GBBPlus Race),66/1,67.0,shortening,50/1,66/1,50/1,40/1,67.0,0.014925373134328358,0.07745109686567164,5.18922349,0.019656149583333334,True,False,1,0.09745109686567165
Salamanca City,Daniel Muscutt,80.0,5,130,2326-1,0.12579258,7/1,0.21376762,7/2,0.24675825,3/1,Lingfield,12:55,2026-05-09,4,10.0,William Hill Epic Boosts Handicap (GBBPlus Race),16/1,17.0,shortening,25/1,11/4,3/1,11/4,17.0,0.058823529411764705,0.06696905058823528,1.13847386,0.0177886540625,True,False,1,0.08696905058823529
Sweet Reward,Olivia Tubb,78.0,9,128,6557-2,0.1120024,8/1,0.1915687,4/1,0.22140606,7/2,Lingfield,12:55,2026-05-09,4,10.0,William Hill Epic Boosts Handicap (GBBPlus Race),9/4,3.25,drifting,5/2,11/4,5/2,11/4,3.25,0.3076923076923077,-0.1956899076923077,-0.6359922,0.0,False,False,-1,-0.2156899076923077
Morcar,Joe Leavy,78.0,6,128,3338-0,0.10292536,17/2,0.17679074,9/2,0.20449026,4/1,Lingfield,12:55,2026-05-09,4,10.0,William Hill Epic Boosts Handicap (GBBPlus Race),100/1,101.0,shortening,200/1,10/1,9/1,10/1,101.0,0.009900990099009901,0.0930243699009901,9.395461359999999,0.023488653399999997,True,False,1,0.1130243699009901
Double Red,David Probert,77.0,5,127,3815-1,0.10792829,17/2,0.18495211,9/2,0.21383604,7/2,Lingfield,12:55,2026-05-09,4,10.0,William Hill Epic Boosts Handicap (GBBPlus Race),100/1,101.0,shortening,9/2,4/1,7/2,4/1,101.0,0.009900990099009901,0.0980272999009901,9.90075729,0.024751893225,True,False,1,0.1180272999009901
Cristo,Pat Dobbs,77.0,4,127,968478,0.103300124,17/2,0.1774035,9/2,0.20519225,4/1,Lingfield,12:55,2026-05-09,4,10.0,William Hill Epic Boosts Handicap (GBBPlus Race),22/1,23.0,stable,20/1,22/1,20/1,22/1,23.0,0.043478260869565216,0.05982186313043478,1.3759028519999998,0.01563525968181818,True,False,0,0.05982186313043478
Warning Sign,Jude Fernandes,75.0,7,125,123-90,0.1131467,8/1,0.19342232,4/1,0.22352567,7/2,Lingfield,12:55,2026-05-09,4,10.0,William Hill Epic Boosts Handicap (GBBPlus Race),,,shortening,50/1,66/1,50/1,40/1,,,,,,False,False,1,
Amora Queen,Silvestre De Sousa,93.0,3,128,110-2,0.24179827,3/1,0.38846377,3/2,0.44346333,3/2,Lingfield,13:28,2026-05-09,1,11.5,William Hill Oaks Trial Fillies' Stakes (Listed Race),100/1,101.0,shortening,200/1,100/1,8/1,15/2,101.0,0.009900990099009901,0.2318972799009901,23.42162527,0.058554063175,True,True,1,0.2518972799009901
Bloom,Tom Marquand,99.0,3,128,71-3,0.23061854,7/2,0.37256545,3/2,0.42579553,3/2,Lingfield,13:28,2026-05-09,1,11.5,William Hill Oaks Trial Fillies' Stakes (Listed Race),250/1,251.0,shortening,7/2,4/1,7/2,4/1,251.0,0.00398406374501992,0.2266344762549801,56.88525354,0.05688525354,True,True,1,0.24663447625498008
Cameo,Ryan Moore,95.0,3,128,0314-5,0.24025345,3/1,0.38627884,3/2,0.44103837,3/2,Lingfield,13:28,2026-05-09,1,11.5,William Hill Oaks Trial Fillies' Stakes (Listed Race),10/3,4.3333,drifting,7/2,10/3,7/2,4/1,4.3333,0.23077100593081484,0.009482444069185164,0.041090274885000166,0.003081801434389356,False,False,-1,-0.010517555930814836
Prizeland,David Probert,85.0,3,128,41-1,0.26468754,3/1,0.42038998,3/2,0.4787784,1/1,Lingfield,13:28,2026-05-09,1,11.5,William Hill Oaks Trial Fillies' Stakes (Listed Race),12/1,13.0,shortening,9/1,17/2,9/1,17/2,13.0,0.07692307692307693,0.18776446307692307,2.44093802,0.050852875416666665,True,True,1,0.20776446307692306
Romantic Symphony,William Buick,92.0,3,128,1-1,0.20593005,4/1,0.33674836,2/1,0.38580522,3/2,Lingfield,13:28,2026-05-09,1,11.5,William Hill Oaks Trial Fillies' Stakes (Listed Race),66/1,67.0,shortening,7/4,11/8,7/5,6/4,67.0,0.014925373134328358,0.19100467686567166,12.79731335,0.04847467178030303,True,True,1,0.21100467686567165
A Taste Of Glory,Daniel Muscutt,84.0,3,128,4410-1,0.21084148,7/2,0.34395134,2/1,0.39386755,3/2,Lingfield,13:58,2026-05-09,1,11.5,William Hill Lingfield Derby Trial Stakes (Listed Race),-,,no_data,,,,,,,,,,False,False,0,
Balzac,Silvestre De Sousa,97.0,3,128,3-13,0.21033053,4/1,0.3432038,2/1,0.3930313,3/2,Lingfield,13:58,2026-05-09,1,11.5,William Hill Lingfield Derby Trial Stakes (Listed Race),-,,no_data,,,,,,,,,,False,False,0,
Bay Of Brilliance,Hector Crouch,97.0,3,128,511-,0.23399527,7/2,0.37738848,3/2,0.43116093,3/2,Lingfield,13:58,2026-05-09,1,11.5,William Hill Lingfield Derby Trial Stakes (Listed Race),-,,no_data,,,,,,,,,,False,False,0,
Isaac Newton,Ryan Moore,106.0,3,128,2154-4,0.22587402,7/2,0.365758,3/2,0.4182145,3/2,Lingfield,13:58,2026-05-09,1,11.5,William Hill Lingfield Derby Trial Stakes (Listed Race),-,,no_data,,,,,,,,,,False,False,0,
Maho Bay,William Buick,104.0,3,128,1-1,0.1743055,9/2,0.28944397,5/2,0.3326209,2/1,Lingfield,13:58,2026-05-09,1,11.5,William Hill Lingfield Derby Trial Stakes (Listed Race),-,,no_data,,,,,,,,,,False,False,0,
Maltese Cross,Tom Marquand,96.0,3,128,21-1,0.18606149,9/2,0.30721557,5/2,0.35264835,2/1,Lingfield,13:58,2026-05-09,1,11.5,William Hill Lingfield Derby Trial Stakes (Listed Race),-,,no_data,,,,,,,,,,False,False,0,
Copacabana Sands,Ryan Moore,105.0,4,132,51146-,0.16877149,5/1,0.28100163,5/2,0.32308793,2/1,Lingfield,14:40,2026-05-09,1,7.0,William Hill Chartwell Fillies' Stakes (Group 3),-,,no_data,,,,,,,,,,False,False,0,
Dash Of Azure,Hector Crouch,101.0,4,132,70128-,0.1409698,6/1,0.23784766,3/1,0.27417684,5/2,Lingfield,14:40,2026-05-09,1,7.0,William Hill Chartwell Fillies' Stakes (Group 3),-,,no_data,,,,,,,,,,False,False,0,
Fouette,Daniel Muscutt,92.0,4,132,1165-0,0.12799798,7/1,0.21728957,7/2,0.2507739,3/1,Lingfield,14:40,2026-05-09,1,7.0,William Hill Chartwell Fillies' Stakes (Group 3),-,,no_data,,,,,,,,,,False,False,0,
Havana Pusey,Joe Leavy,96.0,6,132,300-01,0.11708236,15/2,0.19978163,4/1,0.23079385,7/2,Lingfield,14:40,2026-05-09,1,7.0,William Hill Chartwell Fillies' Stakes (Group 3),-,,no_data,,,,,,,,,,False,False,0,
La Brodeuse,Tom Marquand,93.0,4,132,15437-,0.16460198,5/1,0.27460852,5/2,0.315861,2/1,Lingfield,14:40,2026-05-09,1,7.0,William Hill Chartwell Fillies' Stakes (Group 3),-,,no_data,,,,,,,,,,False,False,0,
Mandurah,Pat Cosgrave,89.0,4,132,/0972-,0.12134302,7/1,0.20663813,4/1,0.2386238,3/1,Lingfield,14:40,2026-05-09,1,7.0,William Hill Chartwell Fillies' Stakes (Group 3),,,drifting,25/1,40/1,33/1,28/1,,,,,,False,False,-1,
Royal Velvet,William Buick,99.0,5,132,1815-1,0.11243432,8/1,0.1922686,4/1,0.22220644,7/2,Lingfield,14:40,2026-05-09,1,7.0,William Hill Chartwell Fillies' Stakes (Group 3),-,,no_data,,,,,,,,,,False,False,0,
Sunlit Uplands,David Probert,93.0,4,132,11764-,0.13499218,13/2,0.22840762,7/2,0.2634384,3/1,Lingfield,14:40,2026-05-09,1,7.0,William Hill Chartwell Fillies' Stakes (Group 3),-,,no_data,,,,,,,,,,False,False,0,
Mr Swivell,Ray Dawson,95.0,5,135,21820-,0.1417101,6/1,0.23901278,3/1,0.27550128,5/2,Lingfield,15:15,2026-05-09,3,7.5,William Hill Each Way Extra Handicap,-,,no_data,,,,,,,,,,False,False,0,
Back In Black,Daniel Muscutt,94.0,4,134,5324-4,0.16222359,5/1,0.27094927,5/2,0.3117214,2/1,Lingfield,15:15,2026-05-09,3,7.5,William Hill Each Way Extra Handicap,-,,no_data,,,,,,,,,,False,False,0,
Apotheosis,Tom Marquand,94.0,5,134,001-02,0.13143809,13/2,0.2227678,7/2,0.25701645,3/1,Lingfield,15:15,2026-05-09,3,7.5,William Hill Each Way Extra Handicap,-,,no_data,,,,,,,,,,False,False,0,
Christian David,Joe Leavy,91.0,5,131,01-093,0.12459859,7/1,0.21185762,7/2,0.24457975,3/1,Lingfield,15:15,2026-05-09,3,7.5,William Hill Each Way Extra Handicap,-,,no_data,,,,,,,,,,False,False,0,
Sword,David Probert,86.0,5,126,00820-,0.13775137,13/2,0.23277211,7/2,0.2684049,5/2,Lingfield,15:15,2026-05-09,3,7.5,William Hill Each Way Extra Handicap,-,,no_data,,,,,,,,,,False,False,0,
The Dragon King,Hector Crouch,83.0,4,123,51-255,0.12721208,7/1,0.21603543,7/2,0.24934417,3/1,Lingfield,15:15,2026-05-09,3,7.5,William Hill Each Way Extra Handicap,-,,no_data,,,,,,,,,,False,False,0,
Dragon Leader,Georgia Dobie,81.0,5,121,/0-635,0.13755438,13/2,0.23246092,7/2,0.26805088,5/2,Lingfield,15:15,2026-05-09,3,7.5,William Hill Each Way Extra Handicap,-,,no_data,,,,,,,,,,False,False,0,
Foreseen,Silvestre De Sousa,76.0,5,116,1-6134,0.116732016,15/2,0.19921654,4/1,0.23014824,7/2,Lingfield,15:15,2026-05-09,3,7.5,William Hill Each Way Extra Handicap,-,,no_data,,,,,,,,,,False,False,0,
Fresh Fade,Kieren Fox,82.0,3,137,36045-,0.1939071,4/1,0.3189528,2/1,0.36584494,3/2,Lingfield,15:50,2026-05-09,4,7.0,William Hill Best Odds Guaranteed Handicap,-,,no_data,,,,,,,,,,False,False,0,
Dagger Strike,Hollie Doyle,82.0,3,137,1-2227,0.13567549,13/2,0.22948962,7/2,0.26466992,3/1,Lingfield,15:50,2026-05-09,4,7.0,William Hill Best Odds Guaranteed Handicap,-,,no_data,,,,,,,,,,False,False,0,
Mystic Moment,David Probert,82.0,3,137,5337-6,0.15702173,11/2,0.26291445,3/1,0.30262423,5/2,Lingfield,15:50,2026-05-09,4,7.0,William Hill Best Odds Guaranteed Handicap,-,,no_data,,,,,,,,,,False,False,0,
Hardys Hero,Tom Marquand,81.0,3,136,7115-2,0.1567494,11/2,0.26249263,3/1,0.30214635,5/2,Lingfield,15:50,2026-05-09,4,7.0,William Hill Best Odds Guaranteed Handicap,-,,no_data,,,,,,,,,,False,False,0,
Oracle Mission,Pierre-Louis Jamin,80.0,3,135,31-,0.16309798,5/1,0.2722956,5/2,0.3132447,2/1,Lingfield,15:50,2026-05-09,4,7.0,William Hill Best Odds Guaranteed Handicap,-,,no_data,,,,,,,,,,False,False,0,
Mr Writer,Daniel Muscutt,77.0,3,132,2562-4,0.14519614,6/1,0.24448752,3/1,0.2817218,5/2,Lingfield,15:50,2026-05-09,4,7.0,William Hill Best Odds Guaranteed Handicap,-,,no_data,,,,,,,,,,False,False,0,
French Affair,Pat Dobbs,76.0,3,131,324-25,0.1424185,6/1,0.24012688,3/1,0.27676752,5/2,Lingfield,15:50,2026-05-09,4,7.0,William Hill Best Odds Guaranteed Handicap,-,,no_data,,,,,,,,,,False,False,0,
Assaranca,Joe Leavy,70.0,3,125,716-63,0.12889779,7/1,0.21872431,7/2,0.25240925,3/1,Lingfield,15:50,2026-05-09,4,7.0,William Hill Best Odds Guaranteed Handicap,-,,no_data,,,,,,,,,,False,False,0,
Tuscan Point,Pat Cosgrave,72.0,4,137,-12521,0.107634105,17/2,0.1844733,9/2,0.21328801,7/2,Lingfield,16:25,2026-05-09,5,5.0,William Hill Price Boosts Every Day Handicap,-,,no_data,,,,,,,,,,False,False,0,
Maharajas Express,David Probert,69.0,6,134,3136-4,0.13218868,13/2,0.22396055,7/2,0.258375,3/1,Lingfield,16:25,2026-05-09,5,5.0,William Hill Price Boosts Every Day Handicap,,,drifting,15/2,8/1,15/2,8/1,,,,,,False,False,-1,
Shalaa Asker,Tom Marquand,67.0,8,132,115222,0.10907459,8/1,0.18681645,9/2,0.21596965,7/2,Lingfield,16:25,2026-05-09,5,5.0,William Hill Price Boosts Every Day Handicap,-,,no_data,,,,,,,,,,False,False,0,
Birkenhead,Daniel Muscutt,63.0,9,128,2-2703,0.11545209,15/2,0.19715041,4/1,0.22778729,7/2,Lingfield,16:25,2026-05-09,5,5.0,William Hill Price Boosts Every Day Handicap,-,,no_data,,,,,,,,,,False,False,0,
So Smart,Ray Dawson,62.0,7,127,827-46,0.1216081,7/1,0.20706376,4/1,0.23910964,3/1,Lingfield,16:25,2026-05-09,5,5.0,William Hill Price Boosts Every Day Handicap,-,,no_data,,,,,,,,,,False,False,0,
Faustus,Joe Leavy,62.0,8,127,58-567,0.11397322,8/1,0.19475989,4/1,0.22505489,7/2,Lingfield,16:25,2026-05-09,5,5.0,William Hill Price Boosts Every Day Handicap,-,,no_data,,,,,,,,,,False,False,0,
My Boy Harry,Kieren Fox,58.0,4,123,135606,0.10327768,17/2,0.17736681,9/2,0.20515023,4/1,Lingfield,16:25,2026-05-09,5,5.0,William Hill Price Boosts Every Day Handicap,-,,no_data,,,,,,,,,,False,False,0,
Desert Champion,Pierre-Louis Jamin,55.0,4,120,9288-7,0.10536893,17/2,0.18078199,9/2,0.20906189,4/1,Lingfield,16:25,2026-05-09,5,5.0,William Hill Price Boosts Every Day Handicap,-,,no_data,,,,,,,,,,False,False,0,
Harry Brown,Hollie Doyle,52.0,6,117,-43969,0.100927114,9/1,0.17351979,5/1,0.20074204,4/1,Lingfield,16:25,2026-05-09,5,5.0,William Hill Price Boosts Every Day Handicap,-,,no_data,,,,,,,,,,False,False,0,
Eagle Fang,Philip Byrnes,145.0,6,168,/1572-,0.08976294,10/1,0.15512738,11/2,0.17963904,9/2,Haydock,12:45,2026-05-09,2,24.5,Pertemps Network Long Distance Handicap Hurdle (GBB Race),13/2,7.5,drifting,7/1,15/2,8/1,17/2,7.5,0.13333333333333333,-0.04357039333333333,-0.32677795,0.0,False,False,-1,-0.06357039333333334
Harbour Lake,Tom Bellamy,141.0,10,164,/1P46-,0.09494417,19/2,0.16368799,5/1,0.18946692,9/2,Haydock,12:45,2026-05-09,2,24.5,Pertemps Network Long Distance Handicap Hurdle (GBB Race),8/1,9.0,drifting,14/1,11/1,14/1,66/1,9.0,0.1111111111111111,-0.01616694111111111,-0.14550247000000005,0.0,False,False,-1,-0.036166941111111114
Deep Cave,Jack Tudor,135.0,8,158,1150P-,0.14208333,6/1,0.23959985,3/1,0.27616856,5/2,Haydock,12:45,2026-05-09,2,24.5,Pertemps Network Long Distance Handicap Hurdle (GBB Race),28/1,29.0,drifting,33/1,28/1,30/1,33/1,29.0,0.034482758620689655,0.10760057137931035,3.1204165700000006,0.027860862232142864,True,False,-1,0.08760057137931035
Serious Chat,Theo Gillard,132.0,7,155,51721-,0.0747911,25/2,0.13014902,13/2,0.15090825,11/2,Haydock,12:45,2026-05-09,2,24.5,Pertemps Network Long Distance Handicap Hurdle (GBB Race),100/1,101.0,shortening,9/1,100/1,33/1,9/1,101.0,0.009900990099009901,0.0648901099009901,6.5539011,0.01638475275,True,False,1,0.08489010990099011
La Pinsonniere,Nico de Boinville,130.0,6,153,2/332-,0.15014547,11/2,0.25222692,3/1,0.29050747,5/2,Haydock,12:45,2026-05-09,2,24.5,Pertemps Network Long Distance Handicap Hurdle (GBB Race),100/1,101.0,shortening,6/1,100/1,6/1,7/1,101.0,0.009900990099009901,0.1402444799009901,14.16469247,0.035411731175,True,False,1,0.16024447990099008
Bold Endeavour,James Bowen,128.0,10,151,P/37P-,0.11790279,15/2,0.20110416,4/1,0.23230468,7/2,Haydock,12:45,2026-05-09,2,24.5,Pertemps Network Long Distance Handicap Hurdle (GBB Race),66/1,67.0,stable,80/1,100/1,80/1,66/1,67.0,0.014925373134328358,0.10297741686567163,6.899486929999999,0.026134420189393937,True,False,0,0.10297741686567163
Mattys Getaway,Ciaran Gethings,128.0,7,151,3412-,0.16384882,5/1,0.27345073,5/2,0.31455144,2/1,Haydock,12:45,2026-05-09,2,24.5,Pertemps Network Long Distance Handicap Hurdle (GBB Race),7/1,8.0,drifting,15/2,8/1,15/2,8/1,8.0,0.125,0.038848820000000006,0.31079056000000005,0.011099662857142858,True,False,-1,0.018848820000000006
Walking On Air,Richie McLernon,127.0,9,150,83P2F-,0.112160206,8/1,0.19182444,4/1,0.22169852,7/2,Haydock,12:45,2026-05-09,2,24.5,Pertemps Network Long Distance Handicap Hurdle (GBB Race),100/1,101.0,shortening,66/1,100/1,50/1,80/1,101.0,0.009900990099009901,0.1022592159009901,10.328180806,0.025820452015000002,True,False,1,0.1222592159009901
Moon dOrange,Callum Pritchard,125.0,8,148,67037-,0.0785487,23/2,0.13645175,13/2,0.1581654,11/2,Haydock,12:45,2026-05-09,2,24.5,Pertemps Network Long Distance Handicap Hurdle (GBB Race),50/1,51.0,drifting,100/1,80/1,100/1,80/1,51.0,0.0196078431372549,0.0589408568627451,3.0059837,0.0150299185,True,False,-1,0.038940856862745094
Lord Snootie,Jonathan Burke,123.0,9,146,/0P23-,0.07694095,12/1,0.13375777,13/2,0.15506408,11/2,Haydock,12:45,2026-05-09,2,24.5,Pertemps Network Long Distance Handicap Hurdle (GBB Race),100/1,101.0,shortening,12/1,100/1,12/1,16/1,101.0,0.009900990099009901,0.0670399599009901,6.771035949999999,0.016927589874999996,True,False,1,0.0870399599009901
Al Sayah,Sam Twiston-Davies,122.0,6,145,23441-,0.121527515,7/1,0.20693438,4/1,0.23896195,3/1,Haydock,12:45,2026-05-09,2,24.5,Pertemps Network Long Distance Handicap Hurdle (GBB Race),16/1,17.0,drifting,20/1,16/1,20/1,22/1,17.0,0.058823529411764705,0.0627039855882353,1.065967755,0.016655746171875,True,False,-1,0.042703985588235294
Sea The Clouds,Leah Noreci,121.0,9,144,P41P9-,0.17251448,5/1,0.28671706,5/2,0.32954302,2/1,Haydock,12:45,2026-05-09,2,24.5,Pertemps Network Long Distance Handicap Hurdle (GBB Race),125/1,126.0,stable,150/1,125/1,100/1,125/1,126.0,0.007936507936507936,0.16457797206349206,20.73682448,0.04147364896,True,True,0,0.16457797206349206
Tranquil Sea,Harry Skelton,121.0,6,144,84801-,0.09378603,19/2,0.16177821,5/1,0.18727528,9/2,Haydock,12:45,2026-05-09,2,24.5,Pertemps Network Long Distance Handicap Hurdle (GBB Race),100/1,101.0,shortening,14/1,10/1,100/1,28/1,101.0,0.009900990099009901,0.08388503990099011,8.47238903,0.021180972575000002,True,False,1,0.10388503990099011
Flying Fortune,Brendan Powell,121.0,7,144,1/494-,0.17039138,5/1,0.2834779,5/2,0.32588536,2/1,Haydock,12:45,2026-05-09,2,24.5,Pertemps Network Long Distance Handicap Hurdle (GBB Race),12/1,13.0,drifting,20/1,16/1,12/1,14/1,13.0,0.07692307692307693,0.09346830307692308,1.21508794,0.025314332083333335,True,False,-1,0.07346830307692308
Gold For Alec,Ned Fox,119.0,6,142,8PP31-,0.098344706,9/1,0.16928312,5/1,0.19588503,4/1,Haydock,12:45,2026-05-09,2,24.5,Pertemps Network Long Distance Handicap Hurdle (GBB Race),14/1,15.0,stable,80/1,14/1,12/1,14/1,15.0,0.06666666666666667,0.03167803933333334,0.47517059000000006,0.008485189107142858,True,False,0,0.03167803933333334
Laafi,Philip Byrnes,141.0,6,168,/055D1-,0.054630212,35/2,0.09594682,19/2,0.11144055,8/1,Haydock,13:15,2026-05-09,1,15.5,Pertemps Network Swinton Handicap Hurdle (Premier Handicap) (GBB Race),14/1,15.0,stable,16/1,14/1,16/1,14/1,15.0,0.06666666666666667,-0.012036454666666668,-0.18054682,0.0,False,False,0,-0.012036454666666668
Alnilam,James Bowen,137.0,7,164,1P43P-,0.0898439,10/1,0.15526149,11/2,0.17979307,9/2,Haydock,13:15,2026-05-09,1,15.5,Pertemps Network Swinton Handicap Hurdle (Premier Handicap) (GBB Race),,,drifting,33/1,40/1,33/1,40/1,,,,,,False,False,-1,
Bucephalus,Harriet Tucker,135.0,9,162,42P13-,0.060051985,31/2,0.105208576,17/2,0.1221423,7/1,Haydock,13:15,2026-05-09,1,15.5,Pertemps Network Swinton Handicap Hurdle (Premier Handicap) (GBB Race),100/1,101.0,shortening,50/1,100/1,50/1,66/1,101.0,0.009900990099009901,0.0501509949009901,5.065250485,0.0126631262125,True,False,1,0.0701509949009901
Indemnity,Jonathan Burke,134.0,6,161,12341-,0.0702012,13/1,0.122419596,7/1,0.1420015,6/1,Haydock,13:15,2026-05-09,1,15.5,Pertemps Network Swinton Handicap Hurdle (Premier Handicap) (GBB Race),100/1,101.0,shortening,10/1,9/1,11/1,9/1,101.0,0.009900990099009901,0.0603002099009901,6.090321200000001,0.015225803000000003,True,False,1,0.0803002099009901
Gibbs Island,Stan Sheppard,133.0,5,160,10577-,0.09904783,9/1,0.17043772,5/1,0.19720893,4/1,Haydock,13:15,2026-05-09,1,15.5,Pertemps Network Swinton Handicap Hurdle (Premier Handicap) (GBB Race),100/1,101.0,shortening,7/1,13/2,7/1,13/2,101.0,0.009900990099009901,0.08914683990099011,9.00383083,0.022509577075,True,False,1,0.10914683990099011
Tellherthename,Harry Skelton,133.0,7,160,P5/30-,0.1531391,11/2,0.2568891,3/1,0.29579535,5/2,Haydock,13:15,2026-05-09,1,15.5,Pertemps Network Swinton Handicap Hurdle (Premier Handicap) (GBB Race),66/1,67.0,shortening,80/1,66/1,5/2,11/4,67.0,0.014925373134328358,0.13821372686567165,9.2603197,0.03507696856060606,True,False,1,0.15821372686567164
Helnwein,Tom Bellamy,132.0,8,159,2252F-,0.067226246,14/1,0.11739175,15/2,0.13620381,13/2,Haydock,13:15,2026-05-09,1,15.5,Pertemps Network Swinton Handicap Hurdle (Premier Handicap) (GBB Race),9/1,10.0,drifting,10/1,9/1,10/1,11/1,10.0,0.1,-0.032773754,-0.32773754,0.0,False,False,-1,-0.052773754000000006
Hamlets Night,Brendan Powell,130.0,5,157,12205-,0.09258863,10/1,0.15980142,11/2,0.18500622,9/2,Haydock,13:15,2026-05-09,1,15.5,Pertemps Network Swinton Handicap Hurdle (Premier Handicap) (GBB Race),100/1,101.0,shortening,33/1,50/1,33/1,40/1,101.0,0.009900990099009901,0.08268763990099011,8.35145163,0.020878629075,True,False,1,0.10268763990099011
Moon Chime,Nick Slatter,129.0,8,156,B/199-,0.07577183,12/1,0.13179621,13/2,0.15280536,11/2,Haydock,13:15,2026-05-09,1,15.5,Pertemps Network Swinton Handicap Hurdle (Premier Handicap) (GBB Race),33/1,34.0,drifting,66/1,50/1,33/1,100/1,34.0,0.029411764705882353,0.046360065294117646,1.5762422200000001,0.011941228939393941,True,False,-1,0.026360065294117645
Dance And Glance,Sam Twiston-Davies,126.0,6,153,41251-,0.14908291,11/2,0.2505687,3/1,0.28862584,5/2,Haydock,13:15,2026-05-09,1,15.5,Pertemps Network Swinton Handicap Hurdle (Premier Handicap) (GBB Race),9/2,5.5,drifting,5/1,12/1,28/1,12/1,5.5,0.18181818181818182,-0.03273527181818181,-0.1800439949999999,0.0,False,False,-1,-0.052735271818181814
Bubble Dubi,Charlie Hammond,125.0,9,152,1/18P-,0.15977041,11/2,0.26716548,5/2,0.30743864,5/2,Haydock,13:15,2026-05-09,1,15.5,Pertemps Network Swinton Handicap Hurdle (Premier Handicap) (GBB Race),100/1,101.0,shortening,50/1,40/1,50/1,66/1,101.0,0.009900990099009901,0.1498694199009901,15.13681141,0.037842028525,True,False,1,0.16986941990099008
No Ordinary Joe,Richie McLernon,125.0,10,152,50761-,0.08373013,11/1,0.14510565,6/1,0.16812146,5/1,Haydock,13:15,2026-05-09,1,15.5,Pertemps Network Swinton Handicap Hurdle (Premier Handicap) (GBB Race),80/1,81.0,stable,100/1,80/1,100/1,80/1,81.0,0.012345679012345678,0.07138445098765432,5.78214053,0.018069189156250002,True,False,0,0.07138445098765432
Star Of Guiting,Theo Gillard,121.0,5,148,11P58-,0.11202494,8/1,0.19160523,4/1,0.22144783,7/2,Haydock,13:15,2026-05-09,1,15.5,Pertemps Network Swinton Handicap Hurdle (Premier Handicap) (GBB Race),100/1,101.0,shortening,28/1,22/1,25/1,50/1,101.0,0.009900990099009901,0.10212394990099011,10.314518940000001,0.02578629735,True,False,1,0.12212394990099011
Mr McLoughlan,Jack Tudor,120.0,6,147,81736-,0.074859396,25/2,0.13026378,13/2,0.15104042,11/2,Haydock,13:15,2026-05-09,1,15.5,Pertemps Network Swinton Handicap Hurdle (Premier Handicap) (GBB Race),100/1,101.0,shortening,25/1,28/1,25/1,28/1,101.0,0.009900990099009901,0.0649584059009901,6.560798995999999,0.016401997489999997,True,False,1,0.0849584059009901
Magna Victor,Ciaran Gethings,117.0,7,144,/4113-,0.1102359,8/1,0.18870306,9/2,0.21812825,7/2,Haydock,13:15,2026-05-09,1,15.5,Pertemps Network Swinton Handicap Hurdle (Premier Handicap) (GBB Race),100/1,101.0,shortening,40/1,50/1,33/1,50/1,101.0,0.009900990099009901,0.1003349099009901,10.1338259,0.02533456475,True,False,1,0.1203349099009901
Frontier Prince,Jack Hogan,116.0,5,143,35334-,0.07985867,23/2,0.13864368,6/1,0.16068806,5/1,Haydock,13:15,2026-05-09,1,15.5,Pertemps Network Swinton Handicap Hurdle (Premier Handicap) (GBB Race),100/1,101.0,shortening,50/1,40/1,33/1,80/1,101.0,0.009900990099009901,0.06995767990099011,7.065725670000001,0.017664314175,True,False,1,0.08995767990099011
Made U Blush,Tristan Durrell,121.0,4,142,3112-,0.10605284,17/2,0.18189734,9/2,0.21033904,4/1,Haydock,13:15,2026-05-09,1,15.5,Pertemps Network Swinton Handicap Hurdle (Premier Handicap) (GBB Race),25/1,26.0,shortening,12/1,16/1,25/1,14/1,26.0,0.038461538461538464,0.06759130153846153,1.75737384,0.0175737384,True,False,1,0.08759130153846154
Running Happy,Benjamin Macey,,4,163,1-,0.13759235,13/2,0.23252091,7/2,0.26811913,5/2,Haydock,13:48,2026-05-09,3,15.5,Pertemps Network 'Junior' National Hunt Flat Race (GBB Race),-,,no_data,,,,,,,,,,False,False,0,
Aribidia,Tom Bellamy,,4,156,53-,0.13759235,13/2,0.23252091,7/2,0.26811913,5/2,Haydock,13:48,2026-05-09,3,15.5,Pertemps Network 'Junior' National Hunt Flat Race (GBB Race),-,,no_data,,,,,,,,,,False,False,0,
Bold Acclaim,Beau Morgan,,4,156,,0.13759235,13/2,0.23252091,7/2,0.26811913,5/2,Haydock,13:48,2026-05-09,3,15.5,Pertemps Network 'Junior' National Hunt Flat Race (GBB Race),-,,no_data,,,,,,,,,,False,False,0,
Magic Feld,Harry Skelton,,4,156,,0.13759235,13/2,0.23252091,7/2,0.26811913,5/2,Haydock,13:48,2026-05-09,3,15.5,Pertemps Network 'Junior' National Hunt Flat Race (GBB Race),-,,no_data,,,,,,,,,,False,False,0,
Mister Dam,Jack Tudor,,4,156,,0.13759235,13/2,0.23252091,7/2,0.26811913,5/2,Haydock,13:48,2026-05-09,3,15.5,Pertemps Network 'Junior' National Hunt Flat Race (GBB Race),-,,no_data,,,,,,,,,,False,False,0,
Plan De Stan,Ned Fox,,4,156,22-,0.13759235,13/2,0.23252091,7/2,0.26811913,5/2,Haydock,13:48,2026-05-09,3,15.5,Pertemps Network 'Junior' National Hunt Flat Race (GBB Race),-,,no_data,,,,,,,,,,False,False,0,
Sevenkingsmustdie,Philip Armson,,4,156,6-,0.13759235,13/2,0.23252091,7/2,0.26811913,5/2,Haydock,13:48,2026-05-09,3,15.5,Pertemps Network 'Junior' National Hunt Flat Race (GBB Race),-,,no_data,,,,,,,,,,False,False,0,
Sodeto,James Bowen,,4,156,,0.13759235,13/2,0.23252091,7/2,0.26811913,5/2,Haydock,13:48,2026-05-09,3,15.5,Pertemps Network 'Junior' National Hunt Flat Race (GBB Race),-,,no_data,,,,,,,,,,False,False,0,
St Gabriel,Nico de Boinville,,4,156,,0.13759235,13/2,0.23252091,7/2,0.26811913,5/2,Haydock,13:48,2026-05-09,3,15.5,Pertemps Network 'Junior' National Hunt Flat Race (GBB Race),-,,no_data,,,,,,,,,,False,False,0,
You Be Lucky Jean,Richie McLernon,,4,149,,0.13759235,13/2,0.23252091,7/2,0.26811913,5/2,Haydock,13:48,2026-05-09,3,15.5,Pertemps Network 'Junior' National Hunt Flat Race (GBB Race),,,drifting,22/1,25/1,28/1,25/1,,,,,,False,False,-1,
Myrrh,Mark Winn,70.0,3,135,313-3,0.144454,6/1,0.24332364,3/1,0.28039974,5/2,Haydock,14:30,2026-05-09,5,11.5,Pertemps Newton Handicap,,,shortening,7/1,15/2,7/1,13/2,,,,,,False,False,1,
Barbury Boy,Rossa Ryan,69.0,3,134,660-1,0.13318148,13/2,0.22553682,7/2,0.26017007,3/1,Haydock,14:30,2026-05-09,5,11.5,Pertemps Newton Handicap,-,,no_data,,,,,,,,,,False,False,0,
Double Combo,Kevin Stott,69.0,3,134,623-4,0.13577156,13/2,0.22964168,7/2,0.26484296,3/1,Haydock,14:30,2026-05-09,5,11.5,Pertemps Newton Handicap,-,,no_data,,,,,,,,,,False,False,0,
Salkadan,Cieren Fallon,66.0,3,131,76-72,0.16509867,5/1,0.27537155,5/2,0.31672388,2/1,Haydock,14:30,2026-05-09,5,11.5,Pertemps Newton Handicap,-,,no_data,,,,,,,,,,False,False,0,
Corduroy,David Allan,58.0,3,123,99-436,0.11641959,15/2,0.19871244,4/1,0.22957227,7/2,Haydock,14:30,2026-05-09,5,11.5,Pertemps Newton Handicap,-,,no_data,,,,,,,,,,False,False,0,
Crown Inn To Win,Billy Garritty,58.0,3,123,-82221,0.13519995,13/2,0.22873668,7/2,0.26381296,3/1,Haydock,14:30,2026-05-09,5,11.5,Pertemps Newton Handicap,-,,no_data,,,,,,,,,,False,False,0,
Keep It Classic,Jack Doughty,52.0,3,117,090-95,0.12222515,7/1,0.20805408,4/1,0.24023993,3/1,Haydock,14:30,2026-05-09,5,11.5,Pertemps Newton Handicap,-,,no_data,,,,,,,,,,False,False,0,
Due To Shine,Shay Farmer,51.0,3,116,4023-7,0.12026809,15/2,0.20491102,4/1,0.23665214,3/1,Haydock,14:30,2026-05-09,5,11.5,Pertemps Newton Handicap,,,shortening,66/1,80/1,66/1,50/1,,,,,,False,False,1,
Silver State,Rose Dawes,85.0,3,135,113311,0.14408262,6/1,0.24274087,3/1,0.2797377,5/2,Haydock,15:05,2026-05-09,4,8.0,Pertemps Network Handicap,-,,no_data,,,,,,,,,,False,False,0,
Applesandpears,Sam James,84.0,3,134,211-,0.1618701,5/1,0.27040464,5/2,0.3111051,2/1,Haydock,15:05,2026-05-09,4,8.0,Pertemps Network Handicap,-,,no_data,,,,,,,,,,False,False,0,
Harlequin Breeze,Alexandra Egan,84.0,3,134,952-0,0.13800685,6/1,0.23317562,7/2,0.26886392,5/2,Haydock,15:05,2026-05-09,4,8.0,Pertemps Network Handicap,-,,no_data,,,,,,,,,,False,False,0,
Jeddaal,Ashley Lewis,83.0,3,133,2245-1,0.10373191,17/2,0.1781092,9/2,0.20600069,4/1,Haydock,15:05,2026-05-09,4,8.0,Pertemps Network Handicap,-,,no_data,,,,,,,,,,False,False,0,
Dodge City,Kevin Stott,82.0,3,132,3231-7,0.15455651,11/2,0.25909156,3/1,0.2982922,5/2,Haydock,15:05,2026-05-09,4,8.0,Pertemps Network Handicap,-,,no_data,,,,,,,,,,False,False,0,
Blue To Blue,Billy Garritty,82.0,3,132,4112-9,0.12505825,7/1,0.2125932,7/2,0.2454188,3/1,Haydock,15:05,2026-05-09,4,8.0,Pertemps Network Handicap,-,,no_data,,,,,,,,,,False,False,0,
Mohaaraj,Finley Marsh,80.0,3,130,4-1,0.14247362,6/1,0.24021354,3/1,0.27686602,5/2,Haydock,15:05,2026-05-09,4,8.0,Pertemps Network Handicap,-,,no_data,,,,,,,,,,False,False,0,
Sea The Power,Dale Swift,80.0,3,130,3716-,0.13070913,13/2,0.22160852,7/2,0.2556958,3/1,Haydock,15:05,2026-05-09,4,8.0,Pertemps Network Handicap,-,,no_data,,,,,,,,,,False,False,0,
Aerial Silk,Cieren Fallon,73.0,3,123,434-,0.14145333,6/1,0.23860875,3/1,0.27504203,5/2,Haydock,15:05,2026-05-09,4,8.0,Pertemps Network Handicap,-,,no_data,,,,,,,,,,False,False,0,
Delinquent,David Allan,72.0,3,122,64-531,0.13403343,13/2,0.22688821,7/2,0.26170874,3/1,Haydock,15:05,2026-05-09,4,8.0,Pertemps Network Handicap,-,,no_data,,,,,,,,,,False,False,0,
Audience,Mark Winn,104.0,7,136,5-3000,0.12234049,7/1,0.20823914,4/1,0.24045113,3/1,Haydock,15:40,2026-05-09,1,7.0,Pertemps Network Spring Trophy Stakes (Listed Race),-,,no_data,,,,,,,,,,False,False,0,
Balmacara,Callum Hutchinson,103.0,5,136,30200-,0.09253081,10/1,0.1597059,11/2,0.18489657,9/2,Haydock,15:40,2026-05-09,1,7.0,Pertemps Network Spring Trophy Stakes (Listed Race),-,,no_data,,,,,,,,,,False,False,0,
Beauty Destiny,Ryan Sexton,99.0,6,136,1110-6,0.115550585,15/2,0.1973095,4/1,0.2279691,7/2,Haydock,15:40,2026-05-09,1,7.0,Pertemps Network Spring Trophy Stakes (Listed Race),-,,no_data,,,,,,,,,,False,False,0,
Heathcliff,Ross Coakley,105.0,5,136,3-3124,0.10673677,17/2,0.183012,9/2,0.2116152,7/2,Haydock,15:40,2026-05-09,1,7.0,Pertemps Network Spring Trophy Stakes (Listed Race),-,,no_data,,,,,,,,,,False,False,0,
Holguin,Faleh Bughenaim,110.0,6,136,/9331-,0.121488966,7/1,0.2068725,4/1,0.23889132,3/1,Haydock,15:40,2026-05-09,1,7.0,Pertemps Network Spring Trophy Stakes (Listed Race),-,,no_data,,,,,,,,,,False,False,0,
Lake Forest,Cieren Fallon,115.0,5,136,62207-,0.14166664,6/1,0.2389444,3/1,0.27542356,5/2,Haydock,15:40,2026-05-09,1,7.0,Pertemps Network Spring Trophy Stakes (Listed Race),-,,no_data,,,,,,,,,,False,False,0,
Myal,David Allan,107.0,5,136,002-51,0.086836874,21/2,0.15027386,11/2,0.17406273,9/2,Haydock,15:40,2026-05-09,1,7.0,Pertemps Network Spring Trophy Stakes (Listed Race),-,,no_data,,,,,,,,,,False,False,0,
Palmar Bay,Rossa Ryan,103.0,5,136,1964-4,0.1055367,17/2,0.18105567,9/2,0.20937528,4/1,Haydock,15:40,2026-05-09,1,7.0,Pertemps Network Spring Trophy Stakes (Listed Race),-,,no_data,,,,,,,,,,False,False,0,
Poet Master,Sam James,112.0,6,136,/922-2,0.18184036,9/2,0.30085993,5/2,0.34549227,2/1,Haydock,15:40,2026-05-09,1,7.0,Pertemps Network Spring Trophy Stakes (Listed Race),-,,no_data,,,,,,,,,,False,False,0,
Release The Storm,Kevin Stott,91.0,4,136,11-,0.09643707,19/2,0.16614664,5/1,0.19228773,4/1,Haydock,15:40,2026-05-09,1,7.0,Pertemps Network Spring Trophy Stakes (Listed Race),-,,no_data,,,,,,,,,,False,False,0,
Ten Bob Tony,Ashley Lewis,111.0,5,136,1830-4,0.13444468,13/2,0.22754014,7/2,0.26245093,3/1,Haydock,15:40,2026-05-09,1,7.0,Pertemps Network Spring Trophy Stakes (Listed Race),-,,no_data,,,,,,,,,,False,False,0,
Ata Rangi,Ashley Lewis,85.0,5,135,21755-,0.12051313,15/2,0.2053049,4/1,0.23710182,3/1,Haydock,16:15,2026-05-09,4,7.0,Pertemps Handicap,-,,no_data,,,,,,,,,,False,False,0,
Diligent Resdev,Billy Garritty,84.0,5,134,35336-,0.11529059,15/2,0.19688952,4/1,0.22748913,7/2,Haydock,16:15,2026-05-09,4,7.0,Pertemps Handicap,-,,no_data,,,,,,,,,,False,False,0,
Warm Spell,Finley Marsh,83.0,5,133,6933-8,0.10815646,8/1,0.18532336,9/2,0.21426095,7/2,Haydock,16:15,2026-05-09,4,7.0,Pertemps Handicap,-,,no_data,,,,,,,,,,False,False,0,
Son,David Allan,82.0,5,132,7067-2,0.09303151,19/2,0.16053283,5/1,0.18584582,9/2,Haydock,16:15,2026-05-09,4,7.0,Pertemps Handicap,-,,no_data,,,,,,,,,,False,False,0,
Diamondonthehill,Jack Doughty,82.0,8,132,323324,0.1177033,15/2,0.20078269,4/1,0.23193745,7/2,Haydock,16:15,2026-05-09,4,7.0,Pertemps Handicap,-,,no_data,,,,,,,,,,False,False,0,
Glenfinnan,Cieren Fallon,82.0,6,132,4249-0,0.117950045,15/2,0.20118031,4/1,0.23239166,7/2,Haydock,16:15,2026-05-09,4,7.0,Pertemps Handicap,-,,no_data,,,,,,,,,,False,False,0,
Havana Blue,Ryan Sexton,81.0,6,131,70054-,0.11165854,8/1,0.19101128,4/1,0.22076856,7/2,Haydock,16:15,2026-05-09,4,7.0,Pertemps Handicap,-,,no_data,,,,,,,,,,False,False,0,
One Night Thunder,Sam James,80.0,6,130,1129-0,0.11163582,8/1,0.19097443,4/1,0.22072642,7/2,Haydock,16:15,2026-05-09,4,7.0,Pertemps Handicap,-,,no_data,,,,,,,,,,False,False,0,
City Captain,Kevin Stott,78.0,4,128,931-62,0.10126653,9/1,0.17407584,9/2,0.20137933,4/1,Haydock,16:15,2026-05-09,4,7.0,Pertemps Handicap,-,,no_data,,,,,,,,,,False,False,0,
Bravo Zulu,Alexandra Egan,76.0,5,126,795628,0.1072332,17/2,0.18382059,9/2,0.21254086,7/2,Haydock,16:15,2026-05-09,4,7.0,Pertemps Handicap,-,,no_data,,,,,,,,,,False,False,0,
Bayside,George Wood,,2,132,31,0.15997839,11/2,0.26748663,5/2,0.30780223,2/1,Nottingham,13:38,2026-05-09,4,6.0,Family Funday 31st May Fillies' Novice Stakes (GBB Race),-,,no_data,,,,,,,,,,False,False,0,
Angel Sense,Benoit De La Sayette,,2,128,2,0.15997839,11/2,0.26748663,5/2,0.30780223,2/1,Nottingham,13:38,2026-05-09,4,6.0,Family Funday 31st May Fillies' Novice Stakes (GBB Race),-,,no_data,,,,,,,,,,False,False,0,
Crazy Cubana,George Downing,,2,128,,0.15997839,11/2,0.26748663,5/2,0.30780223,2/1,Nottingham,13:38,2026-05-09,4,6.0,Family Funday 31st May Fillies' Novice Stakes (GBB Race),-,,no_data,,,,,,,,,,False,False,0,
Havana Grey Star,Jason Hart,,2,128,,0.15997839,11/2,0.26748663,5/2,0.30780223,2/1,Nottingham,13:38,2026-05-09,4,6.0,Family Funday 31st May Fillies' Novice Stakes (GBB Race),-,,no_data,,,,,,,,,,False,False,0,
Knock Three Times,William Carver,,2,128,,0.15997839,11/2,0.26748663,5/2,0.30780223,2/1,Nottingham,13:38,2026-05-09,4,6.0,Family Funday 31st May Fillies' Novice Stakes (GBB Race),-,,no_data,,,,,,,,,,False,False,0,
Sahara Lake,Robert Havlin,,2,128,,0.15997839,11/2,0.26748663,5/2,0.30780223,2/1,Nottingham,13:38,2026-05-09,4,6.0,Family Funday 31st May Fillies' Novice Stakes (GBB Race),-,,no_data,,,,,,,,,,False,False,0,
Sweet Devastation,Paul Mulrennan,,2,128,,0.15997839,11/2,0.26748663,5/2,0.30780223,2/1,Nottingham,13:38,2026-05-09,4,6.0,Family Funday 31st May Fillies' Novice Stakes (GBB Race),-,,no_data,,,,,,,,,,False,False,0,
Flag Of Eva,George Wood,,3,133,,0.2026033,4/1,0.33184746,2/1,0.38031402,3/2,Nottingham,14:08,2026-05-09,4,8.5,Best Odds Guaranteed At Betano Novice Stakes (GBB Race),-,,no_data,,,,,,,,,,False,False,0,
Forever Endless,William Pyle,,3,133,,0.2026033,4/1,0.33184746,2/1,0.38031402,3/2,Nottingham,14:08,2026-05-09,4,8.5,Best Odds Guaranteed At Betano Novice Stakes (GBB Race),-,,no_data,,,,,,,,,,False,False,0,
Lighting Thunder,Robert Havlin,,3,133,2-2,0.3151325,2/1,0.48779172,1/1,0.55253893,1/1,Nottingham,14:08,2026-05-09,4,8.5,Best Odds Guaranteed At Betano Novice Stakes (GBB Race),-,,no_data,,,,,,,,,,False,False,0,
Midsummer Storm,Paul Mulrennan,,3,133,43,0.2026033,4/1,0.33184746,2/1,0.38031402,3/2,Nottingham,14:08,2026-05-09,4,8.5,Best Odds Guaranteed At Betano Novice Stakes (GBB Race),-,,no_data,,,,,,,,,,False,False,0,
Qarreeb,George Downing,,3,133,7-3,0.30626738,5/2,0.47624153,1/1,0.53998184,1/1,Nottingham,14:08,2026-05-09,4,8.5,Best Odds Guaranteed At Betano Novice Stakes (GBB Race),-,,no_data,,,,,,,,,,False,False,0,
Romanticizing,Jason Hart,,3,133,3,0.2026033,4/1,0.33184746,2/1,0.38031402,3/2,Nottingham,14:08,2026-05-09,4,8.5,Best Odds Guaranteed At Betano Novice Stakes (GBB Race),-,,no_data,,,,,,,,,,False,False,0,
Valkyrie Storm,Harry Vigors,73.0,3,138,3523-1,0.11770026,15/2,0.20077777,4/1,0.23193184,7/2,Nottingham,14:50,2026-05-09,5,8.5,Bet 10 Get 30 At Betano Handicap,-,,no_data,,,,,,,,,,False,False,0,
Inferno,Oisin Orr,69.0,3,134,43-3,0.14446916,6/1,0.2433474,3/1,0.28042674,5/2,Nottingham,14:50,2026-05-09,5,8.5,Bet 10 Get 30 At Betano Handicap,-,,no_data,,,,,,,,,,False,False,0,
Lillie Margot,Jack Garritty,68.0,3,133,37-7,0.13111201,13/2,0.22224933,7/2,0.25642583,3/1,Nottingham,14:50,2026-05-09,5,8.5,Bet 10 Get 30 At Betano Handicap,-,,no_data,,,,,,,,,,False,False,0,
Empirical,George Downing,66.0,3,131,73-8,0.12591773,7/1,0.21396771,7/2,0.24698645,3/1,Nottingham,14:50,2026-05-09,5,8.5,Bet 10 Get 30 At Betano Handicap,-,,no_data,,,,,,,,,,False,False,0,
Glasgow Kiss,Jason Hart,66.0,3,131,6-448,0.14497532,6/1,0.24414131,3/1,0.28132856,5/2,Nottingham,14:50,2026-05-09,5,8.5,Bet 10 Get 30 At Betano Handicap,-,,no_data,,,,,,,,,,False,False,0,
Bosom Pals,William Cox,65.0,3,130,62810-,0.10091007,9/1,0.17349185,5/1,0.20071001,4/1,Nottingham,14:50,2026-05-09,5,8.5,Bet 10 Get 30 At Betano Handicap,-,,no_data,,,,,,,,,,False,False,0,
Gwens Girl,Dougie Costello,62.0,3,127,204-7,0.12480455,7/1,0.21218725,7/2,0.24495576,3/1,Nottingham,14:50,2026-05-09,5,8.5,Bet 10 Get 30 At Betano Handicap,-,,no_data,,,,,,,,,,False,False,0,
Sailor Batt,William Pyle,62.0,3,127,6-2533,0.112415284,8/1,0.19223776,4/1,0.22217119,7/2,Nottingham,14:50,2026-05-09,5,8.5,Bet 10 Get 30 At Betano Handicap,,,shortening,11/2,6/1,11/2,5/1,,,,,,False,False,1,
Quick Turn,Toby Moore,61.0,3,126,9-4641,0.097321324,19/2,0.16760123,5/1,0.1939562,4/1,Nottingham,14:50,2026-05-09,5,8.5,Bet 10 Get 30 At Betano Handicap,,,drifting,6/1,11/2,6/1,13/2,,,,,,False,False,-1,
Principality,Benoit De La Sayette,87.0,4,137,5345-0,0.07918556,23/2,0.13751774,13/2,0.1593923,11/2,Nottingham,15:25,2026-05-09,4,8.5,Boosted Odds Every Race At Betano Handicap,-,,no_data,,,,,,,,,,False,False,0,
Helm Rock,Alec Voikhansky,84.0,8,134,0-6213,0.095357455,19/2,0.16436899,5/1,0.19024831,9/2,Nottingham,15:25,2026-05-09,4,8.5,Boosted Odds Every Race At Betano Handicap,-,,no_data,,,,,,,,,,False,False,0,
Winstons Warrior,Toby Moore,81.0,4,131,6513-1,0.09978557,9/1,0.1716483,5/1,0.19859682,4/1,Nottingham,15:25,2026-05-09,4,8.5,Boosted Odds Every Race At Betano Handicap,-,,no_data,,,,,,,,,,False,False,0,
Aspull,Jason Hart,81.0,4,131,1329-,0.07935413,23/2,0.13779977,13/2,0.15971689,11/2,Nottingham,15:25,2026-05-09,4,8.5,Boosted Odds Every Race At Betano Handicap,,,no_data,,,,,,,,,,False,False,0,
Intrusively,Robert Havlin,80.0,4,130,794-09,0.07631655,12/1,0.13271043,13/2,0.15385813,11/2,Nottingham,15:25,2026-05-09,4,8.5,Boosted Odds Every Race At Betano Handicap,-,,no_data,,,,,,,,,,False,False,0,
Youarenotforgiven,Paul Mulrennan,79.0,8,129,-88111,0.075098075,25/2,0.13066475,13/2,0.15150225,11/2,Nottingham,15:25,2026-05-09,4,8.5,Boosted Odds Every Race At Betano Handicap,-,,no_data,,,,,,,,,,False,False,0,
Asteverdi,George Wood,78.0,5,128,5450-3,0.08631845,21/2,0.14941251,11/2,0.17307279,5/1,Nottingham,15:25,2026-05-09,4,8.5,Boosted Odds Every Race At Betano Handicap,-,,no_data,,,,,,,,,,False,False,0,
Degale,William Pyle,77.0,5,127,/20-60,0.09006777,10/1,0.15563223,11/2,0.1802189,9/2,Nottingham,15:25,2026-05-09,4,8.5,Boosted Odds Every Race At Betano Handicap,-,,no_data,,,,,,,,,,False,False,0,
Orangesandlemons,Oisin Orr,77.0,4,127,6615-3,0.10577406,17/2,0.1814428,9/2,0.20981857,4/1,Nottingham,15:25,2026-05-09,4,8.5,Boosted Odds Every Race At Betano Handicap,-,,no_data,,,,,,,,,,False,False,0,
Port Erin,Tyrese Cameron,76.0,6,126,13109-,0.082549065,11/1,0.14313683,6/1,0.16585724,5/1,Nottingham,15:25,2026-05-09,4,8.5,Boosted Odds Every Race At Betano Handicap,-,,no_data,,,,,,,,,,False,False,0,
Tiger,George Downing,75.0,4,125,07634-,0.08325297,11/1,0.14431049,6/1,0.16720706,5/1,Nottingham,15:25,2026-05-09,4,8.5,Boosted Odds Every Race At Betano Handicap,-,,no_data,,,,,,,,,,False,False,0,
Leadenhall,Sean Kirrane,74.0,6,124,6300-5,0.075771175,12/1,0.13179511,13/2,0.15280408,11/2,Nottingham,15:25,2026-05-09,4,8.5,Boosted Odds Every Race At Betano Handicap,-,,no_data,,,,,,,,,,False,False,0,
Barrys Boy,George Bass,73.0,4,123,0342-1,0.0807336,23/2,0.14010614,6/1,0.16237085,5/1,Nottingham,15:25,2026-05-09,4,8.5,Boosted Odds Every Race At Betano Handicap,-,,no_data,,,,,,,,,,False,False,0,
Donald,William Pyle,70.0,4,135,442-,0.13921325,6/1,0.23507959,7/2,0.27102947,5/2,Nottingham,16:00,2026-05-09,5,5.0,Spin The Betano Lucky Dip Handicap,-,,no_data,,,,,,,,,,False,False,0,
Marajito,Duran Fentiman,68.0,4,133,55800-,0.119230695,15/2,0.20324248,4/1,0.2347469,7/2,Nottingham,16:00,2026-05-09,5,5.0,Spin The Betano Lucky Dip Handicap,-,,no_data,,,,,,,,,,False,False,0,
Komorkis,Harry Burns,66.0,4,131,/510-4,0.10687834,17/2,0.18324263,9/2,0.21187924,7/2,Nottingham,16:00,2026-05-09,5,5.0,Spin The Betano Lucky Dip Handicap,-,,no_data,,,,,,,,,,False,False,0,
Albegone,Sean Kirrane,66.0,8,131,-20420,0.11419305,8/1,0.19511545,4/1,0.22546135,7/2,Nottingham,16:00,2026-05-09,5,5.0,Spin The Betano Lucky Dip Handicap,-,,no_data,,,,,,,,,,False,False,0,
Dc Cogent,Paul Mulrennan,66.0,4,131,2-3644,0.113770455,8/1,0.19443184,4/1,0.22467986,7/2,Nottingham,16:00,2026-05-09,5,5.0,Spin The Betano Lucky Dip Handicap,-,,no_data,,,,,,,,,,False,False,0,
Westgate Warrior,George Wood,64.0,4,129,2142-7,0.11865609,15/2,0.20231755,4/1,0.2336906,7/2,Nottingham,16:00,2026-05-09,5,5.0,Spin The Betano Lucky Dip Handicap,-,,no_data,,,,,,,,,,False,False,0,
Herakles,Jason Hart,63.0,6,128,44-442,0.12026286,15/2,0.20490262,4/1,0.23664254,3/1,Nottingham,16:00,2026-05-09,5,5.0,Spin The Betano Lucky Dip Handicap,-,,no_data,,,,,,,,,,False,False,0,
Mrs Trump,Cam Hardie,58.0,6,123,74548-,0.10994093,8/1,0.18822408,9/2,0.21758026,7/2,Nottingham,16:00,2026-05-09,5,5.0,Spin The Betano Lucky Dip Handicap,-,,no_data,,,,,,,,,,False,False,0,
Papa Dont Preach,Alec Voikhansky,57.0,7,122,-53553,0.10081013,9/1,0.1733281,5/1,0.20052233,4/1,Nottingham,16:00,2026-05-09,5,5.0,Spin The Betano Lucky Dip Handicap,-,,no_data,,,,,,,,,,False,False,0,
Go Lockers Go,Jason Hart,69.0,3,139,364-11,0.10903694,8/1,0.18675524,9/2,0.2158996,7/2,Nottingham,16:35,2026-05-09,6,5.0,Â£9 Racedays At Nottingham Racecourse Handicap,-,,no_data,,,,,,,,,,False,False,0,
Oasis Cover,Oisin Orr,60.0,3,130,556-,0.15404971,11/2,0.25830442,3/1,0.29739994,5/2,Nottingham,16:35,2026-05-09,6,5.0,Â£9 Racedays At Nottingham Racecourse Handicap,-,,no_data,,,,,,,,,,False,False,0,
Dragon Spin,Dougie Costello,60.0,3,130,6422-3,0.11518526,15/2,0.19671935,4/1,0.22729464,7/2,Nottingham,16:35,2026-05-09,6,5.0,Â£9 Racedays At Nottingham Racecourse Handicap,-,,no_data,,,,,,,,,,False,False,0,
Data Fata Secutus,Andrew Mullen,59.0,3,129,545-52,0.113401495,8/1,0.19383478,4/1,0.22399727,7/2,Nottingham,16:35,2026-05-09,6,5.0,Â£9 Racedays At Nottingham Racecourse Handicap,-,,no_data,,,,,,,,,,False,False,0,
O Fortuna,Sean Kirrane,59.0,3,129,50-490,0.1144157,15/2,0.19547549,4/1,0.22587292,7/2,Nottingham,16:35,2026-05-09,6,5.0,Â£9 Racedays At Nottingham Racecourse Handicap,-,,no_data,,,,,,,,,,False,False,0,
Stromness,Faye McManoman,59.0,3,129,5680,0.14883262,11/2,0.2501778,3/1,0.28818226,5/2,Nottingham,16:35,2026-05-09,6,5.0,Â£9 Racedays At Nottingham Racecourse Handicap,-,,no_data,,,,,,,,,,False,False,0,
Contorno,Paul Mulrennan,58.0,3,128,-14159,0.10482611,17/2,0.17989618,9/2,0.20804745,4/1,Nottingham,16:35,2026-05-09,6,5.0,Â£9 Racedays At Nottingham Racecourse Handicap,-,,no_data,,,,,,,,,,False,False,0,
Mademoiselle Belle,Ben Robinson,58.0,3,128,163592,0.123939075,7/1,0.21080162,7/2,0.24337506,3/1,Nottingham,16:35,2026-05-09,6,5.0,Â£9 Racedays At Nottingham Racecourse Handicap,-,,no_data,,,,,,,,,,False,False,0,
Tickettothestars,George Wood,55.0,3,125,805451,0.09499654,19/2,0.16377431,5/1,0.18956597,9/2,Nottingham,16:35,2026-05-09,6,5.0,Â£9 Racedays At Nottingham Racecourse Handicap,-,,no_data,,,,,,,,,,False,False,0,
Gentle Warrior,Toby Moore,78.0,4,138,1135-0,0.25069988,3/1,0.40097946,3/2,0.45733428,1/1,Nottingham,17:10,2026-05-09,4,14.0,Safer Gambling With Betano Apprentice Handicap (Apprentice Training - Part Of RE Series) (GBBPlus),-,,no_data,,,,,,,,,,False,False,0,
Russian Rumour,Donagh Murphy,78.0,9,138,51531-,0.26385888,3/1,0.41924876,3/2,0.47751996,1/1,Nottingham,17:10,2026-05-09,4,14.0,Safer Gambling With Betano Apprentice Handicap (Apprentice Training - Part Of RE Series) (GBBPlus),-,,no_data,,,,,,,,,,False,False,0,
Dino Bellagio,Conor Whiteley,76.0,7,136,14318-,0.24918588,3/1,0.39885968,3/2,0.45498738,1/1,Nottingham,17:10,2026-05-09,4,14.0,Safer Gambling With Betano Apprentice Handicap (Apprentice Training - Part Of RE Series) (GBBPlus),-,,no_data,,,,,,,,,,False,False,0,
Red Derek,Alfie Redman,59.0,10,119,23356-,0.25713992,3/1,0.4099551,3/2,0.4672608,1/1,Nottingham,17:10,2026-05-09,4,14.0,Safer Gambling With Betano Apprentice Handicap (Apprentice Training - Part Of RE Series) (GBBPlus),-,,no_data,,,,,,,,,,False,False,0,
Mickthesoldier,Joe Williamson,,8,156,0/P/7,0.20916472,4/1,0.3414966,2/1,0.39112103,3/2,Hexham,15:20,2026-05-09,4,16.0,Harrison Family Remembering Loved Ones Novices' Hurdle (GBB Race),-,,no_data,,,,,,,,,,False,False,0,
Tap Tap Shamie,Sean Bowen,120.0,6,156,22-,0.2953366,5/2,0.46182692,1/1,0.5242608,1/1,Hexham,15:20,2026-05-09,4,16.0,Harrison Family Remembering Loved Ones Novices' Hurdle (GBB Race),-,,no_data,,,,,,,,,,False,False,0,
Colinski,Nathan Moscrop,,4,150,,0.14853093,11/2,0.24970654,3/1,0.2876474,5/2,Hexham,15:20,2026-05-09,4,16.0,Harrison Family Remembering Loved Ones Novices' Hurdle (GBB Race),-,,no_data,,,,,,,,,,False,False,0,
Palavar,Callum Bewley,,4,150,7-,0.20476627,4/1,0.33503592,2/1,0.38388702,3/2,Hexham,15:20,2026-05-09,4,16.0,Harrison Family Remembering Loved Ones Novices' Hurdle (GBB Race),-,,no_data,,,,,,,,,,False,False,0,
Hashtag Queen,Joshua Thompson,,5,149,34708-,0.21212798,7/2,0.34583175,2/1,0.39597067,3/2,Hexham,15:20,2026-05-09,4,16.0,Harrison Family Remembering Loved Ones Novices' Hurdle (GBB Race),-,,no_data,,,,,,,,,,False,False,0,
Rachel Lopez,Sean Quinlan,,7,149,8-,0.20721248,4/1,0.33863285,2/1,0.3879155,3/2,Hexham,15:20,2026-05-09,4,16.0,Harrison Family Remembering Loved Ones Novices' Hurdle (GBB Race),-,,no_data,,,,,,,,,,False,False,0,
Zero Tolerance,Conor Ring,99.0,9,168,/2334-,0.15018919,11/2,0.25229514,3/1,0.29058486,5/2,Hexham,15:55,2026-05-09,5,15.5,Charlie's Halfway To 100 Handicap Chase,-,,no_data,,,,,,,,,,False,False,0,
Ghasham,Jonathan England,98.0,7,167,63455-,0.10000304,9/1,0.172005,5/1,0.19900572,4/1,Hexham,15:55,2026-05-09,5,15.5,Charlie's Halfway To 100 Handicap Chase,-,,no_data,,,,,,,,,,False,False,0,
Starman,NON-RUNNER,93.0,10,162,2PP7-4,0.15535988,11/2,0.26033843,3/1,0.2997054,5/2,Hexham,15:55,2026-05-09,5,15.5,Charlie's Halfway To 100 Handicap Chase,,,no_data,,,,,,,,,,False,False,0,
V Twelve,Callum Bewley,92.0,7,161,27/4P-,0.11271426,8/1,0.19272207,4/1,0.22272499,7/2,Hexham,15:55,2026-05-09,5,15.5,Charlie's Halfway To 100 Handicap Chase,-,,no_data,,,,,,,,,,False,False,0,
Baptism Of Fire,Jonathon Bewley,92.0,11,161,PPPP6-,0.08982829,10/1,0.15523562,11/2,0.17976338,9/2,Hexham,15:55,2026-05-09,5,15.5,Charlie's Halfway To 100 Handicap Chase,-,,no_data,,,,,,,,,,False,False,0,
We Got Your Back,Peter Kavanagh,89.0,8,158,245U8-,0.19390689,4/1,0.3189525,2/1,0.3658446,3/2,Hexham,15:55,2026-05-09,5,15.5,Charlie's Halfway To 100 Handicap Chase,-,,no_data,,,,,,,,,,False,False,0,
Natural Ability,Danny McMenamin,88.0,8,157,/4532-,0.19390689,4/1,0.3189525,2/1,0.3658446,3/2,Hexham,15:55,2026-05-09,5,15.5,Charlie's Halfway To 100 Handicap Chase,-,,no_data,,,,,,,,,,False,False,0,
Sao Carlos,Sean Quinlan,84.0,8,153,P88PP-,0.0909849,10/1,0.15715022,11/2,0.18196222,9/2,Hexham,15:55,2026-05-09,5,15.5,Charlie's Halfway To 100 Handicap Chase,-,,no_data,,,,,,,,,,False,False,0,
Conquer The Breeze,Ryan Mania,81.0,7,150,1244P-,0.087764256,21/2,0.15181361,11/2,0.17583212,9/2,Hexham,15:55,2026-05-09,5,15.5,Charlie's Halfway To 100 Handicap Chase,-,,no_data,,,,,,,,,,False,False,0,
Beat The Edge,Alice Stevens,73.0,9,142,46736-,0.08443611,11/1,0.14628144,6/1,0.16947344,5/1,Hexham,15:55,2026-05-09,5,15.5,Charlie's Halfway To 100 Handicap Chase,-,,no_data,,,,,,,,,,False,False,0,
Betterforeveryone,Tom Cannon,112.0,9,170,1/14P-,0.20667553,4/1,0.33784413,2/1,0.38703236,3/2,Hexham,16:30,2026-05-09,4,24.0,Paxtons Now Stocking Stihl Equipment Handicap Chase (GBB Race),-,,no_data,,,,,,,,,,False,False,0,
Jet Legs,Ryan Mania,110.0,9,168,36664-,0.19344378,4/1,0.3182624,2/1,0.3650694,3/2,Hexham,16:30,2026-05-09,4,24.0,Paxtons Now Stocking Stihl Equipment Handicap Chase (GBB Race),-,,no_data,,,,,,,,,,False,False,0,
Eaton Anne,Sean Bowen,110.0,8,168,47524-,0.19344378,4/1,0.3182624,2/1,0.3650694,3/2,Hexham,16:30,2026-05-09,4,24.0,Paxtons Now Stocking Stihl Equipment Handicap Chase (GBB Race),-,,no_data,,,,,,,,,,False,False,0,
Hostile Hotelier,Sean Quinlan,109.0,8,167,2122F-,0.12731352,7/1,0.21619737,7/2,0.24952881,3/1,Hexham,16:30,2026-05-09,4,24.0,Paxtons Now Stocking Stihl Equipment Handicap Chase (GBB Race),-,,no_data,,,,,,,,,,False,False,0,
Gold Clermont,Chad Bament,108.0,10,166,49P31-,0.1304512,13/2,0.22119816,7/2,0.25522828,3/1,Hexham,16:30,2026-05-09,4,24.0,Paxtons Now Stocking Stihl Equipment Handicap Chase (GBB Race),-,,no_data,,,,,,,,,,False,False,0,
You Some Girl,Charlie Maggs,107.0,9,165,415P5-,0.12472883,7/1,0.21206608,7/2,0.24481755,3/1,Hexham,16:30,2026-05-09,4,24.0,Paxtons Now Stocking Stihl Equipment Handicap Chase (GBB Race),-,,no_data,,,,,,,,,,False,False,0,
No Regrets,Danny McMenamin,105.0,12,163,36248-,0.17645343,9/2,0.2927075,5/2,0.3363028,2/1,Hexham,16:30,2026-05-09,4,24.0,Paxtons Now Stocking Stihl Equipment Handicap Chase (GBB Race),-,,no_data,,,,,,,,,,False,False,0,
Court At Slip,Jamie Hamilton,98.0,9,156,3322P-,0.15632363,11/2,0.26183286,3/1,0.30139884,5/2,Hexham,16:30,2026-05-09,4,24.0,Paxtons Now Stocking Stihl Equipment Handicap Chase (GBB Race),-,,no_data,,,,,,,,,,False,False,0,
Bentley Road,Mr Freddie Robson,,7,168,P/5-,0.13040172,13/2,0.2211194,7/2,0.25513855,3/1,Hexham,17:05,2026-05-09,4,24.0,Paxtons Heart Of All England Maiden Hunters' Chase (For The Heart Of All England Trophy),-,,no_data,,,,,,,,,,False,False,0,
Eagles Rock,Mr John Dawson,,8,168,2/2,0.13209489,13/2,0.22381157,7/2,0.25820532,3/1,Hexham,17:05,2026-05-09,4,24.0,Paxtons Heart Of All England Maiden Hunters' Chase (For The Heart Of All England Trophy),,,drifting,11/4,3/1,11/4,3/1,,,,,,False,False,-1,
Eastern Storm,Mr Nick Orpwood,,6,168,P/P-,0.13040172,13/2,0.2211194,7/2,0.25513855,3/1,Hexham,17:05,2026-05-09,4,24.0,Paxtons Heart Of All England Maiden Hunters' Chase (For The Heart Of All England Trophy),-,,no_data,,,,,,,,,,False,False,0,
Economic Editor,Miss Lucy Brown,64.0,10,168,82063/,0.12789315,7/1,0.21712235,7/2,0.2505833,3/1,Hexham,17:05,2026-05-09,4,24.0,Paxtons Heart Of All England Maiden Hunters' Chase (For The Heart Of All England Trophy),,,shortening,100/1,125/1,100/1,80/1,,,,,,False,False,1,
Imperial Imp,Miss Ellie Callwood,,10,168,8/6/9/,0.13209489,13/2,0.22381157,7/2,0.25820532,3/1,Hexham,17:05,2026-05-09,4,24.0,Paxtons Heart Of All England Maiden Hunters' Chase (For The Heart Of All England Trophy),-,,no_data,,,,,,,,,,False,False,0,
Line Em Up,Mr Dale Peters,,7,168,,0.13040172,13/2,0.2211194,7/2,0.25513855,3/1,Hexham,17:05,2026-05-09,4,24.0,Paxtons Heart Of All England Maiden Hunters' Chase (For The Heart Of All England Trophy),-,,no_data,,,,,,,,,,False,False,0,
Peaceinthevalley,Mr Henry Bailey,105.0,7,168,5428P-,0.13653286,13/2,0.23084617,7/2,0.26621366,3/1,Hexham,17:05,2026-05-09,4,24.0,Paxtons Heart Of All England Maiden Hunters' Chase (For The Heart Of All England Trophy),-,,no_data,,,,,,,,,,False,False,0,
Pulse Of Camelot,Miss Pippa Brown,83.0,9,168,70/P5-,0.086980686,21/2,0.15051273,11/2,0.17433724,9/2,Hexham,17:05,2026-05-09,4,24.0,Paxtons Heart Of All England Maiden Hunters' Chase (For The Heart Of All England Trophy),-,,no_data,,,,,,,,,,False,False,0,
Second Subaltern,Miss Venetia Thompson,91.0,10,168,477/7-,0.09191057,10/1,0.15868098,11/2,0.18371987,9/2,Hexham,17:05,2026-05-09,4,24.0,Paxtons Heart Of All England Maiden Hunters' Chase (For The Heart Of All England Trophy),-,,no_data,,,,,,,,,,False,False,0,
Sunset On Fire,Mr Thomas Easterby,,8,168,0/,0.13209489,13/2,0.22381157,7/2,0.25820532,3/1,Hexham,17:05,2026-05-09,4,24.0,Paxtons Heart Of All England Maiden Hunters' Chase (For The Heart Of All England Trophy),-,,no_data,,,,,,,,,,False,False,0,
Whatudoing,Miss J Walton,91.0,7,168,5/34-,0.15955485,11/2,0.26683253,5/2,0.30706167,5/2,Hexham,17:05,2026-05-09,4,24.0,Paxtons Heart Of All England Maiden Hunters' Chase (For The Heart Of All England Trophy),-,,no_data,,,,,,,,,,False,False,0,
The Four Sixes,Sean Bowen,129.0,8,168,P6074-,0.14335285,6/1,0.24159509,3/1,0.27843595,5/2,Hexham,17:42,2026-05-09,3,20.0,Paxtons Number 1 For Case IH Handicap Hurdle,6/1,7.0,no_data,,,,,7.0,0.14285714285714285,0.0004957071428571547,0.003469949999999944,0.00014458124999999766,False,False,0,0.0004957071428571547
Saracen Beau,Danny McMenamin,127.0,7,166,3/231-,0.16127163,5/1,0.2694821,5/2,0.31006104,2/1,Hexham,17:42,2026-05-09,3,20.0,Paxtons Number 1 For Case IH Handicap Hurdle,15/8,2.875,no_data,,,,,2.875,0.34782608695652173,-0.18655445695652173,-0.53634406375,0.0,False,False,0,-0.18655445695652173
Shallow River,Lewis Stones,127.0,10,166,17/81/,0.16337518,5/1,0.27272218,5/2,0.31372732,2/1,Hexham,17:42,2026-05-09,3,20.0,Paxtons Number 1 For Case IH Handicap Hurdle,50/1,51.0,no_data,,,,,51.0,0.0196078431372549,0.14376733686274512,7.332134180000001,0.036660670900000004,True,False,0,0.14376733686274512
Imperial Data,Ellis Collier,127.0,9,166,31134-,0.16337518,5/1,0.27272218,5/2,0.31372732,2/1,Hexham,17:42,2026-05-09,3,20.0,Paxtons Number 1 For Case IH Handicap Hurdle,40/1,41.0,no_data,,,,,41.0,0.024390243902439025,0.138984936097561,5.69838238,0.035614889875,True,False,0,0.138984936097561
Lawrenny,Sean Quinlan,124.0,7,163,21/P5-,0.16046031,5/1,0.26823056,5/2,0.3086444,2/1,Hexham,17:42,2026-05-09,3,20.0,Paxtons Number 1 For Case IH Handicap Hurdle,18/1,19.0,no_data,,,,,19.0,0.05263157894736842,0.10782873105263158,2.0487458899999997,0.028454804027777773,True,False,0,0.10782873105263158
Dare To Shout,Ryan Mania,124.0,9,163,P425P-,0.16255993,5/1,0.27146727,5/2,0.31230754,2/1,Hexham,17:42,2026-05-09,3,20.0,Paxtons Number 1 For Case IH Handicap Hurdle,22/1,23.0,no_data,,,,,23.0,0.043478260869565216,0.11908166913043478,2.73887839,0.031123618068181817,True,False,0,0.11908166913043478
Johnsons Blue,Jamie Hamilton,121.0,9,160,8733P-,0.09962644,9/1,0.17138726,5/1,0.19829756,4/1,Hexham,17:42,2026-05-09,3,20.0,Paxtons Number 1 For Case IH Handicap Hurdle,14/1,15.0,no_data,,,,,15.0,0.06666666666666667,0.03295977333333333,0.49439659999999996,0.008828510714285713,True,False,0,0.03295977333333333
Florida Dreams,Patrick Wadge,121.0,8,160,23366-,0.12979531,13/2,0.2201541,7/2,0.25403866,3/1,Hexham,17:42,2026-05-09,3,20.0,Paxtons Number 1 For Case IH Handicap Hurdle,-,,no_data,,,,,,,,,,False,False,0,
Monaco Rules,Conor OFarrell,112.0,6,151,3P/42-,0.13698728,13/2,0.2315647,7/2,0.26703122,5/2,Hexham,17:42,2026-05-09,3,20.0,Paxtons Number 1 For Case IH Handicap Hurdle,16/1,17.0,no_data,,,,,17.0,0.058823529411764705,0.07816375058823528,1.3287837599999999,0.020762246249999998,True,False,0,0.07816375058823528
Sunset Hill,Nathan Moscrop,110.0,7,149,555U4-,0.07820966,12/1,0.13588399,13/2,0.15751186,11/2,Hexham,17:42,2026-05-09,3,20.0,Paxtons Number 1 For Case IH Handicap Hurdle,12/1,13.0,no_data,,,,,13.0,0.07692307692307693,0.001286583076923073,0.016725579999999907,0.00034844958333333137,False,False,0,0.001286583076923073
Gardener,Charlie Maggs,107.0,10,146,33311-,0.07951756,23/2,0.13807318,6/1,0.16003153,5/1,Hexham,17:42,2026-05-09,3,20.0,Paxtons Number 1 For Case IH Handicap Hurdle,11/2,6.5,no_data,,,,,6.5,0.15384615384615385,-0.07432859384615385,-0.48313586,0.0,False,False,0,-0.07432859384615385
Perseus Way,Harry Reed,107.0,7,146,/975/3,0.09559089,19/2,0.16475351,5/1,0.19068949,4/1,Hexham,17:42,2026-05-09,3,20.0,Paxtons Number 1 For Case IH Handicap Hurdle,15/2,8.5,no_data,,,,,8.5,0.11764705882352941,-0.022056168823529412,-0.18747743500000003,0.0,False,False,0,-0.022056168823529412
King Sacre,James Davies,99.0,6,168,/5052-,0.0921776,10/1,0.15912232,11/2,0.18422659,9/2,Hexham,18:15,2026-05-09,5,16.0,Jenni's Justatenner 50th Celebrations Handicap Hurdle (Div I),11/2,6.5,no_data,,,,,6.5,0.15384615384615385,-0.061668553846153856,-0.4008456,0.0,False,False,0,-0.061668553846153856
Gemini Man,Joshua Thompson,99.0,8,168,69326-,0.11810812,15/2,0.201435,4/1,0.23268257,7/2,Hexham,18:15,2026-05-09,5,16.0,Jenni's Justatenner 50th Celebrations Handicap Hurdle (Div I),15/4,4.75,no_data,,,,,4.75,0.21052631578947367,-0.09241819578947368,-0.43898643000000004,0.0,False,False,0,-0.09241819578947368
Walk On Son,Gregor Walkingshaw,96.0,6,165,34P98-,0.092039615,10/1,0.15889427,11/2,0.18396477,9/2,Hexham,18:15,2026-05-09,5,16.0,Jenni's Justatenner 50th Celebrations Handicap Hurdle (Div I),25/1,26.0,no_data,,,,,26.0,0.038461538461538464,0.05357807653846154,1.39302999,0.0139302999,True,False,0,0.05357807653846154
Linden Lane,Ellis Collier,92.0,6,161,67334-,0.12838551,7/1,0.21790765,7/2,0.25147846,3/1,Hexham,18:15,2026-05-09,5,16.0,Jenni's Justatenner 50th Celebrations Handicap Hurdle (Div I),5/1,6.0,no_data,,,,,6.0,0.16666666666666666,-0.03828115666666665,-0.2296869399999999,0.0,False,False,0,-0.03828115666666665
Scots Poet,Conor OFarrell,90.0,10,159,73331-,0.083808094,11/1,0.14523554,6/1,0.16827083,5/1,Hexham,18:15,2026-05-09,5,16.0,Jenni's Justatenner 50th Celebrations Handicap Hurdle (Div I),11/4,3.75,no_data,,,,,3.75,0.26666666666666666,-0.18285857266666666,-0.6857196475,0.0,False,False,0,-0.18285857266666666
Clean Getaway,Joe Williamson,88.0,9,157,24514-,0.17663163,9/2,0.29297796,5/2,0.33660784,2/1,Hexham,18:15,2026-05-09,5,16.0,Jenni's Justatenner 50th Celebrations Handicap Hurdle (Div I),,,drifting,22/1,20/1,22/1,25/1,,,,,,False,False,-1,
Ms Cindy Kate,Danny McMenamin,87.0,5,156,5844-,0.18073742,9/2,0.29919454,5/2,0.34361598,2/1,Hexham,18:15,2026-05-09,5,16.0,Jenni's Justatenner 50th Celebrations Handicap Hurdle (Div I),13/2,7.5,no_data,,,,,7.5,0.13333333333333333,0.04740408666666668,0.35553065000000017,0.013674255769230776,True,False,0,0.04740408666666668
Malangen,Peter Kavanagh,83.0,11,152,883P7-,0.08840702,21/2,0.15287998,11/2,0.17705736,9/2,Hexham,18:15,2026-05-09,5,16.0,Jenni's Justatenner 50th Celebrations Handicap Hurdle (Div I),10/1,11.0,no_data,,,,,11.0,0.09090909090909091,-0.002502070909090909,-0.02752277999999997,0.0,False,False,0,-0.002502070909090909
Alvesta,Jonathon Bewley,81.0,5,150,34446-,0.096171,19/2,0.16570872,5/1,0.19178537,4/1,Hexham,18:15,2026-05-09,5,16.0,Jenni's Justatenner 50th Celebrations Handicap Hurdle (Div I),25/1,26.0,no_data,,,,,26.0,0.038461538461538464,0.05770946153846154,1.5004460000000002,0.015004460000000002,True,False,0,0.05770946153846154
Kellies Dream,Callum Bewley,76.0,9,145,3/985-,0.15681942,11/2,0.26260108,3/1,0.30226922,5/2,Hexham,18:15,2026-05-09,5,16.0,Jenni's Justatenner 50th Celebrations Handicap Hurdle (Div I),10/1,11.0,no_data,,,,,11.0,0.09090909090909091,0.06591032909090908,0.7250136199999999,0.018125340499999996,True,False,0,0.06591032909090908
Mr Globalist,Sean Quinlan,73.0,7,142,5655-3,0.07476543,25/2,0.13010588,13/2,0.15085855,11/2,Hexham,18:15,2026-05-09,5,16.0,Jenni's Justatenner 50th Celebrations Handicap Hurdle (Div I),,,shortening,10/1,9/1,8/1,9/1,,,,,,False,False,1,
Two Auld Pals,Gregor Walkingshaw,99.0,8,168,/3638-,0.09544502,19/2,0.16451323,5/1,0.19041382,9/2,Hexham,18:47,2026-05-09,5,16.0,Jenni's Justatenner 50th Celebrations Handicap Hurdle (Div II),4/1,5.0,drifting,9/2,5/1,11/2,6/1,5.0,0.2,-0.10455498,-0.5227748999999999,0.0,False,False,-1,-0.12455498000000001
Mornington Beach,Jonathon Bewley,97.0,6,166,5P72P-,0.1527195,11/2,0.2562365,3/1,0.2950554,5/2,Hexham,18:47,2026-05-09,5,16.0,Jenni's Justatenner 50th Celebrations Handicap Hurdle (Div II),100/1,101.0,shortening,33/1,30/1,28/1,25/1,101.0,0.009900990099009901,0.1428185099009901,14.4246695,0.03606167375,True,False,1,0.1628185099009901
Justlikefire,Sean Quinlan,96.0,7,165,/4P2F-,0.15155673,11/2,0.25442657,3/1,0.29300275,5/2,Hexham,18:47,2026-05-09,5,16.0,Jenni's Justatenner 50th Celebrations Handicap Hurdle (Div II),100/1,101.0,shortening,150/1,100/1,7/1,13/2,101.0,0.009900990099009901,0.1416557399009901,14.30722973,0.035768074324999996,True,False,1,0.16165573990099008
The Best Way,Danny McMenamin,92.0,8,161,48/P1/,0.16700865,5/1,0.27830207,5/2,0.3200371,2/1,Hexham,18:47,2026-05-09,5,16.0,Jenni's Justatenner 50th Celebrations Handicap Hurdle (Div II),66/1,67.0,shortening,40/1,10/1,15/2,8/1,67.0,0.014925373134328358,0.15208327686567166,10.189579550000001,0.03859689223484849,True,True,1,0.17208327686567165
Hourless,Mr John Dixon,88.0,6,157,68458-,0.097325705,19/2,0.16760844,5/1,0.19396447,4/1,Hexham,18:47,2026-05-09,5,16.0,Jenni's Justatenner 50th Celebrations Handicap Hurdle (Div II),,,shortening,16/1,14/1,16/1,14/1,,,,,,False,False,1,
National Question,Joshua Thompson,87.0,6,156,51516-,0.09845253,9/1,0.16946024,5/1,0.19608814,4/1,Hexham,18:47,2026-05-09,5,16.0,Jenni's Justatenner 50th Celebrations Handicap Hurdle (Div II),,,drifting,8/1,17/2,9/1,17/2,,,,,,False,False,-1,
My My My Delilah,Jamie Hamilton,86.0,6,155,34U94-,0.09279367,10/1,0.16014008,5/1,0.18539499,9/2,Hexham,18:47,2026-05-09,5,16.0,Jenni's Justatenner 50th Celebrations Handicap Hurdle (Div II),66/1,67.0,shortening,125/1,50/1,16/1,11/1,67.0,0.014925373134328358,0.07786829686567164,5.21717589,0.019762029886363636,True,False,1,0.09786829686567164
Breadalbane Lass,Toby Wynne,82.0,6,151,66641-,0.08756503,21/2,0.15148294,11/2,0.17545216,9/2,Hexham,18:47,2026-05-09,5,16.0,Jenni's Justatenner 50th Celebrations Handicap Hurdle (Div II),66/1,67.0,shortening,7/1,250/1,7/2,10/3,67.0,0.014925373134328358,0.07263965686567164,4.86685701,0.018435064431818183,True,False,1,0.09263965686567165
Snapaudaciaheros,Charlie Maggs,80.0,6,149,45851-,0.16108768,5/1,0.26919842,5/2,0.30973995,2/1,Hexham,18:47,2026-05-09,5,16.0,Jenni's Justatenner 50th Celebrations Handicap Hurdle (Div II),66/1,67.0,shortening,150/1,16/1,17/2,5/1,67.0,0.014925373134328358,0.14616230686567167,9.792874560000001,0.037094221818181825,True,False,1,0.16616230686567166
Mythical,Joe Williamson,74.0,9,143,PP7/P-,0.088244885,21/2,0.15261108,11/2,0.1767484,9/2,Hexham,18:47,2026-05-09,5,16.0,Jenni's Justatenner 50th Celebrations Handicap Hurdle (Div II),80/1,81.0,drifting,125/1,200/1,250/1,200/1,81.0,0.012345679012345678,0.07589920598765432,6.1478356849999996,0.019211986515624998,True,False,-1,0.05589920598765431
Baldetti,David Nolan,,2,133,,0.12830035,7/1,0.21777186,7/2,0.25132367,3/1,Leicester,17:25,2026-05-09,5,5.0,British EBF Restricted Maiden Stakes (Bands C And D) (EBF Qualifier) (GBB/IRE Incentive Race),-,,no_data,,,,,,,,,,False,False,0,
Sea Mirage,Jack Callan,,2,133,6,0.12830035,7/1,0.21777186,7/2,0.25132367,3/1,Leicester,17:25,2026-05-09,5,5.0,British EBF Restricted Maiden Stakes (Bands C And D) (EBF Qualifier) (GBB/IRE Incentive Race),-,,no_data,,,,,,,,,,False,False,0,
Sky Secret,Jack Nicholls,,2,133,4,0.12830035,7/1,0.21777186,7/2,0.25132367,3/1,Leicester,17:25,2026-05-09,5,5.0,British EBF Restricted Maiden Stakes (Bands C And D) (EBF Qualifier) (GBB/IRE Incentive Race),-,,no_data,,,,,,,,,,False,False,0,
Banter Inn Court,Luke Morris,,2,130,,0.12830035,7/1,0.21777186,7/2,0.25132367,3/1,Leicester,17:25,2026-05-09,5,5.0,British EBF Restricted Maiden Stakes (Bands C And D) (EBF Qualifier) (GBB/IRE Incentive Race),-,,no_data,,,,,,,,,,False,False,0,
My Normandie,Darragh Keenan,,2,128,,0.12830035,7/1,0.21777186,7/2,0.25132367,3/1,Leicester,17:25,2026-05-09,5,5.0,British EBF Restricted Maiden Stakes (Bands C And D) (EBF Qualifier) (GBB/IRE Incentive Race),-,,no_data,,,,,,,,,,False,False,0,
Quantum Swift,John Fahy,,2,128,25,0.12830035,7/1,0.21777186,7/2,0.25132367,3/1,Leicester,17:25,2026-05-09,5,5.0,British EBF Restricted Maiden Stakes (Bands C And D) (EBF Qualifier) (GBB/IRE Incentive Race),-,,no_data,,,,,,,,,,False,False,0,
Alpacas Bullet,Kieran ONeill,,2,125,,0.12830035,7/1,0.21777186,7/2,0.25132367,3/1,Leicester,17:25,2026-05-09,5,5.0,British EBF Restricted Maiden Stakes (Bands C And D) (EBF Qualifier) (GBB/IRE Incentive Race),-,,no_data,,,,,,,,,,False,False,0,
Pertinent,Grace McEntee,,2,125,,0.12830035,7/1,0.21777186,7/2,0.25132367,3/1,Leicester,17:25,2026-05-09,5,5.0,British EBF Restricted Maiden Stakes (Bands C And D) (EBF Qualifier) (GBB/IRE Incentive Race),-,,no_data,,,,,,,,,,False,False,0,
Postcard,Sam Hitchcott,,2,125,89,0.12830035,7/1,0.21777186,7/2,0.25132367,3/1,Leicester,17:25,2026-05-09,5,5.0,British EBF Restricted Maiden Stakes (Bands C And D) (EBF Qualifier) (GBB/IRE Incentive Race),-,,no_data,,,,,,,,,,False,False,0,
Thunda Struck,Rowan Scott,,2,125,2,0.12830035,7/1,0.21777186,7/2,0.25132367,3/1,Leicester,17:25,2026-05-09,5,5.0,British EBF Restricted Maiden Stakes (Bands C And D) (EBF Qualifier) (GBB/IRE Incentive Race),-,,no_data,,,,,,,,,,False,False,0,
Blazing Sam,Gina Mangan,,3,133,0,0.13958643,6/1,0.2356681,3/1,0.2716987,5/2,Leicester,17:55,2026-05-09,3,7.0,British EBF Novice Stakes (GBB Race),80/1,81.0,no_data,,,,,81.0,0.012345679012345678,0.12724075098765433,10.306500830000001,0.03220781509375,True,False,0,0.12724075098765433
Distant Moon,Sean D Bowen,,3,133,,0.13958643,6/1,0.2356681,3/1,0.2716987,5/2,Leicester,17:55,2026-05-09,3,7.0,British EBF Novice Stakes (GBB Race),13/2,7.5,no_data,,,,,7.5,0.13333333333333333,0.00625309666666668,0.04689822500000007,0.0018037778846153874,False,False,0,0.00625309666666668
Galba,Sam Hitchcott,,3,133,3-7,0.24295038,3/1,0.39009076,3/2,0.44526842,1/1,Leicester,17:55,2026-05-09,3,7.0,British EBF Novice Stakes (GBB Race),28/1,29.0,no_data,,,,,29.0,0.034482758620689655,0.20846762137931035,6.04556102,0.05397822339285714,True,True,0,0.20846762137931035
Kings Cavalry,Luke Morris,,3,133,6-2,0.19702548,4/1,0.32359064,2/1,0.37105256,3/2,Leicester,17:55,2026-05-09,3,7.0,British EBF Novice Stakes (GBB Race),5/6,1.8333,no_data,,,,,1.8333,0.5454644629902362,-0.34843898299023623,-0.638793187516,0.0,False,False,0,-0.34843898299023623
Masked Warrior,Darragh Keenan,,3,133,32-,0.22366697,7/2,0.36257902,2/1,0.41467103,3/2,Leicester,17:55,2026-05-09,3,7.0,British EBF Novice Stakes (GBB Race),11/8,2.375,no_data,,,,,2.375,0.42105263157894735,-0.19738566157894735,-0.46879094625000006,0.0,False,False,0,-0.19738566157894735
Race To The Edge,Robbie Downey,,3,133,,0.13958643,6/1,0.2356681,3/1,0.2716987,5/2,Leicester,17:55,2026-05-09,3,7.0,British EBF Novice Stakes (GBB Race),,,no_data,,,,,,,,,,False,False,0,
Able Astra,Jack Nicholls,,3,128,8-,0.18632767,9/2,0.3076154,5/2,0.3530983,2/1,Leicester,17:55,2026-05-09,3,7.0,British EBF Novice Stakes (GBB Race),28/1,29.0,no_data,,,,,29.0,0.034482758620689655,0.15184491137931033,4.40350243,0.03931698598214285,True,True,0,0.15184491137931033
Ashley Pool,Kieran ONeill,,3,128,0,0.13958643,6/1,0.2356681,3/1,0.2716987,5/2,Leicester,17:55,2026-05-09,3,7.0,British EBF Novice Stakes (GBB Race),150/1,151.0,no_data,,,,,151.0,0.006622516556291391,0.13296391344370861,20.07755093,0.033462584883333334,True,False,0,0.13296391344370861
Bridgets Baby,William Carson,,3,128,06-,0.17625809,9/2,0.29241103,5/2,0.33596838,2/1,Leicester,17:55,2026-05-09,3,7.0,British EBF Novice Stakes (GBB Race),200/1,201.0,no_data,,,,,201.0,0.004975124378109453,0.17128296562189055,34.42787609,0.0430348451125,True,True,0,0.17128296562189055
Emperor Caradoc,David Nolan,77.0,7,137,40-401,0.17217775,5/1,0.2862038,5/2,0.32896358,2/1,Leicester,18:25,2026-05-09,5,6.0,Smooth Radio Ladies' Day 4th July Book Now Handicap,7/4,2.75,no_data,,,,,2.75,0.36363636363636365,-0.19145861363636366,-0.5265111875,0.0,False,False,0,-0.19145861363636366
This Farh,Rowan Scott,72.0,4,132,8-6461,0.16138384,5/1,0.2696551,5/2,0.31025684,2/1,Leicester,18:25,2026-05-09,5,6.0,Smooth Radio Ladies' Day 4th July Book Now Handicap,85/40,3.125,no_data,,,,,3.125,0.32,-0.15861616,-0.49567550000000005,0.0,False,False,0,-0.15861616
Invincible Speed,Jack Callan,71.0,5,131,4-1444,0.16057222,5/1,0.26840323,5/2,0.30883986,2/1,Leicester,18:25,2026-05-09,5,6.0,Smooth Radio Ladies' Day 4th July Book Now Handicap,,,drifting,13/2,7/1,15/2,7/1,,,,,,False,False,-1,
Fiscal Policy,James Sullivan,70.0,7,130,5-6832,0.17247643,5/1,0.28665906,5/2,0.32947755,2/1,Leicester,18:25,2026-05-09,5,6.0,Smooth Radio Ladies' Day 4th July Book Now Handicap,15/4,4.75,no_data,,,,,4.75,0.21052631578947367,-0.038049885789473686,-0.18073695750000007,0.0,False,False,0,-0.038049885789473686
Dark Side Thunder,Oliver Stammers,69.0,7,129,0-4892,0.16371615,5/1,0.2732467,5/2,0.31432065,2/1,Leicester,18:25,2026-05-09,5,6.0,Smooth Radio Ladies' Day 4th July Book Now Handicap,6/1,7.0,no_data,,,,,7.0,0.14285714285714285,0.020859007142857156,0.1460130500000001,0.006083877083333337,True,False,0,0.020859007142857156
Mumayaz,Darragh Keenan,67.0,7,127,746246,0.18876666,9/2,0.3112737,2/1,0.35721385,2/1,Leicester,18:25,2026-05-09,5,6.0,Smooth Radio Ladies' Day 4th July Book Now Handicap,8/1,9.0,no_data,,,,,9.0,0.1111111111111111,0.0776555488888889,0.69889994,0.021840623125,True,False,0,0.0776555488888889
Sword Of Wessex,Luke Morris,71.0,4,136,-65581,0.15461837,11/2,0.25918758,3/1,0.29840103,5/2,Leicester,18:55,2026-05-09,5,12.0,Best Ticket Deals Online At leicester-racecourse.co.uk Handicap,50/1,51.0,shortening,4/1,7/2,4/1,7/2,51.0,0.0196078431372549,0.13501052686274512,6.88553687,0.03442768435,True,False,1,0.1550105268627451
John Galt,Jack Callan,70.0,4,135,-44532,0.17138349,5/1,0.28499243,5/2,0.32759577,2/1,Leicester,18:55,2026-05-09,5,12.0,Best Ticket Deals Online At leicester-racecourse.co.uk Handicap,10/1,11.0,shortening,25/1,10/1,25/1,17/2,11.0,0.09090909090909091,0.08047439909090909,0.8852183899999999,0.022130459749999998,True,False,1,0.10047439909090909
Kurios Lady,Rowan Scott,69.0,4,134,6-3462,0.1648869,5/1,0.2750463,5/2,0.31635606,2/1,Leicester,18:55,2026-05-09,5,12.0,Best Ticket Deals Online At leicester-racecourse.co.uk Handicap,12/1,13.0,shortening,4/1,5/1,9/2,5/1,13.0,0.07692307692307693,0.08796382307692308,1.1435297000000002,0.02382353541666667,True,False,1,0.10796382307692308
Johnny Boom,Gina Mangan,68.0,8,133,/1-762,0.17825252,9/2,0.29543537,5/2,0.33937895,2/1,Leicester,18:55,2026-05-09,5,12.0,Best Ticket Deals Online At leicester-racecourse.co.uk Handicap,5/2,3.5,stable,11/4,5/2,11/4,5/2,3.5,0.2857142857142857,-0.1074617657142857,-0.37611618,0.0,False,False,0,-0.1074617657142857
Iwantmytimewithyou,Mason Paetel,65.0,4,130,557-25,0.14542279,6/1,0.2448428,3/1,0.2821253,5/2,Leicester,18:55,2026-05-09,5,12.0,Best Ticket Deals Online At leicester-racecourse.co.uk Handicap,9/2,5.5,drifting,11/2,6/1,13/2,7/1,5.5,0.18181818181818182,-0.03639539181818183,-0.20017465499999998,0.0,False,False,-1,-0.05639539181818183
Trojan Truth,Owen Lewis,63.0,7,128,11523-,0.1802263,9/2,0.29842213,5/2,0.34274557,2/1,Leicester,18:55,2026-05-09,5,12.0,Best Ticket Deals Online At leicester-racecourse.co.uk Handicap,25/1,26.0,drifting,33/1,28/1,25/1,28/1,26.0,0.038461538461538464,0.14176476153846154,3.6858838,0.036858838,True,False,-1,0.12176476153846154
Zubaru,Darragh Keenan,78.0,4,143,485-31,0.10846123,8/1,0.18581915,9/2,0.21482837,7/2,Leicester,19:25,2026-05-09,5,7.0,Heather Small Plays Leicester Races 4th July Handicap,15/8,2.875,shortening,2/1,15/8,9/5,13/8,2.875,0.34782608695652173,-0.2393648569565217,-0.68817396375,0.0,False,False,1,-0.21936485695652172
Albeseeingyer,Rowan Scott,69.0,7,134,308-02,0.11385694,8/1,0.19457178,4/1,0.22483984,7/2,Leicester,19:25,2026-05-09,5,7.0,Heather Small Plays Leicester Races 4th July Handicap,33/1,34.0,shortening,6/1,11/2,6/1,11/2,34.0,0.029411764705882353,0.08444517529411766,2.87113596,0.02175103,True,False,1,0.10444517529411766
Cypriot Diaspora,Oliver Searle,68.0,5,133,1006-5,0.11438102,15/2,0.19541943,4/1,0.22580883,7/2,Leicester,19:25,2026-05-09,5,7.0,Heather Small Plays Leicester Races 4th July Handicap,100/1,101.0,shortening,50/1,100/1,50/1,40/1,101.0,0.009900990099009901,0.1044800299009901,10.55248302,0.02638120755,True,False,1,0.12448002990099011
Tattie Bogle,Jack Callan,68.0,4,133,-42531,0.10556587,17/2,0.18110324,9/2,0.20942976,4/1,Leicester,19:25,2026-05-09,5,7.0,Heather Small Plays Leicester Races 4th July Handicap,66/1,67.0,shortening,16/1,9/1,13/2,11/2,67.0,0.014925373134328358,0.09064049686567165,6.072913290000001,0.023003459431818186,True,False,1,0.11064049686567165
Tex,Jack Dace,67.0,5,132,44333-,0.11870049,15/2,0.20238903,4/1,0.23377223,7/2,Leicester,19:25,2026-05-09,5,7.0,Heather Small Plays Leicester Races 4th July Handicap,16/1,17.0,stable,50/1,20/1,28/1,16/1,17.0,0.058823529411764705,0.0598769605882353,1.01790833,0.01590481765625,True,False,0,0.0598769605882353
Al Hofzan,Gina Mangan,66.0,4,131,304235,0.11531692,15/2,0.19693206,4/1,0.22753774,7/2,Leicester,19:25,2026-05-09,5,7.0,Heather Small Plays Leicester Races 4th July Handicap,22/1,23.0,drifting,25/1,22/1,25/1,28/1,23.0,0.043478260869565216,0.07183865913043479,1.65228916,0.018776013181818183,True,False,-1,0.05183865913043478
Enpassant,David Nolan,65.0,5,130,240917,0.109300695,8/1,0.18718395,9/2,0.21639016,7/2,Leicester,19:25,2026-05-09,5,7.0,Heather Small Plays Leicester Races 4th July Handicap,100/1,101.0,shortening,22/1,100/1,22/1,20/1,101.0,0.009900990099009901,0.09939970490099011,10.039370195,0.0250984254875,True,False,1,0.11939970490099011
Fenlander,Kieran ONeill,61.0,5,126,623-23,0.106887594,17/2,0.1832577,9/2,0.2118965,7/2,Leicester,19:25,2026-05-09,5,7.0,Heather Small Plays Leicester Races 4th July Handicap,100/1,101.0,shortening,7/1,6/1,9/2,5/1,101.0,0.009900990099009901,0.0969866039009901,9.795646994,0.024489117485,True,False,1,0.11698660390099011
Call Glory,Ryan Kavanagh,58.0,5,123,326342,0.10233726,9/1,0.17582874,9/2,0.20338805,4/1,Leicester,19:25,2026-05-09,5,7.0,Heather Small Plays Leicester Races 4th July Handicap,25/1,26.0,shortening,22/1,25/1,22/1,20/1,26.0,0.038461538461538464,0.06387572153846154,1.6607687599999998,0.016607687599999997,True,False,1,0.08387572153846154
Oasis Sunrise,Jack Dace,63.0,4,143,62-521,0.08028727,23/2,0.13936025,6/1,0.16151261,5/1,Leicester,19:55,2026-05-09,6,10.0,Go West Plays Leicester Races 4th July Handicap,5/1,6.0,drifting,20/1,5/1,20/1,12/1,6.0,0.16666666666666666,-0.08637939666666666,-0.5182763800000001,0.0,False,False,-1,-0.10637939666666667
City Escape,Kieran ONeill,54.0,9,134,24673-,0.081881106,11/1,0.14202237,6/1,0.16457535,5/1,Leicester,19:55,2026-05-09,6,10.0,Go West Plays Leicester Races 4th July Handicap,28/1,29.0,stable,33/1,50/1,33/1,28/1,29.0,0.034482758620689655,0.04739834737931034,1.374552074,0.012272786374999999,True,False,0,0.04739834737931034
Luminous Approach,Gina Mangan,54.0,4,134,067-,0.09768554,9/1,0.1682,5/1,0.19464293,4/1,Leicester,19:55,2026-05-09,6,10.0,Go West Plays Leicester Races 4th July Handicap,5/1,6.0,stable,80/1,5/1,11/2,5/1,6.0,0.16666666666666666,-0.06898112666666666,-0.41388676,0.0,False,False,0,-0.06898112666666666
Gert Lush,Owen Lewis,52.0,9,132,5350/7,0.07550657,12/1,0.13135083,13/2,0.15229243,11/2,Leicester,19:55,2026-05-09,6,10.0,Go West Plays Leicester Races 4th July Handicap,22/1,23.0,shortening,25/1,22/1,25/1,20/1,23.0,0.043478260869565216,0.03202830913043478,0.7366511099999999,0.00837103534090909,True,False,1,0.05202830913043478
Fillyfudge,Darragh Keenan,52.0,7,132,305-67,0.08112923,23/2,0.14076705,6/1,0.16313124,5/1,Leicester,19:55,2026-05-09,6,10.0,Go West Plays Leicester Races 4th July Handicap,13/2,7.5,stable,100/1,13/2,7/1,13/2,7.5,0.13333333333333333,-0.052204103333333335,-0.391530775,0.0,False,False,0,-0.052204103333333335
Majestic Leo,NON-RUNNER,50.0,4,130,9-0608,0.06986041,27/2,0.121844366,7/1,0.14133835,6/1,Leicester,19:55,2026-05-09,6,10.0,Go West Plays Leicester Races 4th July Handicap,,,no_data,,,,,,,,,,False,False,0,
Versatile,Luke Morris,49.0,5,129,-90866,0.0730176,25/2,0.12716642,7/1,0.14747223,6/1,Leicester,19:55,2026-05-09,6,10.0,Go West Plays Leicester Races 4th July Handicap,4/1,5.0,stable,12/1,4/1,9/2,4/1,5.0,0.2,-0.1269824,-0.6349119999999999,0.0,False,False,0,-0.1269824
Mooretown Lad,Sean D Bowen,49.0,6,129,-49474,0.07144549,13/1,0.12451832,7/1,0.14442062,6/1,Leicester,19:55,2026-05-09,6,10.0,Go West Plays Leicester Races 4th July Handicap,9/2,5.5,stable,50/1,9/2,5/1,9/2,5.5,0.18181818181818182,-0.11037269181818182,-0.6070498049999999,0.0,False,False,0,-0.11037269181818182
Myna,William Carson,48.0,5,128,-15236,0.08300225,11/1,0.14389254,6/1,0.16672641,5/1,Leicester,19:55,2026-05-09,6,10.0,Go West Plays Leicester Races 4th July Handicap,8/1,9.0,drifting,17/2,9/1,10/1,9/1,9.0,0.1111111111111111,-0.028108861111111105,-0.25297974999999995,0.0,False,False,-1,-0.04810886111111111
Eager Puccini,Mason Paetel,46.0,4,126,0700-6,0.07242164,13/1,0.12616304,7/1,0.14631605,6/1,Leicester,19:55,2026-05-09,6,10.0,Go West Plays Leicester Races 4th July Handicap,40/1,41.0,drifting,100/1,66/1,40/1,50/1,41.0,0.024390243902439025,0.04803139609756097,1.9692872399999999,0.01230804525,True,False,-1,0.02803139609756097
Pure Theory,Ryan Kavanagh,46.0,4,126,454690,0.08686767,21/2,0.150325,11/2,0.1741215,9/2,Leicester,19:55,2026-05-09,6,10.0,Go West Plays Leicester Races 4th July Handicap,22/1,23.0,drifting,100/1,22/1,25/1,30/1,23.0,0.043478260869565216,0.04338940913043478,0.9979564099999998,0.011340413749999998,True,False,-1,0.023389409130434777
Clipsham Noble,Liam Wright,46.0,4,126,65-465,0.084674016,11/1,0.14667748,6/1,0.16992877,5/1,Leicester,19:55,2026-05-09,6,10.0,Go West Plays Leicester Races 4th July Handicap,15/2,8.5,drifting,12/1,14/1,20/1,16/1,8.5,0.11764705882352941,-0.032973042823529405,-0.280270864,0.0,False,False,-1,-0.05297304282352941
Up The Jazz,David Nolan,65.0,5,135,8-8392,0.115200244,15/2,0.19674356,4/1,0.22732231,7/2,Leicester,20:25,2026-05-09,6,8.0,'Picnic At The Races' Monday 25th May Book Now Handicap,7/2,4.5,drifting,13/2,7/2,13/2,5/1,4.5,0.2222222222222222,-0.10702197822222222,-0.481598902,0.0,False,False,-1,-0.12702197822222222
Super Hit,Luke Morris,64.0,5,134,5-3272,0.10480061,17/2,0.17985457,9/2,0.20799981,4/1,Leicester,20:25,2026-05-09,6,8.0,'Picnic At The Races' Monday 25th May Book Now Handicap,9/2,5.5,drifting,13/2,5/1,11/2,13/2,5.5,0.18181818181818182,-0.07701757181818182,-0.42359664499999994,0.0,False,False,-1,-0.09701757181818182
Union Island,Jack Callan,63.0,5,133,631470,0.09325487,19/2,0.1609016,5/1,0.18626913,9/2,Leicester,20:25,2026-05-09,6,8.0,'Picnic At The Races' Monday 25th May Book Now Handicap,25/1,26.0,drifting,28/1,33/1,50/1,33/1,26.0,0.038461538461538464,0.05479333153846154,1.4246266200000002,0.014246266200000001,True,False,-1,0.034793331538461536
Tonal,Ryan Kavanagh,62.0,6,132,1-1315,0.0969079,19/2,0.1669213,5/1,0.19317633,4/1,Leicester,20:25,2026-05-09,6,8.0,'Picnic At The Races' Monday 25th May Book Now Handicap,,,drifting,3/1,10/3,4/1,9/2,,,,,,False,False,-1,
The Sweet Escape,Rowan Scott,62.0,4,132,6-8616,0.088769004,21/2,0.15348026,11/2,0.17774698,9/2,Leicester,20:25,2026-05-09,6,8.0,'Picnic At The Races' Monday 25th May Book Now Handicap,9/2,5.5,drifting,5/1,11/2,5/1,11/2,5.5,0.18181818181818182,-0.09304917781818182,-0.5117704780000001,0.0,False,False,-1,-0.11304917781818183
Yokkell,Kieran ONeill,62.0,7,132,087-63,0.08897555,10/1,0.15382266,11/2,0.17814033,9/2,Leicester,20:25,2026-05-09,6,8.0,'Picnic At The Races' Monday 25th May Book Now Handicap,11/2,6.5,drifting,16/1,12/1,16/1,12/1,6.5,0.15384615384615385,-0.06487060384615385,-0.421658925,0.0,False,False,-1,-0.08487060384615386
Study Up,Jonny Peate,61.0,5,131,9-8373,0.10429068,17/2,0.17902198,9/2,0.20704623,4/1,Leicester,20:25,2026-05-09,6,8.0,'Picnic At The Races' Monday 25th May Book Now Handicap,14/1,15.0,drifting,16/1,14/1,16/1,18/1,15.0,0.06666666666666667,0.03762401333333333,0.5643601999999999,0.010077860714285711,True,False,-1,0.01762401333333333
Star Start,James Sullivan,59.0,6,129,26-953,0.11785473,15/2,0.20102672,4/1,0.23221622,7/2,Leicester,20:25,2026-05-09,6,8.0,'Picnic At The Races' Monday 25th May Book Now Handicap,9/1,10.0,stable,100/1,9/1,100/1,9/1,10.0,0.1,0.01785473,0.17854729999999996,0.004959647222222221,True,False,0,0.01785473
Mercurius Power,Darragh Keenan,57.0,8,127,-53366,0.10020849,9/1,0.17234188,5/1,0.1993919,4/1,Leicester,20:25,2026-05-09,6,8.0,'Picnic At The Races' Monday 25th May Book Now Handicap,28/1,29.0,drifting,33/1,100/1,80/1,66/1,29.0,0.034482758620689655,0.06572573137931034,1.90604621,0.017018269732142856,True,False,-1,0.04572573137931034
Sharma dAmour,Jack Nicholls,50.0,4,120,478-52,0.087736525,21/2,0.15176758,11/2,0.17577922,9/2,Leicester,20:25,2026-05-09,6,8.0,'Picnic At The Races' Monday 25th May Book Now Handicap,4/1,5.0,drifting,80/1,16/1,80/1,6/1,5.0,0.2,-0.11226347500000002,-0.561317375,0.0,False,False,-1,-0.13226347500000002
Redbridge Rambler,Freddie Keighley,97.0,8,168,42345-,0.148817,11/2,0.25015342,3/1,0.28815457,5/2,Warwick,17:35,2026-05-09,5,24.0,SVE Services Ltd Conditional Jockeys' Handicap Chase,-,,no_data,,,,,,,,,,False,False,0,
Chief Black Robe,Tom Broughton,95.0,10,166,42PU3-,0.1759135,9/2,0.29188785,5/2,0.33537823,2/1,Warwick,17:35,2026-05-09,5,24.0,SVE Services Ltd Conditional Jockeys' Handicap Chase,-,,no_data,,,,,,,,,,False,False,0,
Sweet Nightingale,Freddie Mitchell,87.0,9,158,P3133-,0.111090116,8/1,0.1900894,9/2,0.21971413,7/2,Warwick,17:35,2026-05-09,5,24.0,SVE Services Ltd Conditional Jockeys' Handicap Chase,-,,no_data,,,,,,,,,,False,False,0,
Black Occ,Harry Atkins,87.0,7,158,PP32P-,0.10721142,17/2,0.18378513,9/2,0.21250027,7/2,Warwick,17:35,2026-05-09,5,24.0,SVE Services Ltd Conditional Jockeys' Handicap Chase,-,,no_data,,,,,,,,,,False,False,0,
Carpe Diem,Tom Hutsby,87.0,8,158,41232-,0.11129219,8/1,0.19041719,9/2,0.22008906,7/2,Warwick,17:35,2026-05-09,5,24.0,SVE Services Ltd Conditional Jockeys' Handicap Chase,-,,no_data,,,,,,,,,,False,False,0,
Bahtiyar,Murray Dodd,82.0,8,153,3332-4,0.18884142,9/2,0.3113857,2/1,0.3573398,2/1,Warwick,17:35,2026-05-09,5,24.0,SVE Services Ltd Conditional Jockeys' Handicap Chase,-,,no_data,,,,,,,,,,False,False,0,
School For Scandal,Dylan Johnston,78.0,11,149,745P3-,0.10586274,17/2,0.1815874,9/2,0.20998414,4/1,Warwick,17:35,2026-05-09,5,24.0,SVE Services Ltd Conditional Jockeys' Handicap Chase,-,,no_data,,,,,,,,,,False,False,0,
Stonegate,Cameron Iles,71.0,7,142,54PP-P,0.10339162,17/2,0.17755306,9/2,0.2053636,4/1,Warwick,17:35,2026-05-09,5,24.0,SVE Services Ltd Conditional Jockeys' Handicap Chase,-,,no_data,,,,,,,,,,False,False,0,
Dunstall Star,Charlie Deutsch,,5,159,61-,0.16553174,5/1,0.27603653,5/2,0.31747583,2/1,Warwick,18:07,2026-05-09,4,16.0,Mike Mohan's 60th Birthday 'National Hunt' Maiden Hurdle (GBB Race),28/1,29.0,no_data,,,,,29.0,0.034482758620689655,0.13104898137931037,3.8004204600000007,0.03393232553571429,True,False,0,0.13104898137931037
Fine Fellow,Tom Broughton,,6,159,38-,0.1610753,5/1,0.26917934,5/2,0.30971837,2/1,Warwick,18:07,2026-05-09,4,16.0,Mike Mohan's 60th Birthday 'National Hunt' Maiden Hurdle (GBB Race),25/1,26.0,no_data,,,,,26.0,0.038461538461538464,0.12261376153846154,3.1879578000000004,0.031879578000000006,True,False,0,0.12261376153846154
Peters Last Deal,Caoilin Quinn,,5,159,35/36-,0.16886228,5/1,0.28114054,5/2,0.32324487,2/1,Warwick,18:07,2026-05-09,4,16.0,Mike Mohan's 60th Birthday 'National Hunt' Maiden Hurdle (GBB Race),10/1,11.0,no_data,,,,,11.0,0.09090909090909091,0.07795318909090909,0.85748508,0.021437127,True,False,0,0.07795318909090909
Sky Grove,Bryan Carver,,5,159,3-,0.16553174,5/1,0.27603653,5/2,0.31747583,2/1,Warwick,18:07,2026-05-09,4,16.0,Mike Mohan's 60th Birthday 'National Hunt' Maiden Hurdle (GBB Race),12/1,13.0,no_data,,,,,13.0,0.07692307692307693,0.08860866307692308,1.15191262,0.023998179583333334,True,False,0,0.08860866307692308
So Proud,Lorcan Williams,,5,159,15-,0.1771151,9/2,0.29371136,5/2,0.33743498,2/1,Warwick,18:07,2026-05-09,4,16.0,Mike Mohan's 60th Birthday 'National Hunt' Maiden Hurdle (GBB Race),11/2,6.5,no_data,,,,,6.5,0.15384615384615385,0.023268946153846143,0.15124815000000003,0.00687491590909091,True,False,0,0.023268946153846143
Taranis Dubh,Gavin Sheehan,,5,159,3-,0.16553174,5/1,0.27603653,5/2,0.31747583,2/1,Warwick,18:07,2026-05-09,4,16.0,Mike Mohan's 60th Birthday 'National Hunt' Maiden Hurdle (GBB Race),11/10,2.1,no_data,,,,,2.1,0.47619047619047616,-0.3106587361904761,-0.6523833459999999,0.0,False,False,0,-0.3106587361904761
Wings Of Ayrton,Ben Jones,,5,159,,0.16553174,5/1,0.27603653,5/2,0.31747583,2/1,Warwick,18:07,2026-05-09,4,16.0,Mike Mohan's 60th Birthday 'National Hunt' Maiden Hurdle (GBB Race),4/1,5.0,no_data,,,,,5.0,0.2,-0.03446826,-0.17234129999999992,0.0,False,False,0,-0.03446826
Kap De Cerisy,Charlie Todd,,6,152,,0.1610753,5/1,0.26917934,5/2,0.30971837,2/1,Warwick,18:07,2026-05-09,4,16.0,Mike Mohan's 60th Birthday 'National Hunt' Maiden Hurdle (GBB Race),9/1,10.0,no_data,,,,,10.0,0.1,0.0610753,0.6107530000000001,0.016965361111111115,True,False,0,0.0610753
Blue In The West,Shane Quinlan,97.0,9,168,32P12-,0.18013674,9/2,0.29828674,5/2,0.34259298,2/1,Warwick,18:37,2026-05-09,5,25.0,Subscribe To Head In Front Betting Handicap Hurdle,100/1,101.0,shortening,10/1,7/1,11/1,8/1,101.0,0.009900990099009901,0.17023574990099008,17.19381074,0.04298452685,True,True,1,0.19023574990099007
Danger Nap,Lorcan Williams,95.0,5,166,0/6P4-,0.12955609,13/2,0.21977314,7/2,0.25360453,3/1,Warwick,18:37,2026-05-09,5,25.0,Subscribe To Head In Front Betting Handicap Hurdle,17/2,9.5,drifting,9/1,10/1,9/1,10/1,9.5,0.10526315789473684,0.024292932105263176,0.23078285500000018,0.00678773102941177,True,False,-1,0.004292932105263176
Kantagua Du Large,Harry Cobden,93.0,6,164,56446-,0.13515352,13/2,0.22866315,7/2,0.26372927,3/1,Warwick,18:37,2026-05-09,5,25.0,Subscribe To Head In Front Betting Handicap Hurdle,100/1,101.0,shortening,2/1,9/4,5/2,9/4,101.0,0.009900990099009901,0.1252525299009901,12.65050552,0.0316262638,True,False,1,0.14525252990099008
Broadway Honey,James Turner,93.0,6,164,53355-,0.17556998,9/2,0.2913661,5/2,0.33478963,2/1,Warwick,18:37,2026-05-09,5,25.0,Subscribe To Head In Front Betting Handicap Hurdle,80/1,81.0,shortening,20/1,22/1,20/1,18/1,81.0,0.012345679012345678,0.1632243009876543,13.221168379999998,0.0413161511875,True,True,1,0.1832243009876543
Mexican Stan,Tom Broughton,88.0,6,159,4/P45-,0.21470635,7/2,0.3495924,2/1,0.40017465,3/2,Warwick,18:37,2026-05-09,5,25.0,Subscribe To Head In Front Betting Handicap Hurdle,15/2,8.5,drifting,14/1,8/1,6/1,8/1,8.5,0.11764705882352941,0.09705929117647058,0.825003975,0.0275001325,True,False,-1,0.07705929117647058
Silver Gale,Gavin Sheehan,78.0,5,149,70032-,0.11445071,15/2,0.19553211,4/1,0.22593763,7/2,Warwick,18:37,2026-05-09,5,25.0,Subscribe To Head In Front Betting Handicap Hurdle,100/1,101.0,shortening,10/3,5/1,7/2,5/1,101.0,0.009900990099009901,0.1045497199009901,10.55952171,0.026398804275,True,False,1,0.1245497199009901
Kingston Kid,Tabitha Worsley,77.0,9,148,P/755-,0.19514002,4/1,0.32078832,2/1,0.36790645,3/2,Warwick,18:37,2026-05-09,5,25.0,Subscribe To Head In Front Betting Handicap Hurdle,,,drifting,10/1,11/1,14/1,12/1,,,,,,False,False,-1,
Annies Gold,Murray Dodd,73.0,7,144,/6PP5-,0.102381915,9/1,0.1759018,9/2,0.20347176,4/1,Warwick,18:37,2026-05-09,5,25.0,Subscribe To Head In Front Betting Handicap Hurdle,,,stable,14/1,16/1,14/1,,,,,,,False,False,0,
Gwash,Tom Broughton,112.0,7,170,62876-,0.20454124,4/1,0.33470452,2/1,0.38351575,3/2,Warwick,19:07,2026-05-09,4,21.0,Lewis Badges 1832 Handicap Hurdle,20/1,21.0,stable,22/1,66/1,22/1,20/1,21.0,0.047619047619047616,0.1569221923809524,3.29536604,0.0411920755,True,True,0,0.1569221923809524
Mammies Boy,Caoilin Quinn,109.0,8,167,107U3-,0.19344378,4/1,0.3182624,2/1,0.3650694,3/2,Warwick,19:07,2026-05-09,4,21.0,Lewis Badges 1832 Handicap Hurdle,,,shortening,11/1,12/1,11/1,10/1,,,,,,False,False,1,
Impecunious,Bryan Carver,108.0,7,166,3/421-,0.18008675,9/2,0.29821116,5/2,0.3425078,2/1,Warwick,19:07,2026-05-09,4,21.0,Lewis Badges 1832 Handicap Hurdle,9/1,10.0,stable,50/1,9/1,10/1,9/1,10.0,0.1,0.08008674999999998,0.8008674999999998,0.02224631944444444,True,False,0,0.08008674999999998
Three Pikes,Oscar Palmer,107.0,6,165,22341-,0.1780512,9/2,0.29513037,5/2,0.33903506,2/1,Warwick,19:07,2026-05-09,4,21.0,Lewis Badges 1832 Handicap Hurdle,6/5,2.2,drifting,5/4,7/5,6/4,7/4,2.2,0.45454545454545453,-0.2764942545454545,-0.60828736,0.0,False,False,-1,-0.2964942545454545
Kom Tu Voudras,Harry Cobden,106.0,6,164,P/301-,0.17683949,9/2,0.2932933,5/2,0.33696347,2/1,Warwick,19:07,2026-05-09,4,21.0,Lewis Badges 1832 Handicap Hurdle,10/1,11.0,shortening,12/1,11/1,10/1,9/1,11.0,0.09090909090909091,0.08593039909090908,0.94523439,0.02363085975,True,False,1,0.10593039909090908
Camarrate,William Maggs,104.0,6,162,20361-,0.14386278,6/1,0.24239582,3/1,0.2793457,5/2,Warwick,19:07,2026-05-09,4,21.0,Lewis Badges 1832 Handicap Hurdle,6/1,7.0,drifting,50/1,6/1,50/1,33/1,7.0,0.14285714285714285,0.0010056371428571464,0.007039459999999886,0.0002933108333333286,False,False,-1,-0.018994362857142854
Il Va De Soi,Paul OBrien,103.0,8,161,0P758-,0.12685895,7/1,0.21547157,7/2,0.24870129,3/1,Warwick,19:07,2026-05-09,4,21.0,Lewis Badges 1832 Handicap Hurdle,10/1,11.0,shortening,11/1,10/1,9/1,17/2,11.0,0.09090909090909091,0.035949859090909086,0.39544844999999995,0.009886211249999999,True,False,1,0.05594985909090909
Urban Isle,Isabelle Ryder,88.0,5,146,/5876-,0.11116789,8/1,0.19021556,9/2,0.21985844,7/2,Warwick,19:07,2026-05-09,4,21.0,Lewis Badges 1832 Handicap Hurdle,11/2,6.5,stable,28/1,11/2,13/2,11/2,6.5,0.15384615384615385,-0.04267826384615385,-0.277408715,0.0,False,False,0,-0.04267826384615385
Good Source,Miss Charlotte Butler,99.0,9,171,1/,0.28706747,5/2,0.4507953,1/1,0.5121932,1/1,Warwick,19:37,2026-05-09,4,24.0,Jockey Club 0-110 Rated Series Final Open Hunters' Chase (A Grassroots Hunters' Chase Series Final),28/1,29.0,drifting,33/1,66/1,28/1,66/1,29.0,0.034482758620689655,0.2525847113793103,7.324956629999999,0.06540139848214285,True,True,-1,0.23258471137931033
Best Mate Dave,Mr Frederick Philipson-Stow,88.0,9,168,65P/3-,0.32948413,2/1,0.5062236,1/1,0.57250094,1/2,Warwick,19:37,2026-05-09,4,24.0,Jockey Club 0-110 Rated Series Final Open Hunters' Chase (A Grassroots Hunters' Chase Series Final),80/1,81.0,shortening,66/1,8/1,10/1,16/1,81.0,0.012345679012345678,0.3171384509876543,25.68821453,0.08027567040625,True,True,1,0.3371384509876543
Malinas Glory,Miss Heidi Palin,95.0,9,168,1P700/,0.29737976,5/2,0.4645358,1/1,0.5272193,1/1,Warwick,19:37,2026-05-09,4,24.0,Jockey Club 0-110 Rated Series Final Open Hunters' Chase (A Grassroots Hunters' Chase Series Final),13/8,2.625,shortening,7/4,13/8,6/4,7/5,2.625,0.38095238095238093,-0.08357262095238094,-0.21937813000000006,0.0,False,False,1,-0.06357262095238093
Walkin Out,Miss Anna Johnston,106.0,9,161,23/32-,0.3012903,5/2,0.4697019,1/1,0.5328562,1/1,Warwick,19:37,2026-05-09,4,24.0,Jockey Club 0-110 Rated Series Final Open Hunters' Chase (A Grassroots Hunters' Chase Series Final),9/4,3.25,drifting,3/1,4/1,5/1,5/2,3.25,0.3076923076923077,-0.0064020076923076985,-0.02080652500000002,0.0,False,False,-1,-0.0264020076923077
Barascaria Ten,Lorcan Williams,,5,156,6-,0.21212798,7/2,0.34583175,2/1,0.39597067,3/2,Warwick,20:07,2026-05-09,5,16.0,Claverdon FC Have Done The Double Open National Hunt Flat Race (Category 1 Elimination) (GBB Race),100/1,101.0,shortening,50/1,100/1,50/1,20/1,101.0,0.009900990099009901,0.20222698990099008,20.424925979999998,0.05106231494999999,True,True,1,0.22222698990099007
Legend DAiry,Ben Jones,,5,156,2-,0.21212798,7/2,0.34583175,2/1,0.39597067,3/2,Warwick,20:07,2026-05-09,5,16.0,Claverdon FC Have Done The Double Open National Hunt Flat Race (Category 1 Elimination) (GBB Race),11/1,12.0,shortening,10/3,11/1,8/13,4/6,12.0,0.08333333333333333,0.12879464666666668,1.54553576,0.03512581272727273,True,False,1,0.14879464666666667
Midnight Escape,Jack Quinlan,,5,156,4-,0.21212798,7/2,0.34583175,2/1,0.39597067,3/2,Warwick,20:07,2026-05-09,5,16.0,Claverdon FC Have Done The Double Open National Hunt Flat Race (Category 1 Elimination) (GBB Race),,,drifting,9/2,5/1,11/2,5/1,,,,,,False,False,-1,
Roll A Dollar,Liam Harrison,,5,156,3-,0.21212798,7/2,0.34583175,2/1,0.39597067,3/2,Warwick,20:07,2026-05-09,5,16.0,Claverdon FC Have Done The Double Open National Hunt Flat Race (Category 1 Elimination) (GBB Race),100/1,101.0,shortening,80/1,33/1,12/1,20/1,101.0,0.009900990099009901,0.20222698990099008,20.424925979999998,0.05106231494999999,True,True,1,0.22222698990099007
Denniss Honor,Paul OBrien,,4,150,,0.20476627,4/1,0.33503592,2/1,0.38388702,3/2,Warwick,20:07,2026-05-09,5,16.0,Claverdon FC Have Done The Double Open National Hunt Flat Race (Category 1 Elimination) (GBB Race),100/1,101.0,shortening,20/1,22/1,18/1,16/1,101.0,0.009900990099009901,0.1948652799009901,19.68139327,0.049203483175,True,True,1,0.21486527990099008
Nate Of Spades,Gavin Sheehan,,4,150,,0.20476627,4/1,0.33503592,2/1,0.38388702,3/2,Warwick,20:07,2026-05-09,5,16.0,Claverdon FC Have Done The Double Open National Hunt Flat Race (Category 1 Elimination) (GBB Race),5/2,3.5,drifting,11/4,6/1,9/2,6/1,3.5,0.2857142857142857,-0.0809480157142857,-0.28331805499999996,0.0,False,False,-1,-0.1009480157142857
