horse,jockey,ofr,age,weight_lbs,form,win_probability,win_odds_fractional,place_probability,place_odds_fractional,show_probability,show_odds_fractional,course,race_time,date,race_class,distance_f,race_name,odds_live,odds_decimal,odds_trend,odds_1,odds_2,odds_3,odds_4,market_odds,implied_prob,edge,ev_per_unit,kelly_quarter,is_value_bet,is_strong_value,odds_trend_encoded,edge_adjusted
Matata,J J Slevin,158.0,8,168,33155P,0.17307833,5/1,0.2875761,5/2,0.33051276,2/1,Ayr,13:10,2026-04-18,1,16.5,Scotty Brand Handicap Chase (Premier Handicap) (GBB Race),100/1,101.0,shortening,80/1,50/1,22/1,20/1,101.0,0.009900990099009901,0.1631773399009901,16.48091133,0.041202278325,True,True,1,0.18317733990099008
Calico,Harry Skelton,151.0,10,161,2-1140,0.20944273,4/1,0.34190392,2/1,0.39157686,3/2,Ayr,13:10,2026-04-18,1,16.5,Scotty Brand Handicap Chase (Premier Handicap) (GBB Race),80/1,81.0,shortening,12/1,11/1,20/1,14/1,81.0,0.012345679012345678,0.19709705098765432,15.96486113,0.049890191031249996,True,True,1,0.2170970509876543
Traprain Law,Patrick Wadge,134.0,8,144,-24213,0.1750255,9/2,0.29053876,5/2,0.33385623,2/1,Ayr,13:10,2026-04-18,1,16.5,Scotty Brand Handicap Chase (Premier Handicap) (GBB Race),33/1,34.0,shortening,10/3,3/1,10/3,3/1,34.0,0.029411764705882353,0.14561373529411764,4.950867,0.03750656818181818,True,False,1,0.16561373529411763
Sans Bruit,Harry Cobden,132.0,8,142,665443,0.13469362,13/2,0.22793463,7/2,0.2629,3/1,Ayr,13:10,2026-04-18,1,16.5,Scotty Brand Handicap Chase (Premier Handicap) (GBB Race),100/1,101.0,shortening,25/1,6/1,5/1,13/2,101.0,0.009900990099009901,0.12479262990099009,12.604055619999999,0.03151013905,True,False,1,0.1447926299009901
Le Nez Creux,Conor Stone-Walsh,132.0,5,142,F-1315,0.20248792,4/1,0.33167714,2/1,0.3801231,3/2,Ayr,13:10,2026-04-18,1,16.5,Scotty Brand Handicap Chase (Premier Handicap) (GBB Race),12/1,13.0,shortening,11/1,9/1,11/1,6/1,13.0,0.07692307692307693,0.12556484307692306,1.63234296,0.034007144999999996,True,False,1,0.14556484307692305
Palacio,Dylan Johnston,132.0,8,142,-1P3U1,0.17393602,9/2,0.28888184,5/2,0.33198652,2/1,Ayr,13:10,2026-04-18,1,16.5,Scotty Brand Handicap Chase (Premier Handicap) (GBB Race),100/1,101.0,shortening,8/1,15/2,7/1,15/2,101.0,0.009900990099009901,0.1640350299009901,16.56753802,0.04141884505,True,True,1,0.18403502990099008
Moudan,Sean Bowen,132.0,7,142,129512,0.20841244,4/1,0.34039378,2/1,0.3898868,3/2,Ayr,13:10,2026-04-18,1,16.5,Scotty Brand Handicap Chase (Premier Handicap) (GBB Race),11/2,6.5,stable,6/1,11/2,6/1,11/2,6.5,0.15384615384615385,0.05456628615384615,0.35468086,0.01612185727272727,True,False,0,0.05456628615384615
Classic Maestro,Luke Scott,132.0,8,142,-U62P3,0.16143984,5/1,0.26974145,5/2,0.31035456,2/1,Ayr,13:10,2026-04-18,1,16.5,Scotty Brand Handicap Chase (Premier Handicap) (GBB Race),,,shortening,20/1,18/1,20/1,18/1,,,,,,False,False,1,
Aeros Luck,Mr Lucas Murphy,132.0,7,142,756223,0.17764287,9/2,0.29451156,5/2,0.33833733,2/1,Ayr,13:10,2026-04-18,1,16.5,Scotty Brand Handicap Chase (Premier Handicap) (GBB Race),,,drifting,18/1,20/1,18/1,28/1,,,,,,False,False,-1,
Califet En Vol,James Bowen,140.0,7,168,-23514,0.113453574,8/1,0.19391906,4/1,0.22409362,7/2,Ayr,13:45,2026-04-18,2,24.0,CPMS Novices' Champion Handicap Chase (GBB Race),,,drifting,15/2,8/1,17/2,9/1,,,,,,False,False,-1,
Gamesters Guy,Jack Tudor,133.0,7,161,-31522,0.080374785,23/2,0.13950652,6/1,0.16168092,5/1,Ayr,13:45,2026-04-18,2,24.0,CPMS Novices' Champion Handicap Chase (GBB Race),20/1,21.0,shortening,18/1,16/1,18/1,16/1,21.0,0.047619047619047616,0.03275573738095239,0.6878704850000001,0.008598381062500002,True,False,1,0.05275573738095239
Kdeux Saint Fray,Sam Twiston-Davies,130.0,6,158,F12430,0.09216707,10/1,0.15910491,11/2,0.1842066,9/2,Ayr,13:45,2026-04-18,2,24.0,CPMS Novices' Champion Handicap Chase (GBB Race),9/2,5.5,drifting,5/1,11/2,6/1,11/2,5.5,0.18181818181818182,-0.08965111181818182,-0.49308111499999996,0.0,False,False,-1,-0.10965111181818182
Milcree,Sean Quinlan,128.0,8,156,16/11P,0.14105347,6/1,0.23797938,3/1,0.2743266,5/2,Ayr,13:45,2026-04-18,2,24.0,CPMS Novices' Champion Handicap Chase (GBB Race),,,drifting,7/1,15/2,7/1,15/2,,,,,,False,False,-1,
Al Kalila,J J Slevin,126.0,7,154,4-2331,0.16216208,5/1,0.2708545,5/2,0.31161416,2/1,Ayr,13:45,2026-04-18,2,24.0,CPMS Novices' Champion Handicap Chase (GBB Race),,,drifting,14/1,16/1,14/1,16/1,,,,,,False,False,-1,
Young Jack,Danny McMenamin,125.0,8,153,-28221,0.12469827,7/1,0.21201715,7/2,0.24476174,3/1,Ayr,13:45,2026-04-18,2,24.0,CPMS Novices' Champion Handicap Chase (GBB Race),12/1,13.0,drifting,14/1,16/1,14/1,16/1,13.0,0.07692307692307693,0.04777519307692307,0.6210775100000001,0.01293911479166667,True,False,-1,0.027775193076923072
Ayiko,Danny Mullins,124.0,7,152,-U245P,0.14071892,6/1,0.2374526,3/1,0.27372772,5/2,Ayr,13:45,2026-04-18,2,24.0,CPMS Novices' Champion Handicap Chase (GBB Race),28/1,29.0,drifting,33/1,28/1,25/1,33/1,29.0,0.034482758620689655,0.10623616137931034,3.08084868,0.027507577499999998,True,False,-1,0.08623616137931034
Pounding Poet,Stan Sheppard,124.0,10,152,381253,0.14490126,6/1,0.24402517,3/1,0.28119665,5/2,Ayr,13:45,2026-04-18,2,24.0,CPMS Novices' Champion Handicap Chase (GBB Race),18/1,19.0,drifting,20/1,18/1,20/1,22/1,19.0,0.05263157894736842,0.09226968105263159,1.75312394,0.02434894361111111,True,False,-1,0.07226968105263158
Walking On Air,Harry Cobden,123.0,9,151,P-83P2,0.094528824,19/2,0.16300333,5/1,0.18868126,9/2,Ayr,13:45,2026-04-18,2,24.0,CPMS Novices' Champion Handicap Chase (GBB Race),16/1,17.0,stable,18/1,22/1,25/1,16/1,17.0,0.058823529411764705,0.03570529458823529,0.6069900079999999,0.009484218874999999,True,False,0,0.03570529458823529
Diamond Dealer,Harry Skelton,123.0,7,151,-11P21,0.15566598,11/2,0.26081324,3/1,0.30024347,5/2,Ayr,13:45,2026-04-18,2,24.0,CPMS Novices' Champion Handicap Chase (GBB Race),3/1,4.0,drifting,10/3,3/1,7/2,10/3,4.0,0.25,-0.09433401999999999,-0.37733607999999996,0.0,False,False,-1,-0.11433402
Just Over Land,Dylan Johnston,123.0,7,151,4-1143,0.085894,21/2,0.14870697,11/2,0.17226183,5/1,Ayr,13:45,2026-04-18,2,24.0,CPMS Novices' Champion Handicap Chase (GBB Race),12/1,13.0,stable,14/1,12/1,14/1,12/1,13.0,0.07692307692307693,0.00897092307692307,0.116622,0.002429625,False,False,0,0.00897092307692307
Caughtinyourtrance,Ryan Mania,122.0,7,150,62P623,0.11640365,15/2,0.19868672,4/1,0.22954287,7/2,Ayr,13:45,2026-04-18,2,24.0,CPMS Novices' Champion Handicap Chase (GBB Race),11/1,12.0,stable,10/1,11/1,10/1,11/1,12.0,0.08333333333333333,0.03307031666666667,0.3968438000000001,0.009019177272727275,True,False,0,0.03307031666666667
I Wish You,Patrick Wadge,120.0,6,148,-52431,0.14764853,6/1,0.24832729,3/1,0.28608182,5/2,Ayr,13:45,2026-04-18,2,24.0,CPMS Novices' Champion Handicap Chase (GBB Race),8/1,9.0,stable,15/2,8/1,15/2,8/1,9.0,0.1111111111111111,0.036537418888888895,0.3288367700000001,0.010276149062500003,True,False,0,0.036537418888888895
Big John Wayne,Derek Fox,119.0,8,147,/2-531,0.09185738,10/1,0.15859306,11/2,0.18361895,9/2,Ayr,13:45,2026-04-18,2,24.0,CPMS Novices' Champion Handicap Chase (GBB Race),6/1,7.0,drifting,13/2,7/1,13/2,7/1,7.0,0.14285714285714285,-0.05099976285714285,-0.35699833999999997,0.0,False,False,-1,-0.07099976285714285
Blakey Boy,Peter Kavanagh,114.0,6,142,7F2211,0.14650422,6/1,0.24653682,3/1,0.28404903,5/2,Ayr,13:45,2026-04-18,2,24.0,CPMS Novices' Champion Handicap Chase (GBB Race),12/1,13.0,stable,11/1,12/1,11/1,12/1,13.0,0.07692307692307693,0.06958114307692306,0.90455486,0.018844892916666665,True,False,0,0.06958114307692306
Tutti Quanti,Harry Cobden,151.0,6,166,1-6118,0.19850294,4/1,0.32578257,2/1,0.37351242,3/2,Ayr,14:20,2026-04-18,1,16.0,Coral Scottish Champion Hurdle (A Limited Handicap) (Grade 2) (GBB Race),5/2,3.5,drifting,11/4,5/2,9/4,11/4,3.5,0.2857142857142857,-0.08721134571428571,-0.30523971000000005,0.0,False,False,-1,-0.10721134571428571
Captain Hugo,Sean Houlihan,135.0,6,150,1121F1,0.17348135,5/1,0.2881898,5/2,0.3312055,2/1,Ayr,14:20,2026-04-18,1,16.0,Coral Scottish Champion Hurdle (A Limited Handicap) (Grade 2) (GBB Race),4/1,5.0,stable,9/2,5/1,9/2,4/1,5.0,0.2,-0.026518650000000005,-0.13259325,0.0,False,False,0,-0.026518650000000005
Gibbs Island,Stan Sheppard,133.0,5,148,-10577,0.14693095,6/1,0.24720475,3/1,0.28480744,5/2,Ayr,14:20,2026-04-18,1,16.0,Coral Scottish Champion Hurdle (A Limited Handicap) (Grade 2) (GBB Race),,,drifting,15/2,8/1,15/2,8/1,,,,,,False,False,-1,
Tellherthename,Harry Skelton,133.0,7,148,4P5-30,0.19829331,4/1,0.32547176,2/1,0.37316367,3/2,Ayr,14:20,2026-04-18,1,16.0,Coral Scottish Champion Hurdle (A Limited Handicap) (Grade 2) (GBB Race),,,drifting,3/1,10/3,7/2,10/3,,,,,,False,False,-1,
Ooh Betty,Sam Twiston-Davies,131.0,8,146,-00019,0.18316936,9/2,0.30286404,5/2,0.34774956,2/1,Ayr,14:20,2026-04-18,1,16.0,Coral Scottish Champion Hurdle (A Limited Handicap) (Grade 2) (GBB Race),10/1,11.0,stable,11/1,10/1,11/1,10/1,11.0,0.09090909090909091,0.09226026909090909,1.0148629599999999,0.025371573999999997,True,False,0,0.09226026909090909
Secret Squirrel,Jonathan Burke,131.0,7,146,F1F-30,0.17716114,9/2,0.2937812,5/2,0.33751372,2/1,Ayr,14:20,2026-04-18,1,16.0,Coral Scottish Champion Hurdle (A Limited Handicap) (Grade 2) (GBB Race),5/1,6.0,drifting,13/2,6/1,11/2,6/1,6.0,0.16666666666666666,0.010494473333333337,0.06296684000000008,0.003148342000000004,True,False,-1,-0.009505526666666663
Queenie St Clair,Sean Bowen,131.0,6,146,613151,0.18267284,9/2,0.30211562,5/2,0.34690666,2/1,Ayr,14:20,2026-04-18,1,16.0,Coral Scottish Champion Hurdle (A Limited Handicap) (Grade 2) (GBB Race),14/1,15.0,stable,16/1,18/1,16/1,14/1,15.0,0.06666666666666667,0.11600617333333334,1.7400926,0.031073082142857145,True,False,0,0.11600617333333334
All In You,James Bowen,131.0,6,146,05-21P,0.15194607,11/2,0.25503284,3/1,0.29369038,5/2,Ayr,14:20,2026-04-18,1,16.0,Coral Scottish Champion Hurdle (A Limited Handicap) (Grade 2) (GBB Race),8/1,9.0,stable,17/2,8/1,15/2,8/1,9.0,0.1111111111111111,0.040834958888888884,0.36751462999999984,0.011484832187499995,True,False,0,0.040834958888888884
Dedicated Hero,Danny McMenamin,131.0,7,146,782UP1,0.13583133,13/2,0.22973627,7/2,0.26495063,3/1,Ayr,14:20,2026-04-18,1,16.0,Coral Scottish Champion Hurdle (A Limited Handicap) (Grade 2) (GBB Race),11/1,12.0,drifting,12/1,11/1,14/1,16/1,12.0,0.08333333333333333,0.05249799666666667,0.6299759599999999,0.014317635454545452,True,False,-1,0.03249799666666667
Welsh Charger,Ciaran Gethings,131.0,8,146,-046U6,0.12566069,7/1,0.21355677,7/2,0.24651779,3/1,Ayr,14:20,2026-04-18,1,16.0,Coral Scottish Champion Hurdle (A Limited Handicap) (Grade 2) (GBB Race),33/1,34.0,drifting,40/1,33/1,40/1,50/1,34.0,0.029411764705882353,0.09624892529411763,3.27246346,0.02479138984848485,True,False,-1,0.07624892529411763
World Of Fortunes,Mr R Sugrue,137.0,8,168,P12421,0.18586922,9/2,0.3069267,5/2,0.35232326,2/1,Ayr,14:55,2026-04-18,2,24.5,Jordan Electrics Ltd Seafield Trophy Mares' Handicap Hurdle (GBB Race),9/2,5.5,shortening,4/1,15/4,7/2,10/3,5.5,0.18181818181818182,0.004051038181818178,0.02228070999999998,0.001237817222222221,False,False,1,0.02405103818181818
Holly Hartingo,Ciaran Gethings,121.0,10,152,32-223,0.16525573,5/1,0.27561274,5/2,0.31699663,2/1,Ayr,14:55,2026-04-18,2,24.5,Jordan Electrics Ltd Seafield Trophy Mares' Handicap Hurdle (GBB Race),66/1,67.0,shortening,50/1,40/1,33/1,28/1,67.0,0.014925373134328358,0.15033035686567164,10.07213391,0.038152022386363636,True,True,1,0.17033035686567163
Game Colours,Sam Twiston-Davies,120.0,8,151,-33210,0.15789475,11/2,0.26426595,3/1,0.30415517,5/2,Ayr,14:55,2026-04-18,2,24.5,Jordan Electrics Ltd Seafield Trophy Mares' Handicap Hurdle (GBB Race),11/1,12.0,shortening,12/1,11/1,10/1,9/1,12.0,0.08333333333333333,0.07456141666666667,0.8947370000000001,0.02033493181818182,True,False,1,0.09456141666666668
Pinot Rouge,Nathan Moscrop,119.0,8,150,44PF5F,0.12908567,13/2,0.21902373,7/2,0.25275052,3/1,Ayr,14:55,2026-04-18,2,24.5,Jordan Electrics Ltd Seafield Trophy Mares' Handicap Hurdle (GBB Race),40/1,41.0,shortening,33/1,30/1,28/1,25/1,41.0,0.024390243902439025,0.104695426097561,4.29251247,0.0268282029375,True,False,1,0.124695426097561
Love Of Neymore,Charlie Price,118.0,8,149,5134U4,0.15699427,11/2,0.26287192,3/1,0.30257604,5/2,Ayr,14:55,2026-04-18,2,24.5,Jordan Electrics Ltd Seafield Trophy Mares' Handicap Hurdle (GBB Race),11/1,12.0,shortening,10/1,9/1,17/2,9/1,12.0,0.08333333333333333,0.07366093666666666,0.8839312399999999,0.02008934636363636,True,False,1,0.09366093666666667
Foxs Fancy,Derek Fox,115.0,8,146,-F4451,0.11688432,15/2,0.19946222,4/1,0.23042893,7/2,Ayr,14:55,2026-04-18,2,24.5,Jordan Electrics Ltd Seafield Trophy Mares' Handicap Hurdle (GBB Race),11/2,6.5,drifting,6/1,13/2,7/1,15/2,6.5,0.15384615384615385,-0.036961833846153855,-0.24025191999999995,0.0,False,False,-1,-0.05696183384615386
Twistthenightaway,Harry Skelton,112.0,6,143,-55611,0.14751074,6/1,0.24811178,3/1,0.28583717,5/2,Ayr,14:55,2026-04-18,2,24.5,Jordan Electrics Ltd Seafield Trophy Mares' Handicap Hurdle (GBB Race),11/8,2.375,drifting,6/4,13/8,6/4,13/8,2.375,0.42105263157894735,-0.27354189157894737,-0.6496619925,0.0,False,False,-1,-0.2935418915789474
Azahara Palace,Danny McMenamin,112.0,6,143,21527,0.098139174,9/1,0.16894548,5/1,0.19549784,4/1,Ayr,14:55,2026-04-18,2,24.5,Jordan Electrics Ltd Seafield Trophy Mares' Handicap Hurdle (GBB Race),14/1,15.0,stable,12/1,14/1,12/1,14/1,15.0,0.06666666666666667,0.03147250733333333,0.47208761,0.008430135892857142,True,False,0,0.03147250733333333
Princess Keri,Harry Cobden,111.0,6,142,211U12,0.13194226,13/2,0.22356907,7/2,0.25792912,3/1,Ayr,14:55,2026-04-18,2,24.5,Jordan Electrics Ltd Seafield Trophy Mares' Handicap Hurdle (GBB Race),14/1,15.0,stable,16/1,14/1,16/1,14/1,15.0,0.06666666666666667,0.06527559333333334,0.9791339000000001,0.01748453392857143,True,False,0,0.06527559333333334
Starlyte,Patrick Wadge,111.0,9,142,546774,0.094508864,19/2,0.16297042,5/1,0.1886435,9/2,Ayr,14:55,2026-04-18,2,24.5,Jordan Electrics Ltd Seafield Trophy Mares' Handicap Hurdle (GBB Race),,,drifting,22/1,25/1,28/1,33/1,,,,,,False,False,-1,
Blaze The Way,Danny Mullins,145.0,8,168,624157,0.13254398,13/2,0.22452484,7/2,0.25901768,3/1,Ayr,15:35,2026-04-18,1,32.0,Coral Scottish Grand National Handicap Chase (Premier Handicap) (GBB Race),,,no_data,,,,,,,,,,False,False,0,
Quebecois,Harry Cobden,144.0,7,167,-24223,0.110840335,8/1,0.18968415,9/2,0.21925059,7/2,Ayr,15:35,2026-04-18,1,32.0,Coral Scottish Grand National Handicap Chase (Premier Handicap) (GBB Race),,,no_data,,,,,,,,,,False,False,0,
King Of Answers,Derek Fox,143.0,7,166,-51412,0.06411233,29/2,0.11211388,8/1,0.13011447,13/2,Ayr,15:35,2026-04-18,1,32.0,Coral Scottish Grand National Handicap Chase (Premier Handicap) (GBB Race),,,no_data,,,,,,,,,,False,False,0,
Isaac Des Obeaux,Sam Twiston-Davies,139.0,8,162,3-3121,0.13656044,13/2,0.2308898,7/2,0.2662633,3/1,Ayr,15:35,2026-04-18,1,32.0,Coral Scottish Grand National Handicap Chase (Premier Handicap) (GBB Race),,,no_data,,,,,,,,,,False,False,0,
Our Power,Danny Gilligan,137.0,11,160,33-F64,0.0861986,21/2,0.14921331,11/2,0.17284384,5/1,Ayr,15:35,2026-04-18,1,32.0,Coral Scottish Grand National Handicap Chase (Premier Handicap) (GBB Race),,,no_data,,,,,,,,,,False,False,0,
Road To Home,Mr P W Mullins,137.0,7,160,3533P2,0.121505074,7/1,0.20689835,4/1,0.23892082,3/1,Ayr,15:35,2026-04-18,1,32.0,Coral Scottish Grand National Handicap Chase (Premier Handicap) (GBB Race),,,no_data,,,,,,,,,,False,False,0,
Herakles Westwood,James Bowen,136.0,9,159,-52410,0.105596766,17/2,0.18115363,9/2,0.20948745,4/1,Ayr,15:35,2026-04-18,1,32.0,Coral Scottish Grand National Handicap Chase (Premier Handicap) (GBB Race),,,no_data,,,,,,,,,,False,False,0,
Ask Brewster,Mr S Cotter,135.0,7,158,11-151,0.12908393,13/2,0.21902095,7/2,0.25274733,3/1,Ayr,15:35,2026-04-18,1,32.0,Coral Scottish Grand National Handicap Chase (Premier Handicap) (GBB Race),,,no_data,,,,,,,,,,False,False,0,
Katate Dori,Dylan Johnston,135.0,8,158,P-7628,0.09226477,10/1,0.15926635,11/2,0.18439195,9/2,Ayr,15:35,2026-04-18,1,32.0,Coral Scottish Grand National Handicap Chase (Premier Handicap) (GBB Race),,,no_data,,,,,,,,,,False,False,0,
Stolen Silver,Miss Olive Nicholls,133.0,11,156,4-0P30,0.07509045,25/2,0.13065195,13/2,0.15148751,11/2,Ayr,15:35,2026-04-18,1,32.0,Coral Scottish Grand National Handicap Chase (Premier Handicap) (GBB Race),,,no_data,,,,,,,,,,False,False,0,
Famous Bridge,Sean Quinlan,132.0,10,155,P-7707,0.07223899,13/1,0.1258554,7/1,0.14596155,6/1,Ayr,15:35,2026-04-18,1,32.0,Coral Scottish Grand National Handicap Chase (Premier Handicap) (GBB Race),,,no_data,,,,,,,,,,False,False,0,
Montregard,Stan Sheppard,132.0,7,155,-11P21,0.0875301,21/2,0.15142497,11/2,0.17538555,9/2,Ayr,15:35,2026-04-18,1,32.0,Coral Scottish Grand National Handicap Chase (Premier Handicap) (GBB Race),,,no_data,,,,,,,,,,False,False,0,
Maximilian,William Maggs,132.0,10,155,-22233,0.15309933,11/2,0.2568273,3/1,0.2957253,5/2,Ayr,15:35,2026-04-18,1,32.0,Coral Scottish Grand National Handicap Chase (Premier Handicap) (GBB Race),,,no_data,,,,,,,,,,False,False,0,
Gabbys Cross,Sean Bowen,131.0,11,154,043P22,0.07679208,12/1,0.13350813,13/2,0.15477665,11/2,Ayr,15:35,2026-04-18,1,32.0,Coral Scottish Grand National Handicap Chase (Premier Handicap) (GBB Race),,,no_data,,,,,,,,,,False,False,0,
Kim Roque,J J Slevin,130.0,6,153,422454,0.1298753,13/2,0.22028148,7/2,0.2541838,3/1,Ayr,15:35,2026-04-18,1,32.0,Coral Scottish Grand National Handicap Chase (Premier Handicap) (GBB Race),,,no_data,,,,,,,,,,False,False,0,
Collectors Item,Jonjo ONeill Jr,130.0,9,153,8-294P,0.05932584,16/1,0.10397087,17/2,0.12071276,15/2,Ayr,15:35,2026-04-18,1,32.0,Coral Scottish Grand National Handicap Chase (Premier Handicap) (GBB Race),,,no_data,,,,,,,,,,False,False,0,
Git Maker,Jonathan Burke,129.0,10,152,0-3P53,0.06708152,14/1,0.11714679,15/2,0.13592127,13/2,Ayr,15:35,2026-04-18,1,32.0,Coral Scottish Grand National Handicap Chase (Premier Handicap) (GBB Race),,,no_data,,,,,,,,,,False,False,0,
Kap Vert,Sean Houlihan,129.0,6,152,271341,0.09150956,10/1,0.15801801,11/2,0.18295868,9/2,Ayr,15:35,2026-04-18,1,32.0,Coral Scottish Grand National Handicap Chase (Premier Handicap) (GBB Race),,,no_data,,,,,,,,,,False,False,0,
Promontory,Donagh Meyler,127.0,9,150,-70521,0.14391938,6/1,0.24248466,3/1,0.27944663,5/2,Ayr,15:35,2026-04-18,1,32.0,Coral Scottish Grand National Handicap Chase (Premier Handicap) (GBB Race),,,no_data,,,,,,,,,,False,False,0,
Chasingouttheblues,Jamie Hamilton,126.0,7,149,351211,0.13734677,13/2,0.23213288,7/2,0.26767766,5/2,Ayr,15:35,2026-04-18,1,32.0,Coral Scottish Grand National Handicap Chase (Premier Handicap) (GBB Race),,,no_data,,,,,,,,,,False,False,0,
Magna Sam,Ciaran Gethings,119.0,12,142,31P-66,0.06717478,14/1,0.11730464,15/2,0.13610333,13/2,Ayr,15:35,2026-04-18,1,32.0,Coral Scottish Grand National Handicap Chase (Premier Handicap) (GBB Race),,,no_data,,,,,,,,,,False,False,0,
Apache Tribe,Danny Gilligan,,6,164,511,0.14667106,6/1,0.24679798,3/1,0.28434557,5/2,Ayr,16:15,2026-04-18,2,21.5,Stagecoach Your Designated Driver Novices' Hurdle (Winners Of One) (GBB Race),Evs,2.0,stable,11/10,Evs,11/10,Evs,2.0,0.5,-0.35332894000000004,-0.7066578800000001,0.0,False,False,0,-0.35332894000000004
Laguna Beach,James Bowen,127.0,5,164,5312P,0.200856,4/1,0.3292663,2/1,0.3774202,3/2,Ayr,16:15,2026-04-18,2,21.5,Stagecoach Your Designated Driver Novices' Hurdle (Winners Of One) (GBB Race),11/1,12.0,drifting,12/1,11/1,14/1,16/1,12.0,0.08333333333333333,0.11752266666666668,1.410272,0.032051636363636365,True,False,-1,0.09752266666666667
Leader Crik,NON-RUNNER,,5,164,61,0.1509786,11/2,0.25352585,3/1,0.29198107,5/2,Ayr,16:15,2026-04-18,2,21.5,Stagecoach Your Designated Driver Novices' Hurdle (Winners Of One) (GBB Race),,,no_data,9/2,,,,,,,,,False,False,0,
Our Boy Stan,Sean Bowen,,5,164,21-16,0.1509786,11/2,0.25352585,3/1,0.29198107,5/2,Ayr,16:15,2026-04-18,2,21.5,Stagecoach Your Designated Driver Novices' Hurdle (Winners Of One) (GBB Race),12/1,13.0,shortening,11/1,10/1,9/1,10/1,13.0,0.07692307692307693,0.07405552307692306,0.9627218,0.020056704166666665,True,False,1,0.09405552307692307
Stride On,Derek Fox,123.0,6,164,31-241,0.21318997,7/2,0.347382,2/1,0.397704,3/2,Ayr,16:15,2026-04-18,2,21.5,Stagecoach Your Designated Driver Novices' Hurdle (Winners Of One) (GBB Race),11/1,12.0,shortening,10/1,9/1,17/2,8/1,12.0,0.08333333333333333,0.1298566366666667,1.5582796400000003,0.03541544636363637,True,False,1,0.14985663666666668
Timesareachanging,Philip Donovan,130.0,7,164,3132,0.20178622,4/1,0.33064106,2/1,0.37896162,3/2,Ayr,16:15,2026-04-18,2,21.5,Stagecoach Your Designated Driver Novices' Hurdle (Winners Of One) (GBB Race),9/1,10.0,drifting,10/1,12/1,11/1,10/1,10.0,0.1,0.10178621999999998,1.0178621999999997,0.028273949999999992,True,False,-1,0.08178621999999998
Allfor,Patrick Wadge,,5,159,62,0.1509786,11/2,0.25352585,3/1,0.29198107,5/2,Ayr,16:15,2026-04-18,2,21.5,Stagecoach Your Designated Driver Novices' Hurdle (Winners Of One) (GBB Race),40/1,41.0,shortening,33/1,28/1,25/1,22/1,41.0,0.024390243902439025,0.12658835609756097,5.1901226,0.03243826625,True,False,1,0.14658835609756096
West Hill Verde,Sean Houlihan,124.0,6,159,-53323,0.16681497,5/1,0.27800515,5/2,0.31970146,2/1,Ayr,16:15,2026-04-18,2,21.5,Stagecoach Your Designated Driver Novices' Hurdle (Winners Of One) (GBB Race),7/2,4.5,stable,10/3,7/2,10/3,7/2,4.5,0.2222222222222222,-0.0554072522222222,-0.24933263500000002,0.0,False,False,0,-0.0554072522222222
Queens Secret,Danny McMenamin,,6,152,2,0.14667106,6/1,0.24679798,3/1,0.28434557,5/2,Ayr,16:15,2026-04-18,2,21.5,Stagecoach Your Designated Driver Novices' Hurdle (Winners Of One) (GBB Race),50/1,51.0,shortening,40/1,50/1,40/1,,51.0,0.0196078431372549,0.12706321686274508,6.480224059999999,0.032401120299999996,True,False,1,0.14706321686274507
Coconut Man,Jack Power,,5,161,12,0.12388611,7/1,0.21071678,7/2,0.2432783,3/1,Ayr,16:48,2026-04-18,2,16.0,Golf Inn Prestwick Luxury Accommodation Open National Hunt Flat Race (Cat 1 Elimination) (GBB Race),33/1,34.0,shortening,28/1,25/1,22/1,18/1,34.0,0.029411764705882353,0.09447434529411763,3.2121277399999997,0.024334301060606058,True,False,1,0.11447434529411764
Jardin De Tunis,Derek Fox,,5,161,1,0.12388611,7/1,0.21071678,7/2,0.2432783,3/1,Ayr,16:48,2026-04-18,2,16.0,Golf Inn Prestwick Luxury Accommodation Open National Hunt Flat Race (Cat 1 Elimination) (GBB Race),25/1,26.0,shortening,28/1,25/1,18/1,16/1,26.0,0.038461538461538464,0.08542457153846153,2.2210388599999997,0.0222103886,True,False,1,0.10542457153846153
Old Habits,Sean Bowen,,5,161,1,0.12388611,7/1,0.21071678,7/2,0.2432783,3/1,Ayr,16:48,2026-04-18,2,16.0,Golf Inn Prestwick Luxury Accommodation Open National Hunt Flat Race (Cat 1 Elimination) (GBB Race),6/1,7.0,stable,13/2,6/1,13/2,6/1,7.0,0.14285714285714285,-0.018971032857142855,-0.13279723,0.0,False,False,0,-0.018971032857142855
Skerry Hill,Danny Gilligan,,5,161,1,0.12388611,7/1,0.21071678,7/2,0.2432783,3/1,Ayr,16:48,2026-04-18,2,16.0,Golf Inn Prestwick Luxury Accommodation Open National Hunt Flat Race (Cat 1 Elimination) (GBB Race),2/1,3.0,drifting,85/40,9/4,5/2,11/4,3.0,0.3333333333333333,-0.20944722333333332,-0.62834167,0.0,False,False,-1,-0.2294472233333333
Close House,Danny McMenamin,,5,157,,0.12388611,7/1,0.21071678,7/2,0.2432783,3/1,Ayr,16:48,2026-04-18,2,16.0,Golf Inn Prestwick Luxury Accommodation Open National Hunt Flat Race (Cat 1 Elimination) (GBB Race),16/1,17.0,shortening,14/1,12/1,14/1,12/1,17.0,0.058823529411764705,0.06506258058823529,1.1060638699999998,0.017282247968749997,True,False,1,0.08506258058823529
Finisk Pride,Patrick Wadge,,5,157,2,0.12388611,7/1,0.21071678,7/2,0.2432783,3/1,Ayr,16:48,2026-04-18,2,16.0,Golf Inn Prestwick Luxury Accommodation Open National Hunt Flat Race (Cat 1 Elimination) (GBB Race),,,no_data,,,,,,,,,,False,False,0,
Keops Des Bordes,Harry Skelton,,6,157,2-,0.11981698,15/2,0.20418568,4/1,0.23582394,3/1,Ayr,16:48,2026-04-18,2,16.0,Golf Inn Prestwick Luxury Accommodation Open National Hunt Flat Race (Cat 1 Elimination) (GBB Race),,,no_data,,,,,,,,,,False,False,0,
Kershaw,James Bowen,,5,157,4,0.12388611,7/1,0.21071678,7/2,0.2432783,3/1,Ayr,16:48,2026-04-18,2,16.0,Golf Inn Prestwick Luxury Accommodation Open National Hunt Flat Race (Cat 1 Elimination) (GBB Race),,,no_data,,,,,,,,,,False,False,0,
Le Cold Grey,Harry Cobden,,5,157,32,0.12388611,7/1,0.21071678,7/2,0.2432783,3/1,Ayr,16:48,2026-04-18,2,16.0,Golf Inn Prestwick Luxury Accommodation Open National Hunt Flat Race (Cat 1 Elimination) (GBB Race),,,no_data,,,,,,,,,,False,False,0,
Brady Hartsfield,Alex Harvey,,4,149,22,0.11767154,15/2,0.2007315,4/1,0.23187898,7/2,Ayr,16:48,2026-04-18,2,16.0,Golf Inn Prestwick Luxury Accommodation Open National Hunt Flat Race (Cat 1 Elimination) (GBB Race),,,no_data,,,,,,,,,,False,False,0,
Busted Springs,Nathan Moscrop,,4,149,,0.11767154,15/2,0.2007315,4/1,0.23187898,7/2,Ayr,16:48,2026-04-18,2,16.0,Golf Inn Prestwick Luxury Accommodation Open National Hunt Flat Race (Cat 1 Elimination) (GBB Race),,,no_data,,,,,,,,,,False,False,0,
Sea Tempest,Stan Sheppard,,4,149,3,0.11767154,15/2,0.2007315,4/1,0.23187898,7/2,Ayr,16:48,2026-04-18,2,16.0,Golf Inn Prestwick Luxury Accommodation Open National Hunt Flat Race (Cat 1 Elimination) (GBB Race),,,no_data,,,,,,,,,,False,False,0,
Blingys Sister,Oisin Murphy,89.0,3,128,1235-,0.10339742,17/2,0.17756253,9/2,0.20537445,4/1,Newbury,13:25,2026-04-18,1,7.0,Dubai Duty Free Stakes (Registered As The Fred Darling Stakes) (Group 3) (Fillies),10/1,11.0,stable,11/1,10/1,11/1,10/1,11.0,0.09090909090909091,0.012488329090909092,0.13737162000000014,0.0034342905000000036,True,False,0,0.012488329090909092
Catching The Moon,Ryan Moore,98.0,3,128,211-,0.14582248,6/1,0.24546911,3/1,0.2828366,5/2,Newbury,13:25,2026-04-18,1,7.0,Dubai Duty Free Stakes (Registered As The Fred Darling Stakes) (Group 3) (Fillies),13/2,7.5,drifting,7/1,13/2,7/1,15/2,7.5,0.13333333333333333,0.012489146666666673,0.09366859999999999,0.003602638461538461,True,False,-1,-0.007510853333333328
Domina Ignis,David Egan,,3,128,1-,0.1355115,13/2,0.22923002,7/2,0.26437446,3/1,Newbury,13:25,2026-04-18,1,7.0,Dubai Duty Free Stakes (Registered As The Fred Darling Stakes) (Group 3) (Fillies),20/1,21.0,stable,18/1,20/1,22/1,20/1,21.0,0.047619047619047616,0.08789245238095239,1.8457415,0.02307176875,True,False,0,0.08789245238095239
Ellusive Butterfly,Clifford Lee,89.0,3,128,43-12,0.100989036,9/1,0.17362124,5/1,0.20085831,4/1,Newbury,13:25,2026-04-18,1,7.0,Dubai Duty Free Stakes (Registered As The Fred Darling Stakes) (Group 3) (Fillies),20/1,21.0,stable,22/1,20/1,22/1,20/1,21.0,0.047619047619047616,0.05336998838095239,1.120769756,0.01400962195,True,False,0,0.05336998838095239
Figjam,Lewis Edmunds,89.0,3,128,2412-,0.09583586,19/2,0.16515693,5/1,0.19115233,4/1,Newbury,13:25,2026-04-18,1,7.0,Dubai Duty Free Stakes (Registered As The Fred Darling Stakes) (Group 3) (Fillies),50/1,51.0,stable,66/1,50/1,66/1,50/1,51.0,0.0196078431372549,0.0762280168627451,3.8876288599999995,0.019438144299999998,True,False,0,0.0762280168627451
K Sarra,Rossa Ryan,,3,128,1-,0.16549572,5/1,0.27598125,5/2,0.31741333,2/1,Newbury,13:25,2026-04-18,1,7.0,Dubai Duty Free Stakes (Registered As The Fred Darling Stakes) (Group 3) (Fillies),9/1,10.0,stable,10/1,9/1,10/1,9/1,10.0,0.1,0.06549572000000001,0.6549572000000001,0.01819325555555556,True,False,0,0.06549572000000001
Princess Petrol,Kieran Shoemark,100.0,3,128,5124-,0.13209732,13/2,0.22381541,7/2,0.2582097,3/1,Newbury,13:25,2026-04-18,1,7.0,Dubai Duty Free Stakes (Registered As The Fred Darling Stakes) (Group 3) (Fillies),18/1,19.0,drifting,20/1,18/1,20/1,22/1,19.0,0.05263157894736842,0.07946574105263157,1.50984908,0.020970126111111112,True,False,-1,0.05946574105263157
Silenciosa,Jack Mitchell,,3,128,1-,0.12065191,15/2,0.20552793,4/1,0.23735644,3/1,Newbury,13:25,2026-04-18,1,7.0,Dubai Duty Free Stakes (Registered As The Fred Darling Stakes) (Group 3) (Fillies),33/1,34.0,stable,40/1,33/1,40/1,33/1,34.0,0.029411764705882353,0.09124014529411764,3.1021649399999998,0.023501249545454544,True,False,0,0.09124014529411764
Spinning Lizzie,William Buick,96.0,3,128,1025-1,0.06999783,27/2,0.12207635,7/1,0.1416058,6/1,Newbury,13:25,2026-04-18,1,7.0,Dubai Duty Free Stakes (Registered As The Fred Darling Stakes) (Group 3) (Fillies),25/1,26.0,stable,28/1,25/1,28/1,25/1,26.0,0.038461538461538464,0.03153629153846153,0.8199435799999999,0.008199435799999998,True,False,0,0.03153629153846153
Splish Splash,Charles Bishop,87.0,3,128,3413-,0.110226154,8/1,0.18868724,9/2,0.21811014,7/2,Newbury,13:25,2026-04-18,1,7.0,Dubai Duty Free Stakes (Registered As The Fred Darling Stakes) (Group 3) (Fillies),16/1,17.0,stable,18/1,16/1,18/1,16/1,17.0,0.058823529411764705,0.0514026245882353,0.8738446180000001,0.013653822156250002,True,False,0,0.0514026245882353
Stimulative Trip,Cieren Fallon,,3,128,1-,0.13758636,13/2,0.23251143,7/2,0.26810834,5/2,Newbury,13:25,2026-04-18,1,7.0,Dubai Duty Free Stakes (Registered As The Fred Darling Stakes) (Group 3) (Fillies),25/1,26.0,shortening,22/1,20/1,18/1,20/1,26.0,0.038461538461538464,0.09912482153846153,2.5772453599999996,0.025772453599999995,True,False,1,0.11912482153846153
Sukanya,David Probert,98.0,3,128,17429-,0.06877451,27/2,0.12001017,15/2,0.13922355,6/1,Newbury,13:25,2026-04-18,1,7.0,Dubai Duty Free Stakes (Registered As The Fred Darling Stakes) (Group 3) (Fillies),22/1,23.0,stable,25/1,22/1,25/1,22/1,23.0,0.043478260869565216,0.02529624913043478,0.5818137299999999,0.006611519659090908,True,False,0,0.02529624913043478
Touleen,Saffie Osborne,100.0,3,128,115-,0.10912665,8/1,0.18690108,9/2,0.21606648,7/2,Newbury,13:25,2026-04-18,1,7.0,Dubai Duty Free Stakes (Registered As The Fred Darling Stakes) (Group 3) (Fillies),6/4,2.5,stable,7/5,6/4,7/5,6/4,2.5,0.4,-0.29087335000000003,-0.727183375,0.0,False,False,0,-0.29087335000000003
Zaravina,James Doyle,,3,128,2-,0.09094422,10/1,0.15708292,11/2,0.18188493,9/2,Newbury,13:25,2026-04-18,1,7.0,Dubai Duty Free Stakes (Registered As The Fred Darling Stakes) (Group 3) (Fillies),,,shortening,18/1,16/1,18/1,16/1,,,,,,False,False,1,
Zooming,Tom Marquand,,3,128,21-,0.18659623,9/2,0.30801868,2/1,0.3535521,2/1,Newbury,13:25,2026-04-18,1,7.0,Dubai Duty Free Stakes (Registered As The Fred Darling Stakes) (Group 3) (Fillies),14/1,15.0,stable,16/1,14/1,16/1,14/1,15.0,0.06666666666666667,0.11992956333333334,1.7989434499999999,0.03212399017857143,True,False,0,0.11992956333333334
Albert Einstein,Ryan Moore,109.0,3,128,11-6,0.18753594,9/2,0.3094289,2/1,0.35513878,2/1,Newbury,14:00,2026-04-18,1,7.0,Watership Down Stud Too Darn Hot Greenham Stakes (Group 3) (Colts & Geldings),3/1,4.0,stable,10/3,3/1,10/3,3/1,4.0,0.25,-0.06246405999999999,-0.24985623999999995,0.0,False,False,0,-0.06246405999999999
Alparslan,Clifford Lee,108.0,3,128,116-,0.1912616,4/1,0.31500608,2/1,0.36141026,2/1,Newbury,14:00,2026-04-18,1,7.0,Watership Down Stud Too Darn Hot Greenham Stakes (Group 3) (Colts & Geldings),7/1,8.0,stable,15/2,7/1,15/2,7/1,8.0,0.125,0.0662616,0.5300928,0.018931885714285716,True,False,0,0.0662616
Aqpan,Cristian Demuro,92.0,3,128,22-1,0.19033822,9/2,0.3136259,2/1,0.35985878,2/1,Newbury,14:00,2026-04-18,1,7.0,Watership Down Stud Too Darn Hot Greenham Stakes (Group 3) (Colts & Geldings),33/1,34.0,stable,28/1,33/1,40/1,33/1,34.0,0.029411764705882353,0.16092645529411764,5.47149948,0.041450753636363635,True,True,0,0.16092645529411764
Ardisia,Oisin Murphy,108.0,3,128,31127-,0.1701169,5/1,0.2830586,5/2,0.32541177,2/1,Newbury,14:00,2026-04-18,1,7.0,Watership Down Stud Too Darn Hot Greenham Stakes (Group 3) (Colts & Geldings),20/1,21.0,drifting,18/1,20/1,18/1,22/1,21.0,0.047619047619047616,0.12249785238095237,2.5724549,0.032155686249999996,True,False,-1,0.10249785238095237
Gonna Fly,Rossa Ryan,,3,128,1-,0.19456758,4/1,0.3199364,2/1,0.3669497,3/2,Newbury,14:00,2026-04-18,1,7.0,Watership Down Stud Too Darn Hot Greenham Stakes (Group 3) (Colts & Geldings),14/1,15.0,stable,12/1,14/1,16/1,14/1,15.0,0.06666666666666667,0.1279009133333333,1.9185136999999997,0.03425917321428571,True,False,0,0.1279009133333333
Needle Match,Tom Marquand,,3,128,1-,0.23747441,3/1,0.38233864,3/2,0.43666273,3/2,Newbury,14:00,2026-04-18,1,7.0,Watership Down Stud Too Darn Hot Greenham Stakes (Group 3) (Colts & Geldings),18/1,19.0,shortening,16/1,20/1,18/1,16/1,19.0,0.05263157894736842,0.18484283105263158,3.51201379,0.04877796930555556,True,True,1,0.20484283105263157
Title Role,James Doyle,106.0,3,128,21-311,0.22240789,7/2,0.360762,2/1,0.4126448,3/2,Newbury,14:00,2026-04-18,1,7.0,Watership Down Stud Too Darn Hot Greenham Stakes (Group 3) (Colts & Geldings),4/1,5.0,stable,9/2,4/1,9/2,4/1,5.0,0.2,0.022407889999999986,0.11203944999999993,0.007002465624999996,True,False,0,0.022407889999999986
Zavateri,Charles Bishop,118.0,3,128,11114-,0.23009555,7/2,0.3718168,3/2,0.42496228,3/2,Newbury,14:00,2026-04-18,1,7.0,Watership Down Stud Too Darn Hot Greenham Stakes (Group 3) (Colts & Geldings),9/4,3.25,shortening,2/1,15/8,2/1,15/8,3.25,0.3076923076923077,-0.0775967576923077,-0.25218946249999996,0.0,False,False,1,-0.057596757692307696
Convergent,Clifford Lee,116.0,4,133,32117-,0.21732318,7/2,0.35339826,2/1,0.4044264,3/2,Newbury,14:35,2026-04-18,1,12.0,Dubai Duty Free Finest Surprise Stakes (Registered As The John Porter Stakes) (Group 3),7/2,4.5,shortening,4/1,7/2,10/3,3/1,4.5,0.2222222222222222,-0.004899042222222205,-0.022045690000000007,0.0,False,False,1,0.015100957777777795
Phantom Flight,William Buick,112.0,7,131,71-191,0.19792655,4/1,0.32492787,2/1,0.37255335,3/2,Newbury,14:35,2026-04-18,1,12.0,Dubai Duty Free Finest Surprise Stakes (Registered As The John Porter Stakes) (Group 3),17/2,9.5,stable,9/1,17/2,9/1,17/2,9.5,0.10526315789473684,0.09266339210526317,0.8803022250000001,0.025891241911764708,True,False,0,0.09266339210526317
Al Aasy,Tom Marquand,115.0,9,128,47159-,0.21666831,7/2,0.35244685,2/1,0.4033638,3/2,Newbury,14:35,2026-04-18,1,12.0,Dubai Duty Free Finest Surprise Stakes (Registered As The John Porter Stakes) (Group 3),10/3,4.3333,stable,7/2,10/3,7/2,10/3,4.3333,0.23077100593081484,-0.01410269593081484,-0.06111121227699989,0.0,False,False,0,-0.01410269593081484
Bellum Justum,Oisin Murphy,108.0,5,128,/5169-,0.18663295,9/2,0.30807382,2/1,0.35361415,2/1,Newbury,14:35,2026-04-18,1,12.0,Dubai Duty Free Finest Surprise Stakes (Registered As The John Porter Stakes) (Group 3),15/2,8.5,stable,8/1,15/2,8/1,15/2,8.5,0.11764705882352941,0.06898589117647058,0.5863800749999999,0.019546002499999996,True,False,0,0.06898589117647058
Lions Pride,Ryan Moore,113.0,6,128,/615-6,0.2484949,3/1,0.39789104,3/2,0.4539146,1/1,Newbury,14:35,2026-04-18,1,12.0,Dubai Duty Free Finest Surprise Stakes (Registered As The John Porter Stakes) (Group 3),9/4,3.25,stable,5/2,9/4,5/2,9/4,3.25,0.3076923076923077,-0.05919740769230772,-0.19239157500000004,0.0,False,False,0,-0.05919740769230772
Pride Of Arras,Rossa Ryan,115.0,4,128,10014-,0.22620818,7/2,0.3662386,3/2,0.41875002,3/2,Newbury,14:35,2026-04-18,1,12.0,Dubai Duty Free Finest Surprise Stakes (Registered As The John Porter Stakes) (Group 3),,,drifting,3/1,11/4,3/1,4/1,,,,,,False,False,-1,
Tenability,Cieren Fallon,103.0,4,128,11112-,0.20157912,4/1,0.3303351,2/1,0.3786186,3/2,Newbury,14:35,2026-04-18,1,12.0,Dubai Duty Free Finest Surprise Stakes (Registered As The John Porter Stakes) (Group 3),15/2,8.5,stable,8/1,15/2,8/1,15/2,8.5,0.11764705882352941,0.08393206117647059,0.71342252,0.023780750666666666,True,False,0,0.08393206117647059
Checkandchallenge,Callum Shepherd,105.0,7,138,43639-,0.055055663,17/1,0.09667529,19/2,0.112282656,8/1,Newbury,15:10,2026-04-18,2,8.0,Win Unique Experiences At OLBG Prizes Spring Cup Handicap,28/1,29.0,drifting,33/1,28/1,33/1,40/1,29.0,0.034482758620689655,0.020572904379310343,0.5966142269999999,0.005326912741071428,True,False,-1,0.0005729043793103426
Linwood,Jamie Spencer,105.0,4,138,/3351-,0.049524527,19/1,0.08718201,21/2,0.10130356,9/1,Newbury,15:10,2026-04-18,2,8.0,Win Unique Experiences At OLBG Prizes Spring Cup Handicap,14/1,15.0,drifting,16/1,18/1,20/1,18/1,15.0,0.06666666666666667,-0.017142139666666667,-0.257132095,0.0,False,False,-1,-0.03714213966666667
Ebts Guard,Lewis Edmunds,105.0,5,138,38224-,0.046562903,41/2,0.08207874,11/1,0.09539718,19/2,Newbury,15:10,2026-04-18,2,8.0,Win Unique Experiences At OLBG Prizes Spring Cup Handicap,14/1,15.0,drifting,16/1,14/1,16/1,18/1,15.0,0.06666666666666667,-0.020103763666666663,-0.30155645499999995,0.0,False,False,-1,-0.04010376366666667
Ozat,David Probert,103.0,5,136,85248-,0.07464414,25/2,0.12990206,13/2,0.15062378,11/2,Newbury,15:10,2026-04-18,2,8.0,Win Unique Experiences At OLBG Prizes Spring Cup Handicap,100/1,101.0,shortening,80/1,100/1,80/1,66/1,101.0,0.009900990099009901,0.0647431499009901,6.53905814,0.01634764535,True,False,1,0.0847431499009901
Urban Lion,Edward Greatrex,102.0,5,135,5309-1,0.04358945,22/1,0.07694098,12/1,0.08944781,10/1,Newbury,15:10,2026-04-18,2,8.0,Win Unique Experiences At OLBG Prizes Spring Cup Handicap,14/1,15.0,stable,16/1,14/1,12/1,14/1,15.0,0.06666666666666667,-0.023077216666666664,-0.34615825,0.0,False,False,0,-0.023077216666666664
Al Mubhir,Neil Callan,102.0,7,135,03500-,0.04328485,22/1,0.07641387,12/1,0.08883725,21/2,Newbury,15:10,2026-04-18,2,8.0,Win Unique Experiences At OLBG Prizes Spring Cup Handicap,,,shortening,50/1,40/1,50/1,40/1,,,,,,False,False,1,
Fifth Column,William Buick,101.0,4,134,15100-,0.03768603,51/2,0.06669867,14/1,0.07757841,12/1,Newbury,15:10,2026-04-18,2,8.0,Win Unique Experiences At OLBG Prizes Spring Cup Handicap,10/1,11.0,drifting,11/1,12/1,10/1,12/1,11.0,0.09090909090909091,-0.05322306090909091,-0.5854536699999999,0.0,False,False,-1,-0.0732230609090909
Serengeti,Rob Hornby,101.0,4,134,125-45,0.061582737,15/1,0.10781498,17/2,0.12515208,7/1,Newbury,15:10,2026-04-18,2,8.0,Win Unique Experiences At OLBG Prizes Spring Cup Handicap,80/1,81.0,shortening,66/1,50/1,40/1,33/1,81.0,0.012345679012345678,0.04923705798765432,3.988201697,0.012463130303125,True,False,1,0.06923705798765432
Shout,Oisin Murphy,100.0,4,133,0714-9,0.050643757,37/2,0.08910693,10/1,0.10353062,17/2,Newbury,15:10,2026-04-18,2,8.0,Win Unique Experiences At OLBG Prizes Spring Cup Handicap,7/1,8.0,drifting,15/2,7/1,15/2,8/1,8.0,0.125,-0.074356243,-0.594849944,0.0,False,False,-1,-0.094356243
Nizam,Charles Bishop,98.0,4,131,72156-,0.08090103,23/2,0.14038587,6/1,0.16269268,5/1,Newbury,15:10,2026-04-18,2,8.0,Win Unique Experiences At OLBG Prizes Spring Cup Handicap,100/1,101.0,shortening,80/1,66/1,80/1,66/1,101.0,0.009900990099009901,0.0710000399009901,7.171004030000001,0.017927510075,True,False,1,0.0910000399009901
Rogue Diplomat,Harry Davies,98.0,4,131,1111-2,0.04583656,21/1,0.080825016,23/2,0.09394569,19/2,Newbury,15:10,2026-04-18,2,8.0,Win Unique Experiences At OLBG Prizes Spring Cup Handicap,17/2,9.5,shortening,8/1,17/2,8/1,15/2,9.5,0.10526315789473684,-0.05942659789473684,-0.56455268,0.0,False,False,1,-0.039426597894736834
Hand Of God,Kieran Shoemark,97.0,5,130,1/960-,0.04005176,24/1,0.07080985,13/1,0.08234413,11/1,Newbury,15:10,2026-04-18,2,8.0,Win Unique Experiences At OLBG Prizes Spring Cup Handicap,18/1,19.0,stable,16/1,18/1,16/1,18/1,19.0,0.05263157894736842,-0.01257981894736842,-0.23901656000000004,0.0,False,False,0,-0.01257981894736842
Ancient Rome,Jason Watson,97.0,7,130,03000-,0.040296808,24/1,0.07123519,13/1,0.08283708,11/1,Newbury,15:10,2026-04-18,2,8.0,Win Unique Experiences At OLBG Prizes Spring Cup Handicap,80/1,81.0,shortening,66/1,50/1,40/1,50/1,81.0,0.012345679012345678,0.027951128987654325,2.2640414480000004,0.007075129525000001,True,False,1,0.04795112898765433
Tony Montana,David Egan,97.0,6,130,00920-,0.04853505,39/2,0.085478574,21/2,0.09933239,9/1,Newbury,15:10,2026-04-18,2,8.0,Win Unique Experiences At OLBG Prizes Spring Cup Handicap,12/1,13.0,stable,14/1,12/1,14/1,12/1,13.0,0.07692307692307693,-0.028388026923076924,-0.3690443499999999,0.0,False,False,0,-0.028388026923076924
Classic,Sean Levey,94.0,6,127,42128-,0.038983814,49/2,0.06895508,27/2,0.0801943,23/2,Newbury,15:10,2026-04-18,2,8.0,Win Unique Experiences At OLBG Prizes Spring Cup Handicap,25/1,26.0,shortening,22/1,20/1,18/1,16/1,26.0,0.038461538461538464,0.0005222755384615349,0.013579164000000032,0.00013579164000000033,False,False,1,0.020522275538461535
Whip Cracker,Ryan Moore,94.0,5,127,0220-0,0.04076969,47/2,0.072055705,13/1,0.08378796,11/1,Newbury,15:10,2026-04-18,2,8.0,Win Unique Experiences At OLBG Prizes Spring Cup Handicap,22/1,23.0,shortening,20/1,18/1,16/1,14/1,23.0,0.043478260869565216,-0.002708570869565219,-0.062297130000000034,0.0,False,False,1,0.01729142913043478
Back In Black,Daniel Muscutt,94.0,4,127,15324-,0.049030144,39/2,0.0863311,21/2,0.10031895,9/1,Newbury,15:10,2026-04-18,2,8.0,Win Unique Experiences At OLBG Prizes Spring Cup Handicap,11/2,6.5,stable,6/1,11/2,5/1,11/2,6.5,0.15384615384615385,-0.10481600984615386,-0.681304064,0.0,False,False,0,-0.10481600984615386
Nikovo,Tom Marquand,93.0,7,126,-23316,0.040638413,47/2,0.07182796,13/1,0.08352404,11/1,Newbury,15:10,2026-04-18,2,8.0,Win Unique Experiences At OLBG Prizes Spring Cup Handicap,50/1,51.0,shortening,40/1,50/1,66/1,40/1,51.0,0.0196078431372549,0.021030569862745097,1.072559063,0.005362795314999999,True,False,1,0.0410305698627451
Old Cock,Cam Hardie,93.0,5,126,/0140-,0.04479589,43/2,0.079027265,23/2,0.091864035,10/1,Newbury,15:10,2026-04-18,2,8.0,Win Unique Experiences At OLBG Prizes Spring Cup Handicap,66/1,67.0,stable,80/1,66/1,80/1,66/1,67.0,0.014925373134328358,0.02987051686567164,2.00132463,0.007580775113636364,True,False,0,0.02987051686567164
Oliver Show,James Doyle,92.0,6,125,4795-0,0.034741044,28/1,0.061568327,15/1,0.071628556,13/1,Newbury,15:10,2026-04-18,2,8.0,Win Unique Experiences At OLBG Prizes Spring Cup Handicap,14/1,15.0,drifting,16/1,18/1,20/1,22/1,15.0,0.06666666666666667,-0.03192562266666667,-0.47888434,0.0,False,False,-1,-0.05192562266666667
Samuel Colt,Cieren Fallon,92.0,5,125,39/05-,0.03738515,51/2,0.06617515,14/1,0.0769714,12/1,Newbury,15:10,2026-04-18,2,8.0,Win Unique Experiences At OLBG Prizes Spring Cup Handicap,66/1,67.0,stable,50/1,66/1,50/1,66/1,67.0,0.014925373134328358,0.02245977686567164,1.5048050499999999,0.0057000191287878785,True,False,0,0.02245977686567164
Stem,Joe Leavy,89.0,4,122,/3022-,0.06224989,15/1,0.108949766,8/1,0.12646222,7/1,Newbury,15:10,2026-04-18,2,8.0,Win Unique Experiences At OLBG Prizes Spring Cup Handicap,9/1,10.0,drifting,17/2,9/1,10/1,11/1,10.0,0.1,-0.03775011,-0.3775010999999999,0.0,False,False,-1,-0.05775011000000001
Cogitate,Saffie Osborne,88.0,5,121,7242-2,0.034764998,28/1,0.06161011,15/1,0.07167703,13/1,Newbury,15:10,2026-04-18,2,8.0,Win Unique Experiences At OLBG Prizes Spring Cup Handicap,25/1,26.0,shortening,28/1,25/1,22/1,20/1,26.0,0.038461538461538464,-0.0036965404615384653,-0.096110052,0.0,False,False,1,0.016303459538461535
Boyfriend,Sam Hitchcott,87.0,5,120,21456-,0.041639805,23/1,0.07356455,25/2,0.08553633,21/2,Newbury,15:10,2026-04-18,2,8.0,Win Unique Experiences At OLBG Prizes Spring Cup Handicap,25/1,26.0,stable,22/1,25/1,22/1,25/1,26.0,0.038461538461538464,0.0031782665384615383,0.08263493,0.0008263493,False,False,0,0.0031782665384615383
Hot Cash,Rose Dawes,85.0,4,118,15654-,0.037799694,51/2,0.066896394,14/1,0.07780766,12/1,Newbury,15:10,2026-04-18,2,8.0,Win Unique Experiences At OLBG Prizes Spring Cup Handicap,28/1,29.0,drifting,25/1,28/1,33/1,40/1,29.0,0.034482758620689655,0.003316935379310347,0.09619112600000013,0.0008588493392857154,False,False,-1,-0.016683064620689653
Jimmy Speaking,Nicola Currie,82.0,5,115,3700-1,0.046141524,41/2,0.08135151,23/2,0.09455526,19/2,Newbury,15:10,2026-04-18,2,8.0,Win Unique Experiences At OLBG Prizes Spring Cup Handicap,,,shortening,50/1,40/1,33/1,28/1,,,,,,False,False,1,
Atlas Mountain,Rossa Ryan,,3,133,7-,0.12768562,7/1,0.21679123,7/2,0.2502058,3/1,Newbury,15:45,2026-04-18,4,8.0,"Dubai Duty Free Tennis Championships ""Confined"" Maiden Stakes (No More Than 2 Runs) (GBB)",,,no_data,,,,,,,,,,False,False,0,
Battosai,David Egan,,3,133,45-,0.11687246,15/2,0.1994431,4/1,0.23040709,7/2,Newbury,15:45,2026-04-18,4,8.0,"Dubai Duty Free Tennis Championships ""Confined"" Maiden Stakes (No More Than 2 Runs) (GBB)",,,no_data,,,,,,,,,,False,False,0,
Blue Aria,Ryan Moore,,3,133,44-,0.12401965,7/1,0.21093068,7/2,0.24352232,3/1,Newbury,15:45,2026-04-18,4,8.0,"Dubai Duty Free Tennis Championships ""Confined"" Maiden Stakes (No More Than 2 Runs) (GBB)",,,no_data,,,,,,,,,,False,False,0,
Decade Of Time,David Probert,,3,133,,0.0717748,13/1,0.12507334,7/1,0.1450603,6/1,Newbury,15:45,2026-04-18,4,8.0,"Dubai Duty Free Tennis Championships ""Confined"" Maiden Stakes (No More Than 2 Runs) (GBB)",,,no_data,,,,,,,,,,False,False,0,
Eagles Attire,Oisin Murphy,,3,133,6-,0.0717748,13/1,0.12507334,7/1,0.1450603,6/1,Newbury,15:45,2026-04-18,4,8.0,"Dubai Duty Free Tennis Championships ""Confined"" Maiden Stakes (No More Than 2 Runs) (GBB)",,,no_data,,,,,,,,,,False,False,0,
Exclusive Code,James Doyle,,3,133,44-,0.14138685,6/1,0.23850414,3/1,0.27492312,5/2,Newbury,15:45,2026-04-18,4,8.0,"Dubai Duty Free Tennis Championships ""Confined"" Maiden Stakes (No More Than 2 Runs) (GBB)",,,no_data,,,,,,,,,,False,False,0,
Fizzy Bear,Jack Mitchell,,3,133,5,0.0717748,13/1,0.12507334,7/1,0.1450603,6/1,Newbury,15:45,2026-04-18,4,8.0,"Dubai Duty Free Tennis Championships ""Confined"" Maiden Stakes (No More Than 2 Runs) (GBB)",,,no_data,,,,,,,,,,False,False,0,
Footstepinthewoods,Kieran Shoemark,,3,133,55-,0.079922,23/2,0.13874957,6/1,0.1608099,5/1,Newbury,15:45,2026-04-18,4,8.0,"Dubai Duty Free Tennis Championships ""Confined"" Maiden Stakes (No More Than 2 Runs) (GBB)",,,no_data,,,,,,,,,,False,False,0,
Houndswood Willow,William Cox,,3,133,74-,0.12066122,15/2,0.20554289,4/1,0.23737353,3/1,Newbury,15:45,2026-04-18,4,8.0,"Dubai Duty Free Tennis Championships ""Confined"" Maiden Stakes (No More Than 2 Runs) (GBB)",,,no_data,,,,,,,,,,False,False,0,
King Of Earth,Tom Marquand,,3,133,2-2,0.12145858,7/1,0.2068237,4/1,0.23883563,3/1,Newbury,15:45,2026-04-18,4,8.0,"Dubai Duty Free Tennis Championships ""Confined"" Maiden Stakes (No More Than 2 Runs) (GBB)",,,no_data,,,,,,,,,,False,False,0,
Lighting Thunder,William Buick,,3,133,2-,0.17482418,9/2,0.29023272,5/2,0.33351094,2/1,Newbury,15:45,2026-04-18,4,8.0,"Dubai Duty Free Tennis Championships ""Confined"" Maiden Stakes (No More Than 2 Runs) (GBB)",,,no_data,,,,,,,,,,False,False,0,
Long Reign,Harry Davies,,3,133,,0.0717748,13/1,0.12507334,7/1,0.1450603,6/1,Newbury,15:45,2026-04-18,4,8.0,"Dubai Duty Free Tennis Championships ""Confined"" Maiden Stakes (No More Than 2 Runs) (GBB)",,,no_data,,,,,,,,,,False,False,0,
Notable Charm,Rob Hornby,,3,133,,0.0717748,13/1,0.12507334,7/1,0.1450603,6/1,Newbury,15:45,2026-04-18,4,8.0,"Dubai Duty Free Tennis Championships ""Confined"" Maiden Stakes (No More Than 2 Runs) (GBB)",,,no_data,,,,,,,,,,False,False,0,
Oceti,Cristian Demuro,,3,133,6-,0.09172912,10/1,0.15838103,11/2,0.1833755,9/2,Newbury,15:45,2026-04-18,4,8.0,"Dubai Duty Free Tennis Championships ""Confined"" Maiden Stakes (No More Than 2 Runs) (GBB)",,,no_data,,,,,,,,,,False,False,0,
Siwa Oasis,Jason Watson,,3,133,2-,0.10353717,17/2,0.17779095,9/2,0.20563613,4/1,Newbury,15:45,2026-04-18,4,8.0,"Dubai Duty Free Tennis Championships ""Confined"" Maiden Stakes (No More Than 2 Runs) (GBB)",,,no_data,,,,,,,,,,False,False,0,
Spirit Of Saxony,Charles Bishop,,3,133,3-2,0.12095233,15/2,0.20601062,4/1,0.23790748,3/1,Newbury,15:45,2026-04-18,4,8.0,"Dubai Duty Free Tennis Championships ""Confined"" Maiden Stakes (No More Than 2 Runs) (GBB)",,,no_data,,,,,,,,,,False,False,0,
Sponsor,Joe Leavy,,3,133,,0.0717748,13/1,0.12507334,7/1,0.1450603,6/1,Newbury,15:45,2026-04-18,4,8.0,"Dubai Duty Free Tennis Championships ""Confined"" Maiden Stakes (No More Than 2 Runs) (GBB)",,,no_data,,,,,,,,,,False,False,0,
Tambora,Sean Levey,,3,133,5-,0.06736861,14/1,0.11763268,15/2,0.1364817,13/2,Newbury,15:45,2026-04-18,4,8.0,"Dubai Duty Free Tennis Championships ""Confined"" Maiden Stakes (No More Than 2 Runs) (GBB)",,,no_data,,,,,,,,,,False,False,0,
The Golden Snitch,J F Egan,,3,133,4,0.0717748,13/1,0.12507334,7/1,0.1450603,6/1,Newbury,15:45,2026-04-18,4,8.0,"Dubai Duty Free Tennis Championships ""Confined"" Maiden Stakes (No More Than 2 Runs) (GBB)",,,no_data,,,,,,,,,,False,False,0,
Thomas Picton,Edward Greatrex,,3,133,,0.0717748,13/1,0.12507334,7/1,0.1450603,6/1,Newbury,15:45,2026-04-18,4,8.0,"Dubai Duty Free Tennis Championships ""Confined"" Maiden Stakes (No More Than 2 Runs) (GBB)",,,no_data,,,,,,,,,,False,False,0,
Venetian Lion,NON-RUNNER,,3,133,,0.0717748,13/1,0.12507334,7/1,0.1450603,6/1,Newbury,15:45,2026-04-18,4,8.0,"Dubai Duty Free Tennis Championships ""Confined"" Maiden Stakes (No More Than 2 Runs) (GBB)",,,no_data,,,,,,,,,,False,False,0,
West Byfleet,Finley Marsh,,3,133,,0.0717748,13/1,0.12507334,7/1,0.1450603,6/1,Newbury,15:45,2026-04-18,4,8.0,"Dubai Duty Free Tennis Championships ""Confined"" Maiden Stakes (No More Than 2 Runs) (GBB)",,,no_data,,,,,,,,,,False,False,0,
Dijon Gone,Callum Hutchinson,,3,128,6-0,0.12860353,7/1,0.21825527,7/2,0.25187466,3/1,Newbury,15:45,2026-04-18,4,8.0,"Dubai Duty Free Tennis Championships ""Confined"" Maiden Stakes (No More Than 2 Runs) (GBB)",,,no_data,,,,,,,,,,False,False,0,
Madame Passant,Nicola Currie,,3,128,7,0.0717748,13/1,0.12507334,7/1,0.1450603,6/1,Newbury,15:45,2026-04-18,4,8.0,"Dubai Duty Free Tennis Championships ""Confined"" Maiden Stakes (No More Than 2 Runs) (GBB)",,,no_data,,,,,,,,,,False,False,0,
Nefyn Queen,Rose Dawes,,3,128,06,0.0717748,13/1,0.12507334,7/1,0.1450603,6/1,Newbury,15:45,2026-04-18,4,8.0,"Dubai Duty Free Tennis Championships ""Confined"" Maiden Stakes (No More Than 2 Runs) (GBB)",,,no_data,,,,,,,,,,False,False,0,
Rossa Raheen,Jamie Spencer,,3,128,64-,0.1258482,7/1,0.21385655,7/2,0.24685968,3/1,Newbury,15:45,2026-04-18,4,8.0,"Dubai Duty Free Tennis Championships ""Confined"" Maiden Stakes (No More Than 2 Runs) (GBB)",,,no_data,,,,,,,,,,False,False,0,
Alderman,Sean Levey,,3,133,73-,0.22779836,7/2,0.36852336,3/2,0.42129526,3/2,Newbury,16:20,2026-04-18,2,11.0,"Too Darn Hot Darley ""Confined"" EBF Maiden Stakes (No More Than 2 Runs) (GBB/GBBPlus Race)",14/1,15.0,stable,12/1,14/1,12/1,14/1,15.0,0.06666666666666667,0.16113169333333333,2.4169754,0.043160275000000005,True,True,0,0.16113169333333333
Blue Hercules,Lewis Edmunds,,3,133,,0.15197802,11/2,0.25508258,3/1,0.2937468,5/2,Newbury,16:20,2026-04-18,2,11.0,"Too Darn Hot Darley ""Confined"" EBF Maiden Stakes (No More Than 2 Runs) (GBB/GBBPlus Race)",100/1,101.0,shortening,80/1,66/1,50/1,40/1,101.0,0.009900990099009901,0.14207702990099008,14.349780019999999,0.03587445005,True,False,1,0.16207702990099007
Eben Al Khawaneej,Daniel Muscutt,,3,133,,0.15197802,11/2,0.25508258,3/1,0.2937468,5/2,Newbury,16:20,2026-04-18,2,11.0,"Too Darn Hot Darley ""Confined"" EBF Maiden Stakes (No More Than 2 Runs) (GBB/GBBPlus Race)",25/1,26.0,stable,22/1,25/1,22/1,25/1,26.0,0.038461538461538464,0.11351648153846153,2.95142852,0.0295142852,True,False,0,0.11351648153846153
Glory Of The Seas,William Buick,,3,133,2-,0.21385688,7/2,0.34835458,2/1,0.39879122,3/2,Newbury,16:20,2026-04-18,2,11.0,"Too Darn Hot Darley ""Confined"" EBF Maiden Stakes (No More Than 2 Runs) (GBB/GBBPlus Race)",4/1,5.0,stable,9/2,4/1,9/2,4/1,5.0,0.2,0.013856879999999988,0.06928439999999991,0.0043302749999999945,True,False,0,0.013856879999999988
Grilse,Joe Leavy,,3,133,,0.15197802,11/2,0.25508258,3/1,0.2937468,5/2,Newbury,16:20,2026-04-18,2,11.0,"Too Darn Hot Darley ""Confined"" EBF Maiden Stakes (No More Than 2 Runs) (GBB/GBBPlus Race)",50/1,51.0,stable,66/1,50/1,66/1,50/1,51.0,0.0196078431372549,0.1323701768627451,6.750879019999999,0.033754395099999994,True,False,0,0.1323701768627451
Last Trump,Rob Hornby,,3,133,,0.15197802,11/2,0.25508258,3/1,0.2937468,5/2,Newbury,16:20,2026-04-18,2,11.0,"Too Darn Hot Darley ""Confined"" EBF Maiden Stakes (No More Than 2 Runs) (GBB/GBBPlus Race)",150/1,151.0,shortening,125/1,100/1,125/1,100/1,151.0,0.006622516556291391,0.1453555034437086,21.94868102,0.03658113503333333,True,False,1,0.16535550344370858
Turty Tree,James Doyle,,3,133,2-3,0.23407167,7/2,0.37749738,3/2,0.431282,3/2,Newbury,16:20,2026-04-18,2,11.0,"Too Darn Hot Darley ""Confined"" EBF Maiden Stakes (No More Than 2 Runs) (GBB/GBBPlus Race)",10/3,4.3333,stable,7/2,10/3,7/2,10/3,4.3333,0.23077100593081484,0.0033006640691851663,0.014302767611000133,0.0010727182980079899,False,False,0,0.0033006640691851663
Water To Wine,Ryan Moore,,3,133,,0.15197802,11/2,0.25508258,3/1,0.2937468,5/2,Newbury,16:20,2026-04-18,2,11.0,"Too Darn Hot Darley ""Confined"" EBF Maiden Stakes (No More Than 2 Runs) (GBB/GBBPlus Race)",5/6,1.8333,stable,4/5,5/6,10/11,5/6,1.8333,0.5454644629902362,-0.3934864429902362,-0.7213786959340001,0.0,False,False,0,-0.3934864429902362
Twisting Physics,Jamie Spencer,85.0,5,135,41/21-,0.09299504,10/1,0.16047262,5/1,0.18577671,9/2,Newbury,16:55,2026-04-18,4,10.0,Dubai Duty Free Millennium Millionaire Handicap (GBBPlus Race),,,no_data,,,,,,,,,,False,False,0,
Rathgar,Tom Marquand,85.0,6,135,2300-4,0.06526235,29/2,0.11406489,8/1,0.13236584,13/2,Newbury,16:55,2026-04-18,4,10.0,Dubai Duty Free Millennium Millionaire Handicap (GBBPlus Race),,,no_data,,,,,,,,,,False,False,0,
Valedictory,William Buick,84.0,4,134,3/41-,0.10797546,17/2,0.18502887,9/2,0.2139239,7/2,Newbury,16:55,2026-04-18,4,10.0,Dubai Duty Free Millennium Millionaire Handicap (GBBPlus Race),,,no_data,,,,,,,,,,False,False,0,
Bulletin,Rob Hornby,84.0,4,134,23143-,0.079976864,23/2,0.13884132,6/1,0.1609155,5/1,Newbury,16:55,2026-04-18,4,10.0,Dubai Duty Free Millennium Millionaire Handicap (GBBPlus Race),,,no_data,,,,,,,,,,False,False,0,
Marhaba The Champ,Clifford Lee,82.0,7,132,9270-0,0.0749779,25/2,0.13046287,13/2,0.15126973,11/2,Newbury,16:55,2026-04-18,4,10.0,Dubai Duty Free Millennium Millionaire Handicap (GBBPlus Race),,,no_data,,,,,,,,,,False,False,0,
Sportingsilvermine,Cieren Fallon,82.0,5,132,3227-0,0.1005966,9/1,0.17297813,5/1,0.20012121,4/1,Newbury,16:55,2026-04-18,4,10.0,Dubai Duty Free Millennium Millionaire Handicap (GBBPlus Race),,,no_data,,,,,,,,,,False,False,0,
Triple Double A,James Doyle,82.0,4,132,544-17,0.081581116,23/2,0.14152163,6/1,0.16399932,5/1,Newbury,16:55,2026-04-18,4,10.0,Dubai Duty Free Millennium Millionaire Handicap (GBBPlus Race),,,no_data,,,,,,,,,,False,False,0,
The Green Mile,David Probert,81.0,4,131,137/5-,0.07867926,23/2,0.13667034,13/2,0.15841699,11/2,Newbury,16:55,2026-04-18,4,10.0,Dubai Duty Free Millennium Millionaire Handicap (GBBPlus Race),,,no_data,,,,,,,,,,False,False,0,
Jupiter Ammon,Oisin Murphy,81.0,4,131,6225-3,0.114236966,8/1,0.19518647,4/1,0.22554253,7/2,Newbury,16:55,2026-04-18,4,10.0,Dubai Duty Free Millennium Millionaire Handicap (GBBPlus Race),,,no_data,,,,,,,,,,False,False,0,
Baltic Voyage,Daniel Muscutt,81.0,6,131,904/4-,0.0701423,27/2,0.12232019,7/1,0.1418869,6/1,Newbury,16:55,2026-04-18,4,10.0,Dubai Duty Free Millennium Millionaire Handicap (GBBPlus Race),,,no_data,,,,,,,,,,False,False,0,
Without Compromise,NON-RUNNER,80.0,5,130,31-538,0.074193224,25/2,0.1291441,13/2,0.14975068,11/2,Newbury,16:55,2026-04-18,4,10.0,Dubai Duty Free Millennium Millionaire Handicap (GBBPlus Race),,,no_data,,,,,,,,,,False,False,0,
Morcar,Joe Leavy,79.0,6,129,23338-,0.0746769,25/2,0.12995711,13/2,0.15068719,11/2,Newbury,16:55,2026-04-18,4,10.0,Dubai Duty Free Millennium Millionaire Handicap (GBBPlus Race),,,no_data,,,,,,,,,,False,False,0,
Royale Goodnight,Kieran Shoemark,77.0,4,127,18/2-,0.07956772,23/2,0.13815708,6/1,0.16012809,5/1,Newbury,16:55,2026-04-18,4,10.0,Dubai Duty Free Millennium Millionaire Handicap (GBBPlus Race),,,no_data,,,,,,,,,,False,False,0,
Arcturus Flame,Finley Marsh,77.0,4,127,5263-3,0.070983075,13/1,0.12373866,7/1,0.14352201,6/1,Newbury,16:55,2026-04-18,4,10.0,Dubai Duty Free Millennium Millionaire Handicap (GBBPlus Race),,,no_data,,,,,,,,,,False,False,0,
King Al,Rossa Ryan,76.0,4,126,05125-,0.09687372,19/2,0.1668651,5/1,0.19311187,4/1,Newbury,16:55,2026-04-18,4,10.0,Dubai Duty Free Millennium Millionaire Handicap (GBBPlus Race),,,no_data,,,,,,,,,,False,False,0,
Something Splendid,Neil Callan,76.0,4,126,12104-,0.08086441,23/2,0.14032468,6/1,0.16262229,5/1,Newbury,16:55,2026-04-18,4,10.0,Dubai Duty Free Millennium Millionaire Handicap (GBBPlus Race),,,no_data,,,,,,,,,,False,False,0,
Bai Tong,Sam James,,2,128,,0.1883415,9/2,0.31063667,2/1,0.35649735,2/1,Thirsk,13:37,2026-04-18,4,5.0,British EBF Fillies' Novice Stakes (GBB/IRE Incentive Race),10/11,1.9091,stable,5/6,4/5,5/6,10/11,1.9091,0.5238070294903358,-0.33546552949033576,-0.64043724235,0.0,False,False,0,-0.33546552949033576
Havana Gift,Jason Hart,,2,128,,0.1883415,9/2,0.31063667,2/1,0.35649735,2/1,Thirsk,13:37,2026-04-18,4,5.0,British EBF Fillies' Novice Stakes (GBB/IRE Incentive Race),14/1,15.0,stable,16/1,18/1,16/1,14/1,15.0,0.06666666666666667,0.12167483333333333,1.8251225,0.03259147321428572,True,False,0,0.12167483333333333
Lake Muritz,David Allan,,2,128,,0.1883415,9/2,0.31063667,2/1,0.35649735,2/1,Thirsk,13:37,2026-04-18,4,5.0,British EBF Fillies' Novice Stakes (GBB/IRE Incentive Race),33/1,34.0,stable,28/1,33/1,40/1,33/1,34.0,0.029411764705882353,0.15892973529411764,5.403611,0.04093644696969697,True,True,0,0.15892973529411764
Moonlight Tango,Shane Gray,,2,128,,0.1883415,9/2,0.31063667,2/1,0.35649735,2/1,Thirsk,13:37,2026-04-18,4,5.0,British EBF Fillies' Novice Stakes (GBB/IRE Incentive Race),18/1,19.0,stable,20/1,18/1,16/1,18/1,19.0,0.05263157894736842,0.13570992105263158,2.5784884999999997,0.03581234027777777,True,False,0,0.13570992105263158
Niewiadoma,Hollie Doyle,,2,128,,0.1883415,9/2,0.31063667,2/1,0.35649735,2/1,Thirsk,13:37,2026-04-18,4,5.0,British EBF Fillies' Novice Stakes (GBB/IRE Incentive Race),8/1,9.0,shortening,15/2,7/1,8/1,15/2,9.0,0.1111111111111111,0.07723038888888889,0.6950734999999999,0.021721046874999997,True,False,1,0.0972303888888889
Silesia,Kevin Stott,,2,128,,0.1883415,9/2,0.31063667,2/1,0.35649735,2/1,Thirsk,13:37,2026-04-18,4,5.0,British EBF Fillies' Novice Stakes (GBB/IRE Incentive Race),11/4,3.75,drifting,3/1,11/4,3/1,10/3,3.75,0.26666666666666666,-0.07832516666666667,-0.293719375,0.0,False,False,-1,-0.09832516666666667
Pop The Question,Joanna Mason,,8,137,46,0.10582338,17/2,0.18152322,9/2,0.20991066,4/1,Thirsk,14:12,2026-04-18,4,7.0,Thomas Lord Dine & View Restaurant Great Value Maiden Stakes (GBB Race),200/1,201.0,stable,250/1,200/1,250/1,200/1,201.0,0.004975124378109453,0.10084825562189054,20.27049938,0.025338124225,True,False,0,0.10084825562189054
Act Of Honor,Oisin McSweeney,,3,129,65-,0.13267224,13/2,0.2247285,7/2,0.2592496,3/1,Thirsk,14:12,2026-04-18,4,7.0,Thomas Lord Dine & View Restaurant Great Value Maiden Stakes (GBB Race),200/1,201.0,shortening,150/1,,,,201.0,0.004975124378109453,0.12769711562189054,25.66712024,0.032083900299999996,True,False,1,0.14769711562189053
Advance Twentyfive,Oisin Orr,84.0,3,129,44295-,0.108508535,8/1,0.18589608,9/2,0.21491641,7/2,Thirsk,14:12,2026-04-18,4,7.0,Thomas Lord Dine & View Restaurant Great Value Maiden Stakes (GBB Race),5/2,3.5,stable,11/4,5/2,11/4,5/2,3.5,0.2857142857142857,-0.17720575071428568,-0.6202201275,0.0,False,False,0,-0.17720575071428568
Blue Boy Junior,David Nolan,,3,129,,0.09974745,9/1,0.17158577,5/1,0.19852515,4/1,Thirsk,14:12,2026-04-18,4,7.0,Thomas Lord Dine & View Restaurant Great Value Maiden Stakes (GBB Race),33/1,34.0,stable,40/1,33/1,40/1,33/1,34.0,0.029411764705882353,0.07033568529411766,2.3914133,0.018116767424242425,True,False,0,0.07033568529411766
Clova Royale,Barry McHugh,,3,129,,0.09974745,9/1,0.17158577,5/1,0.19852515,4/1,Thirsk,14:12,2026-04-18,4,7.0,Thomas Lord Dine & View Restaurant Great Value Maiden Stakes (GBB Race),200/1,201.0,shortening,150/1,100/1,80/1,66/1,201.0,0.004975124378109453,0.09477232562189054,19.04923745,0.0238115468125,True,False,1,0.11477232562189055
Deep Sleep,Sean Kirrane,68.0,3,129,594-,0.080364875,23/2,0.13948996,6/1,0.16166188,5/1,Thirsk,14:12,2026-04-18,4,7.0,Thomas Lord Dine & View Restaurant Great Value Maiden Stakes (GBB Race),33/1,34.0,shortening,30/1,25/1,20/1,18/1,34.0,0.029411764705882353,0.05095311029411765,1.7324057499999999,0.013124285984848483,True,False,1,0.07095311029411765
Dream Odyssey,Billy Garritty,,3,129,,0.09974745,9/1,0.17158577,5/1,0.19852515,4/1,Thirsk,14:12,2026-04-18,4,7.0,Thomas Lord Dine & View Restaurant Great Value Maiden Stakes (GBB Race),50/1,51.0,stable,66/1,50/1,40/1,50/1,51.0,0.0196078431372549,0.0801396068627451,4.08711995,0.02043559975,True,False,0,0.0801396068627451
Forest Phoenix,David Allan,,3,129,5,0.09974745,9/1,0.17158577,5/1,0.19852515,4/1,Thirsk,14:12,2026-04-18,4,7.0,Thomas Lord Dine & View Restaurant Great Value Maiden Stakes (GBB Race),33/1,34.0,shortening,30/1,28/1,25/1,22/1,34.0,0.029411764705882353,0.07033568529411766,2.3914133,0.018116767424242425,True,False,1,0.09033568529411766
Fozzie,Shane Gray,,3,129,77-,0.13209715,13/2,0.22381516,7/2,0.2582094,3/1,Thirsk,14:12,2026-04-18,4,7.0,Thomas Lord Dine & View Restaurant Great Value Maiden Stakes (GBB Race),80/1,81.0,stable,100/1,80/1,100/1,80/1,81.0,0.012345679012345678,0.11975147098765432,9.69986915,0.03031209109375,True,False,0,0.11975147098765432
Haltonwood,Jason Hart,,3,129,54,0.09974745,9/1,0.17158577,5/1,0.19852515,4/1,Thirsk,14:12,2026-04-18,4,7.0,Thomas Lord Dine & View Restaurant Great Value Maiden Stakes (GBB Race),100/1,101.0,shortening,66/1,50/1,40/1,,101.0,0.009900990099009901,0.0898464599009901,9.07449245,0.022686231124999998,True,False,1,0.10984645990099011
Inishbeg,Kevin Stott,87.0,3,129,82-2,0.11844161,15/2,0.20197217,4/1,0.23329613,7/2,Thirsk,14:12,2026-04-18,4,7.0,Thomas Lord Dine & View Restaurant Great Value Maiden Stakes (GBB Race),9/4,3.25,stable,5/2,9/4,5/2,9/4,3.25,0.3076923076923077,-0.1892506976923077,-0.6150647675,0.0,False,False,0,-0.1892506976923077
Simbas Pride,Mark Winn,,3,129,4-5,0.14470698,6/1,0.24372047,3/1,0.28085053,5/2,Thirsk,14:12,2026-04-18,4,7.0,Thomas Lord Dine & View Restaurant Great Value Maiden Stakes (GBB Race),80/1,81.0,shortening,66/1,50/1,40/1,50/1,81.0,0.012345679012345678,0.13236130098765433,10.72126538,0.0335039543125,True,False,1,0.15236130098765432
Weffaag,Daniel Tudhope,,3,129,0-,0.13153821,13/2,0.22292694,7/2,0.2571977,3/1,Thirsk,14:12,2026-04-18,4,7.0,Thomas Lord Dine & View Restaurant Great Value Maiden Stakes (GBB Race),11/10,2.1,drifting,6/5,5/4,6/5,5/4,2.1,0.47619047619047616,-0.3446522661904762,-0.7237697590000001,0.0,False,False,-1,-0.3646522661904762
Zarvali,Sam James,71.0,3,129,7852-,0.08865596,21/2,0.15329283,11/2,0.17753166,9/2,Thirsk,14:12,2026-04-18,4,7.0,Thomas Lord Dine & View Restaurant Great Value Maiden Stakes (GBB Race),40/1,41.0,shortening,33/1,30/1,22/1,20/1,41.0,0.024390243902439025,0.06426571609756099,2.63489436,0.01646808975,True,False,1,0.08426571609756099
Saxon Gem,Lauren Young,,3,124,76-,0.13267191,13/2,0.22472796,7/2,0.25924897,3/1,Thirsk,14:12,2026-04-18,4,7.0,Thomas Lord Dine & View Restaurant Great Value Maiden Stakes (GBB Race),250/1,251.0,stable,200/1,250/1,200/1,250/1,251.0,0.00398406374501992,0.1286878462549801,32.30064941,0.03230064941,True,False,0,0.1286878462549801
Talking In Kode,Connor Beasley,,3,124,7,0.09974745,9/1,0.17158577,5/1,0.19852515,4/1,Thirsk,14:12,2026-04-18,4,7.0,Thomas Lord Dine & View Restaurant Great Value Maiden Stakes (GBB Race),50/1,51.0,stable,40/1,50/1,40/1,50/1,51.0,0.0196078431372549,0.0801396068627451,4.08711995,0.02043559975,True,False,0,0.0801396068627451
Yes Im Mali,Daniel Tudhope,75.0,4,135,5073-0,0.06770759,14/1,0.1182062,15/2,0.13714318,13/2,Thirsk,14:47,2026-04-18,5,6.0,Nick Simpson Cannot Be 60 Handicap,,,no_data,,,,,,,,,,False,False,0,
Mr Dreamseller,David Nolan,74.0,4,134,4-341,0.07175788,13/1,0.12504484,7/1,0.14502744,6/1,Thirsk,14:47,2026-04-18,5,6.0,Nick Simpson Cannot Be 60 Handicap,,,no_data,,,,,,,,,,False,False,0,
Hurt You Never,Jack Nicholls,73.0,7,133,0600-7,0.05778469,33/2,0.10134119,9/1,0.11767487,15/2,Thirsk,14:47,2026-04-18,5,6.0,Nick Simpson Cannot Be 60 Handicap,,,no_data,,,,,,,,,,False,False,0,
Pal Joey,Paul Mulrennan,72.0,4,132,857-17,0.057048254,33/2,0.100083254,9/1,0.11622138,15/2,Thirsk,14:47,2026-04-18,5,6.0,Nick Simpson Cannot Be 60 Handicap,,,no_data,,,,,,,,,,False,False,0,
Ay Gee Ell,Oisin Orr,71.0,4,131,4-3330,0.06701586,14/1,0.11703564,15/2,0.13579306,13/2,Thirsk,14:47,2026-04-18,5,6.0,Nick Simpson Cannot Be 60 Handicap,,,no_data,,,,,,,,,,False,False,0,
Stirrup Cup,David Allan,70.0,4,130,2038-2,0.058876872,16/1,0.10320518,17/2,0.1198283,15/2,Thirsk,14:47,2026-04-18,5,6.0,Nick Simpson Cannot Be 60 Handicap,,,no_data,,,,,,,,,,False,False,0,
Impressor,Sam James,70.0,9,130,567-40,0.058187313,16/1,0.10202855,9/1,0.118469015,15/2,Thirsk,14:47,2026-04-18,5,6.0,Nick Simpson Cannot Be 60 Handicap,,,no_data,,,,,,,,,,False,False,0,
Kings Merchant,Callum Rodriguez,68.0,5,128,740-74,0.06429871,29/2,0.11243022,8/1,0.13047954,13/2,Thirsk,14:47,2026-04-18,5,6.0,Nick Simpson Cannot Be 60 Handicap,,,no_data,,,,,,,,,,False,False,0,
Knicks,Billy Garritty,67.0,5,127,43039-,0.06444563,29/2,0.11267954,8/1,0.13076726,13/2,Thirsk,14:47,2026-04-18,5,6.0,Nick Simpson Cannot Be 60 Handicap,,,no_data,,,,,,,,,,False,False,0,
Lord Abama,Rhys Elliott,66.0,7,126,8080-5,0.05789276,33/2,0.10152571,9/1,0.11788806,15/2,Thirsk,14:47,2026-04-18,5,6.0,Nick Simpson Cannot Be 60 Handicap,,,no_data,,,,,,,,,,False,False,0,
Ashen,Lauren Young,65.0,4,125,4407-7,0.053916294,35/2,0.09472376,19/2,0.11002656,8/1,Thirsk,14:47,2026-04-18,5,6.0,Nick Simpson Cannot Be 60 Handicap,,,no_data,,,,,,,,,,False,False,0,
Monotone,Harry Russell,64.0,4,124,089-95,0.047608748,20/1,0.08388247,11/1,0.09748512,19/2,Thirsk,14:47,2026-04-18,5,6.0,Nick Simpson Cannot Be 60 Handicap,,,no_data,,,,,,,,,,False,False,0,
One More Dream,Jason Hart,64.0,7,124,08-000,0.060001988,31/2,0.105123386,17/2,0.12204391,7/1,Thirsk,14:47,2026-04-18,5,6.0,Nick Simpson Cannot Be 60 Handicap,,,no_data,,,,,,,,,,False,False,0,
Taygar,Sean Kirrane,64.0,5,124,53008-,0.06518499,29/2,0.11393371,8/1,0.13221449,13/2,Thirsk,14:47,2026-04-18,5,6.0,Nick Simpson Cannot Be 60 Handicap,,,no_data,,,,,,,,,,False,False,0,
Iris Dancer,Andrew Mullen,63.0,8,123,7709-2,0.06269944,15/1,0.10971402,8/1,0.12734449,7/1,Thirsk,14:47,2026-04-18,5,6.0,Nick Simpson Cannot Be 60 Handicap,,,no_data,,,,,,,,,,False,False,0,
Brave Empire,Barry McHugh,62.0,5,122,-55989,0.062812306,15/1,0.10990584,8/1,0.12756592,7/1,Thirsk,14:47,2026-04-18,5,6.0,Nick Simpson Cannot Be 60 Handicap,,,no_data,,,,,,,,,,False,False,0,
Sherlock,Jack Callan,61.0,4,121,854194,0.055017456,17/1,0.09660989,19/2,0.112207055,8/1,Thirsk,14:47,2026-04-18,5,6.0,Nick Simpson Cannot Be 60 Handicap,,,no_data,,,,,,,,,,False,False,0,
Solar Biricz,Hollie Doyle,56.0,4,116,13890-,0.053240847,18/1,0.09356585,19/2,0.10868773,8/1,Thirsk,14:47,2026-04-18,5,6.0,Nick Simpson Cannot Be 60 Handicap,,,no_data,,,,,,,,,,False,False,0,
Beaujolais Nouveau,Andrew Mullen,85.0,4,135,25300-,0.0827311,11/1,0.14344043,6/1,0.16620642,5/1,Thirsk,15:23,2026-04-18,4,7.0,Join Racing TV Today Handicap (Div I),22/1,23.0,shortening,20/1,22/1,20/1,18/1,23.0,0.043478260869565216,0.039252839130434786,0.9028153000000001,0.010259264772727273,True,False,1,0.05925283913043479
Leadman,Daniel Tudhope,85.0,6,135,078U6-,0.0833272,11/1,0.14443421,6/1,0.16734935,5/1,Thirsk,15:23,2026-04-18,4,7.0,Join Racing TV Today Handicap (Div I),6/1,7.0,stable,13/2,6/1,13/2,6/1,7.0,0.14285714285714285,-0.059529942857142845,-0.4167096,0.0,False,False,0,-0.059529942857142845
U Sure Do,David Allan,83.0,4,133,12012-,0.08371915,11/1,0.14508736,6/1,0.16810045,5/1,Thirsk,15:23,2026-04-18,4,7.0,Join Racing TV Today Handicap (Div I),14/1,15.0,shortening,12/1,9/1,17/2,9/1,15.0,0.06666666666666667,0.01705248333333334,0.25578725,0.004567629464285715,True,False,1,0.037052483333333344
Frankies Dream,Paul Mulrennan,83.0,4,133,25187-,0.07892361,23/2,0.13707936,13/2,0.15888776,11/2,Thirsk,15:23,2026-04-18,4,7.0,Join Racing TV Today Handicap (Div I),33/1,34.0,shortening,28/1,33/1,28/1,25/1,34.0,0.029411764705882353,0.04951184529411765,1.68340274,0.012753051060606061,True,False,1,0.06951184529411765
One Night Thunder,Kaiya Fraser,82.0,6,132,31129-,0.08128904,23/2,0.14103395,6/1,0.16343829,5/1,Thirsk,15:23,2026-04-18,4,7.0,Join Racing TV Today Handicap (Div I),18/1,19.0,drifting,20/1,22/1,25/1,22/1,19.0,0.05263157894736842,0.02865746105263159,0.5444917600000001,0.007562385555555557,True,False,-1,0.008657461052631588
Count Palatine,Connor Beasley,82.0,5,132,16612-,0.0905037,10/1,0.15635392,11/2,0.18104775,9/2,Thirsk,15:23,2026-04-18,4,7.0,Join Racing TV Today Handicap (Div I),20/1,21.0,shortening,18/1,16/1,18/1,16/1,21.0,0.047619047619047616,0.04288465238095239,0.9005777000000001,0.011257221250000001,True,False,1,0.0628846523809524
Melvin Udall,Jason Hart,81.0,4,131,4214-1,0.11100796,8/1,0.18995613,9/2,0.2195617,7/2,Thirsk,15:23,2026-04-18,4,7.0,Join Racing TV Today Handicap (Div I),7/1,8.0,shortening,15/2,7/1,13/2,6/1,8.0,0.125,-0.013992039999999997,-0.11193631999999998,0.0,False,False,1,0.006007960000000003
Quest For Fun,Sean Kirrane,79.0,8,129,2620-9,0.07798527,12/1,0.13550813,13/2,0.1570792,11/2,Thirsk,15:23,2026-04-18,4,7.0,Join Racing TV Today Handicap (Div I),9/1,10.0,stable,10/1,9/1,17/2,9/1,10.0,0.1,-0.02201473000000001,-0.22014730000000005,0.0,False,False,0,-0.02201473000000001
Murashah,Callum Rodriguez,79.0,5,129,1/622/,0.10741508,17/2,0.18411675,9/2,0.21287988,7/2,Thirsk,15:23,2026-04-18,4,7.0,Join Racing TV Today Handicap (Div I),9/4,3.25,stable,2/1,9/4,2/1,9/4,3.25,0.3076923076923077,-0.2002772276923077,-0.65090099,0.0,False,False,0,-0.2002772276923077
City Captain,Kevin Stott,78.0,4,128,4931-6,0.084410086,11/1,0.1462381,6/1,0.16942361,5/1,Thirsk,15:23,2026-04-18,4,7.0,Join Racing TV Today Handicap (Div I),8/1,9.0,stable,17/2,9/1,17/2,8/1,9.0,0.1111111111111111,-0.02670102511111111,-0.24030922600000004,0.0,False,False,0,-0.02670102511111111
Woodstock,Joanna Mason,76.0,6,126,28326-,0.08671784,21/2,0.15007612,11/2,0.17383549,5/1,Thirsk,15:23,2026-04-18,4,7.0,Join Racing TV Today Handicap (Div I),20/1,21.0,shortening,18/1,16/1,18/1,16/1,21.0,0.047619047619047616,0.03909879238095239,0.8210746400000002,0.010263433000000002,True,False,1,0.05909879238095239
Alpha Capture,Mark Winn,75.0,6,125,754-33,0.0676098,14/1,0.11804077,15/2,0.13695239,13/2,Thirsk,15:23,2026-04-18,4,7.0,Join Racing TV Today Handicap (Div I),10/1,11.0,stable,9/1,10/1,9/1,10/1,11.0,0.09090909090909091,-0.023299290909090914,-0.2562922000000001,0.0,False,False,0,-0.023299290909090914
Draupnir,Billy Garritty,72.0,4,122,28317-,0.088092275,21/2,0.1523579,11/2,0.17645751,9/2,Thirsk,15:23,2026-04-18,4,7.0,Join Racing TV Today Handicap (Div I),16/1,17.0,drifting,18/1,20/1,18/1,20/1,17.0,0.058823529411764705,0.029268745588235293,0.4975686749999999,0.0077745105468749985,True,False,-1,0.009268745588235292
Brighton Boy,Sean Kirrane,85.0,4,135,40019-,0.09261798,10/1,0.1598499,11/2,0.18506187,9/2,Thirsk,15:58,2026-04-18,4,7.0,Join Racing TV Today Handicap (Div II),16/1,17.0,stable,18/1,16/1,14/1,16/1,17.0,0.058823529411764705,0.0337944505882353,0.57450566,0.0089766509375,True,False,0,0.0337944505882353
Warm Spell,Hollie Doyle,84.0,5,134,26933-,0.08071791,23/2,0.14007993,6/1,0.16234069,5/1,Thirsk,15:58,2026-04-18,4,7.0,Join Racing TV Today Handicap (Div II),9/1,10.0,stable,17/2,9/1,17/2,9/1,10.0,0.1,-0.01928209,-0.19282089999999996,0.0,False,False,0,-0.01928209
Mudamer,Sam James,82.0,7,132,4117-3,0.09007132,10/1,0.1556381,11/2,0.18022564,9/2,Thirsk,15:58,2026-04-18,4,7.0,Join Racing TV Today Handicap (Div II),13/2,7.5,shortening,6/1,11/2,5/1,9/2,7.5,0.13333333333333333,-0.043262013333333335,-0.32446510000000006,0.0,False,False,1,-0.023262013333333335
Son,David Allan,81.0,5,131,67067-,0.07255585,13/1,0.12638904,7/1,0.1465765,6/1,Thirsk,15:58,2026-04-18,4,7.0,Join Racing TV Today Handicap (Div II),12/1,13.0,stable,11/1,12/1,11/1,12/1,13.0,0.07692307692307693,-0.004367226923076922,-0.05677394999999996,0.0,False,False,0,-0.004367226923076922
Itsneverjustone,Laura Pearson,81.0,4,131,1085-4,0.079603724,23/2,0.1382173,6/1,0.16019739,5/1,Thirsk,15:58,2026-04-18,4,7.0,Join Racing TV Today Handicap (Div II),13/2,7.5,shortening,6/1,11/2,5/1,11/2,7.5,0.13333333333333333,-0.05372960933333333,-0.40297207,0.0,False,False,1,-0.03372960933333333
Society Man,Jack Callan,81.0,6,131,6-5049,0.09095052,10/1,0.15709335,11/2,0.18189691,9/2,Thirsk,15:58,2026-04-18,4,7.0,Join Racing TV Today Handicap (Div II),22/1,23.0,stable,25/1,22/1,20/1,22/1,23.0,0.043478260869565216,0.04747225913043479,1.0918619600000001,0.012407522272727274,True,False,0,0.04747225913043479
Kosometsuke,Connor Beasley,80.0,4,130,22614-,0.08836886,21/2,0.15281671,11/2,0.17698465,9/2,Thirsk,15:58,2026-04-18,4,7.0,Join Racing TV Today Handicap (Div II),17/2,9.5,stable,9/1,17/2,9/1,17/2,9.5,0.10526315789473684,-0.016894297894736843,-0.16049583000000012,0.0,False,False,0,-0.016894297894736843
Packetofbiscuits,P J McDonald,79.0,4,129,731125,0.07268771,13/1,0.12661107,7/1,0.14683233,6/1,Thirsk,15:58,2026-04-18,4,7.0,Join Racing TV Today Handicap (Div II),8/1,9.0,stable,17/2,8/1,17/2,8/1,9.0,0.1111111111111111,-0.0384234011111111,-0.34581061,0.0,False,False,0,-0.0384234011111111
War Howl,Andrew Mullen,77.0,4,127,96-990,0.074405156,25/2,0.12950039,13/2,0.1501611,11/2,Thirsk,15:58,2026-04-18,4,7.0,Join Racing TV Today Handicap (Div II),33/1,34.0,no_data,,,,,34.0,0.029411764705882353,0.04499339129411765,1.5297753040000002,0.01158920684848485,True,False,0,0.04499339129411765
Narmar,Paul Mulrennan,76.0,6,126,31342-,0.083626024,11/1,0.1449322,6/1,0.167922,5/1,Thirsk,15:58,2026-04-18,4,7.0,Join Racing TV Today Handicap (Div II),14/1,15.0,stable,12/1,14/1,12/1,14/1,15.0,0.06666666666666667,0.016959357333333328,0.2543903599999999,0.0045426849999999986,True,False,0,0.016959357333333328
Stanage,Joanna Mason,75.0,5,125,7645-7,0.07989755,23/2,0.1387087,6/1,0.16076288,5/1,Thirsk,15:58,2026-04-18,4,7.0,Join Racing TV Today Handicap (Div II),,,no_data,,,,,,,,,,False,False,0,
Green Pursuit,Dale Swift,74.0,4,124,4720-0,0.07821263,12/1,0.13588895,13/2,0.15751757,11/2,Thirsk,15:58,2026-04-18,4,7.0,Join Racing TV Today Handicap (Div II),,,no_data,,,,,,,,,,False,False,0,
Geo,Lauren Young,69.0,4,119,5564-8,0.07121387,13/1,0.124127835,7/1,0.14397058,6/1,Thirsk,15:58,2026-04-18,4,7.0,Join Racing TV Today Handicap (Div II),,,no_data,,,,,,,,,,False,False,0,
Minhad,Kyle McHugh,80.0,4,135,88420-,0.09731029,19/2,0.16758308,5/1,0.19393538,4/1,Thirsk,16:32,2026-04-18,4,12.0,Happy 21st Birthday Lily Watkinson Handicap (GBBPlus Race),16/1,17.0,shortening,18/1,16/1,14/1,12/1,17.0,0.058823529411764705,0.03848676058823529,0.6542749299999999,0.010223045781249999,True,False,1,0.05848676058823529
Helmsley,Jason Hart,79.0,4,134,18-866,0.083564654,11/1,0.14482994,6/1,0.16780442,5/1,Thirsk,16:32,2026-04-18,4,12.0,Happy 21st Birthday Lily Watkinson Handicap (GBBPlus Race),12/1,13.0,stable,11/1,12/1,11/1,12/1,13.0,0.07692307692307693,0.006641577076923075,0.0863405020000001,0.0017987604583333354,False,False,0,0.006641577076923075
Gallivanted,Pierre-Louis Jamin,79.0,4,134,73/1-,0.108415395,8/1,0.1857446,9/2,0.21474305,7/2,Thirsk,16:32,2026-04-18,4,12.0,Happy 21st Birthday Lily Watkinson Handicap (GBBPlus Race),11/2,6.5,drifting,6/1,13/2,7/1,13/2,6.5,0.15384615384615385,-0.04543075884615386,-0.2952999325,0.0,False,False,-1,-0.06543075884615386
Lightning Tiger,Daniel Tudhope,77.0,4,132,55514-,0.11562039,15/2,0.19742224,4/1,0.22809793,7/2,Thirsk,16:32,2026-04-18,4,12.0,Happy 21st Birthday Lily Watkinson Handicap (GBBPlus Race),5/2,3.5,drifting,11/4,3/1,11/4,3/1,3.5,0.2857142857142857,-0.17009389571428568,-0.595328635,0.0,False,False,-1,-0.19009389571428567
Nightsinwhitesatin,Callum Rodriguez,77.0,4,132,11442-,0.10621444,17/2,0.1821608,9/2,0.21064067,7/2,Thirsk,16:32,2026-04-18,4,12.0,Happy 21st Birthday Lily Watkinson Handicap (GBBPlus Race),4/1,5.0,shortening,7/2,,,,5.0,0.2,-0.09378556000000002,-0.4689278,0.0,False,False,1,-0.07378556000000001
Don Simon,Toby Moore,76.0,5,131,298-32,0.089176506,10/1,0.15415576,11/2,0.17852297,9/2,Thirsk,16:32,2026-04-18,4,12.0,Happy 21st Birthday Lily Watkinson Handicap (GBBPlus Race),8/1,9.0,shortening,15/2,7/1,15/2,7/1,9.0,0.1111111111111111,-0.021934605111111102,-0.19741144599999993,0.0,False,False,1,-0.001934605111111102
Made All,Oisin Orr,72.0,5,127,238-10,0.076203495,12/1,0.13252072,13/2,0.15363967,11/2,Thirsk,16:32,2026-04-18,4,12.0,Happy 21st Birthday Lily Watkinson Handicap (GBBPlus Race),20/1,21.0,stable,22/1,20/1,22/1,20/1,21.0,0.047619047619047616,0.02858444738095238,0.6002733949999999,0.007503417437499998,True,False,0,0.02858444738095238
Relocal,Aidan Keeley,72.0,4,127,03-195,0.08169487,11/1,0.14171153,6/1,0.16421779,5/1,Thirsk,16:32,2026-04-18,4,12.0,Happy 21st Birthday Lily Watkinson Handicap (GBBPlus Race),12/1,13.0,drifting,11/1,12/1,14/1,16/1,13.0,0.07692307692307693,0.004771793076923075,0.06203331000000012,0.0012923606250000025,False,False,-1,-0.015228206923076925
Furhaan,Lauren Young,70.0,4,125,79415-,0.08698578,21/2,0.15052119,11/2,0.17434697,9/2,Thirsk,16:32,2026-04-18,4,12.0,Happy 21st Birthday Lily Watkinson Handicap (GBBPlus Race),25/1,26.0,stable,22/1,25/1,22/1,25/1,26.0,0.038461538461538464,0.048524241538461535,1.2616302799999999,0.0126163028,True,False,0,0.048524241538461535
Idyllic,Hollie Doyle,64.0,5,119,41476-,0.07554432,12/1,0.13141422,13/2,0.15236543,11/2,Thirsk,16:32,2026-04-18,4,12.0,Happy 21st Birthday Lily Watkinson Handicap (GBBPlus Race),18/1,19.0,stable,20/1,18/1,20/1,18/1,19.0,0.05263157894736842,0.02291274105263158,0.43534207999999985,0.0060464177777777755,True,False,0,0.02291274105263158
Hackney Diamonds,Kieran ONeill,61.0,4,116,349331,0.091230184,10/1,0.15755597,11/2,0.18242814,9/2,Thirsk,16:32,2026-04-18,4,12.0,Happy 21st Birthday Lily Watkinson Handicap (GBBPlus Race),16/1,17.0,shortening,14/1,16/1,14/1,12/1,17.0,0.058823529411764705,0.0324066545882353,0.5509131280000001,0.008608017625000002,True,False,1,0.052406654588235305
Cougar,Andrew Mullen,61.0,7,116,86811-,0.08939274,10/1,0.15451407,11/2,0.17893457,9/2,Thirsk,16:32,2026-04-18,4,12.0,Happy 21st Birthday Lily Watkinson Handicap (GBBPlus Race),28/1,29.0,stable,25/1,28/1,25/1,28/1,29.0,0.034482758620689655,0.054909981379310344,1.5923894600000001,0.014217763035714287,True,False,0,0.054909981379310344
Exclamation,Sam James,92.0,3,137,1250-9,0.08531327,21/2,0.1477412,6/1,0.17115167,5/1,Thirsk,17:07,2026-04-18,3,5.0,Stirrup Bar For Deli-Style Dining Packages Handicap,14/1,15.0,drifting,16/1,18/1,16/1,,15.0,0.06666666666666667,0.01864660333333333,0.27969905000000006,0.004994625892857144,True,False,-1,-0.0013533966666666696
Dazzling Haze,Jason Hart,86.0,3,131,21715-,0.095871165,19/2,0.16521508,5/1,0.19121905,4/1,Thirsk,17:07,2026-04-18,3,5.0,Stirrup Bar For Deli-Style Dining Packages Handicap,14/1,15.0,drifting,16/1,18/1,20/1,22/1,15.0,0.06666666666666667,0.02920449833333333,0.438067475,0.007822633482142858,True,False,-1,0.009204498333333328
Go Vince Go,Sean Kirrane,86.0,3,131,16135-,0.07621446,12/1,0.13253912,13/2,0.15366086,11/2,Thirsk,17:07,2026-04-18,3,5.0,Stirrup Bar For Deli-Style Dining Packages Handicap,18/1,19.0,drifting,20/1,22/1,20/1,22/1,19.0,0.05263157894736842,0.02358288105263158,0.44807474,0.006223260277777778,True,False,-1,0.003582881052631579
Daneh Of Dandy,Daniel Tudhope,85.0,3,130,9158-5,0.07610461,12/1,0.13235477,13/2,0.15344858,11/2,Thirsk,17:07,2026-04-18,3,5.0,Stirrup Bar For Deli-Style Dining Packages Handicap,17/2,9.5,stable,9/1,17/2,8/1,17/2,9.5,0.10526315789473684,-0.029158547894736833,-0.27700620499999995,0.0,False,False,0,-0.029158547894736833
Merlier,Hollie Doyle,85.0,3,130,211,0.13836439,6/1,0.23374015,7/2,0.26950607,5/2,Thirsk,17:07,2026-04-18,3,5.0,Stirrup Bar For Deli-Style Dining Packages Handicap,12/1,13.0,shortening,11/1,10/1,9/1,8/1,13.0,0.07692307692307693,0.061441313076923076,0.79873707,0.016640355625000002,True,False,1,0.08144131307692308
Star Material,Mikey Sheehy,85.0,3,130,21020-,0.08916897,10/1,0.15414327,11/2,0.17850864,9/2,Thirsk,17:07,2026-04-18,3,5.0,Stirrup Bar For Deli-Style Dining Packages Handicap,22/1,23.0,stable,25/1,22/1,25/1,22/1,23.0,0.043478260869565216,0.045690709130434784,1.05088631,0.011941889886363638,True,False,0,0.045690709130434784
Rikki Tiki Tavi,Shane Gray,84.0,3,129,24100-,0.07618395,12/1,0.13248792,13/2,0.15360191,11/2,Thirsk,17:07,2026-04-18,3,5.0,Stirrup Bar For Deli-Style Dining Packages Handicap,10/1,11.0,stable,11/1,10/1,11/1,10/1,11.0,0.09090909090909091,-0.014725140909090911,-0.16197655,0.0,False,False,0,-0.014725140909090911
Mo Of Cairo,Kevin Stott,84.0,3,129,2312-,0.13658564,13/2,0.23092964,7/2,0.26630864,3/1,Thirsk,17:07,2026-04-18,3,5.0,Stirrup Bar For Deli-Style Dining Packages Handicap,17/2,9.5,shortening,8/1,15/2,7/1,13/2,9.5,0.10526315789473684,0.03132248210526317,0.29756358000000005,0.008751870000000002,True,False,1,0.051322482105263176
Simplify,P J McDonald,83.0,3,128,0221-1,0.13637216,13/2,0.23059201,7/2,0.26592445,3/1,Thirsk,17:07,2026-04-18,3,5.0,Stirrup Bar For Deli-Style Dining Packages Handicap,11/4,3.75,stable,3/1,11/4,3/1,11/4,3.75,0.26666666666666666,-0.13029450666666667,-0.48860440000000005,0.0,False,False,0,-0.13029450666666667
The Lost Sock,Callum Rodriguez,83.0,3,128,321-83,0.1360347,13/2,0.2300581,7/2,0.26531687,3/1,Thirsk,17:07,2026-04-18,3,5.0,Stirrup Bar For Deli-Style Dining Packages Handicap,5/1,6.0,stable,9/2,5/1,11/2,5/1,6.0,0.16666666666666666,-0.03063196666666665,-0.18379179999999995,0.0,False,False,0,-0.03063196666666665
Big Fun,Oisin McSweeney,82.0,3,127,2217-,0.14595225,6/1,0.2456724,3/1,0.28306746,5/2,Thirsk,17:07,2026-04-18,3,5.0,Stirrup Bar For Deli-Style Dining Packages Handicap,9/1,10.0,stable,10/1,9/1,10/1,9/1,10.0,0.1,0.04595225,0.45952250000000006,0.012764513888888891,True,False,0,0.04595225
Hanney Girl,David Allan,80.0,3,125,11256-,0.1092048,8/1,0.1870281,9/2,0.21621183,7/2,Thirsk,17:07,2026-04-18,3,5.0,Stirrup Bar For Deli-Style Dining Packages Handicap,22/1,23.0,shortening,20/1,18/1,16/1,14/1,23.0,0.043478260869565216,0.06572653913043479,1.5117104000000001,0.017178527272727274,True,False,1,0.08572653913043479
Entailed,Connor Beasley,79.0,3,124,16346-,0.0881051,21/2,0.15237917,11/2,0.17648195,9/2,Thirsk,17:07,2026-04-18,3,5.0,Stirrup Bar For Deli-Style Dining Packages Handicap,40/1,41.0,shortening,33/1,,,,41.0,0.024390243902439025,0.06371485609756097,2.6123091,0.016326931875,True,False,1,0.08371485609756098
Schrodingers Cat,Andrew Mullen,78.0,3,123,23421-,0.09682127,19/2,0.1667788,5/1,0.19301288,4/1,Thirsk,17:07,2026-04-18,3,5.0,Stirrup Bar For Deli-Style Dining Packages Handicap,14/1,15.0,shortening,12/1,11/1,10/1,8/1,15.0,0.06666666666666667,0.030154603333333335,0.45231905000000006,0.008077125892857143,True,False,1,0.05015460333333334
Piperstown,Oliver Stammers,56.0,5,136,325311,0.06890862,27/2,0.1202368,15/2,0.13948487,6/1,Thirsk,17:40,2026-04-18,6,6.0,Hunt Cup Next Meeting Saturday 2nd May Handicap,4/1,5.0,shortening,7/2,10/3,7/2,,5.0,0.2,-0.13109138,-0.6554569,0.0,False,False,1,-0.11109138
Golden Prosperity,Tom Kiely-Marshall,55.0,7,135,23-661,0.06517438,29/2,0.11391572,8/1,0.13219371,13/2,Thirsk,17:40,2026-04-18,6,6.0,Hunt Cup Next Meeting Saturday 2nd May Handicap,9/1,10.0,shortening,17/2,8/1,17/2,8/1,10.0,0.1,-0.03482562,-0.3482562,0.0,False,False,1,-0.014825620000000001
Hurstwood,Ethan Tindall,55.0,9,135,50167-,0.06659764,14/1,0.116327554,15/2,0.13497627,13/2,Thirsk,17:40,2026-04-18,6,6.0,Hunt Cup Next Meeting Saturday 2nd May Handicap,16/1,17.0,shortening,14/1,,,,17.0,0.058823529411764705,0.0077741105882352945,0.1321598799999999,0.0020649981249999984,False,False,1,0.027774110588235295
La Rochette,Barry McHugh,55.0,5,135,0-3459,0.05436834,35/2,0.09549828,19/2,0.11092201,8/1,Thirsk,17:40,2026-04-18,6,6.0,Hunt Cup Next Meeting Saturday 2nd May Handicap,20/1,21.0,stable,18/1,20/1,18/1,20/1,21.0,0.047619047619047616,0.006749292380952385,0.14173513999999998,0.0017716892499999998,False,False,0,0.006749292380952385
Emerald Army,James Sullivan,55.0,5,135,79730-,0.065487966,29/2,0.1144474,15/2,0.1328072,13/2,Thirsk,17:40,2026-04-18,6,6.0,Hunt Cup Next Meeting Saturday 2nd May Handicap,13/2,7.5,drifting,7/1,15/2,7/1,15/2,7.5,0.13333333333333333,-0.06784536733333334,-0.508840255,0.0,False,False,-1,-0.08784536733333334
Jet Warrior,Andrew Mullen,54.0,4,134,07-5,0.08565128,21/2,0.14830339,11/2,0.17179793,5/1,Thirsk,17:40,2026-04-18,6,6.0,Hunt Cup Next Meeting Saturday 2nd May Handicap,28/1,29.0,stable,33/1,28/1,25/1,28/1,29.0,0.034482758620689655,0.05116852137931034,1.48388712,0.013248992142857142,True,False,0,0.05116852137931034
Stormy Pearl,Rhys Elliott,54.0,6,134,27686-,0.06257858,15/1,0.10950859,8/1,0.12710734,7/1,Thirsk,17:40,2026-04-18,6,6.0,Hunt Cup Next Meeting Saturday 2nd May Handicap,16/1,17.0,shortening,18/1,16/1,12/1,,17.0,0.058823529411764705,0.0037550505882352897,0.06383585999999997,0.0009974353124999995,False,False,1,0.02375505058823529
What What What,Joanna Mason,53.0,4,133,-44391,0.07920473,23/2,0.1375498,13/2,0.1594292,11/2,Thirsk,17:40,2026-04-18,6,6.0,Hunt Cup Next Meeting Saturday 2nd May Handicap,20/1,21.0,shortening,18/1,16/1,18/1,16/1,21.0,0.047619047619047616,0.031585682380952385,0.6632993300000001,0.008291241625000001,True,False,1,0.05158568238095239
Siviez,Owen Lewis,53.0,4,133,03-906,0.066482894,14/1,0.11613323,15/2,0.13475211,13/2,Thirsk,17:40,2026-04-18,6,6.0,Hunt Cup Next Meeting Saturday 2nd May Handicap,14/1,15.0,stable,12/1,14/1,12/1,14/1,15.0,0.06666666666666667,-0.00018377266666666503,-0.0027565899999999477,0.0,False,False,0,-0.00018377266666666503
Langholm,Connor Beasley,50.0,10,130,15550-,0.0707069,13/1,0.123272836,7/1,0.14298506,6/1,Thirsk,17:40,2026-04-18,6,6.0,Hunt Cup Next Meeting Saturday 2nd May Handicap,16/1,17.0,drifting,18/1,20/1,16/1,18/1,17.0,0.058823529411764705,0.011883370588235298,0.20201730000000007,0.003156520312500001,True,False,-1,-0.008116629411764702
Run This Way,David Nolan,49.0,8,129,85508-,0.055286758,17/1,0.09707086,19/2,0.1127399,8/1,Thirsk,17:40,2026-04-18,6,6.0,Hunt Cup Next Meeting Saturday 2nd May Handicap,8/1,9.0,drifting,17/2,9/1,17/2,9/1,9.0,0.1111111111111111,-0.05582435311111111,-0.502419178,0.0,False,False,-1,-0.0758243531111111
Mister McGregor,Faye McManoman,49.0,4,129,48-529,0.058393,16/1,0.102379605,9/1,0.11887458,15/2,Thirsk,17:40,2026-04-18,6,6.0,Hunt Cup Next Meeting Saturday 2nd May Handicap,33/1,34.0,shortening,28/1,25/1,22/1,25/1,34.0,0.029411764705882353,0.028981235294117648,0.9853620000000001,0.007464863636363637,True,False,1,0.048981235294117645
Doon The Glen,Paul Mulrennan,48.0,6,128,41-082,0.059699874,16/1,0.10460851,17/2,0.121449254,7/1,Thirsk,17:40,2026-04-18,6,6.0,Hunt Cup Next Meeting Saturday 2nd May Handicap,12/1,13.0,shortening,11/1,10/1,8/1,,13.0,0.07692307692307693,-0.017223202923076927,-0.22390163799999996,0.0,False,False,1,0.002776797076923073
Wee Mary,Lauren Young,48.0,4,128,441877,0.06604165,14/1,0.11538577,15/2,0.13388982,13/2,Thirsk,17:40,2026-04-18,6,6.0,Hunt Cup Next Meeting Saturday 2nd May Handicap,14/1,15.0,shortening,12/1,,,,15.0,0.06666666666666667,-0.0006250166666666723,-0.009375250000000057,0.0,False,False,1,0.019374983333333328
Tommytwohoots,P J McDonald,48.0,8,128,096224,0.06595187,14/1,0.115233645,15/2,0.13371432,13/2,Thirsk,17:40,2026-04-18,6,6.0,Hunt Cup Next Meeting Saturday 2nd May Handicap,6/1,7.0,drifting,11/2,6/1,13/2,7/1,7.0,0.14285714285714285,-0.07690527285714285,-0.5383369100000001,0.0,False,False,-1,-0.09690527285714286
Canaria Sun,David Allan,47.0,4,127,06530-,0.052484434,18/1,0.09226829,10/1,0.107187234,17/2,Thirsk,17:40,2026-04-18,6,6.0,Hunt Cup Next Meeting Saturday 2nd May Handicap,10/1,11.0,drifting,11/1,12/1,11/1,12/1,11.0,0.09090909090909091,-0.03842465690909091,-0.42267122599999996,0.0,False,False,-1,-0.058424656909090905
Eldeyaar,Harry Russell,46.0,7,126,457480,0.058292806,16/1,0.102208614,9/1,0.11867704,15/2,Thirsk,17:40,2026-04-18,6,6.0,Hunt Cup Next Meeting Saturday 2nd May Handicap,30/1,31.0,shortening,28/1,22/1,20/1,16/1,31.0,0.03225806451612903,0.02603474148387097,0.807076986,0.00672564155,True,False,1,0.046034741483870975
Alsakib,Theo Gillard,118.0,6,164,241,0.1277864,7/1,0.21695203,7/2,0.25038913,3/1,Bangor-on-Dee,13:17,2026-04-18,4,16.5,Broxton Gates Novices' Hurdle (GBB Race),7/2,4.5,shortening,10/3,7/2,10/3,3/1,4.5,0.2222222222222222,-0.09443582222222222,-0.42496120000000004,0.0,False,False,1,-0.07443582222222221
Knock Off Soxs,Callum Pritchard,114.0,5,164,21234,0.15740506,11/2,0.26350802,3/1,0.30329663,5/2,Bangor-on-Dee,13:17,2026-04-18,4,16.5,Broxton Gates Novices' Hurdle (GBB Race),7/2,4.5,stable,4/1,7/2,4/1,7/2,4.5,0.2222222222222222,-0.0648171622222222,-0.2916772299999999,0.0,False,False,0,-0.0648171622222222
LHybris Is Born,Jack Andrews,,5,157,,0.11731076,15/2,0.20014992,4/1,0.23121461,7/2,Bangor-on-Dee,13:17,2026-04-18,4,16.5,Broxton Gates Novices' Hurdle (GBB Race),40/1,41.0,stable,35/1,40/1,33/1,40/1,41.0,0.024390243902439025,0.09292051609756097,3.8097411599999997,0.02381088225,True,False,0,0.09292051609756097
Laristote,Charlie Maggs,,5,157,374,0.12702286,7/1,0.21573332,7/2,0.24899974,3/1,Bangor-on-Dee,13:17,2026-04-18,4,16.5,Broxton Gates Novices' Hurdle (GBB Race),18/1,19.0,drifting,20/1,18/1,25/1,22/1,19.0,0.05263157894736842,0.07439128105263157,1.4134343399999998,0.019631032499999996,True,False,-1,0.054391281052631565
Phantom Gold,Ian Power,,8,157,1/5,0.11489197,15/2,0.19624542,4/1,0.22675297,7/2,Bangor-on-Dee,13:17,2026-04-18,4,16.5,Broxton Gates Novices' Hurdle (GBB Race),125/1,126.0,shortening,110/1,100/1,125/1,100/1,126.0,0.007936507936507936,0.10695546206349206,13.476388219999999,0.026952776439999996,True,False,1,0.12695546206349206
Saxon Cross,Lee Edwards,,6,157,5250,0.11331524,8/1,0.19369516,4/1,0.22383763,7/2,Bangor-on-Dee,13:17,2026-04-18,4,16.5,Broxton Gates Novices' Hurdle (GBB Race),100/1,101.0,shortening,125/1,100/1,80/1,66/1,101.0,0.009900990099009901,0.1034142499009901,10.44483924,0.0261120981,True,False,1,0.1234142499009901
Static Charm,Joshua Thompson,,5,157,343,0.11731076,15/2,0.20014992,4/1,0.23121461,7/2,Bangor-on-Dee,13:17,2026-04-18,4,16.5,Broxton Gates Novices' Hurdle (GBB Race),33/1,34.0,shortening,40/1,33/1,28/1,25/1,34.0,0.029411764705882353,0.08789899529411765,2.98856584,0.022640650303030304,True,False,1,0.10789899529411766
Senator,Gavin Sheehan,111.0,4,156,321,0.13125831,13/2,0.22248197,7/2,0.25669083,3/1,Bangor-on-Dee,13:17,2026-04-18,4,16.5,Broxton Gates Novices' Hurdle (GBB Race),Evs,2.0,stable,10/11,Evs,11/10,10/11,2.0,0.5,-0.36874169,-0.73748338,0.0,False,False,0,-0.36874169
Cappa Lass,Toby Wynne,,5,150,6,0.11731076,15/2,0.20014992,4/1,0.23121461,7/2,Bangor-on-Dee,13:17,2026-04-18,4,16.5,Broxton Gates Novices' Hurdle (GBB Race),300/1,301.0,shortening,150/1,125/1,100/1,125/1,301.0,0.0033222591362126247,0.11398850086378738,34.31053876,0.028592115633333335,True,False,1,0.13398850086378739
Anxious Moments,Richie McLernon,,4,149,,0.11108414,8/1,0.1900797,9/2,0.21970305,7/2,Bangor-on-Dee,13:17,2026-04-18,4,16.5,Broxton Gates Novices' Hurdle (GBB Race),33/1,34.0,shortening,30/1,28/1,33/1,28/1,34.0,0.029411764705882353,0.08167237529411764,2.77686076,0.021036823939393937,True,False,1,0.10167237529411764
Chico Magnifica,Lewis Stones,,4,149,689,0.118518114,15/2,0.20209537,4/1,0.23343685,7/2,Bangor-on-Dee,13:17,2026-04-18,4,16.5,Broxton Gates Novices' Hurdle (GBB Race),150/1,151.0,shortening,125/1,150/1,125/1,100/1,151.0,0.006622516556291391,0.1118955974437086,16.896235214,0.028160392023333335,True,False,1,0.1318955974437086
Karthala,William Shanahan,,4,149,5,0.074255295,25/2,0.12924846,13/2,0.14987089,11/2,Bangor-on-Dee,13:17,2026-04-18,4,16.5,Broxton Gates Novices' Hurdle (GBB Race),200/1,201.0,shortening,150/1,125/1,100/1,125/1,201.0,0.004975124378109453,0.06928017062189054,13.925314295,0.01740664286875,True,False,1,0.08928017062189054
Tunisya,Kevin Brogan,,4,149,14,0.11108414,8/1,0.1900797,9/2,0.21970305,7/2,Bangor-on-Dee,13:17,2026-04-18,4,16.5,Broxton Gates Novices' Hurdle (GBB Race),22/1,23.0,shortening,20/1,22/1,20/1,18/1,23.0,0.043478260869565216,0.06760587913043478,1.55493522,0.017669718409090908,True,False,1,0.08760587913043479
Streamsforth Lad,Gavin Sheehan,97.0,8,168,3UUF22,0.07000539,27/2,0.122089095,7/1,0.14162049,6/1,Bangor-on-Dee,13:52,2026-04-18,5,24.0,Gieves & Hawkes Novices' Handicap Chase,5/2,3.5,drifting,11/4,3/1,5/2,11/4,3.5,0.2857142857142857,-0.2157088957142857,-0.754981135,0.0,False,False,-1,-0.2357088957142857
Atlanta Brave,Conor OFarrell,97.0,8,168,P-U853,0.11703127,15/2,0.19969922,4/1,0.2306997,7/2,Bangor-on-Dee,13:52,2026-04-18,5,24.0,Gieves & Hawkes Novices' Handicap Chase,14/1,15.0,shortening,12/1,10/1,9/1,10/1,15.0,0.06666666666666667,0.05036460333333334,0.7554690500000001,0.013490518750000001,True,False,1,0.07036460333333334
Subtle Fortune,Mr Darren Andrews,96.0,8,167,-44143,0.06980303,27/2,0.12174748,7/1,0.14122665,6/1,Bangor-on-Dee,13:52,2026-04-18,5,24.0,Gieves & Hawkes Novices' Handicap Chase,9/1,10.0,drifting,10/1,11/1,12/1,11/1,10.0,0.1,-0.030196970000000004,-0.3019697,0.0,False,False,-1,-0.05019697000000001
Siege Of Acres,Theo Gillard,98.0,5,167,76463F,0.0669579,14/1,0.11693753,15/2,0.1356799,13/2,Bangor-on-Dee,13:52,2026-04-18,5,24.0,Gieves & Hawkes Novices' Handicap Chase,25/1,26.0,shortening,22/1,20/1,22/1,14/1,26.0,0.038461538461538464,0.028496361538461537,0.7409053999999999,0.007409053999999999,True,False,1,0.04849636153846154
El Rojo Grande,Shane Quinlan,92.0,9,163,111221,0.14726384,6/1,0.2477256,3/1,0.28539878,5/2,Bangor-on-Dee,13:52,2026-04-18,5,24.0,Gieves & Hawkes Novices' Handicap Chase,9/1,10.0,shortening,10/1,9/1,17/2,8/1,10.0,0.1,0.04726384,0.4726384000000001,0.013128844444444447,True,False,1,0.06726384
Sandscape,Harry Bannister,92.0,6,163,423554,0.07031818,13/1,0.12261701,7/1,0.14222907,6/1,Bangor-on-Dee,13:52,2026-04-18,5,24.0,Gieves & Hawkes Novices' Handicap Chase,12/1,13.0,drifting,11/1,12/1,14/1,,13.0,0.07692307692307693,-0.006604896923076933,-0.08586366000000012,0.0,False,False,-1,-0.026604896923076934
Peckforton Hills,Toby Wynne,90.0,6,161,067322,0.064993374,29/2,0.11360876,8/1,0.13183953,13/2,Bangor-on-Dee,13:52,2026-04-18,5,24.0,Gieves & Hawkes Novices' Handicap Chase,6/1,7.0,stable,13/2,6/1,13/2,6/1,7.0,0.14285714285714285,-0.07786376885714284,-0.545046382,0.0,False,False,0,-0.07786376885714284
Black Occ,Callum Pritchard,87.0,7,158,5/PP32,0.062444832,15/1,0.10928121,8/1,0.12684485,7/1,Bangor-on-Dee,13:52,2026-04-18,5,24.0,Gieves & Hawkes Novices' Handicap Chase,7/1,8.0,drifting,15/2,8/1,7/1,15/2,8.0,0.125,-0.062555168,-0.500441344,0.0,False,False,-1,-0.082555168
Kapamazov,Lee Edwards,84.0,9,155,-72333,0.08849892,21/2,0.1530324,11/2,0.17723246,9/2,Bangor-on-Dee,13:52,2026-04-18,5,24.0,Gieves & Hawkes Novices' Handicap Chase,11/1,12.0,stable,12/1,11/1,12/1,11/1,12.0,0.08333333333333333,0.005165586666666666,0.06198703999999999,0.0014087963636363636,False,False,0,0.005165586666666666
Rockvale,Tom Bellamy,80.0,7,151,7069-8,0.121832915,7/1,0.20742464,4/1,0.23952153,3/1,Bangor-on-Dee,13:52,2026-04-18,5,24.0,Gieves & Hawkes Novices' Handicap Chase,18/1,19.0,shortening,16/1,14/1,16/1,14/1,19.0,0.05263157894736842,0.06920133605263158,1.3148253849999998,0.01826146368055555,True,False,1,0.08920133605263159
Shuile Warrior,Murray Dodd,78.0,8,149,3P/95,0.06402782,29/2,0.11197043,8/1,0.12994891,13/2,Bangor-on-Dee,13:52,2026-04-18,5,24.0,Gieves & Hawkes Novices' Handicap Chase,40/1,41.0,shortening,50/1,40/1,50/1,33/1,41.0,0.024390243902439025,0.039637576097560974,1.6251406199999998,0.010157128875,True,False,1,0.05963757609756097
Tory Hill,Jonathon Bewley,75.0,8,146,7-PP52,0.10324164,17/2,0.17730787,9/2,0.20508271,4/1,Bangor-on-Dee,13:52,2026-04-18,5,24.0,Gieves & Hawkes Novices' Handicap Chase,11/1,12.0,stable,12/1,11/1,10/1,11/1,12.0,0.08333333333333333,0.019908306666666667,0.23889967999999984,0.005429538181818178,True,False,0,0.019908306666666667
Harksman,James Best,75.0,6,146,-50666,0.06203719,15/1,0.108588055,8/1,0.12604463,7/1,Bangor-on-Dee,13:52,2026-04-18,5,24.0,Gieves & Hawkes Novices' Handicap Chase,40/1,41.0,shortening,50/1,28/1,25/1,22/1,41.0,0.024390243902439025,0.037646946097560974,1.5435247899999998,0.0096470299375,True,False,1,0.05764694609756098
Huckleberry Sting,Jack Andrews,74.0,7,145,90F/77,0.1031511,17/2,0.17715986,9/2,0.20491315,4/1,Bangor-on-Dee,13:52,2026-04-18,5,24.0,Gieves & Hawkes Novices' Handicap Chase,11/1,12.0,shortening,10/1,9/1,10/1,9/1,12.0,0.08333333333333333,0.019817766666666667,0.23781319999999995,0.0054048454545454535,True,False,1,0.03981776666666667
Reckless Spending,Nico de Boinville,134.0,6,164,33717,0.3001836,5/2,0.46824232,1/1,0.53126436,1/1,Bangor-on-Dee,14:27,2026-04-18,3,23.0,Bangor-On-Dee Novices' Hurdle (GBB Race),6/4,2.5,stable,13/8,6/4,13/8,6/4,2.5,0.4,-0.09981640000000003,-0.249541,0.0,False,False,0,-0.09981640000000003
Park Princess,Gavin Sheehan,132.0,6,161,12171P,0.26136354,3/1,0.41580564,3/2,0.47372144,1/1,Bangor-on-Dee,14:27,2026-04-18,3,23.0,Bangor-On-Dee Novices' Hurdle (GBB Race),Evs,2.0,stable,10/11,Evs,10/11,Evs,2.0,0.5,-0.23863646,-0.47727292,0.0,False,False,0,-0.23863646
Johnny Moonshine,Theo Gillard,,5,158,446,0.23380828,7/2,0.37712187,3/2,0.43086445,3/2,Bangor-on-Dee,14:27,2026-04-18,3,23.0,Bangor-On-Dee Novices' Hurdle (GBB Race),22/1,23.0,shortening,25/1,22/1,20/1,18/1,23.0,0.043478260869565216,0.1903300191304348,4.3775904400000005,0.04974534590909092,True,True,1,0.21033001913043478
Patricks Wells,Oscar Palmer,,7,158,0/3,0.24075328,3/1,0.3869862,3/2,0.44182354,3/2,Bangor-on-Dee,14:27,2026-04-18,3,23.0,Bangor-On-Dee Novices' Hurdle (GBB Race),33/1,34.0,stable,28/1,33/1,28/1,33/1,34.0,0.029411764705882353,0.21134151529411763,7.18561152,0.05443645090909091,True,True,0,0.21134151529411763
Pottersville,Paul OBrien,123.0,7,157,1-0148,0.21144769,7/2,0.34483773,2/1,0.394859,3/2,Bangor-on-Dee,14:27,2026-04-18,3,23.0,Bangor-On-Dee Novices' Hurdle (GBB Race),11/1,12.0,shortening,10/1,11/1,10/1,9/1,12.0,0.08333333333333333,0.12811435666666665,1.53737228,0.03494027909090909,True,False,1,0.14811435666666664
Sutherland,Jack Andrews,111.0,6,169,-52035,0.121281385,7/1,0.20653915,4/1,0.23851082,3/1,Bangor-on-Dee,15:02,2026-04-18,4,19.5,Keegans Independent Drinks Suppliers Handicap Hurdle (Div I),,,no_data,,,,,,,,,,False,False,0,
They Want Me,Theo Gillard,109.0,6,167,4-2135,0.19047625,4/1,0.31383228,2/1,0.3600908,2/1,Bangor-on-Dee,15:02,2026-04-18,4,19.5,Keegans Independent Drinks Suppliers Handicap Hurdle (Div I),,,no_data,,,,,,,,,,False,False,0,
Locquirec,Toby Wynne,109.0,5,167,-4366F,0.109081306,8/1,0.18682736,9/2,0.21598214,7/2,Bangor-on-Dee,15:02,2026-04-18,4,19.5,Keegans Independent Drinks Suppliers Handicap Hurdle (Div I),,,no_data,,,,,,,,,,False,False,0,
Shengai Enki,James Best,109.0,7,167,224-7P,0.17715448,9/2,0.2937711,5/2,0.33750233,2/1,Bangor-on-Dee,15:02,2026-04-18,4,19.5,Keegans Independent Drinks Suppliers Handicap Hurdle (Div I),,,no_data,,,,,,,,,,False,False,0,
Lejo Du Seuil,Liam Harrison,107.0,5,165,2952,0.12808567,7/1,0.21742946,7/2,0.25093338,3/1,Bangor-on-Dee,15:02,2026-04-18,4,19.5,Keegans Independent Drinks Suppliers Handicap Hurdle (Div I),,,no_data,,,,,,,,,,False,False,0,
Killycarn,Oscar Palmer,105.0,6,163,381642,0.16945092,5/1,0.28204077,5/2,0.32426196,2/1,Bangor-on-Dee,15:02,2026-04-18,4,19.5,Keegans Independent Drinks Suppliers Handicap Hurdle (Div I),,,no_data,,,,,,,,,,False,False,0,
Ive Madeupmymind,Callum Pritchard,102.0,6,160,2-F8P6,0.1063118,17/2,0.18231949,9/2,0.21082237,7/2,Bangor-on-Dee,15:02,2026-04-18,4,19.5,Keegans Independent Drinks Suppliers Handicap Hurdle (Div I),,,no_data,,,,,,,,,,False,False,0,
Vinnie ONeil,Tom Bellamy,95.0,6,153,P/P489,0.10804917,17/2,0.1851488,9/2,0.21406117,7/2,Bangor-on-Dee,15:02,2026-04-18,4,19.5,Keegans Independent Drinks Suppliers Handicap Hurdle (Div I),,,no_data,,,,,,,,,,False,False,0,
Crack Ops,Charlie Todd,102.0,4,150,21632,0.15759036,11/2,0.26379487,3/1,0.30362156,5/2,Bangor-on-Dee,15:02,2026-04-18,4,19.5,Keegans Independent Drinks Suppliers Handicap Hurdle (Div I),,,no_data,,,,,,,,,,False,False,0,
Las Canals,Toby McCain-Mitchell,110.0,5,168,13-91,0.17564201,9/2,0.29147553,5/2,0.3349131,2/1,Bangor-on-Dee,15:40,2026-04-18,4,19.5,Keegans Independent Drinks Suppliers Handicap Hurdle (Div II),,,no_data,,,,,,,,,,False,False,0,
Eremenko,Nico de Boinville,107.0,5,165,19421,0.14870745,11/2,0.2499823,3/1,0.28796035,5/2,Bangor-on-Dee,15:40,2026-04-18,4,19.5,Keegans Independent Drinks Suppliers Handicap Hurdle (Div II),,,no_data,,,,,,,,,,False,False,0,
Titanium Ring,Tom Bellamy,105.0,5,163,2F562,0.11135581,8/1,0.19052038,4/1,0.22020708,7/2,Bangor-on-Dee,15:40,2026-04-18,4,19.5,Keegans Independent Drinks Suppliers Handicap Hurdle (Div II),,,no_data,,,,,,,,,,False,False,0,
I C U In My Dreams,Theo Gillard,104.0,6,162,2421,0.1500115,11/2,0.25201792,3/1,0.29027033,5/2,Bangor-on-Dee,15:40,2026-04-18,4,19.5,Keegans Independent Drinks Suppliers Handicap Hurdle (Div II),,,no_data,,,,,,,,,,False,False,0,
Tramuntana,Lewis Saunders,102.0,7,160,13-24P,0.1494923,11/2,0.25120777,3/1,0.28935108,5/2,Bangor-on-Dee,15:40,2026-04-18,4,19.5,Keegans Independent Drinks Suppliers Handicap Hurdle (Div II),,,no_data,,,,,,,,,,False,False,0,
Diamond Jim,Charlie Todd,110.0,4,158,2714U,0.17984343,9/2,0.29784325,5/2,0.34209317,2/1,Bangor-on-Dee,15:40,2026-04-18,4,19.5,Keegans Independent Drinks Suppliers Handicap Hurdle (Div II),,,no_data,,,,,,,,,,False,False,0,
Good Boy Griff,Joe Anderson,96.0,5,154,679554,0.16795284,5/1,0.2797486,5/2,0.321672,2/1,Bangor-on-Dee,15:40,2026-04-18,4,19.5,Keegans Independent Drinks Suppliers Handicap Hurdle (Div II),,,no_data,,,,,,,,,,False,False,0,
Gimarias,Murray Dodd,95.0,6,153,85-F75,0.16003977,5/1,0.2675814,5/2,0.30790952,2/1,Bangor-on-Dee,15:40,2026-04-18,4,19.5,Keegans Independent Drinks Suppliers Handicap Hurdle (Div II),,,no_data,,,,,,,,,,False,False,0,
Hang On,Oscar Palmer,92.0,7,150,7676/4,0.17782043,9/2,0.29478067,5/2,0.33864078,2/1,Bangor-on-Dee,15:40,2026-04-18,4,19.5,Keegans Independent Drinks Suppliers Handicap Hurdle (Div II),,,no_data,,,,,,,,,,False,False,0,
Presentandcounting,Theo Gillard,121.0,12,169,331335,0.23738493,3/1,0.3822116,3/2,0.4365216,3/2,Bangor-on-Dee,16:10,2026-04-18,4,20.5,Broxton Gates Handicap Chase (GBB Race),16/1,17.0,shortening,14/1,16/1,14/1,10/1,17.0,0.058823529411764705,0.17856140058823528,3.03554381,0.04743037203125,True,True,1,0.19856140058823527
Doyouknowwhatimean,Benjamin Macey,117.0,9,165,3P2PP4,0.20665966,4/1,0.33782083,2/1,0.38700625,3/2,Bangor-on-Dee,16:10,2026-04-18,4,20.5,Broxton Gates Handicap Chase (GBB Race),13/2,7.5,stable,6/1,13/2,6/1,13/2,7.5,0.13333333333333333,0.07332632666666666,0.5499474499999999,0.021151824999999996,True,False,0,0.07332632666666666
My Noble Lord,Toby Wynne,117.0,5,165,-24156,0.20990628,4/1,0.3425828,2/1,0.3923365,3/2,Bangor-on-Dee,16:10,2026-04-18,4,20.5,Broxton Gates Handicap Chase (GBB Race),5/1,6.0,drifting,9/2,5/1,9/2,11/2,6.0,0.16666666666666666,0.04323961333333334,0.25943768,0.012971884,True,False,-1,0.023239613333333343
Admiral Stewart,Gavin Sheehan,116.0,7,164,-1P434,0.20685665,4/1,0.33811024,2/1,0.38733032,3/2,Bangor-on-Dee,16:10,2026-04-18,4,20.5,Broxton Gates Handicap Chase (GBB Race),7/2,4.5,stable,10/3,3/1,7/2,10/3,4.5,0.2222222222222222,-0.015365572222222207,-0.069145075,0.0,False,False,0,-0.015365572222222207
Jorebel,Bryan Carver,115.0,7,163,211545,0.15019645,11/2,0.25230643,3/1,0.29059768,5/2,Bangor-on-Dee,16:10,2026-04-18,4,20.5,Broxton Gates Handicap Chase (GBB Race),15/2,8.5,drifting,8/1,15/2,8/1,17/2,8.5,0.11764705882352941,0.0325493911764706,0.27666982500000015,0.009222327500000006,True,False,-1,0.012549391176470599
Duel Au Soleil,Callum Pritchard,113.0,6,161,221328,0.2059929,4/1,0.33684075,2/1,0.3859087,3/2,Bangor-on-Dee,16:10,2026-04-18,4,20.5,Broxton Gates Handicap Chase (GBB Race),2/1,3.0,drifting,9/4,5/2,11/4,3/1,3.0,0.3333333333333333,-0.1273404333333333,-0.3820213,0.0,False,False,-1,-0.1473404333333333
Carrigeen Castle,Brendan Powell,106.0,10,154,-7F482,0.15036929,11/2,0.252576,3/1,0.2909035,5/2,Bangor-on-Dee,16:10,2026-04-18,4,20.5,Broxton Gates Handicap Chase (GBB Race),,,drifting,6/1,11/2,6/1,13/2,,,,,,False,False,-1,
Lady Jago,Charlie Maggs,103.0,7,151,338078,0.1342777,13/2,0.22727546,7/2,0.26214963,3/1,Bangor-on-Dee,16:10,2026-04-18,4,20.5,Broxton Gates Handicap Chase (GBB Race),14/1,15.0,stable,16/1,14/1,16/1,14/1,15.0,0.06666666666666667,0.06761103333333333,1.0141654999999998,0.018110098214285712,True,False,0,0.06761103333333333
Hillview,Benjamin Macey,115.0,10,168,98P/4P,0.119513124,15/2,0.2036969,4/1,0.23526582,7/2,Bangor-on-Dee,16:42,2026-04-18,4,23.0,Overton Handicap Hurdle,40/1,41.0,stable,50/1,66/1,40/1,,41.0,0.024390243902439025,0.09512288009756098,3.900038084,0.024375238025000003,True,False,0,0.09512288009756098
Tiger Orchid,Charlie Hammond,114.0,11,167,2F4422,0.1923824,4/1,0.31667954,2/1,0.36329097,2/1,Bangor-on-Dee,16:42,2026-04-18,4,23.0,Overton Handicap Hurdle,7/2,4.5,drifting,4/1,7/2,4/1,9/2,4.5,0.2222222222222222,-0.0298398222222222,-0.13427919999999993,0.0,False,False,-1,-0.049839822222222205
Dwight K Schrute,Gavin Sheehan,114.0,7,167,3F4322,0.19154589,4/1,0.31543073,2/1,0.36188754,2/1,Bangor-on-Dee,16:42,2026-04-18,4,23.0,Overton Handicap Hurdle,15/4,4.75,shortening,9/2,4/1,7/2,10/3,4.75,0.21052631578947367,-0.018980425789473676,-0.09015702250000002,0.0,False,False,1,0.0010195742105263243
Our Dylan,Rian Corcoran,113.0,10,166,013191,0.17156799,5/1,0.2852739,5/2,0.32791364,2/1,Bangor-on-Dee,16:42,2026-04-18,4,23.0,Overton Handicap Hurdle,11/2,6.5,drifting,5/1,11/2,6/1,13/2,6.5,0.15384615384615385,0.01772183615384615,0.11519193499999991,0.005235997045454541,True,False,-1,-0.0022781638461538516
Carismatic Soldier,Kevin Brogan,109.0,7,162,3-3595,0.1188508,15/2,0.20263103,4/1,0.2340486,7/2,Bangor-on-Dee,16:42,2026-04-18,4,23.0,Overton Handicap Hurdle,15/2,8.5,stable,7/1,15/2,8/1,15/2,8.5,0.11764705882352941,0.0012037411764705963,0.010231800000000124,0.00034106000000000414,False,False,0,0.0012037411764705963
Speed Davis,Theo Gillard,108.0,8,161,P-5561,0.16801749,5/1,0.2798476,5/2,0.32178387,2/1,Bangor-on-Dee,16:42,2026-04-18,4,23.0,Overton Handicap Hurdle,13/2,7.5,shortening,6/1,11/2,4/1,7/2,7.5,0.13333333333333333,0.03468415666666666,0.26013117499999994,0.01000504519230769,True,False,1,0.054684156666666664
Kintail,Toby McCain-Mitchell,107.0,7,160,5P-5P3,0.12543577,7/1,0.21319708,7/2,0.24610758,3/1,Bangor-on-Dee,16:42,2026-04-18,4,23.0,Overton Handicap Hurdle,4/1,5.0,drifting,9/2,4/1,9/2,5/1,5.0,0.2,-0.07456423000000001,-0.37282115000000005,0.0,False,False,-1,-0.09456423000000001
Golden Glance,Toby Wynne,103.0,7,156,245/77,0.1379262,13/2,0.23304826,7/2,0.26871902,5/2,Bangor-on-Dee,16:42,2026-04-18,4,23.0,Overton Handicap Hurdle,16/1,17.0,stable,18/1,16/1,20/1,16/1,17.0,0.058823529411764705,0.0791026705882353,1.3447453999999999,0.021011646874999998,True,False,0,0.0791026705882353
Robert dOres,Jonathon Bewley,92.0,9,145,142146,0.17989567,9/2,0.29792225,5/2,0.34218222,2/1,Bangor-on-Dee,16:42,2026-04-18,4,23.0,Overton Handicap Hurdle,33/1,34.0,shortening,28/1,25/1,18/1,,34.0,0.029411764705882353,0.15048390529411765,5.11645278,0.038761005909090915,True,True,1,0.17048390529411764
Affinitive,Brendan Powell,,4,154,5,0.120850034,15/2,0.20584628,4/1,0.23771986,3/1,Bangor-on-Dee,17:17,2026-04-18,4,16.5,"Family Funday On 16th May ""Junior"" National Hunt Flat Race (Category 1 Elimination) (GBB Race)",16/1,17.0,shortening,14/1,16/1,14/1,12/1,17.0,0.058823529411764705,0.06202650458823529,1.054450578,0.01647579028125,True,False,1,0.0820265045882353
Berkshire Woody,Paul OBrien,,4,154,305,0.120850034,15/2,0.20584628,4/1,0.23771986,3/1,Bangor-on-Dee,17:17,2026-04-18,4,16.5,"Family Funday On 16th May ""Junior"" National Hunt Flat Race (Category 1 Elimination) (GBB Race)",12/1,13.0,stable,14/1,16/1,14/1,12/1,13.0,0.07692307692307693,0.04392695707692307,0.571050442,0.011896884208333333,True,False,0,0.04392695707692307
Crystal Anthem,Harry Bannister,,4,154,,0.120850034,15/2,0.20584628,4/1,0.23771986,3/1,Bangor-on-Dee,17:17,2026-04-18,4,16.5,"Family Funday On 16th May ""Junior"" National Hunt Flat Race (Category 1 Elimination) (GBB Race)",16/1,17.0,stable,20/1,16/1,22/1,16/1,17.0,0.058823529411764705,0.06202650458823529,1.054450578,0.01647579028125,True,False,0,0.06202650458823529
Emral Bridge,Charlie Todd,,4,154,,0.120850034,15/2,0.20584628,4/1,0.23771986,3/1,Bangor-on-Dee,17:17,2026-04-18,4,16.5,"Family Funday On 16th May ""Junior"" National Hunt Flat Race (Category 1 Elimination) (GBB Race)",20/1,21.0,shortening,18/1,20/1,16/1,14/1,21.0,0.047619047619047616,0.07323098638095238,1.5378507139999997,0.019223133924999997,True,False,1,0.09323098638095238
Jetzet,Tom Bellamy,,4,154,3,0.120850034,15/2,0.20584628,4/1,0.23771986,3/1,Bangor-on-Dee,17:17,2026-04-18,4,16.5,"Family Funday On 16th May ""Junior"" National Hunt Flat Race (Category 1 Elimination) (GBB Race)",15/2,8.5,shortening,8/1,13/2,6/1,11/2,8.5,0.11764705882352941,0.003202975176470585,0.027225288999999986,0.0009075096333333329,False,False,1,0.023202975176470585
Littlebobbydazzler,Charlie Deutsch,,4,154,3,0.120850034,15/2,0.20584628,4/1,0.23771986,3/1,Bangor-on-Dee,17:17,2026-04-18,4,16.5,"Family Funday On 16th May ""Junior"" National Hunt Flat Race (Category 1 Elimination) (GBB Race)",6/1,7.0,drifting,13/2,6/1,13/2,15/2,7.0,0.14285714285714285,-0.022007108857142854,-0.1540497620000001,0.0,False,False,-1,-0.04200710885714286
Longlands,Nico de Boinville,,4,154,,0.120850034,15/2,0.20584628,4/1,0.23771986,3/1,Bangor-on-Dee,17:17,2026-04-18,4,16.5,"Family Funday On 16th May ""Junior"" National Hunt Flat Race (Category 1 Elimination) (GBB Race)",7/4,2.75,drifting,15/8,7/4,13/8,2/1,2.75,0.36363636363636365,-0.24278632963636365,-0.6676624065000001,0.0,False,False,-1,-0.26278632963636367
Mighty Rhythm,Ned Fox,,4,154,,0.120850034,15/2,0.20584628,4/1,0.23771986,3/1,Bangor-on-Dee,17:17,2026-04-18,4,16.5,"Family Funday On 16th May ""Junior"" National Hunt Flat Race (Category 1 Elimination) (GBB Race)",10/1,11.0,stable,9/1,10/1,9/1,10/1,11.0,0.09090909090909091,0.029940943090909083,0.3293503739999999,0.008233759349999998,True,False,0,0.029940943090909083
Pluto Star,Benjamin Macey,,4,154,8,0.120850034,15/2,0.20584628,4/1,0.23771986,3/1,Bangor-on-Dee,17:17,2026-04-18,4,16.5,"Family Funday On 16th May ""Junior"" National Hunt Flat Race (Category 1 Elimination) (GBB Race)",66/1,67.0,stable,80/1,66/1,80/1,66/1,67.0,0.014925373134328358,0.10592466086567164,7.096952278,0.02688239499242424,True,False,0,0.10592466086567164
Tide Is Turning,Richie McLernon,,4,154,3,0.120850034,15/2,0.20584628,4/1,0.23771986,3/1,Bangor-on-Dee,17:17,2026-04-18,4,16.5,"Family Funday On 16th May ""Junior"" National Hunt Flat Race (Category 1 Elimination) (GBB Race)",,,drifting,11/2,6/1,13/2,7/1,,,,,,False,False,-1,
Upweitjack,Toby Wynne,,4,154,,0.120850034,15/2,0.20584628,4/1,0.23771986,3/1,Bangor-on-Dee,17:17,2026-04-18,4,16.5,"Family Funday On 16th May ""Junior"" National Hunt Flat Race (Category 1 Elimination) (GBB Race)",28/1,29.0,shortening,30/1,33/1,25/1,22/1,29.0,0.034482758620689655,0.08636727537931034,2.5046509859999997,0.022362955232142854,True,False,1,0.10636727537931034
Enya,Gavin Sheehan,,4,147,234,0.120850034,15/2,0.20584628,4/1,0.23771986,3/1,Bangor-on-Dee,17:17,2026-04-18,4,16.5,"Family Funday On 16th May ""Junior"" National Hunt Flat Race (Category 1 Elimination) (GBB Race)",5/1,6.0,stable,9/2,5/1,9/2,5/1,6.0,0.16666666666666666,-0.04581663266666666,-0.27489979600000003,0.0,False,False,0,-0.04581663266666666
Botagoz,Ray Dawson,,3,135,1-,0.16713674,5/1,0.27849838,5/2,0.320259,2/1,Nottingham,16:05,2026-04-18,4,8.5,British Stallion Studs EBF Fillies' Novice Stakes (GBB Race),3/1,4.0,drifting,10/3,3/1,10/3,7/2,4.0,0.25,-0.08286326,-0.33145304,0.0,False,False,-1,-0.10286326
Deedaydiva,Luke Catton,,3,135,31-,0.2357565,3/1,0.3798968,3/2,0.4339494,3/2,Nottingham,16:05,2026-04-18,4,8.5,British Stallion Studs EBF Fillies' Novice Stakes (GBB Race),3/1,4.0,stable,11/4,3/1,11/4,3/1,4.0,0.25,-0.014243499999999992,-0.05697399999999997,0.0,False,False,0,-0.014243499999999992
Brighlee,Marco Ghiani,78.0,3,128,2624-,0.118319355,15/2,0.20177527,4/1,0.23307124,7/2,Nottingham,16:05,2026-04-18,4,8.5,British Stallion Studs EBF Fillies' Novice Stakes (GBB Race),12/1,13.0,shortening,14/1,12/1,10/1,9/1,13.0,0.07692307692307693,0.041396278076923074,0.5381516150000001,0.011211491979166668,True,False,1,0.06139627807692308
Concealed Passion,Hector Crouch,,3,128,,0.10897631,8/1,0.18665668,9/2,0.21578683,7/2,Nottingham,16:05,2026-04-18,4,8.5,British Stallion Studs EBF Fillies' Novice Stakes (GBB Race),13/2,7.5,stable,6/1,13/2,6/1,13/2,7.5,0.13333333333333333,-0.024357023333333325,-0.18267767499999998,0.0,False,False,0,-0.024357023333333325
Cortado Girl,Tyler Heard,,3,128,9-,0.13955633,6/1,0.23562062,3/1,0.2716447,5/2,Nottingham,16:05,2026-04-18,4,8.5,British Stallion Studs EBF Fillies' Novice Stakes (GBB Race),125/1,126.0,stable,100/1,125/1,100/1,125/1,126.0,0.007936507936507936,0.13161982206349207,16.58409758,0.033168195160000004,True,False,0,0.13161982206349207
Echo Valley,William Carver,,3,128,77,0.14689332,6/1,0.24714586,3/1,0.28474057,5/2,Nottingham,16:05,2026-04-18,4,8.5,British Stallion Studs EBF Fillies' Novice Stakes (GBB Race),125/1,126.0,shortening,100/1,125/1,100/1,80/1,126.0,0.007936507936507936,0.13895681206349206,17.50855832,0.03501711664,True,False,1,0.15895681206349205
Eskimo Pie,Silvestre De Sousa,90.0,3,128,2378-3,0.1104569,8/1,0.18906184,9/2,0.21853869,7/2,Nottingham,16:05,2026-04-18,4,8.5,British Stallion Studs EBF Fillies' Novice Stakes (GBB Race),11/4,3.75,stable,5/2,11/4,5/2,11/4,3.75,0.26666666666666666,-0.15620976666666667,-0.585786625,0.0,False,False,0,-0.15620976666666667
Midnight Steppers,Robert Havlin,,3,128,,0.10897631,8/1,0.18665668,9/2,0.21578683,7/2,Nottingham,16:05,2026-04-18,4,8.5,British Stallion Studs EBF Fillies' Novice Stakes (GBB Race),33/1,34.0,shortening,30/1,28/1,25/1,22/1,34.0,0.029411764705882353,0.07956454529411766,2.7051945400000004,0.020493898030303034,True,False,1,0.09956454529411767
Palace Artois,Darragh Keenan,,3,128,7-5,0.16249005,5/1,0.27135968,5/2,0.3121858,2/1,Nottingham,16:05,2026-04-18,4,8.5,British Stallion Studs EBF Fillies' Novice Stakes (GBB Race),40/1,41.0,shortening,33/1,30/1,28/1,25/1,41.0,0.024390243902439025,0.13809980609756098,5.66209205,0.0353880753125,True,False,1,0.15809980609756097
Shadida,Harry Burns,,3,128,,0.10897631,8/1,0.18665668,9/2,0.21578683,7/2,Nottingham,16:05,2026-04-18,4,8.5,British Stallion Studs EBF Fillies' Novice Stakes (GBB Race),12/1,13.0,shortening,11/1,10/1,8/1,,13.0,0.07692307692307693,0.03205323307692308,0.4166920300000001,0.008681083958333335,True,False,1,0.05205323307692308
Tashi Delek,Ross Coakley,,3,128,02-,0.20458841,4/1,0.33477402,2/1,0.38359362,3/2,Nottingham,16:05,2026-04-18,4,8.5,British Stallion Studs EBF Fillies' Novice Stakes (GBB Race),30/1,31.0,shortening,28/1,22/1,18/1,16/1,31.0,0.03225806451612903,0.17233034548387097,5.34224071,0.04451867258333333,True,True,1,0.19233034548387096
Tiny Tiger,Jack Doughty,,3,128,89,0.10897631,8/1,0.18665668,9/2,0.21578683,7/2,Nottingham,16:05,2026-04-18,4,8.5,British Stallion Studs EBF Fillies' Novice Stakes (GBB Race),100/1,101.0,no_data,,,,,101.0,0.009900990099009901,0.09907531990099011,10.006607310000001,0.025016518275000003,True,False,0,0.09907531990099011
Withtearsinmyeyes,George Bass,,3,128,,0.10897631,8/1,0.18665668,9/2,0.21578683,7/2,Nottingham,16:05,2026-04-18,4,8.5,British Stallion Studs EBF Fillies' Novice Stakes (GBB Race),25/1,26.0,shortening,28/1,25/1,22/1,20/1,26.0,0.038461538461538464,0.07051477153846154,1.8333840600000002,0.0183338406,True,False,1,0.09051477153846155
Sweet Desire,Luke Catton,,4,139,,0.13964254,6/1,0.23575655,3/1,0.2717993,5/2,Nottingham,16:37,2026-04-18,4,6.0,Racing TV Maiden Fillies' Stakes (GBB Race),80/1,81.0,stable,66/1,80/1,66/1,80/1,81.0,0.012345679012345678,0.12729686098765433,10.31104574,0.0322220179375,True,False,0,0.12729686098765433
Always Perfect,Paddy Bradley,,3,128,4,0.13725014,13/2,0.23198017,7/2,0.26750395,5/2,Nottingham,16:37,2026-04-18,4,6.0,Racing TV Maiden Fillies' Stakes (GBB Race),8/1,9.0,shortening,15/2,7/1,15/2,7/1,9.0,0.1111111111111111,0.026139028888888888,0.23525125999999985,0.007351601874999995,True,False,1,0.04613902888888889
Bintaryana,Marco Ghiani,,3,128,5-,0.21654423,7/2,0.3522665,2/1,0.40316233,3/2,Nottingham,16:37,2026-04-18,4,6.0,Racing TV Maiden Fillies' Stakes (GBB Race),11/2,6.5,drifting,6/1,13/2,7/1,13/2,6.5,0.15384615384615385,0.06269807615384615,0.40753749500000014,0.018524431590909097,True,False,-1,0.042698076153846146
Egotistical,Ray Dawson,,3,128,3-2,0.21526214,7/2,0.35040164,2/1,0.40107894,3/2,Nottingham,16:37,2026-04-18,4,6.0,Racing TV Maiden Fillies' Stakes (GBB Race),3/1,4.0,stable,10/3,3/1,10/3,3/1,4.0,0.25,-0.03473786000000001,-0.13895144000000004,0.0,False,False,0,-0.03473786000000001
Elshie,Silvestre De Sousa,,3,128,,0.13725014,13/2,0.23198017,7/2,0.26750395,5/2,Nottingham,16:37,2026-04-18,4,6.0,Racing TV Maiden Fillies' Stakes (GBB Race),15/2,8.5,drifting,8/1,15/2,8/1,17/2,8.5,0.11764705882352941,0.019603081176470583,0.1666261899999999,0.00555420633333333,True,False,-1,-0.00039691882352941785
Frantic,George Downing,,3,128,24-,0.20848502,4/1,0.34050024,2/1,0.39000595,3/2,Nottingham,16:37,2026-04-18,4,6.0,Racing TV Maiden Fillies' Stakes (GBB Race),15/2,8.5,shortening,7/1,13/2,6/1,13/2,8.5,0.11764705882352941,0.09083796117647058,0.7721226699999999,0.02573742233333333,True,False,1,0.11083796117647059
Hen Party,Robert Havlin,72.0,3,128,63222-,0.105140455,17/2,0.18040921,9/2,0.20863499,4/1,Nottingham,16:37,2026-04-18,4,6.0,Racing TV Maiden Fillies' Stakes (GBB Race),9/2,5.5,stable,4/1,9/2,4/1,9/2,5.5,0.18181818181818182,-0.07667772681818183,-0.42172749750000005,0.0,False,False,0,-0.07667772681818183
Mehmas Engine,Hector Crouch,,3,128,33,0.13725014,13/2,0.23198017,7/2,0.26750395,5/2,Nottingham,16:37,2026-04-18,4,6.0,Racing TV Maiden Fillies' Stakes (GBB Race),9/2,5.5,shortening,4/1,7/2,3/1,,5.5,0.18181818181818182,-0.04456804181818183,-0.24512423000000005,0.0,False,False,1,-0.02456804181818183
Nzuri,George Bass,,3,128,0-,0.17838772,9/2,0.29564014,5/2,0.3396098,2/1,Nottingham,16:37,2026-04-18,4,6.0,Racing TV Maiden Fillies' Stakes (GBB Race),33/1,34.0,shortening,28/1,25/1,28/1,25/1,34.0,0.029411764705882353,0.14897595529411764,5.06518248,0.038372594545454546,True,False,1,0.16897595529411763
Unique Procedure,Dylan Hogan,,3,128,,0.13725014,13/2,0.23198017,7/2,0.26750395,5/2,Nottingham,16:37,2026-04-18,4,6.0,Racing TV Maiden Fillies' Stakes (GBB Race),80/1,81.0,shortening,66/1,80/1,66/1,,81.0,0.012345679012345678,0.12490446098765431,10.117261339999999,0.031616441687499997,True,False,1,0.1449044609876543
Hellcat,William Carver,60.0,3,135,3380-,0.06939812,27/2,0.12106374,15/2,0.14043835,6/1,Nottingham,17:12,2026-04-18,6,5.0,Burger King Flamin Champion Handicap,25/1,26.0,stable,28/1,25/1,28/1,25/1,26.0,0.038461538461538464,0.03093658153846153,0.8043511199999998,0.008043511199999997,True,False,0,0.03093658153846153
Staniel Cay,Rowan Scott,60.0,3,135,44-54,0.072335705,13/1,0.12601832,7/1,0.1461493,6/1,Nottingham,17:12,2026-04-18,6,5.0,Burger King Flamin Champion Handicap,13/2,7.5,stable,6/1,13/2,6/1,13/2,7.5,0.13333333333333333,-0.06099762833333333,-0.4574822125,0.0,False,False,0,-0.06099762833333333
Mereside Spark,William Pyle,60.0,3,135,452-6,0.06328832,15/1,0.11071465,8/1,0.12849952,7/1,Nottingham,17:12,2026-04-18,6,5.0,Burger King Flamin Champion Handicap,11/1,12.0,stable,12/1,11/1,12/1,11/1,12.0,0.08333333333333333,-0.020045013333333334,-0.24054016000000011,0.0,False,False,0,-0.020045013333333334
Rosieisme Darling,Luke Morris,59.0,3,134,422713,0.06698875,14/1,0.11698976,15/2,0.13574015,13/2,Nottingham,17:12,2026-04-18,6,5.0,Burger King Flamin Champion Handicap,11/1,12.0,stable,10/1,11/1,10/1,11/1,12.0,0.08333333333333333,-0.01634458333333333,-0.19613499999999995,0.0,False,False,0,-0.01634458333333333
Faithful Dream,Mason Paetel,58.0,3,133,242535,0.058494493,16/1,0.1025528,9/1,0.119074665,15/2,Nottingham,17:12,2026-04-18,6,5.0,Burger King Flamin Champion Handicap,17/2,9.5,shortening,8/1,15/2,8/1,15/2,9.5,0.10526315789473684,-0.046768664894736835,-0.44430231649999996,0.0,False,False,1,-0.026768664894736834
Seven Of Hearts,Hector Crouch,57.0,3,132,647,0.07998627,23/2,0.13885704,6/1,0.16093358,5/1,Nottingham,17:12,2026-04-18,6,5.0,Burger King Flamin Champion Handicap,13/2,7.5,drifting,7/1,8/1,7/1,8/1,7.5,0.13333333333333333,-0.05334706333333333,-0.400102975,0.0,False,False,-1,-0.07334706333333334
Our Hero Matty,Ben Robinson,57.0,3,132,06377-,0.057232022,33/2,0.10039724,9/1,0.1165842,15/2,Nottingham,17:12,2026-04-18,6,5.0,Burger King Flamin Champion Handicap,18/1,19.0,shortening,16/1,14/1,12/1,,19.0,0.05263157894736842,0.004600443052631582,0.0874084180000001,0.001214005805555557,False,False,1,0.024600443052631583
Im Dan Dare,Ryan Sexton,55.0,3,130,685-,0.08920675,10/1,0.15420587,11/2,0.17858055,9/2,Nottingham,17:12,2026-04-18,6,5.0,Burger King Flamin Champion Handicap,10/1,11.0,drifting,16/1,18/1,20/1,18/1,11.0,0.09090909090909091,-0.0017023409090909103,-0.018725749999999985,0.0,False,False,-1,-0.02170234090909091
Maid In Devon,Oliver Searle,53.0,3,128,056-4,0.07182846,13/1,0.12516376,7/1,0.1451645,6/1,Nottingham,17:12,2026-04-18,6,5.0,Burger King Flamin Champion Handicap,8/1,9.0,shortening,15/2,7/1,15/2,7/1,9.0,0.1111111111111111,-0.03928265111111111,-0.35354386000000004,0.0,False,False,1,-0.019282651111111108
Takincareofbizness,George Bass,52.0,3,127,376-,0.06333517,15/1,0.11079423,8/1,0.12859139,7/1,Nottingham,17:12,2026-04-18,6,5.0,Burger King Flamin Champion Handicap,7/2,4.5,drifting,4/1,7/2,4/1,6/1,4.5,0.2222222222222222,-0.1588870522222222,-0.714991735,0.0,False,False,-1,-0.1788870522222222
Yesnia,Zak Wheatley,51.0,3,126,080-,0.08446126,11/1,0.1463233,6/1,0.16952156,5/1,Nottingham,17:12,2026-04-18,6,5.0,Burger King Flamin Champion Handicap,33/1,34.0,shortening,28/1,25/1,20/1,,34.0,0.029411764705882353,0.055049495294117644,1.87168284,0.014179415454545456,True,False,1,0.07504949529411764
No Claims Bonus,Marco Ghiani,51.0,3,126,07535-,0.059995312,31/2,0.105112016,17/2,0.12203078,7/1,Nottingham,17:12,2026-04-18,6,5.0,Burger King Flamin Champion Handicap,18/1,19.0,drifting,20/1,22/1,25/1,20/1,19.0,0.05263157894736842,0.007363733052631584,0.13991092799999993,0.0019432073333333325,False,False,-1,-0.012636266947368417
Amakhala,Silvestre De Sousa,48.0,3,123,78-799,0.09164761,10/1,0.15824628,11/2,0.18322077,9/2,Nottingham,17:12,2026-04-18,6,5.0,Burger King Flamin Champion Handicap,25/1,26.0,drifting,28/1,33/1,40/1,33/1,26.0,0.038461538461538464,0.05318607153846154,1.38283786,0.0138283786,True,False,-1,0.03318607153846154
Muddy Nora,Shay Farmer,48.0,3,123,957-,0.06908378,27/2,0.12053275,15/2,0.13982612,6/1,Nottingham,17:12,2026-04-18,6,5.0,Burger King Flamin Champion Handicap,28/1,29.0,stable,25/1,28/1,25/1,28/1,29.0,0.034482758620689655,0.03460102137931034,1.00342962,0.008959193035714285,True,False,0,0.03460102137931034
Doilookokay,Alex Jary,47.0,3,122,16-408,0.059505478,16/1,0.10427714,17/2,0.12106652,15/2,Nottingham,17:12,2026-04-18,6,5.0,Burger King Flamin Champion Handicap,28/1,29.0,stable,25/1,28/1,25/1,28/1,29.0,0.034482758620689655,0.025022719379310346,0.725658862,0.006479096982142857,True,False,0,0.025022719379310346
Magnificent Mel,George Wood,47.0,3,122,-85275,0.057276897,33/2,0.100473896,9/1,0.11667277,15/2,Nottingham,17:12,2026-04-18,6,5.0,Burger King Flamin Champion Handicap,22/1,23.0,shortening,20/1,18/1,16/1,14/1,23.0,0.043478260869565216,0.013798636130434784,0.3173686309999999,0.00360646171590909,True,False,1,0.03379863613043478
Independent Angel,Jack Doughty,46.0,3,121,8694-0,0.054753553,35/2,0.096158035,19/2,0.11168472,8/1,Nottingham,17:12,2026-04-18,6,5.0,Burger King Flamin Champion Handicap,100/1,101.0,drifting,125/1,150/1,125/1,,101.0,0.009900990099009901,0.0448525629009901,4.530108853000001,0.011325272132500001,True,False,-1,0.0248525629009901
Miss Brazen,Lewis Chalkley,65.0,6,138,94808-,0.12885271,7/1,0.21865246,7/2,0.25232735,3/1,Nottingham,17:45,2026-04-18,6,5.0,Burger King Winning Whopper Apprentice Handicap,15/2,8.5,drifting,8/1,17/2,8/1,17/2,8.5,0.11764705882352941,0.011205651176470599,0.09524803500000001,0.0031749345,True,False,-1,-0.008794348823529401
Initial Blue,Charlie Bell,65.0,4,138,513331,0.11150522,8/1,0.19076267,4/1,0.22048421,7/2,Nottingham,17:45,2026-04-18,6,5.0,Burger King Winning Whopper Apprentice Handicap,7/1,8.0,stable,13/2,7/1,13/2,7/1,8.0,0.125,-0.013494779999999998,-0.10795823999999998,0.0,False,False,0,-0.013494779999999998
Level Up,Laura Coughlan,63.0,7,136,-34542,0.13576233,13/2,0.22962707,7/2,0.26482636,3/1,Nottingham,17:45,2026-04-18,6,5.0,Burger King Winning Whopper Apprentice Handicap,12/1,13.0,stable,14/1,12/1,14/1,12/1,13.0,0.07692307692307693,0.05883925307692306,0.7649102899999998,0.015935631041666662,True,False,0,0.05883925307692306
Winchurch,Mason Paetel,62.0,4,135,08-753,0.11596325,15/2,0.19797587,4/1,0.2287306,7/2,Nottingham,17:45,2026-04-18,6,5.0,Burger King Winning Whopper Apprentice Handicap,9/2,5.5,stable,5/1,9/2,5/1,9/2,5.5,0.18181818181818182,-0.06585493181818182,-0.36220212499999993,0.0,False,False,0,-0.06585493181818182
High Opinion,Ryan Kavanagh,61.0,7,134,87970-,0.12088638,15/2,0.20590466,4/1,0.23778653,3/1,Nottingham,17:45,2026-04-18,6,5.0,Burger King Winning Whopper Apprentice Handicap,9/2,5.5,drifting,5/1,11/2,5/1,11/2,5.5,0.18181818181818182,-0.06093180181818182,-0.33512491,0.0,False,False,-1,-0.08093180181818183
Papa Dont Preach,William Pyle,57.0,7,130,1-5355,0.11586753,15/2,0.19782132,4/1,0.228554,7/2,Nottingham,17:45,2026-04-18,6,5.0,Burger King Winning Whopper Apprentice Handicap,3/1,4.0,drifting,10/3,3/1,10/3,7/2,4.0,0.25,-0.13413247,-0.53652988,0.0,False,False,-1,-0.15413247
Jeany May,Alex Jary,56.0,4,129,0730-0,0.11801807,15/2,0.20128992,4/1,0.23251687,7/2,Nottingham,17:45,2026-04-18,6,5.0,Burger King Winning Whopper Apprentice Handicap,11/1,12.0,stable,10/1,11/1,10/1,11/1,12.0,0.08333333333333333,0.034684736666666674,0.41621684000000014,0.00945947363636364,True,False,0,0.034684736666666674
Scent Of May,Harry Vigors,52.0,4,125,/2419-,0.12118018,15/2,0.20637661,4/1,0.23832527,3/1,Nottingham,17:45,2026-04-18,6,5.0,Burger King Winning Whopper Apprentice Handicap,9/1,10.0,stable,17/2,9/1,17/2,9/1,10.0,0.1,0.021180179999999993,0.21180179999999993,0.005883383333333331,True,False,0,0.021180179999999993
Kokanee,Mason Paetel,76.0,4,136,6345-2,0.13154157,13/2,0.22293228,7/2,0.2572038,3/1,Nottingham,18:15,2026-04-18,5,8.5,Trot To Burger King Lady Bay Handicap,7/2,4.5,shortening,10/3,16/5,10/3,16/5,4.5,0.2222222222222222,-0.09068065222222221,-0.408062935,0.0,False,False,1,-0.07068065222222221
Commander Of Life,Ryan Kavanagh,75.0,5,135,422424,0.12964387,13/2,0.21991295,7/2,0.25376385,3/1,Nottingham,18:15,2026-04-18,5,8.5,Trot To Burger King Lady Bay Handicap,8/1,9.0,shortening,15/2,7/1,13/2,11/2,9.0,0.1111111111111111,0.01853275888888889,0.16679482999999995,0.005212338437499998,True,False,1,0.03853275888888889
Oceans Five,Hector Crouch,75.0,4,135,9/3-35,0.12951222,13/2,0.21970327,7/2,0.25352493,3/1,Nottingham,18:15,2026-04-18,5,8.5,Trot To Burger King Lady Bay Handicap,18/1,19.0,shortening,16/1,14/1,16/1,14/1,19.0,0.05263157894736842,0.0768806410526316,1.4607321800000004,0.02028794694444445,True,False,1,0.0968806410526316
Influential,Ray Dawson,75.0,4,135,552-,0.14057511,6/1,0.23722611,3/1,0.27347025,5/2,Nottingham,18:15,2026-04-18,5,8.5,Trot To Burger King Lady Bay Handicap,2/1,3.0,drifting,9/4,5/2,9/4,5/2,3.0,0.3333333333333333,-0.1927582233333333,-0.57827467,0.0,False,False,-1,-0.2127582233333333
Moonjid,Silvestre De Sousa,73.0,4,133,531-58,0.13288447,13/2,0.22506543,7/2,0.25963327,3/1,Nottingham,18:15,2026-04-18,5,8.5,Trot To Burger King Lady Bay Handicap,4/1,5.0,drifting,9/2,5/1,11/2,6/1,5.0,0.2,-0.06711553,-0.33557764999999995,0.0,False,False,-1,-0.08711553000000001
Pulsar Star,Robert Havlin,73.0,4,133,024-2,0.12715772,7/1,0.21594864,7/2,0.24924523,3/1,Nottingham,18:15,2026-04-18,5,8.5,Trot To Burger King Lady Bay Handicap,20/1,21.0,shortening,18/1,16/1,18/1,16/1,21.0,0.047619047619047616,0.07953867238095239,1.6703121200000002,0.0208789015,True,False,1,0.09953867238095239
Pension Pot,William Pyle,71.0,4,131,424-,0.12352611,7/1,0.21014005,4/1,0.24262027,3/1,Nottingham,18:15,2026-04-18,5,8.5,Trot To Burger King Lady Bay Handicap,33/1,34.0,shortening,28/1,25/1,22/1,25/1,34.0,0.029411764705882353,0.09411434529411764,3.1998877399999994,0.024241573787878782,True,False,1,0.11411434529411764
Highland Olly,Alistair Rawlinson,70.0,5,130,1657-5,0.11822687,15/2,0.2016263,4/1,0.23290108,7/2,Nottingham,18:15,2026-04-18,5,8.5,Trot To Burger King Lady Bay Handicap,22/1,23.0,shortening,20/1,22/1,20/1,18/1,23.0,0.043478260869565216,0.07474860913043478,1.71921801,0.019536568295454547,True,False,1,0.09474860913043479
Eagle Day,Dylan Hogan,66.0,6,126,00-091,0.09962433,9/1,0.17138378,5/1,0.19829358,4/1,Nottingham,18:15,2026-04-18,5,8.5,Trot To Burger King Lady Bay Handicap,22/1,23.0,shortening,20/1,18/1,20/1,18/1,23.0,0.043478260869565216,0.05614606913043478,1.29135959,0.014674540795454544,True,False,1,0.07614606913043478
Law Supreme,Ryan Kavanagh,70.0,7,135,741121,0.07234511,13/1,0.12603414,7/1,0.14616753,6/1,Nottingham,18:45,2026-04-18,5,10.0,Â£9 Racedays At Nottingham Racecourse Handicap,4/1,5.0,stable,9/2,4/1,7/2,4/1,5.0,0.2,-0.12765489000000002,-0.6382744499999999,0.0,False,False,0,-0.12765489000000002
Kasgani,Zak Wheatley,69.0,4,134,65575-,0.0944813,19/2,0.16292498,5/1,0.18859135,9/2,Nottingham,18:45,2026-04-18,5,10.0,Â£9 Racedays At Nottingham Racecourse Handicap,28/1,29.0,stable,33/1,28/1,33/1,28/1,29.0,0.034482758620689655,0.05999854137931035,1.7399577000000002,0.015535336607142859,True,False,0,0.05999854137931035
Dream Pirate,George Wood,68.0,6,133,1854-1,0.07128945,13/1,0.12425527,7/1,0.14411744,6/1,Nottingham,18:45,2026-04-18,5,10.0,Â£9 Racedays At Nottingham Racecourse Handicap,5/1,6.0,stable,11/2,5/1,9/2,5/1,6.0,0.16666666666666666,-0.09537721666666665,-0.5722632999999999,0.0,False,False,0,-0.09537721666666665
Caph Star,Hector Crouch,68.0,7,133,1/0-85,0.06650485,14/1,0.11617042,15/2,0.13479501,13/2,Nottingham,18:45,2026-04-18,5,10.0,Â£9 Racedays At Nottingham Racecourse Handicap,8/1,9.0,drifting,17/2,9/1,10/1,11/1,9.0,0.1111111111111111,-0.0446062611111111,-0.4014563499999999,0.0,False,False,-1,-0.0646062611111111
Joseph,Luke Morris,67.0,4,132,25-412,0.073122814,25/2,0.1273435,7/1,0.14767626,6/1,Nottingham,18:45,2026-04-18,5,10.0,Â£9 Racedays At Nottingham Racecourse Handicap,16/1,17.0,shortening,14/1,12/1,11/1,10/1,17.0,0.058823529411764705,0.01429928458823529,0.2430878379999999,0.0037982474687499983,True,False,1,0.03429928458823529
Show Biz Kid,Dylan Hogan,67.0,5,132,50847-,0.071549565,13/1,0.12469375,7/1,0.14462282,6/1,Nottingham,18:45,2026-04-18,5,10.0,Â£9 Racedays At Nottingham Racecourse Handicap,12/1,13.0,drifting,14/1,12/1,14/1,16/1,13.0,0.07692307692307693,-0.005373511923076932,-0.06985565500000002,0.0,False,False,-1,-0.025373511923076932
Wood Whisperer,Thomas Greatrex,67.0,4,132,657-65,0.06392508,29/2,0.11179601,8/1,0.1297476,13/2,Nottingham,18:45,2026-04-18,5,10.0,Â£9 Racedays At Nottingham Racecourse Handicap,11/1,12.0,shortening,12/1,14/1,12/1,10/1,12.0,0.08333333333333333,-0.019408253333333333,-0.23289904000000006,0.0,False,False,1,0.000591746666666667
Bearwith,Aiden Brookes,67.0,8,132,-53180,0.06771384,14/1,0.11821678,15/2,0.13715538,13/2,Nottingham,18:45,2026-04-18,5,10.0,Â£9 Racedays At Nottingham Racecourse Handicap,14/1,15.0,stable,16/1,14/1,16/1,14/1,15.0,0.06666666666666667,0.0010471733333333316,0.015707600000000044,0.0002804928571428579,False,False,0,0.0010471733333333316
Volto Di Medusa,Alice Bond,66.0,5,131,66-350,0.06829198,27/2,0.11919452,15/2,0.13828298,6/1,Nottingham,18:45,2026-04-18,5,10.0,Â£9 Racedays At Nottingham Racecourse Handicap,20/1,21.0,shortening,18/1,20/1,18/1,16/1,21.0,0.047619047619047616,0.020672932380952386,0.4341315800000001,0.005426644750000001,True,False,1,0.04067293238095239
Boubyan,Mason Paetel,66.0,4,131,-67159,0.060309127,31/2,0.10564668,17/2,0.12264826,7/1,Nottingham,18:45,2026-04-18,5,10.0,Â£9 Racedays At Nottingham Racecourse Handicap,14/1,15.0,stable,16/1,14/1,16/1,14/1,15.0,0.06666666666666667,-0.006357539666666669,-0.09536309500000006,0.0,False,False,0,-0.006357539666666669
In The Post,Rowan Scott,65.0,4,130,3237-6,0.0839227,11/1,0.14542645,6/1,0.16849035,5/1,Nottingham,18:45,2026-04-18,5,10.0,Â£9 Racedays At Nottingham Racecourse Handicap,16/1,17.0,shortening,14/1,12/1,11/1,12/1,17.0,0.058823529411764705,0.025099170588235298,0.42668590000000006,0.006666967187500001,True,False,1,0.0450991705882353
Onslow Gardens,Alec Voikhansky,62.0,6,127,92793-,0.07454097,25/2,0.12972866,13/2,0.15042405,11/2,Nottingham,18:45,2026-04-18,5,10.0,Â£9 Racedays At Nottingham Racecourse Handicap,12/1,13.0,shortening,11/1,10/1,11/1,10/1,13.0,0.07692307692307693,-0.0023821069230769293,-0.03096739000000004,0.0,False,False,1,0.01761789307692307
Star Start,William Pyle,61.0,6,126,2F26-9,0.0915303,10/1,0.1580523,11/2,0.18299805,9/2,Nottingham,18:45,2026-04-18,5,10.0,Â£9 Racedays At Nottingham Racecourse Handicap,14/1,15.0,shortening,16/1,14/1,11/1,,15.0,0.06666666666666667,0.02486363333333333,0.37295449999999986,0.006659901785714283,True,False,1,0.04486363333333333
Bay Dream Believer,Jonny Peate,61.0,7,126,6259-0,0.06852129,27/2,0.11958219,15/2,0.13873003,6/1,Nottingham,18:45,2026-04-18,5,10.0,Â£9 Racedays At Nottingham Racecourse Handicap,33/1,34.0,shortening,28/1,25/1,28/1,25/1,34.0,0.029411764705882353,0.039109525294117646,1.32972386,0.010073665606060607,True,False,1,0.05910952529411764
Wicklow Way,Duran Fentiman,54.0,4,119,6860-1,0.062183995,15/1,0.10883771,8/1,0.12633285,7/1,Nottingham,18:45,2026-04-18,5,10.0,Â£9 Racedays At Nottingham Racecourse Handicap,15/2,8.5,stable,8/1,15/2,8/1,15/2,8.5,0.11764705882352941,-0.05546306382352941,-0.47143604250000004,0.0,False,False,0,-0.05546306382352941
Fifty Sent,Zoe Lewis,55.0,7,135,36-119,0.1012625,9/1,0.17406923,9/2,0.20137174,4/1,Nottingham,19:15,2026-04-18,6,8.5,Ladies Day 9th May Handicap (Div I),10/1,11.0,shortening,9/1,8/1,15/2,7/1,11.0,0.09090909090909091,0.010353409090909094,0.11388750000000014,0.0028471875000000034,True,False,1,0.030353409090909094
Sceptic,Ryan Kavanagh,54.0,6,134,-07945,0.10138106,9/1,0.17426342,9/2,0.20159431,4/1,Nottingham,19:15,2026-04-18,6,8.5,Ladies Day 9th May Handicap (Div I),15/8,2.875,stable,7/4,15/8,7/4,15/8,2.875,0.34782608695652173,-0.24644502695652173,-0.7085294525,0.0,False,False,0,-0.24644502695652173
Al Baahy,William Pyle,53.0,7,133,-31158,0.095712595,19/2,0.16495395,5/1,0.19091946,4/1,Nottingham,19:15,2026-04-18,6,8.5,Ladies Day 9th May Handicap (Div I),10/1,11.0,shortening,11/1,9/1,17/2,8/1,11.0,0.09090909090909091,0.004803504090909086,0.05283854499999996,0.0013209636249999989,False,False,1,0.024803504090909086
Molly Marine,George Bass,52.0,4,132,0569,0.10839144,8/1,0.18570563,9/2,0.21469845,7/2,Nottingham,19:15,2026-04-18,6,8.5,Ladies Day 9th May Handicap (Div I),30/1,31.0,shortening,28/1,22/1,20/1,18/1,31.0,0.03225806451612903,0.07613337548387097,2.36013464,0.01966778866666667,True,False,1,0.09613337548387098
Back From Dubai,Alistair Rawlinson,51.0,9,131,263-58,0.09714454,19/2,0.16731052,5/1,0.19362277,4/1,Nottingham,19:15,2026-04-18,6,8.5,Ladies Day 9th May Handicap (Div I),11/2,6.5,drifting,6/1,13/2,11/2,6/1,6.5,0.15384615384615385,-0.05670161384615385,-0.36856049,0.0,False,False,-1,-0.07670161384615386
Evelyns Phoenix,Duran Fentiman,50.0,5,130,60890-,0.090684414,10/1,0.15665302,11/2,0.18139124,9/2,Nottingham,19:15,2026-04-18,6,8.5,Ladies Day 9th May Handicap (Div I),15/2,8.5,stable,8/1,15/2,8/1,15/2,8.5,0.11764705882352941,-0.026962644823529405,-0.22918248099999994,0.0,False,False,0,-0.026962644823529405
Tilsworth Max,Jonny Peate,50.0,6,130,-13533,0.10458141,17/2,0.17949672,9/2,0.20758995,4/1,Nottingham,19:15,2026-04-18,6,8.5,Ladies Day 9th May Handicap (Div I),14/1,15.0,shortening,10/1,17/2,9/1,17/2,15.0,0.06666666666666667,0.037914743333333334,0.56872115,0.010155734821428572,True,False,1,0.05791474333333334
Penny Ghent,Alex Jary,46.0,6,126,90268-,0.093496345,19/2,0.16130017,5/1,0.1867266,9/2,Nottingham,19:15,2026-04-18,6,8.5,Ladies Day 9th May Handicap (Div I),10/1,11.0,drifting,11/1,12/1,11/1,12/1,11.0,0.09090909090909091,0.002587254090909083,0.028459794999999843,0.0007114948749999961,False,False,-1,-0.017412745909090917
Bizarre Law,Silvestre De Sousa,46.0,7,126,00-009,0.08546562,21/2,0.14799461,6/1,0.17144299,5/1,Nottingham,19:15,2026-04-18,6,8.5,Ladies Day 9th May Handicap (Div I),10/1,11.0,stable,9/1,10/1,9/1,10/1,11.0,0.09090909090909091,-0.005443470909090906,-0.05987817999999989,0.0,False,False,0,-0.005443470909090906
Freedom Bay,William Carver,46.0,4,126,99457-,0.08664361,21/2,0.1499528,11/2,0.17369375,5/1,Nottingham,19:15,2026-04-18,6,8.5,Ladies Day 9th May Handicap (Div I),12/1,13.0,drifting,14/1,16/1,18/1,16/1,13.0,0.07692307692307693,0.009720533076923069,0.12636692999999988,0.0026326443749999976,False,False,-1,-0.010279466923076932
Charencey,Luke Morris,55.0,6,135,04456-,0.094003305,19/2,0.16213664,5/1,0.18768665,9/2,Nottingham,19:45,2026-04-18,6,8.5,Ladies Day 9th May Handicap (Div II),,,no_data,,,,,,,,,,False,False,0,
Raysham,Zak Wheatley,54.0,4,134,/7733-,0.09897487,9/1,0.17031795,5/1,0.1970716,4/1,Nottingham,19:45,2026-04-18,6,8.5,Ladies Day 9th May Handicap (Div II),,,no_data,,,,,,,,,,False,False,0,
Love You More,Dylan Hogan,52.0,4,132,93888-,0.09202158,10/1,0.15886447,11/2,0.18393055,9/2,Nottingham,19:45,2026-04-18,6,8.5,Ladies Day 9th May Handicap (Div II),,,no_data,,,,,,,,,,False,False,0,
Desiderata,Robert Havlin,52.0,6,132,322613,0.09658042,19/2,0.16638255,5/1,0.19255835,4/1,Nottingham,19:45,2026-04-18,6,8.5,Ladies Day 9th May Handicap (Div II),,,no_data,,,,,,,,,,False,False,0,
James Park Woods,Silvestre De Sousa,50.0,10,130,1667-0,0.10406248,17/2,0.17864928,9/2,0.20661932,4/1,Nottingham,19:45,2026-04-18,6,8.5,Ladies Day 9th May Handicap (Div II),,,no_data,,,,,,,,,,False,False,0,
Mooretown Lad,George Wood,50.0,6,130,0-4947,0.08549537,21/2,0.1480441,6/1,0.17149986,5/1,Nottingham,19:45,2026-04-18,6,8.5,Ladies Day 9th May Handicap (Div II),,,no_data,,,,,,,,,,False,False,0,
Law Degree,Duran Fentiman,50.0,4,130,3505-9,0.092093214,10/1,0.15898286,11/2,0.18406647,9/2,Nottingham,19:45,2026-04-18,6,8.5,Ladies Day 9th May Handicap (Div II),,,no_data,,,,,,,,,,False,False,0,
Haaf A Diamond,Alec Voikhansky,46.0,6,126,55740-,0.09498278,19/2,0.16375163,5/1,0.18953995,9/2,Nottingham,19:45,2026-04-18,6,8.5,Ladies Day 9th May Handicap (Div II),,,no_data,,,,,,,,,,False,False,0,
Clipsham Noble,Liam Wright,46.0,4,126,6065-4,0.09948908,9/1,0.17116188,5/1,0.19803917,4/1,Nottingham,19:45,2026-04-18,6,8.5,Ladies Day 9th May Handicap (Div II),,,no_data,,,,,,,,,,False,False,0,
United Force,Marco Ghiani,46.0,6,126,670-44,0.100600906,9/1,0.1729852,5/1,0.2001293,4/1,Nottingham,19:45,2026-04-18,6,8.5,Ladies Day 9th May Handicap (Div II),,,no_data,,,,,,,,,,False,False,0,
