course,race_time,race_time_gmt,race_name,race_class,distance_f,surface,going,field_size,horse,jockey,trainer,age,weight_lbs,ofr,last_run,form,win_probability,place_probability,show_probability,win_odds_decimal,win_odds_fractional,place_odds_decimal,place_odds_fractional,show_odds_decimal,show_odds_fractional,career_runs,career_win_rate,career_place_rate,career_earnings,cd_runs,cd_win_rate,class_num,class_step,or_numeric,or_change,or_trend_3,avg_last_3_pos,wins_last_3,days_since_last,is_turf,going_numeric,race_score,jockey_career_runs,jockey_career_win_rate,jockey_course_runs,jockey_course_win_rate,jockey_trainer_runs,jockey_trainer_win_rate,draw,draw_pct,draw_group_win_rate,weight_vs_avg,is_top_weight,weight_change,race_leader_count,race_closer_count,style_advantage,age_vs_avg
Ascot,8:15 AM ET,13:15,Betfair Novices' Hurdle (GBB Race),2,19.5,Turf,Soft,6,Etna Bianco,Harry Cobden,Joe Tizzard,6,164.0,128.0,47.0,3-315,0.15811209380626678,0.09486725628376007,0.06324483752250672,6.32,11/2,10.54,19/2,15.81,15/1,0,0.0,0.0,0.0,0,0.0,4,0,128.0,0,0,10.0,0,47,1,5,50.0,6,0.0,0,0.0,0,0.0,0,0.0,0.0,0,0,0,0,0,0,0.0
Ascot,8:15 AM ET,13:15,Betfair Novices' Hurdle (GBB Race),2,19.5,Turf,Soft,6,Catchintsavo,Rex Dingle,Anthony Honeyball,6,161.0,123.0,30.0,2-3021,0.15811209380626678,0.09486725628376007,0.06324483752250672,6.32,11/2,10.54,19/2,15.81,15/1,0,0.0,0.0,0.0,0,0.0,4,0,123.0,0,0,10.0,0,30,1,5,50.0,4,0.0,0,0.0,0,0.0,0,0.0,0.0,0,0,0,0,0,0,0.0
Ascot,8:15 AM ET,13:15,Betfair Novices' Hurdle (GBB Race),2,19.5,Turf,Soft,6,Mondouiboy,Ben Jones,Ben Pauling,6,161.0,,30.0,2-61,0.15811209380626678,0.09486725628376007,0.06324483752250672,6.32,11/2,10.54,19/2,15.81,15/1,0,0.0,0.0,0.0,0,0.0,4,0,0.0,0,0,10.0,0,30,1,5,50.0,0,0.0,0,0.0,0,0.0,0,0.0,0.0,0,0,0,0,0,0,0.0
Ascot,8:15 AM ET,13:15,Betfair Novices' Hurdle (GBB Race),2,19.5,Turf,Soft,6,Starzand,Sean Houlihan,Philip Hobbs & Johnson White,6,161.0,127.0,25.0,1-123,0.15811209380626678,0.09486725628376007,0.06324483752250672,6.32,11/2,10.54,19/2,15.81,15/1,0,0.0,0.0,0.0,0,0.0,4,0,127.0,0,0,10.0,0,25,1,5,50.0,2,0.0,0,0.0,0,0.0,0,0.0,0.0,0,0,0,0,0,0,0.0
Ascot,8:15 AM ET,13:15,Betfair Novices' Hurdle (GBB Race),2,19.5,Turf,Soft,6,Coumeenoole,Tristan Durrell,Dan Skelton,7,156.0,113.0,12.0,2F3789,0.15811209380626678,0.09486725628376007,0.06324483752250672,6.32,11/2,10.54,19/2,15.81,15/1,0,0.0,0.0,0.0,0,0.0,4,0,113.0,0,0,10.0,0,12,1,5,50.0,0,0.0,0,0.0,0,0.0,0,0.0,0.0,0,0,0,0,0,0,0.0
Ascot,8:15 AM ET,13:15,Betfair Novices' Hurdle (GBB Race),2,19.5,Turf,Soft,6,Kildinan Prince,Jonathan Burke,Emma Lavelle,7,156.0,,276.0,2,0.15811209380626678,0.09486725628376007,0.06324483752250672,6.32,11/2,10.54,19/2,15.81,15/1,0,0.0,0.0,0.0,0,0.0,4,0,0.0,0,0,10.0,0,276,1,5,50.0,2,0.0,0,0.0,0,0.0,0,0.0,0.0,0,0,0,0,0,0,0.0
Ascot,8:50 AM ET,13:50,Injured Jockeys Fund Ambassadors Programme Reynoldstown Novices' Chase (Grade 2) (GBB Race),1,24.0,Turf,Soft,3,Thomas Mor,NON-RUNNER,Philip Hobbs & Johnson White,9,159.0,147.0,50.0,140-12,0.15811209380626678,0.09486725628376007,0.06324483752250672,6.32,11/2,10.54,19/2,15.81,15/1,0,0.0,0.0,0.0,0,0.0,4,0,147.0,0,0,10.0,0,50,1,5,50.0,0,0.0,0,0.0,0,0.0,0,0.0,0.0,0,0,0,0,0,0,0.0
Ascot,8:50 AM ET,13:50,Injured Jockeys Fund Ambassadors Programme Reynoldstown Novices' Chase (Grade 2) (GBB Race),1,24.0,Turf,Soft,3,Crest Of Fortune,Rex Dingle,Anthony Honeyball,6,156.0,137.0,50.0,13-246,0.15811209380626678,0.09486725628376007,0.06324483752250672,6.32,11/2,10.54,19/2,15.81,15/1,0,0.0,0.0,0.0,0,0.0,4,0,137.0,0,0,10.0,0,50,1,5,50.0,4,0.0,0,0.0,0,0.0,0,0.0,0.0,0,0,0,0,0,0,0.0
Ascot,8:50 AM ET,13:50,Injured Jockeys Fund Ambassadors Programme Reynoldstown Novices' Chase (Grade 2) (GBB Race),1,24.0,Turf,Soft,3,The Jukebox Kid,Ben Jones,Ben Pauling,7,156.0,137.0,28.0,13-141,0.15811209380626678,0.09486725628376007,0.06324483752250672,6.32,11/2,10.54,19/2,15.81,15/1,0,0.0,0.0,0.0,0,0.0,4,0,137.0,0,0,10.0,0,28,1,5,50.0,0,0.0,0,0.0,0,0.0,0,0.0,0.0,0,0,0,0,0,0,0.0
Ascot,8:50 AM ET,13:50,Injured Jockeys Fund Ambassadors Programme Reynoldstown Novices' Chase (Grade 2) (GBB Race),1,24.0,Turf,Soft,3,Western Knight,Jack Tudor,Joe Tizzard,7,156.0,136.0,22.0,U8-411,0.15811209380626678,0.09486725628376007,0.06324483752250672,6.32,11/2,10.54,19/2,15.81,15/1,0,0.0,0.0,0.0,0,0.0,4,0,136.0,0,0,10.0,0,22,1,5,50.0,0,0.0,0,0.0,0,0.0,0,0.0,0.0,0,0,0,0,0,0,0.0
Ascot,9:25 AM ET,14:25,Betfair Exchange Handicap Hurdle (GBB Race),2,19.5,Turf,Soft,15,Kateira,Nico de Boinville,Dan Skelton,9,168.0,143.0,14.0,2-1438,0.15662650763988495,0.09397590458393097,0.06265060305595398,6.38,11/2,10.64,19/2,15.96,15/1,0,0.0,0.0,0.0,0,0.0,4,0,143.0,0,0,10.0,0,14,1,5,50.0,8,0.0,0,0.0,0,0.0,0,0.0,0.0,0,0,0,0,0,0,0.0
Ascot,9:25 AM ET,14:25,Betfair Exchange Handicap Hurdle (GBB Race),2,19.5,Turf,Soft,15,Rambo T,Kevin Brogan,Olly Murphy,9,167.0,142.0,44.0,1-3198,0.15662650763988495,0.09397590458393097,0.06265060305595398,6.38,11/2,10.64,19/2,15.96,15/1,0,0.0,0.0,0.0,0,0.0,4,0,142.0,0,0,10.0,0,44,1,5,50.0,0,0.0,0,0.0,0,0.0,0,0.0,0.0,0,0,0,0,0,0,0.0
Ascot,9:25 AM ET,14:25,Betfair Exchange Handicap Hurdle (GBB Race),2,19.5,Turf,Soft,15,Captain Teague,Harry Cobden,Paul Nicholls,8,163.0,138.0,27.0,0/14-P,0.15662650763988495,0.09397590458393097,0.06265060305595398,6.38,11/2,10.64,19/2,15.96,15/1,0,0.0,0.0,0.0,0,0.0,4,0,138.0,0,0,10.0,0,27,1,5,50.0,6,0.0,0,0.0,0,0.0,0,0.0,0.0,0,0,0,0,0,0,0.0
Ascot,9:25 AM ET,14:25,Betfair Exchange Handicap Hurdle (GBB Race),2,19.5,Turf,Soft,15,Act Of Authority,Lewis Saunders,Olly Murphy,8,162.0,137.0,44.0,27-434,0.15662650763988495,0.09397590458393097,0.06265060305595398,6.38,11/2,10.64,19/2,15.96,15/1,0,0.0,0.0,0.0,0,0.0,4,0,137.0,0,0,10.0,0,44,1,5,50.0,0,0.0,0,0.0,0,0.0,0,0.0,0.0,0,0,0,0,0,0,0.0
Ascot,9:25 AM ET,14:25,Betfair Exchange Handicap Hurdle (GBB Race),2,19.5,Turf,Soft,15,Fiercely Proud,Kielan Woods,Ben Pauling,7,158.0,133.0,56.0,1PP-50,0.15662650763988495,0.09397590458393097,0.06265060305595398,6.38,11/2,10.64,19/2,15.96,15/1,0,0.0,0.0,0.0,0,0.0,4,0,133.0,0,0,10.0,0,56,1,5,50.0,4,0.0,0,0.0,0,0.0,0,0.0,0.0,0,0,0,0,0,0,0.0
Ascot,9:25 AM ET,14:25,Betfair Exchange Handicap Hurdle (GBB Race),2,19.5,Turf,Soft,15,Jurancon,Jack Tudor,David Pipe,7,156.0,131.0,47.0,211-78,0.15662650763988495,0.09397590458393097,0.06265060305595398,6.38,11/2,10.64,19/2,15.96,15/1,0,0.0,0.0,0.0,0,0.0,4,0,131.0,0,0,10.0,0,47,1,5,50.0,0,0.0,0,0.0,0,0.0,0,0.0,0.0,0,0,0,0,0,0,0.0
Ascot,9:25 AM ET,14:25,Betfair Exchange Handicap Hurdle (GBB Race),2,19.5,Turf,Soft,15,Listentoyourheart,Tristan Durrell,Dan Skelton,7,153.0,128.0,44.0,40-431,0.15662650763988495,0.09397590458393097,0.06265060305595398,6.38,11/2,10.64,19/2,15.96,15/1,0,0.0,0.0,0.0,0,0.0,4,0,128.0,0,0,10.0,0,44,1,5,50.0,0,0.0,0,0.0,0,0.0,0,0.0,0.0,0,0,0,0,0,0,0.0
Ascot,9:25 AM ET,14:25,Betfair Exchange Handicap Hurdle (GBB Race),2,19.5,Turf,Soft,15,Hurricane Bay,Tom Cannon,Lucy Wadham,10,152.0,127.0,21.0,-P125P,0.15662650763988495,0.09397590458393097,0.06265060305595398,6.38,11/2,10.64,19/2,15.96,15/1,0,0.0,0.0,0.0,0,0.0,4,0,127.0,0,0,10.0,0,21,1,5,50.0,14,0.0,0,0.0,0,0.0,0,0.0,0.0,0,0,0,0,0,0,0.0
Ascot,9:25 AM ET,14:25,Betfair Exchange Handicap Hurdle (GBB Race),2,19.5,Turf,Soft,15,John Barbour,Jonathan Burke,Fergal OBrien,7,150.0,125.0,45.0,0-4121,0.15662650763988495,0.09397590458393097,0.06265060305595398,6.38,11/2,10.64,19/2,15.96,15/1,0,0.0,0.0,0.0,0,0.0,4,0,125.0,0,0,10.0,0,45,1,5,50.0,2,0.0,0,0.0,0,0.0,0,0.0,0.0,0,0,0,0,0,0,0.0
Ascot,9:25 AM ET,14:25,Betfair Exchange Handicap Hurdle (GBB Race),2,19.5,Turf,Soft,15,Range,Ben Jones,Sam Thomas,9,150.0,125.0,42.0,32-F41,0.15662650763988495,0.09397590458393097,0.06265060305595398,6.38,11/2,10.64,19/2,15.96,15/1,0,0.0,0.0,0.0,0,0.0,4,0,125.0,0,0,10.0,0,42,1,5,50.0,0,0.0,0,0.0,0,0.0,0,0.0,0.0,0,0,0,0,0,0,0.0
Ascot,9:25 AM ET,14:25,Betfair Exchange Handicap Hurdle (GBB Race),2,19.5,Turf,Soft,15,No Ordinary Joe,Benjamin Macey,Faye Bramley,10,149.0,124.0,29.0,90P090,0.15662650763988495,0.09397590458393097,0.06265060305595398,6.38,11/2,10.64,19/2,15.96,15/1,0,0.0,0.0,0.0,0,0.0,4,0,124.0,0,0,10.0,0,29,1,5,50.0,0,0.0,0,0.0,0,0.0,0,0.0,0.0,0,0,0,0,0,0,0.0
Ascot,9:25 AM ET,14:25,Betfair Exchange Handicap Hurdle (GBB Race),2,19.5,Turf,Soft,15,De Temps En Temps,Freddie Keighley,Martin Keighley,7,149.0,124.0,49.0,42116U,0.15662650763988495,0.09397590458393097,0.06265060305595398,6.38,11/2,10.64,19/2,15.96,15/1,0,0.0,0.0,0.0,0,0.0,4,0,124.0,0,0,10.0,0,49,1,5,50.0,2,0.0,0,0.0,2,0.0,0,0.0,0.0,0,0,0,0,0,0,0.0
Ascot,9:25 AM ET,14:25,Betfair Exchange Handicap Hurdle (GBB Race),2,19.5,Turf,Soft,15,Lightningupourdays,Jack Hogan,Alastair Ralph,7,144.0,119.0,56.0,4213-3,0.10608020424842834,0.06364812254905701,0.04243208169937134,9.43,17/2,15.71,29/2,23.57,45/2,0,0.0,0.0,0.0,0,0.0,4,0,119.0,0,0,10.0,0,56,1,5,50.0,0,0.0,0,0.0,0,0.0,0,0.0,0.0,0,0,0,0,0,0,0.0
Ascot,9:25 AM ET,14:25,Betfair Exchange Handicap Hurdle (GBB Race),2,19.5,Turf,Soft,15,Kamaxos,Lilly Pinchin,Charlie Longsdon,9,142.0,117.0,21.0,0-P162,0.10608020424842834,0.06364812254905701,0.04243208169937134,9.43,17/2,15.71,29/2,23.57,45/2,0,0.0,0.0,0.0,0,0.0,4,0,117.0,0,0,10.0,0,21,1,5,50.0,1,0.0,0,0.0,1,0.0,0,0.0,0.0,0,0,0,0,0,0,0.0
Ascot,9:25 AM ET,14:25,Betfair Exchange Handicap Hurdle (GBB Race),2,19.5,Turf,Soft,15,Moveit Like Minnie,Tom Bellamy,Nigel & Willy Twiston-Davies,9,142.0,117.0,28.0,-23553,0.10608020424842834,0.06364812254905701,0.04243208169937134,9.43,17/2,15.71,29/2,23.57,45/2,0,0.0,0.0,0.0,0,0.0,4,0,117.0,0,0,10.0,0,28,1,5,50.0,4,0.0,0,0.0,0,0.0,0,0.0,0.0,0,0,0,0,0,0,0.0
Ascot,10:00 AM ET,15:00,Betfair Swinley Handicap Chase (Premier Handicap) (GBB Race),1,24.0,Turf,Soft,11,Sam Brown,Chad Bament,Anthony Honeyball,14,168.0,154.0,90.0,2416-6,0.15662650763988495,0.09397590458393097,0.06265060305595398,6.38,11/2,10.64,19/2,15.96,15/1,0,0.0,0.0,0.0,0,0.0,4,0,154.0,0,0,10.0,0,90,1,5,50.0,0,0.0,0,0.0,0,0.0,0,0.0,0.0,0,0,0,0,0,0,0.0
Ascot,10:00 AM ET,15:00,Betfair Swinley Handicap Chase (Premier Handicap) (GBB Race),1,24.0,Turf,Soft,11,Threeunderthrufive,Harry Cobden,Paul Nicholls,11,161.0,147.0,56.0,2PP-4P,0.15662650763988495,0.09397590458393097,0.06265060305595398,6.38,11/2,10.64,19/2,15.96,15/1,0,0.0,0.0,0.0,0,0.0,4,0,147.0,0,0,10.0,0,56,1,5,50.0,6,0.0,0,0.0,0,0.0,0,0.0,0.0,0,0,0,0,0,0,0.0
Ascot,10:00 AM ET,15:00,Betfair Swinley Handicap Chase (Premier Handicap) (GBB Race),1,24.0,Turf,Soft,11,Your Darling,Ben Jones,Ben Pauling,11,153.0,139.0,35.0,P/1-42,0.15662650763988495,0.09397590458393097,0.06265060305595398,6.38,11/2,10.64,19/2,15.96,15/1,0,0.0,0.0,0.0,0,0.0,4,0,139.0,0,0,10.0,0,35,1,5,50.0,0,0.0,0,0.0,0,0.0,0,0.0,0.0,0,0,0,0,0,0,0.0
Ascot,10:00 AM ET,15:00,Betfair Swinley Handicap Chase (Premier Handicap) (GBB Race),1,24.0,Turf,Soft,11,Nocte Volatus,Stan Sheppard,Tom Lacey,11,151.0,137.0,42.0,24-F11,0.15662650763988495,0.09397590458393097,0.06265060305595398,6.38,11/2,10.64,19/2,15.96,15/1,0,0.0,0.0,0.0,0,0.0,4,0,137.0,0,0,10.0,0,42,1,5,50.0,0,0.0,0,0.0,0,0.0,0,0.0,0.0,0,0,0,0,0,0,0.0
Ascot,10:00 AM ET,15:00,Betfair Swinley Handicap Chase (Premier Handicap) (GBB Race),1,24.0,Turf,Soft,11,Jipcot,Kielan Woods,Jonjo & A J ONeill,7,147.0,133.0,25.0,40P-31,0.15811209380626678,0.09486725628376007,0.06324483752250672,6.32,11/2,10.54,19/2,15.81,15/1,0,0.0,0.0,0.0,0,0.0,4,0,133.0,0,0,10.0,0,25,1,5,50.0,4,0.0,0,0.0,0,0.0,0,0.0,0.0,0,0,0,0,0,0,0.0
Ascot,10:00 AM ET,15:00,Betfair Swinley Handicap Chase (Premier Handicap) (GBB Race),1,24.0,Turf,Soft,11,Joyeux Machin,Tristan Durrell,Dan Skelton,9,147.0,133.0,21.0,2-784F,0.15811209380626678,0.09486725628376007,0.06324483752250672,6.32,11/2,10.54,19/2,15.81,15/1,0,0.0,0.0,0.0,0,0.0,4,0,133.0,0,0,10.0,0,21,1,5,50.0,0,0.0,0,0.0,0,0.0,0,0.0,0.0,0,0,0,0,0,0,0.0
Ascot,10:00 AM ET,15:00,Betfair Swinley Handicap Chase (Premier Handicap) (GBB Race),1,24.0,Turf,Soft,11,Credo,Rex Dingle,Anthony Honeyball,11,144.0,130.0,42.0,15-347,0.15662650763988495,0.09397590458393097,0.06265060305595398,6.38,11/2,10.64,19/2,15.96,15/1,0,0.0,0.0,0.0,0,0.0,4,0,130.0,0,0,10.0,0,42,1,5,50.0,4,0.0,0,0.0,0,0.0,0,0.0,0.0,0,0,0,0,0,0,0.0
Ascot,10:00 AM ET,15:00,Betfair Swinley Handicap Chase (Premier Handicap) (GBB Race),1,24.0,Turf,Soft,11,Hunter Legend,Miss Lucy Turner,Venetia Williams,9,142.0,128.0,14.0,-68332,0.11320754885673523,0.06792452931404114,0.04528301954269409,8.83,8/1,14.72,27/2,22.08,21/1,0,0.0,0.0,0.0,0,0.0,4,0,128.0,0,0,10.0,0,14,1,5,50.0,3,0.0,1,0.0,1,0.0,0,0.0,0.0,0,0,0,0,0,0,0.0
Ascot,10:00 AM ET,15:00,Betfair Swinley Handicap Chase (Premier Handicap) (GBB Race),1,24.0,Turf,Soft,11,Montregard,Jonathan Burke,Tom Lacey,7,142.0,128.0,28.0,P-11P2,0.11320754885673523,0.06792452931404114,0.04528301954269409,8.83,8/1,14.72,27/2,22.08,21/1,0,0.0,0.0,0.0,0,0.0,4,0,128.0,0,0,10.0,0,28,1,5,50.0,2,0.0,0,0.0,0,0.0,0,0.0,0.0,0,0,0,0,0,0,0.0
Ascot,10:00 AM ET,15:00,Betfair Swinley Handicap Chase (Premier Handicap) (GBB Race),1,24.0,Turf,Soft,11,Invincible Nao,Caoilin Quinn,Gary & Josh Moore,8,142.0,128.0,26.0,1P-143,0.11320754885673523,0.06792452931404114,0.04528301954269409,8.83,8/1,14.72,27/2,22.08,21/1,0,0.0,0.0,0.0,0,0.0,4,0,128.0,0,0,10.0,0,26,1,5,50.0,3,0.0,0,0.0,2,0.0,0,0.0,0.0,0,0,0,0,0,0,0.0
Ascot,10:00 AM ET,15:00,Betfair Swinley Handicap Chase (Premier Handicap) (GBB Race),1,24.0,Turf,Soft,11,Gericault Roque,Jack Tudor,David Pipe,10,142.0,128.0,29.0,3/30-8,0.11320754885673523,0.06792452931404114,0.04528301954269409,8.83,8/1,14.72,27/2,22.08,21/1,0,0.0,0.0,0.0,0,0.0,4,0,128.0,0,0,10.0,0,29,1,5,50.0,0,0.0,0,0.0,0,0.0,0,0.0,0.0,0,0,0,0,0,0,0.0
Ascot,10:35 AM ET,15:35,Betfair Ascot Chase (Grade 1) (GBB Race),1,21.0,Turf,Soft,6,Blow Your Wad,Freddie Mitchell,Gary & Josh Moore,8,164.0,142.0,56.0,/55-37,0.15811209380626678,0.09486725628376007,0.06324483752250672,6.32,11/2,10.54,19/2,15.81,15/1,0,0.0,0.0,0.0,0,0.0,4,0,142.0,0,0,10.0,0,56,1,5,50.0,7,0.0,2,0.0,2,0.0,0,0.0,0.0,0,0,0,0,0,0,0.0
Ascot,10:35 AM ET,15:35,Betfair Ascot Chase (Grade 1) (GBB Race),1,21.0,Turf,Soft,6,Classic Maestro,Luke Scott,Jennie Candlish,8,164.0,131.0,14.0,13-U62,0.15811209380626678,0.09486725628376007,0.06324483752250672,6.32,11/2,10.54,19/2,15.81,15/1,0,0.0,0.0,0.0,0,0.0,4,0,131.0,0,0,10.0,0,14,1,5,50.0,4,0.0,0,0.0,0,0.0,0,0.0,0.0,0,0,0,0,0,0,0.0
Ascot,10:35 AM ET,15:35,Betfair Ascot Chase (Grade 1) (GBB Race),1,21.0,Turf,Soft,6,Edwardstone,Tom Cannon,Alan King,12,164.0,152.0,35.0,54-421,0.15811209380626678,0.09486725628376007,0.06324483752250672,6.32,11/2,10.54,19/2,15.81,15/1,0,0.0,0.0,0.0,0,0.0,4,0,152.0,0,0,10.0,0,35,1,5,50.0,14,0.0,0,0.0,2,0.0,0,0.0,0.0,0,0,0,0,0,0,0.0
Ascot,10:35 AM ET,15:35,Betfair Ascot Chase (Grade 1) (GBB Race),1,21.0,Turf,Soft,6,Heltenham,Tristan Durrell,Dan Skelton,9,164.0,134.0,28.0,8332FF,0.15811209380626678,0.09486725628376007,0.06324483752250672,6.32,11/2,10.54,19/2,15.81,15/1,0,0.0,0.0,0.0,0,0.0,4,0,134.0,0,0,10.0,0,28,1,5,50.0,0,0.0,0,0.0,0,0.0,0,0.0,0.0,0,0,0,0,0,0,0.0
Ascot,10:35 AM ET,15:35,Betfair Ascot Chase (Grade 1) (GBB Race),1,21.0,Turf,Soft,6,Jonbon,Nico de Boinville,Nicky Henderson,10,164.0,166.0,28.0,12-221,0.15811209380626678,0.09486725628376007,0.06324483752250672,6.32,11/2,10.54,19/2,15.81,15/1,0,0.0,0.0,0.0,0,0.0,4,0,166.0,0,0,10.0,0,28,1,5,50.0,8,0.0,0,0.0,0,0.0,0,0.0,0.0,0,0,0,0,0,0,0.0
Ascot,10:35 AM ET,15:35,Betfair Ascot Chase (Grade 1) (GBB Race),1,21.0,Turf,Soft,6,Pic Dorhy,Harry Cobden,Paul Nicholls,11,164.0,162.0,84.0,11P-23,0.15811209380626678,0.09486725628376007,0.06324483752250672,6.32,11/2,10.54,19/2,15.81,15/1,0,0.0,0.0,0.0,0,0.0,4,0,162.0,0,0,10.0,0,84,1,5,50.0,6,0.0,0,0.0,0,0.0,0,0.0,0.0,0,0,0,0,0,0,0.0
Ascot,11:10 AM ET,16:10,Betfair Handicap Hurdle (Challenger Stayers Hurdle Series Qualifier),3,23.5,Turf,Soft,18,Kalium,Mr Edward Vaughan,Tim Vaughan,6,168.0,125.0,77.0,1151-3,0.10608020424842834,0.06364812254905701,0.04243208169937134,9.43,17/2,15.71,29/2,23.57,45/2,0,0.0,0.0,0.0,0,0.0,4,0,125.0,0,0,10.0,0,77,1,5,50.0,0,0.0,0,0.0,0,0.0,0,0.0,0.0,0,0,0,0,0,0,0.0
Ascot,11:10 AM ET,16:10,Betfair Handicap Hurdle (Challenger Stayers Hurdle Series Qualifier),3,23.5,Turf,Soft,18,Operation Manna,Cameron Iles,Tom Lacey,10,167.0,124.0,30.0,4/P-2P,0.10608020424842834,0.06364812254905701,0.04243208169937134,9.43,17/2,15.71,29/2,23.57,45/2,0,0.0,0.0,0.0,0,0.0,4,0,124.0,0,0,10.0,0,30,1,5,50.0,11,0.0,0,0.0,0,0.0,0,0.0,0.0,0,0,0,0,0,0,0.0
Ascot,11:10 AM ET,16:10,Betfair Handicap Hurdle (Challenger Stayers Hurdle Series Qualifier),3,23.5,Turf,Soft,18,Hung Jury,Freddie Keighley,Martin Keighley,11,167.0,124.0,49.0,14812P,0.10608020424842834,0.06364812254905701,0.04243208169937134,9.43,17/2,15.71,29/2,23.57,45/2,0,0.0,0.0,0.0,0,0.0,4,0,124.0,0,0,10.0,0,49,1,5,50.0,2,0.0,0,0.0,2,0.0,0,0.0,0.0,0,0,0,0,0,0,0.0
Ascot,11:10 AM ET,16:10,Betfair Handicap Hurdle (Challenger Stayers Hurdle Series Qualifier),3,23.5,Turf,Soft,18,Loup De Maulde,Charlie Price,Robbie Llewellyn,9,166.0,123.0,690.0,/2411/,0.10608020424842834,0.06364812254905701,0.04243208169937134,9.43,17/2,15.71,29/2,23.57,45/2,0,0.0,0.0,0.0,0,0.0,4,0,123.0,0,0,10.0,0,690,1,5,50.0,0,0.0,0,0.0,0,0.0,0,0.0,0.0,0,0,0,0,0,0,0.0
Ascot,11:10 AM ET,16:10,Betfair Handicap Hurdle (Challenger Stayers Hurdle Series Qualifier),3,23.5,Turf,Soft,18,Yellow Star,Caoilin Quinn,Gary & Josh Moore,6,163.0,120.0,35.0,5F-710,0.10608020424842834,0.06364812254905701,0.04243208169937134,9.43,17/2,15.71,29/2,23.57,45/2,0,0.0,0.0,0.0,0,0.0,4,0,120.0,0,0,10.0,0,35,1,5,50.0,3,0.0,0,0.0,2,0.0,0,0.0,0.0,0,0,0,0,0,0,0.0
Ascot,11:10 AM ET,16:10,Betfair Handicap Hurdle (Challenger Stayers Hurdle Series Qualifier),3,23.5,Turf,Soft,18,Heart Over Head,Jonathan Burke,Fergal OBrien,7,162.0,119.0,29.0,747311,0.10608020424842834,0.06364812254905701,0.04243208169937134,9.43,17/2,15.71,29/2,23.57,45/2,0,0.0,0.0,0.0,0,0.0,4,0,119.0,0,0,10.0,0,29,1,5,50.0,2,0.0,0,0.0,0,0.0,0,0.0,0.0,0,0,0,0,0,0,0.0
Ascot,11:10 AM ET,16:10,Betfair Handicap Hurdle (Challenger Stayers Hurdle Series Qualifier),3,23.5,Turf,Soft,18,Il Va De Soi,Megan Fox,Harry Derham,8,162.0,119.0,12.0,84-3FP,0.10608020424842834,0.06364812254905701,0.04243208169937134,9.43,17/2,15.71,29/2,23.57,45/2,0,0.0,0.0,0.0,0,0.0,4,0,119.0,0,0,10.0,0,12,1,5,50.0,0,0.0,0,0.0,0,0.0,0,0.0,0.0,0,0,0,0,0,0,0.0
Ascot,11:10 AM ET,16:10,Betfair Handicap Hurdle (Challenger Stayers Hurdle Series Qualifier),3,23.5,Turf,Soft,18,High Treason,Tom Bellamy,Nigel & Willy Twiston-Davies,7,160.0,117.0,31.0,4U-665,0.10608020424842834,0.06364812254905701,0.04243208169937134,9.43,17/2,15.71,29/2,23.57,45/2,0,0.0,0.0,0.0,0,0.0,4,0,117.0,0,0,10.0,0,31,1,5,50.0,4,0.0,0,0.0,0,0.0,0,0.0,0.0,0,0,0,0,0,0,0.0
Ascot,11:10 AM ET,16:10,Betfair Handicap Hurdle (Challenger Stayers Hurdle Series Qualifier),3,23.5,Turf,Soft,18,Sea Invasion,Rex Dingle,Anthony Honeyball,8,160.0,117.0,35.0,21-163,0.10608020424842834,0.06364812254905701,0.04243208169937134,9.43,17/2,15.71,29/2,23.57,45/2,0,0.0,0.0,0.0,0,0.0,4,0,117.0,0,0,10.0,0,35,1,5,50.0,4,0.0,0,0.0,0,0.0,0,0.0,0.0,0,0,0,0,0,0,0.0
Ascot,11:10 AM ET,16:10,Betfair Handicap Hurdle (Challenger Stayers Hurdle Series Qualifier),3,23.5,Turf,Soft,18,Oh My Johnny,Sean Houlihan,Philip Hobbs & Johnson White,6,159.0,116.0,30.0,17-52P,0.10608020424842834,0.06364812254905701,0.04243208169937134,9.43,17/2,15.71,29/2,23.57,45/2,0,0.0,0.0,0.0,0,0.0,4,0,116.0,0,0,10.0,0,30,1,5,50.0,2,0.0,0,0.0,0,0.0,0,0.0,0.0,0,0,0,0,0,0,0.0
Ascot,11:10 AM ET,16:10,Betfair Handicap Hurdle (Challenger Stayers Hurdle Series Qualifier),3,23.5,Turf,Soft,18,Solar System,Harry Cobden,Philip Hobbs & Johnson White,7,159.0,116.0,28.0,1154-5,0.10608020424842834,0.06364812254905701,0.04243208169937134,9.43,17/2,15.71,29/2,23.57,45/2,0,0.0,0.0,0.0,0,0.0,4,0,116.0,0,0,10.0,0,28,1,5,50.0,6,0.0,0,0.0,0,0.0,0,0.0,0.0,0,0,0,0,0,0,0.0
Ascot,11:10 AM ET,16:10,Betfair Handicap Hurdle (Challenger Stayers Hurdle Series Qualifier),3,23.5,Turf,Soft,18,Diamatiste,Mr Joshua Newman,Kayley Woollacott,7,158.0,115.0,36.0,51-432,0.10608020424842834,0.06364812254905701,0.04243208169937134,9.43,17/2,15.71,29/2,23.57,45/2,0,0.0,0.0,0.0,0,0.0,4,0,115.0,0,0,10.0,0,36,1,5,50.0,0,0.0,0,0.0,0,0.0,0,0.0,0.0,0,0,0,0,0,0,0.0
Ascot,11:10 AM ET,16:10,Betfair Handicap Hurdle (Challenger Stayers Hurdle Series Qualifier),3,23.5,Turf,Soft,18,Walden,Stan Sheppard,Tom Lacey,6,158.0,115.0,59.0,301-13,0.10608020424842834,0.06364812254905701,0.04243208169937134,9.43,17/2,15.71,29/2,23.57,45/2,0,0.0,0.0,0.0,0,0.0,4,0,115.0,0,0,10.0,0,59,1,5,50.0,0,0.0,0,0.0,0,0.0,0,0.0,0.0,0,0,0,0,0,0,0.0
Ascot,11:10 AM ET,16:10,Betfair Handicap Hurdle (Challenger Stayers Hurdle Series Qualifier),3,23.5,Turf,Soft,18,Crazierthandaisy,Nico de Boinville,Nicky Henderson,7,158.0,115.0,31.0,3-01P4,0.10608020424842834,0.06364812254905701,0.04243208169937134,9.43,17/2,15.71,29/2,23.57,45/2,0,0.0,0.0,0.0,0,0.0,4,0,115.0,0,0,10.0,0,31,1,5,50.0,8,0.0,0,0.0,0,0.0,0,0.0,0.0,0,0,0,0,0,0,0.0
Ascot,11:10 AM ET,16:10,Betfair Handicap Hurdle (Challenger Stayers Hurdle Series Qualifier),3,23.5,Turf,Soft,18,Stratton Oakmont,Ben Jones,Kayley Woollacott,10,156.0,113.0,63.0,P64-17,0.10608020424842834,0.06364812254905701,0.04243208169937134,9.43,17/2,15.71,29/2,23.57,45/2,0,0.0,0.0,0.0,0,0.0,4,0,113.0,0,0,10.0,0,63,1,5,50.0,0,0.0,0,0.0,0,0.0,0,0.0,0.0,0,0,0,0,0,0,0.0
Ascot,11:10 AM ET,16:10,Betfair Handicap Hurdle (Challenger Stayers Hurdle Series Qualifier),3,23.5,Turf,Soft,18,Confinentic,Freddie Gordon,Chris Gordon,6,155.0,112.0,26.0,411-66,0.10608020424842834,0.06364812254905701,0.04243208169937134,9.43,17/2,15.71,29/2,23.57,45/2,0,0.0,0.0,0.0,0,0.0,4,0,112.0,0,0,10.0,0,26,1,5,50.0,2,0.0,0,0.0,2,0.0,0,0.0,0.0,0,0,0,0,0,0,0.0
Ascot,11:10 AM ET,16:10,Betfair Handicap Hurdle (Challenger Stayers Hurdle Series Qualifier),3,23.5,Turf,Soft,18,Striking A Pose,Jack Tudor,Joe Tizzard,10,153.0,110.0,50.0,6283PP,0.10608020424842834,0.06364812254905701,0.04243208169937134,9.43,17/2,15.71,29/2,23.57,45/2,0,0.0,0.0,0.0,0,0.0,4,0,110.0,0,0,10.0,0,50,1,5,50.0,0,0.0,0,0.0,0,0.0,0,0.0,0.0,0,0,0,0,0,0,0.0
Ascot,11:10 AM ET,16:10,Betfair Handicap Hurdle (Challenger Stayers Hurdle Series Qualifier),3,23.5,Turf,Soft,18,Top Guy,Tristan Durrell,Dan Skelton,6,149.0,106.0,31.0,-50212,0.10608020424842834,0.06364812254905701,0.04243208169937134,9.43,17/2,15.71,29/2,23.57,45/2,0,0.0,0.0,0.0,0,0.0,4,0,106.0,0,0,10.0,0,31,1,5,50.0,0,0.0,0,0.0,0,0.0,0,0.0,0.0,0,0,0,0,0,0,0.0
Ascot,11:45 AM ET,16:45,Betfair Mares' Open National Hunt Flat Race (Category 1 Elimination) (GBB Race),2,15.5,Turf,Soft,9,The Flaggy Shore,NON-RUNNER,Ben Clarke,5,160.0,,29.0,12,0.15811209380626678,0.09486725628376007,0.06324483752250672,6.32,11/2,10.54,19/2,15.81,15/1,0,0.0,0.0,0.0,0,0.0,4,0,0.0,0,0,10.0,0,29,1,5,50.0,0,0.0,0,0.0,0,0.0,0,0.0,0.0,0,0,0,0,0,0,0.0
Ascot,11:45 AM ET,16:45,Betfair Mares' Open National Hunt Flat Race (Category 1 Elimination) (GBB Race),2,15.5,Turf,Soft,9,Burning Embers,Tristan Durrell,Dan Skelton,5,156.0,,,,0.15662650763988495,0.09397590458393097,0.06265060305595398,6.38,11/2,10.64,19/2,15.96,15/1,0,0.0,0.0,0.0,0,0.0,4,0,0.0,0,0,10.0,0,999,1,5,50.0,0,0.0,0,0.0,0,0.0,0,0.0,0.0,0,0,0,0,0,0,0.0
Ascot,11:45 AM ET,16:45,Betfair Mares' Open National Hunt Flat Race (Category 1 Elimination) (GBB Race),2,15.5,Turf,Soft,9,Grizzled Squirrel,Caoilin Quinn,Gary & Josh Moore,5,156.0,,204.0,53,0.15811209380626678,0.09486725628376007,0.06324483752250672,6.32,11/2,10.54,19/2,15.81,15/1,0,0.0,0.0,0.0,0,0.0,4,0,0.0,0,0,10.0,0,204,1,5,50.0,3,0.0,0,0.0,2,0.0,0,0.0,0.0,0,0,0,0,0,0,0.0
Ascot,11:45 AM ET,16:45,Betfair Mares' Open National Hunt Flat Race (Category 1 Elimination) (GBB Race),2,15.5,Turf,Soft,9,Harzandacassandra,Kielan Woods,David Killahena & Graeme McPherson,5,156.0,,,,0.15662650763988495,0.09397590458393097,0.06265060305595398,6.38,11/2,10.64,19/2,15.96,15/1,0,0.0,0.0,0.0,0,0.0,4,0,0.0,0,0,10.0,0,999,1,5,50.0,4,0.0,0,0.0,0,0.0,0,0.0,0.0,0,0,0,0,0,0,0.0
Ascot,11:45 AM ET,16:45,Betfair Mares' Open National Hunt Flat Race (Category 1 Elimination) (GBB Race),2,15.5,Turf,Soft,9,One Dimensional,David Bass,Max Comley,6,156.0,,69.0,5,0.15811209380626678,0.09486725628376007,0.06324483752250672,6.32,11/2,10.54,19/2,15.81,15/1,0,0.0,0.0,0.0,0,0.0,4,0,0.0,0,0,10.0,0,69,1,5,50.0,8,0.0,0,0.0,0,0.0,0,0.0,0.0,0,0,0,0,0,0,0.0
Ascot,11:45 AM ET,16:45,Betfair Mares' Open National Hunt Flat Race (Category 1 Elimination) (GBB Race),2,15.5,Turf,Soft,9,Queen Marcia,Jonathan Burke,D J Jeffreys,5,156.0,,315.0,6-,0.15811209380626678,0.09486725628376007,0.06324483752250672,6.32,11/2,10.54,19/2,15.81,15/1,0,0.0,0.0,0.0,0,0.0,4,0,0.0,0,0,10.0,0,315,1,5,50.0,2,0.0,0,0.0,0,0.0,0,0.0,0.0,0,0,0,0,0,0,0.0
Ascot,11:45 AM ET,16:45,Betfair Mares' Open National Hunt Flat Race (Category 1 Elimination) (GBB Race),2,15.5,Turf,Soft,9,Galante De Vassy,Ned Fox,Tom Symonds,4,144.0,,,,0.15662650763988495,0.09397590458393097,0.06265060305595398,6.38,11/2,10.64,19/2,15.96,15/1,0,0.0,0.0,0.0,0,0.0,4,0,0.0,0,0,10.0,0,999,1,5,50.0,0,0.0,0,0.0,0,0.0,0,0.0,0.0,0,0,0,0,0,0,0.0
Ascot,11:45 AM ET,16:45,Betfair Mares' Open National Hunt Flat Race (Category 1 Elimination) (GBB Race),2,15.5,Turf,Soft,9,Martini Majesty,Tom Bellamy,Alan King,4,144.0,,,,0.15662650763988495,0.09397590458393097,0.06265060305595398,6.38,11/2,10.64,19/2,15.96,15/1,0,0.0,0.0,0.0,0,0.0,4,0,0.0,0,0,10.0,0,999,1,5,50.0,4,0.0,0,0.0,0,0.0,0,0.0,0.0,0,0,0,0,0,0,0.0
Ascot,11:45 AM ET,16:45,Betfair Mares' Open National Hunt Flat Race (Category 1 Elimination) (GBB Race),2,15.5,Turf,Soft,9,Miss Roc On Sal,Ben Poste,Tom Symonds,4,144.0,,,,0.15662650763988495,0.09397590458393097,0.06265060305595398,6.38,11/2,10.64,19/2,15.96,15/1,0,0.0,0.0,0.0,0,0.0,4,0,0.0,0,0,10.0,0,999,1,5,50.0,2,0.0,0,0.0,0,0.0,0,0.0,0.0,0,0,0,0,0,0,0.0
Ascot,11:45 AM ET,16:45,Betfair Mares' Open National Hunt Flat Race (Category 1 Elimination) (GBB Race),2,15.5,Turf,Soft,9,Ms Des Fois,Rex Dingle,Anthony Honeyball,4,144.0,,,,0.15662650763988495,0.09397590458393097,0.06265060305595398,6.38,11/2,10.64,19/2,15.96,15/1,0,0.0,0.0,0.0,0,0.0,4,0,0.0,0,0,10.0,0,999,1,5,50.0,4,0.0,0,0.0,0,0.0,0,0.0,0.0,0,0,0,0,0,0,0.0
Haydock,7:55 AM ET,12:55,Richard Howard 80th Birthday Celebration Victor Ludorum Juvenile Hurdle (GBB Race),2,15.5,Turf,Soft,8,Macktoad,Sean Bowen,Gary & Josh Moore,4,162.0,,49.0,114,0.15811209380626678,0.09486725628376007,0.06324483752250672,6.32,11/2,10.54,19/2,15.81,15/1,0,0.0,0.0,0.0,0,0.0,4,0,0.0,0,0,10.0,0,49,1,5,50.0,10,0.0,1,0.0,0,0.0,0,0.0,0.0,0,0,0,0,0,0,0.0
Haydock,7:55 AM ET,12:55,Richard Howard 80th Birthday Celebration Victor Ludorum Juvenile Hurdle (GBB Race),2,15.5,Turf,Soft,8,The Mighty Celt,Harry Skelton,Dan Skelton,4,162.0,134.0,90.0,5-3228,0.15811209380626678,0.09486725628376007,0.06324483752250672,6.32,11/2,10.54,19/2,15.81,15/1,0,0.0,0.0,0.0,0,0.0,4,0,134.0,0,0,10.0,0,90,1,5,50.0,0,0.0,0,0.0,0,0.0,0,0.0,0.0,0,0,0,0,0,0,0.0
Haydock,7:55 AM ET,12:55,Richard Howard 80th Birthday Celebration Victor Ludorum Juvenile Hurdle (GBB Race),2,15.5,Turf,Soft,8,Pourquoi Pas Papa,Freddie Gingell,Paul Nicholls,4,159.0,121.0,16.0,2221,0.15811209380626678,0.09486725628376007,0.06324483752250672,6.32,11/2,10.54,19/2,15.81,15/1,0,0.0,0.0,0.0,0,0.0,4,0,121.0,0,0,10.0,0,16,1,5,50.0,1,0.0,0,0.0,0,0.0,0,0.0,0.0,0,0,0,0,0,0,0.0
Haydock,7:55 AM ET,12:55,Richard Howard 80th Birthday Celebration Victor Ludorum Juvenile Hurdle (GBB Race),2,15.5,Turf,Soft,8,Love Sonnet,James Davies,Tim Vaughan,4,155.0,116.0,59.0,211,0.15811209380626678,0.09486725628376007,0.06324483752250672,6.32,11/2,10.54,19/2,15.81,15/1,0,0.0,0.0,0.0,0,0.0,4,0,116.0,0,0,10.0,0,59,1,5,50.0,2,0.0,0,0.0,0,0.0,0,0.0,0.0,0,0,0,0,0,0,0.0
Haydock,7:55 AM ET,12:55,Richard Howard 80th Birthday Celebration Victor Ludorum Juvenile Hurdle (GBB Race),2,15.5,Turf,Soft,8,Manlaga,Brian Hughes,Nicky Henderson,4,155.0,127.0,21.0,1-2,0.15811209380626678,0.09486725628376007,0.06324483752250672,6.32,11/2,10.54,19/2,15.81,15/1,0,0.0,0.0,0.0,0,0.0,4,0,127.0,0,0,10.0,0,21,1,5,50.0,12,0.0,0,0.0,0,0.0,0,0.0,0.0,0,0,0,0,0,0,0.0
Haydock,7:55 AM ET,12:55,Richard Howard 80th Birthday Celebration Victor Ludorum Juvenile Hurdle (GBB Race),2,15.5,Turf,Soft,8,Try Them,Donagh Meyler,Emmet Mullins,4,154.0,,47.0,6,0.15811209380626678,0.09486725628376007,0.06324483752250672,6.32,11/2,10.54,19/2,15.81,15/1,0,0.0,0.0,0.0,0,0.0,4,0,0.0,0,0,10.0,0,47,1,5,50.0,0,0.0,0,0.0,0,0.0,0,0.0,0.0,0,0,0,0,0,0,0.0
Haydock,7:55 AM ET,12:55,Richard Howard 80th Birthday Celebration Victor Ludorum Juvenile Hurdle (GBB Race),2,15.5,Turf,Soft,8,Whatsgoingonmarvin,James Bowen,Mickey Bowen,4,154.0,,15.0,82,0.15811209380626678,0.09486725628376007,0.06324483752250672,6.32,11/2,10.54,19/2,15.81,15/1,0,0.0,0.0,0.0,0,0.0,4,0,0.0,0,0,10.0,0,15,1,5,50.0,4,0.0,0,0.0,0,0.0,0,0.0,0.0,0,0,0,0,0,0,0.0
Haydock,7:55 AM ET,12:55,Richard Howard 80th Birthday Celebration Victor Ludorum Juvenile Hurdle (GBB Race),2,15.5,Turf,Soft,8,Word For Word,Craig Nichol,Oliver Greenall & Josh Guerriero,4,154.0,,,,0.15811209380626678,0.09486725628376007,0.06324483752250672,6.32,11/2,10.54,19/2,15.81,15/1,0,0.0,0.0,0.0,0,0.0,4,0,0.0,0,0,10.0,0,999,1,5,50.0,5,0.0,0,0.0,0,0.0,0,0.0,0.0,0,0,0,0,0,0,0.0
Haydock,8:28 AM ET,13:28,QED Scaffolding Ltd Handicap Chase (GBB Race),3,20.0,Turf,Soft,12,Nells Son,Danny McMenamin,Nicky Richards,11,170.0,137.0,27.0,3P-545,0.15662650763988495,0.09397590458393097,0.06265060305595398,6.38,11/2,10.64,19/2,15.96,15/1,0,0.0,0.0,0.0,0,0.0,4,0,137.0,0,0,10.0,0,27,1,5,50.0,5,0.0,0,0.0,0,0.0,0,0.0,0.0,0,0,0,0,0,0,0.0
Haydock,8:28 AM ET,13:28,QED Scaffolding Ltd Handicap Chase (GBB Race),3,20.0,Turf,Soft,12,Pull Again Green,Fern OBrien,Fergal OBrien,10,166.0,133.0,94.0,01125P,0.15662650763988495,0.09397590458393097,0.06265060305595398,6.38,11/2,10.64,19/2,15.96,15/1,0,0.0,0.0,0.0,0,0.0,4,0,133.0,0,0,10.0,0,94,1,5,50.0,20,0.0,0,0.0,9,0.0,0,0.0,0.0,0,0,0,0,0,0,0.0
Haydock,8:28 AM ET,13:28,QED Scaffolding Ltd Handicap Chase (GBB Race),3,20.0,Turf,Soft,12,Western Zephyr,Shane Fenelon,Mickey Bowen,9,163.0,130.0,316.0,1230P-,0.15662650763988495,0.09397590458393097,0.06265060305595398,6.38,11/2,10.64,19/2,15.96,15/1,0,0.0,0.0,0.0,0,0.0,4,0,130.0,0,0,10.0,0,316,1,5,50.0,0,0.0,0,0.0,0,0.0,0,0.0,0.0,0,0,0,0,0,0,0.0
Haydock,8:28 AM ET,13:28,QED Scaffolding Ltd Handicap Chase (GBB Race),3,20.0,Turf,Soft,12,Bythesametoken,Donagh Meyler,Ross OSullivan,12,160.0,127.0,146.0,3443-1,0.15662650763988495,0.09397590458393097,0.06265060305595398,6.38,11/2,10.64,19/2,15.96,15/1,0,0.0,0.0,0.0,0,0.0,4,0,127.0,0,0,10.0,0,146,1,5,50.0,0,0.0,0,0.0,0,0.0,0,0.0,0.0,0,0,0,0,0,0,0.0
Haydock,8:28 AM ET,13:28,QED Scaffolding Ltd Handicap Chase (GBB Race),3,20.0,Turf,Soft,12,Twoshotsoftequila,Nathan Moscrop,Rebecca Menzies,9,160.0,127.0,711.0,23011/,0.15662650763988495,0.09397590458393097,0.06265060305595398,6.38,11/2,10.64,19/2,15.96,15/1,0,0.0,0.0,0.0,0,0.0,4,0,127.0,0,0,10.0,0,711,1,5,50.0,4,0.0,0,0.0,3,0.0,0,0.0,0.0,0,0,0,0,0,0,0.0
Haydock,8:28 AM ET,13:28,QED Scaffolding Ltd Handicap Chase (GBB Race),3,20.0,Turf,Soft,12,The Bluesman,Sean Bowen,Olly Murphy,7,159.0,126.0,48.0,/13-12,0.15662650763988495,0.09397590458393097,0.06265060305595398,6.38,11/2,10.64,19/2,15.96,15/1,0,0.0,0.0,0.0,0,0.0,4,0,126.0,0,0,10.0,0,48,1,5,50.0,10,0.0,1,0.0,0,0.0,0,0.0,0.0,0,0,0,0,0,0,0.0
Haydock,8:28 AM ET,13:28,QED Scaffolding Ltd Handicap Chase (GBB Race),3,20.0,Turf,Soft,12,Harsh,James Bowen,Mickey Bowen,6,158.0,125.0,21.0,03U05P,0.15662650763988495,0.09397590458393097,0.06265060305595398,6.38,11/2,10.64,19/2,15.96,15/1,0,0.0,0.0,0.0,0,0.0,4,0,125.0,0,0,10.0,0,21,1,5,50.0,4,0.0,0,0.0,0,0.0,0,0.0,0.0,0,0,0,0,0,0,0.0
Haydock,8:28 AM ET,13:28,QED Scaffolding Ltd Handicap Chase (GBB Race),3,20.0,Turf,Soft,12,Throatlash,Brian Hughes,Donald McCain,7,157.0,124.0,28.0,3P-111,0.15662650763988495,0.09397590458393097,0.06265060305595398,6.38,11/2,10.64,19/2,15.96,15/1,0,0.0,0.0,0.0,0,0.0,4,0,124.0,0,0,10.0,0,28,1,5,50.0,12,0.0,0,0.0,1,0.0,0,0.0,0.0,0,0,0,0,0,0,0.0
Haydock,8:28 AM ET,13:28,QED Scaffolding Ltd Handicap Chase (GBB Race),3,20.0,Turf,Soft,12,Anyharminasking,Jonjo ONeill Jr,Jonjo & A J ONeill,9,157.0,124.0,136.0,1-02P2,0.15662650763988495,0.09397590458393097,0.06265060305595398,6.38,11/2,10.64,19/2,15.96,15/1,0,0.0,0.0,0.0,0,0.0,4,0,124.0,0,0,10.0,0,136,1,5,50.0,4,0.0,0,0.0,0,0.0,0,0.0,0.0,0,0,0,0,0,0,0.0
Haydock,8:28 AM ET,13:28,QED Scaffolding Ltd Handicap Chase (GBB Race),3,20.0,Turf,Soft,12,Gentleman Bill,Craig Nichol,Oliver Greenall & Josh Guerriero,8,155.0,122.0,9.0,6-353F,0.15811209380626678,0.09486725628376007,0.06324483752250672,6.32,11/2,10.54,19/2,15.81,15/1,0,0.0,0.0,0.0,0,0.0,4,0,122.0,0,0,10.0,0,9,1,5,50.0,5,0.0,0,0.0,0,0.0,0,0.0,0.0,0,0,0,0,0,0,0.0
Haydock,8:28 AM ET,13:28,QED Scaffolding Ltd Handicap Chase (GBB Race),3,20.0,Turf,Soft,12,Taras Halls,Callum Bewley,Joel Parkinson & Sue Smith,8,154.0,121.0,25.0,-P1P2P,0.15662650763988495,0.09397590458393097,0.06265060305595398,6.38,11/2,10.64,19/2,15.96,15/1,0,0.0,0.0,0.0,0,0.0,4,0,121.0,0,0,10.0,0,25,1,5,50.0,2,0.0,0,0.0,0,0.0,0,0.0,0.0,0,0,0,0,0,0,0.0
Haydock,8:28 AM ET,13:28,QED Scaffolding Ltd Handicap Chase (GBB Race),3,20.0,Turf,Soft,12,Cerendipity,Gavin Sheehan,Joel Parkinson & Sue Smith,9,153.0,120.0,28.0,4-24F6,0.15662650763988495,0.09397590458393097,0.06265060305595398,6.38,11/2,10.64,19/2,15.96,15/1,0,0.0,0.0,0.0,0,0.0,4,0,120.0,0,0,10.0,0,28,1,5,50.0,6,0.0,0,0.0,0,0.0,0,0.0,0.0,0,0,0,0,0,0,0.0
Haydock,9:05 AM ET,14:05,ZYN Rendlesham Hurdle (Grade 2) (GBB Race),1,24.5,Turf,Soft,6,Kabral Du Mathan,Harry Skelton,Dan Skelton,6,162.0,154.0,44.0,222-11,0.15811209380626678,0.09486725628376007,0.06324483752250672,6.32,11/2,10.54,19/2,15.81,15/1,0,0.0,0.0,0.0,0,0.0,4,0,154.0,0,0,10.0,0,44,1,5,50.0,0,0.0,0,0.0,0,0.0,0,0.0,0.0,0,0,0,0,0,0,0.0
Haydock,9:05 AM ET,14:05,ZYN Rendlesham Hurdle (Grade 2) (GBB Race),1,24.5,Turf,Soft,6,Henri The Second,Freddie Gingell,Paul Nicholls,9,160.0,141.0,14.0,20-321,0.15811209380626678,0.09486725628376007,0.06324483752250672,6.32,11/2,10.54,19/2,15.81,15/1,0,0.0,0.0,0.0,0,0.0,4,0,141.0,0,0,10.0,0,14,1,5,50.0,1,0.0,0,0.0,0,0.0,0,0.0,0.0,0,0,0,0,0,0,0.0
Haydock,9:05 AM ET,14:05,ZYN Rendlesham Hurdle (Grade 2) (GBB Race),1,24.5,Turf,Soft,6,Beauport,Toby McCain-Mitchell,Nigel & Willy Twiston-Davies,10,156.0,153.0,56.0,320-4P,0.15811209380626678,0.09486725628376007,0.06324483752250672,6.32,11/2,10.54,19/2,15.81,15/1,0,0.0,0.0,0.0,0,0.0,4,0,153.0,0,0,10.0,0,56,1,5,50.0,0,0.0,0,0.0,0,0.0,0,0.0,0.0,0,0,0,0,0,0,0.0
Haydock,9:05 AM ET,14:05,ZYN Rendlesham Hurdle (Grade 2) (GBB Race),1,24.5,Turf,Soft,6,French Ship,Lorcan Williams,Philip Hobbs & Johnson White,6,156.0,146.0,35.0,1-F117,0.15811209380626678,0.09486725628376007,0.06324483752250672,6.32,11/2,10.54,19/2,15.81,15/1,0,0.0,0.0,0.0,0,0.0,4,0,146.0,0,0,10.0,0,35,1,5,50.0,1,0.0,0,0.0,0,0.0,0,0.0,0.0,0,0,0,0,0,0,0.0
Haydock,9:05 AM ET,14:05,ZYN Rendlesham Hurdle (Grade 2) (GBB Race),1,24.5,Turf,Soft,6,Ludor,Gavin Sheehan,Tom Symonds,6,156.0,141.0,27.0,12-133,0.15811209380626678,0.09486725628376007,0.06324483752250672,6.32,11/2,10.54,19/2,15.81,15/1,0,0.0,0.0,0.0,0,0.0,4,0,141.0,0,0,10.0,0,27,1,5,50.0,6,0.0,0,0.0,0,0.0,0,0.0,0.0,0,0,0,0,0,0,0.0
Haydock,9:05 AM ET,14:05,ZYN Rendlesham Hurdle (Grade 2) (GBB Race),1,24.5,Turf,Soft,6,Lavida Adiva,Brian Hughes,Ruth Jefferson,7,153.0,133.0,21.0,2-3414,0.15811209380626678,0.09486725628376007,0.06324483752250672,6.32,11/2,10.54,19/2,15.81,15/1,0,0.0,0.0,0.0,0,0.0,4,0,133.0,0,0,10.0,0,21,1,5,50.0,12,0.0,0,0.0,0,0.0,0,0.0,0.0,0,0,0,0,0,0,0.0
Haydock,9:40 AM ET,14:40,Albert Bartlett Prestige Novices' Hurdle (Grade 2) (GBB Race),1,24.5,Turf,Soft,10,Caughtinyourtrance,Nathan Moscrop,James Moffatt,7,156.0,125.0,21.0,11462P,0.15811209380626678,0.09486725628376007,0.06324483752250672,6.32,11/2,10.54,19/2,15.81,15/1,0,0.0,0.0,0.0,0,0.0,4,0,125.0,0,0,10.0,0,21,1,5,50.0,4,0.0,0,0.0,0,0.0,0,0.0,0.0,0,0,0,0,0,0,0.0
Haydock,9:40 AM ET,14:40,Albert Bartlett Prestige Novices' Hurdle (Grade 2) (GBB Race),1,24.5,Turf,Soft,10,Dalston Lad,Harry Skelton,Dan Skelton,6,156.0,129.0,28.0,0-7211,0.15811209380626678,0.09486725628376007,0.06324483752250672,6.32,11/2,10.54,19/2,15.81,15/1,0,0.0,0.0,0.0,0,0.0,4,0,129.0,0,0,10.0,0,28,1,5,50.0,0,0.0,0,0.0,0,0.0,0,0.0,0.0,0,0,0,0,0,0,0.0
Haydock,9:40 AM ET,14:40,Albert Bartlett Prestige Novices' Hurdle (Grade 2) (GBB Race),1,24.5,Turf,Soft,10,Kasino Des Mottes,Freddie Gingell,Joe Tizzard,6,156.0,126.0,28.0,5153,0.15811209380626678,0.09486725628376007,0.06324483752250672,6.32,11/2,10.54,19/2,15.81,15/1,0,0.0,0.0,0.0,0,0.0,4,0,126.0,0,0,10.0,0,28,1,5,50.0,1,0.0,0,0.0,1,0.0,0,0.0,0.0,0,0,0,0,0,0,0.0
Haydock,9:40 AM ET,14:40,Albert Bartlett Prestige Novices' Hurdle (Grade 2) (GBB Race),1,24.5,Turf,Soft,10,Legendary Luke,Gavin Sheehan,Jamie Snowden,6,156.0,121.0,34.0,211,0.15811209380626678,0.09486725628376007,0.06324483752250672,6.32,11/2,10.54,19/2,15.81,15/1,0,0.0,0.0,0.0,0,0.0,4,0,121.0,0,0,10.0,0,34,1,5,50.0,6,0.0,0,0.0,0,0.0,0,0.0,0.0,0,0,0,0,0,0,0.0
Haydock,9:40 AM ET,14:40,Albert Bartlett Prestige Novices' Hurdle (Grade 2) (GBB Race),1,24.5,Turf,Soft,10,Lon Chaney,Sean Bowen,Olly Murphy,6,156.0,126.0,45.0,521,0.15811209380626678,0.09486725628376007,0.06324483752250672,6.32,11/2,10.54,19/2,15.81,15/1,0,0.0,0.0,0.0,0,0.0,4,0,126.0,0,0,10.0,0,45,1,5,50.0,10,0.0,1,0.0,0,0.0,0,0.0,0.0,0,0,0,0,0,0,0.0
Haydock,9:40 AM ET,14:40,Albert Bartlett Prestige Novices' Hurdle (Grade 2) (GBB Race),1,24.5,Turf,Soft,10,Reckless Spending,James Bowen,Nicky Henderson,6,156.0,134.0,12.0,3371,0.15811209380626678,0.09486725628376007,0.06324483752250672,6.32,11/2,10.54,19/2,15.81,15/1,0,0.0,0.0,0.0,0,0.0,4,0,134.0,0,0,10.0,0,12,1,5,50.0,4,0.0,0,0.0,0,0.0,0,0.0,0.0,0,0,0,0,0,0,0.0
Haydock,9:40 AM ET,14:40,Albert Bartlett Prestige Novices' Hurdle (Grade 2) (GBB Race),1,24.5,Turf,Soft,10,Skuna Bay,Theo Gillard,Donald McCain,7,156.0,120.0,25.0,42-152,0.15811209380626678,0.09486725628376007,0.06324483752250672,6.32,11/2,10.54,19/2,15.81,15/1,0,0.0,0.0,0.0,0,0.0,4,0,120.0,0,0,10.0,0,25,1,5,50.0,2,0.0,0,0.0,2,0.0,0,0.0,0.0,0,0,0,0,0,0,0.0
Haydock,9:40 AM ET,14:40,Albert Bartlett Prestige Novices' Hurdle (Grade 2) (GBB Race),1,24.5,Turf,Soft,10,Tashkhan,Brian Hughes,Brian Ellison,8,156.0,119.0,28.0,135,0.15811209380626678,0.09486725628376007,0.06324483752250672,6.32,11/2,10.54,19/2,15.81,15/1,0,0.0,0.0,0.0,0,0.0,4,0,119.0,0,0,10.0,0,28,1,5,50.0,12,0.0,0,0.0,1,0.0,0,0.0,0.0,0,0,0,0,0,0,0.0
Haydock,9:40 AM ET,14:40,Albert Bartlett Prestige Novices' Hurdle (Grade 2) (GBB Race),1,24.5,Turf,Soft,10,Ubatuba,Ben Sutton,Olly Murphy,6,156.0,132.0,25.0,11,0.15811209380626678,0.09486725628376007,0.06324483752250672,6.32,11/2,10.54,19/2,15.81,15/1,0,0.0,0.0,0.0,0,0.0,4,0,132.0,0,0,10.0,0,25,1,5,50.0,0,0.0,0,0.0,0,0.0,0,0.0,0.0,0,0,0,0,0,0,0.0
Haydock,9:40 AM ET,14:40,Albert Bartlett Prestige Novices' Hurdle (Grade 2) (GBB Race),1,24.5,Turf,Soft,10,Whiskey Yankee,Dylan Johnston,Sam Thomas,5,156.0,,28.0,2-1,0.15662650763988495,0.09397590458393097,0.06265060305595398,6.38,11/2,10.64,19/2,15.96,15/1,0,0.0,0.0,0.0,0,0.0,4,0,0.0,0,0,10.0,0,28,1,5,50.0,0,0.0,0,0.0,0,0.0,0,0.0,0.0,0,0,0,0,0,0,0.0
Haydock,10:15 AM ET,15:15,William Hill Half A Mill Grand National Trial Handicap Chase (Premier Handicap) (GBB Race),1,28.5,Turf,Soft,11,Top Of The Bill,Toby McCain-Mitchell,Nigel & Willy Twiston-Davies,10,168.0,145.0,56.0,4P1-19,0.15662650763988495,0.09397590458393097,0.06265060305595398,6.38,11/2,10.64,19/2,15.96,15/1,0,0.0,0.0,0.0,0,0.0,4,0,145.0,0,0,10.0,0,56,1,5,50.0,0,0.0,0,0.0,0,0.0,0,0.0,0.0,0,0,0,0,0,0,0.0
Haydock,10:15 AM ET,15:15,William Hill Half A Mill Grand National Trial Handicap Chase (Premier Handicap) (GBB Race),1,28.5,Turf,Soft,11,Monbeg Genius,Jonjo ONeill Jr,Jonjo & A J ONeill,10,165.0,142.0,49.0,1P6-P5,0.15662650763988495,0.09397590458393097,0.06265060305595398,6.38,11/2,10.64,19/2,15.96,15/1,0,0.0,0.0,0.0,0,0.0,4,0,142.0,0,0,10.0,0,49,1,5,50.0,4,0.0,0,0.0,0,0.0,0,0.0,0.0,0,0,0,0,0,0,0.0
Haydock,10:15 AM ET,15:15,William Hill Half A Mill Grand National Trial Handicap Chase (Premier Handicap) (GBB Race),1,28.5,Turf,Soft,11,Myretown,Derek Fox,Lucinda Russell & Michael Scudamore,9,165.0,142.0,28.0,F11-F4,0.15811209380626678,0.09486725628376007,0.06324483752250672,6.32,11/2,10.54,19/2,15.81,15/1,0,0.0,0.0,0.0,0,0.0,4,0,142.0,0,0,10.0,0,28,1,5,50.0,0,0.0,0,0.0,0,0.0,0,0.0,0.0,0,0,0,0,0,0,0.0
Haydock,10:15 AM ET,15:15,William Hill Half A Mill Grand National Trial Handicap Chase (Premier Handicap) (GBB Race),1,28.5,Turf,Soft,11,Richmond Lake,Brian Hughes,Donald McCain,10,159.0,136.0,28.0,P8-322,0.15811209380626678,0.09486725628376007,0.06324483752250672,6.32,11/2,10.54,19/2,15.81,15/1,0,0.0,0.0,0.0,0,0.0,4,0,136.0,0,0,10.0,0,28,1,5,50.0,12,0.0,0,0.0,1,0.0,0,0.0,0.0,0,0,0,0,0,0,0.0
Haydock,10:15 AM ET,15:15,William Hill Half A Mill Grand National Trial Handicap Chase (Premier Handicap) (GBB Race),1,28.5,Turf,Soft,11,Deafening Silence,Harry Skelton,Dan Skelton,9,156.0,133.0,49.0,215-23,0.15662650763988495,0.09397590458393097,0.06265060305595398,6.38,11/2,10.64,19/2,15.96,15/1,0,0.0,0.0,0.0,0,0.0,4,0,133.0,0,0,10.0,0,49,1,5,50.0,0,0.0,0,0.0,0,0.0,0,0.0,0.0,0,0,0,0,0,0,0.0
Haydock,10:15 AM ET,15:15,William Hill Half A Mill Grand National Trial Handicap Chase (Premier Handicap) (GBB Race),1,28.5,Turf,Soft,11,Git Maker,Gavin Sheehan,Jamie Snowden,10,152.0,129.0,49.0,030-3P,0.15662650763988495,0.09397590458393097,0.06265060305595398,6.38,11/2,10.64,19/2,15.96,15/1,0,0.0,0.0,0.0,0,0.0,4,0,129.0,0,0,10.0,0,49,1,5,50.0,6,0.0,0,0.0,0,0.0,0,0.0,0.0,0,0,0,0,0,0,0.0
Haydock,10:15 AM ET,15:15,William Hill Half A Mill Grand National Trial Handicap Chase (Premier Handicap) (GBB Race),1,28.5,Turf,Soft,11,Grand Geste,Danny McMenamin,Joel Parkinson & Sue Smith,7,152.0,129.0,21.0,P-221P,0.15811209380626678,0.09486725628376007,0.06324483752250672,6.32,11/2,10.54,19/2,15.81,15/1,0,0.0,0.0,0.0,0,0.0,4,0,129.0,0,0,10.0,0,21,1,5,50.0,5,0.0,0,0.0,0,0.0,0,0.0,0.0,0,0,0,0,0,0,0.0
Haydock,10:15 AM ET,15:15,William Hill Half A Mill Grand National Trial Handicap Chase (Premier Handicap) (GBB Race),1,28.5,Turf,Soft,11,Rivers Corner,Freddie Gingell,Joe Tizzard,8,150.0,127.0,30.0,2-3331,0.15811209380626678,0.09486725628376007,0.06324483752250672,6.32,11/2,10.54,19/2,15.81,15/1,0,0.0,0.0,0.0,0,0.0,4,0,127.0,0,0,10.0,0,30,1,5,50.0,1,0.0,0,0.0,1,0.0,0,0.0,0.0,0,0,0,0,0,0,0.0
Haydock,10:15 AM ET,15:15,William Hill Half A Mill Grand National Trial Handicap Chase (Premier Handicap) (GBB Race),1,28.5,Turf,Soft,11,Holokea,James Bowen,Mickey Bowen,7,147.0,124.0,27.0,-21222,0.15662650763988495,0.09397590458393097,0.06265060305595398,6.38,11/2,10.64,19/2,15.96,15/1,0,0.0,0.0,0.0,0,0.0,4,0,124.0,0,0,10.0,0,27,1,5,50.0,4,0.0,0,0.0,0,0.0,0,0.0,0.0,0,0,0,0,0,0,0.0
Haydock,10:15 AM ET,15:15,William Hill Half A Mill Grand National Trial Handicap Chase (Premier Handicap) (GBB Race),1,28.5,Turf,Soft,11,Grand Albert,Sean Bowen,Donald McCain,8,145.0,122.0,56.0,313-45,0.15662650763988495,0.09397590458393097,0.06265060305595398,6.38,11/2,10.64,19/2,15.96,15/1,0,0.0,0.0,0.0,0,0.0,4,0,122.0,0,0,10.0,0,56,1,5,50.0,10,0.0,1,0.0,0,0.0,0,0.0,0.0,0,0,0,0,0,0,0.0
Haydock,10:15 AM ET,15:15,William Hill Half A Mill Grand National Trial Handicap Chase (Premier Handicap) (GBB Race),1,28.5,Turf,Soft,11,Neo King,James Turner,Evan Williams,8,142.0,119.0,27.0,2-2261,0.11320754885673523,0.06792452931404114,0.04528301954269409,8.83,8/1,14.72,27/2,22.08,21/1,0,0.0,0.0,0.0,0,0.0,4,0,119.0,0,0,10.0,0,27,1,5,50.0,1,0.0,0,0.0,0,0.0,0,0.0,0.0,0,0,0,0,0,0,0.0
Haydock,10:50 AM ET,15:50,Pertemps Network Handicap Hurdle (Pertemps Hurdle Series Qualifier) (GBB Race),2,24.5,Turf,Soft,15,Stay Away Fay,Freddie Gingell,Paul Nicholls,9,168.0,140.0,28.0,0P-P82,0.15662650763988495,0.09397590458393097,0.06265060305595398,6.38,11/2,10.64,19/2,15.96,15/1,0,0.0,0.0,0.0,0,0.0,4,0,140.0,0,0,10.0,0,28,1,5,50.0,1,0.0,0,0.0,0,0.0,0,0.0,0.0,0,0,0,0,0,0,0.0
Haydock,10:50 AM ET,15:50,Pertemps Network Handicap Hurdle (Pertemps Hurdle Series Qualifier) (GBB Race),2,24.5,Turf,Soft,15,Nurse Susan,Harry Skelton,Dan Skelton,9,168.0,140.0,42.0,09-911,0.15662650763988495,0.09397590458393097,0.06265060305595398,6.38,11/2,10.64,19/2,15.96,15/1,0,0.0,0.0,0.0,0,0.0,4,0,140.0,0,0,10.0,0,42,1,5,50.0,0,0.0,0,0.0,0,0.0,0,0.0,0.0,0,0,0,0,0,0,0.0
Haydock,10:50 AM ET,15:50,Pertemps Network Handicap Hurdle (Pertemps Hurdle Series Qualifier) (GBB Race),2,24.5,Turf,Soft,15,Chart Topper,Brian Hayes,W P Mullins,7,167.0,139.0,112.0,22-63P,0.11320754885673523,0.06792452931404114,0.04528301954269409,8.83,8/1,14.72,27/2,22.08,21/1,0,0.0,0.0,0.0,0,0.0,4,0,139.0,0,0,10.0,0,112,1,5,50.0,0,0.0,0,0.0,0,0.0,0,0.0,0.0,0,0,0,0,0,0,0.0
Haydock,10:50 AM ET,15:50,Pertemps Network Handicap Hurdle (Pertemps Hurdle Series Qualifier) (GBB Race),2,24.5,Turf,Soft,15,Red Dirt Road,Jonjo ONeill Jr,Jonjo & A J ONeill,9,164.0,136.0,14.0,511P-P,0.15662650763988495,0.09397590458393097,0.06265060305595398,6.38,11/2,10.64,19/2,15.96,15/1,0,0.0,0.0,0.0,0,0.0,4,0,136.0,0,0,10.0,0,14,1,5,50.0,4,0.0,0,0.0,0,0.0,0,0.0,0.0,0,0,0,0,0,0,0.0
Haydock,10:50 AM ET,15:50,Pertemps Network Handicap Hurdle (Pertemps Hurdle Series Qualifier) (GBB Race),2,24.5,Turf,Soft,15,Doughmore Bay,Gavin Sheehan,Emma Lavelle,8,160.0,132.0,27.0,27/3P2,0.15662650763988495,0.09397590458393097,0.06265060305595398,6.38,11/2,10.64,19/2,15.96,15/1,0,0.0,0.0,0.0,0,0.0,4,0,132.0,0,0,10.0,0,27,1,5,50.0,6,0.0,0,0.0,0,0.0,0,0.0,0.0,0,0,0,0,0,0,0.0
Haydock,10:50 AM ET,15:50,Pertemps Network Handicap Hurdle (Pertemps Hurdle Series Qualifier) (GBB Race),2,24.5,Turf,Soft,15,Cave Court,Mr O McGill,Noel C Kelly,9,159.0,131.0,197.0,14-720,0.15662650763988495,0.09397590458393097,0.06265060305595398,6.38,11/2,10.64,19/2,15.96,15/1,0,0.0,0.0,0.0,0,0.0,4,0,131.0,0,0,10.0,0,197,1,5,50.0,0,0.0,0,0.0,0,0.0,0,0.0,0.0,0,0,0,0,0,0,0.0
Haydock,10:50 AM ET,15:50,Pertemps Network Handicap Hurdle (Pertemps Hurdle Series Qualifier) (GBB Race),2,24.5,Turf,Soft,15,Minella Emperor,Donagh Meyler,Emmet Mullins,7,157.0,129.0,27.0,51P432,0.15662650763988495,0.09397590458393097,0.06265060305595398,6.38,11/2,10.64,19/2,15.96,15/1,0,0.0,0.0,0.0,0,0.0,4,0,129.0,0,0,10.0,0,27,1,5,50.0,0,0.0,0,0.0,0,0.0,0,0.0,0.0,0,0,0,0,0,0,0.0
Haydock,10:50 AM ET,15:50,Pertemps Network Handicap Hurdle (Pertemps Hurdle Series Qualifier) (GBB Race),2,24.5,Turf,Soft,15,Off The Jury,James Bowen,Mickey Bowen,7,156.0,128.0,37.0,O2-322,0.11320754885673523,0.06792452931404114,0.04528301954269409,8.83,8/1,14.72,27/2,22.08,21/1,0,0.0,0.0,0.0,0,0.0,4,0,128.0,0,0,10.0,0,37,1,5,50.0,4,0.0,0,0.0,0,0.0,0,0.0,0.0,0,0,0,0,0,0,0.0
Haydock,10:50 AM ET,15:50,Pertemps Network Handicap Hurdle (Pertemps Hurdle Series Qualifier) (GBB Race),2,24.5,Turf,Soft,15,Go To War,Brian Hughes,Nicky Henderson,8,154.0,126.0,27.0,3P-5P1,0.15662650763988495,0.09397590458393097,0.06265060305595398,6.38,11/2,10.64,19/2,15.96,15/1,0,0.0,0.0,0.0,0,0.0,4,0,126.0,0,0,10.0,0,27,1,5,50.0,12,0.0,0,0.0,0,0.0,0,0.0,0.0,0,0,0,0,0,0,0.0
Haydock,10:50 AM ET,15:50,Pertemps Network Handicap Hurdle (Pertemps Hurdle Series Qualifier) (GBB Race),2,24.5,Turf,Soft,15,Serious Chat,NON-RUNNER,Donald McCain,7,153.0,125.0,44.0,-21517,0.15662650763988495,0.09397590458393097,0.06265060305595398,6.38,11/2,10.64,19/2,15.96,15/1,0,0.0,0.0,0.0,0,0.0,4,0,125.0,0,0,10.0,0,44,1,5,50.0,0,0.0,0,0.0,0,0.0,0,0.0,0.0,0,0,0,0,0,0,0.0
Haydock,10:50 AM ET,15:50,Pertemps Network Handicap Hurdle (Pertemps Hurdle Series Qualifier) (GBB Race),2,24.5,Turf,Soft,15,Champagne Chic,Lorcan Williams,Jeremy Scott,6,152.0,124.0,30.0,40-621,0.15662650763988495,0.09397590458393097,0.06265060305595398,6.38,11/2,10.64,19/2,15.96,15/1,0,0.0,0.0,0.0,0,0.0,4,0,124.0,0,0,10.0,0,30,1,5,50.0,1,0.0,0,0.0,0,0.0,0,0.0,0.0,0,0,0,0,0,0,0.0
Haydock,10:50 AM ET,15:50,Pertemps Network Handicap Hurdle (Pertemps Hurdle Series Qualifier) (GBB Race),2,24.5,Turf,Soft,15,Stones Throw,James Davies,Billy Aprahamian,6,150.0,122.0,47.0,61-P11,0.15662650763988495,0.09397590458393097,0.06265060305595398,6.38,11/2,10.64,19/2,15.96,15/1,0,0.0,0.0,0.0,0,0.0,4,0,122.0,0,0,10.0,0,47,1,5,50.0,2,0.0,0,0.0,0,0.0,0,0.0,0.0,0,0,0,0,0,0,0.0
Haydock,10:50 AM ET,15:50,Pertemps Network Handicap Hurdle (Pertemps Hurdle Series Qualifier) (GBB Race),2,24.5,Turf,Soft,15,Jupiter Des Mottes,Danny McMenamin,Nicky Richards,7,150.0,122.0,104.0,/126-9,0.11320754885673523,0.06792452931404114,0.04528301954269409,8.83,8/1,14.72,27/2,22.08,21/1,0,0.0,0.0,0.0,0,0.0,4,0,122.0,0,0,10.0,0,104,1,5,50.0,5,0.0,0,0.0,0,0.0,0,0.0,0.0,0,0,0,0,0,0,0.0
Haydock,10:50 AM ET,15:50,Pertemps Network Handicap Hurdle (Pertemps Hurdle Series Qualifier) (GBB Race),2,24.5,Turf,Soft,15,Thanksforthehelp,Richie McLernon,David Pipe,9,150.0,122.0,28.0,3-1775,0.15662650763988495,0.09397590458393097,0.06265060305595398,6.38,11/2,10.64,19/2,15.96,15/1,0,0.0,0.0,0.0,0,0.0,4,0,122.0,0,0,10.0,0,28,1,5,50.0,5,0.0,0,0.0,0,0.0,0,0.0,0.0,0,0,0,0,0,0,0.0
Haydock,10:50 AM ET,15:50,Pertemps Network Handicap Hurdle (Pertemps Hurdle Series Qualifier) (GBB Race),2,24.5,Turf,Soft,15,Found A Diamond,Shane Markey,Ross OSullivan,6,146.0,118.0,31.0,621513,0.10608020424842834,0.06364812254905701,0.04243208169937134,9.43,17/2,15.71,29/2,23.57,45/2,0,0.0,0.0,0.0,0,0.0,4,0,118.0,0,0,10.0,0,31,1,5,50.0,0,0.0,0,0.0,0,0.0,0,0.0,0.0,0,0,0,0,0,0,0.0
Haydock,10:50 AM ET,15:50,Pertemps Network Handicap Hurdle (Pertemps Hurdle Series Qualifier) (GBB Race),2,24.5,Turf,Soft,15,Gwennie May Star,Sean Bowen,Olly Murphy,6,143.0,115.0,22.0,-35141,0.10608020424842834,0.06364812254905701,0.04243208169937134,9.43,17/2,15.71,29/2,23.57,45/2,0,0.0,0.0,0.0,0,0.0,4,0,115.0,0,0,10.0,0,22,1,5,50.0,10,0.0,1,0.0,0,0.0,0,0.0,0.0,0,0,0,0,0,0,0.0
Haydock,11:30 AM ET,16:30,Walrus Open Hunters' Chase,3,22.5,Turf,Soft,7,Shearer,Miss Gina Andrews,Paul Nicholls,10,172.0,135.0,337.0,1/115-,0.15811209380626678,0.09486725628376007,0.06324483752250672,6.32,11/2,10.54,19/2,15.81,15/1,0,0.0,0.0,0.0,0,0.0,4,0,135.0,0,0,10.0,0,337,1,5,50.0,14,0.0,0,0.0,0,0.0,0,0.0,0.0,0,0,0,0,0,0,0.0
Haydock,11:30 AM ET,16:30,Walrus Open Hunters' Chase,3,22.5,Turf,Soft,7,Unexpected Party,Miss Heidi Palin,Dan Skelton,11,172.0,147.0,37.0,5-52P1,0.15811209380626678,0.09486725628376007,0.06324483752250672,6.32,11/2,10.54,19/2,15.81,15/1,0,0.0,0.0,0.0,0,0.0,4,0,147.0,0,0,10.0,0,37,1,5,50.0,0,0.0,0,0.0,0,0.0,0,0.0,0.0,0,0,0,0,0,0,0.0
Haydock,11:30 AM ET,16:30,Walrus Open Hunters' Chase,3,22.5,Turf,Soft,7,Lift Me Up,Mr Martin McIntyre,Miss M Filby,10,169.0,127.0,337.0,/3210-,0.15811209380626678,0.09486725628376007,0.06324483752250672,6.32,11/2,10.54,19/2,15.81,15/1,0,0.0,0.0,0.0,0,0.0,4,0,127.0,0,0,10.0,0,337,1,5,50.0,0,0.0,0,0.0,0,0.0,0,0.0,0.0,0,0,0,0,0,0,0.0
Haydock,11:30 AM ET,16:30,Walrus Open Hunters' Chase,3,22.5,Turf,Soft,7,Take All,Mr Samuel Scott,Myles Osborne,11,169.0,126.0,30.0,F1-443,0.15811209380626678,0.09486725628376007,0.06324483752250672,6.32,11/2,10.54,19/2,15.81,15/1,0,0.0,0.0,0.0,0,0.0,4,0,126.0,0,0,10.0,0,30,1,5,50.0,0,0.0,0,0.0,0,0.0,0,0.0,0.0,0,0,0,0,0,0,0.0
Haydock,11:30 AM ET,16:30,Walrus Open Hunters' Chase,3,22.5,Turf,Soft,7,Darraby,Mr Huw Edwards,Miss Laura Richardson,7,166.0,113.0,980.0,7/43/,0.15811209380626678,0.09486725628376007,0.06324483752250672,6.32,11/2,10.54,19/2,15.81,15/1,0,0.0,0.0,0.0,0,0.0,4,0,113.0,0,0,10.0,0,980,1,5,50.0,0,0.0,0,0.0,0,0.0,0,0.0,0.0,0,0,0,0,0,0,0.0
Haydock,11:30 AM ET,16:30,Walrus Open Hunters' Chase,3,22.5,Turf,Soft,7,Good Boy Bobby,Miss Amber Jackson-Fennell,Nigel & Willy Twiston-Davies,13,166.0,126.0,350.0,323P3-,0.15811209380626678,0.09486725628376007,0.06324483752250672,6.32,11/2,10.54,19/2,15.81,15/1,0,0.0,0.0,0.0,0,0.0,4,0,126.0,0,0,10.0,0,350,1,5,50.0,0,0.0,0,0.0,0,0.0,0,0.0,0.0,0,0,0,0,0,0,0.0
Haydock,11:30 AM ET,16:30,Walrus Open Hunters' Chase,3,22.5,Turf,Soft,7,Settle Down Jill,Mr Paddy Barlow,Norman Sanderson,6,159.0,108.0,55.0,12532P,0.15811209380626678,0.09486725628376007,0.06324483752250672,6.32,11/2,10.54,19/2,15.81,15/1,0,0.0,0.0,0.0,0,0.0,4,0,108.0,0,0,10.0,0,55,1,5,50.0,3,0.0,0,0.0,0,0.0,0,0.0,0.0,0,0,0,0,0,0,0.0
Wincanton,7:35 AM ET,12:35,BetMGM Premier League Darts Conditional Jockeys' Handicap Hurdle,5,21.5,Turf,Heavy,7,At The Oche,Tom Broughton,Nigel & Willy Twiston-Davies,5,168.0,105.0,25.0,-21252,0.15811209380626678,0.09486725628376007,0.06324483752250672,6.32,11/2,10.54,19/2,15.81,15/1,0,0.0,0.0,0.0,0,0.0,4,0,105.0,0,0,10.0,0,25,1,6,50.0,2,0.0,0,0.0,0,0.0,0,0.0,0.0,0,0,0,0,0,0,0.0
Wincanton,7:35 AM ET,12:35,BetMGM Premier League Darts Conditional Jockeys' Handicap Hurdle,5,21.5,Turf,Heavy,7,Star Of Diamonds,Cameron Johnstone-Baker,Emma Lavelle,7,168.0,105.0,18.0,54-83P,0.15811209380626678,0.09486725628376007,0.06324483752250672,6.32,11/2,10.54,19/2,15.81,15/1,0,0.0,0.0,0.0,0,0.0,4,0,105.0,0,0,10.0,0,18,1,6,50.0,0,0.0,0,0.0,0,0.0,0,0.0,0.0,0,0,0,0,0,0,0.0
Wincanton,7:35 AM ET,12:35,BetMGM Premier League Darts Conditional Jockeys' Handicap Hurdle,5,21.5,Turf,Heavy,7,Eton Mes,Rian Corcoran,David Pipe,5,168.0,105.0,21.0,-94441,0.15811209380626678,0.09486725628376007,0.06324483752250672,6.32,11/2,10.54,19/2,15.81,15/1,0,0.0,0.0,0.0,0,0.0,4,0,105.0,0,0,10.0,0,21,1,6,50.0,0,0.0,0,0.0,0,0.0,0,0.0,0.0,0,0,0,0,0,0,0.0
Wincanton,7:35 AM ET,12:35,BetMGM Premier League Darts Conditional Jockeys' Handicap Hurdle,5,21.5,Turf,Heavy,7,Looking For Larry,Murray Dodd,Tim Dennis,8,165.0,102.0,36.0,01P7-5,0.15811209380626678,0.09486725628376007,0.06324483752250672,6.32,11/2,10.54,19/2,15.81,15/1,0,0.0,0.0,0.0,0,0.0,4,0,102.0,0,0,10.0,0,36,1,6,50.0,0,0.0,0,0.0,0,0.0,0,0.0,0.0,0,0,0,0,0,0,0.0
Wincanton,7:35 AM ET,12:35,BetMGM Premier League Darts Conditional Jockeys' Handicap Hurdle,5,21.5,Turf,Heavy,7,Thankyouandplease,Paddy Hanlon,Syd Hosie,6,162.0,99.0,16.0,631207,0.15811209380626678,0.09486725628376007,0.06324483752250672,6.32,11/2,10.54,19/2,15.81,15/1,0,0.0,0.0,0.0,0,0.0,4,0,99.0,0,0,10.0,0,16,1,6,50.0,0,0.0,0,0.0,0,0.0,0,0.0,0.0,0,0,0,0,0,0,0.0
Wincanton,7:35 AM ET,12:35,BetMGM Premier League Darts Conditional Jockeys' Handicap Hurdle,5,21.5,Turf,Heavy,7,Moonlight Artist,Ciaran OShea,Joe Tizzard,8,144.0,81.0,89.0,-45547,0.15811209380626678,0.09486725628376007,0.06324483752250672,6.32,11/2,10.54,19/2,15.81,15/1,0,0.0,0.0,0.0,0,0.0,4,0,81.0,0,0,10.0,0,89,1,6,50.0,0,0.0,0,0.0,0,0.0,0,0.0,0.0,0,0,0,0,0,0,0.0
Wincanton,7:35 AM ET,12:35,BetMGM Premier League Darts Conditional Jockeys' Handicap Hurdle,5,21.5,Turf,Heavy,7,Charlies Jetaway,Oscar Palmer,Syd Hosie,5,142.0,79.0,28.0,680,0.15811209380626678,0.09486725628376007,0.06324483752250672,6.32,11/2,10.54,19/2,15.81,15/1,0,0.0,0.0,0.0,0,0.0,4,0,79.0,0,0,10.0,0,28,1,6,50.0,3,0.0,0,0.0,0,0.0,0,0.0,0.0,0,0,0,0,0,0,0.0
Wincanton,8:05 AM ET,13:05,BetMGM Agatha Christie Mares' Novices' Chase (Listed Race) (GBB Race),1,15.5,Turf,Heavy,5,Bluey,Brendan Powell,Emma Lavelle,7,156.0,133.0,29.0,7-1421,0.15811209380626678,0.09486725628376007,0.06324483752250672,6.32,11/2,10.54,19/2,15.81,15/1,0,0.0,0.0,0.0,0,0.0,4,0,133.0,0,0,10.0,0,29,1,6,50.0,10,0.0,0,0.0,0,0.0,0,0.0,0.0,0,0,0,0,0,0,0.0
Wincanton,8:05 AM ET,13:05,BetMGM Agatha Christie Mares' Novices' Chase (Listed Race) (GBB Race),1,15.5,Turf,Heavy,5,Followango,Isabel Williams,Evan Williams,8,156.0,105.0,15.0,222761,0.15811209380626678,0.09486725628376007,0.06324483752250672,6.32,11/2,10.54,19/2,15.81,15/1,0,0.0,0.0,0.0,0,0.0,4,0,105.0,0,0,10.0,0,15,1,6,50.0,7,0.0,0,0.0,3,0.0,0,0.0,0.0,0,0,0,0,0,0,0.0
Wincanton,8:05 AM ET,13:05,BetMGM Agatha Christie Mares' Novices' Chase (Listed Race) (GBB Race),1,15.5,Turf,Heavy,5,Kilbarry Saint,NON-RUNNER,C OKeeffe,7,156.0,,69.0,45-245,0.15811209380626678,0.09486725628376007,0.06324483752250672,6.32,11/2,10.54,19/2,15.81,15/1,0,0.0,0.0,0.0,0,0.0,4,0,0.0,0,0,10.0,0,69,1,6,50.0,0,0.0,0,0.0,0,0.0,0,0.0,0.0,0,0,0,0,0,0,0.0
Wincanton,8:05 AM ET,13:05,BetMGM Agatha Christie Mares' Novices' Chase (Listed Race) (GBB Race),1,15.5,Turf,Heavy,5,Presenting A Queen,Sam Twiston-Davies,Anthony Honeyball,9,156.0,110.0,31.0,36/F34,0.15811209380626678,0.09486725628376007,0.06324483752250672,6.32,11/2,10.54,19/2,15.81,15/1,0,0.0,0.0,0.0,0,0.0,4,0,110.0,0,0,10.0,0,31,1,6,50.0,9,0.0,0,0.0,0,0.0,0,0.0,0.0,0,0,0,0,0,0,0.0
Wincanton,8:05 AM ET,13:05,BetMGM Agatha Christie Mares' Novices' Chase (Listed Race) (GBB Race),1,15.5,Turf,Heavy,5,Queens Gamble,Paul OBrien,Harry Derham,8,156.0,132.0,13.0,269-33,0.15811209380626678,0.09486725628376007,0.06324483752250672,6.32,11/2,10.54,19/2,15.81,15/1,0,0.0,0.0,0.0,0,0.0,4,0,132.0,0,0,10.0,0,13,1,6,50.0,1,0.0,0,0.0,1,0.0,0,0.0,0.0,0,0,0,0,0,0,0.0
Wincanton,8:05 AM ET,13:05,BetMGM Agatha Christie Mares' Novices' Chase (Listed Race) (GBB Race),1,15.5,Turf,Heavy,5,Sunday Soldier,Nick Slatter,David Killahena & Graeme McPherson,8,156.0,109.0,26.0,-344F5,0.15811209380626678,0.09486725628376007,0.06324483752250672,6.32,11/2,10.54,19/2,15.81,15/1,0,0.0,0.0,0.0,0,0.0,4,0,109.0,0,0,10.0,0,26,1,6,50.0,2,0.0,0,0.0,1,0.0,0,0.0,0.0,0,0,0,0,0,0,0.0
Wincanton,8:35 AM ET,13:35,BetMGM Kingwell Hurdle (Grade 2) (GBB Race),1,15.0,Turf,Heavy,4,Rubaud,Sam Twiston-Davies,Paul Nicholls,8,164.0,149.0,50.0,5-5113,0.15811209380626678,0.09486725628376007,0.06324483752250672,6.32,11/2,10.54,19/2,15.81,15/1,0,0.0,0.0,0.0,0,0.0,4,0,149.0,0,0,10.0,0,50,1,6,50.0,9,0.0,0,0.0,0,0.0,0,0.0,0.0,0,0,0,0,0,0,0.0
Wincanton,8:35 AM ET,13:35,BetMGM Kingwell Hurdle (Grade 2) (GBB Race),1,15.0,Turf,Heavy,4,Alexei,Brendan Powell,Joe Tizzard,6,162.0,148.0,56.0,8-2113,0.15811209380626678,0.09486725628376007,0.06324483752250672,6.32,11/2,10.54,19/2,15.81,15/1,0,0.0,0.0,0.0,0,0.0,4,0,148.0,0,0,10.0,0,56,1,6,50.0,10,0.0,0,0.0,0,0.0,0,0.0,0.0,0,0,0,0,0,0,0.0
Wincanton,8:35 AM ET,13:35,BetMGM Kingwell Hurdle (Grade 2) (GBB Race),1,15.0,Turf,Heavy,4,Intellotto,Robbie David,Daisy Hitchins,6,158.0,140.0,169.0,/3-133,0.15811209380626678,0.09486725628376007,0.06324483752250672,6.32,11/2,10.54,19/2,15.81,15/1,0,0.0,0.0,0.0,0,0.0,4,0,140.0,0,0,10.0,0,169,1,6,50.0,0,0.0,0,0.0,0,0.0,0,0.0,0.0,0,0,0,0,0,0,0.0
Wincanton,8:35 AM ET,13:35,BetMGM Kingwell Hurdle (Grade 2) (GBB Race),1,15.0,Turf,Heavy,4,Secret Squirrel,Paul OBrien,Hughie Morrison,7,158.0,133.0,371.0,/3F1F-,0.15811209380626678,0.09486725628376007,0.06324483752250672,6.32,11/2,10.54,19/2,15.81,15/1,0,0.0,0.0,0.0,0,0.0,4,0,133.0,0,0,10.0,0,371,1,6,50.0,1,0.0,0,0.0,0,0.0,0,0.0,0.0,0,0,0,0,0,0,0.0
Wincanton,9:11 AM ET,14:11,"BetMGM King Of The Golden Darts ""National Hunt"" Maiden Hurdle (GBB Race)",4,15.0,Turf,Heavy,11,Caballero Cliff,Robert Dunne,Robert Stephens,5,161.0,,66.0,244-65,0.11320754885673523,0.06792452931404114,0.04528301954269409,8.83,8/1,14.72,27/2,22.08,21/1,0,0.0,0.0,0.0,0,0.0,4,0,0.0,0,0,10.0,0,66,1,6,50.0,11,0.0,0,0.0,0,0.0,0,0.0,0.0,0,0,0,0,0,0,0.0
Wincanton,9:11 AM ET,14:11,"BetMGM King Of The Golden Darts ""National Hunt"" Maiden Hurdle (GBB Race)",4,15.0,Turf,Heavy,11,Full Force Gale,Charlie Deutsch,Tom George,6,161.0,,355.0,16P-,0.15662650763988495,0.09397590458393097,0.06265060305595398,6.38,11/2,10.64,19/2,15.96,15/1,0,0.0,0.0,0.0,0,0.0,4,0,0.0,0,0,10.0,0,355,1,6,50.0,10,0.0,0,0.0,0,0.0,0,0.0,0.0,0,0,0,0,0,0,0.0
Wincanton,9:11 AM ET,14:11,"BetMGM King Of The Golden Darts ""National Hunt"" Maiden Hurdle (GBB Race)",4,15.0,Turf,Heavy,11,King Sacre,James Best,Nigel Hawke,6,161.0,,28.0,46-50,0.15662650763988495,0.09397590458393097,0.06265060305595398,6.38,11/2,10.64,19/2,15.96,15/1,0,0.0,0.0,0.0,0,0.0,4,0,0.0,0,0,10.0,0,28,1,6,50.0,3,0.0,0,0.0,0,0.0,0,0.0,0.0,0,0,0,0,0,0,0.0
Wincanton,9:11 AM ET,14:11,"BetMGM King Of The Golden Darts ""National Hunt"" Maiden Hurdle (GBB Race)",4,15.0,Turf,Heavy,11,Marhaba Prince,Sam Twiston-Davies,Anthony Honeyball,5,161.0,,71.0,17-32,0.11320754885673523,0.06792452931404114,0.04528301954269409,8.83,8/1,14.72,27/2,22.08,21/1,0,0.0,0.0,0.0,0,0.0,4,0,0.0,0,0,10.0,0,71,1,6,50.0,9,0.0,0,0.0,0,0.0,0,0.0,0.0,0,0,0,0,0,0,0.0
Wincanton,9:11 AM ET,14:11,"BetMGM King Of The Golden Darts ""National Hunt"" Maiden Hurdle (GBB Race)",4,15.0,Turf,Heavy,11,Richforadaay,Bryan Carver,I Chanin,6,161.0,,16.0,90,0.15662650763988495,0.09397590458393097,0.06265060305595398,6.38,11/2,10.64,19/2,15.96,15/1,0,0.0,0.0,0.0,0,0.0,4,0,0.0,0,0,10.0,0,16,1,6,50.0,1,0.0,0,0.0,0,0.0,0,0.0,0.0,0,0,0,0,0,0,0.0
Wincanton,9:11 AM ET,14:11,"BetMGM King Of The Golden Darts ""National Hunt"" Maiden Hurdle (GBB Race)",4,15.0,Turf,Heavy,11,The Egyptian Ginge,Mr Jamie Neild,Nigel & Willy Twiston-Davies,5,161.0,115.0,35.0,42-555,0.15662650763988495,0.09397590458393097,0.06265060305595398,6.38,11/2,10.64,19/2,15.96,15/1,0,0.0,0.0,0.0,0,0.0,4,0,115.0,0,0,10.0,0,35,1,6,50.0,2,0.0,0,0.0,0,0.0,0,0.0,0.0,0,0,0,0,0,0,0.0
Wincanton,9:11 AM ET,14:11,"BetMGM King Of The Golden Darts ""National Hunt"" Maiden Hurdle (GBB Race)",4,15.0,Turf,Heavy,11,Cue Jump,Harry Kimber,Kayley Woollacott,6,154.0,,18.0,P8,0.15662650763988495,0.09397590458393097,0.06265060305595398,6.38,11/2,10.64,19/2,15.96,15/1,0,0.0,0.0,0.0,0,0.0,4,0,0.0,0,0,10.0,0,18,1,6,50.0,2,0.0,0,0.0,0,0.0,0,0.0,0.0,0,0,0,0,0,0,0.0
Wincanton,9:11 AM ET,14:11,"BetMGM King Of The Golden Darts ""National Hunt"" Maiden Hurdle (GBB Race)",4,15.0,Turf,Heavy,11,Dunaden Island,Rian Corcoran,I Chanin,8,154.0,,,,0.10608020424842834,0.06364812254905701,0.04243208169937134,9.43,17/2,15.71,29/2,23.57,45/2,0,0.0,0.0,0.0,0,0.0,4,0,0.0,0,0,10.0,0,999,1,6,50.0,0,0.0,0,0.0,0,0.0,0,0.0,0.0,0,0,0,0,0,0,0.0
Wincanton,9:11 AM ET,14:11,"BetMGM King Of The Golden Darts ""National Hunt"" Maiden Hurdle (GBB Race)",4,15.0,Turf,Heavy,11,Gilded Glance,Ciaran Gethings,Jane Williams,6,154.0,,28.0,0,0.15662650763988495,0.09397590458393097,0.06265060305595398,6.38,11/2,10.64,19/2,15.96,15/1,0,0.0,0.0,0.0,0,0.0,4,0,0.0,0,0,10.0,0,28,1,6,50.0,0,0.0,0,0.0,0,0.0,0,0.0,0.0,0,0,0,0,0,0,0.0
Wincanton,9:11 AM ET,14:11,"BetMGM King Of The Golden Darts ""National Hunt"" Maiden Hurdle (GBB Race)",4,15.0,Turf,Heavy,11,Miss Jaffa Cake,Tabitha Worsley,Polly Gundry,6,154.0,,16.0,59U,0.15662650763988495,0.09397590458393097,0.06265060305595398,6.38,11/2,10.64,19/2,15.96,15/1,0,0.0,0.0,0.0,0,0.0,4,0,0.0,0,0,10.0,0,16,1,6,50.0,5,0.0,0,0.0,0,0.0,0,0.0,0.0,0,0,0,0,0,0,0.0
Wincanton,9:11 AM ET,14:11,"BetMGM King Of The Golden Darts ""National Hunt"" Maiden Hurdle (GBB Race)",4,15.0,Turf,Heavy,11,Mistress Fox,Bradley Harris,Neil Mulholland,6,154.0,,16.0,/7-P8P,0.15662650763988495,0.09397590458393097,0.06265060305595398,6.38,11/2,10.64,19/2,15.96,15/1,0,0.0,0.0,0.0,0,0.0,4,0,0.0,0,0,10.0,0,16,1,6,50.0,10,0.0,0,0.0,0,0.0,0,0.0,0.0,0,0,0,0,0,0,0.0
Wincanton,9:50 AM ET,14:50,No One's As Vegas As BetMGM Handicap Chase (GBB Race),4,20.0,Turf,Heavy,7,Pilsdon Pen,Bryan Carver,Jeremy Scott,9,170.0,112.0,36.0,45-15P,0.15811209380626678,0.09486725628376007,0.06324483752250672,6.32,11/2,10.54,19/2,15.81,15/1,0,0.0,0.0,0.0,0,0.0,4,0,112.0,0,0,10.0,0,36,1,6,50.0,1,0.0,0,0.0,0,0.0,0,0.0,0.0,0,0,0,0,0,0,0.0
Wincanton,9:50 AM ET,14:50,No One's As Vegas As BetMGM Handicap Chase (GBB Race),4,20.0,Turf,Heavy,7,Pedley Wood,Brendan Powell,Joe Tizzard,9,167.0,109.0,50.0,1P6-4P,0.15811209380626678,0.09486725628376007,0.06324483752250672,6.32,11/2,10.54,19/2,15.81,15/1,0,0.0,0.0,0.0,0,0.0,4,0,109.0,0,0,10.0,0,50,1,6,50.0,10,0.0,0,0.0,0,0.0,0,0.0,0.0,0,0,0,0,0,0,0.0
Wincanton,9:50 AM ET,14:50,No One's As Vegas As BetMGM Handicap Chase (GBB Race),4,20.0,Turf,Heavy,7,Bonza Boy,Paul OBrien,Jeremy Scott,9,166.0,108.0,36.0,0P2-61,0.15811209380626678,0.09486725628376007,0.06324483752250672,6.32,11/2,10.54,19/2,15.81,15/1,0,0.0,0.0,0.0,0,0.0,4,0,108.0,0,0,10.0,0,36,1,6,50.0,1,0.0,0,0.0,0,0.0,0,0.0,0.0,0,0,0,0,0,0,0.0
Wincanton,9:50 AM ET,14:50,No One's As Vegas As BetMGM Handicap Chase (GBB Race),4,20.0,Turf,Heavy,7,Saint Cyr De Pail,Ciaran Gethings,Jane Williams,7,162.0,104.0,58.0,57-F41,0.15811209380626678,0.09486725628376007,0.06324483752250672,6.32,11/2,10.54,19/2,15.81,15/1,0,0.0,0.0,0.0,0,0.0,4,0,104.0,0,0,10.0,0,58,1,6,50.0,0,0.0,0,0.0,0,0.0,0,0.0,0.0,0,0,0,0,0,0,0.0
Wincanton,9:50 AM ET,14:50,No One's As Vegas As BetMGM Handicap Chase (GBB Race),4,20.0,Turf,Heavy,7,Jeu dOpale,Charlie Deutsch,Venetia Williams,8,160.0,102.0,25.0,5P-52F,0.15811209380626678,0.09486725628376007,0.06324483752250672,6.32,11/2,10.54,19/2,15.81,15/1,0,0.0,0.0,0.0,0,0.0,4,0,102.0,0,0,10.0,0,25,1,6,50.0,10,0.0,0,0.0,0,0.0,0,0.0,0.0,0,0,0,0,0,0,0.0
Wincanton,9:50 AM ET,14:50,No One's As Vegas As BetMGM Handicap Chase (GBB Race),4,20.0,Turf,Heavy,7,Mutley Crew,Harry Kimber,Robert Walford,10,155.0,97.0,16.0,3-7121,0.15811209380626678,0.09486725628376007,0.06324483752250672,6.32,11/2,10.54,19/2,15.81,15/1,0,0.0,0.0,0.0,0,0.0,4,0,97.0,0,0,10.0,0,16,1,6,50.0,2,0.0,0,0.0,0,0.0,0,0.0,0.0,0,0,0,0,0,0,0.0
Wincanton,9:50 AM ET,14:50,No One's As Vegas As BetMGM Handicap Chase (GBB Race),4,20.0,Turf,Heavy,7,Valirann Gold,Ben Godfrey,Harriet Brown,9,142.0,84.0,28.0,-U3625,0.15811209380626678,0.09486725628376007,0.06324483752250672,6.32,11/2,10.54,19/2,15.81,15/1,0,0.0,0.0,0.0,0,0.0,4,0,84.0,0,0,10.0,0,28,1,6,50.0,0,0.0,0,0.0,0,0.0,0,0.0,0.0,0,0,0,0,0,0,0.0
Wincanton,10:23 AM ET,15:23,BetMGM Who Wants A Nine-Darter Handicap Chase (GBB Race),4,15.5,Turf,Heavy,7,Royal Mer,Rian Corcoran,David Pipe,8,170.0,112.0,19.0,27-223,0.15811209380626678,0.09486725628376007,0.06324483752250672,6.32,11/2,10.54,19/2,15.81,15/1,0,0.0,0.0,0.0,0,0.0,4,0,112.0,0,0,10.0,0,19,1,6,50.0,0,0.0,0,0.0,0,0.0,0,0.0,0.0,0,0,0,0,0,0,0.0
Wincanton,10:23 AM ET,15:23,BetMGM Who Wants A Nine-Darter Handicap Chase (GBB Race),4,15.5,Turf,Heavy,7,Joe Cotton,Bryan Carver,Jeremy Scott,8,169.0,111.0,29.0,-23327,0.15811209380626678,0.09486725628376007,0.06324483752250672,6.32,11/2,10.54,19/2,15.81,15/1,0,0.0,0.0,0.0,0,0.0,4,0,111.0,0,0,10.0,0,29,1,6,50.0,1,0.0,0,0.0,0,0.0,0,0.0,0.0,0,0,0,0,0,0,0.0
Wincanton,10:23 AM ET,15:23,BetMGM Who Wants A Nine-Darter Handicap Chase (GBB Race),4,15.5,Turf,Heavy,7,Jack Black,Charlie Todd,Dan Skelton,7,165.0,107.0,28.0,/P-642,0.15811209380626678,0.09486725628376007,0.06324483752250672,6.32,11/2,10.54,19/2,15.81,15/1,0,0.0,0.0,0.0,0,0.0,4,0,107.0,0,0,10.0,0,28,1,6,50.0,13,0.0,0,0.0,0,0.0,0,0.0,0.0,0,0,0,0,0,0,0.0
Wincanton,10:23 AM ET,15:23,BetMGM Who Wants A Nine-Darter Handicap Chase (GBB Race),4,15.5,Turf,Heavy,7,Better Off Alone,James Best,Martin Keighley,7,163.0,105.0,57.0,72-PP3,0.15811209380626678,0.09486725628376007,0.06324483752250672,6.32,11/2,10.54,19/2,15.81,15/1,0,0.0,0.0,0.0,0,0.0,4,0,105.0,0,0,10.0,0,57,1,6,50.0,3,0.0,0,0.0,0,0.0,0,0.0,0.0,0,0,0,0,0,0,0.0
Wincanton,10:23 AM ET,15:23,BetMGM Who Wants A Nine-Darter Handicap Chase (GBB Race),4,15.5,Turf,Heavy,7,Wewillgowithplanb,Conor Ring,Evan Williams,9,163.0,105.0,19.0,F-4885,0.15811209380626678,0.09486725628376007,0.06324483752250672,6.32,11/2,10.54,19/2,15.81,15/1,0,0.0,0.0,0.0,0,0.0,4,0,105.0,0,0,10.0,0,19,1,6,50.0,0,0.0,0,0.0,0,0.0,0,0.0,0.0,0,0,0,0,0,0,0.0
Wincanton,10:23 AM ET,15:23,BetMGM Who Wants A Nine-Darter Handicap Chase (GBB Race),4,15.5,Turf,Heavy,7,Raffles Hermes,Harry Kimber,Robert Walford,6,162.0,104.0,28.0,-14374,0.15811209380626678,0.09486725628376007,0.06324483752250672,6.32,11/2,10.54,19/2,15.81,15/1,0,0.0,0.0,0.0,0,0.0,4,0,104.0,0,0,10.0,0,28,1,6,50.0,2,0.0,0,0.0,0,0.0,0,0.0,0.0,0,0,0,0,0,0,0.0
Wincanton,10:23 AM ET,15:23,BetMGM Who Wants A Nine-Darter Handicap Chase (GBB Race),4,15.5,Turf,Heavy,7,Begin The Luck,Robbie David,Daisy Hitchins,10,153.0,95.0,10.0,223133,0.15811209380626678,0.09486725628376007,0.06324483752250672,6.32,11/2,10.54,19/2,15.81,15/1,0,0.0,0.0,0.0,0,0.0,4,0,95.0,0,0,10.0,0,10,1,6,50.0,0,0.0,0,0.0,0,0.0,0,0.0,0.0,0,0,0,0,0,0,0.0
Wincanton,11:00 AM ET,16:00,Bet Â£10 Get Â£40 With BetMGM Handicap Chase (GBB Race),4,25.0,Turf,Heavy,7,Saladins Son,Ben Godfrey,Anthony Honeyball,8,170.0,122.0,56.0,P11-24,0.15811209380626678,0.09486725628376007,0.06324483752250672,6.32,11/2,10.54,19/2,15.81,15/1,0,0.0,0.0,0.0,0,0.0,4,0,122.0,0,0,10.0,0,56,1,6,50.0,0,0.0,0,0.0,0,0.0,0,0.0,0.0,0,0,0,0,0,0,0.0
Wincanton,11:00 AM ET,16:00,Bet Â£10 Get Â£40 With BetMGM Handicap Chase (GBB Race),4,25.0,Turf,Heavy,7,Take Your Time,Sam Twiston-Davies,Paul Nicholls,11,165.0,117.0,16.0,/3PP-P,0.15811209380626678,0.09486725628376007,0.06324483752250672,6.32,11/2,10.54,19/2,15.81,15/1,0,0.0,0.0,0.0,0,0.0,4,0,117.0,0,0,10.0,0,16,1,6,50.0,9,0.0,0,0.0,0,0.0,0,0.0,0.0,0,0,0,0,0,0,0.0
Wincanton,11:00 AM ET,16:00,Bet Â£10 Get Â£40 With BetMGM Handicap Chase (GBB Race),4,25.0,Turf,Heavy,7,Concetto,Robert Dunne,Sam Allwood,9,160.0,112.0,29.0,3P-2P2,0.15811209380626678,0.09486725628376007,0.06324483752250672,6.32,11/2,10.54,19/2,15.81,15/1,0,0.0,0.0,0.0,0,0.0,4,0,112.0,0,0,10.0,0,29,1,6,50.0,11,0.0,0,0.0,0,0.0,0,0.0,0.0,0,0,0,0,0,0,0.0
Wincanton,11:00 AM ET,16:00,Bet Â£10 Get Â£40 With BetMGM Handicap Chase (GBB Race),4,25.0,Turf,Heavy,7,Camulus,Charlie Deutsch,Venetia Williams,9,156.0,108.0,361.0,4/311-,0.15811209380626678,0.09486725628376007,0.06324483752250672,6.32,11/2,10.54,19/2,15.81,15/1,0,0.0,0.0,0.0,0,0.0,4,0,108.0,0,0,10.0,0,361,1,6,50.0,10,0.0,0,0.0,0,0.0,0,0.0,0.0,0,0,0,0,0,0,0.0
Wincanton,11:00 AM ET,16:00,Bet Â£10 Get Â£40 With BetMGM Handicap Chase (GBB Race),4,25.0,Turf,Heavy,7,Supervisor,Murray Dodd,Venetia Williams,12,156.0,108.0,18.0,U42-8P,0.15811209380626678,0.09486725628376007,0.06324483752250672,6.32,11/2,10.54,19/2,15.81,15/1,0,0.0,0.0,0.0,0,0.0,4,0,108.0,0,0,10.0,0,18,1,6,50.0,0,0.0,0,0.0,0,0.0,0,0.0,0.0,0,0,0,0,0,0,0.0
Wincanton,11:00 AM ET,16:00,Bet Â£10 Get Â£40 With BetMGM Handicap Chase (GBB Race),4,25.0,Turf,Heavy,7,Astronomic View,Lucy Gardner,Sue Gardner,9,156.0,108.0,1.0,-63423,0.15811209380626678,0.09486725628376007,0.06324483752250672,6.32,11/2,10.54,19/2,15.81,15/1,0,0.0,0.0,0.0,0,0.0,4,0,108.0,0,0,10.0,0,1,1,6,50.0,1,0.0,0,0.0,1,0.0,0,0.0,0.0,0,0,0,0,0,0,0.0
Wincanton,11:00 AM ET,16:00,Bet Â£10 Get Â£40 With BetMGM Handicap Chase (GBB Race),4,25.0,Turf,Heavy,7,Cooleenymore,Harry Kimber,Robert Walford,10,152.0,104.0,34.0,33-561,0.15811209380626678,0.09486725628376007,0.06324483752250672,6.32,11/2,10.54,19/2,15.81,15/1,0,0.0,0.0,0.0,0,0.0,4,0,104.0,0,0,10.0,0,34,1,6,50.0,2,0.0,0,0.0,0,0.0,0,0.0,0.0,0,0,0,0,0,0,0.0
Wincanton,11:37 AM ET,16:37,Gamble Responsibly At BetMGM Novices' Handicap Hurdle (GBB Race),4,24.5,Turf,Heavy,7,Call Me Legend,Mr Jack Stenhouse,Philip Hobbs & Johnson White,6,170.0,112.0,36.0,-44431,0.15811209380626678,0.09486725628376007,0.06324483752250672,6.32,11/2,10.54,19/2,15.81,15/1,0,0.0,0.0,0.0,0,0.0,4,0,112.0,0,0,10.0,0,36,1,6,50.0,0,0.0,0,0.0,0,0.0,0,0.0,0.0,0,0,0,0,0,0,0.0
Wincanton,11:37 AM ET,16:37,Gamble Responsibly At BetMGM Novices' Handicap Hurdle (GBB Race),4,24.5,Turf,Heavy,7,Seatoit,Aamilah Aswat,Kim Bailey & Mat Nicholls,7,169.0,111.0,22.0,44-2P4,0.15811209380626678,0.09486725628376007,0.06324483752250672,6.32,11/2,10.54,19/2,15.81,15/1,0,0.0,0.0,0.0,0,0.0,4,0,111.0,0,0,10.0,0,22,1,6,50.0,0,0.0,0,0.0,0,0.0,0,0.0,0.0,0,0,0,0,0,0,0.0
Wincanton,11:37 AM ET,16:37,Gamble Responsibly At BetMGM Novices' Handicap Hurdle (GBB Race),4,24.5,Turf,Heavy,7,Crossgales King,Paddy Hanlon,Syd Hosie,6,166.0,108.0,36.0,-67544,0.15811209380626678,0.09486725628376007,0.06324483752250672,6.32,11/2,10.54,19/2,15.81,15/1,0,0.0,0.0,0.0,0,0.0,4,0,108.0,0,0,10.0,0,36,1,6,50.0,0,0.0,0,0.0,0,0.0,0,0.0,0.0,0,0,0,0,0,0,0.0
Wincanton,11:37 AM ET,16:37,Gamble Responsibly At BetMGM Novices' Handicap Hurdle (GBB Race),4,24.5,Turf,Heavy,7,Annie Express,Liam Harrison,Robbie Llewellyn,8,160.0,102.0,23.0,5/4-15,0.15811209380626678,0.09486725628376007,0.06324483752250672,6.32,11/2,10.54,19/2,15.81,15/1,0,0.0,0.0,0.0,0,0.0,4,0,102.0,0,0,10.0,0,23,1,6,50.0,1,0.0,0,0.0,0,0.0,0,0.0,0.0,0,0,0,0,0,0,0.0
Wincanton,11:37 AM ET,16:37,Gamble Responsibly At BetMGM Novices' Handicap Hurdle (GBB Race),4,24.5,Turf,Heavy,7,Dont Tell Rosie,Bryan Carver,Jeremy Scott,6,149.0,91.0,18.0,3-9503,0.15811209380626678,0.09486725628376007,0.06324483752250672,6.32,11/2,10.54,19/2,15.81,15/1,0,0.0,0.0,0.0,0,0.0,4,0,91.0,0,0,10.0,0,18,1,6,50.0,1,0.0,0,0.0,0,0.0,0,0.0,0.0,0,0,0,0,0,0,0.0
Wincanton,11:37 AM ET,16:37,Gamble Responsibly At BetMGM Novices' Handicap Hurdle (GBB Race),4,24.5,Turf,Heavy,7,Badentaggart,Paul OBrien,Jeremy Scott,7,147.0,89.0,16.0,0-P554,0.15811209380626678,0.09486725628376007,0.06324483752250672,6.32,11/2,10.54,19/2,15.81,15/1,0,0.0,0.0,0.0,0,0.0,4,0,89.0,0,0,10.0,0,16,1,6,50.0,1,0.0,0,0.0,0,0.0,0,0.0,0.0,0,0,0,0,0,0,0.0
Wincanton,11:37 AM ET,16:37,Gamble Responsibly At BetMGM Novices' Handicap Hurdle (GBB Race),4,24.5,Turf,Heavy,7,Bredon Hill Dart,Tabitha Worsley,Sue Gardner,7,142.0,84.0,33.0,-P1P44,0.15811209380626678,0.09486725628376007,0.06324483752250672,6.32,11/2,10.54,19/2,15.81,15/1,0,0.0,0.0,0.0,0,0.0,4,0,84.0,0,0,10.0,0,33,1,6,50.0,5,0.0,0,0.0,0,0.0,0,0.0,0.0,0,0,0,0,0,0,0.0
Lingfield (AW),7:50 AM ET,12:50,Join The Midnite Movement Amateur Jockeys' Handicap,5,12.0,AW,Standard,9,Johnny Boom,Miss Amy Milburn,Shaun Lycett,8,156.0,68.0,10.0,59/1-7,0.15662650763988495,0.09397590458393097,0.06265060305595398,6.38,11/2,10.64,19/2,15.96,15/1,0,0.0,0.0,0.0,0,0.0,4,0,68.0,0,0,10.0,0,10,0,3,50.0,0,0.0,0,0.0,0,0.0,2,0.2222222222222222,0.0,0,0,0,0,0,0,0.0
Lingfield (AW),7:50 AM ET,12:50,Join The Midnite Movement Amateur Jockeys' Handicap,5,12.0,AW,Standard,9,Roland Garros,Mr Fletcher Yarham,Hayley Burton,5,155.0,67.0,112.0,67259-,0.15662650763988495,0.09397590458393097,0.06265060305595398,6.38,11/2,10.64,19/2,15.96,15/1,0,0.0,0.0,0.0,0,0.0,4,0,67.0,0,0,10.0,0,112,0,3,50.0,18,0.0,0,0.0,0,0.0,4,0.4444444444444444,0.0,0,0,0,0,0,0,0.0
Lingfield (AW),7:50 AM ET,12:50,Join The Midnite Movement Amateur Jockeys' Handicap,5,12.0,AW,Standard,9,Kathleen Mary,Mr Simon Walker,Peter Chapple-Hyam,4,153.0,67.0,59.0,32567-,0.15662650763988495,0.09397590458393097,0.06265060305595398,6.38,11/2,10.64,19/2,15.96,15/1,0,0.0,0.0,0.0,0,0.0,4,0,67.0,0,0,10.0,0,59,0,3,50.0,59,0.0,0,0.0,0,0.0,5,0.5555555555555556,0.0,0,0,0,0,0,0,0.0
Lingfield (AW),7:50 AM ET,12:50,Join The Midnite Movement Amateur Jockeys' Handicap,5,12.0,AW,Standard,9,Shahbaz,Miss Brodie Hampson,Archie Watson,6,153.0,65.0,12.0,090-82,0.15662650763988495,0.09397590458393097,0.06265060305595398,6.38,11/2,10.64,19/2,15.96,15/1,0,0.0,0.0,0.0,0,0.0,4,0,65.0,0,0,10.0,0,12,0,3,50.0,52,0.0,0,0.0,40,0.0,1,0.1111111111111111,0.0,0,0,0,0,0,0,0.0
Lingfield (AW),7:50 AM ET,12:50,Join The Midnite Movement Amateur Jockeys' Handicap,5,12.0,AW,Standard,9,Bownder,Mr McKenzie Graham,Jonathan Portman,4,152.0,66.0,16.0,7134-3,0.15811209380626678,0.09486725628376007,0.06324483752250672,6.32,11/2,10.54,19/2,15.81,15/1,0,0.0,0.0,0.0,0,0.0,4,0,66.0,0,0,10.0,0,16,0,3,50.0,1,0.0,0,0.0,1,0.0,7,0.7777777777777778,0.0,0,0,0,0,0,0,0.0
Lingfield (AW),7:50 AM ET,12:50,Join The Midnite Movement Amateur Jockeys' Handicap,5,12.0,AW,Standard,9,Voix De Bocelli,Mr Eireann Cagney,Henrietta C Knight,6,149.0,61.0,21.0,573-33,0.15811209380626678,0.09486725628376007,0.06324483752250672,6.32,11/2,10.54,19/2,15.81,15/1,0,0.0,0.0,0.0,0,0.0,4,0,61.0,0,0,10.0,0,21,0,3,50.0,26,0.0,0,0.0,0,0.0,9,1.0,0.0,0,0,0,0,0,0,0.0
Lingfield (AW),7:50 AM ET,12:50,Join The Midnite Movement Amateur Jockeys' Handicap,5,12.0,AW,Standard,9,Sea Of Charm,Mr Harry Brown,Georgina Nicholls,8,149.0,61.0,167.0,35116-,0.15662650763988495,0.09397590458393097,0.06265060305595398,6.38,11/2,10.64,19/2,15.96,15/1,0,0.0,0.0,0.0,0,0.0,4,0,61.0,0,0,10.0,0,167,0,3,50.0,0,0.0,0,0.0,0,0.0,3,0.3333333333333333,0.0,0,0,0,0,0,0,0.0
Lingfield (AW),7:50 AM ET,12:50,Join The Midnite Movement Amateur Jockeys' Handicap,5,12.0,AW,Standard,9,Imperial Decision,Mr Louis Burke,Keiran Burke,4,149.0,63.0,26.0,6-37,0.15811209380626678,0.09486725628376007,0.06324483752250672,6.32,11/2,10.54,19/2,15.81,15/1,0,0.0,0.0,0.0,0,0.0,4,0,63.0,0,0,10.0,0,26,0,3,50.0,0,0.0,0,0.0,0,0.0,8,0.8888888888888888,0.0,0,0,0,0,0,0,0.0
Lingfield (AW),7:50 AM ET,12:50,Join The Midnite Movement Amateur Jockeys' Handicap,5,12.0,AW,Standard,9,Man Is King,Miss Louise Chance,David Flood,7,137.0,49.0,6.0,73-051,0.15662650763988495,0.09397590458393097,0.06265060305595398,6.38,11/2,10.64,19/2,15.96,15/1,0,0.0,0.0,0.0,0,0.0,4,0,49.0,0,0,10.0,0,6,0,3,50.0,0,0.0,0,0.0,0,0.0,6,0.6666666666666666,0.0,0,0,0,0,0,0,0.0
Lingfield (AW),8:25 AM ET,13:25,BetMGM Supports Safer Gambling Maiden Stakes (GBB/GBBPlus Race),3,10.0,AW,Standard,5,Al Azd,Jack Mitchell,Roger Varian,3,133.0,80.0,17.0,95-2,0.15811209380626678,0.09486725628376007,0.06324483752250672,6.32,11/2,10.54,19/2,15.81,15/1,0,0.0,0.0,0.0,0,0.0,4,0,80.0,0,0,10.0,0,17,0,3,50.0,2284,0.0,165,0.0,588,0.0,4,0.8,0.0,0,0,0,0,0,0,0.0
Lingfield (AW),8:25 AM ET,13:25,BetMGM Supports Safer Gambling Maiden Stakes (GBB/GBBPlus Race),3,10.0,AW,Standard,5,Into The Light,Connor Planas,Charlie Appleby,3,133.0,,,,0.15662650763988495,0.09397590458393097,0.06265060305595398,6.38,11/2,10.64,19/2,15.96,15/1,0,0.0,0.0,0.0,0,0.0,4,0,0.0,0,0,10.0,0,999,0,3,50.0,249,0.0,14,0.0,0,0.0,5,1.0,0.0,0,0,0,0,0,0,0.0
Lingfield (AW),8:25 AM ET,13:25,BetMGM Supports Safer Gambling Maiden Stakes (GBB/GBBPlus Race),3,10.0,AW,Standard,5,Dors Dazzler,J F Egan,Dean Ivory,3,128.0,,30.0,52,0.15811209380626678,0.09486725628376007,0.06324483752250672,6.32,11/2,10.54,19/2,15.81,15/1,0,0.0,0.0,0.0,0,0.0,4,0,0.0,0,0,10.0,0,30,0,3,50.0,1601,0.0,87,0.0,8,0.0,1,0.2,0.0,0,0,0,0,0,0,0.0
Lingfield (AW),8:25 AM ET,13:25,BetMGM Supports Safer Gambling Maiden Stakes (GBB/GBBPlus Race),3,10.0,AW,Standard,5,Kindly Queen,Hector Crouch,Ralph Beckett,3,128.0,,29.0,4-3,0.15811209380626678,0.09486725628376007,0.06324483752250672,6.32,11/2,10.54,19/2,15.81,15/1,0,0.0,0.0,0.0,0,0.0,4,0,0.0,0,0,10.0,0,29,0,3,50.0,2076,0.0,89,0.0,561,0.0,3,0.6,0.0,0,0,0,0,0,0,0.0
Lingfield (AW),8:25 AM ET,13:25,BetMGM Supports Safer Gambling Maiden Stakes (GBB/GBBPlus Race),3,10.0,AW,Standard,5,Virtue Chastity,Rob Hornby,Amanda Perrett,3,128.0,,31.0,5-9,0.15811209380626678,0.09486725628376007,0.06324483752250672,6.32,11/2,10.54,19/2,15.81,15/1,0,0.0,0.0,0.0,0,0.0,4,0,0.0,0,0,10.0,0,31,0,3,50.0,2402,0.0,102,0.0,26,0.0,2,0.4,0.0,0,0,0,0,0,0,0.0
Lingfield (AW),9:00 AM ET,14:00,Create Your Bet Builders At Midnite Handicap,5,5.0,AW,Standard,10,Sandscreendeliverd,Tom Queally,Peter Crate,4,135.0,70.0,155.0,80319-,0.10608020424842834,0.06364812254905701,0.04243208169937134,9.43,17/2,15.71,29/2,23.57,45/2,0,0.0,0.0,0.0,0,0.0,4,0,70.0,0,0,10.0,0,155,0,3,50.0,1516,0.0,76,0.0,3,0.0,9,0.9,0.0,0,0,0,0,0,0,0.0
Lingfield (AW),9:00 AM ET,14:00,Create Your Bet Builders At Midnite Handicap,5,5.0,AW,Standard,10,Cayman Tai,Sean Levey,Richard Hannon,4,135.0,70.0,24.0,053-67,0.11320754885673523,0.06792452931404114,0.04528301954269409,8.83,8/1,14.72,27/2,22.08,21/1,0,0.0,0.0,0.0,0,0.0,4,0,70.0,0,0,10.0,0,24,0,3,50.0,3021,0.0,140,0.0,1837,0.0,8,0.8,0.0,0,0,0,0,0,0,0.0
Lingfield (AW),9:00 AM ET,14:00,Create Your Bet Builders At Midnite Handicap,5,5.0,AW,Standard,10,Mc Loven,Paddy Bradley,Simon Dow,5,134.0,69.0,59.0,23835-,0.10608020424842834,0.06364812254905701,0.04243208169937134,9.43,17/2,15.71,29/2,23.57,45/2,0,0.0,0.0,0.0,0,0.0,4,0,69.0,0,0,10.0,0,59,0,3,50.0,308,0.0,51,0.0,74,0.0,1,0.1,0.0,0,0,0,0,0,0,0.0
Lingfield (AW),9:00 AM ET,14:00,Create Your Bet Builders At Midnite Handicap,5,5.0,AW,Standard,10,Distant Rumble,Cieren Fallon,Roger Teal,4,134.0,69.0,43.0,4846-5,0.10608020424842834,0.06364812254905701,0.04243208169937134,9.43,17/2,15.71,29/2,23.57,45/2,0,0.0,0.0,0.0,0,0.0,4,0,69.0,0,0,10.0,0,43,0,3,50.0,1615,0.0,58,0.0,31,0.0,7,0.7,0.0,0,0,0,0,0,0,0.0
Lingfield (AW),9:00 AM ET,14:00,Create Your Bet Builders At Midnite Handicap,5,5.0,AW,Standard,10,Thecoffeepoddotco,Joe Leavy,Richard Hannon,4,134.0,69.0,5.0,2-2313,0.15811209380626678,0.09486725628376007,0.06324483752250672,6.32,11/2,10.54,19/2,15.81,15/1,0,0.0,0.0,0.0,0,0.0,4,0,69.0,0,0,10.0,0,5,0,3,50.0,408,0.0,21,0.0,162,0.0,3,0.3,0.0,0,0,0,0,0,0,0.0
Lingfield (AW),9:00 AM ET,14:00,Create Your Bet Builders At Midnite Handicap,5,5.0,AW,Standard,10,Beaumadier,Conor Whiteley,Mark Loughnane,6,133.0,68.0,5.0,5-3624,0.15662650763988495,0.09397590458393097,0.06265060305595398,6.38,11/2,10.64,19/2,15.96,15/1,0,0.0,0.0,0.0,0,0.0,4,0,68.0,0,0,10.0,0,5,0,3,50.0,3,0.0,0,0.0,0,0.0,4,0.4,0.0,0,0,0,0,0,0,0.0
Lingfield (AW),9:00 AM ET,14:00,Create Your Bet Builders At Midnite Handicap,5,5.0,AW,Standard,10,Micks Spirit,Darragh Keenan,Conrad Allen,8,133.0,68.0,21.0,96-414,0.10608020424842834,0.06364812254905701,0.04243208169937134,9.43,17/2,15.71,29/2,23.57,45/2,0,0.0,0.0,0.0,0,0.0,4,0,68.0,0,0,10.0,0,21,0,3,50.0,773,0.0,74,0.0,18,0.0,5,0.5,0.0,0,0,0,0,0,0,0.0
Lingfield (AW),9:00 AM ET,14:00,Create Your Bet Builders At Midnite Handicap,5,5.0,AW,Standard,10,Hello Luna,Rob Hornby,Jonathan Portman,4,128.0,63.0,16.0,545-82,0.1538461595773697,0.09230769574642181,0.06153846383094788,6.5,11/2,10.83,10/1,16.25,15/1,0,0.0,0.0,0.0,0,0.0,4,0,63.0,0,0,10.0,0,16,0,3,50.0,2402,0.0,102,0.0,271,0.0,10,1.0,0.0,0,0,0,0,0,0,0.0
Lingfield (AW),9:00 AM ET,14:00,Create Your Bet Builders At Midnite Handicap,5,5.0,AW,Standard,10,Honour Your Dreams,Kieren Fox,Michael Attwater,6,127.0,62.0,16.0,38-763,0.10608020424842834,0.06364812254905701,0.04243208169937134,9.43,17/2,15.71,29/2,23.57,45/2,0,0.0,0.0,0.0,0,0.0,4,0,62.0,0,0,10.0,0,16,0,3,50.0,277,0.0,29,0.0,43,0.0,6,0.6,0.0,0,0,0,0,0,0,0.0
Lingfield (AW),9:00 AM ET,14:00,Create Your Bet Builders At Midnite Handicap,5,5.0,AW,Standard,10,Manhattan Chute,Gina Mangan,Jim & Suzi Best,4,125.0,60.0,7.0,0-7718,0.15662650763988495,0.09397590458393097,0.06265060305595398,6.38,11/2,10.64,19/2,15.96,15/1,0,0.0,0.0,0.0,0,0.0,4,0,60.0,0,0,10.0,0,7,0,3,50.0,250,0.0,8,0.0,0,0.0,2,0.2,0.0,0,0,0,0,0,0,0.0
Lingfield (AW),9:35 AM ET,14:35,Always Gamble Responsibly At BetMGM Handicap,5,8.0,AW,Standard,9,Elouises Prince,Jude Fernandes,Luke Dace,4,137.0,72.0,7.0,9-7871,0.15811209380626678,0.09486725628376007,0.06324483752250672,6.32,11/2,10.54,19/2,15.81,15/1,0,0.0,0.0,0.0,0,0.0,4,0,72.0,0,0,10.0,0,7,0,3,50.0,2,0.0,0,0.0,0,0.0,8,0.8888888888888888,0.0,0,0,0,0,0,0,0.0
Lingfield (AW),9:35 AM ET,14:35,Always Gamble Responsibly At BetMGM Handicap,5,8.0,AW,Standard,9,Way To Dubai,Harry Davies,Michael Appleby,7,135.0,70.0,7.0,3-2414,0.11320754885673523,0.06792452931404114,0.04528301954269409,8.83,8/1,14.72,27/2,22.08,21/1,0,0.0,0.0,0.0,0,0.0,4,0,70.0,0,0,10.0,0,7,0,3,50.0,1029,0.0,36,0.0,26,0.0,6,0.6666666666666666,0.0,0,0,0,0,0,0,0.0
Lingfield (AW),9:35 AM ET,14:35,Always Gamble Responsibly At BetMGM Handicap,5,8.0,AW,Standard,9,Gennadius,Sean Levey,Richard Hannon,4,134.0,69.0,6.0,2-6146,0.15811209380626678,0.09486725628376007,0.06324483752250672,6.32,11/2,10.54,19/2,15.81,15/1,0,0.0,0.0,0.0,0,0.0,4,0,69.0,0,0,10.0,0,6,0,3,50.0,3021,0.0,140,0.0,1837,0.0,3,0.3333333333333333,0.0,0,0,0,0,0,0,0.0
Lingfield (AW),9:35 AM ET,14:35,Always Gamble Responsibly At BetMGM Handicap,5,8.0,AW,Standard,9,Dalmally,Thomas Greatrex,Mark Pattinson,4,132.0,67.0,114.0,43287-,0.10608020424842834,0.06364812254905701,0.04243208169937134,9.43,17/2,15.71,29/2,23.57,45/2,0,0.0,0.0,0.0,0,0.0,4,0,67.0,0,0,10.0,0,114,0,3,50.0,281,0.0,12,0.0,0,0.0,1,0.1111111111111111,0.0,0,0,0,0,0,0,0.0
Lingfield (AW),9:35 AM ET,14:35,Always Gamble Responsibly At BetMGM Handicap,5,8.0,AW,Standard,9,Dakota Power,Owen Lewis,Roger Teal,7,131.0,66.0,66.0,73548-,0.11084143817424774,0.06650486290454864,0.0443365752696991,9.02,8/1,15.04,14/1,22.55,43/2,0,0.0,0.0,0.0,0,0.0,4,0,66.0,0,0,10.0,0,66,0,3,50.0,57,0.0,1,0.0,4,0.0,4,0.4444444444444444,0.0,0,0,0,0,0,0,0.0
Lingfield (AW),9:35 AM ET,14:35,Always Gamble Responsibly At BetMGM Handicap,5,8.0,AW,Standard,9,Kev,Rob Hornby,Tom Ward,4,128.0,63.0,26.0,2/60-0,0.15811209380626678,0.09486725628376007,0.06324483752250672,6.32,11/2,10.54,19/2,15.81,15/1,0,0.0,0.0,0.0,0,0.0,4,0,63.0,0,0,10.0,0,26,0,3,50.0,2402,0.0,102,0.0,13,0.0,9,1.0,0.0,0,0,0,0,0,0,0.0
Lingfield (AW),9:35 AM ET,14:35,Always Gamble Responsibly At BetMGM Handicap,5,8.0,AW,Standard,9,Union Island,Sean D Bowen,Charlie Johnston,5,128.0,63.0,30.0,448-63,0.11320754885673523,0.06792452931404114,0.04528301954269409,8.83,8/1,14.72,27/2,22.08,21/1,0,0.0,0.0,0.0,0,0.0,4,0,63.0,0,0,10.0,0,30,0,3,50.0,324,0.0,15,0.0,9,0.0,7,0.7777777777777778,0.0,0,0,0,0,0,0,0.0
Lingfield (AW),9:35 AM ET,14:35,Always Gamble Responsibly At BetMGM Handicap,5,8.0,AW,Standard,9,Pitney,William Carson,Michael Attwater,5,128.0,63.0,14.0,32-444,0.11320754885673523,0.06792452931404114,0.04528301954269409,8.83,8/1,14.72,27/2,22.08,21/1,0,0.0,0.0,0.0,0,0.0,4,0,63.0,0,0,10.0,0,14,0,3,50.0,784,0.0,105,0.0,103,0.0,5,0.5555555555555556,0.0,0,0,0,0,0,0,0.0
Lingfield (AW),9:35 AM ET,14:35,Always Gamble Responsibly At BetMGM Handicap,5,8.0,AW,Standard,9,Comedian Leader,William Cox,Jim & Suzi Best,6,118.0,53.0,7.0,7-7789,0.11320754885673523,0.06792452931404114,0.04528301954269409,8.83,8/1,14.72,27/2,22.08,21/1,0,0.0,0.0,0.0,0,0.0,4,0,53.0,0,0,10.0,0,7,0,3,50.0,490,0.0,17,0.0,0,0.0,2,0.2222222222222222,0.0,0,0,0,0,0,0,0.0
Lingfield (AW),10:10 AM ET,15:10,Read Meg Nicholls' Blog At betmgm.co.uk Handicap,2,7.0,AW,Standard,7,Benevento,David Egan,Kevin Philippart De Foy,4,138.0,102.0,217.0,/4004-,0.11320754885673523,0.06792452931404114,0.04528301954269409,8.83,8/1,14.72,27/2,22.08,21/1,0,0.0,0.0,0.0,0,0.0,4,0,102.0,0,0,10.0,0,217,0,3,50.0,3177,0.0,72,0.0,41,0.0,6,0.8571428571428571,0.0,0,0,0,0,0,0,0.0
Lingfield (AW),10:10 AM ET,15:10,Read Meg Nicholls' Blog At betmgm.co.uk Handicap,2,7.0,AW,Standard,7,Wiltshire,Cieren Fallon,William Haggas,6,134.0,98.0,29.0,3/7-06,0.15811209380626678,0.09486725628376007,0.06324483752250672,6.32,11/2,10.54,19/2,15.81,15/1,0,0.0,0.0,0.0,0,0.0,4,0,98.0,0,0,10.0,0,29,0,3,50.0,1615,0.0,58,0.0,457,0.0,1,0.14285714285714285,0.0,0,0,0,0,0,0,0.0
Lingfield (AW),10:10 AM ET,15:10,Read Meg Nicholls' Blog At betmgm.co.uk Handicap,2,7.0,AW,Standard,7,Legal Reform,Edward Greatrex,Michael Herrington,9,129.0,93.0,15.0,0531-2,0.15662650763988495,0.09397590458393097,0.06265060305595398,6.38,11/2,10.64,19/2,15.96,15/1,0,0.0,0.0,0.0,0,0.0,4,0,93.0,0,0,10.0,0,15,0,3,50.0,865,0.0,37,0.0,0,0.0,5,0.7142857142857143,0.0,0,0,0,0,0,0,0.0
Lingfield (AW),10:10 AM ET,15:10,Read Meg Nicholls' Blog At betmgm.co.uk Handicap,2,7.0,AW,Standard,7,Willem Twee,Hector Crouch,James Fanshawe,7,128.0,92.0,15.0,630-09,0.15811209380626678,0.09486725628376007,0.06324483752250672,6.32,11/2,10.54,19/2,15.81,15/1,0,0.0,0.0,0.0,0,0.0,4,0,92.0,0,0,10.0,0,15,0,3,50.0,2076,0.0,89,0.0,4,0.0,7,1.0,0.0,0,0,0,0,0,0,0.0
Lingfield (AW),10:10 AM ET,15:10,Read Meg Nicholls' Blog At betmgm.co.uk Handicap,2,7.0,AW,Standard,7,Heathcliff,Daniel Muscutt,James Fanshawe,5,127.0,91.0,38.0,7023-3,0.15811209380626678,0.09486725628376007,0.06324483752250672,6.32,11/2,10.54,19/2,15.81,15/1,0,0.0,0.0,0.0,0,0.0,4,0,91.0,0,0,10.0,0,38,0,3,50.0,2182,0.0,144,0.0,437,0.0,2,0.2857142857142857,0.0,0,0,0,0,0,0,0.0
Lingfield (AW),10:10 AM ET,15:10,Read Meg Nicholls' Blog At betmgm.co.uk Handicap,2,7.0,AW,Standard,7,Tiger Crusade,Jack Dace,David Simcock,9,121.0,85.0,3.0,13-518,0.15811209380626678,0.09486725628376007,0.06324483752250672,6.32,11/2,10.54,19/2,15.81,15/1,0,0.0,0.0,0.0,0,0.0,4,0,85.0,0,0,10.0,0,3,0,3,50.0,101,0.0,11,0.0,3,0.0,3,0.42857142857142855,0.0,0,0,0,0,0,0,0.0
Lingfield (AW),10:10 AM ET,15:10,Read Meg Nicholls' Blog At betmgm.co.uk Handicap,2,7.0,AW,Standard,7,Best Rate,Joe Leavy,Richard Hannon,4,119.0,83.0,24.0,3934-4,0.15811209380626678,0.09486725628376007,0.06324483752250672,6.32,11/2,10.54,19/2,15.81,15/1,0,0.0,0.0,0.0,0,0.0,4,0,83.0,0,0,10.0,0,24,0,3,50.0,408,0.0,21,0.0,162,0.0,4,0.5714285714285714,0.0,0,0,0,0,0,0,0.0
Lingfield (AW),10:45 AM ET,15:45,Bet Â£10 Get Â£40 With BetMGM Handicap,6,8.0,AW,Standard,7,Ebn Sabt,Lewis Edmunds,William Muir & Chris Grassick,3,134.0,65.0,17.0,4542-3,0.15662650763988495,0.09397590458393097,0.06265060305595398,6.38,11/2,10.64,19/2,15.96,15/1,0,0.0,0.0,0.0,0,0.0,4,0,65.0,0,0,10.0,0,17,0,3,50.0,1236,0.0,32,0.0,232,0.0,6,0.8571428571428571,0.0,0,0,0,0,0,0,0.0
Lingfield (AW),10:45 AM ET,15:45,Bet Â£10 Get Â£40 With BetMGM Handicap,6,8.0,AW,Standard,7,Whos On First,Jack Dace,Stuart Williams,3,134.0,65.0,6.0,6908-1,0.15811209380626678,0.09486725628376007,0.06324483752250672,6.32,11/2,10.54,19/2,15.81,15/1,0,0.0,0.0,0.0,0,0.0,4,0,65.0,0,0,10.0,0,6,0,3,50.0,101,0.0,11,0.0,2,0.0,5,0.7142857142857143,0.0,0,0,0,0,0,0,0.0
Lingfield (AW),10:45 AM ET,15:45,Bet Â£10 Get Â£40 With BetMGM Handicap,6,8.0,AW,Standard,7,Angry Ant,Edward Greatrex,Jamie Osborne,3,133.0,64.0,15.0,96-67,0.15662650763988495,0.09397590458393097,0.06265060305595398,6.38,11/2,10.64,19/2,15.96,15/1,0,0.0,0.0,0.0,0,0.0,4,0,64.0,0,0,10.0,0,15,0,3,50.0,865,0.0,37,0.0,6,0.0,4,0.5714285714285714,0.0,0,0,0,0,0,0,0.0
Lingfield (AW),10:45 AM ET,15:45,Bet Â£10 Get Â£40 With BetMGM Handicap,6,8.0,AW,Standard,7,Corniche Girl,Sean Levey,Richard Hannon,3,133.0,64.0,19.0,9246-2,0.15811209380626678,0.09486725628376007,0.06324483752250672,6.32,11/2,10.54,19/2,15.81,15/1,0,0.0,0.0,0.0,0,0.0,4,0,64.0,0,0,10.0,0,19,0,3,50.0,3021,0.0,140,0.0,1837,0.0,3,0.42857142857142855,0.0,0,0,0,0,0,0,0.0
Lingfield (AW),10:45 AM ET,15:45,Bet Â£10 Get Â£40 With BetMGM Handicap,6,8.0,AW,Standard,7,Aneirins Sword,Rob Hornby,Jamie Osborne,3,132.0,63.0,6.0,65-122,0.15811209380626678,0.09486725628376007,0.06324483752250672,6.32,11/2,10.54,19/2,15.81,15/1,0,0.0,0.0,0.0,0,0.0,4,0,63.0,0,0,10.0,0,6,0,3,50.0,2402,0.0,102,0.0,6,0.0,7,1.0,0.0,0,0,0,0,0,0,0.0
Lingfield (AW),10:45 AM ET,15:45,Bet Â£10 Get Â£40 With BetMGM Handicap,6,8.0,AW,Standard,7,Uncle Nader,Hector Crouch,Jack Jones,3,132.0,63.0,24.0,5082-1,0.15662650763988495,0.09397590458393097,0.06265060305595398,6.38,11/2,10.64,19/2,15.96,15/1,0,0.0,0.0,0.0,0,0.0,4,0,63.0,0,0,10.0,0,24,0,3,50.0,2076,0.0,89,0.0,5,0.0,2,0.2857142857142857,0.0,0,0,0,0,0,0,0.0
Lingfield (AW),10:45 AM ET,15:45,Bet Â£10 Get Â£40 With BetMGM Handicap,6,8.0,AW,Standard,7,Prancy Peer,David Egan,Ollie Sangster,3,130.0,61.0,33.0,7087-5,0.15811209380626678,0.09486725628376007,0.06324483752250672,6.32,11/2,10.54,19/2,15.81,15/1,0,0.0,0.0,0.0,0,0.0,4,0,61.0,0,0,10.0,0,33,0,3,50.0,3177,0.0,72,0.0,8,0.0,1,0.14285714285714285,0.0,0,0,0,0,0,0,0.0
Lingfield (AW),11:20 AM ET,16:20,"Midnite, Building The Future Of Betting Handicap",5,6.0,AW,Standard,7,Mart,Sean Levey,Dylan Cunha,5,135.0,68.0,16.0,504-72,0.15811209380626678,0.09486725628376007,0.06324483752250672,6.32,11/2,10.54,19/2,15.81,15/1,0,0.0,0.0,0.0,0,0.0,4,0,68.0,0,0,10.0,0,16,0,3,50.0,3021,0.0,140,0.0,7,0.0,1,0.14285714285714285,0.0,0,0,0,0,0,0,0.0
Lingfield (AW),11:20 AM ET,16:20,"Midnite, Building The Future Of Betting Handicap",5,6.0,AW,Standard,7,Diamond Dreamer,Daniel Muscutt,Patrick Chamings,6,134.0,67.0,37.0,7069-4,0.15662650763988495,0.09397590458393097,0.06265060305595398,6.38,11/2,10.64,19/2,15.96,15/1,0,0.0,0.0,0.0,0,0.0,4,0,67.0,0,0,10.0,0,37,0,3,50.0,2182,0.0,144,0.0,27,0.0,2,0.2857142857142857,0.0,0,0,0,0,0,0,0.0
Lingfield (AW),11:20 AM ET,16:20,"Midnite, Building The Future Of Betting Handicap",5,6.0,AW,Standard,7,Due Date,Rob Hornby,Charlie Wallis,6,134.0,67.0,72.0,71116-,0.15811209380626678,0.09486725628376007,0.06324483752250672,6.32,11/2,10.54,19/2,15.81,15/1,0,0.0,0.0,0.0,0,0.0,4,0,67.0,0,0,10.0,0,72,0,3,50.0,2402,0.0,102,0.0,5,0.0,4,0.5714285714285714,0.0,0,0,0,0,0,0,0.0
Lingfield (AW),11:20 AM ET,16:20,"Midnite, Building The Future Of Betting Handicap",5,6.0,AW,Standard,7,All Too Beautiful,Jack Mitchell,Roger Teal,4,133.0,66.0,16.0,411-15,0.15662650763988495,0.09397590458393097,0.06265060305595398,6.38,11/2,10.64,19/2,15.96,15/1,0,0.0,0.0,0.0,0,0.0,4,0,66.0,0,0,10.0,0,16,0,3,50.0,2284,0.0,165,0.0,91,0.0,5,0.7142857142857143,0.0,0,0,0,0,0,0,0.0
Lingfield (AW),11:20 AM ET,16:20,"Midnite, Building The Future Of Betting Handicap",5,6.0,AW,Standard,7,Combustion,Joey Haynes,Chelsea Banham,5,133.0,66.0,38.0,1123-1,0.15662650763988495,0.09397590458393097,0.06265060305595398,6.38,11/2,10.64,19/2,15.96,15/1,0,0.0,0.0,0.0,0,0.0,4,0,66.0,0,0,10.0,0,38,0,3,50.0,849,0.0,66,0.0,58,0.0,7,1.0,0.0,0,0,0,0,0,0,0.0
Lingfield (AW),11:20 AM ET,16:20,"Midnite, Building The Future Of Betting Handicap",5,6.0,AW,Standard,7,Ottawa,Cieren Fallon,Joseph Parr,4,131.0,64.0,19.0,761-86,0.15811209380626678,0.09486725628376007,0.06324483752250672,6.32,11/2,10.54,19/2,15.81,15/1,0,0.0,0.0,0.0,0,0.0,4,0,64.0,0,0,10.0,0,19,0,3,50.0,1615,0.0,58,0.0,2,0.0,3,0.42857142857142855,0.0,0,0,0,0,0,0,0.0
Lingfield (AW),11:20 AM ET,16:20,"Midnite, Building The Future Of Betting Handicap",5,6.0,AW,Standard,7,Stapleford Park,Joe Leavy,Michael Attwater,4,129.0,62.0,16.0,708-74,0.15811209380626678,0.09486725628376007,0.06324483752250672,6.32,11/2,10.54,19/2,15.81,15/1,0,0.0,0.0,0.0,0,0.0,4,0,62.0,0,0,10.0,0,16,0,3,50.0,408,0.0,21,0.0,0,0.0,6,0.8571428571428571,0.0,0,0,0,0,0,0,0.0
Newcastle (AW),11:25 AM ET,16:25,Midnite: Built For 2026 Not 2006 Handicap,5,10.0,AW,Standard To Slow,9,Forest Caper,Jason Hart,David OMeara,5,135.0,70.0,9.0,05-344,0.15662650763988495,0.09397590458393097,0.06265060305595398,6.38,11/2,10.64,19/2,15.96,15/1,0,0.0,0.0,0.0,0,0.0,4,0,70.0,0,0,10.0,0,9,0,3,50.0,2873,0.0,278,0.0,31,0.0,4,0.4444444444444444,0.0,0,0,0,0,0,0,0.0
Newcastle (AW),11:25 AM ET,16:25,Midnite: Built For 2026 Not 2006 Handicap,5,10.0,AW,Standard To Slow,9,Up The Jazz,Ethan Tindall,Richard Fahey,5,133.0,68.0,123.0,75068-,0.11320754885673523,0.06792452931404114,0.04528301954269409,8.83,8/1,14.72,27/2,22.08,21/1,0,0.0,0.0,0.0,0,0.0,4,0,68.0,0,0,10.0,0,123,0,3,50.0,51,0.0,8,0.0,43,0.0,3,0.3333333333333333,0.0,0,0,0,0,0,0,0.0
Newcastle (AW),11:25 AM ET,16:25,Midnite: Built For 2026 Not 2006 Handicap,5,10.0,AW,Standard To Slow,9,Golspie,David Nolan,Patrick Morris,6,132.0,67.0,19.0,16-255,0.10608020424842834,0.06364812254905701,0.04243208169937134,9.43,17/2,15.71,29/2,23.57,45/2,0,0.0,0.0,0.0,0,0.0,4,0,67.0,0,0,10.0,0,19,0,3,50.0,1544,0.0,123,0.0,3,0.0,1,0.1111111111111111,0.0,0,0,0,0,0,0,0.0
Newcastle (AW),11:25 AM ET,16:25,Midnite: Built For 2026 Not 2006 Handicap,5,10.0,AW,Standard To Slow,9,Mao Shang Wong,Mark Winn,David OMeara,4,132.0,67.0,12.0,052-83,0.11320754885673523,0.06792452931404114,0.04528301954269409,8.83,8/1,14.72,27/2,22.08,21/1,0,0.0,0.0,0.0,0,0.0,4,0,67.0,0,0,10.0,0,12,0,3,50.0,336,0.0,42,0.0,191,0.0,9,1.0,0.0,0,0,0,0,0,0,0.0
Newcastle (AW),11:25 AM ET,16:25,Midnite: Built For 2026 Not 2006 Handicap,5,10.0,AW,Standard To Slow,9,Prince Achille,Jack Garritty,Jedd OKeeffe,7,131.0,66.0,25.0,5124-4,0.10608020424842834,0.06364812254905701,0.04243208169937134,9.43,17/2,15.71,29/2,23.57,45/2,0,0.0,0.0,0.0,0,0.0,4,0,66.0,0,0,10.0,0,25,0,3,50.0,1172,0.0,132,0.0,279,0.0,8,0.8888888888888888,0.0,0,0,0,0,0,0,0.0
Newcastle (AW),11:25 AM ET,16:25,Midnite: Built For 2026 Not 2006 Handicap,5,10.0,AW,Standard To Slow,9,Bearwith,Aiden Brookes,Harriet Bethell,8,131.0,66.0,25.0,738-53,0.10608020424842834,0.06364812254905701,0.04243208169937134,9.43,17/2,15.71,29/2,23.57,45/2,0,0.0,0.0,0.0,0,0.0,4,0,66.0,0,0,10.0,0,25,0,3,50.0,154,0.0,16,0.0,6,0.0,2,0.2222222222222222,0.0,0,0,0,0,0,0,0.0
Newcastle (AW),11:25 AM ET,16:25,Midnite: Built For 2026 Not 2006 Handicap,5,10.0,AW,Standard To Slow,9,Jack Sparowe,Luke Morris,John Butler,7,129.0,64.0,10.0,722-99,0.10608020424842834,0.06364812254905701,0.04243208169937134,9.43,17/2,15.71,29/2,23.57,45/2,0,0.0,0.0,0.0,0,0.0,4,0,64.0,0,0,10.0,0,10,0,3,50.0,4292,0.0,238,0.0,43,0.0,7,0.7777777777777778,0.0,0,0,0,0,0,0,0.0
Newcastle (AW),11:25 AM ET,16:25,Midnite: Built For 2026 Not 2006 Handicap,5,10.0,AW,Standard To Slow,9,Lieutenant Lily,Andrew Mullen,Ben Haslam,4,127.0,62.0,124.0,37690-,0.10608020424842834,0.06364812254905701,0.04243208169937134,9.43,17/2,15.71,29/2,23.57,45/2,0,0.0,0.0,0.0,0,0.0,4,0,62.0,0,0,10.0,0,124,0,3,50.0,2175,0.0,263,0.0,99,0.0,5,0.5555555555555556,0.0,0,0,0,0,0,0,0.0
Newcastle (AW),11:25 AM ET,16:25,Midnite: Built For 2026 Not 2006 Handicap,5,10.0,AW,Standard To Slow,9,Star Cast,Kaiya Fraser,Gemma Tutty,4,124.0,59.0,21.0,490-13,0.10608020424842834,0.06364812254905701,0.04243208169937134,9.43,17/2,15.71,29/2,23.57,45/2,0,0.0,0.0,0.0,0,0.0,4,0,59.0,0,0,10.0,0,21,0,3,50.0,224,0.0,27,0.0,5,0.0,6,0.6666666666666666,0.0,0,0,0,0,0,0,0.0
Newcastle (AW),11:55 AM ET,16:55,Midnite Are Upping The Betting Game Handicap,6,6.0,AW,Standard To Slow,10,Spartan Fighter,Cam Hardie,Antony Brittain,9,137.0,65.0,4.0,-11121,0.15811209380626678,0.09486725628376007,0.06324483752250672,6.32,11/2,10.54,19/2,15.81,15/1,0,0.0,0.0,0.0,0,0.0,4,0,65.0,0,0,10.0,0,4,0,3,50.0,2053,0.0,301,0.0,389,0.0,2,0.2,0.0,0,0,0,0,0,0,0.0
Newcastle (AW),11:55 AM ET,16:55,Midnite Are Upping The Betting Game Handicap,6,6.0,AW,Standard To Slow,10,Pickersgill,David Nolan,Iain Jardine,4,135.0,63.0,19.0,0900-4,0.10608020424842834,0.06364812254905701,0.04243208169937134,9.43,17/2,15.71,29/2,23.57,45/2,0,0.0,0.0,0.0,0,0.0,4,0,63.0,0,0,10.0,0,19,0,3,50.0,1544,0.0,123,0.0,28,0.0,3,0.3,0.0,0,0,0,0,0,0,0.0
Newcastle (AW),11:55 AM ET,16:55,Midnite Are Upping The Betting Game Handicap,6,6.0,AW,Standard To Slow,10,Raft Up,Rowan Scott,Harriet Bethell,5,135.0,63.0,58.0,82256-,0.10608020424842834,0.06364812254905701,0.04243208169937134,9.43,17/2,15.71,29/2,23.57,45/2,0,0.0,0.0,0.0,0,0.0,4,0,63.0,0,0,10.0,0,58,0,3,50.0,1137,0.0,106,0.0,3,0.0,8,0.8,0.0,0,0,0,0,0,0,0.0
Newcastle (AW),11:55 AM ET,16:55,Midnite Are Upping The Betting Game Handicap,6,6.0,AW,Standard To Slow,10,Andalprofit,Alex Jary,Nigel Tinkler,4,134.0,62.0,85.0,97918-,0.10608020424842834,0.06364812254905701,0.04243208169937134,9.43,17/2,15.71,29/2,23.57,45/2,0,0.0,0.0,0.0,0,0.0,4,0,62.0,0,0,10.0,0,85,0,3,50.0,167,0.0,31,0.0,98,0.0,1,0.1,0.0,0,0,0,0,0,0,0.0
Newcastle (AW),11:55 AM ET,16:55,Midnite Are Upping The Betting Game Handicap,6,6.0,AW,Standard To Slow,10,Mayo County,Tom Kiely-Marshall,Julie Camacho,5,134.0,62.0,22.0,5002-3,0.10608020424842834,0.06364812254905701,0.04243208169937134,9.43,17/2,15.71,29/2,23.57,45/2,0,0.0,0.0,0.0,0,0.0,4,0,62.0,0,0,10.0,0,22,0,3,50.0,92,0.0,9,0.0,48,0.0,4,0.4,0.0,0,0,0,0,0,0,0.0
Newcastle (AW),11:55 AM ET,16:55,Midnite Are Upping The Betting Game Handicap,6,6.0,AW,Standard To Slow,10,Rajstar,Jason Hart,Ben Haslam,4,132.0,60.0,10.0,6/5-51,0.10608020424842834,0.06364812254905701,0.04243208169937134,9.43,17/2,15.71,29/2,23.57,45/2,0,0.0,0.0,0.0,0,0.0,4,0,60.0,0,0,10.0,0,10,0,3,50.0,2873,0.0,278,0.0,6,0.0,10,1.0,0.0,0,0,0,0,0,0,0.0
Newcastle (AW),11:55 AM ET,16:55,Midnite Are Upping The Betting Game Handicap,6,6.0,AW,Standard To Slow,10,Teardrops,George Wood,Richard Spencer,4,132.0,60.0,10.0,15-123,0.07335907220840454,0.04401544332504272,0.029343628883361818,13.63,25/2,22.72,43/2,34.08,33/1,0,0.0,0.0,0.0,0,0.0,4,0,60.0,0,0,10.0,0,10,0,3,50.0,1041,0.0,20,0.0,84,0.0,6,0.6,0.0,0,0,0,0,0,0,0.0
Newcastle (AW),11:55 AM ET,16:55,Midnite Are Upping The Betting Game Handicap,6,6.0,AW,Standard To Slow,10,Mersea,Oliver Stammers,Grant Tuer,6,129.0,57.0,10.0,86-507,0.10608020424842834,0.06364812254905701,0.04243208169937134,9.43,17/2,15.71,29/2,23.57,45/2,0,0.0,0.0,0.0,0,0.0,4,0,57.0,0,0,10.0,0,10,0,3,50.0,358,0.0,53,0.0,152,0.0,7,0.7,0.0,0,0,0,0,0,0,0.0
Newcastle (AW),11:55 AM ET,16:55,Midnite Are Upping The Betting Game Handicap,6,6.0,AW,Standard To Slow,10,Pit Boss,Billy Garritty,Liam Bailey,4,129.0,57.0,10.0,7-7421,0.10608020424842834,0.06364812254905701,0.04243208169937134,9.43,17/2,15.71,29/2,23.57,45/2,0,0.0,0.0,0.0,0,0.0,4,0,57.0,0,0,10.0,0,10,0,3,50.0,657,0.0,64,0.0,21,0.0,9,0.9,0.0,0,0,0,0,0,0,0.0
Newcastle (AW),11:55 AM ET,16:55,Midnite Are Upping The Betting Game Handicap,6,6.0,AW,Standard To Slow,10,Yorkshire Glory,Andrew Mullen,Ben Haslam,5,125.0,53.0,10.0,13-413,0.07335907220840454,0.04401544332504272,0.029343628883361818,13.63,25/2,22.72,43/2,34.08,33/1,0,0.0,0.0,0.0,0,0.0,4,0,53.0,0,0,10.0,0,10,0,3,50.0,2175,0.0,263,0.0,99,0.0,5,0.5,0.0,0,0,0,0,0,0,0.0
Newcastle (AW),12:25 PM ET,17:25,Make The Move To Midnite Restricted Maiden Stakes (For horses in Bands C and D) (GBB Race),5,5.0,AW,Standard To Slow,4,Peregrine Falcon,Ryan Kavanagh,Patrick Morris,4,137.0,64.0,5.0,3336-2,0.15811209380626678,0.09486725628376007,0.06324483752250672,6.32,11/2,10.54,19/2,15.81,15/1,0,0.0,0.0,0.0,0,0.0,4,0,64.0,0,0,10.0,0,5,0,3,50.0,70,0.0,7,0.0,4,0.0,1,0.25,0.0,0,0,0,0,0,0,0.0
Newcastle (AW),12:25 PM ET,17:25,Make The Move To Midnite Restricted Maiden Stakes (For horses in Bands C and D) (GBB Race),5,5.0,AW,Standard To Slow,4,Polka,Rowan Scott,Julie Camacho,4,137.0,,44.0,3-8,0.15811209380626678,0.09486725628376007,0.06324483752250672,6.32,11/2,10.54,19/2,15.81,15/1,0,0.0,0.0,0.0,0,0.0,4,0,0.0,0,0,10.0,0,44,0,3,50.0,1137,0.0,106,0.0,12,0.0,2,0.5,0.0,0,0,0,0,0,0,0.0
Newcastle (AW),12:25 PM ET,17:25,Make The Move To Midnite Restricted Maiden Stakes (For horses in Bands C and D) (GBB Race),5,5.0,AW,Standard To Slow,4,Ruby Red Gove,David Nolan,Ivan Furtado,4,135.0,,21.0,7-2,0.15811209380626678,0.09486725628376007,0.06324483752250672,6.32,11/2,10.54,19/2,15.81,15/1,0,0.0,0.0,0.0,0,0.0,4,0,0.0,0,0,10.0,0,21,0,3,50.0,1544,0.0,123,0.0,28,0.0,4,1.0,0.0,0,0,0,0,0,0,0.0
Newcastle (AW),12:25 PM ET,17:25,Make The Move To Midnite Restricted Maiden Stakes (For horses in Bands C and D) (GBB Race),5,5.0,AW,Standard To Slow,4,Merlier,Luke Morris,Archie Watson,3,128.0,,,,0.15811209380626678,0.09486725628376007,0.06324483752250672,6.32,11/2,10.54,19/2,15.81,15/1,0,0.0,0.0,0.0,0,0.0,4,0,0.0,0,0,10.0,0,999,0,3,50.0,4292,0.0,238,0.0,289,0.0,3,0.75,0.0,0,0,0,0,0,0,0.0
