track_code,track_name,race_date,race_number,race_time,race_name,race_class,surface,distance,purse,program_number,runner_name,jockey,trainer,ml_odds,scratched,breed,source_name,source_url,fetched_at,parser_version,sire,dam,dam_sire,age,sex,owner,weight,current_odds,current_odds_decimal,ml_odds_decimal,race_id,post_time_utc,num_runners
FL,Finger Lakes,2026-05-11,1,16:55,Starter Optional Claiming 5f,Starter Optional Claiming,Dirt,5f,"$20,000",1,Olazabal,Flores Jeremias,Sells Rachel,5/2,False,Thoroughbred,tvg,https://api.tvg.com/cosmo/v1/graphql,2026-05-11T10:24:25.616974,1.0.0,Bolt D'oro,Derby Eve,Tiznow,6,G,Frank Fiumera and Come What May Racing,124,5/2,3.5,3.5,FL-1,2026-05-11T16:55:00Z,7
FL,Finger Lakes,2026-05-11,1,16:55,Starter Optional Claiming 5f,Starter Optional Claiming,Dirt,5f,"$20,000",2,Anointed Spirit,Rohena J. M,Rohena Jose A,10/1,False,Thoroughbred,tvg,https://api.tvg.com/cosmo/v1/graphql,2026-05-11T10:24:25.616996,1.0.0,Mor Spirit,Agent Provocateur,Interactif,6,G,Elizabeth Acree,124,10/1,11.0,11.0,FL-1,2026-05-11T16:55:00Z,7
FL,Finger Lakes,2026-05-11,1,16:55,Starter Optional Claiming 5f,Starter Optional Claiming,Dirt,5f,"$20,000",3,Saybrook,Gonzalez Alex,Areche Thalia,5/1,False,Thoroughbred,tvg,https://api.tvg.com/cosmo/v1/graphql,2026-05-11T10:24:25.617007,1.0.0,Jess's Dream,Sherrie Belle,Outflanker,5,G,Lima Horse Racing LLC,124,5/1,6.0,6.0,FL-1,2026-05-11T16:55:00Z,7
FL,Finger Lakes,2026-05-11,1,16:55,Starter Optional Claiming 5f,Starter Optional Claiming,Dirt,5f,"$20,000",4,East Coast Girl,Berrios John C,Gutterson Katlynn,3/1,False,Thoroughbred,tvg,https://api.tvg.com/cosmo/v1/graphql,2026-05-11T10:24:25.617014,1.0.0,Laoban,Myakka City,City Place,6,R,Island View Farm,124,3/1,4.0,4.0,FL-1,2026-05-11T16:55:00Z,7
FL,Finger Lakes,2026-05-11,1,16:55,Starter Optional Claiming 5f,Starter Optional Claiming,Dirt,5f,"$20,000",5,Keigs,Navarro Kevin,Ferraro M. A,7/2,False,Thoroughbred,tvg,https://api.tvg.com/cosmo/v1/graphql,2026-05-11T10:24:25.617021,1.0.0,Hoppertunity,Eclipticalsrosette,Storm Wolf,5,G,TLC Thoroughbreds,124,7/2,4.5,4.5,FL-1,2026-05-11T16:55:00Z,7
FL,Finger Lakes,2026-05-11,1,16:55,Starter Optional Claiming 5f,Starter Optional Claiming,Dirt,5f,"$20,000",6,Allure Of Money,Russell Chris,Murphy Timothy P,6/1,False,Thoroughbred,tvg,https://api.tvg.com/cosmo/v1/graphql,2026-05-11T10:24:25.617031,1.0.0,Central Banker,Alana's Allure,Shackleford,6,G,Timothy P. Murphy and Robert J. Smith,124,6/1,7.0,7.0,FL-1,2026-05-11T16:55:00Z,7
FL,Finger Lakes,2026-05-11,1,16:55,Starter Optional Claiming 5f,Starter Optional Claiming,Dirt,5f,"$20,000",7,Fighter Kite,Perez Luis E,Rohena Jose A,8/1,False,Thoroughbred,tvg,https://api.tvg.com/cosmo/v1/graphql,2026-05-11T10:24:25.617037,1.0.0,Union Jackson,Paper Kite,Bernardini,6,G,Elizabeth D. Acree,124,8/1,9.0,9.0,FL-1,2026-05-11T16:55:00Z,7
FL,Finger Lakes,2026-05-11,2,17:24,Maiden Special Weight 5f,Maiden Special Weight,Dirt,5f,"$32,600",1,Solo Flight,Coa Keiber J,D'alessandro Ralph,10/1,False,Thoroughbred,tvg,https://api.tvg.com/cosmo/v1/graphql,2026-05-11T10:24:25.617074,1.0.0,Solomini,Sky Gal,Sky Mesa,5,G,Ralph D'Alessandro,124,10/1,11.0,11.0,FL-2,2026-05-11T17:24:00Z,6
FL,Finger Lakes,2026-05-11,2,17:24,Maiden Special Weight 5f,Maiden Special Weight,Dirt,5f,"$32,600",2,Lord King,Gutierrez Reylu,Gutierrez Luis,8/5,False,Thoroughbred,tvg,https://api.tvg.com/cosmo/v1/graphql,2026-05-11T10:24:25.617081,1.0.0,King For A Day,Higher Incentive,Freud,3,G,Oh Happy Days Stable and Peter Colon,120,8/5,2.6,2.6,FL-2,2026-05-11T17:24:00Z,6
FL,Finger Lakes,2026-05-11,2,17:24,Maiden Special Weight 5f,Maiden Special Weight,Dirt,5f,"$32,600",3,Captain Zane,De Diego Emanuel,Albright Amy,4/1,False,Thoroughbred,tvg,https://api.tvg.com/cosmo/v1/graphql,2026-05-11T10:24:25.617091,1.0.0,Killybegs Captain,Am Impazible,Mission Impazible,4,G,Edwin J. Schatzel,124,4/1,5.0,5.0,FL-2,2026-05-11T17:24:00Z,6
FL,Finger Lakes,2026-05-11,2,17:24,Maiden Special Weight 5f,Maiden Special Weight,Dirt,5f,"$32,600",4,No Filter,Worrie Andre S,Englehart Chris J,2/1,False,Thoroughbred,tvg,https://api.tvg.com/cosmo/v1/graphql,2026-05-11T10:24:25.617109,1.0.0,Tapiture,Ashley's Babe,Put It Back,5,G,My Purple Haze Stables,124,2/1,3.0,3.0,FL-2,2026-05-11T17:24:00Z,6
FL,Finger Lakes,2026-05-11,2,17:24,Maiden Special Weight 5f,Maiden Special Weight,Dirt,5f,"$32,600",5,Plex,Baez Jose,Saul Dana,8/1,False,Thoroughbred,tvg,https://api.tvg.com/cosmo/v1/graphql,2026-05-11T10:24:25.617119,1.0.0,Complexity,On Golden Pawn,Tiznow,4,G,John B. Penn,124,8/1,9.0,9.0,FL-2,2026-05-11T17:24:00Z,6
FL,Finger Lakes,2026-05-11,2,17:24,Maiden Special Weight 5f,Maiden Special Weight,Dirt,5f,"$32,600",6,Milkshake,Gomez Oscar,Barrow Paul W,6/1,False,Thoroughbred,tvg,https://api.tvg.com/cosmo/v1/graphql,2026-05-11T10:24:25.617127,1.0.0,Frosted,Two Foot Up,Copelan Too,3,C,"Paul W. Barrow, Darlene Bilinski and McConnell Racing Stable",120,6/1,7.0,7.0,FL-2,2026-05-11T17:24:00Z,6
FL,Finger Lakes,2026-05-11,3,17:53,Allowance 5f,Allowance,Dirt,5f,"$26,500",1,Magic Beach,Cruz Joel,Breed Debra A,4/1,False,Thoroughbred,tvg,https://api.tvg.com/cosmo/v1/graphql,2026-05-11T10:24:25.617151,1.0.0,Omaha Beach,Magic Mischief,Into Mischief,5,G,Debra A. Breed,124,4/1,5.0,5.0,FL-3,2026-05-11T17:53:00Z,6
FL,Finger Lakes,2026-05-11,3,17:53,Allowance 5f,Allowance,Dirt,5f,"$26,500",2,Rockinmoney,Coa Keiber J,Ferraro M. A,5/2,False,Thoroughbred,tvg,https://api.tvg.com/cosmo/v1/graphql,2026-05-11T10:24:25.617159,1.0.0,Mr. Monomoy,Rockin Emmzy,Tale Of The Cat,4,G,M. Anthony Ferraro,124,5/2,3.5,3.5,FL-3,2026-05-11T17:53:00Z,6
FL,Finger Lakes,2026-05-11,3,17:53,Allowance 5f,Allowance,Dirt,5f,"$26,500",3,Savage State,Russell Chris,Falk Jacqueline,3/1,False,Thoroughbred,tvg,https://api.tvg.com/cosmo/v1/graphql,2026-05-11T10:24:25.617165,1.0.0,Silver State,Jungle Tale,Lion Heart,3,G,Gold Bear Farm and Jacqueline Falk,120,3/1,4.0,4.0,FL-3,2026-05-11T17:53:00Z,6
FL,Finger Lakes,2026-05-11,3,17:53,Allowance 5f,Allowance,Dirt,5f,"$26,500",4,Dio Double Gee,Davis Jacqueline A,Housel Tamara,7/2,False,Thoroughbred,tvg,https://api.tvg.com/cosmo/v1/graphql,2026-05-11T10:24:25.617171,1.0.0,Om,Happy To Go,Saint Anddan,4,G,Tristar Farm LLC,124,7/2,4.5,4.5,FL-3,2026-05-11T17:53:00Z,6
FL,Finger Lakes,2026-05-11,3,17:53,Allowance 5f,Allowance,Dirt,5f,"$26,500",5,Luceo Non Uro,Berrios John C,Gutterson Katlynn,8/1,False,Thoroughbred,tvg,https://api.tvg.com/cosmo/v1/graphql,2026-05-11T10:24:25.617177,1.0.0,Honest Mischief,Microgram,Micromanage,4,C,Katlynn Gutterson,124,8/1,9.0,9.0,FL-3,2026-05-11T17:53:00Z,6
FL,Finger Lakes,2026-05-11,3,17:53,Allowance 5f,Allowance,Dirt,5f,"$26,500",6,Montauk Memoirs,Flores Jeremias,Barrow Paul W,5/1,False,Thoroughbred,tvg,https://api.tvg.com/cosmo/v1/graphql,2026-05-11T10:24:25.617185,1.0.0,Solomini,Illgiveyouwattever,Wiseman's Ferry,4,G,Charles D. Stephani,124,5/1,6.0,6.0,FL-3,2026-05-11T17:53:00Z,6
FL,Finger Lakes,2026-05-11,4,18:22,Maiden Special Weight 5f,Maiden Special Weight,Dirt,5f,"$32,600",1,Ride Share,Navarro Kevin,Buckley Jonathan B,5/1,False,Thoroughbred,tvg,https://api.tvg.com/cosmo/v1/graphql,2026-05-11T10:24:25.617200,1.0.0,Vekoma,Purpose Of Life,Malibu Moon,3,G,Windylea Farm LLC,120,5/1,6.0,6.0,FL-4,2026-05-11T18:22:00Z,6
FL,Finger Lakes,2026-05-11,4,18:22,Maiden Special Weight 5f,Maiden Special Weight,Dirt,5f,"$32,600",2,Wisecracker,Cruz Joel,Reed Lisa A,7/2,False,Thoroughbred,tvg,https://api.tvg.com/cosmo/v1/graphql,2026-05-11T10:24:25.617209,1.0.0,Practical Joke,G Note,Medaglia D'oro,5,G,Christopher Progno,124,7/2,4.5,4.5,FL-4,2026-05-11T18:22:00Z,6
FL,Finger Lakes,2026-05-11,4,18:22,Maiden Special Weight 5f,Maiden Special Weight,Dirt,5f,"$32,600",3,Royal Zorro,Davis Jacqueline A,Albright George R,6/1,False,Thoroughbred,tvg,https://api.tvg.com/cosmo/v1/graphql,2026-05-11T10:24:25.617216,1.0.0,Honest Mischief,Madison's Royalty,Langfuhr,3,C,WEJ Racing Stables LLC,120,6/1,7.0,7.0,FL-4,2026-05-11T18:22:00Z,6
FL,Finger Lakes,2026-05-11,4,18:22,Maiden Special Weight 5f,Maiden Special Weight,Dirt,5f,"$32,600",4,Coach Pitino,Flores Jeremias,Barrow Paul W,5/2,False,Thoroughbred,tvg,https://api.tvg.com/cosmo/v1/graphql,2026-05-11T10:24:25.617231,1.0.0,Central Banker,Lemme,Lemon Drop Kid,6,G,Roddy J. Valente,124,5/2,3.5,3.5,FL-4,2026-05-11T18:22:00Z,6
FL,Finger Lakes,2026-05-11,4,18:22,Maiden Special Weight 5f,Maiden Special Weight,Dirt,5f,"$32,600",5,Propitious,Gutierrez Reylu,Clement Miguel,3/1,False,Thoroughbred,tvg,https://api.tvg.com/cosmo/v1/graphql,2026-05-11T10:24:25.617241,1.0.0,Dialed In,Matchmadeinheaven,Utopia (Jpn),3,G,Merrylegs Farm,120,3/1,4.0,4.0,FL-4,2026-05-11T18:22:00Z,6
FL,Finger Lakes,2026-05-11,4,18:22,Maiden Special Weight 5f,Maiden Special Weight,Dirt,5f,"$32,600",6,Gallant Creek,Coa Keiber J,Deiter Kelly L,4/1,False,Thoroughbred,tvg,https://api.tvg.com/cosmo/v1/graphql,2026-05-11T10:24:25.617251,1.0.0,Long River,Sweet N Promising,Lion Hearted,5,G,Talbot Albert IV,124,4/1,5.0,5.0,FL-4,2026-05-11T18:22:00Z,6
FL,Finger Lakes,2026-05-11,5,18:51,Maiden Claiming 5f,Maiden Claiming,Dirt,5f,"$13,500",1,Joe G Twentythree,Coa Keiber J,Housel Tamara,3/1,False,Thoroughbred,tvg,https://api.tvg.com/cosmo/v1/graphql,2026-05-11T10:24:25.617276,1.0.0,Engage,Stolen Heart,Ecton Park,3,G,Tristar Farm LLC,119,3/1,4.0,4.0,FL-5,2026-05-11T18:51:00Z,9
FL,Finger Lakes,2026-05-11,5,18:51,Maiden Claiming 5f,Maiden Claiming,Dirt,5f,"$13,500",2,Renaissance Man,Berrios John C,Gutterson Katlynn,5/1,False,Thoroughbred,tvg,https://api.tvg.com/cosmo/v1/graphql,2026-05-11T10:24:25.617286,1.0.0,Free Drop Billy,Melanias Girl,Effinex,4,G,Katlynn Gutterson,124,5/1,6.0,6.0,FL-5,2026-05-11T18:51:00Z,9
FL,Finger Lakes,2026-05-11,5,18:51,Maiden Claiming 5f,Maiden Claiming,Dirt,5f,"$13,500",3,Hoity Moroni,Davis Jacqueline A,Ronen Assaf,7/2,False,Thoroughbred,tvg,https://api.tvg.com/cosmo/v1/graphql,2026-05-11T10:24:25.617292,1.0.0,Majestic City,Misled,Into Mischief,3,G,Bloom Racing Stable,119,7/2,4.5,4.5,FL-5,2026-05-11T18:51:00Z,9
FL,Finger Lakes,2026-05-11,5,18:51,Maiden Claiming 5f,Maiden Claiming,Dirt,5f,"$13,500",4,A Bit Raggity,Gomez Oscar,Reed Lisa A,12/1,False,Thoroughbred,tvg,https://api.tvg.com/cosmo/v1/graphql,2026-05-11T10:24:25.617299,1.0.0,Union Rags,Bitacora,Dominus,3,G,Christopher Progno and Lisa A. Reed,119,12/1,13.0,13.0,FL-5,2026-05-11T18:51:00Z,9
FL,Finger Lakes,2026-05-11,5,18:51,Maiden Claiming 5f,Maiden Claiming,Dirt,5f,"$13,500",5,Minister Of Magic,"Davila, Jr. Michael A",Sells Rachel,5/1,False,Thoroughbred,tvg,https://api.tvg.com/cosmo/v1/graphql,2026-05-11T10:24:25.617306,1.0.0,Mr. Monomoy,Magic Happens,Awesome Patriot,3,G,Rachel Sells,119,5/1,6.0,6.0,FL-5,2026-05-11T18:51:00Z,9
FL,Finger Lakes,2026-05-11,5,18:51,Maiden Claiming 5f,Maiden Claiming,Dirt,5f,"$13,500",6,Runaway Roscoe,Worrie Andre S,Englehart Chris J,6/1,False,Thoroughbred,tvg,https://api.tvg.com/cosmo/v1/graphql,2026-05-11T10:24:25.617318,1.0.0,Tourist,Charlie's Legacy,Indian Charlie,3,R,Wachtel Stable,119,6/1,7.0,7.0,FL-5,2026-05-11T18:51:00Z,9
FL,Finger Lakes,2026-05-11,5,18:51,Maiden Claiming 5f,Maiden Claiming,Dirt,5f,"$13,500",7,Honor For Mandin,Rohena J. M,Rohena Jose A,15/1,False,Thoroughbred,tvg,https://api.tvg.com/cosmo/v1/graphql,2026-05-11T10:24:25.617325,1.0.0,Joevia,It's A Shaw Thing,Warrior's Reward,4,G,Elizabeth D. Acree,124,15/1,16.0,16.0,FL-5,2026-05-11T18:51:00Z,9
FL,Finger Lakes,2026-05-11,5,18:51,Maiden Claiming 5f,Maiden Claiming,Dirt,5f,"$13,500",8,Midnight Musume,De Diego Emanuel,Sells Rachel,6/1,False,Thoroughbred,tvg,https://api.tvg.com/cosmo/v1/graphql,2026-05-11T10:24:25.617331,1.0.0,Yoshida (Jpn),Costa Del Sol,Istan,5,H,Vito Cipriano and JonAnthony Cipriano,124,6/1,7.0,7.0,FL-5,2026-05-11T18:51:00Z,9
FL,Finger Lakes,2026-05-11,5,18:51,Maiden Claiming 5f,Maiden Claiming,Dirt,5f,"$13,500",9,Chicago Charlie,Alvarado Nazario,Gutierrez Luis,20/1,False,Thoroughbred,tvg,https://api.tvg.com/cosmo/v1/graphql,2026-05-11T10:24:25.617337,1.0.0,Snow Trouble,Stonefield South,Grindstone,5,G,Peter Colon and Emilio Serrano,124,20/1,21.0,21.0,FL-5,2026-05-11T18:51:00Z,9
FL,Finger Lakes,2026-05-11,6,19:20,Claiming 5f,Claiming,Dirt,5f,"$13,800",1,Nightmissio,Worrie Andre S,Englehart Chris J,5/1,False,Thoroughbred,tvg,https://api.tvg.com/cosmo/v1/graphql,2026-05-11T10:24:25.617348,1.0.0,Honest Mischief,Mom's Night Out,First Dude,4,G,My Purple Haze Stables,122,5/1,6.0,6.0,FL-6,2026-05-11T19:20:00Z,7
FL,Finger Lakes,2026-05-11,6,19:20,Claiming 5f,Claiming,Dirt,5f,"$13,800",2,Messi The Magician,Gutierrez Reylu,"Breed, Jr. Ronald",7/2,False,Thoroughbred,tvg,https://api.tvg.com/cosmo/v1/graphql,2026-05-11T10:24:25.617355,1.0.0,Gormley,Pleasant Harbor,Rockport Harbor,6,G,Travis and Eddie Racing Stable,124,7/2,4.5,4.5,FL-6,2026-05-11T19:20:00Z,7
FL,Finger Lakes,2026-05-11,6,19:20,Claiming 5f,Claiming,Dirt,5f,"$13,800",3,Tapizar's Temper,Perez Luis E,Sells Rachel,9/2,False,Thoroughbred,tvg,https://api.tvg.com/cosmo/v1/graphql,2026-05-11T10:24:25.617363,1.0.0,Cloud Computing,Infinite Grace,Tapizar,4,G,Thomas L. Kolschowsky,122,9/2,5.5,5.5,FL-6,2026-05-11T19:20:00Z,7
FL,Finger Lakes,2026-05-11,6,19:20,Claiming 5f,Claiming,Dirt,5f,"$13,800",4,Henry's Hope,Gomez Oscar,Acquilano James S,5/2,False,Thoroughbred,tvg,https://api.tvg.com/cosmo/v1/graphql,2026-05-11T10:24:25.617369,1.0.0,Maclean's Music,Sky Gesture,Tiznow,4,G,James S. Acquilano,122,5/2,3.5,3.5,FL-6,2026-05-11T19:20:00Z,7
FL,Finger Lakes,2026-05-11,6,19:20,Claiming 5f,Claiming,Dirt,5f,"$13,800",5,It's Not Over Yet,Gonzalez Alex,Reed Lisa A,10/1,False,Thoroughbred,tvg,https://api.tvg.com/cosmo/v1/graphql,2026-05-11T10:24:25.617375,1.0.0,Laoban,Ten Demerits,Into Mischief,4,G,Christopher Progno,122,10/1,11.0,11.0,FL-6,2026-05-11T19:20:00Z,7
FL,Finger Lakes,2026-05-11,6,19:20,Claiming 5f,Claiming,Dirt,5f,"$13,800",6,Ol' Nelson,Alvarado Nazario,Gutterson Katlynn,10/1,False,Thoroughbred,tvg,https://api.tvg.com/cosmo/v1/graphql,2026-05-11T10:24:25.617381,1.0.0,Cinco Charlie,Potential Diva,Suave,4,G,Joel F. Mascher,122,10/1,11.0,11.0,FL-6,2026-05-11T19:20:00Z,7
FL,Finger Lakes,2026-05-11,6,19:20,Claiming 5f,Claiming,Dirt,5f,"$13,800",7,Scales Of Gold,De Diego Emanuel,D'alessandro Ralph,3/1,False,Thoroughbred,tvg,https://api.tvg.com/cosmo/v1/graphql,2026-05-11T10:24:25.617389,1.0.0,Central Banker,Holy Gold,Touch Gold,4,G,Seacoast Thoroughbreds of N.E.,122,3/1,4.0,4.0,FL-6,2026-05-11T19:20:00Z,7
FL,Finger Lakes,2026-05-11,7,19:49,Allowance 5f,Allowance,Dirt,5f,"$26,900",1,Moon Gate,Coa Keiber J,Dixon Linda K,7/2,False,Thoroughbred,tvg,https://api.tvg.com/cosmo/v1/graphql,2026-05-11T10:24:25.617404,1.0.0,Authentic,Sine Wave,Big Brown,4,F,Barry R. Ostrager,122,7/2,4.5,4.5,FL-7,2026-05-11T19:49:00Z,8
FL,Finger Lakes,2026-05-11,7,19:49,Allowance 5f,Allowance,Dirt,5f,"$26,900",2,Valentine Gift,"Davila, Jr. Michael A",Murphy Timothy P,6/1,False,Thoroughbred,tvg,https://api.tvg.com/cosmo/v1/graphql,2026-05-11T10:24:25.617409,1.0.0,Bellamy Road,Birthday Gift,Hat Trick (Jpn),5,M,Craig Benoit and Gene Lucaroni,122,6/1,7.0,7.0,FL-7,2026-05-11T19:49:00Z,8
FL,Finger Lakes,2026-05-11,7,19:49,Allowance 5f,Allowance,Dirt,5f,"$26,900",3,Giuliana's Dream,Rohena J. M,Englehart Chris J,3/1,False,Thoroughbred,tvg,https://api.tvg.com/cosmo/v1/graphql,2026-05-11T10:24:25.617415,1.0.0,Laoban,Bullish Sentiment,Stormy Atlantic,4,F,"Jeffrey S. Englehart and Final Turn Racing Stable, LLC",122,3/1,4.0,4.0,FL-7,2026-05-11T19:49:00Z,8
FL,Finger Lakes,2026-05-11,7,19:49,Allowance 5f,Allowance,Dirt,5f,"$26,900",4,Mia Nipotina,Perez Luis E,Sells Rachel,12/1,False,Thoroughbred,tvg,https://api.tvg.com/cosmo/v1/graphql,2026-05-11T10:24:25.617421,1.0.0,Frank Conversation,Young Anna Lee,Posse,5,M,Rachel Sells,124,12/1,13.0,13.0,FL-7,2026-05-11T19:49:00Z,8
FL,Finger Lakes,2026-05-11,7,19:49,Allowance 5f,Allowance,Dirt,5f,"$26,900",5,Eddie Marie,Navarro Kevin,Buckley Jonathan B,5/1,False,Thoroughbred,tvg,https://api.tvg.com/cosmo/v1/graphql,2026-05-11T10:24:25.617427,1.0.0,Solomini,Lady Constance,Bellamy Road,4,F,Trade Winds Farm,122,5/1,6.0,6.0,FL-7,2026-05-11T19:49:00Z,8
FL,Finger Lakes,2026-05-11,7,19:49,Allowance 5f,Allowance,Dirt,5f,"$26,900",6,Bellacose,Worrie Andre S,Englehart Jeremiah C,4/1,False,Thoroughbred,tvg,https://api.tvg.com/cosmo/v1/graphql,2026-05-11T10:24:25.617432,1.0.0,Audible,Little Bullet,Uncle Mo,4,F,"Christopher T. Dunn, Blue Tarp Racing, Chris Mara, Greyhound Stables, Nicholas S",122,4/1,5.0,5.0,FL-7,2026-05-11T19:49:00Z,8
FL,Finger Lakes,2026-05-11,7,19:49,Allowance 5f,Allowance,Dirt,5f,"$26,900",7,Shaman Princess,Gutierrez Reylu,Barrow Paul W,5/1,False,Thoroughbred,tvg,https://api.tvg.com/cosmo/v1/graphql,2026-05-11T10:24:25.617442,1.0.0,Shaman Ghost,Storied Lady,Read The Footnotes,6,M,Tri County Stable,122,5/1,6.0,6.0,FL-7,2026-05-11T19:49:00Z,8
FL,Finger Lakes,2026-05-11,7,19:49,Allowance 5f,Allowance,Dirt,5f,"$26,900",8,Call Me Penny,Gomez Oscar,Sells Rachel,15/1,False,Thoroughbred,tvg,https://api.tvg.com/cosmo/v1/graphql,2026-05-11T10:24:25.617448,1.0.0,First Samurai,Exposure,Colonel John,7,M,Go-To-Toga Racing LLC,122,15/1,16.0,16.0,FL-7,2026-05-11T19:49:00Z,8
FL,Finger Lakes,2026-05-11,8,20:18,Claiming 5.5f,Claiming,Dirt,5.5f,"$13,700",1,Profitability,Cruz Joel,Ferraro M. A,7/2,False,Thoroughbred,tvg,https://api.tvg.com/cosmo/v1/graphql,2026-05-11T10:24:25.617461,1.0.0,Mission Impazible,Vicki T,Street Sense,5,G,M. Anthony Ferraro,124,7/2,4.5,4.5,FL-8,2026-05-11T20:18:00Z,8
FL,Finger Lakes,2026-05-11,8,20:18,Claiming 5.5f,Claiming,Dirt,5.5f,"$13,700",2,Swedish Candy,Gomez Oscar,Barrow Paul W,5/1,False,Thoroughbred,tvg,https://api.tvg.com/cosmo/v1/graphql,2026-05-11T10:24:25.617470,1.0.0,Instagrand,Awesome Bull,Holy Bull,3,G,Fernando Abreu,119,5/1,6.0,6.0,FL-8,2026-05-11T20:18:00Z,8
FL,Finger Lakes,2026-05-11,8,20:18,Claiming 5.5f,Claiming,Dirt,5.5f,"$13,700",3,Tap It Easy,De Diego Emanuel,Morales Samuel,20/1,False,Thoroughbred,tvg,https://api.tvg.com/cosmo/v1/graphql,2026-05-11T10:24:25.617481,1.0.0,Tapiture,Smokin Breeze,Pioneerof The Nile,4,G,Samuel Morales,124,20/1,21.0,21.0,FL-8,2026-05-11T20:18:00Z,8
FL,Finger Lakes,2026-05-11,8,20:18,Claiming 5.5f,Claiming,Dirt,5.5f,"$13,700",4,Addyson's Dream,Gonzalez Alex,Clarke Matthew,15/1,False,Thoroughbred,tvg,https://api.tvg.com/cosmo/v1/graphql,2026-05-11T10:24:25.617487,1.0.0,Uptowncharlybrown,Gumdrop,Lemon Drop Kid,5,G,Stanley J. Trzcinski,124,15/1,16.0,16.0,FL-8,2026-05-11T20:18:00Z,8
FL,Finger Lakes,2026-05-11,8,20:18,Claiming 5.5f,Claiming,Dirt,5.5f,"$13,700",5,Real Eleve,Alvarado Nazario,Gutterson Katlynn,3/1,False,Thoroughbred,tvg,https://api.tvg.com/cosmo/v1/graphql,2026-05-11T10:24:25.617493,1.0.0,Authentic,Corps De Ballet,Speightstown,4,G,Katlynn Gutterson,124,3/1,4.0,4.0,FL-8,2026-05-11T20:18:00Z,8
FL,Finger Lakes,2026-05-11,8,20:18,Claiming 5.5f,Claiming,Dirt,5.5f,"$13,700",6,Redoubtableripken,Davis Jacqueline A,Clarke Matthew,6/1,False,Thoroughbred,tvg,https://api.tvg.com/cosmo/v1/graphql,2026-05-11T10:24:25.617499,1.0.0,Paynter,Andiemac,Outflanker,4,G,"Bing Cherry Racing, INC",124,6/1,7.0,7.0,FL-8,2026-05-11T20:18:00Z,8
FL,Finger Lakes,2026-05-11,8,20:18,Claiming 5.5f,Claiming,Dirt,5.5f,"$13,700",7,Painting Stones,Flores Jeremias,Barrow Paul W,5/2,False,Thoroughbred,tvg,https://api.tvg.com/cosmo/v1/graphql,2026-05-11T10:24:25.617505,1.0.0,Bustin Stones,Pincelada,Wildcat Heir,5,G,Paul W. Barrow,124,5/2,3.5,3.5,FL-8,2026-05-11T20:18:00Z,8
FL,Finger Lakes,2026-05-11,8,20:18,Claiming 5.5f,Claiming,Dirt,5.5f,"$13,700",8,Support The Cat,"Davila, Jr. Michael A",Gutterson Katlynn,12/1,False,Thoroughbred,tvg,https://api.tvg.com/cosmo/v1/graphql,2026-05-11T10:24:25.617511,1.0.0,Courageous Cat,Supporter,Hook And Ladder,7,G,Luanne Bianchi,124,12/1,13.0,13.0,FL-8,2026-05-11T20:18:00Z,8
GPX,CL - Valparaiso Sporting Club (simulcast),2026-05-11,1,19:00,Handicap 1100mtr,Handicap,Dirt,1100mtr,"$1,950",1,Soraila (Chi),Maximiliano Sa,Gabriel Reyes,30/1,False,Thoroughbred,tvg,https://api.tvg.com/cosmo/v1/graphql,2026-05-11T10:24:25.627968,1.0.0,Exaggerator,Costa Tropical (Arg),,7,M,Palestina,126,30/1,31.0,31.0,GPX-1,2026-05-11T19:00:00Z,11
GPX,CL - Valparaiso Sporting Club (simulcast),2026-05-11,1,19:00,Handicap 1100mtr,Handicap,Dirt,1100mtr,"$1,950",2,Justinsito Crack (Chi),Alejandro Maur,Juan Garcia Ve,30/1,False,Thoroughbred,tvg,https://api.tvg.com/cosmo/v1/graphql,2026-05-11T10:24:25.628018,1.0.0,Daddy Long Legs,Indy Arts (Chi),,7,H,Garcia V. Juan,126,30/1,31.0,31.0,GPX-1,2026-05-11T19:00:00Z,11
GPX,CL - Valparaiso Sporting Club (simulcast),2026-05-11,1,19:00,Handicap 1100mtr,Handicap,Dirt,1100mtr,"$1,950",3,Afirmate Gato (Chi),Gerald Rodrigu,Juan Garcia Ve,3/2,False,Thoroughbred,tvg,https://api.tvg.com/cosmo/v1/graphql,2026-05-11T10:24:25.628036,1.0.0,Seeking The Dia,Afirmate Catalina (Chi),,7,H,Don Salvador,126,3/2,2.5,2.5,GPX-1,2026-05-11T19:00:00Z,11
GPX,CL - Valparaiso Sporting Club (simulcast),2026-05-11,1,19:00,Handicap 1100mtr,Handicap,Dirt,1100mtr,"$1,950",4,King Paper (Chi),Jorge Baeza,Guillermo Pere,30/1,False,Thoroughbred,tvg,https://api.tvg.com/cosmo/v1/graphql,2026-05-11T10:24:25.628063,1.0.0,Good Samaritan,Perdoname (Chi),,5,H,Aleph,126,30/1,31.0,31.0,GPX-1,2026-05-11T19:00:00Z,11
GPX,CL - Valparaiso Sporting Club (simulcast),2026-05-11,1,19:00,Handicap 1100mtr,Handicap,Dirt,1100mtr,"$1,950",5,Sasuke (Chi),Felipe Tapia,Victor Moris L,10/1,False,Thoroughbred,tvg,https://api.tvg.com/cosmo/v1/graphql,2026-05-11T10:24:25.628081,1.0.0,Hold Me Back,Casi Lista (Chi),,6,G,Cacique,126,10/1,11.0,11.0,GPX-1,2026-05-11T19:00:00Z,11
GPX,CL - Valparaiso Sporting Club (simulcast),2026-05-11,1,19:00,Handicap 1100mtr,Handicap,Dirt,1100mtr,"$1,950",6,Sundy Point (Chi),Jorge Zuniga D,Jorge Araneda,10/1,False,Thoroughbred,tvg,https://api.tvg.com/cosmo/v1/graphql,2026-05-11T10:24:25.628094,1.0.0,The Lumber Guy,Es Magallanica (Chi),,4,F,Colicheu,126,10/1,11.0,11.0,GPX-1,2026-05-11T19:00:00Z,11
GPX,CL - Valparaiso Sporting Club (simulcast),2026-05-11,1,19:00,Handicap 1100mtr,Handicap,Dirt,1100mtr,"$1,950",7,Sin Miedo (Chi),Tomas Seith,Maximo Silva,6/1,False,Thoroughbred,tvg,https://api.tvg.com/cosmo/v1/graphql,2026-05-11T10:24:25.628111,1.0.0,Grand Daddy,Typta (Chi),,5,H,Gladycita,126,6/1,7.0,7.0,GPX-1,2026-05-11T19:00:00Z,11
GPX,CL - Valparaiso Sporting Club (simulcast),2026-05-11,1,19:00,Handicap 1100mtr,Handicap,Dirt,1100mtr,"$1,950",8,Big Wallace (Arg),Rodolfo Fuenza,Braulio Gomez,8/1,False,Thoroughbred,tvg,https://api.tvg.com/cosmo/v1/graphql,2026-05-11T10:24:25.628123,1.0.0,Hurricane Cat,Elusive Light,,8,G,J.J.,126,8/1,9.0,9.0,GPX-1,2026-05-11T19:00:00Z,11
GPX,CL - Valparaiso Sporting Club (simulcast),2026-05-11,1,19:00,Handicap 1100mtr,Handicap,Dirt,1100mtr,"$1,950",9,Watakin (Chi),Israel Villagr,Juan Belzu Oli,30/1,False,Thoroughbred,tvg,https://api.tvg.com/cosmo/v1/graphql,2026-05-11T10:24:25.628136,1.0.0,Imperia,Pearl White (Chi),,4,C,Milena,126,30/1,31.0,31.0,GPX-1,2026-05-11T19:00:00Z,11
GPX,CL - Valparaiso Sporting Club (simulcast),2026-05-11,1,19:00,Handicap 1100mtr,Handicap,Dirt,1100mtr,"$1,950",10,Mipipo (Chi),Joaquin Herrer,Maximo Silva,4/1,False,Thoroughbred,tvg,https://api.tvg.com/cosmo/v1/graphql,2026-05-11T10:24:25.628153,1.0.0,Exaggerator,Siempre Reina (Chi),,5,G,Hijos Del Rayo,126,4/1,5.0,5.0,GPX-1,2026-05-11T19:00:00Z,11
GPX,CL - Valparaiso Sporting Club (simulcast),2026-05-11,1,19:00,Handicap 1100mtr,Handicap,Dirt,1100mtr,"$1,950",11,Modelo Del Salto (Chi),Benjamin Sanch,Sergio Salazar,10/1,False,Thoroughbred,tvg,https://api.tvg.com/cosmo/v1/graphql,2026-05-11T10:24:25.628167,1.0.0,Tapitdoro,Soy Modelo (Chi),,4,F,Jeag,126,10/1,11.0,11.0,GPX-1,2026-05-11T19:00:00Z,11
GPX,CL - Valparaiso Sporting Club (simulcast),2026-05-11,2,19:30,Handicap 1000mtr,Handicap,Turf,1000mtr,"$1,950",1,Tuyarak (Chi),Lesly Gonzalez,Eduardo Donoso,4/1,False,Thoroughbred,tvg,https://api.tvg.com/cosmo/v1/graphql,2026-05-11T10:24:25.628244,1.0.0,Ya Primo (Chi),Turak (Chi),,4,F,Boril Benito Ch.,126,4/1,5.0,5.0,GPX-2,2026-05-11T19:30:00Z,10
GPX,CL - Valparaiso Sporting Club (simulcast),2026-05-11,2,19:30,Handicap 1000mtr,Handicap,Turf,1000mtr,"$1,950",2,La Pela (Chi),Diego Carvacho,Juan Belzu Oli,10/1,False,Thoroughbred,tvg,https://api.tvg.com/cosmo/v1/graphql,2026-05-11T10:24:25.628261,1.0.0,Forward March,Pitoresca (Chi),,5,M,Mayfer Y Tata Pato,126,10/1,11.0,11.0,GPX-2,2026-05-11T19:30:00Z,10
GPX,CL - Valparaiso Sporting Club (simulcast),2026-05-11,2,19:30,Handicap 1000mtr,Handicap,Turf,1000mtr,"$1,950",3,Di Luna (Chi),Alejandro Maur,Maximo Silva,30/1,False,Thoroughbred,tvg,https://api.tvg.com/cosmo/v1/graphql,2026-05-11T10:24:25.628286,1.0.0,Seeking The Dia,Dulce Amiga (Chi),,5,M,Sonrisal,126,30/1,31.0,31.0,GPX-2,2026-05-11T19:30:00Z,10
GPX,CL - Valparaiso Sporting Club (simulcast),2026-05-11,2,19:30,Handicap 1000mtr,Handicap,Turf,1000mtr,"$1,950",4,Pazzelle (Chi),Benjamin Sanch,Victor Caballe,3/2,False,Thoroughbred,tvg,https://api.tvg.com/cosmo/v1/graphql,2026-05-11T10:24:25.628301,1.0.0,Seeking The Dia,Perhaps Tomorrow (Chi),,7,M,Tata Nacho,126,3/2,2.5,2.5,GPX-2,2026-05-11T19:30:00Z,10
GPX,CL - Valparaiso Sporting Club (simulcast),2026-05-11,2,19:30,Handicap 1000mtr,Handicap,Turf,1000mtr,"$1,950",5,Senor Seremi (Chi),Nelson Figuero,Enrique Laguna,30/1,False,Thoroughbred,tvg,https://api.tvg.com/cosmo/v1/graphql,2026-05-11T10:24:25.628314,1.0.0,Court Vision,Malusita (Chi),,9,H,Alfonso Bacquet,126,30/1,31.0,31.0,GPX-2,2026-05-11T19:30:00Z,10
GPX,CL - Valparaiso Sporting Club (simulcast),2026-05-11,2,19:30,Handicap 1000mtr,Handicap,Turf,1000mtr,"$1,950",6,Wamray (Chi),Jose Villagran,Jose Leiva Lei,10/1,False,Thoroughbred,tvg,https://api.tvg.com/cosmo/v1/graphql,2026-05-11T10:24:25.628329,1.0.0,Flameaway,Marilyn Girl (Chi),,5,M,Juan De Turquia,126,10/1,11.0,11.0,GPX-2,2026-05-11T19:30:00Z,10
GPX,CL - Valparaiso Sporting Club (simulcast),2026-05-11,2,19:30,Handicap 1000mtr,Handicap,Turf,1000mtr,"$1,950",7,Trois Plumes (Chi),Gerald Rodrigu,Maximo Silva,6/1,False,Thoroughbred,tvg,https://api.tvg.com/cosmo/v1/graphql,2026-05-11T10:24:25.628343,1.0.0,Dylan Thomas (Ire),Tres Plumas (Chi),,4,F,Maximo Silva D.,126,6/1,7.0,7.0,GPX-2,2026-05-11T19:30:00Z,10
GPX,CL - Valparaiso Sporting Club (simulcast),2026-05-11,2,19:30,Handicap 1000mtr,Handicap,Turf,1000mtr,"$1,950",8,Gran Romano (Chi),Jorge Zuniga D,Wilfredo Manci,10/1,False,Thoroughbred,tvg,https://api.tvg.com/cosmo/v1/graphql,2026-05-11T10:24:25.628357,1.0.0,Constitution,Piazza Roma (Chi),,9,H,Mirafiori,126,10/1,11.0,11.0,GPX-2,2026-05-11T19:30:00Z,10
GPX,CL - Valparaiso Sporting Club (simulcast),2026-05-11,2,19:30,Handicap 1000mtr,Handicap,Turf,1000mtr,"$1,950",9,Yuliecita Crack (Chi),Nelson Rojas,Gabriel Reyes,30/1,False,Thoroughbred,tvg,https://api.tvg.com/cosmo/v1/graphql,2026-05-11T10:24:25.628380,1.0.0,The Lumber Guy,Mail Order Bride,,4,F,Calera Calera,126,30/1,31.0,31.0,GPX-2,2026-05-11T19:30:00Z,10
GPX,CL - Valparaiso Sporting Club (simulcast),2026-05-11,2,19:30,Handicap 1000mtr,Handicap,Turf,1000mtr,"$1,950",10,Rezagado (Chi),Guillermo Pere,Guillermo Pere,8/1,False,Thoroughbred,tvg,https://api.tvg.com/cosmo/v1/graphql,2026-05-11T10:24:25.628393,1.0.0,California Chrome,Piu Bella,,7,G,De La Vega,126,8/1,9.0,9.0,GPX-2,2026-05-11T19:30:00Z,10
GPX,CL - Valparaiso Sporting Club (simulcast),2026-05-11,3,20:00,Handicap 1000mtr,Handicap,Turf,1000mtr,"$2,100",1,Aunt Mercy (Chi),Ronald Fournet,Rafael Bernal,10/1,False,Thoroughbred,tvg,https://api.tvg.com/cosmo/v1/graphql,2026-05-11T10:24:25.628448,1.0.0,Palm Springs,Quick Fever,,4,F,Bernal T Rafael A,119,10/1,11.0,11.0,GPX-3,2026-05-11T20:00:00Z,10
GPX,CL - Valparaiso Sporting Club (simulcast),2026-05-11,3,20:00,Handicap 1000mtr,Handicap,Turf,1000mtr,"$2,100",2,Alto Forever (Chi),Nelson Rojas,Gabriel Reyes,4/1,False,Thoroughbred,tvg,https://api.tvg.com/cosmo/v1/graphql,2026-05-11T10:24:25.628463,1.0.0,Ivan Denisovich (I,Kendora (Chi),,8,G,Palestina,130,4/1,5.0,5.0,GPX-3,2026-05-11T20:00:00Z,10
GPX,CL - Valparaiso Sporting Club (simulcast),2026-05-11,3,20:00,Handicap 1000mtr,Handicap,Turf,1000mtr,"$2,100",3,Jerusa (Chi),Israel Villagr,Victor Moris L,6/1,False,Thoroughbred,tvg,https://api.tvg.com/cosmo/v1/graphql,2026-05-11T10:24:25.628480,1.0.0,Indian Trail,Happy Colors (Chi),,6,M,The Good Father,132,6/1,7.0,7.0,GPX-3,2026-05-11T20:00:00Z,10
GPX,CL - Valparaiso Sporting Club (simulcast),2026-05-11,3,20:00,Handicap 1000mtr,Handicap,Turf,1000mtr,"$2,100",4,King Octopus (Chi),Gerald Rodrigu,Gonzalo Vegas,3/2,False,Thoroughbred,tvg,https://api.tvg.com/cosmo/v1/graphql,2026-05-11T10:24:25.628496,1.0.0,Dubai Sky,Perla Austral (Chi),,4,C,Mayfer Y Tata Pato,130,3/2,2.5,2.5,GPX-3,2026-05-11T20:00:00Z,10
GPX,CL - Valparaiso Sporting Club (simulcast),2026-05-11,3,20:00,Handicap 1000mtr,Handicap,Turf,1000mtr,"$2,100",5,Guapa Portena (Chi),Alejandro Maur,Maximo Silva,8/1,False,Thoroughbred,tvg,https://api.tvg.com/cosmo/v1/graphql,2026-05-11T10:24:25.628508,1.0.0,Sumerio (Chi),Guapa Criolla (Chi),,4,F,Winman,126,8/1,9.0,9.0,GPX-3,2026-05-11T20:00:00Z,10
GPX,CL - Valparaiso Sporting Club (simulcast),2026-05-11,3,20:00,Handicap 1000mtr,Handicap,Turf,1000mtr,"$2,100",6,Poor Smell (Chi),Nelson Figuero,Maximo Silva,10/1,False,Thoroughbred,tvg,https://api.tvg.com/cosmo/v1/graphql,2026-05-11T10:24:25.628524,1.0.0,Ivan Denisovich (I,Rock Cristal (Chi),,4,F,Hijos Del Rayo,117,10/1,11.0,11.0,GPX-3,2026-05-11T20:00:00Z,10
GPX,CL - Valparaiso Sporting Club (simulcast),2026-05-11,3,20:00,Handicap 1000mtr,Handicap,Turf,1000mtr,"$2,100",7,Ouro (Chi),Benjamin Sanch,Carlos Vasquez,30/1,False,Thoroughbred,tvg,https://api.tvg.com/cosmo/v1/graphql,2026-05-11T10:24:25.628536,1.0.0,Practical Joke,Oradora (Chi),,7,G,Hermanos,126,30/1,31.0,31.0,GPX-3,2026-05-11T20:00:00Z,10
GPX,CL - Valparaiso Sporting Club (simulcast),2026-05-11,3,20:00,Handicap 1000mtr,Handicap,Turf,1000mtr,"$2,100",8,Oppa (Chi),Jorge Zuniga D,Wilfredo Manci,10/1,False,Thoroughbred,tvg,https://api.tvg.com/cosmo/v1/graphql,2026-05-11T10:24:25.628551,1.0.0,Sumerio (Chi),Valeza (Chi),,5,M,Laurita G.,130,10/1,11.0,11.0,GPX-3,2026-05-11T20:00:00Z,10
GPX,CL - Valparaiso Sporting Club (simulcast),2026-05-11,3,20:00,Handicap 1000mtr,Handicap,Turf,1000mtr,"$2,100",9,Tren De La Quinta (Chi),Rodolfo Fuenza,Wilfredo Manci,30/1,False,Thoroughbred,tvg,https://api.tvg.com/cosmo/v1/graphql,2026-05-11T10:24:25.628563,1.0.0,El Farrero (Chi),Majestuosa Nina (Chi),,7,H,Lam,117,30/1,31.0,31.0,GPX-3,2026-05-11T20:00:00Z,10
GPX,CL - Valparaiso Sporting Club (simulcast),2026-05-11,3,20:00,Handicap 1000mtr,Handicap,Turf,1000mtr,"$2,100",10,La Tote (Chi),Jaime Mino Fic,William Ara,30/1,False,Thoroughbred,tvg,https://api.tvg.com/cosmo/v1/graphql,2026-05-11T10:24:25.628577,1.0.0,Flyer (Chi),Rola (Chi),,8,M,William Ara D.,130,30/1,31.0,31.0,GPX-3,2026-05-11T20:00:00Z,10
GPX,CL - Valparaiso Sporting Club (simulcast),2026-05-11,4,20:30,Stakes 1200mtr,Stakes,Dirt,1200mtr,"$5,250",1,Ley Franca (Chi),Gerald Rodrigu,Juan Baeza,6/1,False,Thoroughbred,tvg,https://api.tvg.com/cosmo/v1/graphql,2026-05-11T10:24:25.628618,1.0.0,Tiz The Law,Franca Pasion (Chi),,3,F,Haras Santa Loreto,121,6/1,7.0,7.0,GPX-4,2026-05-11T20:30:00Z,12
GPX,CL - Valparaiso Sporting Club (simulcast),2026-05-11,4,20:30,Stakes 1200mtr,Stakes,Dirt,1200mtr,"$5,250",2,Trabalains (Chi),Pedro Robles,Victor Moris L,30/1,False,Thoroughbred,tvg,https://api.tvg.com/cosmo/v1/graphql,2026-05-11T10:24:25.628633,1.0.0,International Star,Eres Unica (Chi),,3,C,Js,126,30/1,31.0,31.0,GPX-4,2026-05-11T20:30:00Z,12
GPX,CL - Valparaiso Sporting Club (simulcast),2026-05-11,4,20:30,Stakes 1200mtr,Stakes,Dirt,1200mtr,"$5,250",3,Fafifo (Chi),Jorge Baeza,Maximo Silva,12/1,False,Thoroughbred,tvg,https://api.tvg.com/cosmo/v1/graphql,2026-05-11T10:24:25.628645,1.0.0,Tacitus,Joy Nila (Arg),,3,C,Maximo Silva D.,126,12/1,13.0,13.0,GPX-4,2026-05-11T20:30:00Z,12
GPX,CL - Valparaiso Sporting Club (simulcast),2026-05-11,4,20:30,Stakes 1200mtr,Stakes,Dirt,1200mtr,"$5,250",4,Cuando Vuelves (Chi),Nelson Rojas,Gabriel Reyes,30/1,False,Thoroughbred,tvg,https://api.tvg.com/cosmo/v1/graphql,2026-05-11T10:24:25.628661,1.0.0,Big Daddy (Chi),Por Que Ries (Chi),,3,F,Toleo Toleo,121,30/1,31.0,31.0,GPX-4,2026-05-11T20:30:00Z,12
GPX,CL - Valparaiso Sporting Club (simulcast),2026-05-11,4,20:30,Stakes 1200mtr,Stakes,Dirt,1200mtr,"$5,250",5,La Fajita (Chi),Felipe Tapia,Carlos Vasquez,30/1,False,Thoroughbred,tvg,https://api.tvg.com/cosmo/v1/graphql,2026-05-11T10:24:25.628673,1.0.0,Flameaway,Faloon (Chi),,3,F,Dona Sofia,121,30/1,31.0,31.0,GPX-4,2026-05-11T20:30:00Z,12
GPX,CL - Valparaiso Sporting Club (simulcast),2026-05-11,4,20:30,Stakes 1200mtr,Stakes,Dirt,1200mtr,"$5,250",6,Naipur Raider (Chi),Rafael Cistern,Marco Pavez Oc,4/1,False,Thoroughbred,tvg,https://api.tvg.com/cosmo/v1/graphql,2026-05-11T10:24:25.628685,1.0.0,Indian Trail,Naipur Quality (Chi),,3,F,Haras Sumaya,121,4/1,5.0,5.0,GPX-4,2026-05-11T20:30:00Z,12
GPX,CL - Valparaiso Sporting Club (simulcast),2026-05-11,4,20:30,Stakes 1200mtr,Stakes,Dirt,1200mtr,"$5,250",7,La Minions (Chi),Ronald Fournet,Maximo Silva,30/1,False,Thoroughbred,tvg,https://api.tvg.com/cosmo/v1/graphql,2026-05-11T10:24:25.628697,1.0.0,International Star,Rio De Janeiro (Chi),,3,F,M S D,121,30/1,31.0,31.0,GPX-4,2026-05-11T20:30:00Z,12
GPX,CL - Valparaiso Sporting Club (simulcast),2026-05-11,4,20:30,Stakes 1200mtr,Stakes,Dirt,1200mtr,"$5,250",8,Lamotta (Chi),Benjamin Sanch,Ximeno Urenda,10/1,False,Thoroughbred,tvg,https://api.tvg.com/cosmo/v1/graphql,2026-05-11T10:24:25.628709,1.0.0,Valid Point,Guest List,,3,C,Los Leones,126,10/1,11.0,11.0,GPX-4,2026-05-11T20:30:00Z,12
GPX,CL - Valparaiso Sporting Club (simulcast),2026-05-11,4,20:30,Stakes 1200mtr,Stakes,Dirt,1200mtr,"$5,250",9,Zheng Shi (Chi),Rodolfo Fuenza,Marcos Contrer,8/1,False,Thoroughbred,tvg,https://api.tvg.com/cosmo/v1/graphql,2026-05-11T10:24:25.628723,1.0.0,Hiraboku Deep (Jpn,Ruby Luck (Chi),,3,F,Guerrero De La Vida,121,8/1,9.0,9.0,GPX-4,2026-05-11T20:30:00Z,12
GPX,CL - Valparaiso Sporting Club (simulcast),2026-05-11,4,20:30,Stakes 1200mtr,Stakes,Dirt,1200mtr,"$5,250",10,El Lado Be (Chi),Jose Villagran,Maximo Silva,30/1,False,Thoroughbred,tvg,https://api.tvg.com/cosmo/v1/graphql,2026-05-11T10:24:25.628738,1.0.0,International Star,Fuego Ardiente (Chi),,3,F,Haras Porta Pia,121,30/1,31.0,31.0,GPX-4,2026-05-11T20:30:00Z,12
GPX,CL - Valparaiso Sporting Club (simulcast),2026-05-11,4,20:30,Stakes 1200mtr,Stakes,Dirt,1200mtr,"$5,250",11,Flaca Dany (Chi),Joaquin Herrer,Maximo Silva,3/2,False,Thoroughbred,tvg,https://api.tvg.com/cosmo/v1/graphql,2026-05-11T10:24:25.628753,1.0.0,Spun To Run,Lead Me On,,3,F,Maximo Silva D.,121,3/2,2.5,2.5,GPX-4,2026-05-11T20:30:00Z,12
GPX,CL - Valparaiso Sporting Club (simulcast),2026-05-11,4,20:30,Stakes 1200mtr,Stakes,Dirt,1200mtr,"$5,250",12,Pirata Bigoton (Chi),Alejandro Maur,Maximo Silva,10/1,False,Thoroughbred,tvg,https://api.tvg.com/cosmo/v1/graphql,2026-05-11T10:24:25.628768,1.0.0,Sumerio (Chi),Lola Pirata (Chi),,3,C,Pirata,126,10/1,11.0,11.0,GPX-4,2026-05-11T20:30:00Z,12
GPX,CL - Valparaiso Sporting Club (simulcast),2026-05-11,5,21:00,Maiden Special 1000mtr,Maiden Special,Turf,1000mtr,"$1,800",1,Victory Queen (Chi),Jorge Baeza,Braulio Gomez,10/1,False,Thoroughbred,tvg,https://api.tvg.com/cosmo/v1/graphql,2026-05-11T10:24:25.628808,1.0.0,Mitico Galilei (Ch,Victory Trail (Chi),,4,F,Corral Quellon,126,10/1,11.0,11.0,GPX-5,2026-05-11T21:00:00Z,8
GPX,CL - Valparaiso Sporting Club (simulcast),2026-05-11,5,21:00,Maiden Special 1000mtr,Maiden Special,Turf,1000mtr,"$1,800",2,Katie Melua (Chi),Rafael Cistern,Luis Valdivia,6/1,False,Thoroughbred,tvg,https://api.tvg.com/cosmo/v1/graphql,2026-05-11T10:24:25.628821,1.0.0,Flameaway,Bella Aileen (Chi),,4,F,Cordova T. Guillermo,126,6/1,7.0,7.0,GPX-5,2026-05-11T21:00:00Z,8
GPX,CL - Valparaiso Sporting Club (simulcast),2026-05-11,5,21:00,Maiden Special 1000mtr,Maiden Special,Turf,1000mtr,"$1,800",3,Espera Un Poquito (Chi),Jose Villagran,Braulio Gomez,4/1,False,Thoroughbred,tvg,https://api.tvg.com/cosmo/v1/graphql,2026-05-11T10:24:25.628834,1.0.0,Zawraq (Ire),Guardia Pretoriana (Chi),,4,F,Braulio Gomez A.,126,4/1,5.0,5.0,GPX-5,2026-05-11T21:00:00Z,8
GPX,CL - Valparaiso Sporting Club (simulcast),2026-05-11,5,21:00,Maiden Special 1000mtr,Maiden Special,Turf,1000mtr,"$1,800",4,La Luna De Todos (Chi),Joaquin Herrer,Marcos Contrer,8/1,False,Thoroughbred,tvg,https://api.tvg.com/cosmo/v1/graphql,2026-05-11T10:24:25.628847,1.0.0,Get Jets,Paglia (Arg),,4,F,Guerrero De La Vida,126,8/1,9.0,9.0,GPX-5,2026-05-11T21:00:00Z,8
GPX,CL - Valparaiso Sporting Club (simulcast),2026-05-11,5,21:00,Maiden Special 1000mtr,Maiden Special,Turf,1000mtr,"$1,800",5,Sestri Levante (Chi),Felipe Tapia,Victor Moris L,8/1,False,Thoroughbred,tvg,https://api.tvg.com/cosmo/v1/graphql,2026-05-11T10:24:25.628860,1.0.0,Dylan Thomas (Ire),Santo Kel,,4,F,The Good Father,126,8/1,9.0,9.0,GPX-5,2026-05-11T21:00:00Z,8
GPX,CL - Valparaiso Sporting Club (simulcast),2026-05-11,5,21:00,Maiden Special 1000mtr,Maiden Special,Turf,1000mtr,"$1,800",6,Videl (Chi),Benjamin Sanch,Sergio Salazar,3/2,False,Thoroughbred,tvg,https://api.tvg.com/cosmo/v1/graphql,2026-05-11T10:24:25.628872,1.0.0,Tapitdoro,Royana (Arg),,4,F,Jeag,126,3/2,2.5,2.5,GPX-5,2026-05-11T21:00:00Z,8
GPX,CL - Valparaiso Sporting Club (simulcast),2026-05-11,5,21:00,Maiden Special 1000mtr,Maiden Special,Turf,1000mtr,"$1,800",7,Sky Prize (Chi),Maximiliano Sa,Gabriel Reyes,10/1,False,Thoroughbred,tvg,https://api.tvg.com/cosmo/v1/graphql,2026-05-11T10:24:25.628887,1.0.0,Dubai Sky,Gone Prize (Arg),,4,F,Toleo Toleo,126,10/1,11.0,11.0,GPX-5,2026-05-11T21:00:00Z,8
GPX,CL - Valparaiso Sporting Club (simulcast),2026-05-11,5,21:00,Maiden Special 1000mtr,Maiden Special,Turf,1000mtr,"$1,800",8,Guapa Quitena (Chi),Ronald Fournet,Maximo Silva,10/1,False,Thoroughbred,tvg,https://api.tvg.com/cosmo/v1/graphql,2026-05-11T10:24:25.628900,1.0.0,Sumerio (Chi),Kampali (Chi),,4,F,Winman,126,10/1,11.0,11.0,GPX-5,2026-05-11T21:00:00Z,8
GPX,CL - Valparaiso Sporting Club (simulcast),2026-05-11,6,21:30,Handicap 1100mtr,Handicap,Dirt,1100mtr,"$2,325",1,Pegasus Fantasis (Chi),Guillermo Pere,Enrique Laguna,4/1,False,Thoroughbred,tvg,https://api.tvg.com/cosmo/v1/graphql,2026-05-11T10:24:25.628935,1.0.0,Mendelssohn,Argirea (Arg),,5,H,Sagardia Hnos.,128,4/1,5.0,5.0,GPX-6,2026-05-11T21:30:00Z,6
GPX,CL - Valparaiso Sporting Club (simulcast),2026-05-11,6,21:30,Handicap 1100mtr,Handicap,Dirt,1100mtr,"$2,325",2,Parsifal (Chi),Rodolfo Fuenza,Victor Caballe,6/1,False,Thoroughbred,tvg,https://api.tvg.com/cosmo/v1/graphql,2026-05-11T10:24:25.628950,1.0.0,Ramaje (Chi),Miss Jumana (Chi),,7,G,La Mila,132,6/1,7.0,7.0,GPX-6,2026-05-11T21:30:00Z,6
GPX,CL - Valparaiso Sporting Club (simulcast),2026-05-11,6,21:30,Handicap 1100mtr,Handicap,Dirt,1100mtr,"$2,325",3,Doppler (Chi),Joaquin Herrer,Jose Araya Bah,3/2,False,Thoroughbred,tvg,https://api.tvg.com/cosmo/v1/graphql,2026-05-11T10:24:25.628964,1.0.0,Goldencents,The High Queen,,7,G,Bengo,132,3/2,2.5,2.5,GPX-6,2026-05-11T21:30:00Z,6
GPX,CL - Valparaiso Sporting Club (simulcast),2026-05-11,6,21:30,Handicap 1100mtr,Handicap,Dirt,1100mtr,"$2,325",4,El Gran Pirata (Chi),Alejandro Maur,Maximo Silva,4/1,False,Thoroughbred,tvg,https://api.tvg.com/cosmo/v1/graphql,2026-05-11T10:24:25.628982,1.0.0,Boboman,Villalba (Chi),,7,H,Pirata,130,4/1,5.0,5.0,GPX-6,2026-05-11T21:30:00Z,6
GPX,CL - Valparaiso Sporting Club (simulcast),2026-05-11,6,21:30,Handicap 1100mtr,Handicap,Dirt,1100mtr,"$2,325",5,Larrykane (Chi),Jaime Mino Fic,William Ara,8/1,False,Thoroughbred,tvg,https://api.tvg.com/cosmo/v1/graphql,2026-05-11T10:24:25.628997,1.0.0,Practical Joke,Alucina (Chi),,7,H,William Ara D.,128,8/1,9.0,9.0,GPX-6,2026-05-11T21:30:00Z,6
GPX,CL - Valparaiso Sporting Club (simulcast),2026-05-11,6,21:30,Handicap 1100mtr,Handicap,Dirt,1100mtr,"$2,325",6,Sol De Troya (Chi),Jorge Zuniga D,Gonzalo Vegas,6/1,False,Thoroughbred,tvg,https://api.tvg.com/cosmo/v1/graphql,2026-05-11T10:24:25.629010,1.0.0,Exaggerator,Esperandoa Marilyn (Chi),,5,H,Mbarete,121,6/1,7.0,7.0,GPX-6,2026-05-11T21:30:00Z,6
GPX,CL - Valparaiso Sporting Club (simulcast),2026-05-11,7,22:00,Handicap 1100mtr,Handicap,Dirt,1100mtr,"$2,100",1,Rojo Burgues (Chi),Nelson Rojas,Gabriel Reyes,30/1,False,Thoroughbred,tvg,https://api.tvg.com/cosmo/v1/graphql,2026-05-11T10:24:25.629040,1.0.0,Straight Up (Chi),Aldahara (Chi),,6,G,Felisi,123,30/1,31.0,31.0,GPX-7,2026-05-11T22:00:00Z,16
GPX,CL - Valparaiso Sporting Club (simulcast),2026-05-11,7,22:00,Handicap 1100mtr,Handicap,Dirt,1100mtr,"$2,100",2,Warrior Spirit (Chi),Diego Carvacho,Wilfredo Manci,6/1,False,Thoroughbred,tvg,https://api.tvg.com/cosmo/v1/graphql,2026-05-11T10:24:25.629055,1.0.0,Protonico,Divine Symphony,,7,G,French Potato,128,6/1,7.0,7.0,GPX-7,2026-05-11T22:00:00Z,16
GPX,CL - Valparaiso Sporting Club (simulcast),2026-05-11,7,22:00,Handicap 1100mtr,Handicap,Dirt,1100mtr,"$2,100",3,Green Dress (Chi),Jonathan Casti,Sergio Morales,8/1,False,Thoroughbred,tvg,https://api.tvg.com/cosmo/v1/graphql,2026-05-11T10:24:25.629071,1.0.0,Lemon Sour (Chi),Pasion Turca (Chi),,5,G,Los Nanitos,128,8/1,9.0,9.0,GPX-7,2026-05-11T22:00:00Z,16
GPX,CL - Valparaiso Sporting Club (simulcast),2026-05-11,7,22:00,Handicap 1100mtr,Handicap,Dirt,1100mtr,"$2,100",4,Dale Flaca (Chi),Alejandro Maur,Sergio Morales,30/1,False,Thoroughbred,tvg,https://api.tvg.com/cosmo/v1/graphql,2026-05-11T10:24:25.629087,1.0.0,Hinz (Arg),Ornellaia (Chi),,4,F,Don Amadeo,126,30/1,31.0,31.0,GPX-7,2026-05-11T22:00:00Z,16
GPX,CL - Valparaiso Sporting Club (simulcast),2026-05-11,7,22:00,Handicap 1100mtr,Handicap,Dirt,1100mtr,"$2,100",5,La Banda Verde (Chi),Israel Villagr,Jorge Araneda,30/1,False,Thoroughbred,tvg,https://api.tvg.com/cosmo/v1/graphql,2026-05-11T10:24:25.629099,1.0.0,Cunco (Ire),Lousada (Chi),,5,M,Pompita,123,30/1,31.0,31.0,GPX-7,2026-05-11T22:00:00Z,16
GPX,CL - Valparaiso Sporting Club (simulcast),2026-05-11,7,22:00,Handicap 1100mtr,Handicap,Dirt,1100mtr,"$2,100",6,Teruka (Chi),Felipe Tapia,Victor Moris L,30/1,False,Thoroughbred,tvg,https://api.tvg.com/cosmo/v1/graphql,2026-05-11T10:24:25.629111,1.0.0,Grand Daddy,Elga (Chi),,5,M,Aleph,123,30/1,31.0,31.0,GPX-7,2026-05-11T22:00:00Z,16
GPX,CL - Valparaiso Sporting Club (simulcast),2026-05-11,7,22:00,Handicap 1100mtr,Handicap,Dirt,1100mtr,"$2,100",7,Luiverar (Chi),Lesly Gonzalez,Braulio Gomez,30/1,False,Thoroughbred,tvg,https://api.tvg.com/cosmo/v1/graphql,2026-05-11T10:24:25.629124,1.0.0,Viscount Nelson,Gran Hipica (Chi),,8,H,Tararira,123,30/1,31.0,31.0,GPX-7,2026-05-11T22:00:00Z,16
GPX,CL - Valparaiso Sporting Club (simulcast),2026-05-11,7,22:00,Handicap 1100mtr,Handicap,Dirt,1100mtr,"$2,100",8,Insistentemente (Chi),Guillermo Pere,Carlos Vasquez,10/1,False,Thoroughbred,tvg,https://api.tvg.com/cosmo/v1/graphql,2026-05-11T10:24:25.629139,1.0.0,Grand Daddy,Adjala (Chi),,4,G,Dona Sofia,128,10/1,11.0,11.0,GPX-7,2026-05-11T22:00:00Z,16
GPX,CL - Valparaiso Sporting Club (simulcast),2026-05-11,7,22:00,Handicap 1100mtr,Handicap,Dirt,1100mtr,"$2,100",9,Guerrero Arabe (Chi),Nelson Figuero,Sergio Morales,30/1,False,Thoroughbred,tvg,https://api.tvg.com/cosmo/v1/graphql,2026-05-11T10:24:25.629154,1.0.0,Arabian Spirit,Princesa Guerrera (Chi),,4,G,Los Nanitos,121,30/1,31.0,31.0,GPX-7,2026-05-11T22:00:00Z,16
GPX,CL - Valparaiso Sporting Club (simulcast),2026-05-11,7,22:00,Handicap 1100mtr,Handicap,Dirt,1100mtr,"$2,100",10,Gipsy Vanner (Chi),Jorge Baeza,Braulio Gomez,30/1,False,Thoroughbred,tvg,https://api.tvg.com/cosmo/v1/graphql,2026-05-11T10:24:25.629169,1.0.0,Exaggerator,Quick Fever,,6,G,Infinito,126,30/1,31.0,31.0,GPX-7,2026-05-11T22:00:00Z,16
GPX,CL - Valparaiso Sporting Club (simulcast),2026-05-11,7,22:00,Handicap 1100mtr,Handicap,Dirt,1100mtr,"$2,100",11,El Renacido (Chi),Jorge Zuniga D,Wilfredo Manci,30/1,False,Thoroughbred,tvg,https://api.tvg.com/cosmo/v1/graphql,2026-05-11T10:24:25.629181,1.0.0,Frank Conversation,Estatica Dinamica (Chi),,5,H,Wilfredo Mancilla D.,123,30/1,31.0,31.0,GPX-7,2026-05-11T22:00:00Z,16
GPX,CL - Valparaiso Sporting Club (simulcast),2026-05-11,7,22:00,Handicap 1100mtr,Handicap,Dirt,1100mtr,"$2,100",12,Mala Memoria (Chi),Ronald Fournet,Jose Araya Bah,10/1,False,Thoroughbred,tvg,https://api.tvg.com/cosmo/v1/graphql,2026-05-11T10:24:25.629192,1.0.0,Gemologist,La Turbina (Chi),,7,M,Legacy,128,10/1,11.0,11.0,GPX-7,2026-05-11T22:00:00Z,16
GPX,CL - Valparaiso Sporting Club (simulcast),2026-05-11,7,22:00,Handicap 1100mtr,Handicap,Dirt,1100mtr,"$2,100",13,Vincero (Chi),Joaquin Herrer,Rafael Bernal,4/1,False,Thoroughbred,tvg,https://api.tvg.com/cosmo/v1/graphql,2026-05-11T10:24:25.629205,1.0.0,The Lumber Guy,En Que Topamos (Chi),,4,C,Bernal T Rafael A,121,4/1,5.0,5.0,GPX-7,2026-05-11T22:00:00Z,16
GPX,CL - Valparaiso Sporting Club (simulcast),2026-05-11,7,22:00,Handicap 1100mtr,Handicap,Dirt,1100mtr,"$2,100",14,Merengon (Chi),Jose Villagran,Victor Moris L,30/1,False,Thoroughbred,tvg,https://api.tvg.com/cosmo/v1/graphql,2026-05-11T10:24:25.629218,1.0.0,Robert Bruce (Chi),Rocio Merengue (Chi),,5,G,Arturo Y Cecilia,123,30/1,31.0,31.0,GPX-7,2026-05-11T22:00:00Z,16
GPX,CL - Valparaiso Sporting Club (simulcast),2026-05-11,7,22:00,Handicap 1100mtr,Handicap,Dirt,1100mtr,"$2,100",15,Le Peintre (Arg),Gerald Rodrigu,Juan Garcia Ve,3/2,False,Thoroughbred,tvg,https://api.tvg.com/cosmo/v1/graphql,2026-05-11T10:24:25.629231,1.0.0,Interaction (Arg),Le Cite (Arg),,7,H,Tata's Juan,128,3/2,2.5,2.5,GPX-7,2026-05-11T22:00:00Z,16
GPX,CL - Valparaiso Sporting Club (simulcast),2026-05-11,7,22:00,Handicap 1100mtr,Handicap,Dirt,1100mtr,"$2,100",16,Bapkiza (Chi),Sebastian Mari,Juan Belzu Oli,30/1,False,Thoroughbred,tvg,https://api.tvg.com/cosmo/v1/graphql,2026-05-11T10:24:25.629243,1.0.0,Cloud Computing,Ostentosa Y Cara (Chi),,6,M,Milena,123,30/1,31.0,31.0,GPX-7,2026-05-11T22:00:00Z,16
GPX,CL - Valparaiso Sporting Club (simulcast),2026-05-11,8,22:30,Handicap 1100mtr,Handicap,Dirt,1100mtr,"$2,250",1,La Tia Elena (Chi),Tomas Seith,Victor Caballe,30/1,False,Thoroughbred,tvg,https://api.tvg.com/cosmo/v1/graphql,2026-05-11T10:24:25.629277,1.0.0,Patternrecognition,Nobleza De Indias (Chi),,5,M,Tata Nacho,126,30/1,31.0,31.0,GPX-8,2026-05-11T22:30:00Z,10
GPX,CL - Valparaiso Sporting Club (simulcast),2026-05-11,8,22:30,Handicap 1100mtr,Handicap,Dirt,1100mtr,"$2,250",2,El Palomo (Chi),Alejandro Maur,Jorge Araneda,4/1,False,Thoroughbred,tvg,https://api.tvg.com/cosmo/v1/graphql,2026-05-11T10:24:25.629289,1.0.0,The Lumber Guy,Crackelet (Chi),,5,H,Colicheu,130,4/1,5.0,5.0,GPX-8,2026-05-11T22:30:00Z,10
GPX,CL - Valparaiso Sporting Club (simulcast),2026-05-11,8,22:30,Handicap 1100mtr,Handicap,Dirt,1100mtr,"$2,250",3,Golden East (Chi),Israel Villagr,Carlos Vasquez,10/1,False,Thoroughbred,tvg,https://api.tvg.com/cosmo/v1/graphql,2026-05-11T10:24:25.629303,1.0.0,Goldencents,Party Bay (Chi),,7,G,Dona Sofia,130,10/1,11.0,11.0,GPX-8,2026-05-11T22:30:00Z,10
GPX,CL - Valparaiso Sporting Club (simulcast),2026-05-11,8,22:30,Handicap 1100mtr,Handicap,Dirt,1100mtr,"$2,250",4,Kapu (Chi),Benjamin Sanch,Gonzalo Vegas,6/1,False,Thoroughbred,tvg,https://api.tvg.com/cosmo/v1/graphql,2026-05-11T10:24:25.629319,1.0.0,Sumerio (Chi),Felina Verse (Chi),,5,H,Los Parritas,130,6/1,7.0,7.0,GPX-8,2026-05-11T22:30:00Z,10
GPX,CL - Valparaiso Sporting Club (simulcast),2026-05-11,8,22:30,Handicap 1100mtr,Handicap,Dirt,1100mtr,"$2,250",5,Punta Itata (Chi),Jonathan Casti,Maximo Silva,10/1,False,Thoroughbred,tvg,https://api.tvg.com/cosmo/v1/graphql,2026-05-11T10:24:25.629342,1.0.0,Zawraq (Ire),Maida Feliz (Chi),,5,H,Hijos Del Rayo,128,10/1,11.0,11.0,GPX-8,2026-05-11T22:30:00Z,10
GPX,CL - Valparaiso Sporting Club (simulcast),2026-05-11,8,22:30,Handicap 1100mtr,Handicap,Dirt,1100mtr,"$2,250",6,Calochita (Chi),Nelson Rojas,Gabriel Reyes,10/1,False,Thoroughbred,tvg,https://api.tvg.com/cosmo/v1/graphql,2026-05-11T10:24:25.629354,1.0.0,Ivan Denisovich (I,Lady Dior (Chi),,6,H,Palestina,123,10/1,11.0,11.0,GPX-8,2026-05-11T22:30:00Z,10
GPX,CL - Valparaiso Sporting Club (simulcast),2026-05-11,8,22:30,Handicap 1100mtr,Handicap,Dirt,1100mtr,"$2,250",7,Gli Amici (Chi),Joaquin Herrer,Rafael Bernal,3/2,False,Thoroughbred,tvg,https://api.tvg.com/cosmo/v1/graphql,2026-05-11T10:24:25.629366,1.0.0,Alfonso,Scarlet Witch (Chi),,4,C,Cota Y Nano,128,3/2,2.5,2.5,GPX-8,2026-05-11T22:30:00Z,10
GPX,CL - Valparaiso Sporting Club (simulcast),2026-05-11,8,22:30,Handicap 1100mtr,Handicap,Dirt,1100mtr,"$2,250",8,Aneu (Chi),Gerald Rodrigu,Juan Garcia Ve,8/1,False,Thoroughbred,tvg,https://api.tvg.com/cosmo/v1/graphql,2026-05-11T10:24:25.629380,1.0.0,Newfoundland,Anjum (Chi),,5,M,Don Elias,130,8/1,9.0,9.0,GPX-8,2026-05-11T22:30:00Z,10
GPX,CL - Valparaiso Sporting Club (simulcast),2026-05-11,8,22:30,Handicap 1100mtr,Handicap,Dirt,1100mtr,"$2,250",9,Roy Para Un Poco (Chi),Diego Carvacho,Wilfredo Manci,30/1,False,Thoroughbred,tvg,https://api.tvg.com/cosmo/v1/graphql,2026-05-11T10:24:25.629391,1.0.0,Indy Dancer,Cruise News (Chi),,6,H,French Fries,119,30/1,31.0,31.0,GPX-8,2026-05-11T22:30:00Z,10
GPX,CL - Valparaiso Sporting Club (simulcast),2026-05-11,8,22:30,Handicap 1100mtr,Handicap,Dirt,1100mtr,"$2,250",10,Soul Queen (Chi),Juan Soto Vega,Victor Caballe,30/1,False,Thoroughbred,tvg,https://api.tvg.com/cosmo/v1/graphql,2026-05-11T10:24:25.629403,1.0.0,War Command,Sistova (Chi),,6,M,Tata Nacho,130,30/1,31.0,31.0,GPX-8,2026-05-11T22:30:00Z,10
GPX,CL - Valparaiso Sporting Club (simulcast),2026-05-11,9,23:00,Handicap 1100mtr,Handicap,Dirt,1100mtr,"$2,025",1,Lobelius (Chi),Jorge Zuniga D,Maximo Silva,10/1,False,Thoroughbred,tvg,https://api.tvg.com/cosmo/v1/graphql,2026-05-11T10:24:25.629471,1.0.0,Seeking The Dia,Linda Romana (Chi),,10,H,Leonor,123,10/1,11.0,11.0,GPX-9,2026-05-11T23:00:00Z,11
GPX,CL - Valparaiso Sporting Club (simulcast),2026-05-11,9,23:00,Handicap 1100mtr,Handicap,Dirt,1100mtr,"$2,025",2,Lucky Storm (Chi),Felipe Tapia,Victor Moris L,4/1,False,Thoroughbred,tvg,https://api.tvg.com/cosmo/v1/graphql,2026-05-11T10:24:25.629485,1.0.0,California Chrome,Portafortuna,,7,G,Aleph,128,4/1,5.0,5.0,GPX-9,2026-05-11T23:00:00Z,11
GPX,CL - Valparaiso Sporting Club (simulcast),2026-05-11,9,23:00,Handicap 1100mtr,Handicap,Dirt,1100mtr,"$2,025",3,Gran Cafrune (Chi),Tomas Seith,Victor Caballe,30/1,False,Thoroughbred,tvg,https://api.tvg.com/cosmo/v1/graphql,2026-05-11T10:24:25.629508,1.0.0,Hinz (Arg),La Femme (Arg),,7,H,Tata Nacho,128,30/1,31.0,31.0,GPX-9,2026-05-11T23:00:00Z,11
GPX,CL - Valparaiso Sporting Club (simulcast),2026-05-11,9,23:00,Handicap 1100mtr,Handicap,Dirt,1100mtr,"$2,025",4,Araukan (Chi),Gerald Rodrigu,Gabriel Reyes,3/2,False,Thoroughbred,tvg,https://api.tvg.com/cosmo/v1/graphql,2026-05-11T10:24:25.629521,1.0.0,Alfonso,Ali Macgrow (Chi),,4,C,That,126,3/2,2.5,2.5,GPX-9,2026-05-11T23:00:00Z,11
GPX,CL - Valparaiso Sporting Club (simulcast),2026-05-11,9,23:00,Handicap 1100mtr,Handicap,Dirt,1100mtr,"$2,025",5,Gran Samcredo (Chi),Israel Villagr,Carlos Vasquez,10/1,False,Thoroughbred,tvg,https://api.tvg.com/cosmo/v1/graphql,2026-05-11T10:24:25.629533,1.0.0,Ivan Denisovich (I,She Is Sweet (Chi),,4,C,Dona Sofia,123,10/1,11.0,11.0,GPX-9,2026-05-11T23:00:00Z,11
GPX,CL - Valparaiso Sporting Club (simulcast),2026-05-11,9,23:00,Handicap 1100mtr,Handicap,Dirt,1100mtr,"$2,025",6,Rubio Alocado (Chi),Rodolfo Fuenza,Jorge Araneda,6/1,False,Thoroughbred,tvg,https://api.tvg.com/cosmo/v1/graphql,2026-05-11T10:24:25.629545,1.0.0,Cumpleanos Feliz (,Like A Princess (Chi),,8,H,Renita,123,6/1,7.0,7.0,GPX-9,2026-05-11T23:00:00Z,11
GPX,CL - Valparaiso Sporting Club (simulcast),2026-05-11,9,23:00,Handicap 1100mtr,Handicap,Dirt,1100mtr,"$2,025",7,La Libertina (Chi),Sebastian Mari,Jorge Araneda,30/1,False,Thoroughbred,tvg,https://api.tvg.com/cosmo/v1/graphql,2026-05-11T10:24:25.629557,1.0.0,Good Samaritan,Miss Dear (Chi),,5,M,Pompita,123,30/1,31.0,31.0,GPX-9,2026-05-11T23:00:00Z,11
GPX,CL - Valparaiso Sporting Club (simulcast),2026-05-11,9,23:00,Handicap 1100mtr,Handicap,Dirt,1100mtr,"$2,025",8,Gran Verraco (Chi),Guillermo Pere,Gabriel Reyes,10/1,False,Thoroughbred,tvg,https://api.tvg.com/cosmo/v1/graphql,2026-05-11T10:24:25.629568,1.0.0,Verrazano,Miss Armony (Chi),,8,G,Tio Pito,128,10/1,11.0,11.0,GPX-9,2026-05-11T23:00:00Z,11
GPX,CL - Valparaiso Sporting Club (simulcast),2026-05-11,9,23:00,Handicap 1100mtr,Handicap,Dirt,1100mtr,"$2,025",9,Stevietoo (Chi),Lesly Gonzalez,Braulio Gomez,8/1,False,Thoroughbred,tvg,https://api.tvg.com/cosmo/v1/graphql,2026-05-11T10:24:25.629580,1.0.0,Stevie Wonderboy,Mitabay (Chi),,6,G,Braulio Gomez A.,123,8/1,9.0,9.0,GPX-9,2026-05-11T23:00:00Z,11
GPX,CL - Valparaiso Sporting Club (simulcast),2026-05-11,9,23:00,Handicap 1100mtr,Handicap,Dirt,1100mtr,"$2,025",10,Graciosa Cozette (Chi),Jose Villagran,Victor Moris L,30/1,False,Thoroughbred,tvg,https://api.tvg.com/cosmo/v1/graphql,2026-05-11T10:24:25.629591,1.0.0,Awesome Patriot,Princess Cozette (Fr),,4,F,Aleph,126,30/1,31.0,31.0,GPX-9,2026-05-11T23:00:00Z,11
GPX,CL - Valparaiso Sporting Club (simulcast),2026-05-11,9,23:00,Handicap 1100mtr,Handicap,Dirt,1100mtr,"$2,025",11,Tanytus (Chi),Benjamin Sanch,Victor Caballe,30/1,False,Thoroughbred,tvg,https://api.tvg.com/cosmo/v1/graphql,2026-05-11T10:24:25.629609,1.0.0,Exaggerator,Kavakava (Chi),,5,H,Tata Nacho,126,30/1,31.0,31.0,GPX-9,2026-05-11T23:00:00Z,11
HAR,Harrington Raceway,2026-05-11,1,20:30,Pace 1m,Pace,Dirt,1m,"$7,000",1,He's Webster,"Thompson, Jaso","Copeland, Vinc",20/1,False,Harness,tvg,https://api.tvg.com/cosmo/v1/graphql,2026-05-11T10:24:25.645155,1.0.0,He's Watching,Trindle Hanover,Well Said,3,G,"Jane B Ramsey,Smyrna,DE;David L Amo",0,20/1,21.0,21.0,HAR-1,2026-05-11T20:30:00Z,8
HAR,Harrington Raceway,2026-05-11,1,20:30,Pace 1m,Pace,Dirt,1m,"$7,000",2,Silver N Gold,"Deaton, Tim","Pressel, Kayla",5/1,False,Harness,tvg,https://api.tvg.com/cosmo/v1/graphql,2026-05-11T10:24:25.645246,1.0.0,Megatron,Glitter N Ginger,Fred And Ginger,4,G,"Mr Charles Ben Nitkowski,Camden Wyo",0,5/1,6.0,6.0,HAR-1,2026-05-11T20:30:00Z,8
HAR,Harrington Raceway,2026-05-11,1,20:30,Pace 1m,Pace,Dirt,1m,"$7,000",3,Earn My Bet,"Morgan, Anthon","Crissman, Tim",8/1,False,Harness,tvg,https://api.tvg.com/cosmo/v1/graphql,2026-05-11T10:24:25.645272,1.0.0,Stay Hungry,My Last Bet,Delmarvalous,3,G,"Niss Allen Inc,Fair Lawn,NJ",0,8/1,9.0,9.0,HAR-1,2026-05-11T20:30:00Z,8
HAR,Harrington Raceway,2026-05-11,1,20:30,Pace 1m,Pace,Dirt,1m,"$7,000",4,Angler Hanover,"Stafford, Art","Stafford, Andr",3/2,False,Harness,tvg,https://api.tvg.com/cosmo/v1/graphql,2026-05-11T10:24:25.645292,1.0.0,Tall Dark Stranger,Always B Beachy,Always B Miki,3,G,"Andrew J Stafford,Harrington,DE;Tho",0,3/2,2.5,2.5,HAR-1,2026-05-11T20:30:00Z,8
HAR,Harrington Raceway,2026-05-11,1,20:30,Pace 1m,Pace,Dirt,1m,"$7,000",5,Wiggle Babe,"Griffith, Shan","Short, Ronald",9/1,False,Harness,tvg,https://api.tvg.com/cosmo/v1/graphql,2026-05-11T10:24:25.645308,1.0.0,Mr Wiggles,Aunt Babe,Panspacificflight,3,G,"Ronald E Short,Greenwood,DE",0,9/1,10.0,10.0,HAR-1,2026-05-11T20:30:00Z,8
HAR,Harrington Raceway,2026-05-11,1,20:30,Pace 1m,Pace,Dirt,1m,"$7,000",6,Perfect Stu,"Cole, Mike","Columbo, Josep",8/1,False,Harness,tvg,https://api.tvg.com/cosmo/v1/graphql,2026-05-11T10:24:25.645343,1.0.0,Perfect Sting,Alexis's Beach,Somebeachsomewhere,3,G,"George& Tina Dennis Racing,Wyoming,",0,8/1,9.0,9.0,HAR-1,2026-05-11T20:30:00Z,8
HAR,Harrington Raceway,2026-05-11,1,20:30,Pace 1m,Pace,Dirt,1m,"$7,000",7,Rayvista,"Dalious, Barto","Givens, Wayne",20/1,False,Harness,tvg,https://api.tvg.com/cosmo/v1/graphql,2026-05-11T10:24:25.645364,1.0.0,Papa Ray,Vistamista,Powerful Mist,3,G,"Legacy Racing Of De Inc,Seaford,DE",0,20/1,21.0,21.0,HAR-1,2026-05-11T20:30:00Z,8
HAR,Harrington Raceway,2026-05-11,1,20:30,Pace 1m,Pace,Dirt,1m,"$7,000",8,Stonebridge Bluff,"Lynch, Jason","Lynch, Jason",3/1,False,Harness,tvg,https://api.tvg.com/cosmo/v1/graphql,2026-05-11T10:24:25.645379,1.0.0,Captain Crunch,Stonebridge Rumor,Well Said,3,G,"Jason T Lynch,Delmar,DE",0,3/1,4.0,4.0,HAR-1,2026-05-11T20:30:00Z,8
HAR,Harrington Raceway,2026-05-11,2,20:48,Pace 1m,Pace,Dirt,1m,"$11,500",1,Panther's Pinot,"Still, Rick","Bier, Jenny",9/2,False,Harness,tvg,https://api.tvg.com/cosmo/v1/graphql,2026-05-11T10:24:25.645463,1.0.0,Panther Hanover,Baby Mc,Mcardle,9,G,"Jenny Bier,Dover,DE",0,9/2,5.5,5.5,HAR-2,2026-05-11T20:48:00Z,8
HAR,Harrington Raceway,2026-05-11,2,20:48,Pace 1m,Pace,Dirt,1m,"$11,500",2,Dancinat Midland,"Foster, Russel","Foster, Arty I",3/1,False,Harness,tvg,https://api.tvg.com/cosmo/v1/graphql,2026-05-11T10:24:25.645480,1.0.0,A Rocknroll Dance,Pan Hanover,Artsplace,11,G,"Arty Foster Jr,Harrington,DE",0,3/1,4.0,4.0,HAR-2,2026-05-11T20:48:00Z,8
HAR,Harrington Raceway,2026-05-11,2,20:48,Pace 1m,Pace,Dirt,1m,"$11,500",3,Aiden Station,"Green, Jason","Ratledge, Nico",7/1,False,Harness,tvg,https://api.tvg.com/cosmo/v1/graphql,2026-05-11T10:24:25.645495,1.0.0,Heston Blue Chip,E Dee's Well Said,Well Said,4,G,"Nicole B Ratledge,Clayton,DE",0,7/1,8.0,8.0,HAR-2,2026-05-11T20:48:00Z,8
HAR,Harrington Raceway,2026-05-11,2,20:48,Pace 1m,Pace,Dirt,1m,"$11,500",4,Delightful End,"Lynch, Jason","Lynch, Jason",7/2,False,Harness,tvg,https://api.tvg.com/cosmo/v1/graphql,2026-05-11T10:24:25.645511,1.0.0,Jk Endofanera,Elizabeth Bluechip,Bettor's Delight,4,G,"Jason T Lynch,Delmar,DE",0,7/2,4.5,4.5,HAR-2,2026-05-11T20:48:00Z,8
HAR,Harrington Raceway,2026-05-11,2,20:48,Pace 1m,Pace,Dirt,1m,"$11,500",5,Coxcomb,"Stafford, Art","Crissman, Chuc",5/2,False,Harness,tvg,https://api.tvg.com/cosmo/v1/graphql,2026-05-11T10:24:25.645528,1.0.0,Sweet Lou,Summertime Lea,Lislea,8,G,"Wendy R Crissman,Dover,DE",0,5/2,3.5,3.5,HAR-2,2026-05-11T20:48:00Z,8
HAR,Harrington Raceway,2026-05-11,2,20:48,Pace 1m,Pace,Dirt,1m,"$11,500",6,Sir John B,"Morgan, Anthon","Crissman, Tim",7/1,False,Harness,tvg,https://api.tvg.com/cosmo/v1/graphql,2026-05-11T10:24:25.645543,1.0.0,Stay Hungry,Evelix Am,Art Major,5,G,"Niss Allen Inc,Fair Lawn,NJ",0,7/1,8.0,8.0,HAR-2,2026-05-11T20:48:00Z,8
HAR,Harrington Raceway,2026-05-11,2,20:48,Pace 1m,Pace,Dirt,1m,"$11,500",7,Badlands N Wine,"Cole, Mike","Columbo, Josep",20/1,False,Harness,tvg,https://api.tvg.com/cosmo/v1/graphql,2026-05-11T10:24:25.645577,1.0.0,Badlands Hanover,I'm Won Wine Wiser,Modern Art,7,G,"George& Tina Dennis Racing,Wyoming,",0,20/1,21.0,21.0,HAR-2,2026-05-11T20:48:00Z,8
HAR,Harrington Raceway,2026-05-11,2,20:48,Pace 1m,Pace,Dirt,1m,"$11,500",8,Lucky Ramsey,"Thompson, Jaso","Copeland, Vinc",20/1,False,Harness,tvg,https://api.tvg.com/cosmo/v1/graphql,2026-05-11T10:24:25.645593,1.0.0,Rockincam,Trindle Hanover,Well Said,8,G,"Jane B Ramsey,Smyrna,DE;David L Amo",0,20/1,21.0,21.0,HAR-2,2026-05-11T20:48:00Z,8
HAR,Harrington Raceway,2026-05-11,3,21:06,Pace 1m,Pace,Dirt,1m,"$15,000",1,Welcometotheshow,"Thompson, Jaso","Ell, Eric",9/2,False,Harness,tvg,https://api.tvg.com/cosmo/v1/graphql,2026-05-11T10:24:25.645640,1.0.0,Tall Dark Stranger,Come See The Show,Somebeachsomewhere,4,G,"W Kenneth & B A Wood,Denton,MD;S J",0,9/2,5.5,5.5,HAR-3,2026-05-11T21:06:00Z,8
HAR,Harrington Raceway,2026-05-11,3,21:06,Pace 1m,Pace,Dirt,1m,"$15,000",2,Airborne Spark,"Callahan, Core","Gannon, Edwin",7/1,False,Harness,tvg,https://api.tvg.com/cosmo/v1/graphql,2026-05-11T10:24:25.645657,1.0.0,Rockin Image,Precision Hanover,Somebeachsomewhere,4,G,"Jeff Fought Rcg,E Bernstadt,KY;B K",0,7/1,8.0,8.0,HAR-3,2026-05-11T21:06:00Z,8
HAR,Harrington Raceway,2026-05-11,3,21:06,Pace 1m,Pace,Dirt,1m,"$15,000",3,Manwiththeplan,"Stafford, Art",Johnson-Staffo,5/1,False,Harness,tvg,https://api.tvg.com/cosmo/v1/graphql,2026-05-11T10:24:25.645671,1.0.0,Jk Endofanera,Secluded Beach,Somebeachsomewhere,4,G,"Lawrence F Vukovic,Lansdale,PA;Will",0,5/1,6.0,6.0,HAR-3,2026-05-11T21:06:00Z,8
HAR,Harrington Raceway,2026-05-11,3,21:06,Pace 1m,Pace,Dirt,1m,"$15,000",4,Slugger On Deck,"Davis, Allan","King, Jim Jr",5/2,False,Harness,tvg,https://api.tvg.com/cosmo/v1/graphql,2026-05-11T10:24:25.645685,1.0.0,He's Watching,End To End Hanover,The Panderosa,3,C,"Jo Ann Looney-King,Harrington,DE",0,5/2,3.5,3.5,HAR-3,2026-05-11T21:06:00Z,8
HAR,Harrington Raceway,2026-05-11,3,21:06,Pace 1m,Pace,Dirt,1m,"$15,000",5,Hurrikane Miki,"Cole, Mike","Columbo, Josep",7/1,False,Harness,tvg,https://api.tvg.com/cosmo/v1/graphql,2026-05-11T10:24:25.645704,1.0.0,Always B Miki,Hurrikane Schmumma,Somebeachsomewhere,5,G,"George& Tina Dennis Racing,Wyoming,",0,7/1,8.0,8.0,HAR-3,2026-05-11T21:06:00Z,8
HAR,Harrington Raceway,2026-05-11,3,21:06,Pace 1m,Pace,Dirt,1m,"$15,000",6,Hypebeast,"Morgan, Anthon","Crissman, Tim",15/1,False,Harness,tvg,https://api.tvg.com/cosmo/v1/graphql,2026-05-11T10:24:25.645719,1.0.0,Captaintreacherous,Anndrovette,Riverboat King,5,G,"Evm Racing LLC,Middletown,DE",0,15/1,16.0,16.0,HAR-3,2026-05-11T21:06:00Z,8
HAR,Harrington Raceway,2026-05-11,3,21:06,Pace 1m,Pace,Dirt,1m,"$15,000",7,Mr Three O Five,"Teague, Montre","Glassmeyer, A",3/1,False,Harness,tvg,https://api.tvg.com/cosmo/v1/graphql,2026-05-11T10:24:25.645733,1.0.0,Lazarus N,World Of Rock,Rocknroll Hanover,5,H,"Andrew R Glassmeyer,Dover,DE",0,3/1,4.0,4.0,HAR-3,2026-05-11T21:06:00Z,8
HAR,Harrington Raceway,2026-05-11,3,21:06,Pace 1m,Pace,Dirt,1m,"$15,000",8,Shore Not Beach,"Skinner, Ryder","Berry, Traci",20/1,False,Harness,tvg,https://api.tvg.com/cosmo/v1/graphql,2026-05-11T10:24:25.645749,1.0.0,Badlands Hanover,Azure Deo,Art Major,4,G,"Tlb Racing LLC,Harrington,DE",0,20/1,21.0,21.0,HAR-3,2026-05-11T21:06:00Z,8
HAR,Harrington Raceway,2026-05-11,4,21:24,Pace 1m,Pace,Dirt,1m,"$9,500",1,Sweet Angel Boy,"Morgan, Anthon","Glassmeyer, A",7/5,False,Harness,tvg,https://api.tvg.com/cosmo/v1/graphql,2026-05-11T10:24:25.645793,1.0.0,Sweet Lou,Aries Angel,Western Ideal,8,G,"Andrew R Glassmeyer,Dover,DE",0,7/5,2.4,2.4,HAR-4,2026-05-11T21:24:00Z,8
HAR,Harrington Raceway,2026-05-11,4,21:24,Pace 1m,Pace,Dirt,1m,"$9,500",2,Madewrite,"Beyer, Troy","Johnson, Jason",5/1,False,Harness,tvg,https://api.tvg.com/cosmo/v1/graphql,2026-05-11T10:24:25.645809,1.0.0,Sportswriter,Allamerican Summer,Western Ideal,4,G,"Jason L Johnson Inc,Dover,DE;Ava L",0,5/1,6.0,6.0,HAR-4,2026-05-11T21:24:00Z,8
HAR,Harrington Raceway,2026-05-11,4,21:24,Pace 1m,Pace,Dirt,1m,"$9,500",3,Hes A Ladies Man,"Poliseno, Cody","Gray, Brooks",8/1,False,Harness,tvg,https://api.tvg.com/cosmo/v1/graphql,2026-05-11T10:24:25.645825,1.0.0,Shadow Play,Windsun Chanel,Sportswriter,7,G,"Ronald F Davis,Selbyville,DE",0,8/1,9.0,9.0,HAR-4,2026-05-11T21:24:00Z,8
HAR,Harrington Raceway,2026-05-11,4,21:24,Pace 1m,Pace,Dirt,1m,"$9,500",4,Zip Time,"Horsey, Ceba","Horsey, Ceba",20/1,False,Harness,tvg,https://api.tvg.com/cosmo/v1/graphql,2026-05-11T10:24:25.645839,1.0.0,Captain Crunch,Zipporah,Rock N Roll Heaven,4,G,"Jaypaul R Hoover,Ephrata,PA",0,20/1,21.0,21.0,HAR-4,2026-05-11T21:24:00Z,8
HAR,Harrington Raceway,2026-05-11,4,21:24,Pace 1m,Pace,Dirt,1m,"$9,500",5,Bodega Bay,"Callahan, Core","Ewing, Gary",5/1,False,Harness,tvg,https://api.tvg.com/cosmo/v1/graphql,2026-05-11T10:24:25.645859,1.0.0,Vintage Master,Nikki Beach,Somebeachsomewhere,11,G,"Gary E Ewing,Easton,MD",0,5/1,6.0,6.0,HAR-4,2026-05-11T21:24:00Z,8
HAR,Harrington Raceway,2026-05-11,4,21:24,Pace 1m,Pace,Dirt,1m,"$9,500",6,Teton Sunset,"Cole, Mike","Columbo, Josep",20/1,False,Harness,tvg,https://api.tvg.com/cosmo/v1/graphql,2026-05-11T10:24:25.645871,1.0.0,American Ideal,Gray Ghost,Art Major,9,G,"George& Tina Dennis Racing,Wyoming,",0,20/1,21.0,21.0,HAR-4,2026-05-11T21:24:00Z,8
HAR,Harrington Raceway,2026-05-11,4,21:24,Pace 1m,Pace,Dirt,1m,"$9,500",7,Herb,"Givens, Brando","Bradley, Vince",12/1,False,Harness,tvg,https://api.tvg.com/cosmo/v1/graphql,2026-05-11T10:24:25.645884,1.0.0,Emeritus Maximus,Little Sandyloam,Riggins,5,G,"J M F Racing LLC,Freehold,NJ;Vincen",0,12/1,13.0,13.0,HAR-4,2026-05-11T21:24:00Z,8
HAR,Harrington Raceway,2026-05-11,4,21:24,Pace 1m,Pace,Dirt,1m,"$9,500",8,Flash Move,"Thompson, Jaso","Hundertpfund,",4/1,False,Harness,tvg,https://api.tvg.com/cosmo/v1/graphql,2026-05-11T10:24:25.645897,1.0.0,Heston Blue Chip,Flibbertigibbet,Albert Albert,6,G,"Rodney M Long,Salisbury,MD",0,4/1,5.0,5.0,HAR-4,2026-05-11T21:24:00Z,8
HAR,Harrington Raceway,2026-05-11,5,21:42,Pace 1m,Pace,Dirt,1m,"$12,500",1,Portugal The Man,"Foster, Russel","Kimelman, Mich",7/5,False,Harness,tvg,https://api.tvg.com/cosmo/v1/graphql,2026-05-11T10:24:25.645931,1.0.0,Well Said,Brazilian,Rock N Roll Heaven,4,G,"Michael P Kimelman,Marydel,DE;Josep",0,7/5,2.4,2.4,HAR-5,2026-05-11T21:42:00Z,8
HAR,Harrington Raceway,2026-05-11,5,21:42,Pace 1m,Pace,Dirt,1m,"$12,500",2,Master Ofthe House,"Dalious, Barto","Gannon, Laura",20/1,False,Harness,tvg,https://api.tvg.com/cosmo/v1/graphql,2026-05-11T10:24:25.645945,1.0.0,Cattlewash,Lispatty,Mcardle,4,G,"Michael J & Brooke Y Gannon,Harring",0,20/1,21.0,21.0,HAR-5,2026-05-11T21:42:00Z,8
HAR,Harrington Raceway,2026-05-11,5,21:42,Pace 1m,Pace,Dirt,1m,"$12,500",3,The Dragon Reborn,"Davis, Allan","Davis, Tyler",3/1,False,Harness,tvg,https://api.tvg.com/cosmo/v1/graphql,2026-05-11T10:24:25.645959,1.0.0,Bettor's Delight,My Little Dragon,Dragon Again,5,H,"J& T Davis LLC,Smyrna,DE",0,3/1,4.0,4.0,HAR-5,2026-05-11T21:42:00Z,8
HAR,Harrington Raceway,2026-05-11,5,21:42,Pace 1m,Pace,Dirt,1m,"$12,500",4,Aloha Blue Chip,"Cole, Mike","Columbo, Josep",5/1,False,Harness,tvg,https://api.tvg.com/cosmo/v1/graphql,2026-05-11T10:24:25.645978,1.0.0,Sweet Lou,Shoreline,Captaintreacherous,3,G,"George& Tina Dennis Racing,Wyoming,",0,5/1,6.0,6.0,HAR-5,2026-05-11T21:42:00Z,8
HAR,Harrington Raceway,2026-05-11,5,21:42,Pace 1m,Pace,Dirt,1m,"$12,500",5,Do What U Do,"Callahan, Core","Johnson, Jason",20/1,False,Harness,tvg,https://api.tvg.com/cosmo/v1/graphql,2026-05-11T10:24:25.645992,1.0.0,Lazarus N,Its All About Miki,Always B Miki,4,G,"Calcutta Stable LLC,Rehoboth Beach,",0,20/1,21.0,21.0,HAR-5,2026-05-11T21:42:00Z,8
HAR,Harrington Raceway,2026-05-11,5,21:42,Pace 1m,Pace,Dirt,1m,"$12,500",6,Hunt Me Up,"Stafford, Art","Stafford, Andr",4/1,False,Harness,tvg,https://api.tvg.com/cosmo/v1/graphql,2026-05-11T10:24:25.646006,1.0.0,Huntsville,Artrageous,Art Major,4,G,"Bonnie M Benson,Lewes,DE;Andrew J S",0,4/1,5.0,5.0,HAR-5,2026-05-11T21:42:00Z,8
HAR,Harrington Raceway,2026-05-11,5,21:42,Pace 1m,Pace,Dirt,1m,"$12,500",7,Shifty Hill,"Beyer, Troy","Harmon, Orvill",20/1,False,Harness,tvg,https://api.tvg.com/cosmo/v1/graphql,2026-05-11T10:24:25.646018,1.0.0,Bettor's Delight,Margret Hill,Somebeachsomewhere,4,G,"Orville L Harmon,Mappsville,VA;Matt",0,20/1,21.0,21.0,HAR-5,2026-05-11T21:42:00Z,8
HAR,Harrington Raceway,2026-05-11,5,21:42,Pace 1m,Pace,Dirt,1m,"$12,500",8,Cheezwiz,"Thompson, Jaso","Gray, Brooks",20/1,False,Harness,tvg,https://api.tvg.com/cosmo/v1/graphql,2026-05-11T10:24:25.646032,1.0.0,Betterthancheddar,Dew It Again,Dragon Again,4,G,"Ronald F Davis,Selbyville,DE",0,20/1,21.0,21.0,HAR-5,2026-05-11T21:42:00Z,8
HAR,Harrington Raceway,2026-05-11,6,22:00,Pace 1m,Pace,Dirt,1m,"$22,500",1,Armada Hanover,"Givens, Brando","Givens, Wayne",9/2,False,Harness,tvg,https://api.tvg.com/cosmo/v1/graphql,2026-05-11T10:24:25.646064,1.0.0,Stay Hungry,Anderosa Hanover,The Panderosa,5,G,"Legacy Racing Of De Inc,Seaford,DE;",0,9/2,5.5,5.5,HAR-6,2026-05-11T22:00:00Z,8
HAR,Harrington Raceway,2026-05-11,6,22:00,Pace 1m,Pace,Dirt,1m,"$22,500",2,Wager On Me,"Cole, Mike","Columbo, Josep",20/1,False,Harness,tvg,https://api.tvg.com/cosmo/v1/graphql,2026-05-11T10:24:25.646078,1.0.0,Bettor's Delight,Ravishnmasterpiece,Art Major,10,G,"George& Tina Dennis Racing,Wyoming,",0,20/1,21.0,21.0,HAR-6,2026-05-11T22:00:00Z,8
HAR,Harrington Raceway,2026-05-11,6,22:00,Pace 1m,Pace,Dirt,1m,"$22,500",3,Hundred Dollar Man,"Teague, Montre","Francis, Clyde",2/1,False,Harness,tvg,https://api.tvg.com/cosmo/v1/graphql,2026-05-11T10:24:25.646092,1.0.0,Lather Up,Whirl The Girl,Artiscape,5,G,"Brenda Teague Inc,Houston,DE",0,2/1,3.0,3.0,HAR-6,2026-05-11T22:00:00Z,8
HAR,Harrington Raceway,2026-05-11,6,22:00,Pace 1m,Pace,Dirt,1m,"$22,500",4,My Miki Beach,"Beyer, Troy","Bailey, Ryan",9/2,False,Harness,tvg,https://api.tvg.com/cosmo/v1/graphql,2026-05-11T10:24:25.646107,1.0.0,Always B Miki,One For The Beach,Somebeachsomewhere,7,G,"Robert L Bailey Sr,Dagsboro,DE",0,9/2,5.5,5.5,HAR-6,2026-05-11T22:00:00Z,8
HAR,Harrington Raceway,2026-05-11,6,22:00,Pace 1m,Pace,Dirt,1m,"$22,500",5,T Dog,"Foster, Russel","Kimelman, Mich",10/1,False,Harness,tvg,https://api.tvg.com/cosmo/v1/graphql,2026-05-11T10:24:25.646121,1.0.0,Bolt The Duer,New Hollywood,Cam's Card Shark,6,G,"Michael P & Sara J Kimelman,Marydel",0,10/1,11.0,11.0,HAR-6,2026-05-11T22:00:00Z,8
HAR,Harrington Raceway,2026-05-11,6,22:00,Pace 1m,Pace,Dirt,1m,"$22,500",6,Steven's Saloon,"Thompson, Jaso","Hundertpfund,",9/2,False,Harness,tvg,https://api.tvg.com/cosmo/v1/graphql,2026-05-11T10:24:25.646136,1.0.0,Always B Miki,Lasting Love,Shark Gesture,5,G,"Richard A Ashley,Felton,DE;C Michae",0,9/2,5.5,5.5,HAR-6,2026-05-11T22:00:00Z,8
HAR,Harrington Raceway,2026-05-11,6,22:00,Pace 1m,Pace,Dirt,1m,"$22,500",7,J M Mandamin,"Wolfenden, Ros","Dixon, John",20/1,False,Harness,tvg,https://api.tvg.com/cosmo/v1/graphql,2026-05-11T10:24:25.646153,1.0.0,Mach Three,J M Lasstax,Camluck,10,G,"Rodney M Long,Salisbury,MD",0,20/1,21.0,21.0,HAR-6,2026-05-11T22:00:00Z,8
HAR,Harrington Raceway,2026-05-11,6,22:00,Pace 1m,Pace,Dirt,1m,"$22,500",8,Wehadababyetzaboy,"Stafford, Art","Crissman, Chuc",5/1,False,Harness,tvg,https://api.tvg.com/cosmo/v1/graphql,2026-05-11T10:24:25.646171,1.0.0,Sweet Lou,Camille,Camluck,7,G,"Evm Racing LLC,Middletown,DE",0,5/1,6.0,6.0,HAR-6,2026-05-11T22:00:00Z,8
HAR,Harrington Raceway,2026-05-11,7,22:18,Pace 1m,Pace,Dirt,1m,"$8,000",1,Iheartmum,"Davis, Eric","Davis, Janet",6/1,False,Harness,tvg,https://api.tvg.com/cosmo/v1/graphql,2026-05-11T10:24:25.646206,1.0.0,Badlands Hanover,Iheartquestionmark,General Aidid,3,G,"Janet M Davis,Hartly,DE",0,6/1,7.0,7.0,HAR-7,2026-05-11T22:18:00Z,8
HAR,Harrington Raceway,2026-05-11,7,22:18,Pace 1m,Pace,Dirt,1m,"$8,000",2,He's Peeping,"Thompson, Jaso","King, Jim Jr",3/1,False,Harness,tvg,https://api.tvg.com/cosmo/v1/graphql,2026-05-11T10:24:25.646223,1.0.0,He's Watching,Tipton Teeez,Western Terror,3,G,"Jo Ann Looney-King,Harrington,DE;Ga",0,3/1,4.0,4.0,HAR-7,2026-05-11T22:18:00Z,8
HAR,Harrington Raceway,2026-05-11,7,22:18,Pace 1m,Pace,Dirt,1m,"$8,000",3,Hickock,"Givens, Brando","Givens, Wayne",5/1,False,Harness,tvg,https://api.tvg.com/cosmo/v1/graphql,2026-05-11T10:24:25.646236,1.0.0,Sweet Lou,Some Bodacious Bet,Betting Line,3,G,"Legacy Racing Of De Inc,Seaford,DE",0,5/1,6.0,6.0,HAR-7,2026-05-11T22:18:00Z,8
HAR,Harrington Raceway,2026-05-11,7,22:18,Pace 1m,Pace,Dirt,1m,"$8,000",4,Freddie Hill,"Stafford, Art","Bailey, Ryan",9/1,False,Harness,tvg,https://api.tvg.com/cosmo/v1/graphql,2026-05-11T10:24:25.646249,1.0.0,Captaintreacherous,Look Cheap,Geartogear,4,G,"Roy L & Susan Bailey,Dagsboro,DE",0,9/1,10.0,10.0,HAR-7,2026-05-11T22:18:00Z,8
HAR,Harrington Raceway,2026-05-11,7,22:18,Pace 1m,Pace,Dirt,1m,"$8,000",5,Always Has Been,"Morgan, Anthon","Reynolds, Will",9/5,False,Harness,tvg,https://api.tvg.com/cosmo/v1/graphql,2026-05-11T10:24:25.646263,1.0.0,Tall Dark Stranger,Time On My Hands,American Ideal,3,G,"Mark R Howard,Federalsburg,MD",0,9/5,2.8,2.8,HAR-7,2026-05-11T22:18:00Z,8
HAR,Harrington Raceway,2026-05-11,7,22:18,Pace 1m,Pace,Dirt,1m,"$8,000",6,Boomerang Cowboy,"Cole, Mike","Short, Robert",20/1,False,Harness,tvg,https://api.tvg.com/cosmo/v1/graphql,2026-05-11T10:24:25.646277,1.0.0,Lazarus N,Magical Bestern,Cambest,5,G,"Robert Franklin & Laurie Short,Laur",0,20/1,21.0,21.0,HAR-7,2026-05-11T22:18:00Z,8
HAR,Harrington Raceway,2026-05-11,7,22:18,Pace 1m,Pace,Dirt,1m,"$8,000",7,Wheelhouse Hanover,"Beyer, Troy","Johnson, Jason",20/1,False,Harness,tvg,https://api.tvg.com/cosmo/v1/graphql,2026-05-11T10:24:25.646292,1.0.0,Papi Rob Hanover,Well What's New,Well Said,4,G,"Calcutta Stable LLC,Rehoboth Beach,",0,20/1,21.0,21.0,HAR-7,2026-05-11T22:18:00Z,8
HAR,Harrington Raceway,2026-05-11,7,22:18,Pace 1m,Pace,Dirt,1m,"$8,000",8,More Medhurst,"Foster, Russel","Millman, Ronal",9/1,False,Harness,tvg,https://api.tvg.com/cosmo/v1/graphql,2026-05-11T10:24:25.646305,1.0.0,More The Better N,Doc's Ravenna,Woodstock,4,G,"Chelsea Anne Botsch,Townsend,DE",0,9/1,10.0,10.0,HAR-7,2026-05-11T22:18:00Z,8
HAR,Harrington Raceway,2026-05-11,8,22:36,Pace 1m,Pace,Dirt,1m,"$11,500",1,Rockmyster N,"Green, Jason","Munson, Daniel",20/1,False,Harness,tvg,https://api.tvg.com/cosmo/v1/graphql,2026-05-11T10:24:25.646347,1.0.0,Rock N Roll Heaven,Operative Asset,Armbro Operative,8,G,"Boss Racing Usa,Elburn,IL",0,20/1,21.0,21.0,HAR-8,2026-05-11T22:36:00Z,8
HAR,Harrington Raceway,2026-05-11,8,22:36,Pace 1m,Pace,Dirt,1m,"$11,500",2,Imoutthedoor,"Scicluna, Chri","Rash, Kristyan",8/1,False,Harness,tvg,https://api.tvg.com/cosmo/v1/graphql,2026-05-11T10:24:25.646364,1.0.0,Bolt The Duer,Imoutahere,Run The Table,8,G,"Cathy J Dessert,Vadnais Heights,MN",0,8/1,9.0,9.0,HAR-8,2026-05-11T22:36:00Z,8
HAR,Harrington Raceway,2026-05-11,8,22:36,Pace 1m,Pace,Dirt,1m,"$11,500",3,Chip In Blue,"Stafford, Art","Ell, Eric",8/5,False,Harness,tvg,https://api.tvg.com/cosmo/v1/graphql,2026-05-11T10:24:25.646378,1.0.0,Heston Blue Chip,Modern Cinderella,Modern Art,5,G,"Eric Ell,Denton,MD",0,8/5,2.6,2.6,HAR-8,2026-05-11T22:36:00Z,8
HAR,Harrington Raceway,2026-05-11,8,22:36,Pace 1m,Pace,Dirt,1m,"$11,500",4,World Beater,"Morgan, Anthon","Crissman, Tim",9/2,False,Harness,tvg,https://api.tvg.com/cosmo/v1/graphql,2026-05-11T10:24:25.646398,1.0.0,Captaintreacherous,World Apart,Art Major,4,G,"Crissman Inc,Dover,DE",0,9/2,5.5,5.5,HAR-8,2026-05-11T22:36:00Z,8
HAR,Harrington Raceway,2026-05-11,8,22:36,Pace 1m,Pace,Dirt,1m,"$11,500",5,Metallica,"Thompson, Jaso","Hundertpfund,",6/1,False,Harness,tvg,https://api.tvg.com/cosmo/v1/graphql,2026-05-11T10:24:25.646413,1.0.0,Shadow Play,Fade To Black,Northern Luck,8,G,"Rodney M Long,Salisbury,MD",0,6/1,7.0,7.0,HAR-8,2026-05-11T22:36:00Z,8
HAR,Harrington Raceway,2026-05-11,8,22:36,Pace 1m,Pace,Dirt,1m,"$11,500",6,Sprocket,"Davis, Allan","Davis, Tyler",3/1,False,Harness,tvg,https://api.tvg.com/cosmo/v1/graphql,2026-05-11T10:24:25.646426,1.0.0,Sportswriter,Rocket Time,Pacific Rocket,11,G,"Denise Renee Davis,Smyrna,DE",0,3/1,4.0,4.0,HAR-8,2026-05-11T22:36:00Z,8
HAR,Harrington Raceway,2026-05-11,8,22:36,Pace 1m,Pace,Dirt,1m,"$11,500",7,Lous Sassin,"Foster, Russel","Foster, Arty I",20/1,False,Harness,tvg,https://api.tvg.com/cosmo/v1/graphql,2026-05-11T10:24:25.646440,1.0.0,Sweet Lou,Sassa Hanover,Rock N Roll Heaven,7,G,"Arty Foster Jr,Harrington,DE",0,20/1,21.0,21.0,HAR-8,2026-05-11T22:36:00Z,8
HAR,Harrington Raceway,2026-05-11,8,22:36,Pace 1m,Pace,Dirt,1m,"$11,500",8,Defiant Character,"Porter, Trae","Marsh, Jeffrey",20/1,False,Harness,tvg,https://api.tvg.com/cosmo/v1/graphql,2026-05-11T10:24:25.646454,1.0.0,Sweet Lou,Riley Character,Shady Character,4,G,"Calcutta Stable LLC,Rehoboth Beach,",0,20/1,21.0,21.0,HAR-8,2026-05-11T22:36:00Z,8
HAR,Harrington Raceway,2026-05-11,9,22:54,Pace 1m,Pace,Dirt,1m,"$10,000",1,Asteroid Ccl,"Morgan, Anthon","Marsh, Harry J",9/2,False,Harness,tvg,https://api.tvg.com/cosmo/v1/graphql,2026-05-11T10:24:25.646487,1.0.0,Sportswriter,Allamerican Laugh,Cam's Card Shark,5,G,"Harry P Marsh Jr,Ellendale,DE",0,9/2,5.5,5.5,HAR-9,2026-05-11T22:54:00Z,8
HAR,Harrington Raceway,2026-05-11,9,22:54,Pace 1m,Pace,Dirt,1m,"$10,000",2,Imahungrybaker,"Foster, Russel","Polk, George J",15/1,False,Harness,tvg,https://api.tvg.com/cosmo/v1/graphql,2026-05-11T10:24:25.646503,1.0.0,Stay Hungry,Michelle's Idea,Western Hanover,5,G,"George Polk Jr,Dover,DE",0,15/1,16.0,16.0,HAR-9,2026-05-11T22:54:00Z,8
HAR,Harrington Raceway,2026-05-11,9,22:54,Pace 1m,Pace,Dirt,1m,"$10,000",3,Clouseau,"Dalious, W Bar","Dalious, W Bar",12/1,False,Harness,tvg,https://api.tvg.com/cosmo/v1/graphql,2026-05-11T10:24:25.646518,1.0.0,Captaintreacherous,Mystery Game,Artistic Fella,3,G,"The Wiz Kids Stable LLC,Dover,DE",0,12/1,13.0,13.0,HAR-9,2026-05-11T22:54:00Z,8
HAR,Harrington Raceway,2026-05-11,9,22:54,Pace 1m,Pace,Dirt,1m,"$10,000",4,Commander Crunch,"Skinner, Ryder","Skinner, Jason",9/2,False,Harness,tvg,https://api.tvg.com/cosmo/v1/graphql,2026-05-11T10:24:25.646536,1.0.0,Captain Crunch,Go For Sand,Santanna Blue Chip,3,G,"Michael P Horn,Rehoboth Beach,DE;Ja",0,9/2,5.5,5.5,HAR-9,2026-05-11T22:54:00Z,8
HAR,Harrington Raceway,2026-05-11,9,22:54,Pace 1m,Pace,Dirt,1m,"$10,000",5,Good Lookin,"Givens, Brando","Bright, Willia",5/1,False,Harness,tvg,https://api.tvg.com/cosmo/v1/graphql,2026-05-11T10:24:25.646549,1.0.0,Papi Rob Hanover,Miss Babe Delight,Bettor's Delight,3,G,"William B Bright,Milford,DE;Dawn D",0,5/1,6.0,6.0,HAR-9,2026-05-11T22:54:00Z,8
HAR,Harrington Raceway,2026-05-11,9,22:54,Pace 1m,Pace,Dirt,1m,"$10,000",6,Prime Hanover,"Green, Jason","Ratledge, Nico",10/1,False,Harness,tvg,https://api.tvg.com/cosmo/v1/graphql,2026-05-11T10:24:25.646565,1.0.0,Captaintreacherous,Perfect Cents,Bettor's Delight,3,G,"Nicole B Ratledge,Clayton,DE",0,10/1,11.0,11.0,HAR-9,2026-05-11T22:54:00Z,8
HAR,Harrington Raceway,2026-05-11,9,22:54,Pace 1m,Pace,Dirt,1m,"$10,000",7,Ricky Hill,"Cole, Mike","Columbo, Josep",12/1,False,Harness,tvg,https://api.tvg.com/cosmo/v1/graphql,2026-05-11T10:24:25.646578,1.0.0,Always B Miki,Demi Hill,Captaintreacherous,4,G,"George& Tina Dennis Racing,Wyoming,",0,12/1,13.0,13.0,HAR-9,2026-05-11T22:54:00Z,8
HAR,Harrington Raceway,2026-05-11,9,22:54,Pace 1m,Pace,Dirt,1m,"$10,000",8,Cris P Bacon,"Stafford, Art",Johnson-Staffo,8/5,False,Harness,tvg,https://api.tvg.com/cosmo/v1/graphql,2026-05-11T10:24:25.646592,1.0.0,Tellitlikeitis,Martha Bigrig,Riggins,3,C,"Stacy P Johnson-Stafford,Felton,DE",0,8/5,2.6,2.6,HAR-9,2026-05-11T22:54:00Z,8
HAR,Harrington Raceway,2026-05-11,10,23:12,Pace 1m,Pace,Dirt,1m,"$9,500",1,Uncle Dd,"Givens, Brando","Bradley, Vince",5/2,False,Harness,tvg,https://api.tvg.com/cosmo/v1/graphql,2026-05-11T10:24:25.646628,1.0.0,Jk Endofanera,Hah Chachacha,Always A Virgin,6,G,"Vincent S Bradley,Laurel,DE",0,5/2,3.5,3.5,HAR-10,2026-05-11T23:12:00Z,8
HAR,Harrington Raceway,2026-05-11,10,23:12,Pace 1m,Pace,Dirt,1m,"$9,500",2,Blood Feud,"Davis, Allan","Davis, Tyler",5/2,False,Harness,tvg,https://api.tvg.com/cosmo/v1/graphql,2026-05-11T10:24:25.646642,1.0.0,Somebeachsomewhere,Blood Diamond,Western Ideal,8,G,"J& T Davis LLC,Smyrna,DE",0,5/2,3.5,3.5,HAR-10,2026-05-11T23:12:00Z,8
HAR,Harrington Raceway,2026-05-11,10,23:12,Pace 1m,Pace,Dirt,1m,"$9,500",3,Hurrikane Georgie,"Stafford, Art","Hanley, Erica",9/5,False,Harness,tvg,https://api.tvg.com/cosmo/v1/graphql,2026-05-11T10:24:25.646655,1.0.0,Roll With Joe,Ideal Tan,American Ideal,8,G,"Erica M Hanley,Felton,DE",0,9/5,2.8,2.8,HAR-10,2026-05-11T23:12:00Z,8
HAR,Harrington Raceway,2026-05-11,10,23:12,Pace 1m,Pace,Dirt,1m,"$9,500",4,Kerford Road A,"Horsey, Ceba","Horsey, Ceba",20/1,False,Harness,tvg,https://api.tvg.com/cosmo/v1/graphql,2026-05-11T10:24:25.646668,1.0.0,Somebeachsomewhere,Just Delight,Bettor's Delight,12,G,"Jaypaul R Hoover,Ephrata,PA",0,20/1,21.0,21.0,HAR-10,2026-05-11T23:12:00Z,8
HAR,Harrington Raceway,2026-05-11,10,23:12,Pace 1m,Pace,Dirt,1m,"$9,500",5,The Candyman Can,"Morgan, Anthon","Ewing, Gary",20/1,False,Harness,tvg,https://api.tvg.com/cosmo/v1/graphql,2026-05-11T10:24:25.646680,1.0.0,Rockin Image,Sweet Lady Jane,Somebeachsomewhere,9,G,"Gary E Ewing,Easton,MD",0,20/1,21.0,21.0,HAR-10,2026-05-11T23:12:00Z,8
HAR,Harrington Raceway,2026-05-11,10,23:12,Pace 1m,Pace,Dirt,1m,"$9,500",6,Topville Somrocket,"Beyer, Troy","Johnson, Jason",20/1,False,Harness,tvg,https://api.tvg.com/cosmo/v1/graphql,2026-05-11T10:24:25.646699,1.0.0,Rockin Image,Somewhere Fameous,Somebeachsomewhere,7,G,"Calcutta Stable LLC,Rehoboth Beach,",0,20/1,21.0,21.0,HAR-10,2026-05-11T23:12:00Z,8
HAR,Harrington Raceway,2026-05-11,10,23:12,Pace 1m,Pace,Dirt,1m,"$9,500",7,Ds Heartland,"Thompson, Jaso","Hundertpfund,",7/1,False,Harness,tvg,https://api.tvg.com/cosmo/v1/graphql,2026-05-11T10:24:25.646710,1.0.0,Badlands Hanover,Armbro Cashmere,Camluck,7,G,"Rodney M Long,Salisbury,MD",0,7/1,8.0,8.0,HAR-10,2026-05-11T23:12:00Z,8
HAR,Harrington Raceway,2026-05-11,10,23:12,Pace 1m,Pace,Dirt,1m,"$9,500",8,Under Contract,"Cole, Mike","Columbo, Josep",20/1,False,Harness,tvg,https://api.tvg.com/cosmo/v1/graphql,2026-05-11T10:24:25.646726,1.0.0,Art Major,New Hollywood,Cam's Card Shark,8,G,"George& Tina Dennis Racing,Wyoming,",0,20/1,21.0,21.0,HAR-10,2026-05-11T23:12:00Z,8
HAR,Harrington Raceway,2026-05-11,11,23:30,Pace 1m,Pace,Dirt,1m,"$12,500",1,Brookview Dice,"Thompson, Jaso","Kirby, Tom",5/1,False,Harness,tvg,https://api.tvg.com/cosmo/v1/graphql,2026-05-11T10:24:25.646757,1.0.0,Tellitlikeitis,Fashion Virtue,Western Hanover,6,G,"Karen Kirby,Milford,DE",0,5/1,6.0,6.0,HAR-11,2026-05-11T23:30:00Z,8
HAR,Harrington Raceway,2026-05-11,11,23:30,Pace 1m,Pace,Dirt,1m,"$12,500",2,Jersey Beach,"Rearic, David","Rearic, David",4/1,False,Harness,tvg,https://api.tvg.com/cosmo/v1/graphql,2026-05-11T10:24:25.646770,1.0.0,Lazarus N,Parlee Beach,Somebeachsomewhere,5,G,"David H Rearic,Federalsburg,MD",0,4/1,5.0,5.0,HAR-11,2026-05-11T23:30:00Z,8
HAR,Harrington Raceway,2026-05-11,11,23:30,Pace 1m,Pace,Dirt,1m,"$12,500",3,Salazar Hanover,"Givens, Brando","Givens, Les",3/1,False,Harness,tvg,https://api.tvg.com/cosmo/v1/graphql,2026-05-11T10:24:25.646782,1.0.0,Papi Rob Hanover,Spells Well,Well Said,4,G,"Nanticoke Rcg Inc,Seaford,DE;H J Fa",0,3/1,4.0,4.0,HAR-11,2026-05-11T23:30:00Z,8
HAR,Harrington Raceway,2026-05-11,11,23:30,Pace 1m,Pace,Dirt,1m,"$12,500",4,Hotchkiss,"Stafford, Art","Stafford, Andr",7/5,False,Harness,tvg,https://api.tvg.com/cosmo/v1/graphql,2026-05-11T10:24:25.646795,1.0.0,Papi Rob Hanover,Delizabeth,Bettor's Delight,4,G,"Andrew J Stafford,Harrington,DE;Tho",0,7/5,2.4,2.4,HAR-11,2026-05-11T23:30:00Z,8
HAR,Harrington Raceway,2026-05-11,11,23:30,Pace 1m,Pace,Dirt,1m,"$12,500",5,Up To Mama,"Davis, Allan","Dennis, Darryl",20/1,False,Harness,tvg,https://api.tvg.com/cosmo/v1/graphql,2026-05-11T10:24:25.646807,1.0.0,Lather Up,Bad Mama,Badlands Nitro,4,H,"Donnie L & Nancy E Drewer,Salisbury",0,20/1,21.0,21.0,HAR-11,2026-05-11T23:30:00Z,8
HAR,Harrington Raceway,2026-05-11,11,23:30,Pace 1m,Pace,Dirt,1m,"$12,500",6,Cavalli Island,"Wolfenden, Ros","Wolfenden, Ros",20/1,False,Harness,tvg,https://api.tvg.com/cosmo/v1/graphql,2026-05-11T10:24:25.646819,1.0.0,Badlands Hanover,Keystone Rhythm,Camotion,5,G,"Ross T Wolfenden,Felton,DE",0,20/1,21.0,21.0,HAR-11,2026-05-11T23:30:00Z,8
HAR,Harrington Raceway,2026-05-11,11,23:30,Pace 1m,Pace,Dirt,1m,"$12,500",7,Don't Say Maybe,"Porter, Trae","Truitt, Bryan",20/1,False,Harness,tvg,https://api.tvg.com/cosmo/v1/graphql,2026-05-11T10:24:25.646831,1.0.0,Rusty's For Real,Sarcastic Bluechip,American Ideal,4,G,"Bryan J Truitt,Selbyville,DE",0,20/1,21.0,21.0,HAR-11,2026-05-11T23:30:00Z,8
HAR,Harrington Raceway,2026-05-11,11,23:30,Pace 1m,Pace,Dirt,1m,"$12,500",8,Southwind Iron,"Green, Jason","Sullivan, Jami",20/1,False,Harness,tvg,https://api.tvg.com/cosmo/v1/graphql,2026-05-11T10:24:25.646844,1.0.0,American Ideal,Southwind Inertia,Captaintreacherous,3,G,"Frank E Chick,Harrington,DE",0,20/1,21.0,21.0,HAR-11,2026-05-11T23:30:00Z,8
HAR,Harrington Raceway,2026-05-11,12,23:48,Pace 1m,Pace,Dirt,1m,"$14,500",1,Southwind Pharoah,"Cole, Mike","Columbo, Josep",10/1,False,Harness,tvg,https://api.tvg.com/cosmo/v1/graphql,2026-05-11T10:24:25.646873,1.0.0,Bettor's Delight,Southwind Paris,Sportswriter,7,G,"George& Tina Dennis Racing,Wyoming,",0,10/1,11.0,11.0,HAR-12,2026-05-11T23:48:00Z,8
HAR,Harrington Raceway,2026-05-11,12,23:48,Pace 1m,Pace,Dirt,1m,"$14,500",2,Art Scaping,"Thompson, Jaso","Hundertpfund,",5/1,False,Harness,tvg,https://api.tvg.com/cosmo/v1/graphql,2026-05-11T10:24:25.646889,1.0.0,American Ideal,Abrokenart Hanover,Artiscape,8,G,"Rodney M Long,Salisbury,MD",0,5/1,6.0,6.0,HAR-12,2026-05-11T23:48:00Z,8
HAR,Harrington Raceway,2026-05-11,12,23:48,Pace 1m,Pace,Dirt,1m,"$14,500",3,Iwannabewithyou,"Stafford, Art","Crissman, Chuc",9/5,False,Harness,tvg,https://api.tvg.com/cosmo/v1/graphql,2026-05-11T10:24:25.646903,1.0.0,Luck Be Withyou,Bo Tox Hanover,Dragon Again,7,G,"Wade V Wyatt,Dover,DE",0,9/5,2.8,2.8,HAR-12,2026-05-11T23:48:00Z,8
HAR,Harrington Raceway,2026-05-11,12,23:48,Pace 1m,Pace,Dirt,1m,"$14,500",4,Primary Colors,"Teague, Montre","Gara, Molly",6/1,False,Harness,tvg,https://api.tvg.com/cosmo/v1/graphql,2026-05-11T10:24:25.646916,1.0.0,Jk Endofanera,Color's A Virgin,Always A Virgin,8,H,"Scott Sullivan,Fort Myers,FL;James",0,6/1,7.0,7.0,HAR-12,2026-05-11T23:48:00Z,8
HAR,Harrington Raceway,2026-05-11,12,23:48,Pace 1m,Pace,Dirt,1m,"$14,500",5,Top Genius,"Wolfenden, Ros","Dixon, John",20/1,False,Harness,tvg,https://api.tvg.com/cosmo/v1/graphql,2026-05-11T10:24:25.646927,1.0.0,American Ideal,Above Average,Art Major,7,G,"Sean M Dixon,Mardela Springs,MD",0,20/1,21.0,21.0,HAR-12,2026-05-11T23:48:00Z,8
HAR,Harrington Raceway,2026-05-11,12,23:48,Pace 1m,Pace,Dirt,1m,"$14,500",6,On The Cards N,"Foster, Russel","Reynolds, Will",20/1,False,Harness,tvg,https://api.tvg.com/cosmo/v1/graphql,2026-05-11T10:24:25.646942,1.0.0,Bettor's Delight,Funontherun,In The Pocket,11,G,"Mark R Howard,Federalsburg,MD",0,20/1,21.0,21.0,HAR-12,2026-05-11T23:48:00Z,8
HAR,Harrington Raceway,2026-05-11,12,23:48,Pace 1m,Pace,Dirt,1m,"$14,500",7,Forward Look,"Davis, Allan","Davis, Brendan",9/2,False,Harness,tvg,https://api.tvg.com/cosmo/v1/graphql,2026-05-11T10:24:25.646956,1.0.0,Huntsville,Hannah Isabel,Bettor's Delight,6,G,"Moni Talks LLC,Smyrna,DE",0,9/2,5.5,5.5,HAR-12,2026-05-11T23:48:00Z,8
HAR,Harrington Raceway,2026-05-11,12,23:48,Pace 1m,Pace,Dirt,1m,"$14,500",8,Stunners Wish,"Morgan, Anthon","Crissman, Tim",5/1,False,Harness,tvg,https://api.tvg.com/cosmo/v1/graphql,2026-05-11T10:24:25.646967,1.0.0,Rusty's For Real,Quick Step,Bettor's Delight,8,G,"Crissman Inc,Dover,DE",0,5/1,6.0,6.0,HAR-12,2026-05-11T23:48:00Z,8
HAR,Harrington Raceway,2026-05-11,13,00:06,Pace 1m,Pace,Dirt,1m,"$8,000",1,Think Big,"Cole, Mike","Short, Robert",20/1,False,Harness,tvg,https://api.tvg.com/cosmo/v1/graphql,2026-05-11T10:24:25.646999,1.0.0,American Ideal,In Deep Thought,Ponder,5,G,"Robert Franklin & Laurie Short,Laur",0,20/1,21.0,21.0,HAR-13,2026-05-12T00:06:00Z,8
HAR,Harrington Raceway,2026-05-11,13,00:06,Pace 1m,Pace,Dirt,1m,"$8,000",2,Ragnar,"Morgan, Anthon","Murray, Brando",6/1,False,Harness,tvg,https://api.tvg.com/cosmo/v1/graphql,2026-05-11T10:24:25.647012,1.0.0,A Rocknroll Dance,Southern Viking,Matt's Scooter,6,G,"Wanda J Murray,Millsboro,DE",0,6/1,7.0,7.0,HAR-13,2026-05-12T00:06:00Z,8
HAR,Harrington Raceway,2026-05-11,13,00:06,Pace 1m,Pace,Dirt,1m,"$8,000",3,Arette,"Davis, Allan","King, Jim Jr",2/1,False,Harness,tvg,https://api.tvg.com/cosmo/v1/graphql,2026-05-11T10:24:25.647025,1.0.0,Badlands Hanover,Bottle Of Red,Heston Blue Chip,3,G,"Jeffrey L Marsh Jr,Lewes,DE",0,2/1,3.0,3.0,HAR-13,2026-05-12T00:06:00Z,8
HAR,Harrington Raceway,2026-05-11,13,00:06,Pace 1m,Pace,Dirt,1m,"$8,000",4,K D's Song,"Teague, Montre","Francis, Clyde",8/5,False,Harness,tvg,https://api.tvg.com/cosmo/v1/graphql,2026-05-11T10:24:25.647040,1.0.0,Delmarvalous,Katias Song,Dream Away,3,G,"Brenda Teague Inc,Houston,DE",0,8/5,2.6,2.6,HAR-13,2026-05-12T00:06:00Z,8
HAR,Harrington Raceway,2026-05-11,13,00:06,Pace 1m,Pace,Dirt,1m,"$8,000",5,Roman Raider,"Dalious, Barto","Givens, Wayne",9/2,False,Harness,tvg,https://api.tvg.com/cosmo/v1/graphql,2026-05-11T10:24:25.647053,1.0.0,Sports Column,Pillage,Royal Mattjesty,3,G,"Legacy Racing Of De Inc,Seaford,DE;",0,9/2,5.5,5.5,HAR-13,2026-05-12T00:06:00Z,8
HAR,Harrington Raceway,2026-05-11,13,00:06,Pace 1m,Pace,Dirt,1m,"$8,000",6,Sweetnfast,"Beyer, Troy","Johnson, Jason",20/1,False,Harness,tvg,https://api.tvg.com/cosmo/v1/graphql,2026-05-11T10:24:25.647065,1.0.0,Sweet Lou,Lindwood Beachgirl,Somebeachsomewhere,3,C,"Jason L Johnson Inc,Dover,DE",0,20/1,21.0,21.0,HAR-13,2026-05-12T00:06:00Z,8
HAR,Harrington Raceway,2026-05-11,13,00:06,Pace 1m,Pace,Dirt,1m,"$8,000",7,Fastest Road,"Stafford, Art","Jarman, Roy",20/1,False,Harness,tvg,https://api.tvg.com/cosmo/v1/graphql,2026-05-11T10:24:25.647077,1.0.0,Well Said,Yellow Brick Road,Camluck,4,G,"Joyce L Edwards,Marydel,DE",0,20/1,21.0,21.0,HAR-13,2026-05-12T00:06:00Z,8
HAR,Harrington Raceway,2026-05-11,13,00:06,Pace 1m,Pace,Dirt,1m,"$8,000",8,Speaksoftlytome,"Foster, Russel","Hundertpfund,",15/1,False,Harness,tvg,https://api.tvg.com/cosmo/v1/graphql,2026-05-11T10:24:25.647088,1.0.0,Sunfire Blue Chip,Aims Whisper,Bettor's Delight,3,G,"Richard A Ashley,Felton,DE;Theresa",0,15/1,16.0,16.0,HAR-13,2026-05-12T00:06:00Z,8
HAR,Harrington Raceway,2026-05-11,14,00:24,Pace 1m,Pace,Dirt,1m,"$11,000",1,Master Rigger,"Dalious, Barto","Dalious, W Bar",7/2,False,Harness,tvg,https://api.tvg.com/cosmo/v1/graphql,2026-05-11T10:24:25.647117,1.0.0,American Ideal,Icapella Hanover,Somebeachsomewhere,7,G,"The Wiz Kids Stable LLC,Dover,DE",0,7/2,4.5,4.5,HAR-14,2026-05-12T00:24:00Z,8
HAR,Harrington Raceway,2026-05-11,14,00:24,Pace 1m,Pace,Dirt,1m,"$11,000",2,Ats Hanover,"Thompson, Jaso","Hundertpfund,",5/1,False,Harness,tvg,https://api.tvg.com/cosmo/v1/graphql,2026-05-11T10:24:25.647130,1.0.0,Bettor's Delight,Always True,Western Hanover,7,G,"Richard A Ashley,Felton,DE;Theresa",0,5/1,6.0,6.0,HAR-14,2026-05-12T00:24:00Z,8
HAR,Harrington Raceway,2026-05-11,14,00:24,Pace 1m,Pace,Dirt,1m,"$11,000",3,Proper One,"Poliseno, Cody","Poliseno, Carl",15/1,False,Harness,tvg,https://api.tvg.com/cosmo/v1/graphql,2026-05-11T10:24:25.647142,1.0.0,Proper Respect,Jk Glory Days,Bettor's Delight,12,G,"Louis W Tomczak Jr,Dover,DE",0,15/1,16.0,16.0,HAR-14,2026-05-12T00:24:00Z,8
HAR,Harrington Raceway,2026-05-11,14,00:24,Pace 1m,Pace,Dirt,1m,"$11,000",4,Tyson Hanover,"Foster, Russel","Reynolds, Will",5/1,False,Harness,tvg,https://api.tvg.com/cosmo/v1/graphql,2026-05-11T10:24:25.647154,1.0.0,Stay Hungry,Take That Hanover,Well Said,5,G,"Mark R Howard,Federalsburg,MD",0,5/1,6.0,6.0,HAR-14,2026-05-12T00:24:00Z,8
HAR,Harrington Raceway,2026-05-11,14,00:24,Pace 1m,Pace,Dirt,1m,"$11,000",5,Saulsbrook Genesis,"Callahan, Core","Johnson, Jason",5/1,False,Harness,tvg,https://api.tvg.com/cosmo/v1/graphql,2026-05-11T10:24:25.647167,1.0.0,Sunshine Beach,Southwind Oasis,Sportswriter,8,G,"N Callahan,Grnwd,DE;Yorwollahan Rcg",0,5/1,6.0,6.0,HAR-14,2026-05-12T00:24:00Z,8
HAR,Harrington Raceway,2026-05-11,14,00:24,Pace 1m,Pace,Dirt,1m,"$11,000",6,Back Pocket Miki,"Cole, Mike","Columbo, Josep",20/1,False,Harness,tvg,https://api.tvg.com/cosmo/v1/graphql,2026-05-11T10:24:25.647184,1.0.0,Always B Miki,Lady In Pink,Rock N Roll Heaven,6,G,"George& Tina Dennis Racing,Wyoming,",0,20/1,21.0,21.0,HAR-14,2026-05-12T00:24:00Z,8
HAR,Harrington Raceway,2026-05-11,14,00:24,Pace 1m,Pace,Dirt,1m,"$11,000",7,Joker On Jack,"Davis, Allan","Ell, Eric",4/1,False,Harness,tvg,https://api.tvg.com/cosmo/v1/graphql,2026-05-11T10:24:25.647198,1.0.0,Bettor's Delight,Jk Molly,Art Major,6,G,"W Kenneth Wood,Denton,MD;W J Dittma",0,4/1,5.0,5.0,HAR-14,2026-05-12T00:24:00Z,8
HAR,Harrington Raceway,2026-05-11,14,00:24,Pace 1m,Pace,Dirt,1m,"$11,000",8,Rocknroll Lou,"Morgan, Anthon","Glassmeyer, A",9/2,False,Harness,tvg,https://api.tvg.com/cosmo/v1/graphql,2026-05-11T10:24:25.647213,1.0.0,Sweet Lou,Beautiful Lady,Rocknroll Hanover,5,G,"Andrew R Glassmeyer,Dover,DE",0,9/2,5.5,5.5,HAR-14,2026-05-12T00:24:00Z,8
HAR,Harrington Raceway,2026-05-11,15,00:42,Pace 1m,Pace,Dirt,1m,"$8,500",1,Sir Charles Of Sky,"Beyer, Troy","Johnson, Jason",5/1,False,Harness,tvg,https://api.tvg.com/cosmo/v1/graphql,2026-05-11T10:24:25.647247,1.0.0,Charley Barley,Skyway Hanover,Western Ideal,8,G,"Calcutta Stable LLC,Rehoboth Beach,",0,5/1,6.0,6.0,HAR-15,2026-05-12T00:42:00Z,8
HAR,Harrington Raceway,2026-05-11,15,00:42,Pace 1m,Pace,Dirt,1m,"$8,500",2,Live Love Lindy,"Lynch, A Toby","Lynch, A Toby",7/2,False,Harness,tvg,https://api.tvg.com/cosmo/v1/graphql,2026-05-11T10:24:25.647260,1.0.0,Captaintreacherous,Luck Be A Lindy,Bettor's Delight,6,G,"Alton E Lynch Jr Inc,Delmar,DE",0,7/2,4.5,4.5,HAR-15,2026-05-12T00:42:00Z,8
HAR,Harrington Raceway,2026-05-11,15,00:42,Pace 1m,Pace,Dirt,1m,"$8,500",3,Adam Twelve,"Callahan, Core","Callahan, Nich",2/1,False,Harness,tvg,https://api.tvg.com/cosmo/v1/graphql,2026-05-11T10:24:25.647273,1.0.0,Luck Be Withyou,Mandy's Mattjesty,His Mattjesty,6,G,"N I Callahan,Greenwood,DE;Yorwollah",0,2/1,3.0,3.0,HAR-15,2026-05-12T00:42:00Z,8
HAR,Harrington Raceway,2026-05-11,15,00:42,Pace 1m,Pace,Dirt,1m,"$8,500",4,Balder Son,"Cole, Mike","Columbo, Josep",4/1,False,Harness,tvg,https://api.tvg.com/cosmo/v1/graphql,2026-05-11T10:24:25.647286,1.0.0,Betterthancheddar,Epic,Jereme's Jet,10,G,"George& Tina Dennis Racing,Wyoming,",0,4/1,5.0,5.0,HAR-15,2026-05-12T00:42:00Z,8
HAR,Harrington Raceway,2026-05-11,15,00:42,Pace 1m,Pace,Dirt,1m,"$8,500",5,D Day Hill,"Davis, Allan","Marsh, Harry J",20/1,False,Harness,tvg,https://api.tvg.com/cosmo/v1/graphql,2026-05-11T10:24:25.647298,1.0.0,Somebeachsomewhere,Beyonce Blue Chip,Art Major,10,H,"Janet Rae & Joseph J Kansak,Ocean V",0,20/1,21.0,21.0,HAR-15,2026-05-12T00:42:00Z,8
HAR,Harrington Raceway,2026-05-11,15,00:42,Pace 1m,Pace,Dirt,1m,"$8,500",6,Brazen Brazilian,"Foster, Russel","Kimelman, Mich",6/1,False,Harness,tvg,https://api.tvg.com/cosmo/v1/graphql,2026-05-11T10:24:25.647310,1.0.0,Thinking Out Loud,Brazilian,Rock N Roll Heaven,9,G,"Michael P & Sara J Kimelman,Marydel",0,6/1,7.0,7.0,HAR-15,2026-05-12T00:42:00Z,8
HAR,Harrington Raceway,2026-05-11,15,00:42,Pace 1m,Pace,Dirt,1m,"$8,500",7,Girldad,"Thompson, Jaso","Cook, S. Dale",20/1,False,Harness,tvg,https://api.tvg.com/cosmo/v1/graphql,2026-05-11T10:24:25.647322,1.0.0,Sweet Lou,Krispy Apple,Western Ideal,6,G,"Drive On Racing LLC,Hartly,DE",0,20/1,21.0,21.0,HAR-15,2026-05-12T00:42:00Z,8
HAR,Harrington Raceway,2026-05-11,15,00:42,Pace 1m,Pace,Dirt,1m,"$8,500",8,Double Metal,"Poliseno, Cody","Poliseno, Carl",20/1,False,Harness,tvg,https://api.tvg.com/cosmo/v1/graphql,2026-05-11T10:24:25.647337,1.0.0,Betting Line,Double Creme,Albert Albert,8,G,"Carlo J Poliseno,Dover,DE;Todd A Bu",0,20/1,21.0,21.0,HAR-15,2026-05-12T00:42:00Z,8
IJN,Horseshoe Indianapolis,2026-05-11,1,18:10,Maiden Special Weight 6f,Maiden Special Weight,Dirt,6f,"$38,500",1,Hunted Prayer,Gutierrez Jose R,Haran John,5/1,False,Thoroughbred,tvg,https://api.tvg.com/cosmo/v1/graphql,2026-05-11T10:24:25.663231,1.0.0,Prayer For Relief,Huntingtons Beauty,Pass Rush,3,G,"Haran Thoroughbreds, LLC (John Haran)",115,5/1,6.0,6.0,IJN-1,2026-05-11T18:10:00Z,10
IJN,Horseshoe Indianapolis,2026-05-11,1,18:10,Maiden Special Weight 6f,Maiden Special Weight,Dirt,6f,"$38,500",2,Powerful Justice,De La Cruz Fernando,Klopp Randy L,10/1,False,Thoroughbred,tvg,https://api.tvg.com/cosmo/v1/graphql,2026-05-11T10:24:25.663255,1.0.0,Harry's Holiday,Traditionalist,Aptitude,3,G,"Spiess Stable, LLC (Roger Spiess) and Randy Klopp",120,10/1,11.0,11.0,IJN-1,2026-05-11T18:10:00Z,10
IJN,Horseshoe Indianapolis,2026-05-11,1,18:10,Maiden Special Weight 6f,Maiden Special Weight,Dirt,6f,"$38,500",3,Unbridled Valor,Romero Joseph M,Garcia Israel J,20/1,False,Thoroughbred,tvg,https://api.tvg.com/cosmo/v1/graphql,2026-05-11T10:24:25.663266,1.0.0,Unbridled Express,Runaway Dream,Jimmy Creed,3,G,Israel J. Garcia,115,20/1,21.0,21.0,IJN-1,2026-05-11T18:10:00Z,10
IJN,Horseshoe Indianapolis,2026-05-11,1,18:10,Maiden Special Weight 6f,Maiden Special Weight,Dirt,6f,"$38,500",4,It's My Song,Prescott Rodney A,Duran Antonio,12/1,False,Thoroughbred,tvg,https://api.tvg.com/cosmo/v1/graphql,2026-05-11T10:24:25.663274,1.0.0,Speightsong,Your Pace Or Mine,Mineshaft,3,G,"Rancho Monarca, LLC  (Kathryn and Antonio Duran)",120,12/1,13.0,13.0,IJN-1,2026-05-11T18:10:00Z,10
IJN,Horseshoe Indianapolis,2026-05-11,1,18:10,Maiden Special Weight 6f,Maiden Special Weight,Dirt,6f,"$38,500",5,Mitchell's Joy,Sanjur Santo,Haran John,6/1,False,Thoroughbred,tvg,https://api.tvg.com/cosmo/v1/graphql,2026-05-11T10:24:25.663284,1.0.0,Prayer For Relief,Raja Breeze,Shore Breeze,3,G,"Clabar Mor Stable, LLC (Michael J. Ryan) and Haran Thoroughbreds, LLC (John Hara",120,6/1,7.0,7.0,IJN-1,2026-05-11T18:10:00Z,10
IJN,Horseshoe Indianapolis,2026-05-11,1,18:10,Maiden Special Weight 6f,Maiden Special Weight,Dirt,6f,"$38,500",6,Up N Up,Bermudez Samuel E,Lauer Michael E,6/1,False,Thoroughbred,tvg,https://api.tvg.com/cosmo/v1/graphql,2026-05-11T10:24:25.663301,1.0.0,Ready's Image,Mizzen My Momma,Mizzen Mast,4,C,Penny S. Lauer,124,6/1,7.0,7.0,IJN-1,2026-05-11T18:10:00Z,10
IJN,Horseshoe Indianapolis,2026-05-11,1,18:10,Maiden Special Weight 6f,Maiden Special Weight,Dirt,6f,"$38,500",7,Maximum Justice,"Pedroza, Jr. Marcelino",Garcia Genaro,9/2,False,Thoroughbred,tvg,https://api.tvg.com/cosmo/v1/graphql,2026-05-11T10:24:25.663312,1.0.0,Harry's Holiday,Sheltowee's Gold,Dialed In,3,G,"Steve H. Lewis and Southwest Racing Stables, Inc.  (Genaro Garcia)",120,9/2,5.5,5.5,IJN-1,2026-05-11T18:10:00Z,10
IJN,Horseshoe Indianapolis,2026-05-11,1,18:10,Maiden Special Weight 6f,Maiden Special Weight,Dirt,6f,"$38,500",8,Rioja Alta,Morales Joshua,Cunningham Anthony F,4/1,False,Thoroughbred,tvg,https://api.tvg.com/cosmo/v1/graphql,2026-05-11T10:24:25.663320,1.0.0,Sombeyay,Ethel G,Uncle Mo,3,G,Pamela Brickley Hann,120,4/1,5.0,5.0,IJN-1,2026-05-11T18:10:00Z,10
IJN,Horseshoe Indianapolis,2026-05-11,1,18:10,Maiden Special Weight 6f,Maiden Special Weight,Dirt,6f,"$38,500",9,Ta Ta Today Junior,Murrill Mitchell,Eggleston Tim,8/1,False,Thoroughbred,tvg,https://api.tvg.com/cosmo/v1/graphql,2026-05-11T10:24:25.663328,1.0.0,Speightsong,Voided Contract,Zensational,3,G,Keli Eggleston and Robert Beyers,120,8/1,9.0,9.0,IJN-1,2026-05-11T18:10:00Z,10
IJN,Horseshoe Indianapolis,2026-05-11,1,18:10,Maiden Special Weight 6f,Maiden Special Weight,Dirt,6f,"$38,500",10,Rich Lover,Ramos Joseph D,Riley Donna,20/1,False,Thoroughbred,tvg,https://api.tvg.com/cosmo/v1/graphql,2026-05-11T10:24:25.663338,1.0.0,Discreet Lover,Spy Girl,Discreet Cat,3,G,Carter and Donna Riley,120,20/1,21.0,21.0,IJN-1,2026-05-11T18:10:00Z,10
IJN,Horseshoe Indianapolis,2026-05-11,2,18:41,Maiden Claiming 5f,Maiden Claiming,Dirt,5f,"$39,440",1,C C's Gift,"Pedroza, Jr. Marcelino",Garcia Genaro,4/1,False,Thoroughbred,tvg,https://api.tvg.com/cosmo/v1/graphql,2026-05-11T10:24:25.663372,1.0.0,Gift Box,Cecilia's Fever,Stormy Atlantic,2,F,"Southwest Racing Stables, Inc. (Genaro Garcia)",116,4/1,5.0,5.0,IJN-2,2026-05-11T18:41:00Z,6
IJN,Horseshoe Indianapolis,2026-05-11,2,18:41,Maiden Claiming 5f,Maiden Claiming,Dirt,5f,"$39,440",2,Fizzypopberrytwist,Sheehy Danny,Mcentee Paul,3/1,False,Thoroughbred,tvg,https://api.tvg.com/cosmo/v1/graphql,2026-05-11T10:24:25.663381,1.0.0,Rock Your World,Unbridled Madam,Shackleford,2,F,"Hall Stables, LLC (Sam Hall)",119,3/1,4.0,4.0,IJN-2,2026-05-11T18:41:00Z,6
IJN,Horseshoe Indianapolis,2026-05-11,2,18:41,Maiden Claiming 5f,Maiden Claiming,Dirt,5f,"$39,440",3,Baytown Sassy,Bealmear Joseph C,Mcentee Paul,6/1,False,Thoroughbred,tvg,https://api.tvg.com/cosmo/v1/graphql,2026-05-11T10:24:25.663390,1.0.0,Mckinzie,Girardi,Tiznow,2,F,"Baytown Partnership (Cheryl McEntee) and Trawitzki Thoroughbreds, LLC (Alyssa Tr",119,6/1,7.0,7.0,IJN-2,2026-05-11T18:41:00Z,6
IJN,Horseshoe Indianapolis,2026-05-11,2,18:41,Maiden Claiming 5f,Maiden Claiming,Dirt,5f,"$39,440",4,Pioneer Sky,Gutierrez Jose R,Garcia Israel J,7/2,False,Thoroughbred,tvg,https://api.tvg.com/cosmo/v1/graphql,2026-05-11T10:24:25.663402,1.0.0,Skylord,She's A Pioneer,Pioneering,2,F,Israel J. Garcia,111,7/2,4.5,4.5,IJN-2,2026-05-11T18:41:00Z,6
IJN,Horseshoe Indianapolis,2026-05-11,2,18:41,Maiden Claiming 5f,Maiden Claiming,Dirt,5f,"$39,440",5,Techwerkian,Sanjur Santo,Hernandez Rey,5/2,False,Thoroughbred,tvg,https://api.tvg.com/cosmo/v1/graphql,2026-05-11T10:24:25.663411,1.0.0,Olympiad,Comedia,Smart Strike,2,F,"Rey Hernandez, Ricardo Labra and Rhonda Cornum",119,5/2,3.5,3.5,IJN-2,2026-05-11T18:41:00Z,6
IJN,Horseshoe Indianapolis,2026-05-11,2,18:41,Maiden Claiming 5f,Maiden Claiming,Dirt,5f,"$39,440",6,Mesdemon,Roman Constantino,Torres Marcelino,8/1,False,Thoroughbred,tvg,https://api.tvg.com/cosmo/v1/graphql,2026-05-11T10:24:25.663420,1.0.0,Spun To Run,Tiz Da Biz,Tizway,2,F,Eddie Gilkison,119,8/1,9.0,9.0,IJN-2,2026-05-11T18:41:00Z,6
IJN,Horseshoe Indianapolis,2026-05-11,3,19:12,Allowance 6f,Allowance,Dirt,6f,"$46,240",1,Inflammabelle,Sanjur Santo,Labra Rogelio,12/1,False,Thoroughbred,tvg,https://api.tvg.com/cosmo/v1/graphql,2026-05-11T10:24:25.663442,1.0.0,Flameaway,Snicker Belle,Distorted Humor,5,M,Juan De la Cruz,122,12/1,13.0,13.0,IJN-3,2026-05-11T19:12:00Z,8
IJN,Horseshoe Indianapolis,2026-05-11,3,19:12,Allowance 6f,Allowance,Dirt,6f,"$46,240",2,Juanita Mychiquita,Burgos Alberto,Labra Rogelio,15/1,False,Thoroughbred,tvg,https://api.tvg.com/cosmo/v1/graphql,2026-05-11T10:24:25.663453,1.0.0,Jimmy Creed,White Gold Chanel,Cape Blanco (Ire),3,F,Juan De la Cruz,118,15/1,16.0,16.0,IJN-3,2026-05-11T19:12:00Z,8
IJN,Horseshoe Indianapolis,2026-05-11,3,19:12,Allowance 6f,Allowance,Dirt,6f,"$46,240",3,Fancy Fascinator,Pauly Summer,"Moger, Jr. Ed",5/2,False,Thoroughbred,tvg,https://api.tvg.com/cosmo/v1/graphql,2026-05-11T10:24:25.663463,1.0.0,Sir Prancealot (Ire),Solar Miss,Malibu Moon,5,M,Steve Moger,117,5/2,3.5,3.5,IJN-3,2026-05-11T19:12:00Z,8
IJN,Horseshoe Indianapolis,2026-05-11,3,19:12,Allowance 6f,Allowance,Dirt,6f,"$46,240",4,Fat Chance,Murrill Mitchell,Eggleston Tim,4/1,False,Thoroughbred,tvg,https://api.tvg.com/cosmo/v1/graphql,2026-05-11T10:24:25.663473,1.0.0,Bravazo,Archusexy,Archarcharch,4,F,"Willowbrook Stables, Ltd. (David Neiman) and Jane Woods",119,4/1,5.0,5.0,IJN-3,2026-05-11T19:12:00Z,8
IJN,Horseshoe Indianapolis,2026-05-11,3,19:12,Allowance 6f,Allowance,Dirt,6f,"$46,240",5,Spirited Justice,Contreras Luis,Medina Tomas,6/1,False,Thoroughbred,tvg,https://api.tvg.com/cosmo/v1/graphql,2026-05-11T10:24:25.663485,1.0.0,Lantana Mob,She Fox,Into Mischief,3,F,Keeley Chay Justice,115,6/1,7.0,7.0,IJN-3,2026-05-11T19:12:00Z,8
IJN,Horseshoe Indianapolis,2026-05-11,3,19:12,Allowance 6f,Allowance,Dirt,6f,"$46,240",6,Campaign Promises,Mendoza Amir,Garcia Genaro,10/1,False,Thoroughbred,tvg,https://api.tvg.com/cosmo/v1/graphql,2026-05-11T10:24:25.663494,1.0.0,Global Campaign,Bid It Up,Stormy Atlantic,4,F,"Southwest Racing Stables, Inc. (Genaro Garcia) and Triple V Racing, LLC (Brandon",117,10/1,11.0,11.0,IJN-3,2026-05-11T19:12:00Z,8
IJN,Horseshoe Indianapolis,2026-05-11,3,19:12,Allowance 6f,Allowance,Dirt,6f,"$46,240",7,Devil Of Paradis,Roman Constantino,Evans Ii Michael,6/1,False,Thoroughbred,tvg,https://api.tvg.com/cosmo/v1/graphql,2026-05-11T10:24:25.663506,1.0.0,Competitive Edge,Americagreatagain,Congrats,5,M,Jennifer and Eduardo Terrazas,122,6/1,7.0,7.0,IJN-3,2026-05-11T19:12:00Z,8
IJN,Horseshoe Indianapolis,2026-05-11,3,19:12,Allowance 6f,Allowance,Dirt,6f,"$46,240",8,Patty Van Twinkle,"Pedroza, Jr. Marcelino",Garcia Genaro,7/2,False,Thoroughbred,tvg,https://api.tvg.com/cosmo/v1/graphql,2026-05-11T10:24:25.663516,1.0.0,Not Bourbon,Yes She's A Lady,Yes It's True,6,M,"Southwest Racing Stables, Inc. (Genaro Garcia) and Triple V Racing, LLC (Brandon",122,7/2,4.5,4.5,IJN-3,2026-05-11T19:12:00Z,8
IJN,Horseshoe Indianapolis,2026-05-11,4,19:43,Allowance Optional Claiming 8f,Allowance Optional Claiming,Turf,8f,"$49,680",1,Just Ruthless,Torres Jaime A,Mott Riley,3/1,False,Thoroughbred,tvg,https://api.tvg.com/cosmo/v1/graphql,2026-05-11T10:24:25.663536,1.0.0,Justify,Notorious R B G,Speightstown,4,F,"Rock Ridge Racing, LLC (Codee Guffey)",122,3/1,4.0,4.0,IJN-4,2026-05-11T19:43:00Z,12
IJN,Horseshoe Indianapolis,2026-05-11,4,19:43,Allowance Optional Claiming 8f,Allowance Optional Claiming,Turf,8f,"$49,680",2,Sassy Allie,Hisby Ronald,Mitchell Sherman S,15/1,False,Thoroughbred,tvg,https://api.tvg.com/cosmo/v1/graphql,2026-05-11T10:24:25.663545,1.0.0,Coal Front,Seattle Sass,Chief Seattle,5,M,Dawn Mitchell and Jesse Mitchell,122,15/1,16.0,16.0,IJN-4,2026-05-11T19:43:00Z,12
IJN,Horseshoe Indianapolis,2026-05-11,4,19:43,Allowance Optional Claiming 8f,Allowance Optional Claiming,Turf,8f,"$49,680",3,Viral Plane Lady,Prescott Rodney A,Labra Rogelio,8/1,False,Thoroughbred,tvg,https://api.tvg.com/cosmo/v1/graphql,2026-05-11T10:24:25.663554,1.0.0,Mitole,Social Vindication,Vindication,4,F,Ricardo Labra,122,8/1,9.0,9.0,IJN-4,2026-05-11T19:43:00Z,12
IJN,Horseshoe Indianapolis,2026-05-11,4,19:43,Allowance Optional Claiming 8f,Allowance Optional Claiming,Turf,8f,"$49,680",4,Cairo Dream,"Pedroza, Jr. Marcelino",Block Chris M,8/5,False,Thoroughbred,tvg,https://api.tvg.com/cosmo/v1/graphql,2026-05-11T10:24:25.663562,1.0.0,Cairo Prince,Indian Tale,Tale Of The Cat,5,M,"Moabo Stables, LLC (Tim Witt, et al.)",122,8/5,2.6,2.6,IJN-4,2026-05-11T19:43:00Z,12
IJN,Horseshoe Indianapolis,2026-05-11,4,19:43,Allowance Optional Claiming 8f,Allowance Optional Claiming,Turf,8f,"$49,680",5,Bilyana,De La Cruz Fernando,Foster Eric N,8/1,False,Thoroughbred,tvg,https://api.tvg.com/cosmo/v1/graphql,2026-05-11T10:24:25.663568,1.0.0,Caracaro,Truth In The Lies,Hold Me Back,4,F,Maxis Stable (Sid Karmia) and Foster Family Racing (Brooklyn Foster),122,8/1,9.0,9.0,IJN-4,2026-05-11T19:43:00Z,12
IJN,Horseshoe Indianapolis,2026-05-11,4,19:43,Allowance Optional Claiming 8f,Allowance Optional Claiming,Turf,8f,"$49,680",6,Always Wanting,Gutierrez Jose R,Elliott Michelle L,20/1,False,Thoroughbred,tvg,https://api.tvg.com/cosmo/v1/graphql,2026-05-11T10:24:25.663575,1.0.0,Always Dreaming,Peace Opportunity,Point Of Entry,5,M,"Mullikin Thoroughbreds, LLC (Tom Mullikin) and Elliott Racing, LLC (Michelle L.",117,20/1,21.0,21.0,IJN-4,2026-05-11T19:43:00Z,12
IJN,Horseshoe Indianapolis,2026-05-11,4,19:43,Allowance Optional Claiming 8f,Allowance Optional Claiming,Turf,8f,"$49,680",7,Junta,Ramos Joseph D,Granitz Anthony J,6/1,False,Thoroughbred,tvg,https://api.tvg.com/cosmo/v1/graphql,2026-05-11T10:24:25.663582,1.0.0,Constitution,I Thee Wed,Hard Spun,4,F,Jacob Spooner,122,6/1,7.0,7.0,IJN-4,2026-05-11T19:43:00Z,12
IJN,Horseshoe Indianapolis,2026-05-11,4,19:43,Allowance Optional Claiming 8f,Allowance Optional Claiming,Turf,8f,"$49,680",8,Polka Polenta,Bermudez Samuel E,"Cazares, Jr. Rene",20/1,False,Thoroughbred,tvg,https://api.tvg.com/cosmo/v1/graphql,2026-05-11T10:24:25.663588,1.0.0,Fort Larned,Polyantha Rose,Tiznow,8,M,Cazares Racing Stables LLC (Rene Cazares),122,20/1,21.0,21.0,IJN-4,2026-05-11T19:43:00Z,12
IJN,Horseshoe Indianapolis,2026-05-11,4,19:43,Allowance Optional Claiming 8f,Allowance Optional Claiming,Turf,8f,"$49,680",9,Footnote,Roman Constantino,Torres Marcelino,30/1,False,Thoroughbred,tvg,https://api.tvg.com/cosmo/v1/graphql,2026-05-11T10:24:25.663593,1.0.0,Carpe Diem,Agent Provocateur,Interactif,4,F,Marcelino Torres,122,30/1,31.0,31.0,IJN-4,2026-05-11T19:43:00Z,12
IJN,Horseshoe Indianapolis,2026-05-11,4,19:43,Allowance Optional Claiming 8f,Allowance Optional Claiming,Turf,8f,"$49,680",10,Caumsett,Romero Joseph M,Paye Jose,30/1,False,Thoroughbred,tvg,https://api.tvg.com/cosmo/v1/graphql,2026-05-11T10:24:25.663599,1.0.0,The Factor,Sister Diane,Giant's Causeway,8,M,Courtney Paye,117,30/1,31.0,31.0,IJN-4,2026-05-11T19:43:00Z,12
IJN,Horseshoe Indianapolis,2026-05-11,4,19:43,Allowance Optional Claiming 8f,Allowance Optional Claiming,Turf,8f,"$49,680",11,Tiz Bayou,Murrill Mitchell,Eggleston Tim,5/1,False,Thoroughbred,tvg,https://api.tvg.com/cosmo/v1/graphql,2026-05-11T10:24:25.663604,1.0.0,Tiz Sardonic Joe,Jennys Royalpurple,Bluegrass Cat,6,M,Cathi Jones,119,5/1,6.0,6.0,IJN-4,2026-05-11T19:43:00Z,12
IJN,Horseshoe Indianapolis,2026-05-11,4,19:43,Allowance Optional Claiming 8f,Allowance Optional Claiming,Turf,8f,"$49,680",12,L. A. Woman,Cannon Declan,Walsh Brendan P,10/1,False,Thoroughbred,tvg,https://api.tvg.com/cosmo/v1/graphql,2026-05-11T10:24:25.663612,1.0.0,City Of Light,Teammate,A.P. Indy,5,M,Calumet Farm (Brad Kelley),122,10/1,11.0,11.0,IJN-4,2026-05-11T19:43:00Z,12
IJN,Horseshoe Indianapolis,2026-05-11,5,20:14,Maiden Special Weight 6f,Maiden Special Weight,Dirt,6f,"$36,000",1,Unresponsive,Gutierrez Jose R,Elliott Michelle L,15/1,False,Thoroughbred,tvg,https://api.tvg.com/cosmo/v1/graphql,2026-05-11T10:24:25.663625,1.0.0,Cross Traffic,Prize Surprize,Pure Prize,3,G,Elliott Ventures (Amy Elliott),117,15/1,16.0,16.0,IJN-5,2026-05-11T20:14:00Z,13
IJN,Horseshoe Indianapolis,2026-05-11,5,20:14,Maiden Special Weight 6f,Maiden Special Weight,Dirt,6f,"$36,000",2,Aumoe,Bermudez Samuel E,Fontenot Dawn A,8/1,False,Thoroughbred,tvg,https://api.tvg.com/cosmo/v1/graphql,2026-05-11T10:24:25.663631,1.0.0,Midnight Storm,Brenda's Gold,Scat Daddy,3,G,Eddie Carrizalez,122,8/1,9.0,9.0,IJN-5,2026-05-11T20:14:00Z,13
IJN,Horseshoe Indianapolis,2026-05-11,5,20:14,Maiden Special Weight 6f,Maiden Special Weight,Dirt,6f,"$36,000",3,Indy Kid,Murrill Mitchell,Eggleston Tim,30/1,False,Thoroughbred,tvg,https://api.tvg.com/cosmo/v1/graphql,2026-05-11T10:24:25.663637,1.0.0,Gormley,Black Nova,Holiday Promise,3,G,Joseph Baldassari,122,30/1,31.0,31.0,IJN-5,2026-05-11T20:14:00Z,13
IJN,Horseshoe Indianapolis,2026-05-11,5,20:14,Maiden Special Weight 6f,Maiden Special Weight,Dirt,6f,"$36,000",4,Mister Spitfire,De La Cruz Fernando,Klopp Randy L,8/1,False,Thoroughbred,tvg,https://api.tvg.com/cosmo/v1/graphql,2026-05-11T10:24:25.663642,1.0.0,Bucchero,Lovely Trophy Girl,Hard Spun,3,G,Jerry Anderson,122,8/1,9.0,9.0,IJN-5,2026-05-11T20:14:00Z,13
IJN,Horseshoe Indianapolis,2026-05-11,5,20:14,Maiden Special Weight 6f,Maiden Special Weight,Dirt,6f,"$36,000",5,Standard Edition,Contreras Luis,Silva Miguel A,20/1,False,Thoroughbred,tvg,https://api.tvg.com/cosmo/v1/graphql,2026-05-11T10:24:25.663647,1.0.0,By My Standards,Coy,Elusive Quality,3,G,Tom Loafman and Silva Racing LLC (Miguel Angel Silva),122,20/1,21.0,21.0,IJN-5,2026-05-11T20:14:00Z,13
IJN,Horseshoe Indianapolis,2026-05-11,5,20:14,Maiden Special Weight 6f,Maiden Special Weight,Dirt,6f,"$36,000",6,Thousands Of Hopes,"Pedroza, Jr. Marcelino",Garcia Genaro,4/1,False,Thoroughbred,tvg,https://api.tvg.com/cosmo/v1/graphql,2026-05-11T10:24:25.663653,1.0.0,Thousand Words,The Bees Knees,Klimt,3,G,"Southwest Racing Stables, Inc. (Genaro Garcia)",122,4/1,5.0,5.0,IJN-5,2026-05-11T20:14:00Z,13
IJN,Horseshoe Indianapolis,2026-05-11,5,20:14,Maiden Special Weight 6f,Maiden Special Weight,Dirt,6f,"$36,000",7,Rebel Sky,Roman Evin A,Cazares Jose,30/1,False,Thoroughbred,tvg,https://api.tvg.com/cosmo/v1/graphql,2026-05-11T10:24:25.663659,1.0.0,Enticed,Talk Softly,Malibu Moon,3,G,"Jimenez Racing Stable, LLC (Normando Jimenez)",122,30/1,31.0,31.0,IJN-5,2026-05-11T20:14:00Z,13
IJN,Horseshoe Indianapolis,2026-05-11,5,20:14,Maiden Special Weight 6f,Maiden Special Weight,Dirt,6f,"$36,000",8,Basil,Villarreal Oscar,Matejka Pavel,6/1,False,Thoroughbred,tvg,https://api.tvg.com/cosmo/v1/graphql,2026-05-11T10:24:25.663664,1.0.0,Basin,Lemon Frosted,Lemon Drop Kid,3,G,Pavel Matejka,122,6/1,7.0,7.0,IJN-5,2026-05-11T20:14:00Z,13
IJN,Horseshoe Indianapolis,2026-05-11,5,20:14,Maiden Special Weight 6f,Maiden Special Weight,Dirt,6f,"$36,000",9,Willy's In Charge,Burgos Alberto,Klopp Randy L,9/2,False,Thoroughbred,tvg,https://api.tvg.com/cosmo/v1/graphql,2026-05-11T10:24:25.663670,1.0.0,Will Take Charge,Hoosier Queen,Sun King,3,C,Reese Ranch (Dennis Reese),122,9/2,5.5,5.5,IJN-5,2026-05-11T20:14:00Z,13
IJN,Horseshoe Indianapolis,2026-05-11,5,20:14,Maiden Special Weight 6f,Maiden Special Weight,Dirt,6f,"$36,000",10,Forever Hope,Ramos Joseph D,Medina Tomas,5/1,False,Thoroughbred,tvg,https://api.tvg.com/cosmo/v1/graphql,2026-05-11T10:24:25.663675,1.0.0,Jimmy Creed,Sky Mystic,Sky Mesa,3,C,Blanca Salazar,122,5/1,6.0,6.0,IJN-5,2026-05-11T20:14:00Z,13
IJN,Horseshoe Indianapolis,2026-05-11,5,20:14,Maiden Special Weight 6f,Maiden Special Weight,Dirt,6f,"$36,000",11,El Numero Uno,Prescott Rodney A,Duran Antonio,20/1,False,Thoroughbred,tvg,https://api.tvg.com/cosmo/v1/graphql,2026-05-11T10:24:25.663682,1.0.0,Vekoma,Blue Magic,Yes It's True,3,G,"Rancho Monarca, LLC  (Kathryn and Antonio Duran) and Brian J. Elmore",122,20/1,21.0,21.0,IJN-5,2026-05-11T20:14:00Z,13
IJN,Horseshoe Indianapolis,2026-05-11,5,20:14,Maiden Special Weight 6f,Maiden Special Weight,Dirt,6f,"$36,000",12,Movin Out,Romero Joseph M,Davis Joseph D,6/1,False,Thoroughbred,tvg,https://api.tvg.com/cosmo/v1/graphql,2026-05-11T10:24:25.663688,1.0.0,Mineshaft,Swear For Roses,Flower Alley,3,R,"Jimenez Racing Stable, LLC (Normando Jimenez)",117,6/1,7.0,7.0,IJN-5,2026-05-11T20:14:00Z,13
IJN,Horseshoe Indianapolis,2026-05-11,5,20:14,Maiden Special Weight 6f,Maiden Special Weight,Dirt,6f,"$36,000",13,Stuck In Park,Burgos Alberto,Klopp Randy L,5/1,False,Thoroughbred,tvg,https://api.tvg.com/cosmo/v1/graphql,2026-05-11T10:24:25.663693,1.0.0,Army Mule,Bourbonstateofmind,Street Sense,3,G,"Spiess Stable, LLC (Roger Spiess) and Randy Klopp",122,5/1,6.0,6.0,IJN-5,2026-05-11T20:14:00Z,13
IJN,Horseshoe Indianapolis,2026-05-11,6,20:45,Claiming 8f,Claiming,Turf,8f,"$23,800",1,White Lilacs,Perez Luis D,Salas Felipe,30/1,False,Thoroughbred,tvg,https://api.tvg.com/cosmo/v1/graphql,2026-05-11T10:24:25.663705,1.0.0,Verrazano,Gradient,Flower Alley,7,M,Froylan Garcia,110,30/1,31.0,31.0,IJN-6,2026-05-11T20:45:00Z,16
IJN,Horseshoe Indianapolis,2026-05-11,6,20:45,Claiming 8f,Claiming,Turf,8f,"$23,800",2,Extravagant Prince,Villarreal Oscar,Mccall Iii William P,12/1,False,Thoroughbred,tvg,https://api.tvg.com/cosmo/v1/graphql,2026-05-11T10:24:25.663711,1.0.0,Cairo Prince,Pretty Extravagant,With Distinction,4,G,"William P. McCall, III",122,12/1,13.0,13.0,IJN-6,2026-05-11T20:45:00Z,16
IJN,Horseshoe Indianapolis,2026-05-11,6,20:45,Claiming 8f,Claiming,Turf,8f,"$23,800",3,Go Bali Go,Murrill Mitchell,Nance Jonathan,6/1,False,Thoroughbred,tvg,https://api.tvg.com/cosmo/v1/graphql,2026-05-11T10:24:25.663717,1.0.0,Bal A Bali (Brz),Sally's Dream,Utopia (Jpn),7,G,"Charles Allen, Craig Minten and Jonathan Nance",122,6/1,7.0,7.0,IJN-6,2026-05-11T20:45:00Z,16
IJN,Horseshoe Indianapolis,2026-05-11,6,20:45,Claiming 8f,Claiming,Turf,8f,"$23,800",4,King Of Kentucky,De La Cruz Fernando,Brownfield Iii Claude L,8/1,False,Thoroughbred,tvg,https://api.tvg.com/cosmo/v1/graphql,2026-05-11T10:24:25.663722,1.0.0,Speightstown,Royal Ancestry,Distorted Humor,6,G,Daniel F. O'Donnell,122,8/1,9.0,9.0,IJN-6,2026-05-11T20:45:00Z,16
IJN,Horseshoe Indianapolis,2026-05-11,6,20:45,Claiming 8f,Claiming,Turf,8f,"$23,800",5,Patronage,Gutierrez Jose R,Labra Rogelio,30/1,False,Thoroughbred,tvg,https://api.tvg.com/cosmo/v1/graphql,2026-05-11T10:24:25.663729,1.0.0,Kantharos,Bella Cara,Midnight Lute,5,G,Rogelio Labra,117,30/1,31.0,31.0,IJN-6,2026-05-11T20:45:00Z,16
IJN,Horseshoe Indianapolis,2026-05-11,6,20:45,Claiming 8f,Claiming,Turf,8f,"$23,800",6,Professor Higgins,Saez Gabriel,Holsapple Hutch,20/1,False,Thoroughbred,tvg,https://api.tvg.com/cosmo/v1/graphql,2026-05-11T10:24:25.663734,1.0.0,Oscar Performance,Noble Ready,More Than Ready,6,G,"Dundalk 5, LLC (Tim Kindlon), Wesley F. Herek Racing Stable, LLC (Wes Herek) and",122,20/1,21.0,21.0,IJN-6,2026-05-11T20:45:00Z,16
IJN,Horseshoe Indianapolis,2026-05-11,6,20:45,Claiming 8f,Claiming,Turf,8f,"$23,800",7,Pilkington,Roman Evin A,Anderson Susan L,10/1,False,Thoroughbred,tvg,https://api.tvg.com/cosmo/v1/graphql,2026-05-11T10:24:25.663740,1.0.0,Hard Spun,Stormin Elle,Stormello,6,G,"Pocket Aces Racing, LLC (Marc Wampler and Jared Shoemaker)",122,10/1,11.0,11.0,IJN-6,2026-05-11T20:45:00Z,16
IJN,Horseshoe Indianapolis,2026-05-11,6,20:45,Claiming 8f,Claiming,Turf,8f,"$23,800",8,Blue Coast,Beschizza Adam,House Gary F,15/1,False,Thoroughbred,tvg,https://api.tvg.com/cosmo/v1/graphql,2026-05-11T10:24:25.663745,1.0.0,Omaha Beach,High Performer,Candy Ride (Arg),4,G,Gary F. House,122,15/1,16.0,16.0,IJN-6,2026-05-11T20:45:00Z,16
IJN,Horseshoe Indianapolis,2026-05-11,6,20:45,Claiming 8f,Claiming,Turf,8f,"$23,800",9,Shiesty To Chase,Moncada Irving,Weaver Michael,6/1,False,Thoroughbred,tvg,https://api.tvg.com/cosmo/v1/graphql,2026-05-11T10:24:25.663752,1.0.0,Mor Spirit,Excedere,Shakespeare,5,G,Josh Eckels and Chin Dynasty (Kimmel Chin),119,6/1,7.0,7.0,IJN-6,2026-05-11T20:45:00Z,16
IJN,Horseshoe Indianapolis,2026-05-11,6,20:45,Claiming 8f,Claiming,Turf,8f,"$23,800",10,Memphis Pharoah,Prescott Rodney A,Matthews Randy,12/1,False,Thoroughbred,tvg,https://api.tvg.com/cosmo/v1/graphql,2026-05-11T10:24:25.663757,1.0.0,American Pharoah,Unabashed,Elusive Quality,6,G,Mark David Hixson,122,12/1,13.0,13.0,IJN-6,2026-05-11T20:45:00Z,16
IJN,Horseshoe Indianapolis,2026-05-11,6,20:45,Claiming 8f,Claiming,Turf,8f,"$23,800",11,Born Flashy,Ramos Joseph D,Wisner Tracey J,5/1,False,Thoroughbred,tvg,https://api.tvg.com/cosmo/v1/graphql,2026-05-11T10:24:25.663780,1.0.0,Demarchelier (Gb),Born Special,Pulpit,5,G,"Spiess Racing, LLC (Jacob Spiess and Ryan Spiess)",122,5/1,6.0,6.0,IJN-6,2026-05-11T20:45:00Z,16
IJN,Horseshoe Indianapolis,2026-05-11,6,20:45,Claiming 8f,Claiming,Turf,8f,"$23,800",12,Franz Josef,Antongeorgi Iii William,Wismer Troy S,5/2,False,Thoroughbred,tvg,https://api.tvg.com/cosmo/v1/graphql,2026-05-11T10:24:25.663787,1.0.0,Mshawish,Silent Emotion,Ghazi,8,G,"Novogratz Racing Stables, Inc. (Joseph F. Novogratz)",122,5/2,3.5,3.5,IJN-6,2026-05-11T20:45:00Z,16
IJN,Horseshoe Indianapolis,2026-05-11,6,20:45,Claiming 8f,Claiming,Turf,8f,"$23,800",13,Rich Kingdom,Pena Pedro,Riley Donna,6/1,False,Thoroughbred,tvg,https://api.tvg.com/cosmo/v1/graphql,2026-05-11T10:24:25.663792,1.0.0,Sky Kingdom,Spy Girl,Discreet Cat,9,G,Carter and Donna Riley,109,6/1,7.0,7.0,IJN-6,2026-05-11T20:45:00Z,16
IJN,Horseshoe Indianapolis,2026-05-11,6,20:45,Claiming 8f,Claiming,Turf,8f,"$23,800",14,Geraldraydaplegray,Contreras Luis,Donjuan Sergio,15/1,False,Thoroughbred,tvg,https://api.tvg.com/cosmo/v1/graphql,2026-05-11T10:24:25.663797,1.0.0,Mohaymen,Judy's Prize,New Year's Day,4,G,Fred L. Jackson,122,15/1,16.0,16.0,IJN-6,2026-05-11T20:45:00Z,16
IJN,Horseshoe Indianapolis,2026-05-11,6,20:45,Claiming 8f,Claiming,Turf,8f,"$23,800",15,Money War,Bermudez Samuel E,"Gonzalez, Jr. Agustin",8/1,False,Thoroughbred,tvg,https://api.tvg.com/cosmo/v1/graphql,2026-05-11T10:24:25.663803,1.0.0,Declaration Of War,Money Queen,E Dubai,7,G,"Campos Family Ventures, LLC (Gladys Campos, et al.)",122,8/1,9.0,9.0,IJN-6,2026-05-11T20:45:00Z,16
IJN,Horseshoe Indianapolis,2026-05-11,6,20:45,Claiming 8f,Claiming,Turf,8f,"$23,800",16,Personal Creed,Bermudez Samuel E,Brownfield Iii Claude L,20/1,False,Thoroughbred,tvg,https://api.tvg.com/cosmo/v1/graphql,2026-05-11T10:24:25.663808,1.0.0,Jimmy Creed,Barby Sue,Purge,4,C,Daniel F. O'Donnell,122,20/1,21.0,21.0,IJN-6,2026-05-11T20:45:00Z,16
IJN,Horseshoe Indianapolis,2026-05-11,7,21:16,Maiden Special Weight 8f,Maiden Special Weight,Turf,8f,"$43,520",1,Coaldigger,Franca Carlos E,Woodbury Judy,30/1,False,Thoroughbred,tvg,https://api.tvg.com/cosmo/v1/graphql,2026-05-11T10:24:25.663821,1.0.0,Coal Front,Candycream,Twirling Candy,3,C,Judy Woodbury,122,30/1,31.0,31.0,IJN-7,2026-05-11T21:16:00Z,16
IJN,Horseshoe Indianapolis,2026-05-11,7,21:16,Maiden Special Weight 8f,Maiden Special Weight,Turf,8f,"$43,520",2,Denikos,Pauly Summer,Jarvis Kathy,30/1,False,Thoroughbred,tvg,https://api.tvg.com/cosmo/v1/graphql,2026-05-11T10:24:25.663827,1.0.0,Hard Spun,Kalabaka,Trappe Shot,3,G,"AFM Stables, Ltd. (Jeff Jarvis)",117,30/1,31.0,31.0,IJN-7,2026-05-11T21:16:00Z,16
IJN,Horseshoe Indianapolis,2026-05-11,7,21:16,Maiden Special Weight 8f,Maiden Special Weight,Turf,8f,"$43,520",3,Buckley Gold Water,Saez Gabriel,Medina Robert,30/1,False,Thoroughbred,tvg,https://api.tvg.com/cosmo/v1/graphql,2026-05-11T10:24:25.663832,1.0.0,Authentic,Hollywood Wife,Curlin,3,C,Snake River Stable LLC (Nicholas King),122,30/1,31.0,31.0,IJN-7,2026-05-11T21:16:00Z,16
IJN,Horseshoe Indianapolis,2026-05-11,7,21:16,Maiden Special Weight 8f,Maiden Special Weight,Turf,8f,"$43,520",4,Gotcha,Cannon Declan,Walsh Brendan P,7/2,False,Thoroughbred,tvg,https://api.tvg.com/cosmo/v1/graphql,2026-05-11T10:24:25.663838,1.0.0,Practical Joke,Factfull,The Factor,3,G,Mulberry Racing Pty Ltd (Michael Gregg),122,7/2,4.5,4.5,IJN-7,2026-05-11T21:16:00Z,16
IJN,Horseshoe Indianapolis,2026-05-11,7,21:16,Maiden Special Weight 8f,Maiden Special Weight,Turf,8f,"$43,520",5,Tazzy,Prescott Rodney A,Duran Antonio,20/1,False,Thoroughbred,tvg,https://api.tvg.com/cosmo/v1/graphql,2026-05-11T10:24:25.663844,1.0.0,Good Samaritan,Tessio,Mineshaft,3,G,"Rancho Monarca, LLC  (Kathryn and Antonio Duran)",122,20/1,21.0,21.0,IJN-7,2026-05-11T21:16:00Z,16
IJN,Horseshoe Indianapolis,2026-05-11,7,21:16,Maiden Special Weight 8f,Maiden Special Weight,Turf,8f,"$43,520",6,Wan Dale,Torres Jaime A,Mott Riley,5/1,False,Thoroughbred,tvg,https://api.tvg.com/cosmo/v1/graphql,2026-05-11T10:24:25.663849,1.0.0,Tiz The Law,Celebrity Cat,Storm Cat,3,G,Grantley Acres (Geoff B. Nixon),122,5/1,6.0,6.0,IJN-7,2026-05-11T21:16:00Z,16
IJN,Horseshoe Indianapolis,2026-05-11,7,21:16,Maiden Special Weight 8f,Maiden Special Weight,Turf,8f,"$43,520",7,Light Cav,Ramos Joseph D,Beckman D. Whitworth,9/2,False,Thoroughbred,tvg,https://api.tvg.com/cosmo/v1/graphql,2026-05-11T10:24:25.663856,1.0.0,Twirling Candy,Light And Variable,Tiznow,3,C,Calumet Farm (Brad Kelley),122,9/2,5.5,5.5,IJN-7,2026-05-11T21:16:00Z,16
IJN,Horseshoe Indianapolis,2026-05-11,7,21:16,Maiden Special Weight 8f,Maiden Special Weight,Turf,8f,"$43,520",8,Mo Can Dance,Perez Luis D,West Ethan W,8/1,False,Thoroughbred,tvg,https://api.tvg.com/cosmo/v1/graphql,2026-05-11T10:24:25.663863,1.0.0,Uncle Mo,Ballet Slippers,Tapit,3,G,Walmac Farm (Gary Broad),115,8/1,9.0,9.0,IJN-7,2026-05-11T21:16:00Z,16
IJN,Horseshoe Indianapolis,2026-05-11,7,21:16,Maiden Special Weight 8f,Maiden Special Weight,Turf,8f,"$43,520",9,Hewson,Garcia Martin,Hughes Byron G,3/1,False,Thoroughbred,tvg,https://api.tvg.com/cosmo/v1/graphql,2026-05-11T10:24:25.663868,1.0.0,Nyquist,Bye Bye Bully's,Stay Thirsty,3,C,Bo Hirsch,122,3/1,4.0,4.0,IJN-7,2026-05-11T21:16:00Z,16
IJN,Horseshoe Indianapolis,2026-05-11,7,21:16,Maiden Special Weight 8f,Maiden Special Weight,Turf,8f,"$43,520",10,Page Two,Gutierrez Mario,Oliver Victoria H,20/1,False,Thoroughbred,tvg,https://api.tvg.com/cosmo/v1/graphql,2026-05-11T10:24:25.663875,1.0.0,Tom's D'etat,Heron Watch,Candy Ride (Arg),3,G,"St. George Farm Racing, LLC (Ian Banwell)",122,20/1,21.0,21.0,IJN-7,2026-05-11T21:16:00Z,16
IJN,Horseshoe Indianapolis,2026-05-11,7,21:16,Maiden Special Weight 8f,Maiden Special Weight,Turf,8f,"$43,520",11,Dreaming Perfect,Romero Joseph M,Davis Joseph D,30/1,False,Thoroughbred,tvg,https://api.tvg.com/cosmo/v1/graphql,2026-05-11T10:24:25.663880,1.0.0,Perfect Timber,Stormy Venus,Stormy Atlantic,3,C,Cazares Racing Stables LLC (Rene Cazares),117,30/1,31.0,31.0,IJN-7,2026-05-11T21:16:00Z,16
IJN,Horseshoe Indianapolis,2026-05-11,7,21:16,Maiden Special Weight 8f,Maiden Special Weight,Turf,8f,"$43,520",12,Working For Glory,"Pedroza, Jr. Marcelino","Dobbs, Jr. Robert E",10/1,False,Thoroughbred,tvg,https://api.tvg.com/cosmo/v1/graphql,2026-05-11T10:24:25.663886,1.0.0,Outwork,Savannah's Glory,Bluegrass Cat,3,G,"Burger Racing Stables, LLC (Maureen and Greg Burger)",122,10/1,11.0,11.0,IJN-7,2026-05-11T21:16:00Z,16
IJN,Horseshoe Indianapolis,2026-05-11,7,21:16,Maiden Special Weight 8f,Maiden Special Weight,Turf,8f,"$43,520",13,Roktar,Achard Alex,West Ethan W,6/1,False,Thoroughbred,tvg,https://api.tvg.com/cosmo/v1/graphql,2026-05-11T10:24:25.663896,1.0.0,War Of Will,Live Young,Smart Strike,3,C,Knockout Thoroughbreds (Vince Parr),122,6/1,7.0,7.0,IJN-7,2026-05-11T21:16:00Z,16
IJN,Horseshoe Indianapolis,2026-05-11,7,21:16,Maiden Special Weight 8f,Maiden Special Weight,Turf,8f,"$43,520",14,Candy Cane Crain,Esquivel Emmanuel,Contreras Cipriano,5/1,False,Thoroughbred,tvg,https://api.tvg.com/cosmo/v1/graphql,2026-05-11T10:24:25.663902,1.0.0,Gift Box,Fluffhead,Animal Kingdom,3,G,"Contreras Stable, Inc. (Cipriano Contreras), Linda Fisher and Edward J. Fisher",122,5/1,6.0,6.0,IJN-7,2026-05-11T21:16:00Z,16
IJN,Horseshoe Indianapolis,2026-05-11,7,21:16,Maiden Special Weight 8f,Maiden Special Weight,Turf,8f,"$43,520",15,Dionysus,De La Cruz Fernando,Cox Brad H,15/1,False,Thoroughbred,tvg,https://api.tvg.com/cosmo/v1/graphql,2026-05-11T10:24:25.663909,1.0.0,Nyquist,Candy Swap,Candy Ride (Arg),3,C,Resolute Racing (John Stewart),122,15/1,16.0,16.0,IJN-7,2026-05-11T21:16:00Z,16
IJN,Horseshoe Indianapolis,2026-05-11,7,21:16,Maiden Special Weight 8f,Maiden Special Weight,Turf,8f,"$43,520",16,Blazy,Calleja Andres,Thompson Ron,30/1,False,Thoroughbred,tvg,https://api.tvg.com/cosmo/v1/graphql,2026-05-11T10:24:25.663914,1.0.0,Beau Liam,Beautiful Morning,Morning Line,3,C,Ron Thompson,122,30/1,31.0,31.0,IJN-7,2026-05-11T21:16:00Z,16
IJN,Horseshoe Indianapolis,2026-05-11,8,21:44,Trial 350y,Trial,Dirt,350y,"$12,000",1,Fa Lillys Of Wins,Esqueda Erik N,Esqueda Cesar,15/1,False,Quarter Horse,tvg,https://api.tvg.com/cosmo/v1/graphql,2026-05-11T10:24:25.663928,1.0.0,Eos A Political Win,Lillys City Of Gold,Coronado Cartel,3,F,Francisco Diaz,126,15/1,16.0,16.0,IJN-8,2026-05-11T21:44:00Z,10
IJN,Horseshoe Indianapolis,2026-05-11,8,21:44,Trial 350y,Trial,Dirt,350y,"$12,000",2,Sizzzling Heart,Lopez Saul,Cunningham Anthony F,5/1,False,Quarter Horse,tvg,https://api.tvg.com/cosmo/v1/graphql,2026-05-11T10:24:25.663934,1.0.0,Gold Heart Eagle V,Shes Sizzling,Sizzlin Cartel,3,F,Joyce and Erik Lehtinen,126,5/1,6.0,6.0,IJN-8,2026-05-11T21:44:00Z,10
IJN,Horseshoe Indianapolis,2026-05-11,8,21:44,Trial 350y,Trial,Dirt,350y,"$12,000",3,Niyo De Oro,Martinez Luz D,Cunningham Anthony F,2/1,False,Quarter Horse,tvg,https://api.tvg.com/cosmo/v1/graphql,2026-05-11T10:24:25.663952,1.0.0,He Is Hot,Fierce Runaway,Ocean Runaway,5,G,Fransisco Carlos Medrano Medina,128,2/1,3.0,3.0,IJN-8,2026-05-11T21:44:00Z,10
IJN,Horseshoe Indianapolis,2026-05-11,8,21:44,Trial 350y,Trial,Dirt,350y,"$12,000",4,Send Me A Dynasty Hg,Quintero Francisco,Sanchez Hector J,9/2,False,Quarter Horse,tvg,https://api.tvg.com/cosmo/v1/graphql,2026-05-11T10:24:25.663959,1.0.0,Fdd Dynasty,Send Me This Wagon,Pyc Paint Your Wagon,3,F,Carlos Lopez Garcia,126,9/2,5.5,5.5,IJN-8,2026-05-11T21:44:00Z,10
IJN,Horseshoe Indianapolis,2026-05-11,8,21:44,Trial 350y,Trial,Dirt,350y,"$12,000",5,Dale M,Ceron-Zamudio Alberto,Rodriguez Ezequiel,7/2,False,Quarter Horse,tvg,https://api.tvg.com/cosmo/v1/graphql,2026-05-11T10:24:25.663964,1.0.0,Kvn Corona,Cr Isabella,Fit To Fly,4,F,Ezequiel Rodriguez,128,7/2,4.5,4.5,IJN-8,2026-05-11T21:44:00Z,10
IJN,Horseshoe Indianapolis,2026-05-11,8,21:44,Trial 350y,Trial,Dirt,350y,"$12,000",6,Eos Save A Cowboy,O'neal Germarius A,Sanchez Hector J,20/1,False,Quarter Horse,tvg,https://api.tvg.com/cosmo/v1/graphql,2026-05-11T10:24:25.663970,1.0.0,Flying Cowboy 123,Saving Shirley,Hawkinson,5,G,Gilberto Gamez Diaz,128,20/1,21.0,21.0,IJN-8,2026-05-11T21:44:00Z,10
IJN,Horseshoe Indianapolis,2026-05-11,8,21:44,Trial 350y,Trial,Dirt,350y,"$12,000",7,Lb Tiny Tolltac,Macias Hugo,Barraza Librado,30/1,False,Quarter Horse,tvg,https://api.tvg.com/cosmo/v1/graphql,2026-05-11T10:24:25.663976,1.0.0,Fdd Dynasty,First Class Lacy B,Mr Jess Perry,4,C,Librado Barraza,128,30/1,31.0,31.0,IJN-8,2026-05-11T21:44:00Z,10
IJN,Horseshoe Indianapolis,2026-05-11,8,21:44,Trial 350y,Trial,Dirt,350y,"$12,000",8,Wanna Sweet Treet,Vazquez-Gomez Giovani,Vazquez Jessica A,10/1,False,Quarter Horse,tvg,https://api.tvg.com/cosmo/v1/graphql,2026-05-11T10:24:25.663982,1.0.0,One Sweet Jess,Wanna Treet Me,Oak Tree Special,4,G,Ventura Racing Inc. (Angel Ventura),128,10/1,11.0,11.0,IJN-8,2026-05-11T21:44:00Z,10
IJN,Horseshoe Indianapolis,2026-05-11,8,21:44,Trial 350y,Trial,Dirt,350y,"$12,000",9,Mi Blood Token,Luna Diaz Luis E,Eggleston Tim,12/1,False,Quarter Horse,tvg,https://api.tvg.com/cosmo/v1/graphql,2026-05-11T10:24:25.663989,1.0.0,Apollitical Blood,Splendifferous,Mr Jess Perry,3,F,"Steven Brown and Dillard Whittymore, III",126,12/1,13.0,13.0,IJN-8,2026-05-11T21:44:00Z,10
IJN,Horseshoe Indianapolis,2026-05-11,8,21:44,Trial 350y,Trial,Dirt,350y,"$12,000",10,Tarzanito Express 23,Diaz Edgar,Barraza Claudio,30/1,False,Quarter Horse,tvg,https://api.tvg.com/cosmo/v1/graphql,2026-05-11T10:24:25.663994,1.0.0,Tarzanito,Prairie Fire,Mr Jess Perry,3,G,Rose Bode,126,30/1,31.0,31.0,IJN-8,2026-05-11T21:44:00Z,10
IJN,Horseshoe Indianapolis,2026-05-11,9,22:12,Trial 350y,Trial,Dirt,350y,"$12,000",1,Gv Black Panther,Vazquez-Gomez Giovani,Vazquez Jessica A,9/2,False,Quarter Horse,tvg,https://api.tvg.com/cosmo/v1/graphql,2026-05-11T10:24:25.664009,1.0.0,Encore,The Ebony Hare,Bug Among Thorns,4,G,Jessica A. Vazquez,128,9/2,5.5,5.5,IJN-9,2026-05-11T22:12:00Z,10
IJN,Horseshoe Indianapolis,2026-05-11,9,22:12,Trial 350y,Trial,Dirt,350y,"$12,000",2,Maleficent Dash,Esqueda Erik N,Esqueda Cesar,20/1,False,Quarter Horse,tvg,https://api.tvg.com/cosmo/v1/graphql,2026-05-11T10:24:25.664014,1.0.0,Uncle D,Maleficent Beauty,Exclusive Quality,3,F,Humberto De La Cruz,126,20/1,21.0,21.0,IJN-9,2026-05-11T22:12:00Z,10
IJN,Horseshoe Indianapolis,2026-05-11,9,22:12,Trial 350y,Trial,Dirt,350y,"$12,000",3,Perrys Secret Gold,Luna Diaz Luis E,Eggleston Tim,5/1,False,Quarter Horse,tvg,https://api.tvg.com/cosmo/v1/graphql,2026-05-11T10:24:25.664021,1.0.0,Racy Secret,Thruthefireagain,Mr Piloto,4,G,Roger Cyrulik,128,5/1,6.0,6.0,IJN-9,2026-05-11T22:12:00Z,10
IJN,Horseshoe Indianapolis,2026-05-11,9,22:12,Trial 350y,Trial,Dirt,350y,"$12,000",4,Mckenzie Foose,Quintero Francisco,Sanchez Hector J,10/1,False,Quarter Horse,tvg,https://api.tvg.com/cosmo/v1/graphql,2026-05-11T10:24:25.664026,1.0.0,Ali Babe Foose,Chat Room,Jess Louisiana Blue,4,F,"Willie B. Johnson, Jr.",128,10/1,11.0,11.0,IJN-9,2026-05-11T22:12:00Z,10
IJN,Horseshoe Indianapolis,2026-05-11,9,22:12,Trial 350y,Trial,Dirt,350y,"$12,000",5,Lb Royal Quick Perry,Macias Hugo,Barraza Librado,30/1,False,Quarter Horse,tvg,https://api.tvg.com/cosmo/v1/graphql,2026-05-11T10:24:25.664032,1.0.0,Royal Quick Dash,Thyme To Run,Mr Jess Perry,3,C,Apolonio Barraza,126,30/1,31.0,31.0,IJN-9,2026-05-11T22:12:00Z,10
IJN,Horseshoe Indianapolis,2026-05-11,9,22:12,Trial 350y,Trial,Dirt,350y,"$12,000",6,Keep Her Off Tequila,Pina Rolando D,Eggleston Tim,1/1,False,Quarter Horse,tvg,https://api.tvg.com/cosmo/v1/graphql,2026-05-11T10:24:25.664041,1.0.0,Kiss My Hocks,Counting On You,Mr Jess Perry,3,F,Pattie Marshall,126,1/1,2.0,2.0,IJN-9,2026-05-11T22:12:00Z,10
IJN,Horseshoe Indianapolis,2026-05-11,9,22:12,Trial 350y,Trial,Dirt,350y,"$12,000",7,Jess A Favorite,Diaz Edgar,Barraza Claudio,30/1,False,Quarter Horse,tvg,https://api.tvg.com/cosmo/v1/graphql,2026-05-11T10:24:25.664049,1.0.0,Favorite Cartel,Hr Princess Jess,Apollitical Jess,3,F,Ulises Varela,126,30/1,31.0,31.0,IJN-9,2026-05-11T22:12:00Z,10
IJN,Horseshoe Indianapolis,2026-05-11,9,22:12,Trial 350y,Trial,Dirt,350y,"$12,000",8,Rhino Six,O'neal Germarius A,Sanchez Hector J,20/1,False,Quarter Horse,tvg,https://api.tvg.com/cosmo/v1/graphql,2026-05-11T10:24:25.664058,1.0.0,Fdd Dynasty,Love That Six,Tres Seis,3,G,Manuel Alvarez,126,20/1,21.0,21.0,IJN-9,2026-05-11T22:12:00Z,10
IJN,Horseshoe Indianapolis,2026-05-11,9,22:12,Trial 350y,Trial,Dirt,350y,"$12,000",9,Coyote Kiss,Martinez Luz D,Cunningham Anthony F,15/1,False,Quarter Horse,tvg,https://api.tvg.com/cosmo/v1/graphql,2026-05-11T10:24:25.664067,1.0.0,Kiss My Hocks,Mitey Victoria,Mighty Invictus,3,F,Ted J. Harpold,126,15/1,16.0,16.0,IJN-9,2026-05-11T22:12:00Z,10
IJN,Horseshoe Indianapolis,2026-05-11,9,22:12,Trial 350y,Trial,Dirt,350y,"$12,000",10,Jess A Famous Queen,Ceron-Zamudio Alberto,Rodriguez Ezequiel,12/1,False,Quarter Horse,tvg,https://api.tvg.com/cosmo/v1/graphql,2026-05-11T10:24:25.664076,1.0.0,Jess Good Candy,Famous Deluxe Queen,One Famous Eagle,4,F,Ezequiel Rodriguez,128,12/1,13.0,13.0,IJN-9,2026-05-11T22:12:00Z,10
IJN,Horseshoe Indianapolis,2026-05-11,10,22:40,Trial 350y,Trial,Dirt,350y,"$12,000",1,Fav Streakin Cartel,Villamil Bocanegra Diego,Perez Natasha,15/1,False,Quarter Horse,tvg,https://api.tvg.com/cosmo/v1/graphql,2026-05-11T10:24:25.664094,1.0.0,Favorite Cartel,Jess Dee Dee,Mr Jess Perry,3,G,BFD Farms (Allen J. Brenner),126,15/1,16.0,16.0,IJN-10,2026-05-11T22:40:00Z,10
IJN,Horseshoe Indianapolis,2026-05-11,10,22:40,Trial 350y,Trial,Dirt,350y,"$12,000",2,Run Dont Walk,Martinez Luz D,Cunningham Anthony F,9/5,False,Quarter Horse,tvg,https://api.tvg.com/cosmo/v1/graphql,2026-05-11T10:24:25.664101,1.0.0,Apollitical Blood,Walk Or Runaway,Walk Thru Fire,3,G,William F. Collins,126,9/5,2.8,2.8,IJN-10,2026-05-11T22:40:00Z,10
IJN,Horseshoe Indianapolis,2026-05-11,10,22:40,Trial 350y,Trial,Dirt,350y,"$12,000",3,I Gotta Reason,O'neal Germarius A,Sanchez Hector J,30/1,False,Quarter Horse,tvg,https://api.tvg.com/cosmo/v1/graphql,2026-05-11T10:24:25.664106,1.0.0,Good Reason Sa,Gotta Corona Jess,Apollitical Jess,3,G,Manuel Alvarez,126,30/1,31.0,31.0,IJN-10,2026-05-11T22:40:00Z,10
IJN,Horseshoe Indianapolis,2026-05-11,10,22:40,Trial 350y,Trial,Dirt,350y,"$12,000",4,Celebratory,Esqueda Erik N,Esqueda Cesar,20/1,False,Quarter Horse,tvg,https://api.tvg.com/cosmo/v1/graphql,2026-05-11T10:24:25.664111,1.0.0,Ivory James,First To Celebrate,First Down Dash,3,F,LC Racing LLC (Charlie Sanchez),126,20/1,21.0,21.0,IJN-10,2026-05-11T22:40:00Z,10
IJN,Horseshoe Indianapolis,2026-05-11,10,22:40,Trial 350y,Trial,Dirt,350y,"$12,000",5,Ap Jessies Cartel,Diaz Edgar,Preciado Oscar,20/1,False,Quarter Horse,tvg,https://api.tvg.com/cosmo/v1/graphql,2026-05-11T10:24:25.664116,1.0.0,The Louisiana Cartel,Hold On Jessie,Mr Jess Perry,3,C,Oscar Preciado,126,20/1,21.0,21.0,IJN-10,2026-05-11T22:40:00Z,10
IJN,Horseshoe Indianapolis,2026-05-11,10,22:40,Trial 350y,Trial,Dirt,350y,"$12,000",6,Larryknocksoutmegan,Vazquez-Gomez Giovani,Vazquez Jessica A,5/1,False,Quarter Horse,tvg,https://api.tvg.com/cosmo/v1/graphql,2026-05-11T10:24:25.664122,1.0.0,No Secrets Here,The Only Knockout,Apollitical Jess,3,G,"Chavez Racing, LLC (Roberto Chavez)",126,5/1,6.0,6.0,IJN-10,2026-05-11T22:40:00Z,10
IJN,Horseshoe Indianapolis,2026-05-11,10,22:40,Trial 350y,Trial,Dirt,350y,"$12,000",7,Last Famous Eagle,Penaloza Cristian,Hernandez Kenia,8/1,False,Quarter Horse,tvg,https://api.tvg.com/cosmo/v1/graphql,2026-05-11T10:24:25.664128,1.0.0,This Is An Eagle,Last Teller,Teller Cartel,3,C,Raul Contreras,126,8/1,9.0,9.0,IJN-10,2026-05-11T22:40:00Z,10
IJN,Horseshoe Indianapolis,2026-05-11,10,22:40,Trial 350y,Trial,Dirt,350y,"$12,000",8,Apollitical Ali,Quintero Francisco,Sanchez Hector J,30/1,False,Quarter Horse,tvg,https://api.tvg.com/cosmo/v1/graphql,2026-05-11T10:24:25.664133,1.0.0,Ali Babe Foose,Apolliticaltradition,Apollitical Jess,4,F,"Willie B. Johnson, Jr.",128,30/1,31.0,31.0,IJN-10,2026-05-11T22:40:00Z,10
IJN,Horseshoe Indianapolis,2026-05-11,10,22:40,Trial 350y,Trial,Dirt,350y,"$12,000",9,Gigis Top Secret,Ceron-Zamudio Alberto,Rodriguez Ezequiel,5/2,False,Quarter Horse,tvg,https://api.tvg.com/cosmo/v1/graphql,2026-05-11T10:24:25.664140,1.0.0,Habits Secret,Stel Chargin,Stel Corona,4,F,Ezequiel Rodriguez,128,5/2,3.5,3.5,IJN-10,2026-05-11T22:40:00Z,10
IJN,Horseshoe Indianapolis,2026-05-11,10,22:40,Trial 350y,Trial,Dirt,350y,"$12,000",10,Flying Knockout 123,Pina Rolando D,Eggleston Tim,15/1,False,Quarter Horse,tvg,https://api.tvg.com/cosmo/v1/graphql,2026-05-11T10:24:25.664147,1.0.0,Flying Cowboy 123,Painted Up Knockout,Pyc Paint Your Wagon,3,F,Pattie Marshall,126,15/1,16.0,16.0,IJN-10,2026-05-11T22:40:00Z,10
IJN,Horseshoe Indianapolis,2026-05-11,11,23:08,Trial 350y,Trial,Dirt,350y,"$12,000",1,Flyin Ivory,Luna Diaz Luis E,Eggleston Tim,30/1,False,Quarter Horse,tvg,https://api.tvg.com/cosmo/v1/graphql,2026-05-11T10:24:25.664172,1.0.0,Ivory James,Beach Diva,Escondido Beach,3,F,Gene Cox,126,30/1,31.0,31.0,IJN-11,2026-05-11T23:08:00Z,9
IJN,Horseshoe Indianapolis,2026-05-11,11,23:08,Trial 350y,Trial,Dirt,350y,"$12,000",2,Miss Dashin Good,Villamil Bocanegra Diego,Perez Natasha,20/1,False,Quarter Horse,tvg,https://api.tvg.com/cosmo/v1/graphql,2026-05-11T10:24:25.664181,1.0.0,Jess Good Candy,Samba Corona Mv,Corona Cartel,3,F,Mark and Rosemary Gorney,126,20/1,21.0,21.0,IJN-11,2026-05-11T23:08:00Z,9
IJN,Horseshoe Indianapolis,2026-05-11,11,23:08,Trial 350y,Trial,Dirt,350y,"$12,000",3,Ap Valiant Princess,Rodriguez German,Preciado Oscar,10/1,False,Quarter Horse,tvg,https://api.tvg.com/cosmo/v1/graphql,2026-05-11T10:24:25.664189,1.0.0,One Valiant Hero,Jess Ready Too Wear,Mr Jess Perry,3,F,Oscar Preciado,126,10/1,11.0,11.0,IJN-11,2026-05-11T23:08:00Z,9
IJN,Horseshoe Indianapolis,2026-05-11,11,23:08,Trial 350y,Trial,Dirt,350y,"$12,000",4,Jess Sinful,Martinez Luz D,Cunningham Anthony F,8/5,False,Quarter Horse,tvg,https://api.tvg.com/cosmo/v1/graphql,2026-05-11T10:24:25.664199,1.0.0,Dulce Sin Tacha,Ja Jess Elegance,Mr Jess Perry,3,F,Anthony F. Cunningham,126,8/5,2.6,2.6,IJN-11,2026-05-11T23:08:00Z,9
IJN,Horseshoe Indianapolis,2026-05-11,11,23:08,Trial 350y,Trial,Dirt,350y,"$12,000",5,Jess A Lookin,Diaz Edgar,Barraza Claudio,5/1,False,Quarter Horse,tvg,https://api.tvg.com/cosmo/v1/graphql,2026-05-11T10:24:25.664209,1.0.0,Apollitical Jess,Look At Her,Walk Thru Fire,3,C,"Campos Family Ventures, LLC (Gladys Campos, et al.)",126,5/1,6.0,6.0,IJN-11,2026-05-11T23:08:00Z,9
IJN,Horseshoe Indianapolis,2026-05-11,11,23:08,Trial 350y,Trial,Dirt,350y,"$12,000",6,Madam Mim,Lopez Saul,Cunningham Anthony F,7/2,False,Quarter Horse,tvg,https://api.tvg.com/cosmo/v1/graphql,2026-05-11T10:24:25.664218,1.0.0,Mental Error,Witchs Streak,Streakin Sixes,3,F,Pamela Brickley Hann and Ruby Huggins,126,7/2,4.5,4.5,IJN-11,2026-05-11T23:08:00Z,9
IJN,Horseshoe Indianapolis,2026-05-11,11,23:08,Trial 350y,Trial,Dirt,350y,"$12,000",7,Luna Unlymited,Quintero Francisco,Sanchez Hector J,30/1,False,Quarter Horse,tvg,https://api.tvg.com/cosmo/v1/graphql,2026-05-11T10:24:25.664227,1.0.0,Unlymited,Elizabeth Nicole,Exchange Rate,3,F,Carlos Lopez Garcia,126,30/1,31.0,31.0,IJN-11,2026-05-11T23:08:00Z,9
IJN,Horseshoe Indianapolis,2026-05-11,11,23:08,Trial 350y,Trial,Dirt,350y,"$12,000",8,Looks Lyke Mom,Ceron-Zamudio Alberto,Rodriguez Ezequiel,6/1,False,Quarter Horse,tvg,https://api.tvg.com/cosmo/v1/graphql,2026-05-11T10:24:25.664237,1.0.0,Corona Cartel,Looks Political,Apollitical Jess,5,M,Ezequiel Rodriguez,128,6/1,7.0,7.0,IJN-11,2026-05-11T23:08:00Z,9
IJN,Horseshoe Indianapolis,2026-05-11,11,23:08,Trial 350y,Trial,Dirt,350y,"$12,000",9,Lc Dancer Mary,Esqueda Erik N,Esqueda Cesar,8/1,False,Quarter Horse,tvg,https://api.tvg.com/cosmo/v1/graphql,2026-05-11T10:24:25.664246,1.0.0,Chilitos,Lindsayshadowdancer,Valiant Hero,3,F,LC Racing LLC (Charlie Sanchez),126,8/1,9.0,9.0,IJN-11,2026-05-11T23:08:00Z,9
LAD,Louisiana Downs,2026-05-11,1,21:05,Maiden Claiming 5f,Maiden Claiming,Dirt,5f,"$9,500",1,Laryscountrygirl,Williams Rey,Player Fletcher,8/1,False,Thoroughbred,tvg,https://api.tvg.com/cosmo/v1/graphql,2026-05-11T10:24:25.677590,1.0.0,Country Day,Mischievous Girl,Into Mischief,4,F,Thomas W. Nixon,123,8/1,9.0,9.0,LAD-1,2026-05-11T21:05:00Z,6
LAD,Louisiana Downs,2026-05-11,1,21:05,Maiden Claiming 5f,Maiden Claiming,Dirt,5f,"$9,500",2,Bistineau Beauty,Castillo Isaac,Pomier Chasey D,3/1,False,Thoroughbred,tvg,https://api.tvg.com/cosmo/v1/graphql,2026-05-11T10:24:25.677622,1.0.0,El Deal,Cazadora,Karakontie (Jpn),3,F,ETE Stables LLC (Larry G. Todd),118,3/1,4.0,4.0,LAD-1,2026-05-11T21:05:00Z,6
LAD,Louisiana Downs,2026-05-11,1,21:05,Maiden Claiming 5f,Maiden Claiming,Dirt,5f,"$9,500",3,Suivante,Castillo Alexander,Wilson Shane,6/1,False,Thoroughbred,tvg,https://api.tvg.com/cosmo/v1/graphql,2026-05-11T10:24:25.677638,1.0.0,Imperial Hint,British Invader (Gb),Epaulette (Aus),4,F,"Robin Lane Thoroughbreds, LLC (William D. Hughes, Michelle Hughes, and Monia Bos",123,6/1,7.0,7.0,LAD-1,2026-05-11T21:05:00Z,6
LAD,Louisiana Downs,2026-05-11,1,21:05,Maiden Claiming 5f,Maiden Claiming,Dirt,5f,"$9,500",4,Kylie's Knight,Riquelme Jose,Besancon Danny,12/1,False,Thoroughbred,tvg,https://api.tvg.com/cosmo/v1/graphql,2026-05-11T10:24:25.677652,1.0.0,Ocean Knight,Officer Jo Ann,Officer,4,F,Danny Besancon,123,12/1,13.0,13.0,LAD-1,2026-05-11T21:05:00Z,6
LAD,Louisiana Downs,2026-05-11,1,21:05,Maiden Claiming 5f,Maiden Claiming,Dirt,5f,"$9,500",5,Midnight Cigarette,Santiago Edward,"West, Jr. Henry",6/1,False,Thoroughbred,tvg,https://api.tvg.com/cosmo/v1/graphql,2026-05-11T10:24:25.677664,1.0.0,Country Day,Mo Maddnes,Uncle Mo,5,M,Janice Broussard,123,6/1,7.0,7.0,LAD-1,2026-05-11T21:05:00Z,6
LAD,Louisiana Downs,2026-05-11,1,21:05,Maiden Claiming 5f,Maiden Claiming,Dirt,5f,"$9,500",6,Major Move,Barrera Elio J,Foster Joseph M,4/5,False,Thoroughbred,tvg,https://api.tvg.com/cosmo/v1/graphql,2026-05-11T10:24:25.677687,1.0.0,Imperial Hint,Major Ashworth,Colonel John,3,F,Rafael Miguel Castillo,118,4/5,1.8,1.8,LAD-1,2026-05-11T21:05:00Z,6
LAD,Louisiana Downs,2026-05-11,2,21:33,Claiming 7f,Claiming,Dirt,7f,"$10,000",1,Blazing Saber,Nava-Marin Jose,Rodriguez-Torres Pedro,3/1,False,Thoroughbred,tvg,https://api.tvg.com/cosmo/v1/graphql,2026-05-11T10:24:25.677747,1.0.0,Sabercat,Red La Rosa,Harborage,4,G,R/T Roofing and Concrete (Pedro Rodriguez-Torres),125,3/1,4.0,4.0,LAD-2,2026-05-11T21:33:00Z,7
LAD,Louisiana Downs,2026-05-11,2,21:33,Claiming 7f,Claiming,Dirt,7f,"$10,000",2,Live Affair,Barrera Elio J,Lara Jorge,9/2,False,Thoroughbred,tvg,https://api.tvg.com/cosmo/v1/graphql,2026-05-11T10:24:25.677761,1.0.0,Mister Dance,Baileys Affair,Mister Baileys (Gb),7,G,Penny Scarberry,123,9/2,5.5,5.5,LAD-2,2026-05-11T21:33:00Z,7
LAD,Louisiana Downs,2026-05-11,2,21:33,Claiming 7f,Claiming,Dirt,7f,"$10,000",3,Iron Moon,"Ramirez, Jr. Julio",Vidal Juan M,8/1,False,Thoroughbred,tvg,https://api.tvg.com/cosmo/v1/graphql,2026-05-11T10:24:25.677773,1.0.0,Iron Fist,Dixie Sue,Dixieland Band,6,G,Juan Manuel Vidal,123,8/1,9.0,9.0,LAD-2,2026-05-11T21:33:00Z,7
LAD,Louisiana Downs,2026-05-11,2,21:33,Claiming 7f,Claiming,Dirt,7f,"$10,000",4,Dixie's Astro,Lozada Carlos,Dunn Henry R,6/1,False,Thoroughbred,tvg,https://api.tvg.com/cosmo/v1/graphql,2026-05-11T10:24:25.677786,1.0.0,Astrology,Dixie The Cat,Pure Prize,6,G,Alejandra F. Requena,123,6/1,7.0,7.0,LAD-2,2026-05-11T21:33:00Z,7
LAD,Louisiana Downs,2026-05-11,2,21:33,Claiming 7f,Claiming,Dirt,7f,"$10,000",5,Jamaican Me,Castillo Isaac,Govea Cesar,20/1,False,Thoroughbred,tvg,https://api.tvg.com/cosmo/v1/graphql,2026-05-11T10:24:25.677798,1.0.0,Orthodox,Great Movie,Silver Ghost,9,G,L and G Racing Stables (Joe Castillo),123,20/1,21.0,21.0,LAD-2,2026-05-11T21:33:00Z,7
LAD,Louisiana Downs,2026-05-11,2,21:33,Claiming 7f,Claiming,Dirt,7f,"$10,000",6,Heza Sexy Zong,Williams Rey,Foster Joseph M,20/1,False,Thoroughbred,tvg,https://api.tvg.com/cosmo/v1/graphql,2026-05-11T10:24:25.677810,1.0.0,Zong,Sheza Sexy A. P.,A. P. Delta,8,G,Hope Haven Racing (Holly Johnson and Cheryl Foster),123,20/1,21.0,21.0,LAD-2,2026-05-11T21:33:00Z,7
LAD,Louisiana Downs,2026-05-11,2,21:33,Claiming 7f,Claiming,Dirt,7f,"$10,000",7,Blame Me Seriously,Castillo Alexander,Wilson Shane,1/1,False,Thoroughbred,tvg,https://api.tvg.com/cosmo/v1/graphql,2026-05-11T10:24:25.677822,1.0.0,Blame,Serious Steam,Distorted Humor,5,H,Rebecca Wilson,123,1/1,2.0,2.0,LAD-2,2026-05-11T21:33:00Z,7
LAD,Louisiana Downs,2026-05-11,3,22:01,Claiming 7.5f,Claiming,Turf,7.5f,"$10,000",1,Wolf Man Jack,Castillo Alexander,Noel Dane,10/1,False,Thoroughbred,tvg,https://api.tvg.com/cosmo/v1/graphql,2026-05-11T10:24:25.677855,1.0.0,Ghostzapper,Cheery Oats,Distorted Humor,4,C,"Albaugh Family Stables, LLC (Dennis Albaugh, Matt Meredith and Jason Loutsch) an",123,10/1,11.0,11.0,LAD-3,2026-05-11T22:01:00Z,7
LAD,Louisiana Downs,2026-05-11,3,22:01,Claiming 7.5f,Claiming,Turf,7.5f,"$10,000",2,Coboch,Hernandez Harry,Wong Jonathan,3/2,False,Thoroughbred,tvg,https://api.tvg.com/cosmo/v1/graphql,2026-05-11T10:24:25.677870,1.0.0,Laoban,Maquette,Tapit,4,G,Tyree J. Wolesensky,125,3/2,2.5,2.5,LAD-3,2026-05-11T22:01:00Z,7
LAD,Louisiana Downs,2026-05-11,3,22:01,Claiming 7.5f,Claiming,Turf,7.5f,"$10,000",3,Spielman,Nieves Emanuel,Mouton Chadwick J,6/1,False,Thoroughbred,tvg,https://api.tvg.com/cosmo/v1/graphql,2026-05-11T10:24:25.677882,1.0.0,Hard Spun,Sassy Image,Broken Vow,6,G,Ishia Mouton,123,6/1,7.0,7.0,LAD-3,2026-05-11T22:01:00Z,7
LAD,Louisiana Downs,2026-05-11,3,22:01,Claiming 7.5f,Claiming,Turf,7.5f,"$10,000",4,Whiskey Over Ice,Nava-Marin Jose,Gomez David C,6/1,False,Thoroughbred,tvg,https://api.tvg.com/cosmo/v1/graphql,2026-05-11T10:24:25.677894,1.0.0,Hampton Court (Aus),Determined Daria,Tale Of The Cat,8,G,Darlene Thornton,123,6/1,7.0,7.0,LAD-3,2026-05-11T22:01:00Z,7
LAD,Louisiana Downs,2026-05-11,3,22:01,Claiming 7.5f,Claiming,Turf,7.5f,"$10,000",5,He's Charming,Castillo Isaac,Gelner Jayde J,10/1,False,Thoroughbred,tvg,https://api.tvg.com/cosmo/v1/graphql,2026-05-11T10:24:25.677909,1.0.0,Preservationist,Really Charming,Harlan's Holiday,5,G,Jayde J. Gelner,123,10/1,11.0,11.0,LAD-3,2026-05-11T22:01:00Z,7
LAD,Louisiana Downs,2026-05-11,3,22:01,Claiming 7.5f,Claiming,Turf,7.5f,"$10,000",6,Friday Night Fever,Lozada Carlos,Cravens Iii Ronnie E,6/1,False,Thoroughbred,tvg,https://api.tvg.com/cosmo/v1/graphql,2026-05-11T10:24:25.677921,1.0.0,Hard Spun,Smooth Performer,Benchmark,3,G,Lone Star Racing Club (Melodie Cravens ),118,6/1,7.0,7.0,LAD-3,2026-05-11T22:01:00Z,7
LAD,Louisiana Downs,2026-05-11,3,22:01,Claiming 7.5f,Claiming,Turf,7.5f,"$10,000",7,Roaring Rapids,Vargas Juan P,Jacks Karen E,3/1,False,Thoroughbred,tvg,https://api.tvg.com/cosmo/v1/graphql,2026-05-11T10:24:25.677935,1.0.0,Hard Spun,Ransomed Heart (Ire),Galileo (Ire),5,G,"Carl R. Moore Management, LLC (Carl R. Moore)",123,3/1,4.0,4.0,LAD-3,2026-05-11T22:01:00Z,7
LAD,Louisiana Downs,2026-05-11,4,22:29,Maiden Claiming 5.5f,Maiden Claiming,Dirt,5.5f,"$11,500",1,Vickie's Halo,Williams Rey,Wilson Melton,12/1,False,Thoroughbred,tvg,https://api.tvg.com/cosmo/v1/graphql,2026-05-11T10:24:25.677971,1.0.0,Lone Star Special,Kool Aid Girl,Private Vow,4,F,Melton Wilson and Conner Richardson,125,12/1,13.0,13.0,LAD-4,2026-05-11T22:29:00Z,7
LAD,Louisiana Downs,2026-05-11,4,22:29,Maiden Claiming 5.5f,Maiden Claiming,Dirt,5.5f,"$11,500",2,Lilly Warbanks,Pena Jonuelle,Turner Patti,10/1,False,Thoroughbred,tvg,https://api.tvg.com/cosmo/v1/graphql,2026-05-11T10:24:25.677985,1.0.0,Higher Power,Yabuquiva,Bluegrass Cat,3,F,Mark C. Scurria,115,10/1,11.0,11.0,LAD-4,2026-05-11T22:29:00Z,7
LAD,Louisiana Downs,2026-05-11,4,22:29,Maiden Claiming 5.5f,Maiden Claiming,Dirt,5.5f,"$11,500",3,Roseigh All Day,Nieves Emanuel,Felks Joseph R,4/1,False,Thoroughbred,tvg,https://api.tvg.com/cosmo/v1/graphql,2026-05-11T10:24:25.677998,1.0.0,Jay Gatsby,Ringbang City,Carson City,3,F,"MelMar Racing, LLC",120,4/1,5.0,5.0,LAD-4,2026-05-11T22:29:00Z,7
LAD,Louisiana Downs,2026-05-11,4,22:29,Maiden Claiming 5.5f,Maiden Claiming,Dirt,5.5f,"$11,500",4,Bulletproof Bess,Dominguez Joel,Richey Tony J,6/1,False,Thoroughbred,tvg,https://api.tvg.com/cosmo/v1/graphql,2026-05-11T10:24:25.678010,1.0.0,Thousand Words,Bessie's Bullet,Wando,3,F,"Israel Flores Horses, LLC (Israel Flores)",120,6/1,7.0,7.0,LAD-4,2026-05-11T22:29:00Z,7
LAD,Louisiana Downs,2026-05-11,4,22:29,Maiden Claiming 5.5f,Maiden Claiming,Dirt,5.5f,"$11,500",5,Mary Claire,Castillo Isaac,Thompson Kevin J,5/2,False,Thoroughbred,tvg,https://api.tvg.com/cosmo/v1/graphql,2026-05-11T10:24:25.678024,1.0.0,Hard Aces,Walma Jean,Ide,4,F,David B. Moreau,125,5/2,3.5,3.5,LAD-4,2026-05-11T22:29:00Z,7
LAD,Louisiana Downs,2026-05-11,4,22:29,Maiden Claiming 5.5f,Maiden Claiming,Dirt,5.5f,"$11,500",6,Jubilate,Castillo Alexander,Wilson Shane,3/1,False,Thoroughbred,tvg,https://api.tvg.com/cosmo/v1/graphql,2026-05-11T10:24:25.678037,1.0.0,Aurelius Maximus,Bubz Foo Foo,Latent Heat,3,F,"Robin Lane Thoroughbreds, LLC (William D. Hughes, Michelle Hughes, and Monia Bos",120,3/1,4.0,4.0,LAD-4,2026-05-11T22:29:00Z,7
LAD,Louisiana Downs,2026-05-11,4,22:29,Maiden Claiming 5.5f,Maiden Claiming,Dirt,5.5f,"$11,500",7,Millie's Deal,Hernandez Harry,Wong Jonathan,7/2,False,Thoroughbred,tvg,https://api.tvg.com/cosmo/v1/graphql,2026-05-11T10:24:25.678050,1.0.0,El Deal,Our Millie,Half Ours,3,F,Jonathan Wong,120,7/2,4.5,4.5,LAD-4,2026-05-11T22:29:00Z,7
LAD,Louisiana Downs,2026-05-11,5,22:57,Claiming 5.5f,Claiming,Dirt,5.5f,"$8,500",1,Mo Dixie Diva,"Ramirez, Jr. Julio",Gomez David C,12/1,False,Thoroughbred,tvg,https://api.tvg.com/cosmo/v1/graphql,2026-05-11T10:24:25.678079,1.0.0,Mo Tom,K C Diva,Youngs Neck Arod,7,M,Katie Jo Kitchings,119,12/1,13.0,13.0,LAD-5,2026-05-11T22:57:00Z,7
LAD,Louisiana Downs,2026-05-11,5,22:57,Claiming 5.5f,Claiming,Dirt,5.5f,"$8,500",2,In Your Life,Dominguez Joel,Lorefice Matthew F,5/2,False,Thoroughbred,tvg,https://api.tvg.com/cosmo/v1/graphql,2026-05-11T10:24:25.678093,1.0.0,Mr Speaker,Dynamite Dame,El Prado (Ire),5,M,Steve Sistrunk,122,5/2,3.5,3.5,LAD-5,2026-05-11T22:57:00Z,7
LAD,Louisiana Downs,2026-05-11,5,22:57,Claiming 5.5f,Claiming,Dirt,5.5f,"$8,500",3,Sara's Sapphire,Lozada Carlos,Dixon Tim,10/1,False,Thoroughbred,tvg,https://api.tvg.com/cosmo/v1/graphql,2026-05-11T10:24:25.678107,1.0.0,Gemologist,Our Eponene,Not For Love,6,M,Gena Moore and Ann Moore,119,10/1,11.0,11.0,LAD-5,2026-05-11T22:57:00Z,7
LAD,Louisiana Downs,2026-05-11,5,22:57,Claiming 5.5f,Claiming,Dirt,5.5f,"$8,500",4,Where's Aunt J,Castillo Isaac,Cates Al,1/1,False,Thoroughbred,tvg,https://api.tvg.com/cosmo/v1/graphql,2026-05-11T10:24:25.678119,1.0.0,Half Ours,Scamp And A Half,Storm And A Half,6,M,"Golden Sky Racing, Inc. (Blake Lazenby)",119,1/1,2.0,2.0,LAD-5,2026-05-11T22:57:00Z,7
LAD,Louisiana Downs,2026-05-11,5,22:57,Claiming 5.5f,Claiming,Dirt,5.5f,"$8,500",5,Ann's Storm,Santiago Edward,Hatcher Nathan D,20/1,False,Thoroughbred,tvg,https://api.tvg.com/cosmo/v1/graphql,2026-05-11T10:24:25.678133,1.0.0,Midnight Storm,Confessa,Repent,7,M,Corey Hatcher,119,20/1,21.0,21.0,LAD-5,2026-05-11T22:57:00Z,7
LAD,Louisiana Downs,2026-05-11,5,22:57,Claiming 5.5f,Claiming,Dirt,5.5f,"$8,500",6,Waving Bye,Nava-Marin Jose,Rodriguez-Torres Pedro,4/1,False,Thoroughbred,tvg,https://api.tvg.com/cosmo/v1/graphql,2026-05-11T10:24:25.678145,1.0.0,The Hunk,Making Waves,Stormy Atlantic,6,M,R/T Roofing and Concrete (Pedro Rodriguez-Torres),122,4/1,5.0,5.0,LAD-5,2026-05-11T22:57:00Z,7
LAD,Louisiana Downs,2026-05-11,5,22:57,Claiming 5.5f,Claiming,Dirt,5.5f,"$8,500",7,Mischief Angel,Pena Jonuelle,Rangel Raul,15/1,False,Thoroughbred,tvg,https://api.tvg.com/cosmo/v1/graphql,2026-05-11T10:24:25.678158,1.0.0,Goldencents,Angel's Flight,Rock Hard Ten,6,M,James A. Watkins,117,15/1,16.0,16.0,LAD-5,2026-05-11T22:57:00Z,7
LAD,Louisiana Downs,2026-05-11,6,23:25,Unknown 6f,Unknown,Dirt,6f,"$12,000",1,Texas Holdem,Lozada Carlos,Dixon Tim,6/1,False,Thoroughbred,tvg,https://api.tvg.com/cosmo/v1/graphql,2026-05-11T10:24:25.678187,1.0.0,Race Day,Lil Sweet Sea,Warrior's Reward,7,G,Tim Dixon,122,6/1,7.0,7.0,LAD-6,2026-05-11T23:25:00Z,9
LAD,Louisiana Downs,2026-05-11,6,23:25,Unknown 6f,Unknown,Dirt,6f,"$12,000",2,Lil Chilly,Murray Erica M,Scherer Gary M,6/1,False,Thoroughbred,tvg,https://api.tvg.com/cosmo/v1/graphql,2026-05-11T10:24:25.678205,1.0.0,Half Ours,Wind Chill Factor,Successful Appeal,5,M,Gary M. Scherer,117,6/1,7.0,7.0,LAD-6,2026-05-11T23:25:00Z,9
LAD,Louisiana Downs,2026-05-11,6,23:25,Unknown 6f,Unknown,Dirt,6f,"$12,000",3,Super Wise,Barrera Elio J,Scherer Gary M,20/1,False,Thoroughbred,tvg,https://api.tvg.com/cosmo/v1/graphql,2026-05-11T10:24:25.678218,1.0.0,Super Saver,Royale Michele,Elusive Quality,8,G,Gary M. Scherer,124,20/1,21.0,21.0,LAD-6,2026-05-11T23:25:00Z,9
LAD,Louisiana Downs,2026-05-11,6,23:25,Unknown 6f,Unknown,Dirt,6f,"$12,000",4,Midnight Humor,Castillo Isaac,Gelner Jayde J,30/1,False,Thoroughbred,tvg,https://api.tvg.com/cosmo/v1/graphql,2026-05-11T10:24:25.678230,1.0.0,Spun To Run,Final Humor,Distorted Humor,4,G,Jayde J. Gelner,121,30/1,31.0,31.0,LAD-6,2026-05-11T23:25:00Z,9
LAD,Louisiana Downs,2026-05-11,6,23:25,Unknown 6f,Unknown,Dirt,6f,"$12,000",5,Prodigy Paradise,Castillo Alexander,Wilson Shane,8/1,False,Thoroughbred,tvg,https://api.tvg.com/cosmo/v1/graphql,2026-05-11T10:24:25.678243,1.0.0,Omaha Beach,Mominou,Congrats,5,G,Joe Hackler Racing LP (Joe Hackler),121,8/1,9.0,9.0,LAD-6,2026-05-11T23:25:00Z,9
LAD,Louisiana Downs,2026-05-11,6,23:25,Unknown 6f,Unknown,Dirt,6f,"$12,000",6,Forsaken,"Ramirez, Jr. Julio",Govea Cesar,12/1,False,Thoroughbred,tvg,https://api.tvg.com/cosmo/v1/graphql,2026-05-11T10:24:25.678255,1.0.0,Kantharos,Kombat Lake,Meadowlake,8,G,L and G Racing Stables (Joe Castillo),122,12/1,13.0,13.0,LAD-6,2026-05-11T23:25:00Z,9
LAD,Louisiana Downs,2026-05-11,6,23:25,Unknown 6f,Unknown,Dirt,6f,"$12,000",7,Bello Creedo,Nava-Marin Jose,"West, Jr. Henry",30/1,False,Thoroughbred,tvg,https://api.tvg.com/cosmo/v1/graphql,2026-05-11T10:24:25.678267,1.0.0,Jimmy Creed,Bella Canzone,Gio Ponti,6,G,Chadwick Romero,121,30/1,31.0,31.0,LAD-6,2026-05-11T23:25:00Z,9
LAD,Louisiana Downs,2026-05-11,6,23:25,Unknown 6f,Unknown,Dirt,6f,"$12,000",8,Baron Of The Nile,Dominguez Joel,Cano Juan M,7/5,False,Thoroughbred,tvg,https://api.tvg.com/cosmo/v1/graphql,2026-05-11T10:24:25.678281,1.0.0,Lord Nelson,Champagne Girl,Into Mischief,5,G,"Juan Munoz Cano and Louisiana Rocks Racing Stable, LLC (Mohammed T. Islam)",126,7/5,2.4,2.4,LAD-6,2026-05-11T23:25:00Z,9
LAD,Louisiana Downs,2026-05-11,6,23:25,Unknown 6f,Unknown,Dirt,6f,"$12,000",9,Perfect Union,Hernandez Harry,Wong Jonathan,5/2,False,Thoroughbred,tvg,https://api.tvg.com/cosmo/v1/graphql,2026-05-11T10:24:25.678294,1.0.0,Tiz The Law,Supernatural,Ghostzapper,4,F,Taboada Racing Stables LLC (Johnny Taboada),122,5/2,3.5,3.5,LAD-6,2026-05-11T23:25:00Z,9
LAD,Louisiana Downs,2026-05-11,7,23:53,Maiden Special Weight 8f,Maiden Special Weight,Turf,8f,"$23,000",1,Myrna,Lozada Carlos,Dixon Tim,3/1,False,Thoroughbred,tvg,https://api.tvg.com/cosmo/v1/graphql,2026-05-11T10:24:25.678324,1.0.0,Sharp Azteca,Grandma Fran,Street Boss,3,F,Ricky G. Smith,118,3/1,4.0,4.0,LAD-7,2026-05-11T23:53:00Z,9
LAD,Louisiana Downs,2026-05-11,7,23:53,Maiden Special Weight 8f,Maiden Special Weight,Turf,8f,"$23,000",2,Rhythm Ready,Hernandez Harry,Scherer Gary M,8/1,False,Thoroughbred,tvg,https://api.tvg.com/cosmo/v1/graphql,2026-05-11T10:24:25.678336,1.0.0,Runhappy,Ready To Rip,More Than Ready,3,F,Kindred Stables Inc. (Jeff Drown),118,8/1,9.0,9.0,LAD-7,2026-05-11T23:53:00Z,9
LAD,Louisiana Downs,2026-05-11,7,23:53,Maiden Special Weight 8f,Maiden Special Weight,Turf,8f,"$23,000",3,La Jefacita,Castillo Isaac,Wong Jonathan,6/1,False,Thoroughbred,tvg,https://api.tvg.com/cosmo/v1/graphql,2026-05-11T10:24:25.678347,1.0.0,Solomini,Bitter Gold,Midas Eyes,3,F,Amaty Racing Stables (Dennis Amaty),118,6/1,7.0,7.0,LAD-7,2026-05-11T23:53:00Z,9
LAD,Louisiana Downs,2026-05-11,7,23:53,Maiden Special Weight 8f,Maiden Special Weight,Turf,8f,"$23,000",4,Mothertwotheblues,Castillo Alexander,Wilson Shane,3/2,False,Thoroughbred,tvg,https://api.tvg.com/cosmo/v1/graphql,2026-05-11T10:24:25.678359,1.0.0,War Front,Blue Night (Ire),Galileo (Ire),3,F,"Brittlyn Stable, Inc. (Evelyn Benoit)",118,3/2,2.5,2.5,LAD-7,2026-05-11T23:53:00Z,9
LAD,Louisiana Downs,2026-05-11,7,23:53,Maiden Special Weight 8f,Maiden Special Weight,Turf,8f,"$23,000",5,Open Flame,Vargas Juan P,Garcia J. L,8/1,False,Thoroughbred,tvg,https://api.tvg.com/cosmo/v1/graphql,2026-05-11T10:24:25.678370,1.0.0,Volatile,Ignite,Jump Start,4,F,Melissa Cantacuzene,124,8/1,9.0,9.0,LAD-7,2026-05-11T23:53:00Z,9
LAD,Louisiana Downs,2026-05-11,7,23:53,Maiden Special Weight 8f,Maiden Special Weight,Turf,8f,"$23,000",6,Calipari's Girl,Barrera Elio J,Milligan Allen,30/1,False,Thoroughbred,tvg,https://api.tvg.com/cosmo/v1/graphql,2026-05-11T10:24:25.678382,1.0.0,Instagrand,Moon Legacy,Malibu Moon,4,F,"K and K Racing Stables, LLC (Kenny and Kim Adams)",124,30/1,31.0,31.0,LAD-7,2026-05-11T23:53:00Z,9
LAD,Louisiana Downs,2026-05-11,7,23:53,Maiden Special Weight 8f,Maiden Special Weight,Turf,8f,"$23,000",7,Dewey's Soldier,Riquelme Jose,Besancon Danny,30/1,False,Thoroughbred,tvg,https://api.tvg.com/cosmo/v1/graphql,2026-05-11T10:24:25.678394,1.0.0,Sadie's Soldier,Jove Jove Dive,Brighton Ridge,3,F,Danny Besancon,115,30/1,31.0,31.0,LAD-7,2026-05-11T23:53:00Z,9
LAD,Louisiana Downs,2026-05-11,7,23:53,Maiden Special Weight 8f,Maiden Special Weight,Turf,8f,"$23,000",8,Balitrix,Nava-Marin Jose,Vincent Jarvis,20/1,False,Thoroughbred,tvg,https://api.tvg.com/cosmo/v1/graphql,2026-05-11T10:24:25.678408,1.0.0,Bal A Bali (Brz),Venatrix,Theatrical (Ire),5,M,"Balthazar Thoroughbred Racing, LLC (Brandy Balthazar)",124,20/1,21.0,21.0,LAD-7,2026-05-11T23:53:00Z,9
LAD,Louisiana Downs,2026-05-11,7,23:53,Maiden Special Weight 8f,Maiden Special Weight,Turf,8f,"$23,000",9,Iona Mckinzie,Williams Rey,Foster Joseph M,6/1,False,Thoroughbred,tvg,https://api.tvg.com/cosmo/v1/graphql,2026-05-11T10:24:25.678420,1.0.0,Mckinzie,Loom,Hard Spun,3,F,Cimarron TTT Farms LLC (Martin Triplett and Rosalind Triplett),118,6/1,7.0,7.0,LAD-7,2026-05-11T23:53:00Z,9
LRX,BR - Gavea (simulcast),2026-05-11,10,21:30,Allowance 1600mtr,Allowance,Turf,1600mtr,"$5,770",1,Winehouse (Brz),Anthony Cardos,Breno Piovesan,10/1,False,Thoroughbred,tvg,https://api.tvg.com/cosmo/v1/graphql,2026-05-11T10:24:25.687969,1.0.0,Courtier,Bernaise (Brz),,5,G,Stud Rain San,123,10/1,11.0,11.0,LRX-10,2026-05-11T21:30:00Z,7
LRX,BR - Gavea (simulcast),2026-05-11,10,21:30,Allowance 1600mtr,Allowance,Turf,1600mtr,"$5,770",2,Mountain Bike (Brz),Valdinei Gil,Flavio Assis,2/1,False,Thoroughbred,tvg,https://api.tvg.com/cosmo/v1/graphql,2026-05-11T10:24:25.688006,1.0.0,Put It Back,Escaramuza (Brz),,6,M,Haras Legacy,126,2/1,3.0,3.0,LRX-10,2026-05-11T21:30:00Z,7
LRX,BR - Gavea (simulcast),2026-05-11,10,21:30,Allowance 1600mtr,Allowance,Turf,1600mtr,"$5,770",3,Not To Worry (Brz),Vagner Borges,Christiano Oli,3/5,False,Thoroughbred,tvg,https://api.tvg.com/cosmo/v1/graphql,2026-05-11T10:24:25.688025,1.0.0,Put It Back,Escaramuza (Brz),,5,M,Haras Santa Maria De Araras,126,3/5,1.6,1.6,LRX-10,2026-05-11T21:30:00Z,7
LRX,BR - Gavea (simulcast),2026-05-11,10,21:30,Allowance 1600mtr,Allowance,Turf,1600mtr,"$5,770",4,Noli Cry (Brz),Edson Fernando,Jairo Borges,20/1,False,Thoroughbred,tvg,https://api.tvg.com/cosmo/v1/graphql,2026-05-11T10:24:25.688039,1.0.0,Rally Cry,Polite Society (Ire),,6,M,Stud Tieppo Borges,126,20/1,21.0,21.0,LRX-10,2026-05-11T21:30:00Z,7
LRX,BR - Gavea (simulcast),2026-05-11,10,21:30,Allowance 1600mtr,Allowance,Turf,1600mtr,"$5,770",5,Ustaritz (Brz),Joao Brasil,Flavio Assis,5/1,False,Thoroughbred,tvg,https://api.tvg.com/cosmo/v1/graphql,2026-05-11T10:24:25.688053,1.0.0,Salto (Ire),Emancipada (Brz),,5,H,Plinio Jose Franca De Oliveira,123,5/1,6.0,6.0,LRX-10,2026-05-11T21:30:00Z,7
LRX,BR - Gavea (simulcast),2026-05-11,10,21:30,Allowance 1600mtr,Allowance,Turf,1600mtr,"$5,770",6,German Glory (Brz),Henderson Fern,Roberto Da Sil,10/1,False,Thoroughbred,tvg,https://api.tvg.com/cosmo/v1/graphql,2026-05-11T10:24:25.688068,1.0.0,Holding Glory (Brz,Jeannings (Brz),,6,M,Stud Jose Luiz Menino,126,10/1,11.0,11.0,LRX-10,2026-05-11T21:30:00Z,7
LRX,BR - Gavea (simulcast),2026-05-11,10,21:30,Allowance 1600mtr,Allowance,Turf,1600mtr,"$5,770",7,Gate Three (Brz),Scratched,Luiz Filho,99/1,True,Thoroughbred,tvg,https://api.tvg.com/cosmo/v1/graphql,2026-05-11T10:24:25.688084,1.0.0,Camelot Kitten,Gardner (Brz),,5,M,Luiz Henrique Flores Dos Santos,119,99/1,100.0,100.0,LRX-10,2026-05-11T21:30:00Z,7
LRX,BR - Gavea (simulcast),2026-05-11,11,22:00,Allowance 1900mtr,Allowance,Dirt,1900mtr,"$6,839",1,Time Is Now (Brz),Joao Brasil,Dulcino Guigno,4/5,False,Thoroughbred,tvg,https://api.tvg.com/cosmo/v1/graphql,2026-05-11T10:24:25.688139,1.0.0,Sangarius (Gb),Winner Friend,,4,C,Haras Legacy,123,4/5,1.8,1.8,LRX-11,2026-05-11T22:00:00Z,8
LRX,BR - Gavea (simulcast),2026-05-11,11,22:00,Allowance 1900mtr,Allowance,Dirt,1900mtr,"$6,839",2,Top Winner (Brz),Henderson Fern,Dulcino Guigno,15/1,False,Thoroughbred,tvg,https://api.tvg.com/cosmo/v1/graphql,2026-05-11T10:24:25.688153,1.0.0,Can The Man,Lady Marilan (Brz),,4,C,Haras Legacy,123,15/1,16.0,16.0,LRX-11,2026-05-11T22:00:00Z,8
LRX,BR - Gavea (simulcast),2026-05-11,11,22:00,Allowance 1900mtr,Allowance,Dirt,1900mtr,"$6,839",3,Valparaiso (Brz),Vagner Borges,Alessandro Dam,1/1,False,Thoroughbred,tvg,https://api.tvg.com/cosmo/v1/graphql,2026-05-11T10:24:25.688167,1.0.0,Ay Caramba (Brz),Ninny Baby (Brz),,5,H,Stud Blue Mountain,126,1/1,2.0,2.0,LRX-11,2026-05-11T22:00:00Z,8
LRX,BR - Gavea (simulcast),2026-05-11,11,22:00,Allowance 1900mtr,Allowance,Dirt,1900mtr,"$6,839",4,Contessa (Brz),Viitorio Vinyc,Jose De Olivei,50/1,False,Thoroughbred,tvg,https://api.tvg.com/cosmo/v1/graphql,2026-05-11T10:24:25.688181,1.0.0,Courtier,Una Vita (Brz),,5,M,Stud Sinara,115,50/1,51.0,51.0,LRX-11,2026-05-11T22:00:00Z,8
LRX,BR - Gavea (simulcast),2026-05-11,11,22:00,Allowance 1900mtr,Allowance,Dirt,1900mtr,"$6,839",5,Tunga (Brz),Matheus Aguiar,Alan Marcelo G,50/1,False,Thoroughbred,tvg,https://api.tvg.com/cosmo/v1/graphql,2026-05-11T10:24:25.688194,1.0.0,Alpha,Hed Kandi (Brz),,4,C,Maria Valdirene M.Do Nascimento,117,50/1,51.0,51.0,LRX-11,2026-05-11T22:00:00Z,8
LRX,BR - Gavea (simulcast),2026-05-11,11,22:00,Allowance 1900mtr,Allowance,Dirt,1900mtr,"$6,839",6,A Reason To Live (Brz),Roberto Melo,Jaime Barreto,50/1,False,Thoroughbred,tvg,https://api.tvg.com/cosmo/v1/graphql,2026-05-11T10:24:25.688206,1.0.0,Ay Caramba (Brz),Garconniere (Brz),,9,H,Kowalsky Stud,132,50/1,51.0,51.0,LRX-11,2026-05-11T22:00:00Z,8
LRX,BR - Gavea (simulcast),2026-05-11,11,22:00,Allowance 1900mtr,Allowance,Dirt,1900mtr,"$6,839",7,Ragnar Lodbrok (Brz),Joao Enick,Jaime Barreto,6/1,False,Thoroughbred,tvg,https://api.tvg.com/cosmo/v1/graphql,2026-05-11T10:24:25.688220,1.0.0,Ay Caramba (Brz),Ilha De Pascoa (Brz),,7,H,Coudelaria Atafona,119,6/1,7.0,7.0,LRX-11,2026-05-11T22:00:00Z,8
LRX,BR - Gavea (simulcast),2026-05-11,11,22:00,Allowance 1900mtr,Allowance,Dirt,1900mtr,"$6,839",8,Sonic Do Iguassu (Brz),Pedro Assis,Antonio Oldoni,10/1,False,Thoroughbred,tvg,https://api.tvg.com/cosmo/v1/graphql,2026-05-11T10:24:25.688234,1.0.0,Kentuckian,Redencao (Brz),,4,C,Haras Rio Iguassu,117,10/1,11.0,11.0,LRX-11,2026-05-11T22:00:00Z,8
LRX,BR - Gavea (simulcast),2026-05-11,12,22:30,Allowance 1300mtr,Allowance,Dirt,1300mtr,"$5,770",1,Noirien Blanc (Brz),Edson Fernando,Gilvanio Santo,20/1,False,Thoroughbred,tvg,https://api.tvg.com/cosmo/v1/graphql,2026-05-11T10:24:25.688281,1.0.0,Hofburg,Brandwine (Brz),,5,M,Stud El Albatroz,123,20/1,21.0,21.0,LRX-12,2026-05-11T22:30:00Z,7
LRX,BR - Gavea (simulcast),2026-05-11,12,22:30,Allowance 1300mtr,Allowance,Dirt,1300mtr,"$5,770",2,Pixdecem (Brz),Joao Brasil,Ildefonso De S,5/1,False,Thoroughbred,tvg,https://api.tvg.com/cosmo/v1/graphql,2026-05-11T10:24:25.688296,1.0.0,Huber (Brz),Jafool (Ire),,5,H,Stud Luis Lima,128,5/1,6.0,6.0,LRX-12,2026-05-11T22:30:00Z,7
LRX,BR - Gavea (simulcast),2026-05-11,12,22:30,Allowance 1300mtr,Allowance,Dirt,1300mtr,"$5,770",3,Rainha Da Sucata (Brz),Pedro Assis,Leopoldo Cury,12/1,False,Thoroughbred,tvg,https://api.tvg.com/cosmo/v1/graphql,2026-05-11T10:24:25.688309,1.0.0,War Secretary,Kelly Key (Brz),,6,M,Leopoldo Jose Cury,123,12/1,13.0,13.0,LRX-12,2026-05-11T22:30:00Z,7
LRX,BR - Gavea (simulcast),2026-05-11,12,22:30,Allowance 1300mtr,Allowance,Dirt,1300mtr,"$5,770",4,Laugh Forever (Brz),Viitorio Vinyc,Ildefonso De S,10/1,False,Thoroughbred,tvg,https://api.tvg.com/cosmo/v1/graphql,2026-05-11T10:24:25.688322,1.0.0,Emcee,Ereaserhead (Brz),,7,M,Antonio Carlos Louvain Correa,117,10/1,11.0,11.0,LRX-12,2026-05-11T22:30:00Z,7
LRX,BR - Gavea (simulcast),2026-05-11,12,22:30,Allowance 1300mtr,Allowance,Dirt,1300mtr,"$5,770",5,Mark Rohtko (Brz),Matheus Aguiar,Jose Antonio L,4/1,False,Thoroughbred,tvg,https://api.tvg.com/cosmo/v1/graphql,2026-05-11T10:24:25.688335,1.0.0,Catch A Flight (Ar,Caritzia (Brz),,6,H,Stud Golden Horses,121,4/1,5.0,5.0,LRX-12,2026-05-11T22:30:00Z,7
LRX,BR - Gavea (simulcast),2026-05-11,12,22:30,Allowance 1300mtr,Allowance,Dirt,1300mtr,"$5,770",6,Indian-Vip (Brz),Valdinei Gil,Dilson Antunes,3/1,False,Thoroughbred,tvg,https://api.tvg.com/cosmo/v1/graphql,2026-05-11T10:24:25.688349,1.0.0,War Secretary,Indy-Office (Brz),,6,H,Cristiano Martins,128,3/1,4.0,4.0,LRX-12,2026-05-11T22:30:00Z,7
LRX,BR - Gavea (simulcast),2026-05-11,12,22:30,Allowance 1300mtr,Allowance,Dirt,1300mtr,"$5,770",7,Kaiaki D'anafer (Brz),Vagner Borges,Antonio Oldoni,4/5,False,Thoroughbred,tvg,https://api.tvg.com/cosmo/v1/graphql,2026-05-11T10:24:25.688362,1.0.0,Iguassu Star (Brz),Pascal Beauty (Brz),,5,H,Haras Rio Iguassu,128,4/5,1.8,1.8,LRX-12,2026-05-11T22:30:00Z,7
LRX,BR - Gavea (simulcast),2026-05-11,13,23:00,Allowance 1500mtr,Allowance,Turf,1500mtr,"$6,839",1,Toda Chic (Brz),Pedro Assis,Jairo Borges,5/2,False,Thoroughbred,tvg,https://api.tvg.com/cosmo/v1/graphql,2026-05-11T10:24:25.688399,1.0.0,Victory Is Ours (B,Established (Brz),,4,F,Stud Tieppo Borges,126,5/2,3.5,3.5,LRX-13,2026-05-11T23:00:00Z,8
LRX,BR - Gavea (simulcast),2026-05-11,13,23:00,Allowance 1500mtr,Allowance,Turf,1500mtr,"$6,839",2,Tulinha (Brz),Francisco Chav,Jaime Barreto,15/1,False,Thoroughbred,tvg,https://api.tvg.com/cosmo/v1/graphql,2026-05-11T10:24:25.688412,1.0.0,Goldikovic (Ire),Docura,,4,F,Stud Printemps,126,15/1,16.0,16.0,LRX-13,2026-05-11T23:00:00Z,8
LRX,BR - Gavea (simulcast),2026-05-11,13,23:00,Allowance 1500mtr,Allowance,Turf,1500mtr,"$6,839",3,Zahrina (Brz),Joao Brasil,Lucio De Vaz,5/2,False,Thoroughbred,tvg,https://api.tvg.com/cosmo/v1/graphql,2026-05-11T10:24:25.688425,1.0.0,Rally Cry,Vidya (Brz),,4,F,Haras Moema,126,5/2,3.5,3.5,LRX-13,2026-05-11T23:00:00Z,8
LRX,BR - Gavea (simulcast),2026-05-11,13,23:00,Allowance 1500mtr,Allowance,Turf,1500mtr,"$6,839",4,Once Maybe (Brz),Vagner Borges,Lucas Quintana,5/1,False,Thoroughbred,tvg,https://api.tvg.com/cosmo/v1/graphql,2026-05-11T10:24:25.688439,1.0.0,Drosselmeyer,Future Queen (Brz),,4,F,Haras Santa Maria De Araras,126,5/1,6.0,6.0,LRX-13,2026-05-11T23:00:00Z,8
LRX,BR - Gavea (simulcast),2026-05-11,13,23:00,Allowance 1500mtr,Allowance,Turf,1500mtr,"$6,839",5,Oh Well (Brz),Wesley Cardoso,Roberto Morgad,6/1,False,Thoroughbred,tvg,https://api.tvg.com/cosmo/v1/graphql,2026-05-11T10:24:25.688450,1.0.0,Put It Back,All Is Well (Brz),,4,F,Stud Eterno Amor,126,6/1,7.0,7.0,LRX-13,2026-05-11T23:00:00Z,8
LRX,BR - Gavea (simulcast),2026-05-11,13,23:00,Allowance 1500mtr,Allowance,Turf,1500mtr,"$6,839",6,Orange Et Bleu (Brz),Henderson Fern,Fabricio Borge,12/1,False,Thoroughbred,tvg,https://api.tvg.com/cosmo/v1/graphql,2026-05-11T10:24:25.688463,1.0.0,Sangarius (Gb),La Madrague (Brz),,4,F,Syndicate Brasil,126,12/1,13.0,13.0,LRX-13,2026-05-11T23:00:00Z,8
LRX,BR - Gavea (simulcast),2026-05-11,13,23:00,Allowance 1500mtr,Allowance,Turf,1500mtr,"$6,839",7,Sofia Sol (Brz),Anthony Cardos,Julio Cezar Sa,3/1,False,Thoroughbred,tvg,https://api.tvg.com/cosmo/v1/graphql,2026-05-11T10:24:25.688476,1.0.0,Setembro Chove (Br,High Moon (Brz),,4,F,Stud Sol De Agosto,126,3/1,4.0,4.0,LRX-13,2026-05-11T23:00:00Z,8
LRX,BR - Gavea (simulcast),2026-05-11,13,23:00,Allowance 1500mtr,Allowance,Turf,1500mtr,"$6,839",8,Pilavas (Brz),Valdinei Gil,Breno Piovesan,30/1,False,Thoroughbred,tvg,https://api.tvg.com/cosmo/v1/graphql,2026-05-11T10:24:25.688490,1.0.0,E Do Sul (Brz),Few Good (Brz),,4,F,Stud Rain San,126,30/1,31.0,31.0,LRX-13,2026-05-11T23:00:00Z,8
LRX,BR - Gavea (simulcast),2026-05-11,14,23:30,Maiden Special 1300mtr,Maiden Special,Turf,1300mtr,"$6,839",1,Of The Wind (Brz),Pedro Assis,Roberto Da Sil,50/1,False,Thoroughbred,tvg,https://api.tvg.com/cosmo/v1/graphql,2026-05-11T10:24:25.688532,1.0.0,Vontade De Matar (,Hagen Daas (Brz),,4,F,Haras Depigua,121,50/1,51.0,51.0,LRX-14,2026-05-11T23:30:00Z,9
LRX,BR - Gavea (simulcast),2026-05-11,14,23:30,Maiden Special 1300mtr,Maiden Special,Turf,1300mtr,"$6,839",2,Imperador Do Tempo (Brz),Antonio Queiro,Allan Hollanda,18/1,False,Thoroughbred,tvg,https://api.tvg.com/cosmo/v1/graphql,2026-05-11T10:24:25.688549,1.0.0,Camelot Kitten,Imperatriz Agnes (Brz),,4,C,Allan Viana Correa De Hollanda,126,18/1,19.0,19.0,LRX-14,2026-05-11T23:30:00Z,9
LRX,BR - Gavea (simulcast),2026-05-11,14,23:30,Maiden Special 1300mtr,Maiden Special,Turf,1300mtr,"$6,839",3,Xavier (Brz),Maikon Mesquit,Leonardo Dos R,20/1,False,Thoroughbred,tvg,https://api.tvg.com/cosmo/v1/graphql,2026-05-11T10:24:25.688562,1.0.0,Joe Owen (Brz),Viva Carina (Brz),,4,G,Haras Salamandra,126,20/1,21.0,21.0,LRX-14,2026-05-11T23:30:00Z,9
LRX,BR - Gavea (simulcast),2026-05-11,14,23:30,Maiden Special 1300mtr,Maiden Special,Turf,1300mtr,"$6,839",4,Amizade Sincera (Brz),Scratched,Jorge Alexandr,20/1,False,Thoroughbred,tvg,https://api.tvg.com/cosmo/v1/graphql,2026-05-11T10:24:25.688577,1.0.0,Outstrip (Gb),Helvetia (Brz),,4,F,Haras Proposito,121,20/1,21.0,21.0,LRX-14,2026-05-11T23:30:00Z,9
LRX,BR - Gavea (simulcast),2026-05-11,14,23:30,Maiden Special 1300mtr,Maiden Special,Turf,1300mtr,"$6,839",5,Zhaar (Brz),Wesley Cardoso,Lucio De Vaz,4/5,False,Thoroughbred,tvg,https://api.tvg.com/cosmo/v1/graphql,2026-05-11T10:24:25.688592,1.0.0,Emcee,I Scream (Brz),,4,C,Haras Doce Vale,126,4/5,1.8,1.8,LRX-14,2026-05-11T23:30:00Z,9
LRX,BR - Gavea (simulcast),2026-05-11,14,23:30,Maiden Special 1300mtr,Maiden Special,Turf,1300mtr,"$6,839",6,Orlando Magic (Brz),Vagner Borges,Manoel De Paul,15/1,False,Thoroughbred,tvg,https://api.tvg.com/cosmo/v1/graphql,2026-05-11T10:24:25.688608,1.0.0,Sangarius (Gb),Vitoriosa Heights (Brz),,4,C,Stud Ad Victoriam,126,15/1,16.0,16.0,LRX-14,2026-05-11T23:30:00Z,9
LRX,BR - Gavea (simulcast),2026-05-11,14,23:30,Maiden Special 1300mtr,Maiden Special,Turf,1300mtr,"$6,839",7,Tesla Do Iguassu (Brz),Joao Brasil,Antonio Oldoni,1/1,False,Thoroughbred,tvg,https://api.tvg.com/cosmo/v1/graphql,2026-05-11T10:24:25.688620,1.0.0,Synchrony,Chickabunny,,3,C,Haras Rio Iguassu,126,1/1,2.0,2.0,LRX-14,2026-05-11T23:30:00Z,9
LRX,BR - Gavea (simulcast),2026-05-11,14,23:30,Maiden Special 1300mtr,Maiden Special,Turf,1300mtr,"$6,839",8,Numbat (Brz),Henderson Fern,Leonardo Dos R,10/1,False,Thoroughbred,tvg,https://api.tvg.com/cosmo/v1/graphql,2026-05-11T10:24:25.688706,1.0.0,Verrazano,Mint Drops (Arg),,4,C,Stud Embalagem,126,10/1,11.0,11.0,LRX-14,2026-05-11T23:30:00Z,9
LRX,BR - Gavea (simulcast),2026-05-11,14,23:30,Maiden Special 1300mtr,Maiden Special,Turf,1300mtr,"$6,839",9,Estoril (Brz),Adilton Da Sil,Victor Gomes,8/1,False,Thoroughbred,tvg,https://api.tvg.com/cosmo/v1/graphql,2026-05-11T10:24:25.688733,1.0.0,Outstrip (Gb),Pommery (Brz),,4,G,Stud Turf Paixao,126,8/1,9.0,9.0,LRX-14,2026-05-11T23:30:00Z,9
LRX,BR - Gavea (simulcast),2026-05-11,15,00:00,Claiming 1000mtr,Claiming,Turf,1000mtr,"$3,932",1,Nada Me Aborrece (Brz),Waldomiro Blan,Lucas Quintana,20/1,False,Thoroughbred,tvg,https://api.tvg.com/cosmo/v1/graphql,2026-05-11T10:24:25.688793,1.0.0,Tiger Heart,Northern Town (Brz),,4,C,Stud Pinheiros Do Sul,126,20/1,21.0,21.0,LRX-15,2026-05-12T00:00:00Z,9
LRX,BR - Gavea (simulcast),2026-05-11,15,00:00,Claiming 1000mtr,Claiming,Turf,1000mtr,"$3,932",2,Sonho Bom (Brz),Henderson Fern,Victor Gomes,6/1,False,Thoroughbred,tvg,https://api.tvg.com/cosmo/v1/graphql,2026-05-11T10:24:25.688809,1.0.0,Can The Man,Irma Lua (Brz),,5,H,Stud Seralucia,128,6/1,7.0,7.0,LRX-15,2026-05-12T00:00:00Z,9
LRX,BR - Gavea (simulcast),2026-05-11,15,00:00,Claiming 1000mtr,Claiming,Turf,1000mtr,"$3,932",3,Jeito Certo (Brz),Matheus Aguiar,Alvaro Castill,30/1,False,Thoroughbred,tvg,https://api.tvg.com/cosmo/v1/graphql,2026-05-11T10:24:25.688822,1.0.0,Unbridled Star (Ar,Vestida (Brz),,5,H,Coudelaria Beaga,119,30/1,31.0,31.0,LRX-15,2026-05-12T00:00:00Z,9
LRX,BR - Gavea (simulcast),2026-05-11,15,00:00,Claiming 1000mtr,Claiming,Turf,1000mtr,"$3,932",4,Veep (Brz),Eduardo Nunes,Flavio Assis,2/1,False,Thoroughbred,tvg,https://api.tvg.com/cosmo/v1/graphql,2026-05-11T10:24:25.688835,1.0.0,Verrazano,Kissingafool (Brz),,5,H,Stud Tigrao,128,2/1,3.0,3.0,LRX-15,2026-05-12T00:00:00Z,9
LRX,BR - Gavea (simulcast),2026-05-11,15,00:00,Claiming 1000mtr,Claiming,Turf,1000mtr,"$3,932",5,Opostosseatraem (Brz),Vagner Borges,Flavio Assis,2/1,False,Thoroughbred,tvg,https://api.tvg.com/cosmo/v1/graphql,2026-05-11T10:24:25.688900,1.0.0,Put It Back,Double Care (Brz),,4,C,Fernando Antonio Fontes Monteiro,117,2/1,3.0,3.0,LRX-15,2026-05-12T00:00:00Z,9
LRX,BR - Gavea (simulcast),2026-05-11,15,00:00,Claiming 1000mtr,Claiming,Turf,1000mtr,"$3,932",6,Off Piste (Brz),Jorge Ricardo,Daniel Lopes,15/1,False,Thoroughbred,tvg,https://api.tvg.com/cosmo/v1/graphql,2026-05-11T10:24:25.688922,1.0.0,Can The Man,Pergola (Brz),,5,H,Jair Barbosa Dos Santos,128,15/1,16.0,16.0,LRX-15,2026-05-12T00:00:00Z,9
LRX,BR - Gavea (simulcast),2026-05-11,15,00:00,Claiming 1000mtr,Claiming,Turf,1000mtr,"$3,932",7,Paramount (Brz),Francisco Chav,Lenio Vieira,20/1,False,Thoroughbred,tvg,https://api.tvg.com/cosmo/v1/graphql,2026-05-11T10:24:25.688933,1.0.0,Bush Gardens (Brz),Deusa Do Jaguarete (Brz),,5,H,Stud Slingerz Racing,126,20/1,21.0,21.0,LRX-15,2026-05-12T00:00:00Z,9
LRX,BR - Gavea (simulcast),2026-05-11,15,00:00,Claiming 1000mtr,Claiming,Turf,1000mtr,"$3,932",8,Post Heart (Brz),Joao Brasil,Jose Rodrigues,2/1,False,Thoroughbred,tvg,https://api.tvg.com/cosmo/v1/graphql,2026-05-11T10:24:25.688943,1.0.0,Tiger Heart,Empress Sofia (Brz),,5,H,Stud Senhor Moreno,128,2/1,3.0,3.0,LRX-15,2026-05-12T00:00:00Z,9
LRX,BR - Gavea (simulcast),2026-05-11,15,00:00,Claiming 1000mtr,Claiming,Turf,1000mtr,"$3,932",9,Nikoon (Brz),Pedro Assis,Gilvanio Santo,18/1,False,Thoroughbred,tvg,https://api.tvg.com/cosmo/v1/graphql,2026-05-11T10:24:25.688952,1.0.0,Silent Times (Ire),Donna Marcia (Brz),,4,C,Stud Embalagem,126,18/1,19.0,19.0,LRX-15,2026-05-12T00:00:00Z,9
LRX,BR - Gavea (simulcast),2026-05-11,16,00:30,Maiden Special 1200mtr,Maiden Special,Dirt,1200mtr,"$6,839",1,Key Right (Brz),Anthony Cardos,Alvaro Castill,20/1,False,Thoroughbred,tvg,https://api.tvg.com/cosmo/v1/graphql,2026-05-11T10:24:25.688993,1.0.0,Thalasso (Brz),Waffer (Brz),,4,C,Stud Sol De Agosto,126,20/1,21.0,21.0,LRX-16,2026-05-12T00:30:00Z,10
LRX,BR - Gavea (simulcast),2026-05-11,16,00:30,Maiden Special 1200mtr,Maiden Special,Dirt,1200mtr,"$6,839",2,Bastogne (Brz),Henderson Fern,Alan Marcelo G,5/1,False,Thoroughbred,tvg,https://api.tvg.com/cosmo/v1/graphql,2026-05-11T10:24:25.689003,1.0.0,Goldikovic (Ire),Poderosa Nativa (Brz),,4,F,Maria Valdirene M.Do Nascimento,121,5/1,6.0,6.0,LRX-16,2026-05-12T00:30:00Z,10
LRX,BR - Gavea (simulcast),2026-05-11,16,00:30,Maiden Special 1200mtr,Maiden Special,Dirt,1200mtr,"$6,839",3,Dona Del Tiempo (Brz),Viitorio Vinyc,Jairo Borges,15/1,False,Thoroughbred,tvg,https://api.tvg.com/cosmo/v1/graphql,2026-05-11T10:24:25.689011,1.0.0,Rally Cry,Forest Quest (Brz),,4,F,Stud Sabia,121,15/1,16.0,16.0,LRX-16,2026-05-12T00:30:00Z,10
LRX,BR - Gavea (simulcast),2026-05-11,16,00:30,Maiden Special 1200mtr,Maiden Special,Dirt,1200mtr,"$6,839",4,Guacho Bryan (Brz),Francisco Chav,Flavio Guedes,5/1,False,Thoroughbred,tvg,https://api.tvg.com/cosmo/v1/graphql,2026-05-11T10:24:25.689019,1.0.0,Wired Bryan,Heart Of Victory (Brz),,4,C,Haras Mersen,126,5/1,6.0,6.0,LRX-16,2026-05-12T00:30:00Z,10
LRX,BR - Gavea (simulcast),2026-05-11,16,00:30,Maiden Special 1200mtr,Maiden Special,Dirt,1200mtr,"$6,839",5,Queen Of Ibiza (Brz),Vagner Borges,Roberto Morgad,8/1,False,Thoroughbred,tvg,https://api.tvg.com/cosmo/v1/graphql,2026-05-11T10:24:25.689027,1.0.0,Courtier,Olympic Ibiza (Brz),,4,F,Stud Piccollino,121,8/1,9.0,9.0,LRX-16,2026-05-12T00:30:00Z,10
LRX,BR - Gavea (simulcast),2026-05-11,16,00:30,Maiden Special 1200mtr,Maiden Special,Dirt,1200mtr,"$6,839",6,Hora Da Vitoria (Brz),Joao Brasil,Dilson Antunes,2/1,False,Thoroughbred,tvg,https://api.tvg.com/cosmo/v1/graphql,2026-05-11T10:24:25.689037,1.0.0,Zur Blade (Brz),Ynflacion Spring (Brz),,4,C,Cristiano Martins,126,2/1,3.0,3.0,LRX-16,2026-05-12T00:30:00Z,10
LRX,BR - Gavea (simulcast),2026-05-11,16,00:30,Maiden Special 1200mtr,Maiden Special,Dirt,1200mtr,"$6,839",7,Rivello (Brz),Jorge Ricardo,Carlos Rodrigu,30/1,False,Thoroughbred,tvg,https://api.tvg.com/cosmo/v1/graphql,2026-05-11T10:24:25.689046,1.0.0,Goldikovic (Ire),Datolita (Brz),,4,C,Stud Aguias Do Sul,126,30/1,31.0,31.0,LRX-16,2026-05-12T00:30:00Z,10
LRX,BR - Gavea (simulcast),2026-05-11,16,00:30,Maiden Special 1200mtr,Maiden Special,Dirt,1200mtr,"$6,839",8,Tesla Do Iguassu (Brz),Scratched,Antonio Oldoni,1/1,False,Thoroughbred,tvg,https://api.tvg.com/cosmo/v1/graphql,2026-05-11T10:24:25.689063,1.0.0,Synchrony,Chickabunny,,3,C,Haras Rio Iguassu,126,1/1,2.0,2.0,LRX-16,2026-05-12T00:30:00Z,10
LRX,BR - Gavea (simulcast),2026-05-11,16,00:30,Maiden Special 1200mtr,Maiden Special,Dirt,1200mtr,"$6,839",9,Top Of The Hill (Brz),Matheus Aguiar,Alvaro Castill,20/1,False,Thoroughbred,tvg,https://api.tvg.com/cosmo/v1/graphql,2026-05-11T10:24:25.689073,1.0.0,Victory Is Ours (B,View To A Kill (Brz),,4,F,Jockey Club De Minas Gerais,121,20/1,21.0,21.0,LRX-16,2026-05-12T00:30:00Z,10
LRX,BR - Gavea (simulcast),2026-05-11,16,00:30,Maiden Special 1200mtr,Maiden Special,Dirt,1200mtr,"$6,839",10,Villerville (Brz),Pedro Assis,Manoel De Paul,20/1,False,Thoroughbred,tvg,https://api.tvg.com/cosmo/v1/graphql,2026-05-11T10:24:25.689082,1.0.0,Alpha,Honfleur (Brz),,4,F,Stud Suellen Gloria,121,20/1,21.0,21.0,LRX-16,2026-05-12T00:30:00Z,10
LRX,BR - Gavea (simulcast),2026-05-11,17,01:00,Allowance 1000mtr,Allowance,Turf,1000mtr,"$5,770",1,Scarface (Brz),Wesley Cardoso,Edson Ricardo,2/1,False,Thoroughbred,tvg,https://api.tvg.com/cosmo/v1/graphql,2026-05-11T10:24:25.689105,1.0.0,Universal Law (Brz,Namoradinha (Brz),,5,H,Stud Galope,128,2/1,3.0,3.0,LRX-17,2026-05-12T01:00:00Z,12
LRX,BR - Gavea (simulcast),2026-05-11,17,01:00,Allowance 1000mtr,Allowance,Turf,1000mtr,"$5,770",2,Palmar Point (Brz),Joao Brasil,Ivan Jeronimo,12/1,False,Thoroughbred,tvg,https://api.tvg.com/cosmo/v1/graphql,2026-05-11T10:24:25.689117,1.0.0,Gibraltar Point (B,Duvide Nunca (Brz),,5,H,Haras Rio Pardo,128,12/1,13.0,13.0,LRX-17,2026-05-12T01:00:00Z,12
LRX,BR - Gavea (simulcast),2026-05-11,17,01:00,Allowance 1000mtr,Allowance,Turf,1000mtr,"$5,770",3,El Cielo Zip (Brz),Pedro Assis,Oberdan Pereir,4/1,False,Thoroughbred,tvg,https://api.tvg.com/cosmo/v1/graphql,2026-05-11T10:24:25.689128,1.0.0,Oliver Zip,Aquidauana (Brz),,5,H,Stud Baldissera,128,4/1,5.0,5.0,LRX-17,2026-05-12T01:00:00Z,12
LRX,BR - Gavea (simulcast),2026-05-11,17,01:00,Allowance 1000mtr,Allowance,Turf,1000mtr,"$5,770",4,Midnight Heart (Brz),Adilton Da Sil,Victor Gomes,12/1,False,Thoroughbred,tvg,https://api.tvg.com/cosmo/v1/graphql,2026-05-11T10:24:25.689139,1.0.0,Tiger Heart,La Mensageira (Brz),,5,H,Rafaela Brandao Melo Gomes,128,12/1,13.0,13.0,LRX-17,2026-05-12T01:00:00Z,12
LRX,BR - Gavea (simulcast),2026-05-11,17,01:00,Allowance 1000mtr,Allowance,Turf,1000mtr,"$5,770",5,Fast Volk (Brz),Angelo De Souz,Jose Rodrigues,8/1,False,Thoroughbred,tvg,https://api.tvg.com/cosmo/v1/graphql,2026-05-11T10:24:25.689150,1.0.0,Gibraltar Point (B,Fifi Queen (Brz),,6,H,Stud Invencibile,128,8/1,9.0,9.0,LRX-17,2026-05-12T01:00:00Z,12
LRX,BR - Gavea (simulcast),2026-05-11,17,01:00,Allowance 1000mtr,Allowance,Turf,1000mtr,"$5,770",6,Enough Fast (Brz),Jorge Ricardo,Edson Ferreira,6/1,False,Thoroughbred,tvg,https://api.tvg.com/cosmo/v1/graphql,2026-05-11T10:24:25.689164,1.0.0,Sum Of The Parts,Katuska (Brz),,5,H,Stud Byllyons Off The Hills,128,6/1,7.0,7.0,LRX-17,2026-05-12T01:00:00Z,12
LRX,BR - Gavea (simulcast),2026-05-11,17,01:00,Allowance 1000mtr,Allowance,Turf,1000mtr,"$5,770",7,Lets Make A Deal (Brz),Joao Enick,Gesuisinho Alm,10/1,False,Thoroughbred,tvg,https://api.tvg.com/cosmo/v1/graphql,2026-05-11T10:24:25.689174,1.0.0,Emcee,Jewelry (Brz),,7,M,Carlos Martins Soares,117,10/1,11.0,11.0,LRX-17,2026-05-12T01:00:00Z,12
LRX,BR - Gavea (simulcast),2026-05-11,17,01:00,Allowance 1000mtr,Allowance,Turf,1000mtr,"$5,770",8,New Galileo (Brz),Anthony Cardos,Mauricio Chave,10/1,False,Thoroughbred,tvg,https://api.tvg.com/cosmo/v1/graphql,2026-05-11T10:24:25.689188,1.0.0,Momento De Alegria,Southern Blues (Ire),,7,H,Stud Gata Da Serra,121,10/1,11.0,11.0,LRX-17,2026-05-12T01:00:00Z,12
LRX,BR - Gavea (simulcast),2026-05-11,17,01:00,Allowance 1000mtr,Allowance,Turf,1000mtr,"$5,770",9,Ybitu (Brz),Edson Fernando,Jose Reis,30/1,False,Thoroughbred,tvg,https://api.tvg.com/cosmo/v1/graphql,2026-05-11T10:24:25.689199,1.0.0,Courtier,Iced Whisky (Brz),,5,M,Haras Estancia Santa Fe,123,30/1,31.0,31.0,LRX-17,2026-05-12T01:00:00Z,12
LRX,BR - Gavea (simulcast),2026-05-11,17,01:00,Allowance 1000mtr,Allowance,Turf,1000mtr,"$5,770",10,King George (Brz),Matheus Aguiar,Edson Dos Reis,15/1,False,Thoroughbred,tvg,https://api.tvg.com/cosmo/v1/graphql,2026-05-11T10:24:25.689243,1.0.0,Super Jules (Brz),Konigen (Brz),,10,H,Coudelaria Mont Blanc 2009,121,15/1,16.0,16.0,LRX-17,2026-05-12T01:00:00Z,12
LRX,BR - Gavea (simulcast),2026-05-11,17,01:00,Allowance 1000mtr,Allowance,Turf,1000mtr,"$5,770",11,Ta Fora (Brz),Henderson Fern,Valter Lopes,7/1,False,Thoroughbred,tvg,https://api.tvg.com/cosmo/v1/graphql,2026-05-11T10:24:25.689259,1.0.0,Taludo (Brz),Sai Fora (Brz),,8,H,Ricardo Correa,128,7/1,8.0,8.0,LRX-17,2026-05-12T01:00:00Z,12
LRX,BR - Gavea (simulcast),2026-05-11,17,01:00,Allowance 1000mtr,Allowance,Turf,1000mtr,"$5,770",12,Moncho (Brz),Roberto Melo,Daniel Peres,8/1,False,Thoroughbred,tvg,https://api.tvg.com/cosmo/v1/graphql,2026-05-11T10:24:25.689274,1.0.0,Wired Bryan,Forest Queen (Brz),,6,H,Helio Santos Da Frota,128,8/1,9.0,9.0,LRX-17,2026-05-12T01:00:00Z,12
MNR,Mountaineer,2026-05-11,1,23:00,Maiden Claiming 6f,Maiden Claiming,Dirt,6f,"$10,000",1,National Punchline,Gomez Alejandro,Jensen Justin P,20/1,False,Thoroughbred,tvg,https://api.tvg.com/cosmo/v1/graphql,2026-05-11T10:24:25.704022,1.0.0,National Flag,Punchline Story,Two Punch,4,G,Justin Jensen,119,20/1,21.0,21.0,MNR-1,2026-05-11T23:00:00Z,7
MNR,Mountaineer,2026-05-11,1,23:00,Maiden Claiming 6f,Maiden Claiming,Dirt,6f,"$10,000",2,R Elliot,Weatherly Bailey,Shafer Gabe,7/2,False,Thoroughbred,tvg,https://api.tvg.com/cosmo/v1/graphql,2026-05-11T10:24:25.704058,1.0.0,Brody's Cause,R City Girl,Temple City,4,G,Gabe Shafer,119,7/2,4.5,4.5,MNR-1,2026-05-11T23:00:00Z,7
MNR,Mountaineer,2026-05-11,1,23:00,Maiden Claiming 6f,Maiden Claiming,Dirt,6f,"$10,000",3,Souper Justified,Ramgeet Andrew R,Ramgeet Tina,4/1,False,Thoroughbred,tvg,https://api.tvg.com/cosmo/v1/graphql,2026-05-11T10:24:25.704074,1.0.0,Justify,Beychevelle,War Front,5,G,"Team Ramgeet Racing Stable LLC, Rajhan Ramgeet",123,4/1,5.0,5.0,MNR-1,2026-05-11T23:00:00Z,7
MNR,Mountaineer,2026-05-11,1,23:00,Maiden Claiming 6f,Maiden Claiming,Dirt,6f,"$10,000",4,Semper Anticus,Barrios Ricardo,Ramgeet Tina,9/2,False,Thoroughbred,tvg,https://api.tvg.com/cosmo/v1/graphql,2026-05-11T10:24:25.704100,1.0.0,Liam's Map,Semper Sententiae,The Factor,5,G,"Team Ramgeet Racing Stable LLC, Rajhan Ramgeet",123,9/2,5.5,5.5,MNR-1,2026-05-11T23:00:00Z,7
MNR,Mountaineer,2026-05-11,1,23:00,Maiden Claiming 6f,Maiden Claiming,Dirt,6f,"$10,000",5,How About It,Tapara Luis,Bernardini Jay P,5/2,False,Thoroughbred,tvg,https://api.tvg.com/cosmo/v1/graphql,2026-05-11T10:24:25.704117,1.0.0,Noble Bird,Alotofappeal,Trippi,4,G,James Tunstall and Shirley Tunstall,119,5/2,3.5,3.5,MNR-1,2026-05-11T23:00:00Z,7
MNR,Mountaineer,2026-05-11,1,23:00,Maiden Claiming 6f,Maiden Claiming,Dirt,6f,"$10,000",6,Pop Neigh,Bracho Agustin,Vazquez Juan C,15/1,False,Thoroughbred,tvg,https://api.tvg.com/cosmo/v1/graphql,2026-05-11T10:24:25.704129,1.0.0,Audible,Justwalkonby,Giant's Causeway,4,G,Juan C. Vazquez,119,15/1,16.0,16.0,MNR-1,2026-05-11T23:00:00Z,7
MNR,Mountaineer,2026-05-11,1,23:00,Maiden Claiming 6f,Maiden Claiming,Dirt,6f,"$10,000",7,Finn D'oro,"Monserrate, Jr. Jorge A",Scallan Robert S,5/1,False,Thoroughbred,tvg,https://api.tvg.com/cosmo/v1/graphql,2026-05-11T10:24:25.704142,1.0.0,Bolt D'oro,Bay Finn,Harlan's Holiday,4,G,Donna J. Scallan and Robert S. Scallan,119,5/1,6.0,6.0,MNR-1,2026-05-11T23:00:00Z,7
MNR,Mountaineer,2026-05-11,2,23:25,Claiming 6f,Claiming,Dirt,6f,"$9,000",1,Kingdom's Spirit,Oliveros Charle,Cox L. C,12/1,False,Thoroughbred,tvg,https://api.tvg.com/cosmo/v1/graphql,2026-05-11T10:24:25.704190,1.0.0,Sky Kingdom,Nanette's Spirit,War Pass,8,M,Craig L Cox,120,12/1,13.0,13.0,MNR-2,2026-05-11T23:25:00Z,9
MNR,Mountaineer,2026-05-11,2,23:25,Claiming 6f,Claiming,Dirt,6f,"$9,000",2,Solo Surprise,"Monserrate, Jr. Jorge A",Stanoszek Sara,15/1,False,Thoroughbred,tvg,https://api.tvg.com/cosmo/v1/graphql,2026-05-11T10:24:25.704203,1.0.0,Solomini,Halo's Surprise,Halo's Image,4,F,Sara Stanoszek,120,15/1,16.0,16.0,MNR-2,2026-05-11T23:25:00Z,9
MNR,Mountaineer,2026-05-11,2,23:25,Claiming 6f,Claiming,Dirt,6f,"$9,000",3,Nun Gimel Hay Po,Yaranga Yuri,Fletcher Jeff,9/2,False,Thoroughbred,tvg,https://api.tvg.com/cosmo/v1/graphql,2026-05-11T10:24:25.704215,1.0.0,West Coast,Tablets Of Love,Liam's Map,5,M,Jeff Fletcher,120,9/2,5.5,5.5,MNR-2,2026-05-11T23:25:00Z,9
MNR,Mountaineer,2026-05-11,2,23:25,Claiming 6f,Claiming,Dirt,6f,"$9,000",4,Revocata,Gomez Alejandro,Gilbert Timothy A,8/1,False,Thoroughbred,tvg,https://api.tvg.com/cosmo/v1/graphql,2026-05-11T10:24:25.704227,1.0.0,Bee Jersey,Unchecked,Unbridled,4,F,Timothy A. Gilbert,123,8/1,9.0,9.0,MNR-2,2026-05-11T23:25:00Z,9
MNR,Mountaineer,2026-05-11,2,23:25,Claiming 6f,Claiming,Dirt,6f,"$9,000",5,Heavenly Lady,Pagan Michael Y,Scallan Robert S,20/1,False,Thoroughbred,tvg,https://api.tvg.com/cosmo/v1/graphql,2026-05-11T10:24:25.704238,1.0.0,Biblical,Dixie Sheikh,Dixie Union,5,M,Donna J. Scallan and Robert S. Scallan,115,20/1,21.0,21.0,MNR-2,2026-05-11T23:25:00Z,9
MNR,Mountaineer,2026-05-11,2,23:25,Claiming 6f,Claiming,Dirt,6f,"$9,000",6,My Angel Does,Hernandez Jairo H,Gomez Alejandro,10/1,False,Thoroughbred,tvg,https://api.tvg.com/cosmo/v1/graphql,2026-05-11T10:24:25.704249,1.0.0,Higher Power,True Love Is Yare,Unbridled's Song,4,F,Bethancourt Racing LLC (Luis Bethancourt),120,10/1,11.0,11.0,MNR-2,2026-05-11T23:25:00Z,9
MNR,Mountaineer,2026-05-11,2,23:25,Claiming 6f,Claiming,Dirt,6f,"$9,000",7,Siljim,Weatherly Bailey,Blankenship Donald T,5/2,False,Thoroughbred,tvg,https://api.tvg.com/cosmo/v1/graphql,2026-05-11T10:24:25.704261,1.0.0,World Of Trouble,Miss Curlin,Curlin,5,M,Marvin R. Austin,120,5/2,3.5,3.5,MNR-2,2026-05-11T23:25:00Z,9
MNR,Mountaineer,2026-05-11,2,23:25,Claiming 6f,Claiming,Dirt,6f,"$9,000",8,Bougie Like,Gonzalez Kevin,Brown John T,12/1,False,Thoroughbred,tvg,https://api.tvg.com/cosmo/v1/graphql,2026-05-11T10:24:25.704272,1.0.0,California Chrome,Miles Rules,Tribal Rule,6,M,Linda Brown,120,12/1,13.0,13.0,MNR-2,2026-05-11T23:25:00Z,9
MNR,Mountaineer,2026-05-11,2,23:25,Claiming 6f,Claiming,Dirt,6f,"$9,000",9,Cicatriz,Stokes Joe,Shanley Timothy,7/2,False,Thoroughbred,tvg,https://api.tvg.com/cosmo/v1/graphql,2026-05-11T10:24:25.704284,1.0.0,Bucchero,Beach Girl,Violence,4,F,Meagon Shanley,120,7/2,4.5,4.5,MNR-2,2026-05-11T23:25:00Z,9
MNR,Mountaineer,2026-05-11,3,23:50,Maiden Claiming 5.5f,Maiden Claiming,Dirt,5.5f,"$10,000",1,Impostora,Tapara Luis,Bernardini Jay P,12/1,False,Thoroughbred,tvg,https://api.tvg.com/cosmo/v1/graphql,2026-05-11T10:24:25.704314,1.0.0,Summer Front,Miss Laura Lou,Primary Suspect,3,F,Jay P Bernardini,119,12/1,13.0,13.0,MNR-3,2026-05-11T23:50:00Z,7
MNR,Mountaineer,2026-05-11,3,23:50,Maiden Claiming 5.5f,Maiden Claiming,Dirt,5.5f,"$10,000",2,She's A Rock,Yaranga Yuri,Stanoszek Sara,15/1,False,Thoroughbred,tvg,https://api.tvg.com/cosmo/v1/graphql,2026-05-11T10:24:25.704326,1.0.0,Rock Your World,Dancing Secretary,Perfect Soul (Ire),3,F,Sara Stanoszek,119,15/1,16.0,16.0,MNR-3,2026-05-11T23:50:00Z,7
MNR,Mountaineer,2026-05-11,3,23:50,Maiden Claiming 5.5f,Maiden Claiming,Dirt,5.5f,"$10,000",3,Catrina Zar,Garcia Francisco,Vazquez Juan C,5/1,False,Thoroughbred,tvg,https://api.tvg.com/cosmo/v1/graphql,2026-05-11T10:24:25.704340,1.0.0,Hoppertunity,Secret Zar,Tapizar,3,F,Perez Stables LLC (Juan C. Perez-Hernandez),119,5/1,6.0,6.0,MNR-3,2026-05-11T23:50:00Z,7
MNR,Mountaineer,2026-05-11,3,23:50,Maiden Claiming 5.5f,Maiden Claiming,Dirt,5.5f,"$10,000",4,Princess Azara,Whitacre Brandon,Bernardini Jay P,2/1,False,Thoroughbred,tvg,https://api.tvg.com/cosmo/v1/graphql,2026-05-11T10:24:25.704352,1.0.0,Central Banker,Impishness,Into Mischief,3,F,Sport of Kings Racing LLC,119,2/1,3.0,3.0,MNR-3,2026-05-11T23:50:00Z,7
MNR,Mountaineer,2026-05-11,3,23:50,Maiden Claiming 5.5f,Maiden Claiming,Dirt,5.5f,"$10,000",5,Jacarandosa,Pagan Michael Y,Gotera Juan C,8/1,False,Thoroughbred,tvg,https://api.tvg.com/cosmo/v1/graphql,2026-05-11T10:24:25.704365,1.0.0,Lexitonian,Electric Rose,Flashback,3,F,JCG Racing Stables Corp. (Juan Carlos Gotera),114,8/1,9.0,9.0,MNR-3,2026-05-11T23:50:00Z,7
MNR,Mountaineer,2026-05-11,3,23:50,Maiden Claiming 5.5f,Maiden Claiming,Dirt,5.5f,"$10,000",6,Gorda,Oliveros Charle,Inman Robert L,4/1,False,Thoroughbred,tvg,https://api.tvg.com/cosmo/v1/graphql,2026-05-11T10:24:25.704376,1.0.0,Dads Caps,Superhalf,A.P. Indy,3,F,Robert L. Inman,119,4/1,5.0,5.0,MNR-3,2026-05-11T23:50:00Z,7
MNR,Mountaineer,2026-05-11,3,23:50,Maiden Claiming 5.5f,Maiden Claiming,Dirt,5.5f,"$10,000",7,Silver Wishes,Negron Luis,Chapman James K,9/2,False,Thoroughbred,tvg,https://api.tvg.com/cosmo/v1/graphql,2026-05-11T10:24:25.704388,1.0.0,Silver State,Let Me Entertain U,Nobiz Like Shobiz,3,F,"S Tsujimoto, LLC (Stuart Tsujimoto) and James K. Chapman",119,9/2,5.5,5.5,MNR-3,2026-05-11T23:50:00Z,7
MNR,Mountaineer,2026-05-11,4,00:15,Claiming 8f,Claiming,Dirt,8f,"$9,000",1,Tiz Speedy,Bracho Agustin,Bernardini Jay P,6/1,False,Thoroughbred,tvg,https://api.tvg.com/cosmo/v1/graphql,2026-05-11T10:24:25.704417,1.0.0,Tiznow,Spanker,Cape Blanco (Ire),6,G,"Jay P. Bernardini, Richard Burnsworth and Kristina Buyea",123,6/1,7.0,7.0,MNR-4,2026-05-12T00:15:00Z,10
MNR,Mountaineer,2026-05-11,4,00:15,Claiming 8f,Claiming,Dirt,8f,"$9,000",2,Leo And Royal,Mera Julio C,Martinez Tomas,20/1,False,Thoroughbred,tvg,https://api.tvg.com/cosmo/v1/graphql,2026-05-11T10:24:25.704429,1.0.0,Alpha,Clean Jean,Ecton Park,6,R,Tomas Martinez,123,20/1,21.0,21.0,MNR-4,2026-05-12T00:15:00Z,10
MNR,Mountaineer,2026-05-11,4,00:15,Claiming 8f,Claiming,Dirt,8f,"$9,000",3,High Rolling Dude,Whitacre Brandon,Richison Crystal,5/1,False,Thoroughbred,tvg,https://api.tvg.com/cosmo/v1/graphql,2026-05-11T10:24:25.704442,1.0.0,Caleb's Posse,Strike Me Silly,Strike The Gold,10,G,Diane Brown,123,5/1,6.0,6.0,MNR-4,2026-05-12T00:15:00Z,10
MNR,Mountaineer,2026-05-11,4,00:15,Claiming 8f,Claiming,Dirt,8f,"$9,000",4,North Warden,Batista Luis A,Mathes Julie,8/1,False,Thoroughbred,tvg,https://api.tvg.com/cosmo/v1/graphql,2026-05-11T10:24:25.704453,1.0.0,Exaggerator,I'm The Reason,Bernardini,5,G,Bruno Schickedanz,123,8/1,9.0,9.0,MNR-4,2026-05-12T00:15:00Z,10
MNR,Mountaineer,2026-05-11,4,00:15,Claiming 8f,Claiming,Dirt,8f,"$9,000",5,Captain Creed,Negron Luis,Viands Gregory,12/1,False,Thoroughbred,tvg,https://api.tvg.com/cosmo/v1/graphql,2026-05-11T10:24:25.704465,1.0.0,Jimmy Creed,Torcida,Pleasant Tap,6,G,Ira Ashwal,123,12/1,13.0,13.0,MNR-4,2026-05-12T00:15:00Z,10
MNR,Mountaineer,2026-05-11,4,00:15,Claiming 8f,Claiming,Dirt,8f,"$9,000",6,Tapio,Stokes Joe,Viands Stacey R,20/1,False,Thoroughbred,tvg,https://api.tvg.com/cosmo/v1/graphql,2026-05-11T10:24:25.704477,1.0.0,Blame,Queens Plaza,Forestry,6,G,Melinda B. Golden,123,20/1,21.0,21.0,MNR-4,2026-05-12T00:15:00Z,10
MNR,Mountaineer,2026-05-11,4,00:15,Claiming 8f,Claiming,Dirt,8f,"$9,000",7,Zaddy,Gomez Alejandro,Lopez Carlos A,15/1,False,Thoroughbred,tvg,https://api.tvg.com/cosmo/v1/graphql,2026-05-11T10:24:25.704489,1.0.0,Neolithic,Simpatia,Rahy,4,G,Masters Stable LLC (Jose L. Garcia),123,15/1,16.0,16.0,MNR-4,2026-05-12T00:15:00Z,10
MNR,Mountaineer,2026-05-11,4,00:15,Claiming 8f,Claiming,Dirt,8f,"$9,000",8,Cavendish,Garcia Francisco,Richison Crystal,5/2,False,Thoroughbred,tvg,https://api.tvg.com/cosmo/v1/graphql,2026-05-11T10:24:25.704502,1.0.0,Flatter,Bennett Jean,Smart Strike,6,G,Larry R. Reed,123,5/2,3.5,3.5,MNR-4,2026-05-12T00:15:00Z,10
MNR,Mountaineer,2026-05-11,4,00:15,Claiming 8f,Claiming,Dirt,8f,"$9,000",9,Hard Astray,Yaranga Yuri,Fletcher Jeff,4/1,False,Thoroughbred,tvg,https://api.tvg.com/cosmo/v1/graphql,2026-05-11T10:24:25.704515,1.0.0,Gone Astray,From Top To Bottom,Hard Spun,9,G,Jeff Fletcher,123,4/1,5.0,5.0,MNR-4,2026-05-12T00:15:00Z,10
MNR,Mountaineer,2026-05-11,4,00:15,Claiming 8f,Claiming,Dirt,8f,"$9,000",10,Gambling Tzar,Gonzalez Kevin,Vazquez Juan C,10/1,False,Thoroughbred,tvg,https://api.tvg.com/cosmo/v1/graphql,2026-05-11T10:24:25.704526,1.0.0,Tapizar,Bet On Kitten,Kitten's Joy,7,G,Juan C. Vazquez,123,10/1,11.0,11.0,MNR-4,2026-05-12T00:15:00Z,10
MNR,Mountaineer,2026-05-11,5,00:40,Claiming 2f,Claiming,Dirt,2f,"$14,500",1,No Name Dude,Gomez Alejandro,Valdez Moises,15/1,False,Thoroughbred,tvg,https://api.tvg.com/cosmo/v1/graphql,2026-05-11T10:24:25.704555,1.0.0,The Big Beast,Wild Country Song,Songandaprayer,6,G,Juan Lopez,123,15/1,16.0,16.0,MNR-5,2026-05-12T00:40:00Z,9
MNR,Mountaineer,2026-05-11,5,00:40,Claiming 2f,Claiming,Dirt,2f,"$14,500",2,Where Ya At Vince,Batista Luis A,Joy Kevin J,3/1,False,Thoroughbred,tvg,https://api.tvg.com/cosmo/v1/graphql,2026-05-11T10:24:25.704567,1.0.0,Paynter,Hey Little Sister,Jump Start,5,G,"Pesaturo, Gus and Joy, Kevin J.",123,3/1,4.0,4.0,MNR-5,2026-05-12T00:40:00Z,9
MNR,Mountaineer,2026-05-11,5,00:40,Claiming 2f,Claiming,Dirt,2f,"$14,500",3,Bustin Loose,Pagan Michael Y,Bayley Randy,20/1,False,Thoroughbred,tvg,https://api.tvg.com/cosmo/v1/graphql,2026-05-11T10:24:25.704578,1.0.0,Kantharos,Bustin Out,Bustin Stones,7,G,Caleb Bayley,118,20/1,21.0,21.0,MNR-5,2026-05-12T00:40:00Z,9
MNR,Mountaineer,2026-05-11,5,00:40,Claiming 2f,Claiming,Dirt,2f,"$14,500",4,Cash Customer,Barrios Ricardo,Bird Danny R,5/2,False,Thoroughbred,tvg,https://api.tvg.com/cosmo/v1/graphql,2026-05-11T10:24:25.704590,1.0.0,Cinco Charlie,Cactus Cocktail,Cactus Ridge,7,G,Linda J. Carrera,123,5/2,3.5,3.5,MNR-5,2026-05-12T00:40:00Z,9
MNR,Mountaineer,2026-05-11,5,00:40,Claiming 2f,Claiming,Dirt,2f,"$14,500",5,Kool Kathmandu,Whitacre Brandon,Langley Wilson C,12/1,False,Thoroughbred,tvg,https://api.tvg.com/cosmo/v1/graphql,2026-05-11T10:24:25.704602,1.0.0,Frosted,Fat Kat,Weigelia,6,G,Wilson C. Langley,123,12/1,13.0,13.0,MNR-5,2026-05-12T00:40:00Z,9
MNR,Mountaineer,2026-05-11,5,00:40,Claiming 2f,Claiming,Dirt,2f,"$14,500",6,El Marro,Martinez Miguel L,Romero Jose A,20/1,False,Thoroughbred,tvg,https://api.tvg.com/cosmo/v1/graphql,2026-05-11T10:24:25.704614,1.0.0,Astrology,Clockwork Angel,Forest Camp,9,G,Elias Del Val,123,20/1,21.0,21.0,MNR-5,2026-05-12T00:40:00Z,9
MNR,Mountaineer,2026-05-11,5,00:40,Claiming 2f,Claiming,Dirt,2f,"$14,500",7,Emperorofthedark,Weatherly Bailey,Reffner Tara B,4/1,False,Thoroughbred,tvg,https://api.tvg.com/cosmo/v1/graphql,2026-05-11T10:24:25.704629,1.0.0,Conveyance,Kitty's Pearl,Bellamy Road,7,G,Tara B. Reffner,123,4/1,5.0,5.0,MNR-5,2026-05-12T00:40:00Z,9
MNR,Mountaineer,2026-05-11,5,00:40,Claiming 2f,Claiming,Dirt,2f,"$14,500",8,Miss Nuckols,Yaranga Yuri,"Godsey, Jr. Claudie M",7/2,False,Thoroughbred,tvg,https://api.tvg.com/cosmo/v1/graphql,2026-05-11T10:24:25.704642,1.0.0,Northern Afleet,Glory Chaser,Mr. Greeley,7,M,C. Marshall Godsey,118,7/2,4.5,4.5,MNR-5,2026-05-12T00:40:00Z,9
MNR,Mountaineer,2026-05-11,5,00:40,Claiming 2f,Claiming,Dirt,2f,"$14,500",9,El Cardinal,Greenidge Elijah,Poole Jami C,15/1,False,Thoroughbred,tvg,https://api.tvg.com/cosmo/v1/graphql,2026-05-11T10:24:25.704655,1.0.0,Noble Bird,Hometown Discount,Grand Reward,7,G,Hubel Farms LLC (E. J. Hubel),123,15/1,16.0,16.0,MNR-5,2026-05-12T00:40:00Z,9
MNR,Mountaineer,2026-05-11,6,01:05,Maiden Special Weight 6f,Maiden Special Weight,Dirt,6f,"$19,000",1,My Father's Son,Whitacre Brandon,Pickett Crystal G,15/1,False,Thoroughbred,tvg,https://api.tvg.com/cosmo/v1/graphql,2026-05-11T10:24:25.704680,1.0.0,Congrats,Let Me Be,Not For Love,4,G,Jill Daniel,123,15/1,16.0,16.0,MNR-6,2026-05-12T01:05:00Z,9
MNR,Mountaineer,2026-05-11,6,01:05,Maiden Special Weight 6f,Maiden Special Weight,Dirt,6f,"$19,000",2,Breadman'shoneybun,Oliveros Charle,Jackson Angelo G,20/1,False,Thoroughbred,tvg,https://api.tvg.com/cosmo/v1/graphql,2026-05-11T10:24:25.704693,1.0.0,Juba,Captain Molly,Lost Soldier,4,F,Gregory T. Martin,118,20/1,21.0,21.0,MNR-6,2026-05-12T01:05:00Z,9
MNR,Mountaineer,2026-05-11,6,01:05,Maiden Special Weight 6f,Maiden Special Weight,Dirt,6f,"$19,000",3,Junito's Boy,Diaz Renzo,Gray Christopher L,20/1,False,Thoroughbred,tvg,https://api.tvg.com/cosmo/v1/graphql,2026-05-11T10:24:25.704704,1.0.0,Aldrin,Spin Again,Hard Spun,4,C,Melissa R. Gray,123,20/1,21.0,21.0,MNR-6,2026-05-12T01:05:00Z,9
MNR,Mountaineer,2026-05-11,6,01:05,Maiden Special Weight 6f,Maiden Special Weight,Dirt,6f,"$19,000",4,Doom Loop,Garcia Francisco,Baird J. M,3/1,False,Thoroughbred,tvg,https://api.tvg.com/cosmo/v1/graphql,2026-05-11T10:24:25.704716,1.0.0,Cal Nation,Wells Notice,Notional,4,G,John W. Baird,123,3/1,4.0,4.0,MNR-6,2026-05-12T01:05:00Z,9
MNR,Mountaineer,2026-05-11,6,01:05,Maiden Special Weight 6f,Maiden Special Weight,Dirt,6f,"$19,000",5,Midnight Stroller,"Monserrate, Jr. Jorge A","Ewell, Sr. Devan",12/1,False,Thoroughbred,tvg,https://api.tvg.com/cosmo/v1/graphql,2026-05-11T10:24:25.704727,1.0.0,Exaggerator,Kindred Soul,Fed Biz,5,G,Samuel Blake,123,12/1,13.0,13.0,MNR-6,2026-05-12T01:05:00Z,9
MNR,Mountaineer,2026-05-11,6,01:05,Maiden Special Weight 6f,Maiden Special Weight,Dirt,6f,"$19,000",6,Red Cloud,Diaz Angel I,Baird J. M,2/1,False,Thoroughbred,tvg,https://api.tvg.com/cosmo/v1/graphql,2026-05-11T10:24:25.704738,1.0.0,Cal Nation,Delightful Magic,Mineshaft,4,F,Michael J. Baird,118,2/1,3.0,3.0,MNR-6,2026-05-12T01:05:00Z,9
MNR,Mountaineer,2026-05-11,6,01:05,Maiden Special Weight 6f,Maiden Special Weight,Dirt,6f,"$19,000",7,Eyesonthecandy,Stokes Joe,Jackson Angelo G,5/1,False,Thoroughbred,tvg,https://api.tvg.com/cosmo/v1/graphql,2026-05-11T10:24:25.704751,1.0.0,Candygram,Eaglet,Ghostzapper,4,F,Gregory T. Martin,118,5/1,6.0,6.0,MNR-6,2026-05-12T01:05:00Z,9
MNR,Mountaineer,2026-05-11,6,01:05,Maiden Special Weight 6f,Maiden Special Weight,Dirt,6f,"$19,000",8,The Groom's Jul,Bracho Agustin,"Ewell, Sr. Devan",12/1,False,Thoroughbred,tvg,https://api.tvg.com/cosmo/v1/graphql,2026-05-11T10:24:25.704762,1.0.0,The Lady's Groom,Shimmering Jul,Omega Code,5,G,Leon E. Ewell,123,12/1,13.0,13.0,MNR-6,2026-05-12T01:05:00Z,9
MNR,Mountaineer,2026-05-11,6,01:05,Maiden Special Weight 6f,Maiden Special Weight,Dirt,6f,"$19,000",9,Pay Da Baby,Barrios Ricardo,"Jones, Jr. Michael E",6/1,False,Thoroughbred,tvg,https://api.tvg.com/cosmo/v1/graphql,2026-05-11T10:24:25.704774,1.0.0,Bullsbay,Pepper Bay,Bop,3,G,"Michael E. Jones, Jr.",119,6/1,7.0,7.0,MNR-6,2026-05-12T01:05:00Z,9
MNR,Mountaineer,2026-05-11,7,01:30,Allowance 8f,Allowance,Dirt,8f,"$21,000",1,Z Dancer,Negron Luis,Vazquez Juan C,5/1,False,Thoroughbred,tvg,https://api.tvg.com/cosmo/v1/graphql,2026-05-11T10:24:25.704798,1.0.0,War Dancer,Starship Flare,Stevie Wonderboy,6,H,Devon R. Shaw,120,5/1,6.0,6.0,MNR-7,2026-05-12T01:30:00Z,7
MNR,Mountaineer,2026-05-11,7,01:30,Allowance 8f,Allowance,Dirt,8f,"$21,000",2,Afraidofthebunny,Pagan Michael Y,Bayley Randy,3/1,False,Thoroughbred,tvg,https://api.tvg.com/cosmo/v1/graphql,2026-05-11T10:24:25.704810,1.0.0,Distorted Humor,Minnelli,Unbridled's Song,6,G,Caleb Bayley,115,3/1,4.0,4.0,MNR-7,2026-05-12T01:30:00Z,7
MNR,Mountaineer,2026-05-11,7,01:30,Allowance 8f,Allowance,Dirt,8f,"$21,000",3,Stomping Moon,Bowen Rocco,Bernardini Jay P,2/1,False,Thoroughbred,tvg,https://api.tvg.com/cosmo/v1/graphql,2026-05-11T10:24:25.704821,1.0.0,Malibu Moon,Stomping,Dixieland Band,6,G,Angelo Pizzurro,120,2/1,3.0,3.0,MNR-7,2026-05-12T01:30:00Z,7
MNR,Mountaineer,2026-05-11,7,01:30,Allowance 8f,Allowance,Dirt,8f,"$21,000",4,Defiant Giant,Stokes Joe,Shanley Timothy,12/1,False,Thoroughbred,tvg,https://api.tvg.com/cosmo/v1/graphql,2026-05-11T10:24:25.704833,1.0.0,Lost Treasure (Ire),Dance With Giants,Giant's Causeway,5,H,Curtis Foster,120,12/1,13.0,13.0,MNR-7,2026-05-12T01:30:00Z,7
MNR,Mountaineer,2026-05-11,7,01:30,Allowance 8f,Allowance,Dirt,8f,"$21,000",5,Tap Em,Mera Julio C,Martinez Tomas,20/1,False,Thoroughbred,tvg,https://api.tvg.com/cosmo/v1/graphql,2026-05-11T10:24:25.704845,1.0.0,Tapiture,Lovely Em,Scat Daddy,7,G,From Owner To Trainer,120,20/1,21.0,21.0,MNR-7,2026-05-12T01:30:00Z,7
MNR,Mountaineer,2026-05-11,7,01:30,Allowance 8f,Allowance,Dirt,8f,"$21,000",6,Itsallaboutmebaby,Weatherly Bailey,Reed Eric R,6/1,False,Thoroughbred,tvg,https://api.tvg.com/cosmo/v1/graphql,2026-05-11T10:24:25.704856,1.0.0,Tapit,Subtlety (Arg),Easing Along,5,M,Jerry Jamgotchian,115,6/1,7.0,7.0,MNR-7,2026-05-12T01:30:00Z,7
MNR,Mountaineer,2026-05-11,7,01:30,Allowance 8f,Allowance,Dirt,8f,"$21,000",7,Mr Scatter,Barrios Ricardo,"Jones, Jr. Michael E",4/1,False,Thoroughbred,tvg,https://api.tvg.com/cosmo/v1/graphql,2026-05-11T10:24:25.704871,1.0.0,Goldencents,Allyallyincomefree,Unbridled's Song,5,G,Robert Proulx,120,4/1,5.0,5.0,MNR-7,2026-05-12T01:30:00Z,7
MNR,Mountaineer,2026-05-11,8,01:55,Claiming 5.5f,Claiming,Dirt,5.5f,"$7,000",1,Remys Gunsmoke,Yaranga Yuri,Shafer Gabe,10/1,False,Thoroughbred,tvg,https://api.tvg.com/cosmo/v1/graphql,2026-05-11T10:24:25.704895,1.0.0,Fiber Sonde,Remy Doodles,Grand Slam,7,G,Gabe Shafer,123,10/1,11.0,11.0,MNR-8,2026-05-12T01:55:00Z,11
MNR,Mountaineer,2026-05-11,8,01:55,Claiming 5.5f,Claiming,Dirt,5.5f,"$7,000",2,Grey Streak,Pagan Michael Y,Castillo Jabdiel,20/1,False,Thoroughbred,tvg,https://api.tvg.com/cosmo/v1/graphql,2026-05-11T10:24:25.704906,1.0.0,Grey Swallow (Ire),Anna Creek,Lonhro (Aus),8,G,Jabdiel Castillo,118,20/1,21.0,21.0,MNR-8,2026-05-12T01:55:00Z,11
MNR,Mountaineer,2026-05-11,8,01:55,Claiming 5.5f,Claiming,Dirt,5.5f,"$7,000",3,Joe Phillips,"Arroyo, Jr. Norberto",Silva Juan P,10/1,False,Thoroughbred,tvg,https://api.tvg.com/cosmo/v1/graphql,2026-05-11T10:24:25.704918,1.0.0,Justin Phillip,Silent Fright,Yes It's True,8,G,Tijuana Racing Stables (Juan Pablo Silva),123,10/1,11.0,11.0,MNR-8,2026-05-12T01:55:00Z,11
MNR,Mountaineer,2026-05-11,8,01:55,Claiming 5.5f,Claiming,Dirt,5.5f,"$7,000",4,Bodyslam,Weatherly Bailey,Scallan Robert S,4/1,False,Thoroughbred,tvg,https://api.tvg.com/cosmo/v1/graphql,2026-05-11T10:24:25.704930,1.0.0,Malibu Moon,Cayuga's Waters,Langfuhr,6,G,Donna J. Scallan and Robert S. Scallan,123,4/1,5.0,5.0,MNR-8,2026-05-12T01:55:00Z,11
MNR,Mountaineer,2026-05-11,8,01:55,Claiming 5.5f,Claiming,Dirt,5.5f,"$7,000",5,Holy Truth,Martinez Miguel L,Richison Crystal,15/1,False,Thoroughbred,tvg,https://api.tvg.com/cosmo/v1/graphql,2026-05-11T10:24:25.704941,1.0.0,Explosive Truth,Blushing Juliet,Macho Uno,9,G,Casey Eckenrode,123,15/1,16.0,16.0,MNR-8,2026-05-12T01:55:00Z,11
MNR,Mountaineer,2026-05-11,8,01:55,Claiming 5.5f,Claiming,Dirt,5.5f,"$7,000",6,Crafty Conquest,Batista Luis A,Pizzurro Jessica L,15/1,False,Thoroughbred,tvg,https://api.tvg.com/cosmo/v1/graphql,2026-05-11T10:24:25.704952,1.0.0,Big Screen,Crafty Broad,Crafty Friend,9,G,Darren Heinrich,123,15/1,16.0,16.0,MNR-8,2026-05-12T01:55:00Z,11
MNR,Mountaineer,2026-05-11,8,01:55,Claiming 5.5f,Claiming,Dirt,5.5f,"$7,000",7,Cold Plunge,Whitacre Brandon,Brown John T,12/1,False,Thoroughbred,tvg,https://api.tvg.com/cosmo/v1/graphql,2026-05-11T10:24:25.704964,1.0.0,Point Of Entry,Reason To Smile,Macho Uno,5,G,Gage Pinkerton,123,12/1,13.0,13.0,MNR-8,2026-05-12T01:55:00Z,11
MNR,Mountaineer,2026-05-11,8,01:55,Claiming 5.5f,Claiming,Dirt,5.5f,"$7,000",8,Growth Capital,Negron Luis,Silva Juan P,3/1,False,Thoroughbred,tvg,https://api.tvg.com/cosmo/v1/graphql,2026-05-11T10:24:25.704976,1.0.0,War Front,Room Service,More Than Ready,7,G,Tijuana Racing Stables (Juan Pablo Silva),123,3/1,4.0,4.0,MNR-8,2026-05-12T01:55:00Z,11
MNR,Mountaineer,2026-05-11,8,01:55,Claiming 5.5f,Claiming,Dirt,5.5f,"$7,000",9,Krusin Rocket,Gonzalez Kevin,Richison Crystal,5/1,False,Thoroughbred,tvg,https://api.tvg.com/cosmo/v1/graphql,2026-05-11T10:24:25.704987,1.0.0,Laurie's Rocket,Krusin Kelly,Artie Schiller,8,G,Casey Eckenrode,123,5/1,6.0,6.0,MNR-8,2026-05-12T01:55:00Z,11
MNR,Mountaineer,2026-05-11,8,01:55,Claiming 5.5f,Claiming,Dirt,5.5f,"$7,000",10,Southern Sense,Gomez Alejandro,Poole Jami C,6/1,False,Thoroughbred,tvg,https://api.tvg.com/cosmo/v1/graphql,2026-05-11T10:24:25.705002,1.0.0,Street Sense,Swaythisaway,Scat Daddy,7,G,Michael Staley,123,6/1,7.0,7.0,MNR-8,2026-05-12T01:55:00Z,11
MNR,Mountaineer,2026-05-11,8,01:55,Claiming 5.5f,Claiming,Dirt,5.5f,"$7,000",11,Abuelo Paps,"Monserrate, Jr. Jorge A","Ewell, Sr. Devan",20/1,False,Thoroughbred,tvg,https://api.tvg.com/cosmo/v1/graphql,2026-05-11T10:24:25.705014,1.0.0,Shanghai Bobby,Beautiful Lu,Gone West,9,G,Chantal Johnson,123,20/1,21.0,21.0,MNR-8,2026-05-12T01:55:00Z,11
MR,Monticello Raceway,2026-05-11,1,16:10,Pace 1m,Pace,Dirt,1m,"$4,600",1,Princess Brisa,"Taggart, Jim J","Campolong, Ric",8/1,False,Harness,tvg,https://api.tvg.com/cosmo/v1/graphql,2026-05-11T10:24:25.712772,1.0.0,Village Jove,Princess Spruce,Covert Action,12,M,"Rose Marie De Luca,Chester,NY",0,8/1,9.0,9.0,MR-1,2026-05-11T16:10:00Z,8
MR,Monticello Raceway,2026-05-11,1,16:10,Pace 1m,Pace,Dirt,1m,"$4,600",2,Navagio N,"Merton, Michae","Koch, Ken",5/2,False,Harness,tvg,https://api.tvg.com/cosmo/v1/graphql,2026-05-11T10:24:25.712791,1.0.0,Bettor's Delight,Classy Beach,American Ideal,10,M,"Thomas G Milici,Montgomery,NY",0,5/2,3.5,3.5,MR-1,2026-05-11T16:10:00Z,8
MR,Monticello Raceway,2026-05-11,1,16:10,Pace 1m,Pace,Dirt,1m,"$4,600",3,Vel Donna,"Silvestri, Ral","Regina, Anthon",3/1,False,Harness,tvg,https://api.tvg.com/cosmo/v1/graphql,2026-05-11T10:24:25.712798,1.0.0,I Can Only Imagine,Flip Flop Summer,Jenna's Beach Boy,9,M,"1258 Racing,Manhasset,NY;Regina Rac",0,3/1,4.0,4.0,MR-1,2026-05-11T16:10:00Z,8
MR,Monticello Raceway,2026-05-11,1,16:10,Pace 1m,Pace,Dirt,1m,"$4,600",4,Fantasyland,"Merton, Thomas","Long, Paul",7/2,False,Harness,tvg,https://api.tvg.com/cosmo/v1/graphql,2026-05-11T10:24:25.712805,1.0.0,Fear The Dragon,Art's Fantasy,Artsplace,5,M,"Demar Stables LLC,Endicott,NY",0,7/2,4.5,4.5,MR-1,2026-05-11T16:10:00Z,8
MR,Monticello Raceway,2026-05-11,1,16:10,Pace 1m,Pace,Dirt,1m,"$4,600",5,La Booma,Asher-Stalbaum,Asher-Stalbaum,12/1,False,Harness,tvg,https://api.tvg.com/cosmo/v1/graphql,2026-05-11T10:24:25.712812,1.0.0,Always A Virgin,Walstan's Lady,Jenna's Beach Boy,6,M,"Kiley Asher-Stalbaum,Leslie,MI",0,12/1,13.0,13.0,MR-1,2026-05-11T16:10:00Z,8
MR,Monticello Raceway,2026-05-11,1,16:10,Pace 1m,Pace,Dirt,1m,"$4,600",6,Brendas Delight,"Taggart, Shane","Strong, Raheim",4/1,False,Harness,tvg,https://api.tvg.com/cosmo/v1/graphql,2026-05-11T10:24:25.712817,1.0.0,American Ideal,Spectaculardelight,Art Major,6,M,"Samuel Sbarra,Rahway,NJ",0,4/1,5.0,5.0,MR-1,2026-05-11T16:10:00Z,8
MR,Monticello Raceway,2026-05-11,1,16:10,Pace 1m,Pace,Dirt,1m,"$4,600",7,Arco N,"Aldrich, Bruce","Aldrich, Bruce",9/2,False,Harness,tvg,https://api.tvg.com/cosmo/v1/graphql,2026-05-11T10:24:25.712823,1.0.0,Shadow Play,Special Harmony,Badlands Hanover,10,M,"Bruce A Aldrich Jr,Thompson Ridge,N",0,9/2,5.5,5.5,MR-1,2026-05-11T16:10:00Z,8
MR,Monticello Raceway,2026-05-11,1,16:10,Pace 1m,Pace,Dirt,1m,"$4,600",8,Vel What A Dream,"Dibenedetto, K","Haase, Keith",10/1,False,Harness,tvg,https://api.tvg.com/cosmo/v1/graphql,2026-05-11T10:24:25.712829,1.0.0,Night Pro,P H Dreamer,Dream Away,6,M,"Keith Noel Haase,Monticello,NY;Gary",0,10/1,11.0,11.0,MR-1,2026-05-11T16:10:00Z,8
MR,Monticello Raceway,2026-05-11,2,16:30,Trot 1m,Trot,Dirt,1m,"$4,600",1,Reece N Teddy,"Lowrey, Jennif","Lowrey, Jennif",7/2,False,Harness,tvg,https://api.tvg.com/cosmo/v1/graphql,2026-05-11T10:24:25.712849,1.0.0,Devious Man,Nervey's Taurus,Sir Taurus,7,G,"The No Reins Stable Inc,Livingston",0,7/2,4.5,4.5,MR-2,2026-05-11T16:30:00Z,6
MR,Monticello Raceway,2026-05-11,2,16:30,Trot 1m,Trot,Dirt,1m,"$4,600",2,Swancredit,"Taggart, Shane","Lounsbury, Rob",4/1,False,Harness,tvg,https://api.tvg.com/cosmo/v1/graphql,2026-05-11T10:24:25.712854,1.0.0,Swan For All,Nowerland Lightnin,Credit Winner,13,G,"Barbara J Merton,Monticello,NY",0,4/1,5.0,5.0,MR-2,2026-05-11T16:30:00Z,6
MR,Monticello Raceway,2026-05-11,2,16:30,Trot 1m,Trot,Dirt,1m,"$4,600",3,Await Your Fate,"Silvestri, Ral","Dunn, Richard",9/2,False,Harness,tvg,https://api.tvg.com/cosmo/v1/graphql,2026-05-11T10:24:25.712860,1.0.0,Captain Corey,Murderers Row,Donato Hanover,3,F,"Mbc Stables LLC,Beach Lake,PA;Richa",0,9/2,5.5,5.5,MR-2,2026-05-11T16:30:00Z,6
MR,Monticello Raceway,2026-05-11,2,16:30,Trot 1m,Trot,Dirt,1m,"$4,600",4,Hp Lucas,"Taggart, Jim J","Messenger, Gar",5/2,False,Harness,tvg,https://api.tvg.com/cosmo/v1/graphql,2026-05-11T10:24:25.712866,1.0.0,Alarm Detector,Hp Run Like Mom,Kadabra,4,G,"Scott D Woogen,North Chesterfield,V",0,5/2,3.5,3.5,MR-2,2026-05-11T16:30:00Z,6
MR,Monticello Raceway,2026-05-11,2,16:30,Trot 1m,Trot,Dirt,1m,"$4,600",5,Bank Guard,"Ricco, Jason","Zuzolo, Santo",3/1,False,Harness,tvg,https://api.tvg.com/cosmo/v1/graphql,2026-05-11T10:24:25.712871,1.0.0,Break The Bank K,Miss Chip K,Chip Chip Hooray,11,G,"Platinum Gold Stables,The Villages,",0,3/1,4.0,4.0,MR-2,2026-05-11T16:30:00Z,6
MR,Monticello Raceway,2026-05-11,2,16:30,Trot 1m,Trot,Dirt,1m,"$4,600",6,Finnick Odair,"Keppler, Scott","Eriksen, Monic",6/1,False,Harness,tvg,https://api.tvg.com/cosmo/v1/graphql,2026-05-11T10:24:25.712876,1.0.0,Cantab Hall,With Sprinkles,Angus Hall,11,G,"Monica Eriksen,Port Jervis,NY",0,6/1,7.0,7.0,MR-2,2026-05-11T16:30:00Z,6
MR,Monticello Raceway,2026-05-11,3,16:50,Pace 1m,Pace,Dirt,1m,"$5,400",1,Sunset Soph,"Merton, Gregor","Petrelli, Jenn",5/2,False,Harness,tvg,https://api.tvg.com/cosmo/v1/graphql,2026-05-11T10:24:25.712889,1.0.0,Whosurboy,Stonebridge Flores,Island Fantasy,9,M,"George P Dremonas,Burr Ridge,IL",0,5/2,3.5,3.5,MR-3,2026-05-11T16:50:00Z,8
MR,Monticello Raceway,2026-05-11,3,16:50,Pace 1m,Pace,Dirt,1m,"$5,400",2,Skateboard Chic,"Taggart, Jim J","Wiskow, David",7/2,False,Harness,tvg,https://api.tvg.com/cosmo/v1/graphql,2026-05-11T10:24:25.712894,1.0.0,Quik Pulse Mindale,See You Hanover,Cam's Card Shark,14,M,"Gina Frazzitta,Lake Hopatcong,NJ",0,7/2,4.5,4.5,MR-3,2026-05-11T16:50:00Z,8
MR,Monticello Raceway,2026-05-11,3,16:50,Pace 1m,Pace,Dirt,1m,"$5,400",3,Chandon,"Ricco, Jason","Castillo, Jose",10/1,False,Harness,tvg,https://api.tvg.com/cosmo/v1/graphql,2026-05-11T10:24:25.712900,1.0.0,Captive Audience,Big Redhead,Red River Hanover,6,M,"Jose Castillo,Sacramento,CA(L)",0,10/1,11.0,11.0,MR-3,2026-05-11T16:50:00Z,8
MR,Monticello Raceway,2026-05-11,3,16:50,Pace 1m,Pace,Dirt,1m,"$5,400",4,Fond Memories A,"Dibenedetto, K","Sowers, Mckenz",4/1,False,Harness,tvg,https://api.tvg.com/cosmo/v1/graphql,2026-05-11T10:24:25.712906,1.0.0,Mach Three,Forever After,Presidential Ball,10,M,"Courtney Cousineau,Franklin,MA",0,4/1,5.0,5.0,MR-3,2026-05-11T16:50:00Z,8
MR,Monticello Raceway,2026-05-11,3,16:50,Pace 1m,Pace,Dirt,1m,"$5,400",5,Come Zoom With Me,"Taggart, Shane","Campolong, Ric",12/1,False,Harness,tvg,https://api.tvg.com/cosmo/v1/graphql,2026-05-11T10:24:25.712913,1.0.0,Roll With Joe,Express Jet,Jereme's Jet,7,M,"Richard Campolong,Glen Spey,NY",0,12/1,13.0,13.0,MR-3,2026-05-11T16:50:00Z,8
MR,Monticello Raceway,2026-05-11,3,16:50,Pace 1m,Pace,Dirt,1m,"$5,400",6,Celia Bayama,"Aldrich, Bruce","Aldrich, Bruce",3/1,False,Harness,tvg,https://api.tvg.com/cosmo/v1/graphql,2026-05-11T10:24:25.712918,1.0.0,Bettor's Delight,Northern Starlet,Sportswriter,8,M,"Barry R Charles,New Rochelle,NY",0,3/1,4.0,4.0,MR-3,2026-05-11T16:50:00Z,8
MR,Monticello Raceway,2026-05-11,3,16:50,Pace 1m,Pace,Dirt,1m,"$5,400",7,Lady Chrislyn,"Keppler, Scott","Doherty, Jim J",6/1,False,Harness,tvg,https://api.tvg.com/cosmo/v1/graphql,2026-05-11T10:24:25.712925,1.0.0,Big Jim,Lady Latte,No Pan Intended,7,M,"Ameer Najor,West Bloomfield,MI",0,6/1,7.0,7.0,MR-3,2026-05-11T16:50:00Z,8
MR,Monticello Raceway,2026-05-11,3,16:50,Pace 1m,Pace,Dirt,1m,"$5,400",8,Bug Juice,"Merton, Michae","Sowers, Tammy",5/1,False,Harness,tvg,https://api.tvg.com/cosmo/v1/graphql,2026-05-11T10:24:25.712931,1.0.0,Bit Of A Legend N,Southern Accent,Well Said,5,M,"Clifford N Grundy,Boca Raton,FL",0,5/1,6.0,6.0,MR-3,2026-05-11T16:50:00Z,8
MR,Monticello Raceway,2026-05-11,4,17:10,Pace 1m,Pace,Dirt,1m,"$5,600",1,Catch A Peek,"Merton, Michae","Long, Paul",7/2,False,Harness,tvg,https://api.tvg.com/cosmo/v1/graphql,2026-05-11T10:24:25.712941,1.0.0,Bettor's Wish,Skinny Dipper,Somebeachsomewhere,4,M,"Demar Stables LLC,Endicott,NY",0,7/2,4.5,4.5,MR-4,2026-05-11T17:10:00Z,8
MR,Monticello Raceway,2026-05-11,4,17:10,Pace 1m,Pace,Dirt,1m,"$5,600",2,Kj Becky,"Taggart, Jim J","Messenger, Gar",4/1,False,Harness,tvg,https://api.tvg.com/cosmo/v1/graphql,2026-05-11T10:24:25.712947,1.0.0,Huntsville,Co Ed Desire,Real Desire,4,M,"Scott D Woogen,North Chesterfield,V",0,4/1,5.0,5.0,MR-4,2026-05-11T17:10:00Z,8
MR,Monticello Raceway,2026-05-11,4,17:10,Pace 1m,Pace,Dirt,1m,"$5,600",3,Asset Station,"Silvestri, Ral","Austin, Michae",3/1,False,Harness,tvg,https://api.tvg.com/cosmo/v1/graphql,2026-05-11T10:24:25.712952,1.0.0,Heston Blue Chip,Art Lecture,Well Said,4,M,"Ralph R Silvestri,Coconutcreek,FL",0,3/1,4.0,4.0,MR-4,2026-05-11T17:10:00Z,8
MR,Monticello Raceway,2026-05-11,4,17:10,Pace 1m,Pace,Dirt,1m,"$5,600",4,Lizziana,"Moeykens, Adam","Moeykens, Jose",6/1,False,Harness,tvg,https://api.tvg.com/cosmo/v1/graphql,2026-05-11T10:24:25.712957,1.0.0,So Surreal,Lizzie's Dream,Dream Away,7,M,"Joseph E Moeykens,Beach Lake,PA",0,6/1,7.0,7.0,MR-4,2026-05-11T17:10:00Z,8
MR,Monticello Raceway,2026-05-11,4,17:10,Pace 1m,Pace,Dirt,1m,"$5,600",5,Scenic Adventure,"Dibenedetto, K","Petrelli, Jenn",5/2,False,Harness,tvg,https://api.tvg.com/cosmo/v1/graphql,2026-05-11T10:24:25.712963,1.0.0,Racing Hill,Adventurepan,Mach Three,6,M,"Melvin G Fink,Bloomfield Hills,MI",0,5/2,3.5,3.5,MR-4,2026-05-11T17:10:00Z,8
MR,Monticello Raceway,2026-05-11,4,17:10,Pace 1m,Pace,Dirt,1m,"$5,600",6,Be Your Best,"Aldrich, Bruce","Zuzolo, Santo",9/2,False,Harness,tvg,https://api.tvg.com/cosmo/v1/graphql,2026-05-11T10:24:25.712969,1.0.0,American Ideal,Trevor's Bebe,Bettor's Delight,5,M,"Platinum Gold Stables,The Villages,",0,9/2,5.5,5.5,MR-4,2026-05-11T17:10:00Z,8
MR,Monticello Raceway,2026-05-11,4,17:10,Pace 1m,Pace,Dirt,1m,"$5,600",7,Tesla Power,"Taggart, Shane","Darish, John",10/1,False,Harness,tvg,https://api.tvg.com/cosmo/v1/graphql,2026-05-11T10:24:25.712975,1.0.0,Betterthancheddar,Power It Up,Badlands Hanover,6,M,"Klis Brothers Stable,E Northport,NY",0,10/1,11.0,11.0,MR-4,2026-05-11T17:10:00Z,8
MR,Monticello Raceway,2026-05-11,4,17:10,Pace 1m,Pace,Dirt,1m,"$5,600",8,Sacagawea,"Keppler, Scott","Annunziata, Al",12/1,False,Harness,tvg,https://api.tvg.com/cosmo/v1/graphql,2026-05-11T10:24:25.712980,1.0.0,Pet Rock,Crossthreaded,Towner's Big Guy,5,M,"Al M Annunziata,Newark,NJ",0,12/1,13.0,13.0,MR-4,2026-05-11T17:10:00Z,8
MR,Monticello Raceway,2026-05-11,5,17:30,Trot 1m,Trot,Dirt,1m,"$5,600",1,Cassius Lane,Asher-Stalbaum,Asher-Stalbaum,9/2,False,Harness,tvg,https://api.tvg.com/cosmo/v1/graphql,2026-05-11T10:24:25.712990,1.0.0,Cash Hall,Winning Colors K,American Winner,10,G,"Kimberly A Asher,Leslie,MI",0,9/2,5.5,5.5,MR-5,2026-05-11T17:30:00Z,8
MR,Monticello Raceway,2026-05-11,5,17:30,Trot 1m,Trot,Dirt,1m,"$5,600",2,Everybodyluvjoe,"Schwartz, Alan","Schwartz, Alan",5/2,False,Harness,tvg,https://api.tvg.com/cosmo/v1/graphql,2026-05-11T10:24:25.712996,1.0.0,Helpisontheway,Emerald Bling,Ken Warkentin,5,G,"Alan S Schwartz,Hurleyville,NY",0,5/2,3.5,3.5,MR-5,2026-05-11T17:30:00Z,8
MR,Monticello Raceway,2026-05-11,5,17:30,Trot 1m,Trot,Dirt,1m,"$5,600",3,Esa,"Aldrich, Bruce","Aldrich, Bruce",3/1,False,Harness,tvg,https://api.tvg.com/cosmo/v1/graphql,2026-05-11T10:24:25.713001,1.0.0,E L Titan,Christiana Hanover,Andover Hall,10,G,"John R Hallett,Saratoga,NY;Ronald W",0,3/1,4.0,4.0,MR-5,2026-05-11T17:30:00Z,8
MR,Monticello Raceway,2026-05-11,5,17:30,Trot 1m,Trot,Dirt,1m,"$5,600",4,Ok Corral,"Taggart, Jim J","Petrelli, Jenn",4/1,False,Harness,tvg,https://api.tvg.com/cosmo/v1/graphql,2026-05-11T10:24:25.713007,1.0.0,Triumphant Caviar,Lotstoliveupto,Armbro Iliad,5,G,"Caeleo Enterprises LLC,Eden,NY",0,4/1,5.0,5.0,MR-5,2026-05-11T17:30:00Z,8
MR,Monticello Raceway,2026-05-11,5,17:30,Trot 1m,Trot,Dirt,1m,"$5,600",5,Simon Got Lucky,"Merton, Michae","Lounsbury, Rob",7/2,False,Harness,tvg,https://api.tvg.com/cosmo/v1/graphql,2026-05-11T10:24:25.713012,1.0.0,Bar Hopping,Mary Got Lucky,Lucky Chucky,8,G,"David A Del Pozzo,Windham,NH",0,7/2,4.5,4.5,MR-5,2026-05-11T17:30:00Z,8
MR,Monticello Raceway,2026-05-11,5,17:30,Trot 1m,Trot,Dirt,1m,"$5,600",6,Tattooman,"Harp, Rick","Parker, Willia",12/1,False,Harness,tvg,https://api.tvg.com/cosmo/v1/graphql,2026-05-11T10:24:25.713018,1.0.0,Wheeling N Dealin,Kadabra Lavictoire,Kadabra,6,G,"Brandon A Parker,Monticello,NY",0,12/1,13.0,13.0,MR-5,2026-05-11T17:30:00Z,8
MR,Monticello Raceway,2026-05-11,5,17:30,Trot 1m,Trot,Dirt,1m,"$5,600",7,Mike The Knight,"Poynton, Charl","Poynton, Charl",8/1,False,Harness,tvg,https://api.tvg.com/cosmo/v1/graphql,2026-05-11T10:24:25.713023,1.0.0,Crazed,Wood Chuck,Lucky Chucky,8,G,"Charles R Poynton,New Hampton,NY",0,8/1,9.0,9.0,MR-5,2026-05-11T17:30:00Z,8
MR,Monticello Raceway,2026-05-11,5,17:30,Trot 1m,Trot,Dirt,1m,"$5,600",8,Draco S,"Dibenedetto, K","Di Benedetto,",10/1,False,Harness,tvg,https://api.tvg.com/cosmo/v1/graphql,2026-05-11T10:24:25.713029,1.0.0,Offshore Dream,Sweet As Candy,Smasher,11,G,"Howard S Jacobs,West Orange,NJ",0,10/1,11.0,11.0,MR-5,2026-05-11T17:30:00Z,8
MR,Monticello Raceway,2026-05-11,6,17:50,Pace 1m,Pace,Dirt,1m,"$9,000",1,Catie Faye Hanover,"Moeykens, Adam","Dunn, Richard",6/1,False,Harness,tvg,https://api.tvg.com/cosmo/v1/graphql,2026-05-11T10:24:25.713040,1.0.0,Artspeak,Castanet Hall,Cambest,8,M,"Mbc Stables LLC,Beach Lake,PA;Richa",0,6/1,7.0,7.0,MR-6,2026-05-11T17:50:00Z,6
MR,Monticello Raceway,2026-05-11,6,17:50,Pace 1m,Pace,Dirt,1m,"$9,000",2,Lucky Lil Lady,"Silvestri, Ral","Austin, Michae",7/2,False,Harness,tvg,https://api.tvg.com/cosmo/v1/graphql,2026-05-11T10:24:25.713045,1.0.0,Luck Be Withyou,Diorama,Real Artist,7,M,"Ralph R Silvestri,Coconutcreek,FL",0,7/2,4.5,4.5,MR-6,2026-05-11T17:50:00Z,6
MR,Monticello Raceway,2026-05-11,6,17:50,Pace 1m,Pace,Dirt,1m,"$9,000",3,Better B My Way,"Aldrich, Bruce","Aldrich, Bruce",5/1,False,Harness,tvg,https://api.tvg.com/cosmo/v1/graphql,2026-05-11T10:24:25.713050,1.0.0,Mr Apples,Twin B My Way,Art Major,4,M,"Bruce A Aldrich Jr,Thompson Ridge,N",0,5/1,6.0,6.0,MR-6,2026-05-11T17:50:00Z,6
MR,Monticello Raceway,2026-05-11,6,17:50,Pace 1m,Pace,Dirt,1m,"$9,000",4,Be My Rose N,"Taggart, Jim J","Messenger, Gar",4/1,False,Harness,tvg,https://api.tvg.com/cosmo/v1/graphql,2026-05-11T10:24:25.713056,1.0.0,American Ideal,Better Rose,Bettor's Delight,10,M,"Scott D Woogen,North Chesterfield,V",0,4/1,5.0,5.0,MR-6,2026-05-11T17:50:00Z,6
MR,Monticello Raceway,2026-05-11,6,17:50,Pace 1m,Pace,Dirt,1m,"$9,000",5,Just Rosas Luck,"Merton, Michae","Harmon, Rob",3/1,False,Harness,tvg,https://api.tvg.com/cosmo/v1/graphql,2026-05-11T10:24:25.713061,1.0.0,Luck Be Withyou,Goddess's Rosa,The Panderosa,6,M,"Go For Glory Stable LLC,Metuchen,NJ",0,3/1,4.0,4.0,MR-6,2026-05-11T17:50:00Z,6
MR,Monticello Raceway,2026-05-11,6,17:50,Pace 1m,Pace,Dirt,1m,"$9,000",6,Jillian Jiggs,"Merton, Thomas","Sowers, Tammy",5/2,False,Harness,tvg,https://api.tvg.com/cosmo/v1/graphql,2026-05-11T10:24:25.713067,1.0.0,All Bets Off,Millbanks Ariel,Usher Hanover,6,M,"Clifford N Grundy,Boca Raton,FL",0,5/2,3.5,3.5,MR-6,2026-05-11T17:50:00Z,6
MR,Monticello Raceway,2026-05-11,7,18:10,Trot 1m,Trot,Dirt,1m,"$5,000",1,Poblano,"Merton, Thomas","Jensen, Scott",7/2,False,Harness,tvg,https://api.tvg.com/cosmo/v1/graphql,2026-05-11T10:24:25.713077,1.0.0,Chapter Seven,Shishito,Father Patrick,4,G,"Rose Snow,Warwick,NY",0,7/2,4.5,4.5,MR-7,2026-05-11T18:10:00Z,8
MR,Monticello Raceway,2026-05-11,7,18:10,Trot 1m,Trot,Dirt,1m,"$5,000",2,Upfront Stone,"Keppler, Scott","Jones, Arthur",10/1,False,Harness,tvg,https://api.tvg.com/cosmo/v1/graphql,2026-05-11T10:24:25.713082,1.0.0,Wishing Stone,Jessica Rayne,Jailhouse Jesse,9,G,"Jaypaul R Hoover,Ephrata,PA",0,10/1,11.0,11.0,MR-7,2026-05-11T18:10:00Z,8
MR,Monticello Raceway,2026-05-11,7,18:10,Trot 1m,Trot,Dirt,1m,"$5,000",3,Sprightly,"Taggart, Jim J","Messenger, Gar",3/1,False,Harness,tvg,https://api.tvg.com/cosmo/v1/graphql,2026-05-11T10:24:25.713087,1.0.0,Six Pack,Cree,Muscle Hill,5,M,"Brenda M Messenger,Monticello,NY;Sc",0,3/1,4.0,4.0,MR-7,2026-05-11T18:10:00Z,8
MR,Monticello Raceway,2026-05-11,7,18:10,Trot 1m,Trot,Dirt,1m,"$5,000",4,Devious  Paul,"Dibenedetto, K","Ray, Steven",9/2,False,Harness,tvg,https://api.tvg.com/cosmo/v1/graphql,2026-05-11T10:24:25.713093,1.0.0,Devious Man,Over Joyed,Conway Hall,4,G,"Mark A Wamp,Houston,TX",0,9/2,5.5,5.5,MR-7,2026-05-11T18:10:00Z,8
MR,Monticello Raceway,2026-05-11,7,18:10,Trot 1m,Trot,Dirt,1m,"$5,000",5,Cinnamon Stick,"Merton, Michae","Perino, Laura",5/2,False,Harness,tvg,https://api.tvg.com/cosmo/v1/graphql,2026-05-11T10:24:25.713098,1.0.0,Jailhouse Jesse,Cantab Me,Cantab Hall,11,G,"Michael C Mulligan,Liberty,NY",0,5/2,3.5,3.5,MR-7,2026-05-11T18:10:00Z,8
MR,Monticello Raceway,2026-05-11,7,18:10,Trot 1m,Trot,Dirt,1m,"$5,000",6,Feeriedesbrouetsfr,"Taggart, Shane","Krivelin, Robe",6/1,False,Harness,tvg,https://api.tvg.com/cosmo/v1/graphql,2026-05-11T10:24:25.713103,1.0.0,Vanishing Point,Ramina Des Brouets,Breeding N/A,11,M,"Hero Stables,Goshen,NY",0,6/1,7.0,7.0,MR-7,2026-05-11T18:10:00Z,8
MR,Monticello Raceway,2026-05-11,7,18:10,Trot 1m,Trot,Dirt,1m,"$5,000",7,Sunny's Rebel,"Ricco, Jason","Sowers, Mckenz",12/1,False,Harness,tvg,https://api.tvg.com/cosmo/v1/graphql,2026-05-11T10:24:25.713108,1.0.0,Honor And Serve,Cindy's Prayer,Like A Prayer,5,G,"Robert J Kluchevitz,Blackstone,MA",0,12/1,13.0,13.0,MR-7,2026-05-11T18:10:00Z,8
MR,Monticello Raceway,2026-05-11,7,18:10,Trot 1m,Trot,Dirt,1m,"$5,000",8,Home'n Dry,"Aldrich, Bruce","Aldrich, Bruce",4/1,False,Harness,tvg,https://api.tvg.com/cosmo/v1/graphql,2026-05-11T10:24:25.713113,1.0.0,Credit Winner,Beyond Blue,Cantab Hall,14,G,"Bruce A Aldrich Jr,Thompson Ridge,N",0,4/1,5.0,5.0,MR-7,2026-05-11T18:10:00Z,8
MR,Monticello Raceway,2026-05-11,8,18:30,Pace 1m,Pace,Dirt,1m,"$6,700",1,Defamation,"Taggart, Jim J","Perino, Laura",7/2,False,Harness,tvg,https://api.tvg.com/cosmo/v1/graphql,2026-05-11T10:24:25.713124,1.0.0,In The Arsenal,Beat That,Rocknroll Hanover,4,M,"Michael C Mulligan,Liberty,NY",0,7/2,4.5,4.5,MR-8,2026-05-11T18:30:00Z,7
MR,Monticello Raceway,2026-05-11,8,18:30,Pace 1m,Pace,Dirt,1m,"$6,700",2,Fine N Dandy,"Merton, Thomas","Long, Paul",4/1,False,Harness,tvg,https://api.tvg.com/cosmo/v1/graphql,2026-05-11T10:24:25.713129,1.0.0,Captain Cameo,From Me To You,Skydancer Hanover,5,M,"Demar Stables LLC,Endicott,NY",0,4/1,5.0,5.0,MR-8,2026-05-11T18:30:00Z,7
MR,Monticello Raceway,2026-05-11,8,18:30,Pace 1m,Pace,Dirt,1m,"$6,700",3,Straight And Sassy,"Silvestri, Ral","Austin, Michae",3/1,False,Harness,tvg,https://api.tvg.com/cosmo/v1/graphql,2026-05-11T10:24:25.713135,1.0.0,Tellitlikeitis,Straight Fuel,Third Straight,5,M,"Ralph R Silvestri,Coconutcreek,FL",0,3/1,4.0,4.0,MR-8,2026-05-11T18:30:00Z,7
MR,Monticello Raceway,2026-05-11,8,18:30,Pace 1m,Pace,Dirt,1m,"$6,700",4,Vicky Everyday,"Dibenedetto, K","Petrelli, Jenn",9/5,False,Harness,tvg,https://api.tvg.com/cosmo/v1/graphql,2026-05-11T10:24:25.713140,1.0.0,Cougar Hall,Toxic Terror,Western Terror,8,M,"Owen C Eiler Jr,Philadelphia,PA",0,9/5,2.8,2.8,MR-8,2026-05-11T18:30:00Z,7
MR,Monticello Raceway,2026-05-11,8,18:30,Pace 1m,Pace,Dirt,1m,"$6,700",5,Sugar Britches,"Aldrich, Bruce","Green, Arthur",8/1,False,Harness,tvg,https://api.tvg.com/cosmo/v1/graphql,2026-05-11T10:24:25.713146,1.0.0,All Bets Off,Shipps Xclamation,Mach Three,6,M,"William E Emmons,Farmingdale,NJ",0,8/1,9.0,9.0,MR-8,2026-05-11T18:30:00Z,7
MR,Monticello Raceway,2026-05-11,8,18:30,Pace 1m,Pace,Dirt,1m,"$6,700",6,Vel Mrs Quick,"Merton, Michae","Sowers, Tammy",9/2,False,Harness,tvg,https://api.tvg.com/cosmo/v1/graphql,2026-05-11T10:24:25.713151,1.0.0,Let's Drink On It,Taylor Rei,Cheyenne Rei,3,F,"Clifford N Grundy,Boca Raton,FL",0,9/2,5.5,5.5,MR-8,2026-05-11T18:30:00Z,7
MR,Monticello Raceway,2026-05-11,8,18:30,Pace 1m,Pace,Dirt,1m,"$6,700",7,Abuelita Hanover,"Taggart, Shane","Gill, Daniel",10/1,False,Harness,tvg,https://api.tvg.com/cosmo/v1/graphql,2026-05-11T10:24:25.713157,1.0.0,Somebeachsomewhere,A Filly To Fear,Western Terror,10,M,"Jennifer L Safford,Castleton,NY",0,10/1,11.0,11.0,MR-8,2026-05-11T18:30:00Z,7
OGM,Oak Grove Racing,2026-05-11,1,18:10,Trot 1m,Trot,Dirt,1m,"$15,000",1,Zina Kemp,"Miller, Tyler","Patalan, Eric",10/1,False,Harness,tvg,https://api.tvg.com/cosmo/v1/graphql,2026-05-11T10:24:25.725199,1.0.0,Googoo Gaagaa,Byway,Muscle Mass,3,F,Thestable Zina Kemp & Hutchison Hrn,0,10/1,11.0,11.0,OGM-1,2026-05-11T18:10:00Z,9
OGM,Oak Grove Racing,2026-05-11,1,18:10,Trot 1m,Trot,Dirt,1m,"$15,000",2,Willpowernwow,"Bobbitt, Gerem","Debeck, Rodney",15/1,False,Harness,tvg,https://api.tvg.com/cosmo/v1/graphql,2026-05-11T10:24:25.725247,1.0.0,Crazy Wow,I Wanted Wings,Muscles Yankee,3,G,"Rodney L Debeck,Nicholasville,KY",0,15/1,16.0,16.0,OGM-1,2026-05-11T18:10:00Z,9
OGM,Oak Grove Racing,2026-05-11,1,18:10,Trot 1m,Trot,Dirt,1m,"$15,000",3,Lucky Lady Volo,"Bender, Atlee","Miller, Erv",5/2,False,Harness,tvg,https://api.tvg.com/cosmo/v1/graphql,2026-05-11T10:24:25.725271,1.0.0,In Range,Lady Gill Again,Yankee Glide,3,F,"Ervin Miller Stb,Dbry,FL;Kentuckian",0,5/2,3.5,3.5,OGM-1,2026-05-11T18:10:00Z,9
OGM,Oak Grove Racing,2026-05-11,1,18:10,Trot 1m,Trot,Dirt,1m,"$15,000",4,Chicora,"Bates, Brandon","Oke, Wayne",8/1,False,Harness,tvg,https://api.tvg.com/cosmo/v1/graphql,2026-05-11T10:24:25.725292,1.0.0,Lear Jetta,Dj Speedy Fox,Dem Speedy Bones,5,M,"Jenni King,Center City,MN",0,8/1,9.0,9.0,OGM-1,2026-05-11T18:10:00Z,9
OGM,Oak Grove Racing,2026-05-11,1,18:10,Trot 1m,Trot,Dirt,1m,"$15,000",5,Decemberist,"Miller, Marcus","Stewart, Bob",15/1,False,Harness,tvg,https://api.tvg.com/cosmo/v1/graphql,2026-05-11T10:24:25.725310,1.0.0,Propulsion,Drunkard's Dream,Yankee Glide,3,C,"Bluestone Farms LLC,Hopewell,NJ",0,15/1,16.0,16.0,OGM-1,2026-05-11T18:10:00Z,9
OGM,Oak Grove Racing,2026-05-11,1,18:10,Trot 1m,Trot,Dirt,1m,"$15,000",6,Angellisa,"Luna, Marvin","Pinske, Carter",8/1,False,Harness,tvg,https://api.tvg.com/cosmo/v1/graphql,2026-05-11T10:24:25.725328,1.0.0,Gimpanzee,My Angel,Muscles Yankee,3,F,"Robert Mc Nerney,Newton,NJ",0,8/1,9.0,9.0,OGM-1,2026-05-11T18:10:00Z,9
OGM,Oak Grove Racing,2026-05-11,1,18:10,Trot 1m,Trot,Dirt,1m,"$15,000",7,Yo Billie,"Yoder, Verlin","Yoder, Verlin",3/1,False,Harness,tvg,https://api.tvg.com/cosmo/v1/graphql,2026-05-11T10:24:25.725342,1.0.0,Tactical Landing,Oasis Dream,Cantab Hall,3,G,"Verlin D Yoder,Columbia,KY",0,3/1,4.0,4.0,OGM-1,2026-05-11T18:10:00Z,9
OGM,Oak Grove Racing,2026-05-11,1,18:10,Trot 1m,Trot,Dirt,1m,"$15,000",8,R Zee,"Putnam, Joey","Butenschoen, T",5/1,False,Harness,tvg,https://api.tvg.com/cosmo/v1/graphql,2026-05-11T10:24:25.725359,1.0.0,Gimpanzee,Nothing But Moni,Credit Winner,3,F,"M& L De/Armitage Farm,Wilmington,DE",0,5/1,6.0,6.0,OGM-1,2026-05-11T18:10:00Z,9
OGM,Oak Grove Racing,2026-05-11,1,18:10,Trot 1m,Trot,Dirt,1m,"$15,000",9,Magical Six Pack,"Shetler, Andy","Enlow, Jason",6/1,False,Harness,tvg,https://api.tvg.com/cosmo/v1/graphql,2026-05-11T10:24:25.725373,1.0.0,Six Pack,Magical Valentine,Kadabra,3,C,"Enlow Racing,Kevil,KY",0,6/1,7.0,7.0,OGM-1,2026-05-11T18:10:00Z,9
OGM,Oak Grove Racing,2026-05-11,2,18:31,Pace 1m,Pace,Dirt,1m,"$10,000",1,Wise Thinking,"Putnam, Joey","Best, Ronald",5/1,False,Harness,tvg,https://api.tvg.com/cosmo/v1/graphql,2026-05-11T10:24:25.725471,1.0.0,Thinking Out Loud,Breathdefying,Intrepid Seelster,6,G,"Fast Horse Winners Inc,Ft Lauderdal",0,5/1,6.0,6.0,OGM-2,2026-05-11T18:31:00Z,9
OGM,Oak Grove Racing,2026-05-11,2,18:31,Pace 1m,Pace,Dirt,1m,"$10,000",2,Kimsirvivor Shark,"Denson, Jamaal","Denson, Jamaal",15/1,False,Harness,tvg,https://api.tvg.com/cosmo/v1/graphql,2026-05-11T10:24:25.725489,1.0.0,Revenge Shark,Kim Crawford N,Holmes Hanover,5,H,"Laquwanda Denise & Jamie L Daniels,",0,15/1,16.0,16.0,OGM-2,2026-05-11T18:31:00Z,9
OGM,Oak Grove Racing,2026-05-11,2,18:31,Pace 1m,Pace,Dirt,1m,"$10,000",3,Seriously Feared,"Bates, Brandon","Campbell, Gary",5/2,False,Harness,tvg,https://api.tvg.com/cosmo/v1/graphql,2026-05-11T10:24:25.725506,1.0.0,Fear The Dragon,Serious Filly,Somebeachsomewhere,6,G,"Noah Stanley,Buckingham Shire,EN",0,5/2,3.5,3.5,OGM-2,2026-05-11T18:31:00Z,9
OGM,Oak Grove Racing,2026-05-11,2,18:31,Pace 1m,Pace,Dirt,1m,"$10,000",4,Nimble Ned,"Miller, Marcus","Hershberger, J",6/1,False,Harness,tvg,https://api.tvg.com/cosmo/v1/graphql,2026-05-11T10:24:25.725519,1.0.0,Tellitlikeitis,Ultimatum,Rocknroll Hanover,6,G,"Joseph A. Hershberger,Allardt,TN",0,6/1,7.0,7.0,OGM-2,2026-05-11T18:31:00Z,9
OGM,Oak Grove Racing,2026-05-11,2,18:31,Pace 1m,Pace,Dirt,1m,"$10,000",5,Mr Big Check,"Stiltner, Jame","Stiltner, Jame",10/1,False,Harness,tvg,https://api.tvg.com/cosmo/v1/graphql,2026-05-11T10:24:25.725536,1.0.0,Mister Big,Broken English,Rocknroll Hanover,4,G,"Tracy E Bradshaw,Bland,VA",0,10/1,11.0,11.0,OGM-2,2026-05-11T18:31:00Z,9
OGM,Oak Grove Racing,2026-05-11,2,18:31,Pace 1m,Pace,Dirt,1m,"$10,000",6,Rockin Pulse,"Avenatti, Wyat","Eaton, James",7/2,False,Harness,tvg,https://api.tvg.com/cosmo/v1/graphql,2026-05-11T10:24:25.725551,1.0.0,Rockin Image,Feel The Pulse,Camluck,7,G,"Mary M Van Boven,Canton,MI",0,7/2,4.5,4.5,OGM-2,2026-05-11T18:31:00Z,9
OGM,Oak Grove Racing,2026-05-11,2,18:31,Pace 1m,Pace,Dirt,1m,"$10,000",7,Koa,"Bender, Atlee","Chupp, Merv",8/1,False,Harness,tvg,https://api.tvg.com/cosmo/v1/graphql,2026-05-11T10:24:25.725564,1.0.0,Downbytheseaside,Notjustaprettyface,Jate Lobell,6,G,"Chupp Racing Stable Inc,Crete,IL",0,8/1,9.0,9.0,OGM-2,2026-05-11T18:31:00Z,9
OGM,Oak Grove Racing,2026-05-11,2,18:31,Pace 1m,Pace,Dirt,1m,"$10,000",8,Chewalla A,"Buford, Archie","Fortune, Adria",12/1,False,Harness,tvg,https://api.tvg.com/cosmo/v1/graphql,2026-05-11T10:24:25.725578,1.0.0,American Ideal,My Tupelo Honey,Mcardle,11,G,"Adrian J Fortune,Walnut Grove,MS",0,12/1,13.0,13.0,OGM-2,2026-05-11T18:31:00Z,9
OGM,Oak Grove Racing,2026-05-11,2,18:31,Pace 1m,Pace,Dirt,1m,"$10,000",9,Side Bar,"Johnson, Od","Gray, Jalen",8/1,False,Harness,tvg,https://api.tvg.com/cosmo/v1/graphql,2026-05-11T10:24:25.725597,1.0.0,Downbytheseaside,Real Fine,Bettor's Delight,5,G,"Wilbert S Gray,Lake,MS",0,8/1,9.0,9.0,OGM-2,2026-05-11T18:31:00Z,9
OGM,Oak Grove Racing,2026-05-11,3,18:52,Pace 1m,Pace,Dirt,1m,"$14,000",1,Making History,"Luna, Marvin","Alagna, Tony",2/1,False,Harness,tvg,https://api.tvg.com/cosmo/v1/graphql,2026-05-11T10:24:25.725643,1.0.0,American History,Mystery Game,Artistic Fella,4,H,"Riverview Racing LLC,Boynton Beach,",0,2/1,3.0,3.0,OGM-3,2026-05-11T18:52:00Z,9
OGM,Oak Grove Racing,2026-05-11,3,18:52,Pace 1m,Pace,Dirt,1m,"$14,000",2,Lil Rockstar,"Bates, Brandon","Deters, Terry",5/1,False,Harness,tvg,https://api.tvg.com/cosmo/v1/graphql,2026-05-11T10:24:25.725663,1.0.0,Boston Red Rocks,Rock Star Melinda,Roll With Joe,4,M,"Rick Berks,Paris,KY",0,5/1,6.0,6.0,OGM-3,2026-05-11T18:52:00Z,9
OGM,Oak Grove Racing,2026-05-11,3,18:52,Pace 1m,Pace,Dirt,1m,"$14,000",3,Fox Valley York,"Denson, Jamaal","Roberts, Ashle",10/1,False,Harness,tvg,https://api.tvg.com/cosmo/v1/graphql,2026-05-11T10:24:25.725677,1.0.0,Time To Roll,Roll With Josie,Roll With Joe,5,G,"Ashley N Roberts,Manchester,KY",0,10/1,11.0,11.0,OGM-3,2026-05-11T18:52:00Z,9
OGM,Oak Grove Racing,2026-05-11,3,18:52,Pace 1m,Pace,Dirt,1m,"$14,000",4,Fleet Commander,"Crisler, Randy","Crisler, Randy",15/1,False,Harness,tvg,https://api.tvg.com/cosmo/v1/graphql,2026-05-11T10:24:25.725692,1.0.0,Cattlewash,Amateur Hour,Rock N Roll Heaven,4,G,"Donnie Patterson,Fayetteville,TN",0,15/1,16.0,16.0,OGM-3,2026-05-11T18:52:00Z,9
OGM,Oak Grove Racing,2026-05-11,3,18:52,Pace 1m,Pace,Dirt,1m,"$14,000",5,Scrappy Comingup,"Tharps, Devon","Hunt, Leroy",6/1,False,Harness,tvg,https://api.tvg.com/cosmo/v1/graphql,2026-05-11T10:24:25.725709,1.0.0,Somestarsomewhere,Hopintosh,Armbro Mackintosh,5,H,"Leroy Hunt,Jackson,TN;Milton G Gree",0,6/1,7.0,7.0,OGM-3,2026-05-11T18:52:00Z,9
OGM,Oak Grove Racing,2026-05-11,3,18:52,Pace 1m,Pace,Dirt,1m,"$14,000",6,Fox Valley Endzone,"Avenatti, Wyat","Saltsgaver, Ta",10/1,False,Harness,tvg,https://api.tvg.com/cosmo/v1/graphql,2026-05-11T10:24:25.725732,1.0.0,Somestarsomewhere,Official Line,Art Official,3,G,"Tanner K Saltsgaver,Dewey,IL",0,10/1,11.0,11.0,OGM-3,2026-05-11T18:52:00Z,9
OGM,Oak Grove Racing,2026-05-11,3,18:52,Pace 1m,Pace,Dirt,1m,"$14,000",7,Shaving Cream,"Miller, Marcus","Hershberger, J",15/1,False,Harness,tvg,https://api.tvg.com/cosmo/v1/graphql,2026-05-11T10:24:25.725747,1.0.0,Lather Up,Art's Fantasy,Artsplace,3,G,"Joseph A. Hershberger,Allardt,TN",0,15/1,16.0,16.0,OGM-3,2026-05-11T18:52:00Z,9
OGM,Oak Grove Racing,2026-05-11,3,18:52,Pace 1m,Pace,Dirt,1m,"$14,000",8,Starlit Millertime,"Bender, Atlee","Miller, Erv",9/2,False,Harness,tvg,https://api.tvg.com/cosmo/v1/graphql,2026-05-11T10:24:25.725762,1.0.0,Jk Endofanera,Zinderella,Western Ideal,4,H,"Hannah Bender,Noblesville,IN",0,9/2,5.5,5.5,OGM-3,2026-05-11T18:52:00Z,9
OGM,Oak Grove Racing,2026-05-11,3,18:52,Pace 1m,Pace,Dirt,1m,"$14,000",9,Beyond Cool,"Putnam, Joey","Putnam, Joe",6/1,False,Harness,tvg,https://api.tvg.com/cosmo/v1/graphql,2026-05-11T10:24:25.725775,1.0.0,Papi Rob Hanover,Cool Treasure,Western Terror,4,R,"J P Racing, LLC,Pendleton,IN",0,6/1,7.0,7.0,OGM-3,2026-05-11T18:52:00Z,9
OGM,Oak Grove Racing,2026-05-11,4,19:13,Pace 1m,Pace,Dirt,1m,"$13,000",1,Rg's Sparkle,"Miller, Marcus","Woodard, Marti",8/1,False,Harness,tvg,https://api.tvg.com/cosmo/v1/graphql,2026-05-11T10:24:25.725803,1.0.0,Carlson,J S Sparklin Image,Rockin Image,4,M,"Herman Wheeler,Monroe,LA;Charlie L",0,8/1,9.0,9.0,OGM-4,2026-05-11T19:13:00Z,9
OGM,Oak Grove Racing,2026-05-11,4,19:13,Pace 1m,Pace,Dirt,1m,"$13,000",2,Carronsidelegcy Gb,"Dinges, Tony","Dinges, Tony",7/2,False,Harness,tvg,https://api.tvg.com/cosmo/v1/graphql,2026-05-11T10:24:25.725816,1.0.0,Tom Hill,Rhyds Pearl,Hasty Hall,6,G,"Dein P Spriggs,Jupiter,FL",0,7/2,4.5,4.5,OGM-4,2026-05-11T19:13:00Z,9
OGM,Oak Grove Racing,2026-05-11,4,19:13,Pace 1m,Pace,Dirt,1m,"$13,000",3,Imapricelessprince,"Bender, Atlee","Miller, Kevin",6/1,False,Harness,tvg,https://api.tvg.com/cosmo/v1/graphql,2026-05-11T10:24:25.725829,1.0.0,Perfect Sting,Priceless,Rockin Image,3,G,"Kevin E Miller,Arthur,IL",0,6/1,7.0,7.0,OGM-4,2026-05-11T19:13:00Z,9
OGM,Oak Grove Racing,2026-05-11,4,19:13,Pace 1m,Pace,Dirt,1m,"$13,000",4,Senior Partner,"Bates, Brandon","Crisler, Randy",12/1,False,Harness,tvg,https://api.tvg.com/cosmo/v1/graphql,2026-05-11T10:24:25.725842,1.0.0,Bettor's Delight,Whos Up Whos Down,Western Ideal,4,G,"Golden Gaits Uso,Columbus,OH",0,12/1,13.0,13.0,OGM-4,2026-05-11T19:13:00Z,9
OGM,Oak Grove Racing,2026-05-11,4,19:13,Pace 1m,Pace,Dirt,1m,"$13,000",5,That's The Star,"Bobbitt, Gerem","Patton, Jamaic",9/2,False,Harness,tvg,https://api.tvg.com/cosmo/v1/graphql,2026-05-11T10:24:25.725857,1.0.0,Somestarsomewhere,Elle's Bells,Sportsmaster,4,G,"Thomas Lawinger,Platteville,WI",0,9/2,5.5,5.5,OGM-4,2026-05-11T19:13:00Z,9
OGM,Oak Grove Racing,2026-05-11,4,19:13,Pace 1m,Pace,Dirt,1m,"$13,000",6,Star Man,"Curtin, Pat","Halford, Steph",8/1,False,Harness,tvg,https://api.tvg.com/cosmo/v1/graphql,2026-05-11T10:24:25.725870,1.0.0,Somestarsomewhere,Shy For The Guy,American Ideal,4,G,"Stephan L Halford II,Pleasant Plain",0,8/1,9.0,9.0,OGM-4,2026-05-11T19:13:00Z,9
OGM,Oak Grove Racing,2026-05-11,4,19:13,Pace 1m,Pace,Dirt,1m,"$13,000",7,Just Chasing Tails,"Tharps, Devon","Lindsey, Richa",3/1,False,Harness,tvg,https://api.tvg.com/cosmo/v1/graphql,2026-05-11T10:24:25.725913,1.0.0,Artspeak,Susieqfrmdali Who,Dali,3,G,"Gem Racing LLC,Owensboro,KY",0,3/1,4.0,4.0,OGM-4,2026-05-11T19:13:00Z,9
OGM,Oak Grove Racing,2026-05-11,4,19:13,Pace 1m,Pace,Dirt,1m,"$13,000",8,Fabulous,"Buford, Archie","Buford, Archie",12/1,False,Harness,tvg,https://api.tvg.com/cosmo/v1/graphql,2026-05-11T10:24:25.725927,1.0.0,Downbytheseaside,Brisbane,A Rocknroll Dance,4,M,"Audra J Fetcher,Henderson,KY",0,12/1,13.0,13.0,OGM-4,2026-05-11T19:13:00Z,9
OGM,Oak Grove Racing,2026-05-11,4,19:13,Pace 1m,Pace,Dirt,1m,"$13,000",9,He's Lost In Time,"Maxwell, Zyler","Maxwell, Pravi",8/1,False,Harness,tvg,https://api.tvg.com/cosmo/v1/graphql,2026-05-11T10:24:25.725939,1.0.0,Lost In Time,Kitty Kocktail,Always A Virgin,5,H,"Pravi & Zyler M Maxwell,Macon,MS",0,8/1,9.0,9.0,OGM-4,2026-05-11T19:13:00Z,9
OGM,Oak Grove Racing,2026-05-11,5,19:34,Trot 1m,Trot,Dirt,1m,"$13,000",1,Glitterati,"Luna, Marvin","Daley, Noel",5/2,False,Harness,tvg,https://api.tvg.com/cosmo/v1/graphql,2026-05-11T10:24:25.725972,1.0.0,Readly Express,A List Lindy,Lucky Chucky,3,F,"Noel M Daley,Chesterfield,NJ",0,5/2,3.5,3.5,OGM-5,2026-05-11T19:34:00Z,9
OGM,Oak Grove Racing,2026-05-11,5,19:34,Trot 1m,Trot,Dirt,1m,"$13,000",2,Gare D'orsay,"Bender, Atlee","Czernyson, Jon",5/1,False,Harness,tvg,https://api.tvg.com/cosmo/v1/graphql,2026-05-11T10:24:25.725986,1.0.0,Readly Express,D'orsay,Yankee Glide,3,G,"Consus Racing Stable Inc,Vero Beach",0,5/1,6.0,6.0,OGM-5,2026-05-11T19:34:00Z,9
OGM,Oak Grove Racing,2026-05-11,5,19:34,Trot 1m,Trot,Dirt,1m,"$13,000",3,Songbird,"Bobbitt, Gerem","Debeck, Rodney",8/1,False,Harness,tvg,https://api.tvg.com/cosmo/v1/graphql,2026-05-11T10:24:25.726000,1.0.0,Gimpanzee,Fly Angel Fly,Cantab Hall,3,F,"Rodney L Debeck,Nicholasville,KY",0,8/1,9.0,9.0,OGM-5,2026-05-11T19:34:00Z,9
OGM,Oak Grove Racing,2026-05-11,5,19:34,Trot 1m,Trot,Dirt,1m,"$13,000",4,Now Or Never,"Miller, Marcus","Lloyd, Justin",6/1,False,Harness,tvg,https://api.tvg.com/cosmo/v1/graphql,2026-05-11T10:24:25.726012,1.0.0,Father Patrick,Nada Volo,Trixton,3,G,"Denise L Dennis,Indianapolis,IN",0,6/1,7.0,7.0,OGM-5,2026-05-11T19:34:00Z,9
OGM,Oak Grove Racing,2026-05-11,5,19:34,Trot 1m,Trot,Dirt,1m,"$13,000",5,Commence,"Putnam, Joey","Putnam, Joe",8/1,False,Harness,tvg,https://api.tvg.com/cosmo/v1/graphql,2026-05-11T10:24:25.726026,1.0.0,Greenshoe,Argyle,Creatine,3,G,"J P Racing, LLC,Pendleton,IN;W T De",0,8/1,9.0,9.0,OGM-5,2026-05-11T19:34:00Z,9
OGM,Oak Grove Racing,2026-05-11,5,19:34,Trot 1m,Trot,Dirt,1m,"$13,000",6,Battle Em,"Curtin, Pat","Lunsford, Henr",15/1,False,Harness,tvg,https://api.tvg.com/cosmo/v1/graphql,2026-05-11T10:24:25.726041,1.0.0,Don't Let'em,Battle Axe,Dream Vacation,3,F,"Judith N Lunsford,Burgin,KY",0,15/1,16.0,16.0,OGM-5,2026-05-11T19:34:00Z,9
OGM,Oak Grove Racing,2026-05-11,5,19:34,Trot 1m,Trot,Dirt,1m,"$13,000",7,Julius Spirit,"Fonseca, Joser","Pinske, Carter",12/1,False,Harness,tvg,https://api.tvg.com/cosmo/v1/graphql,2026-05-11T10:24:25.726055,1.0.0,Walner,Up And Ready,Kadabra,3,C,"Al J Libfeld,Pickering,ON, CA",0,12/1,13.0,13.0,OGM-5,2026-05-11T19:34:00Z,9
OGM,Oak Grove Racing,2026-05-11,5,19:34,Trot 1m,Trot,Dirt,1m,"$13,000",8,Caught Ina Scandal,"Stiltner, Jame","Stiltner, Jame",7/2,False,Harness,tvg,https://api.tvg.com/cosmo/v1/graphql,2026-05-11T10:24:25.726068,1.0.0,Pastor Stephen,Markets Up,Deweycheatumnhowe,4,G,"Dr E Edward Ward,West Liberty,KY",0,7/2,4.5,4.5,OGM-5,2026-05-11T19:34:00Z,9
OGM,Oak Grove Racing,2026-05-11,5,19:34,Trot 1m,Trot,Dirt,1m,"$13,000",9,Barroom Blitz,"Tharps, Devon","Wellwood, Paul",12/1,False,Harness,tvg,https://api.tvg.com/cosmo/v1/graphql,2026-05-11T10:24:25.726082,1.0.0,International Moni,Bar Ballad,Windsong's Legacy,3,C,"Bay Pond Racing Stable,Malvern,PA",0,12/1,13.0,13.0,OGM-5,2026-05-11T19:34:00Z,9
OGM,Oak Grove Racing,2026-05-11,6,19:55,Trot 1m,Trot,Dirt,1m,"$30,000",1,Winter Soldier,"Bender, Atlee","Patalan, Eric",15/1,False,Harness,tvg,https://api.tvg.com/cosmo/v1/graphql,2026-05-11T10:24:25.726121,1.0.0,Face Time Bourbon,Jumalay Mass,Muscle Mass,5,H,"Thestable Winter Soldier,Brunswick,",0,15/1,16.0,16.0,OGM-6,2026-05-11T19:55:00Z,7
OGM,Oak Grove Racing,2026-05-11,6,19:55,Trot 1m,Trot,Dirt,1m,"$30,000",2,Corner Store,"Putnam, Joey","Kelley, Paul",10/1,False,Harness,tvg,https://api.tvg.com/cosmo/v1/graphql,2026-05-11T10:24:25.726135,1.0.0,Six Pack,Seven Eleven,Chapter Seven,4,M,"Paul Kelley Rcg Stb,Lk Wrth,FL;M La",0,10/1,11.0,11.0,OGM-6,2026-05-11T19:55:00Z,7
OGM,Oak Grove Racing,2026-05-11,6,19:55,Trot 1m,Trot,Dirt,1m,"$30,000",3,Woman Of Passion,"Luna, Marvin","Pinske, Carter",8/1,False,Harness,tvg,https://api.tvg.com/cosmo/v1/graphql,2026-05-11T10:24:25.726148,1.0.0,Walner,Womans Will,Donato Hanover,5,M,"Al J Libfeld,Pickering,ON, CA",0,8/1,9.0,9.0,OGM-6,2026-05-11T19:55:00Z,7
OGM,Oak Grove Racing,2026-05-11,6,19:55,Trot 1m,Trot,Dirt,1m,"$30,000",4,Tom's Muscle,"Fonseca, Joser","Grant, Peggy",5/1,False,Harness,tvg,https://api.tvg.com/cosmo/v1/graphql,2026-05-11T10:24:25.726163,1.0.0,Long Tom,Trot Time,Groton Hall,5,G,"Peggy G Grant,Lebanon,KY",0,5/1,6.0,6.0,OGM-6,2026-05-11T19:55:00Z,7
OGM,Oak Grove Racing,2026-05-11,6,19:55,Trot 1m,Trot,Dirt,1m,"$30,000",5,Little Expensive,"Miller, Tyler","Miller, Julie",5/2,False,Harness,tvg,https://api.tvg.com/cosmo/v1/graphql,2026-05-11T10:24:25.726204,1.0.0,Muscle Hill,Seviyorum,Donato Hanover,6,G,"Andy Miller Stb,Crm Rdg,NJ;J Goehle",0,5/2,3.5,3.5,OGM-6,2026-05-11T19:55:00Z,7
OGM,Oak Grove Racing,2026-05-11,6,19:55,Trot 1m,Trot,Dirt,1m,"$30,000",6,Dp Freedoms Chrome,"Miller, Marcus","Oke, Wayne",4/1,False,Harness,tvg,https://api.tvg.com/cosmo/v1/graphql,2026-05-11T10:24:25.726222,1.0.0,For You Almostfree,Wannabee Loved,Ken Warkentin,5,H,"Aimes Racing,Elma,IA",0,4/1,5.0,5.0,OGM-6,2026-05-11T19:55:00Z,7
OGM,Oak Grove Racing,2026-05-11,6,19:55,Trot 1m,Trot,Dirt,1m,"$30,000",7,Cecil Hanover,"Tharps, Devon","Engblom, Per",2/1,False,Harness,tvg,https://api.tvg.com/cosmo/v1/graphql,2026-05-11T10:24:25.726234,1.0.0,Chapter Seven,Columbia,Muscle Massive,6,G,"Fac Racing LLC,Scarsdale,NY;Yannick",0,2/1,3.0,3.0,OGM-6,2026-05-11T19:55:00Z,7
OGM,Oak Grove Racing,2026-05-11,7,20:16,Trot 1m,Trot,Dirt,1m,"$13,000",1,Furst Igor S,"Curtin, Pat","Kosciolek, Nik",8/1,False,Harness,tvg,https://api.tvg.com/cosmo/v1/graphql,2026-05-11T10:24:25.726265,1.0.0,Readly Express,Baronesse Ima,Maharajah,6,G,"Lucky Label Stable LLC,Grove City,O",0,8/1,9.0,9.0,OGM-7,2026-05-11T20:16:00Z,8
OGM,Oak Grove Racing,2026-05-11,7,20:16,Trot 1m,Trot,Dirt,1m,"$13,000",2,Exchequer,"Hershberger, J","Hershberger, J",15/1,False,Harness,tvg,https://api.tvg.com/cosmo/v1/graphql,2026-05-11T10:24:25.726285,1.0.0,Cash Hall,Royal Pink,Rc Royalty,9,G,"Joseph A. Hershberger,Allardt,TN",0,15/1,16.0,16.0,OGM-7,2026-05-11T20:16:00Z,8
OGM,Oak Grove Racing,2026-05-11,7,20:16,Trot 1m,Trot,Dirt,1m,"$13,000",3,Outbound Train,"Luna, Marvin","Stewart, Bob",6/1,False,Harness,tvg,https://api.tvg.com/cosmo/v1/graphql,2026-05-11T10:24:25.726308,1.0.0,Muscle Mass,Oasis Dream,Cantab Hall,4,H,"Fredericka V Caldwell,Georgetown,KY",0,6/1,7.0,7.0,OGM-7,2026-05-11T20:16:00Z,8
OGM,Oak Grove Racing,2026-05-11,7,20:16,Trot 1m,Trot,Dirt,1m,"$13,000",4,P P E,"Dinges, Tony","Dinges, Tony",8/1,False,Harness,tvg,https://api.tvg.com/cosmo/v1/graphql,2026-05-11T10:24:25.726320,1.0.0,Kadabra,Sunday Yankee,Muscles Yankee,7,G,"Ross L Benner,Deleon Springs,FL",0,8/1,9.0,9.0,OGM-7,2026-05-11T20:16:00Z,8
OGM,Oak Grove Racing,2026-05-11,7,20:16,Trot 1m,Trot,Dirt,1m,"$13,000",5,Youngblood,"Buford, Archie","Buford, Archie",7/2,False,Harness,tvg,https://api.tvg.com/cosmo/v1/graphql,2026-05-11T10:24:25.726334,1.0.0,Six Pack,Non Stick,Lucky Chucky,4,G,"Timothy D Amos,Raymond,MS",0,7/2,4.5,4.5,OGM-7,2026-05-11T20:16:00Z,8
OGM,Oak Grove Racing,2026-05-11,7,20:16,Trot 1m,Trot,Dirt,1m,"$13,000",6,Rock Party,"Avenatti, Wyat","Chupp, Merv",10/1,False,Harness,tvg,https://api.tvg.com/cosmo/v1/graphql,2026-05-11T10:24:25.726347,1.0.0,Cantab Hall,Scream And Shout,Muscles Yankee,9,G,"Chupp Racing Stable Inc,Crete,IL",0,10/1,11.0,11.0,OGM-7,2026-05-11T20:16:00Z,8
OGM,Oak Grove Racing,2026-05-11,7,20:16,Trot 1m,Trot,Dirt,1m,"$13,000",7,Louise's Legacy,"Miller, Marcus","Miller, Erv",9/2,False,Harness,tvg,https://api.tvg.com/cosmo/v1/graphql,2026-05-11T10:24:25.726360,1.0.0,Lou's Legacy,Lima Simplicity,Rocky Balboa,4,G,"Ervin Miller Stable Inc,Debary,FL",0,9/2,5.5,5.5,OGM-7,2026-05-11T20:16:00Z,8
OGM,Oak Grove Racing,2026-05-11,7,20:16,Trot 1m,Trot,Dirt,1m,"$13,000",8,Prince Of Honor,"Bates, Brandon","Burke, Ron",2/1,False,Harness,tvg,https://api.tvg.com/cosmo/v1/graphql,2026-05-11T10:24:25.726378,1.0.0,Walner,Princess Aurora,Cantab Hall,6,G,"Burke Racing Stable LLC,Frederickto",0,2/1,3.0,3.0,OGM-7,2026-05-11T20:16:00Z,8
OGM,Oak Grove Racing,2026-05-11,8,20:37,Pace 1m,Pace,Dirt,1m,"$13,000",1,Fox Valley Stoli,"Bates, Brandon","Laffoon, Rober",8/1,False,Harness,tvg,https://api.tvg.com/cosmo/v1/graphql,2026-05-11T10:24:25.726407,1.0.0,Somestarsomewhere,Party Hangover,Party At Artsplace,4,G,"Chad E Webb,Oil Springs,KY",0,8/1,9.0,9.0,OGM-8,2026-05-11T20:37:00Z,9
OGM,Oak Grove Racing,2026-05-11,8,20:37,Pace 1m,Pace,Dirt,1m,"$13,000",2,Mankat,"Bobbitt, Gerem","Campbell, Gary",6/1,False,Harness,tvg,https://api.tvg.com/cosmo/v1/graphql,2026-05-11T10:24:25.726423,1.0.0,Somebeachsomewhere,Kit Kat Artist,Real Artist,9,H,"Noah Stanley,Buckingham Shire,EN",0,6/1,7.0,7.0,OGM-8,2026-05-11T20:37:00Z,9
OGM,Oak Grove Racing,2026-05-11,8,20:37,Pace 1m,Pace,Dirt,1m,"$13,000",3,Mystical Charger,"Denson, Jamaal","Denson, Jamaal",12/1,False,Harness,tvg,https://api.tvg.com/cosmo/v1/graphql,2026-05-11T10:24:25.726436,1.0.0,Jereme's Jet,Long Island Icetea,Four Starzzz Shark,10,G,"Jamaal D Denson,Madison,MS",0,12/1,13.0,13.0,OGM-8,2026-05-11T20:37:00Z,9
OGM,Oak Grove Racing,2026-05-11,8,20:37,Pace 1m,Pace,Dirt,1m,"$13,000",4,Ponda Eagle,"Miller, Marcus","Miller, Erv",2/1,False,Harness,tvg,https://api.tvg.com/cosmo/v1/graphql,2026-05-11T10:24:25.726450,1.0.0,Capt Midnight,Mandy's Mattjesty,His Mattjesty,4,G,"Ervin Miller Stb Inc,Debary,FL;Step",0,2/1,3.0,3.0,OGM-8,2026-05-11T20:37:00Z,9
OGM,Oak Grove Racing,2026-05-11,8,20:37,Pace 1m,Pace,Dirt,1m,"$13,000",5,Tookadiveoffdipper,"Bender, Atlee","Eaton, James",3/1,False,Harness,tvg,https://api.tvg.com/cosmo/v1/graphql,2026-05-11T10:24:25.726473,1.0.0,Always A Virgin,Onceinabluemoon,Everlasting Art,12,G,"Jane Cross,Olney,IL",0,3/1,4.0,4.0,OGM-8,2026-05-11T20:37:00Z,9
OGM,Oak Grove Racing,2026-05-11,8,20:37,Pace 1m,Pace,Dirt,1m,"$13,000",6,Rockin Ella Mae,"Maxwell, Zyler","Watson, Jimmy",12/1,False,Harness,tvg,https://api.tvg.com/cosmo/v1/graphql,2026-05-11T10:24:25.726492,1.0.0,Rockin Amadeus,Zoey's Lemon Tart,Dave Panlone,7,M,"Cedric D Love,Jackson,MS",0,12/1,13.0,13.0,OGM-8,2026-05-11T20:37:00Z,9
OGM,Oak Grove Racing,2026-05-11,8,20:37,Pace 1m,Pace,Dirt,1m,"$13,000",7,Ideal Ace,"White, Stephen","White, Stephen",15/1,False,Harness,tvg,https://api.tvg.com/cosmo/v1/graphql,2026-05-11T10:24:25.726506,1.0.0,United Ace,Ravenswood Miracle,Real Artist,12,G,"Stephen K White,Louisville,MS",0,15/1,16.0,16.0,OGM-8,2026-05-11T20:37:00Z,9
OGM,Oak Grove Racing,2026-05-11,8,20:37,Pace 1m,Pace,Dirt,1m,"$13,000",8,My House,"Shetler, Andy","Shetler, Andy",5/1,False,Harness,tvg,https://api.tvg.com/cosmo/v1/graphql,2026-05-11T10:24:25.726521,1.0.0,Rockin Image,Best Boss,Cambest,9,G,"Janie S Hartley,Richmond,IN",0,5/1,6.0,6.0,OGM-8,2026-05-11T20:37:00Z,9
OGM,Oak Grove Racing,2026-05-11,8,20:37,Pace 1m,Pace,Dirt,1m,"$13,000",9,Lottie's Webb,"Luna, Marvin","Halford, Steph",15/1,False,Harness,tvg,https://api.tvg.com/cosmo/v1/graphql,2026-05-11T10:24:25.726537,1.0.0,Revenge Shark,Hannah Isabel,Bettor's Delight,4,M,"Steven N Thompson,Virginia,IL;Thomp",0,15/1,16.0,16.0,OGM-8,2026-05-11T20:37:00Z,9
OGM,Oak Grove Racing,2026-05-11,9,20:58,Pace 1m,Pace,Dirt,1m,"$12,000",1,Other Peoples Beer,"Maxwell, Zyler","Laffoon, Rober",7/2,False,Harness,tvg,https://api.tvg.com/cosmo/v1/graphql,2026-05-11T10:24:25.726577,1.0.0,Artspeak,Bad Sister,Badlands Hanover,6,G,"Robert P Laffoon,Georgetown,KY",0,7/2,4.5,4.5,OGM-9,2026-05-11T20:58:00Z,9
OGM,Oak Grove Racing,2026-05-11,9,20:58,Pace 1m,Pace,Dirt,1m,"$12,000",2,Dowahs Boy,"Tharps, Devon","Watson, Jimmy",15/1,False,Harness,tvg,https://api.tvg.com/cosmo/v1/graphql,2026-05-11T10:24:25.726593,1.0.0,Ameripan Gigolo,Keltic Sarah,Rambaran,11,G,"Nakkia A Whitman,Hodgenville,KY",0,15/1,16.0,16.0,OGM-9,2026-05-11T20:58:00Z,9
OGM,Oak Grove Racing,2026-05-11,9,20:58,Pace 1m,Pace,Dirt,1m,"$12,000",3,D A Wicked Shine,"Bender, Atlee","Dinges, Tony",3/1,False,Harness,tvg,https://api.tvg.com/cosmo/v1/graphql,2026-05-11T10:24:25.726607,1.0.0,Mcwicked,Vivid Shine,Dragon Again,5,G,"Dein P Spriggs,Jupiter,FL",0,3/1,4.0,4.0,OGM-9,2026-05-11T20:58:00Z,9
OGM,Oak Grove Racing,2026-05-11,9,20:58,Pace 1m,Pace,Dirt,1m,"$12,000",4,Rule The West,"Shetler, Andy","Brooks, David",10/1,False,Harness,tvg,https://api.tvg.com/cosmo/v1/graphql,2026-05-11T10:24:25.726621,1.0.0,Bettor's Delight,Maid West,Western Hanover,5,G,"David S Brooks,Cambridge,IL",0,10/1,11.0,11.0,OGM-9,2026-05-11T20:58:00Z,9
OGM,Oak Grove Racing,2026-05-11,9,20:58,Pace 1m,Pace,Dirt,1m,"$12,000",5,Talk Racy To Me,"Bates, Brandon","Oke, Wayne",8/1,False,Harness,tvg,https://api.tvg.com/cosmo/v1/graphql,2026-05-11T10:24:25.726638,1.0.0,Bettor's Delight,Racy Gal Hanover,Modern Art,6,G,"Blue Dog Racing Inc,Lexington,KY",0,8/1,9.0,9.0,OGM-9,2026-05-11T20:58:00Z,9
OGM,Oak Grove Racing,2026-05-11,9,20:58,Pace 1m,Pace,Dirt,1m,"$12,000",6,Virgin Storm,"Bobbitt, Gerem","Roberts, Ashle",15/1,False,Harness,tvg,https://api.tvg.com/cosmo/v1/graphql,2026-05-11T10:24:25.726653,1.0.0,Always A Virgin,Hillcrest Sweetie,Storm Damage,10,G,"Ashley N Roberts,Manchester,KY",0,15/1,16.0,16.0,OGM-9,2026-05-11T20:58:00Z,9
OGM,Oak Grove Racing,2026-05-11,9,20:58,Pace 1m,Pace,Dirt,1m,"$12,000",7,Kissinbythebeaches,"Curtin, Pat","Kosciolek, Nik",5/1,False,Harness,tvg,https://api.tvg.com/cosmo/v1/graphql,2026-05-11T10:24:25.726666,1.0.0,Sunshine Beach,Stealin The Kisses,Western Ideal,9,G,"J M F Racing LLC,Freehold,NJ;Nikki",0,5/1,6.0,6.0,OGM-9,2026-05-11T20:58:00Z,9
OGM,Oak Grove Racing,2026-05-11,9,20:58,Pace 1m,Pace,Dirt,1m,"$12,000",8,Under The Desk,"Miller, Marcus","Whitton, Cassi",8/1,False,Harness,tvg,https://api.tvg.com/cosmo/v1/graphql,2026-05-11T10:24:25.726678,1.0.0,Jk Endofanera,Velocity Trelific,Pet Rock,6,M,"Patrick M Melloy Jr,Eaton,OH;Lisa M",0,8/1,9.0,9.0,OGM-9,2026-05-11T20:58:00Z,9
OGM,Oak Grove Racing,2026-05-11,9,20:58,Pace 1m,Pace,Dirt,1m,"$12,000",9,Just Plain Loco,"Denson, Jamaal","Denson, Jamaal",9/2,False,Harness,tvg,https://api.tvg.com/cosmo/v1/graphql,2026-05-11T10:24:25.726702,1.0.0,Well Said,Symphony In Motion,Bettor's Delight,10,G,"Jamaal D Denson,Madison,MS",0,9/2,5.5,5.5,OGM-9,2026-05-11T20:58:00Z,9
OGM,Oak Grove Racing,2026-05-11,10,21:19,Pace 1m,Pace,Dirt,1m,"$10,000",1,Damn Strait,"Bates, Brandon","Adam, Alex",6/1,False,Harness,tvg,https://api.tvg.com/cosmo/v1/graphql,2026-05-11T10:24:25.726739,1.0.0,Yankee Skyscaper,Twenty-One Below,Sportsmaster,4,G,"Adrian S Adam,Beecher,IL",0,6/1,7.0,7.0,OGM-10,2026-05-11T21:19:00Z,9
OGM,Oak Grove Racing,2026-05-11,10,21:19,Pace 1m,Pace,Dirt,1m,"$10,000",2,When We Dance,"Tharps, Devon","Brock, Donald",5/2,False,Harness,tvg,https://api.tvg.com/cosmo/v1/graphql,2026-05-11T10:24:25.726759,1.0.0,Dancin Yankee,Ambition,Cole Muffler,4,G,"Donald A Brock,Louisville,KY",0,5/2,3.5,3.5,OGM-10,2026-05-11T21:19:00Z,9
OGM,Oak Grove Racing,2026-05-11,10,21:19,Pace 1m,Pace,Dirt,1m,"$10,000",3,Doc's Moreau,"Jerrell, Randa","Jerrell, Randa",12/1,False,Harness,tvg,https://api.tvg.com/cosmo/v1/graphql,2026-05-11T10:24:25.726772,1.0.0,Mcwicked,Doc's Hollywood,Cams Eclipse,3,C,"Dr Andrew M. Roberts,Lexington,KY",0,12/1,13.0,13.0,OGM-10,2026-05-11T21:19:00Z,9
OGM,Oak Grove Racing,2026-05-11,10,21:19,Pace 1m,Pace,Dirt,1m,"$10,000",4,Purple Wayne,"Vandervort, Sh","Vandervort, Ro",15/1,False,Harness,tvg,https://api.tvg.com/cosmo/v1/graphql,2026-05-11T10:24:25.726786,1.0.0,Perfect Sting,Dolphins Can Talk,Camluck,3,C,"Roni M Vandervort,Columbia,KY",0,15/1,16.0,16.0,OGM-10,2026-05-11T21:19:00Z,9
OGM,Oak Grove Racing,2026-05-11,10,21:19,Pace 1m,Pace,Dirt,1m,"$10,000",5,Bet On The Jet,"Patton, Jordan","Patton, Jordan",12/1,False,Harness,tvg,https://api.tvg.com/cosmo/v1/graphql,2026-05-11T10:24:25.726800,1.0.0,Jet Airway,String Bet,Betting Line,3,F,"Christopher M Spann,Canton,MS",0,12/1,13.0,13.0,OGM-10,2026-05-11T21:19:00Z,9
OGM,Oak Grove Racing,2026-05-11,10,21:19,Pace 1m,Pace,Dirt,1m,"$10,000",6,First Colt,"Avenatti, Wyat","Cotton, Philip",10/1,False,Harness,tvg,https://api.tvg.com/cosmo/v1/graphql,2026-05-11T10:24:25.726813,1.0.0,Lazarus N,West Side Glory,Western Ideal,3,C,"Trails To Nature Inc,Cub Run,KY",0,10/1,11.0,11.0,OGM-10,2026-05-11T21:19:00Z,9
OGM,Oak Grove Racing,2026-05-11,10,21:19,Pace 1m,Pace,Dirt,1m,"$10,000",7,Rock Of All Time,"Putnam, Joey","Putnam, Joe",7/2,False,Harness,tvg,https://api.tvg.com/cosmo/v1/graphql,2026-05-11T10:24:25.726828,1.0.0,Rockin Image,Fancy Desire,Real Desire,3,G,"J P Racing, LLC,Pendleton,IN;Michae",0,7/2,4.5,4.5,OGM-10,2026-05-11T21:19:00Z,9
OGM,Oak Grove Racing,2026-05-11,10,21:19,Pace 1m,Pace,Dirt,1m,"$10,000",8,Idyllic Stranger,"Bobbitt, Gerem","Debeck, Rodney",9/2,False,Harness,tvg,https://api.tvg.com/cosmo/v1/graphql,2026-05-11T10:24:25.726841,1.0.0,Tall Dark Stranger,Always B Idyllic,Always B Miki,3,G,"Rodney L Debeck,Nicholasville,KY",0,9/2,5.5,5.5,OGM-10,2026-05-11T21:19:00Z,9
OGM,Oak Grove Racing,2026-05-11,10,21:19,Pace 1m,Pace,Dirt,1m,"$10,000",9,Smart Aleck,"Luna, Marvin","Deters, Terry",6/1,False,Harness,tvg,https://api.tvg.com/cosmo/v1/graphql,2026-05-11T10:24:25.726854,1.0.0,Summa Cum Laude,Paramelons Hanover,Dragon Again,3,G,"Rick Berks,Paris,KY;Peter R Blood,P",0,6/1,7.0,7.0,OGM-10,2026-05-11T21:19:00Z,9
OGM,Oak Grove Racing,2026-05-11,11,21:40,Trot 1m,Trot,Dirt,1m,"$14,000",1,Go Go Go Chrome,"Buford, Archie","Patton, Jamaic",3/1,False,Harness,tvg,https://api.tvg.com/cosmo/v1/graphql,2026-05-11T10:24:25.726886,1.0.0,Southwind Chrome,My Mini Snickers,Muscle Mass,3,G,"Ronald L Phillips,Athens,IL;Lyle E",0,3/1,4.0,4.0,OGM-11,2026-05-11T21:40:00Z,9
OGM,Oak Grove Racing,2026-05-11,11,21:40,Trot 1m,Trot,Dirt,1m,"$14,000",2,Panzee Party,"Tharps, Devon","Burke, Ron",9/2,False,Harness,tvg,https://api.tvg.com/cosmo/v1/graphql,2026-05-11T10:24:25.726900,1.0.0,Gimpanzee,Danielle Hall,Deweycheatumnhowe,3,F,"Burke Rcg Stb,Frdrcktwn,PA;L Karr,R",0,9/2,5.5,5.5,OGM-11,2026-05-11T21:40:00Z,9
OGM,Oak Grove Racing,2026-05-11,11,21:40,Trot 1m,Trot,Dirt,1m,"$14,000",3,Harbor Of Grace,"Putnam, Joey","Murphy, Mike",8/1,False,Harness,tvg,https://api.tvg.com/cosmo/v1/graphql,2026-05-11T10:24:25.726917,1.0.0,Googoo Gaagaa,Havree De Grace,Andover Hall,3,F,"David C Arrenholz,Trivoli,IL",0,8/1,9.0,9.0,OGM-11,2026-05-11T21:40:00Z,9
OGM,Oak Grove Racing,2026-05-11,11,21:40,Trot 1m,Trot,Dirt,1m,"$14,000",4,My Little Maverick,"Bates, Brandon","Oke, Wayne",15/1,False,Harness,tvg,https://api.tvg.com/cosmo/v1/graphql,2026-05-11T10:24:25.726930,1.0.0,Maverick,My Little Susie,Claudius Augustus,3,G,"Aimes Racing,Elma,IA;Constance I Ok",0,15/1,16.0,16.0,OGM-11,2026-05-11T21:40:00Z,9
OGM,Oak Grove Racing,2026-05-11,11,21:40,Trot 1m,Trot,Dirt,1m,"$14,000",5,Ghostbuster Sa,"Maxwell, Zyler","Cottongim, Bil",6/1,False,Harness,tvg,https://api.tvg.com/cosmo/v1/graphql,2026-05-11T10:24:25.726943,1.0.0,Walner,The Lindy Craze,Muscle Hill,4,G,"Bill Cottongim,Lebanon,KY",0,6/1,7.0,7.0,OGM-11,2026-05-11T21:40:00Z,9
OGM,Oak Grove Racing,2026-05-11,11,21:40,Trot 1m,Trot,Dirt,1m,"$14,000",6,Dg's Legacy,"Shetler, Andy","Shetler, Andy",12/1,False,Harness,tvg,https://api.tvg.com/cosmo/v1/graphql,2026-05-11T10:24:25.726957,1.0.0,Dg's Caviar,Addisons Glory,Maestro Blue Chip,4,G,"Lavern P Yoder,Goshen,IN",0,12/1,13.0,13.0,OGM-11,2026-05-11T21:40:00Z,9
OGM,Oak Grove Racing,2026-05-11,11,21:40,Trot 1m,Trot,Dirt,1m,"$14,000",7,Deuce Pop,"Jerrell, Randa","Jerrell, Randa",7/2,False,Harness,tvg,https://api.tvg.com/cosmo/v1/graphql,2026-05-11T10:24:25.726976,1.0.0,Tactical Landing,Atlantic Crest,Crest,3,C,"Randal L Jerrell,Kevil,KY;Atlantic",0,7/2,4.5,4.5,OGM-11,2026-05-11T21:40:00Z,9
OGM,Oak Grove Racing,2026-05-11,11,21:40,Trot 1m,Trot,Dirt,1m,"$14,000",8,R Perfect Goo,"Fonseca, Joser","Butenschoen, T",6/1,False,Harness,tvg,https://api.tvg.com/cosmo/v1/graphql,2026-05-11T10:24:25.726992,1.0.0,Googoo Gaagaa,Asixpakfromperfect,Windsong's Legacy,3,F,"M& L De/Armitage Farm,Wilmington,DE",0,6/1,7.0,7.0,OGM-11,2026-05-11T21:40:00Z,9
OGM,Oak Grove Racing,2026-05-11,11,21:40,Trot 1m,Trot,Dirt,1m,"$14,000",9,Tru Fortune,"Curtin, Pat","Hunt, Leroy",10/1,False,Harness,tvg,https://api.tvg.com/cosmo/v1/graphql,2026-05-11T10:24:25.727004,1.0.0,Lindy's Tru Grit,Heather Nan,Fortunefivehundred,5,M,"Milton G Greer,Jackson,TN",0,10/1,11.0,11.0,OGM-11,2026-05-11T21:40:00Z,9
OGM,Oak Grove Racing,2026-05-11,12,22:01,Pace 1m,Pace,Dirt,1m,"$11,000",1,Frozen Shark,"Bender, Atlee","Adam, Alex",4/1,False,Harness,tvg,https://api.tvg.com/cosmo/v1/graphql,2026-05-11T10:24:25.727033,1.0.0,Revenge Shark,Twenty-One Below,Sportsmaster,6,G,"Adrian S Adam,Beecher,IL",0,4/1,5.0,5.0,OGM-12,2026-05-11T22:01:00Z,9
OGM,Oak Grove Racing,2026-05-11,12,22:01,Pace 1m,Pace,Dirt,1m,"$11,000",2,Double Down Duke,"Miller, Marcus","Campbell, Don",9/2,False,Harness,tvg,https://api.tvg.com/cosmo/v1/graphql,2026-05-11T10:24:25.727047,1.0.0,Bettor's Delight,Lady Terror,Western Terror,9,G,"Ely Stable LLC,Fredericksburg,OH",0,9/2,5.5,5.5,OGM-12,2026-05-11T22:01:00Z,9
OGM,Oak Grove Racing,2026-05-11,12,22:01,Pace 1m,Pace,Dirt,1m,"$11,000",3,Fightforyourright,"Stiltner, Jame","Stiltner, Jame",3/1,False,Harness,tvg,https://api.tvg.com/cosmo/v1/graphql,2026-05-11T10:24:25.727061,1.0.0,Betting Line,Wicked N Wonderful,Captaintreacherous,5,G,"Ronald D Fairchild,Stambaugh,KY;Dr",0,3/1,4.0,4.0,OGM-12,2026-05-11T22:01:00Z,9
OGM,Oak Grove Racing,2026-05-11,12,22:01,Pace 1m,Pace,Dirt,1m,"$11,000",4,The Legend Hanover,"Denson, Jamaal","Denson, Jamaal",5/1,False,Harness,tvg,https://api.tvg.com/cosmo/v1/graphql,2026-05-11T10:24:25.727080,1.0.0,Somebeachsomewhere,Thisorthat Hanover,Sportswriter,8,G,"Aaron Chris Moore,Ashland,KY",0,5/1,6.0,6.0,OGM-12,2026-05-11T22:01:00Z,9
OGM,Oak Grove Racing,2026-05-11,12,22:01,Pace 1m,Pace,Dirt,1m,"$11,000",5,Sonic Star,"Fonseca, Joser","Best, Ronald",10/1,False,Harness,tvg,https://api.tvg.com/cosmo/v1/graphql,2026-05-11T10:24:25.727093,1.0.0,Straight Shooting,Star Palace,Bettor's Delight,6,G,"Fast Horse Winners Inc,Ft Lauderdal",0,10/1,11.0,11.0,OGM-12,2026-05-11T22:01:00Z,9
OGM,Oak Grove Racing,2026-05-11,12,22:01,Pace 1m,Pace,Dirt,1m,"$11,000",6,Artifact Hanover,"Bobbitt, Gerem","Watson, Jimmy",10/1,False,Harness,tvg,https://api.tvg.com/cosmo/v1/graphql,2026-05-11T10:24:25.727109,1.0.0,Bettor's Delight,Anadarko Hanover,The Panderosa,11,G,"Julie A Whitman,Hodgenville,KY",0,10/1,11.0,11.0,OGM-12,2026-05-11T22:01:00Z,9
OGM,Oak Grove Racing,2026-05-11,12,22:01,Pace 1m,Pace,Dirt,1m,"$11,000",7,It's A Jk,"Bates, Brandon","Kosciolek, Nik",12/1,False,Harness,tvg,https://api.tvg.com/cosmo/v1/graphql,2026-05-11T10:24:25.727122,1.0.0,Jk Endofanera,Get That Cheese,Sportsmaster,7,G,"Nikki Kosciolek,Lexington,KY",0,12/1,13.0,13.0,OGM-12,2026-05-11T22:01:00Z,9
OGM,Oak Grove Racing,2026-05-11,12,22:01,Pace 1m,Pace,Dirt,1m,"$11,000",8,Somebeachsomeday,"Shetler, Andy","Brooks, David",6/1,False,Harness,tvg,https://api.tvg.com/cosmo/v1/graphql,2026-05-11T10:24:25.727136,1.0.0,Somebeachsomewhere,Allamerican Memoir,Western Ideal,12,G,"David S & Adam Brooks,Cambridge,IL",0,6/1,7.0,7.0,OGM-12,2026-05-11T22:01:00Z,9
OGM,Oak Grove Racing,2026-05-11,12,22:01,Pace 1m,Pace,Dirt,1m,"$11,000",9,Isitlikeitlooks,"Putnam, Joey","Putnam, Joe",10/1,False,Harness,tvg,https://api.tvg.com/cosmo/v1/graphql,2026-05-11T10:24:25.727148,1.0.0,Tellitlikeitis,Miss Liz,Bettor's Delight,10,G,"J P Racing, LLC,Pendleton,IN;Joseph",0,10/1,11.0,11.0,OGM-12,2026-05-11T22:01:00Z,9
OGM,Oak Grove Racing,2026-05-11,13,22:22,Trot 1m,Trot,Dirt,1m,"$10,000",1,Dg's Caviar,"Shetler, Andy","Shetler, Andy",8/1,False,Harness,tvg,https://api.tvg.com/cosmo/v1/graphql,2026-05-11T10:24:25.727177,1.0.0,Prime Time Caviar,Dazzling Kosmos,Royal Troubador,10,H,"Andy R Shetler,Harrodsburg,KY",0,8/1,9.0,9.0,OGM-13,2026-05-11T22:22:00Z,8
OGM,Oak Grove Racing,2026-05-11,13,22:22,Trot 1m,Trot,Dirt,1m,"$10,000",2,Matthews,"Miller, Marcus","Vandervort, Ro",5/2,False,Harness,tvg,https://api.tvg.com/cosmo/v1/graphql,2026-05-11T10:24:25.727190,1.0.0,Father Patrick,Hustle Heart,Credit Winner,4,G,"Roni M Vandervort,Columbia,KY",0,5/2,3.5,3.5,OGM-13,2026-05-11T22:22:00Z,8
OGM,Oak Grove Racing,2026-05-11,13,22:22,Trot 1m,Trot,Dirt,1m,"$10,000",3,Spanish Room,"Curtin, Pat","Best, Ronald",4/1,False,Harness,tvg,https://api.tvg.com/cosmo/v1/graphql,2026-05-11T10:24:25.727204,1.0.0,Cantab Hall,Massima,Muscle Mass,5,G,"Terry A Montgomery,Mt Sterling,KY",0,4/1,5.0,5.0,OGM-13,2026-05-11T22:22:00Z,8
OGM,Oak Grove Racing,2026-05-11,13,22:22,Trot 1m,Trot,Dirt,1m,"$10,000",4,Jog On Col,"Putnam, Joey","Foley, Peter",5/1,False,Harness,tvg,https://api.tvg.com/cosmo/v1/graphql,2026-05-11T10:24:25.727218,1.0.0,Marseille,Cavier N Chardoney,Sj's Caviar,4,G,"Lynne M Foley,Salvisa,KY",0,5/1,6.0,6.0,OGM-13,2026-05-11T22:22:00Z,8
OGM,Oak Grove Racing,2026-05-11,13,22:22,Trot 1m,Trot,Dirt,1m,"$10,000",5,Dj Dan,"Maxwell, Zyler","Yoder, Elmer",8/1,False,Harness,tvg,https://api.tvg.com/cosmo/v1/graphql,2026-05-11T10:24:25.727236,1.0.0,Swan For All,Persuasive Look,Powerful Emotion,7,G,"Don C Campbell,Brentwood,TN",0,8/1,9.0,9.0,OGM-13,2026-05-11T22:22:00Z,8
OGM,Oak Grove Racing,2026-05-11,13,22:22,Trot 1m,Trot,Dirt,1m,"$10,000",6,Lous Mandalorian,"Avenatti, Wyat","Brown, Jill",12/1,False,Harness,tvg,https://api.tvg.com/cosmo/v1/graphql,2026-05-11T10:24:25.727249,1.0.0,Lou's Legacy,Snarky Lane,Uncle Peter,5,H,"Flacco Family Farms LLC,Alexis,IL",0,12/1,13.0,13.0,OGM-13,2026-05-11T22:22:00Z,8
OGM,Oak Grove Racing,2026-05-11,13,22:22,Trot 1m,Trot,Dirt,1m,"$10,000",7,Perlucky,"Bender, Atlee","Eaton, James",3/1,False,Harness,tvg,https://api.tvg.com/cosmo/v1/graphql,2026-05-11T10:24:25.727264,1.0.0,Lucky Chucky,Paper Girl,Donato Hanover,11,G,"Robert Silberberg,Farmington Hills,",0,3/1,4.0,4.0,OGM-13,2026-05-11T22:22:00Z,8
OGM,Oak Grove Racing,2026-05-11,13,22:22,Trot 1m,Trot,Dirt,1m,"$10,000",8,Caviart Grady,"Tharps, Devon","Lindsey, Richa",15/1,False,Harness,tvg,https://api.tvg.com/cosmo/v1/graphql,2026-05-11T10:24:25.727278,1.0.0,Cantab Hall,Gossip Hanover,Muscle Hill,5,G,"Gem Racing LLC,Owensboro,KY;Gilbert",0,15/1,16.0,16.0,OGM-13,2026-05-11T22:22:00Z,8
OGM,Oak Grove Racing,2026-05-11,14,22:43,Pace 1m,Pace,Dirt,1m,"$11,000",1,Clairedelou,"Tharps, Devon","Hughes, John",5/2,False,Harness,tvg,https://api.tvg.com/cosmo/v1/graphql,2026-05-11T10:24:25.727310,1.0.0,Sweet Lou,Claireabell,Jereme's Jet,5,M,"Hollis A Kendrick,Terry,MS",0,5/2,3.5,3.5,OGM-14,2026-05-11T22:43:00Z,8
OGM,Oak Grove Racing,2026-05-11,14,22:43,Pace 1m,Pace,Dirt,1m,"$11,000",2,Playonplayer,"Buford, Archie","Arthur, Charle",6/1,False,Harness,tvg,https://api.tvg.com/cosmo/v1/graphql,2026-05-11T10:24:25.727324,1.0.0,Dancin Yankee,Play For Keeps,Manhardt,4,M,"Karla C Santos,Springfield,IL",0,6/1,7.0,7.0,OGM-14,2026-05-11T22:43:00Z,8
OGM,Oak Grove Racing,2026-05-11,14,22:43,Pace 1m,Pace,Dirt,1m,"$11,000",3,River Girl,"Bates, Brandon","Halford, Steph",6/1,False,Harness,tvg,https://api.tvg.com/cosmo/v1/graphql,2026-05-11T10:24:25.727340,1.0.0,Stevensville,Monogamous,Always A Virgin,4,M,"Stephan L Halford II,Pleasant Plain",0,6/1,7.0,7.0,OGM-14,2026-05-11T22:43:00Z,8
OGM,Oak Grove Racing,2026-05-11,14,22:43,Pace 1m,Pace,Dirt,1m,"$11,000",4,Fearless Shelia,"Putnam, Joey","Best, Ronald",9/2,False,Harness,tvg,https://api.tvg.com/cosmo/v1/graphql,2026-05-11T10:24:25.727353,1.0.0,Fear The Dragon,Shell I Attack,On The Attack,7,M,"Fast Horse Winners Inc,Ft Lauderdal",0,9/2,5.5,5.5,OGM-14,2026-05-11T22:43:00Z,8
OGM,Oak Grove Racing,2026-05-11,14,22:43,Pace 1m,Pace,Dirt,1m,"$11,000",5,Sour Grapes,"Knox, Phillip","Knox, Phillip",12/1,False,Harness,tvg,https://api.tvg.com/cosmo/v1/graphql,2026-05-11T10:24:25.727371,1.0.0,Revenge Shark,Fox Valley Tyra,Sportsmaster,5,M,"Julie Collins,Bullhead City,AZ",0,12/1,13.0,13.0,OGM-14,2026-05-11T22:43:00Z,8
OGM,Oak Grove Racing,2026-05-11,14,22:43,Pace 1m,Pace,Dirt,1m,"$11,000",6,Tellit Quick,"Avenatti, Wyat","Hanna, Ray",8/1,False,Harness,tvg,https://api.tvg.com/cosmo/v1/graphql,2026-05-11T10:24:25.727383,1.0.0,Tellitlikeitis,Mystical Lauren,Cole Muffler,6,M,"Lyle Jack Lacey,Exeter,MO",0,8/1,9.0,9.0,OGM-14,2026-05-11T22:43:00Z,8
OGM,Oak Grove Racing,2026-05-11,14,22:43,Pace 1m,Pace,Dirt,1m,"$11,000",7,Little Bit Tuff,"Bender, Atlee","Whitton, Cassi",3/1,False,Harness,tvg,https://api.tvg.com/cosmo/v1/graphql,2026-05-11T10:24:25.727400,1.0.0,Bit Of A Legend N,My Best Girl,Cambest,5,M,"Cassidy Dawn Whitton,Martinsville,I",0,3/1,4.0,4.0,OGM-14,2026-05-11T22:43:00Z,8
OGM,Oak Grove Racing,2026-05-11,14,22:43,Pace 1m,Pace,Dirt,1m,"$11,000",8,Yippie Hanover,"Miller, Marcus","Watson, Jimmy",12/1,False,Harness,tvg,https://api.tvg.com/cosmo/v1/graphql,2026-05-11T10:24:25.727416,1.0.0,Betting Line,Yankee Lover,Art Major,6,M,"Kendyll S Dixon,Brandon,MS",0,12/1,13.0,13.0,OGM-14,2026-05-11T22:43:00Z,8
PHI,Parx Racing,2026-05-11,1,16:40,Claiming 6f,Claiming,Dirt,6f,"$21,000",1,Royalties Riches,Sanchez Mychel J,Pino Michael V,2/1,False,Thoroughbred,tvg,https://api.tvg.com/cosmo/v1/graphql,2026-05-11T10:24:25.745099,1.0.0,Union Rags,Sweet Fortune,Candy Ride (Arg),3,F,Jonathan Tamayo,117,2/1,3.0,3.0,PHI-1,2026-05-11T16:40:00Z,9
PHI,Parx Racing,2026-05-11,1,16:40,Claiming 6f,Claiming,Dirt,6f,"$21,000",2,Classic Mystery,Adorno Abner,Solis Jacinto,6/1,False,Thoroughbred,tvg,https://api.tvg.com/cosmo/v1/graphql,2026-05-11T10:24:25.745135,1.0.0,Flatter,Soldier In Pink,Declaration Of War,5,M,Jacinto Solis,122,6/1,7.0,7.0,PHI-1,2026-05-11T16:40:00Z,9
PHI,Parx Racing,2026-05-11,1,16:40,Claiming 6f,Claiming,Dirt,6f,"$21,000",3,Nouveau Riche,Ocasio Luis M,Romero Alexis,20/1,False,Thoroughbred,tvg,https://api.tvg.com/cosmo/v1/graphql,2026-05-11T10:24:25.745152,1.0.0,Bahamian Squall,Phenomenal Gem,Artie Schiller,5,M,Josefina Cadena,122,20/1,21.0,21.0,PHI-1,2026-05-11T16:40:00Z,9
PHI,Parx Racing,2026-05-11,1,16:40,Claiming 6f,Claiming,Dirt,6f,"$21,000",4,Laughing Lady,Herman Noel,Gonzalez-Milian Jose G,4/1,False,Thoroughbred,tvg,https://api.tvg.com/cosmo/v1/graphql,2026-05-11T10:24:25.745166,1.0.0,Practical Joke,Empire Lady,Empire Maker,4,F,Ricardo Alvarez,115,4/1,5.0,5.0,PHI-1,2026-05-11T16:40:00Z,9
PHI,Parx Racing,2026-05-11,1,16:40,Claiming 6f,Claiming,Dirt,6f,"$21,000",5,Seven P R C,Lopez Paco,"Linder, Jr. Louis C",6/1,False,Thoroughbred,tvg,https://api.tvg.com/cosmo/v1/graphql,2026-05-11T10:24:25.745179,1.0.0,Perfect Timber,Champagne Tale,Tale Of Ekati,4,F,Over The Moon Racing Stable LLC,122,6/1,7.0,7.0,PHI-1,2026-05-11T16:40:00Z,9
PHI,Parx Racing,2026-05-11,1,16:40,Claiming 6f,Claiming,Dirt,6f,"$21,000",6,Daisy Believes,Martinez Francisco,"Brown, Jr. Howard R",12/1,False,Thoroughbred,tvg,https://api.tvg.com/cosmo/v1/graphql,2026-05-11T10:24:25.745193,1.0.0,Warrior's Reward,To Believe,Indygo Shiner,5,M,"Howard R. Brown, Jr.",122,12/1,13.0,13.0,PHI-1,2026-05-11T16:40:00Z,9
PHI,Parx Racing,2026-05-11,1,16:40,Claiming 6f,Claiming,Dirt,6f,"$21,000",7,Broad Strokes,"Vargas, Jr. Jorge A",Lake Scott A,5/1,False,Thoroughbred,tvg,https://api.tvg.com/cosmo/v1/graphql,2026-05-11T10:24:25.745206,1.0.0,Hey Chub,Broad Gale,Broad Brush,4,F,Angelo DeFilippis and Scott Lake LLC,122,5/1,6.0,6.0,PHI-1,2026-05-11T16:40:00Z,9
PHI,Parx Racing,2026-05-11,1,16:40,Claiming 6f,Claiming,Dirt,6f,"$21,000",8,Wonderfulvenezuela,Aguilar Jean,Gallimore Trevor,15/1,False,Thoroughbred,tvg,https://api.tvg.com/cosmo/v1/graphql,2026-05-11T10:24:25.745218,1.0.0,Mendelssohn,Holyano,Holy Bull,5,M,Candy's Racing Stable,122,15/1,16.0,16.0,PHI-1,2026-05-11T16:40:00Z,9
PHI,Parx Racing,2026-05-11,1,16:40,Claiming 6f,Claiming,Dirt,6f,"$21,000",9,Saint Grace,Rodriguez Yan,Rodriguez Miguel A,6/1,False,Thoroughbred,tvg,https://api.tvg.com/cosmo/v1/graphql,2026-05-11T10:24:25.745231,1.0.0,Connect,Sam's Bliss,War Front,4,F,Holiday Luck Racing and Miguel A. Rodriguez,122,6/1,7.0,7.0,PHI-1,2026-05-11T16:40:00Z,9
PHI,Parx Racing,2026-05-11,2,17:07,Maiden Claiming 6f,Maiden Claiming,Dirt,6f,"$26,000",1,Weekend Honor,Sanchez Mychel J,Aristone Philip T,8/1,False,Thoroughbred,tvg,https://api.tvg.com/cosmo/v1/graphql,2026-05-11T10:24:25.745291,1.0.0,Honor Code,L X Sunrise,Kodiak Kowboy,4,F,Anthony J. Merlino,125,8/1,9.0,9.0,PHI-2,2026-05-11T17:07:00Z,7
PHI,Parx Racing,2026-05-11,2,17:07,Maiden Claiming 6f,Maiden Claiming,Dirt,6f,"$26,000",2,Smokin Hot Wife,Rangel Joezer,Solis Jacinto,6/1,False,Thoroughbred,tvg,https://api.tvg.com/cosmo/v1/graphql,2026-05-11T10:24:25.745306,1.0.0,Laoban,Daryanna,Friends Lake,4,F,"Angel Solis Racing, LLC",125,6/1,7.0,7.0,PHI-2,2026-05-11T17:07:00Z,7
PHI,Parx Racing,2026-05-11,2,17:07,Maiden Claiming 6f,Maiden Claiming,Dirt,6f,"$26,000",3,Anita Glassofwine,Haddock Dexter,Arce Josue,6/1,False,Thoroughbred,tvg,https://api.tvg.com/cosmo/v1/graphql,2026-05-11T10:24:25.745318,1.0.0,Capo Kane,Graceful Ginger,Two Punch,3,F,Ricardo Rivera Stable,120,6/1,7.0,7.0,PHI-2,2026-05-11T17:07:00Z,7
PHI,Parx Racing,2026-05-11,2,17:07,Maiden Claiming 6f,Maiden Claiming,Dirt,6f,"$26,000",4,City Broad,Ocasio Luis M,Marquez Cesareo,15/1,False,Thoroughbred,tvg,https://api.tvg.com/cosmo/v1/graphql,2026-05-11T10:24:25.745330,1.0.0,Hoppertunity,Broad Gale,Broad Brush,5,M,Primaventures LLC,121,15/1,16.0,16.0,PHI-2,2026-05-11T17:07:00Z,7
PHI,Parx Racing,2026-05-11,2,17:07,Maiden Claiming 6f,Maiden Claiming,Dirt,6f,"$26,000",5,Think I'm In Love,Adorno Abner,Demasi Kathleen A,9/2,False,Thoroughbred,tvg,https://api.tvg.com/cosmo/v1/graphql,2026-05-11T10:24:25.745343,1.0.0,Solomini,Just Ask,Majesticperfection,3,F,"Pewter Stable, Torie Gladwell and James Politano",120,9/2,5.5,5.5,PHI-2,2026-05-11T17:07:00Z,7
PHI,Parx Racing,2026-05-11,2,17:07,Maiden Claiming 6f,Maiden Claiming,Dirt,6f,"$26,000",6,J C's Lovin' Life,Lopez Paco,"Reid, Jr. Robert E",2/1,False,Thoroughbred,tvg,https://api.tvg.com/cosmo/v1/graphql,2026-05-11T10:24:25.745355,1.0.0,Honor A. P.,Softly Lit,Latent Heat,4,F,"LC Racing, LLC and Wellesley Stable",125,2/1,3.0,3.0,PHI-2,2026-05-11T17:07:00Z,7
PHI,Parx Racing,2026-05-11,2,17:07,Maiden Claiming 6f,Maiden Claiming,Dirt,6f,"$26,000",7,Flee,Hazlewood Yedsit,Ness Jamie,3/1,False,Thoroughbred,tvg,https://api.tvg.com/cosmo/v1/graphql,2026-05-11T10:24:25.745367,1.0.0,Take Charge Indy,Moving Away,Distorted Humor,3,F,Madison Avenue Racing Stable Inc. and Morris E. Kernan Jr.,115,3/1,4.0,4.0,PHI-2,2026-05-11T17:07:00Z,7
PHI,Parx Racing,2026-05-11,3,17:34,Maiden Claiming 8f,Maiden Claiming,Dirt,8f,"$19,000",1,Magic Word,Rangel Joezer,Shaw Jennifer B,12/1,False,Thoroughbred,tvg,https://api.tvg.com/cosmo/v1/graphql,2026-05-11T10:24:25.745399,1.0.0,Good Magic,My Sugar,Congrats,3,F,Jennifer Shaw and Krystle Walters,122,12/1,13.0,13.0,PHI-3,2026-05-11T17:34:00Z,6
PHI,Parx Racing,2026-05-11,3,17:34,Maiden Claiming 8f,Maiden Claiming,Dirt,8f,"$19,000",2,Midwest Princess,Martinez Francisco,Dunn Benjamin J,5/2,False,Thoroughbred,tvg,https://api.tvg.com/cosmo/v1/graphql,2026-05-11T10:24:25.745413,1.0.0,Improbable,Awesomemundo,Awesome Again,3,F,Ben Dunn & Chris Mancusi,122,5/2,3.5,3.5,PHI-3,2026-05-11T17:34:00Z,6
PHI,Parx Racing,2026-05-11,3,17:34,Maiden Claiming 8f,Maiden Claiming,Dirt,8f,"$19,000",3,Maye's Misfit,Moya Ramon F,Velazquez Daniel,15/1,False,Thoroughbred,tvg,https://api.tvg.com/cosmo/v1/graphql,2026-05-11T10:24:25.745425,1.0.0,Uptowncharlybrown,Be Bop A Lula,Unbridled's Song,3,F,Uptowncharlybrown Stud LLC,122,15/1,16.0,16.0,PHI-3,2026-05-11T17:34:00Z,6
PHI,Parx Racing,2026-05-11,3,17:34,Maiden Claiming 8f,Maiden Claiming,Dirt,8f,"$19,000",4,Essential Girl,Herman Noel,Velazquez Daniel,5/1,False,Thoroughbred,tvg,https://api.tvg.com/cosmo/v1/graphql,2026-05-11T10:24:25.745437,1.0.0,Essential Quality,Motown Lady,Uncle Mo,3,F,Mark Schwartz,115,5/1,6.0,6.0,PHI-3,2026-05-11T17:34:00Z,6
PHI,Parx Racing,2026-05-11,3,17:34,Maiden Claiming 8f,Maiden Claiming,Dirt,8f,"$19,000",5,Dreaming Of Bella,Sanchez Mychel J,Montoya Marya K,8/5,False,Thoroughbred,tvg,https://api.tvg.com/cosmo/v1/graphql,2026-05-11T10:24:25.745450,1.0.0,Always Dreaming,Rettalfa,Flatter,3,F,"Alonzo Racing LLC, Bradley Stables LLC & Marya Montoya",122,8/5,2.6,2.6,PHI-3,2026-05-11T17:34:00Z,6
PHI,Parx Racing,2026-05-11,3,17:34,Maiden Claiming 8f,Maiden Claiming,Dirt,8f,"$19,000",6,Always In Play,Rivera Kendry,Santaella-Calderon Jose M,4/1,False,Thoroughbred,tvg,https://api.tvg.com/cosmo/v1/graphql,2026-05-11T10:24:25.745461,1.0.0,Known Agenda,Metry Kitten,Kitten's Joy,3,F,Maria A. Marquez,117,4/1,5.0,5.0,PHI-3,2026-05-11T17:34:00Z,6
PHI,Parx Racing,2026-05-11,4,18:01,Claiming 8f,Claiming,Dirt,8f,"$20,000",1,Goldcrest,Haddock Dexter,Pattershall Mary A,9/2,False,Thoroughbred,tvg,https://api.tvg.com/cosmo/v1/graphql,2026-05-11T10:24:25.745490,1.0.0,City Of Light,She Be Classy,Toccet,6,M,Mario N. Villanueva,122,9/2,5.5,5.5,PHI-4,2026-05-11T18:01:00Z,7
PHI,Parx Racing,2026-05-11,4,18:01,Claiming 8f,Claiming,Dirt,8f,"$20,000",2,Tariba Dream,Adorno Abner,Rodriguez Irving,7/2,False,Thoroughbred,tvg,https://api.tvg.com/cosmo/v1/graphql,2026-05-11T10:24:25.745505,1.0.0,Audible,Lemon Dancer,Lemon Drop Kid,5,M,The Hakim's Stable LLC,122,7/2,4.5,4.5,PHI-4,2026-05-11T18:01:00Z,7
PHI,Parx Racing,2026-05-11,4,18:01,Claiming 8f,Claiming,Dirt,8f,"$20,000",3,Tomarie,Bowman Adam,Arce Josue,8/1,False,Thoroughbred,tvg,https://api.tvg.com/cosmo/v1/graphql,2026-05-11T10:24:25.745524,1.0.0,Exclusive Quality,Restless Summer,El Corredor,10,M,Trending Stable,122,8/1,9.0,9.0,PHI-4,2026-05-11T18:01:00Z,7
PHI,Parx Racing,2026-05-11,4,18:01,Claiming 8f,Claiming,Dirt,8f,"$20,000",4,Umbral,Aguilar Jean,Dandy Ronald J,6/1,False,Thoroughbred,tvg,https://api.tvg.com/cosmo/v1/graphql,2026-05-11T10:24:25.745538,1.0.0,Ghostzapper,Zermatt,Tiznow,5,M,Michael S. Moriarty,122,6/1,7.0,7.0,PHI-4,2026-05-11T18:01:00Z,7
PHI,Parx Racing,2026-05-11,4,18:01,Claiming 8f,Claiming,Dirt,8f,"$20,000",5,Bright Kohana,Gonzalez Melvis,Arce Josue,8/1,False,Thoroughbred,tvg,https://api.tvg.com/cosmo/v1/graphql,2026-05-11T10:24:25.745551,1.0.0,Fast Anna,Wise Gal,Einstein (Brz),5,M,Rase Stables,122,8/1,9.0,9.0,PHI-4,2026-05-11T18:01:00Z,7
PHI,Parx Racing,2026-05-11,4,18:01,Claiming 8f,Claiming,Dirt,8f,"$20,000",6,Classy Miss,Rivera Dalila A,Bullock Jordan M,8/1,False,Thoroughbred,tvg,https://api.tvg.com/cosmo/v1/graphql,2026-05-11T10:24:25.745564,1.0.0,Strong Mandate,Express Miss,Unbridled Express,7,M,M Racing Stable,115,8/1,9.0,9.0,PHI-4,2026-05-11T18:01:00Z,7
PHI,Parx Racing,2026-05-11,4,18:01,Claiming 8f,Claiming,Dirt,8f,"$20,000",7,Chelsea Wall,Hazlewood Yedsit,Ness Jamie,5/2,False,Thoroughbred,tvg,https://api.tvg.com/cosmo/v1/graphql,2026-05-11T10:24:25.745576,1.0.0,Sky Kingdom,Patty's Pride,Special Rate,8,M,Jagger Inc. and Longball Stables LLC,117,5/2,3.5,3.5,PHI-4,2026-05-11T18:01:00Z,7
PHI,Parx Racing,2026-05-11,5,18:28,Starter Optional Claiming 8f,Starter Optional Claiming,Dirt,8f,"$25,000",1,And Thats My Story,Lopez Paco,Castillo Michelle,6/1,False,Thoroughbred,tvg,https://api.tvg.com/cosmo/v1/graphql,2026-05-11T10:24:25.745607,1.0.0,Alternation,Pola's Place,Out Of Place,4,G,John O'Meara,125,6/1,7.0,7.0,PHI-5,2026-05-11T18:28:00Z,7
PHI,Parx Racing,2026-05-11,5,18:28,Starter Optional Claiming 8f,Starter Optional Claiming,Dirt,8f,"$25,000",2,Tavern Time,Hazlewood Yedsit,Ness Jamie,3/1,False,Thoroughbred,tvg,https://api.tvg.com/cosmo/v1/graphql,2026-05-11T10:24:25.745620,1.0.0,Alternation,Room For Aptitude,Aptitude,4,G,Jagger Inc. and Longball Stables LLC,115,3/1,4.0,4.0,PHI-5,2026-05-11T18:28:00Z,7
PHI,Parx Racing,2026-05-11,5,18:28,Starter Optional Claiming 8f,Starter Optional Claiming,Dirt,8f,"$25,000",3,Extrasexymcsteemee,Haddock Dexter,Guerrero J. G,5/1,False,Thoroughbred,tvg,https://api.tvg.com/cosmo/v1/graphql,2026-05-11T10:24:25.745634,1.0.0,Honor Code,Extra Sexy Psychic,Freud,4,G,H Z Stable,125,5/1,6.0,6.0,PHI-5,2026-05-11T18:28:00Z,7
PHI,Parx Racing,2026-05-11,5,18:28,Starter Optional Claiming 8f,Starter Optional Claiming,Dirt,8f,"$25,000",4,Real Men Violin,Herman Noel,Arce Josue,5/1,False,Thoroughbred,tvg,https://api.tvg.com/cosmo/v1/graphql,2026-05-11T10:24:25.745647,1.0.0,Mendelssohn,Meg Fitz,Tapit,5,G,Trending Stable,118,5/1,6.0,6.0,PHI-5,2026-05-11T18:28:00Z,7
PHI,Parx Racing,2026-05-11,5,18:28,Starter Optional Claiming 8f,Starter Optional Claiming,Dirt,8f,"$25,000",5,Bonafide,Sanchez Mychel J,Mosco Robert,5/2,False,Thoroughbred,tvg,https://api.tvg.com/cosmo/v1/graphql,2026-05-11T10:24:25.745660,1.0.0,Authentic,Minks Aprise,Northern Afleet,4,G,Jack J. Armstrong,125,5/2,3.5,3.5,PHI-5,2026-05-11T18:28:00Z,7
PHI,Parx Racing,2026-05-11,5,18:28,Starter Optional Claiming 8f,Starter Optional Claiming,Dirt,8f,"$25,000",6,Housebuster Dude,Adorno Abner,Lake Scott A,6/1,False,Thoroughbred,tvg,https://api.tvg.com/cosmo/v1/graphql,2026-05-11T10:24:25.745673,1.0.0,First Dude,All Night Labor,Double Honor,3,C,Daniel J. Conklin,120,6/1,7.0,7.0,PHI-5,2026-05-11T18:28:00Z,7
PHI,Parx Racing,2026-05-11,5,18:28,Starter Optional Claiming 8f,Starter Optional Claiming,Dirt,8f,"$25,000",7,Tall Cotton,Pennington Frankie,Potts Wayne,4/1,False,Thoroughbred,tvg,https://api.tvg.com/cosmo/v1/graphql,2026-05-11T10:24:25.745687,1.0.0,Improbable,R Angel Katelyn,High Cotton,4,G,Brad's Equine Adventure,125,4/1,5.0,5.0,PHI-5,2026-05-11T18:28:00Z,7
PHI,Parx Racing,2026-05-11,6,18:55,Claiming 6f,Claiming,Dirt,6f,"$28,000",1,Jackson Road,Martinez Francisco,Soto- Martinez Elliott,6/1,False,Thoroughbred,tvg,https://api.tvg.com/cosmo/v1/graphql,2026-05-11T10:24:25.745721,1.0.0,Good Magic,Dark Before Dawn,Ghostzapper,6,G,Rase Stables,122,6/1,7.0,7.0,PHI-6,2026-05-11T18:55:00Z,7
PHI,Parx Racing,2026-05-11,6,18:55,Claiming 6f,Claiming,Dirt,6f,"$28,000",2,Mac Daddy Too,Hazlewood Yedsit,Guerrero J. G,6/1,False,Thoroughbred,tvg,https://api.tvg.com/cosmo/v1/graphql,2026-05-11T10:24:25.745735,1.0.0,Maclean's Music,Valid Touche,Stephen Got Even,8,G,Jaime Guerrero,117,6/1,7.0,7.0,PHI-6,2026-05-11T18:55:00Z,7
PHI,Parx Racing,2026-05-11,6,18:55,Claiming 6f,Claiming,Dirt,6f,"$28,000",3,Son Of Thor,Lopez Paco,Pino Michael V,5/1,False,Thoroughbred,tvg,https://api.tvg.com/cosmo/v1/graphql,2026-05-11T10:24:25.745753,1.0.0,Rowayton,Charlybrown's Rose,Uptowncharlybrown,4,G,Just In Time Racing LLC,122,5/1,6.0,6.0,PHI-6,2026-05-11T18:55:00Z,7
PHI,Parx Racing,2026-05-11,6,18:55,Claiming 6f,Claiming,Dirt,6f,"$28,000",4,Brave Blend,Aguilar Jean,Penaloza Miguel,6/1,False,Thoroughbred,tvg,https://api.tvg.com/cosmo/v1/graphql,2026-05-11T10:24:25.745767,1.0.0,Omaha Beach,Ultimate Blend,Tiznow,5,G,Pleasant Fields at Harmony Hill LLC,125,6/1,7.0,7.0,PHI-6,2026-05-11T18:55:00Z,7
PHI,Parx Racing,2026-05-11,6,18:55,Claiming 6f,Claiming,Dirt,6f,"$28,000",5,Backside Buzz,Sanchez Mychel J,Pino Michael V,9/2,False,Thoroughbred,tvg,https://api.tvg.com/cosmo/v1/graphql,2026-05-11T10:24:25.745786,1.0.0,Connect,Smooth Caramel,Candy Ride (Arg),6,G,Bing Cherry Racing Inc.,122,9/2,5.5,5.5,PHI-6,2026-05-11T18:55:00Z,7
PHI,Parx Racing,2026-05-11,6,18:55,Claiming 6f,Claiming,Dirt,6f,"$28,000",6,Bermuda Run,Rodriguez Angel R,Kreiser Timothy C,3/1,False,Thoroughbred,tvg,https://api.tvg.com/cosmo/v1/graphql,2026-05-11T10:24:25.745842,1.0.0,West Coast,Rene's Fast Cat,Big Top Cat,5,G,Bush Racing Stable,125,3/1,4.0,4.0,PHI-6,2026-05-11T18:55:00Z,7
PHI,Parx Racing,2026-05-11,6,18:55,Claiming 6f,Claiming,Dirt,6f,"$28,000",7,Runandscore,Rivera Dalila A,Rodriguez Miguel A,4/1,False,Thoroughbred,tvg,https://api.tvg.com/cosmo/v1/graphql,2026-05-11T10:24:25.745878,1.0.0,Runhappy,Finding Aurum,Seeking The Gold,6,G,Holiday Luck Racing and Miguel A. Rodriguez,115,4/1,5.0,5.0,PHI-6,2026-05-11T18:55:00Z,7
PHI,Parx Racing,2026-05-11,7,19:22,Claiming 8.3f,Claiming,Dirt,8.3f,"$18,000",1,Alma Brilha,Herman Noel,Velazquez Daniel,7/2,False,Thoroughbred,tvg,https://api.tvg.com/cosmo/v1/graphql,2026-05-11T10:24:25.745931,1.0.0,Hoppertunity,Essa Brilha (Brz),Roi Normand,5,M,Daniel Velazquez and Joe Lewis Racing LLC,115,7/2,4.5,4.5,PHI-7,2026-05-11T19:22:00Z,9
PHI,Parx Racing,2026-05-11,7,19:22,Claiming 8.3f,Claiming,Dirt,8.3f,"$18,000",2,Waitwaitdonttellme,Ocasio Luis M,Bouchard Leslye G,20/1,False,Thoroughbred,tvg,https://api.tvg.com/cosmo/v1/graphql,2026-05-11T10:24:25.745947,1.0.0,Mucho Macho Man,Yolie's Choice,Silver Deputy,6,M,Leslye G. Bouchard,122,20/1,21.0,21.0,PHI-7,2026-05-11T19:22:00Z,9
PHI,Parx Racing,2026-05-11,7,19:22,Claiming 8.3f,Claiming,Dirt,8.3f,"$18,000",3,Mo's Vino Mesa,Aguilar Jean,Gallimore Trevor,20/1,False,Thoroughbred,tvg,https://api.tvg.com/cosmo/v1/graphql,2026-05-11T10:24:25.745961,1.0.0,Vino Rosso,Snow Mesa,Sky Mesa,5,M,Candy's Racing Stable,122,20/1,21.0,21.0,PHI-7,2026-05-11T19:22:00Z,9
PHI,Parx Racing,2026-05-11,7,19:22,Claiming 8.3f,Claiming,Dirt,8.3f,"$18,000",4,Miss Chamita,Rangel Joezer,Soto- Martinez Elliott,5/2,False,Thoroughbred,tvg,https://api.tvg.com/cosmo/v1/graphql,2026-05-11T10:24:25.745976,1.0.0,Keen Ice,Princess Susan M,Jump Start,7,M,Victoria Alih Stables LLC,122,5/2,3.5,3.5,PHI-7,2026-05-11T19:22:00Z,9
PHI,Parx Racing,2026-05-11,7,19:22,Claiming 8.3f,Claiming,Dirt,8.3f,"$18,000",5,Ghostly Girl,Rivera Dalila A,Diaz Jorge,6/1,False,Thoroughbred,tvg,https://api.tvg.com/cosmo/v1/graphql,2026-05-11T10:24:25.745991,1.0.0,Shaman Ghost,Lady Dyna,Tapit,6,M,Rase Stables,115,6/1,7.0,7.0,PHI-7,2026-05-11T19:22:00Z,9
PHI,Parx Racing,2026-05-11,7,19:22,Claiming 8.3f,Claiming,Dirt,8.3f,"$18,000",6,Stay Opportunistic,Martinez Francisco,"Brown, Jr. Howard R",15/1,False,Thoroughbred,tvg,https://api.tvg.com/cosmo/v1/graphql,2026-05-11T10:24:25.746030,1.0.0,Hoppertunity,Stay West,Stay Thirsty,6,M,"Howard R. Brown, Jr.",122,15/1,16.0,16.0,PHI-7,2026-05-11T19:22:00Z,9
PHI,Parx Racing,2026-05-11,7,19:22,Claiming 8.3f,Claiming,Dirt,8.3f,"$18,000",7,Amy Mule,Haddock Dexter,Bravo-Estrada Jaime,5/1,False,Thoroughbred,tvg,https://api.tvg.com/cosmo/v1/graphql,2026-05-11T10:24:25.746048,1.0.0,Army Mule,Joyful Frolic,Curlin,5,M,Victoria M. Saldana,122,5/1,6.0,6.0,PHI-7,2026-05-11T19:22:00Z,9
PHI,Parx Racing,2026-05-11,7,19:22,Claiming 8.3f,Claiming,Dirt,8.3f,"$18,000",8,Hi Heeled Warrior,Hazlewood Yedsit,Rodriguez Irving,9/2,False,Thoroughbred,tvg,https://api.tvg.com/cosmo/v1/graphql,2026-05-11T10:24:25.746062,1.0.0,Warrior's Reward,Four Inch Heels,Afleet Alex,6,M,The Hakim's Stable LLC,117,9/2,5.5,5.5,PHI-7,2026-05-11T19:22:00Z,9
PHI,Parx Racing,2026-05-11,7,19:22,Claiming 8.3f,Claiming,Dirt,8.3f,"$18,000",9,Beyond A Million,Williams Ajhari,Williams Abdul,15/1,False,Thoroughbred,tvg,https://api.tvg.com/cosmo/v1/graphql,2026-05-11T10:24:25.746077,1.0.0,California Chrome,Like A Million,Street Sense,8,M,Abdul Williams,122,15/1,16.0,16.0,PHI-7,2026-05-11T19:22:00Z,9
PHI,Parx Racing,2026-05-11,8,19:49,Starter Optional Claiming 6f,Starter Optional Claiming,Dirt,6f,"$30,000",1,Faytastic,Aguilar Jean,Gallimore Trevor,20/1,False,Thoroughbred,tvg,https://api.tvg.com/cosmo/v1/graphql,2026-05-11T10:24:25.746119,1.0.0,Warrior's Reward,My Cousin Fay,Sharp Humor,5,M,Positive Connection Stable,125,20/1,21.0,21.0,PHI-8,2026-05-11T19:49:00Z,7
PHI,Parx Racing,2026-05-11,8,19:49,Starter Optional Claiming 6f,Starter Optional Claiming,Dirt,6f,"$30,000",2,Misspent,Haddock Dexter,Vega Richard,10/1,False,Thoroughbred,tvg,https://api.tvg.com/cosmo/v1/graphql,2026-05-11T10:24:25.746133,1.0.0,Social Inclusion,Double Down Dare,Cross Traffic,4,F,"Louis A. Bisso Jr, Richard Vega Jr & Richard Vega Racing Inc",125,10/1,11.0,11.0,PHI-8,2026-05-11T19:49:00Z,7
PHI,Parx Racing,2026-05-11,8,19:49,Starter Optional Claiming 6f,Starter Optional Claiming,Dirt,6f,"$30,000",3,Literary,Silvera Ruben,Rodriguez Julio,6/1,False,Thoroughbred,tvg,https://api.tvg.com/cosmo/v1/graphql,2026-05-11T10:24:25.746146,1.0.0,Tonalist,Talk Softly,Malibu Moon,7,M,JKX Racing,125,6/1,7.0,7.0,PHI-8,2026-05-11T19:49:00Z,7
PHI,Parx Racing,2026-05-11,8,19:49,Starter Optional Claiming 6f,Starter Optional Claiming,Dirt,6f,"$30,000",4,Jump A Fox,Castillo Angel,Gallimore Trevor,10/1,False,Thoroughbred,tvg,https://api.tvg.com/cosmo/v1/graphql,2026-05-11T10:24:25.746159,1.0.0,Jump Start,Foxy A. G.,Power By Far,7,M,Candy's Racing Stable,125,10/1,11.0,11.0,PHI-8,2026-05-11T19:49:00Z,7
PHI,Parx Racing,2026-05-11,8,19:49,Starter Optional Claiming 6f,Starter Optional Claiming,Dirt,6f,"$30,000",5,Tara's Talent,Hernandez Andy,Padilla-Preciado Ernesto,5/1,False,Thoroughbred,tvg,https://api.tvg.com/cosmo/v1/graphql,2026-05-11T10:24:25.746174,1.0.0,Talent Search,Graemy,Graeme Hall,10,M,CDI Thoroughbreds,125,5/1,6.0,6.0,PHI-8,2026-05-11T19:49:00Z,7
PHI,Parx Racing,2026-05-11,8,19:49,Starter Optional Claiming 6f,Starter Optional Claiming,Dirt,6f,"$30,000",6,Pachelbel,"Vargas, Jr. Jorge A",Moore Michael M,9/5,False,Thoroughbred,tvg,https://api.tvg.com/cosmo/v1/graphql,2026-05-11T10:24:25.746192,1.0.0,Hoppertunity,Brilliant Sunshine,Smarty Jones,6,M,Hardesty Stables and Michael Day,125,9/5,2.8,2.8,PHI-8,2026-05-11T19:49:00Z,7
PHI,Parx Racing,2026-05-11,8,19:49,Starter Optional Claiming 6f,Starter Optional Claiming,Dirt,6f,"$30,000",7,Pearls And Heels,Sanchez Mychel J,Hawthorne Bobbi A,2/1,False,Thoroughbred,tvg,https://api.tvg.com/cosmo/v1/graphql,2026-05-11T10:24:25.746210,1.0.0,Shanghai Bobby,Just Add Pearls,Mr. Greeley,7,M,Margaret Rose Stable,128,2/1,3.0,3.0,PHI-8,2026-05-11T19:49:00Z,7
PHI,Parx Racing,2026-05-11,9,20:16,Allowance Optional Claiming 6f,Allowance Optional Claiming,Dirt,6f,"$52,000",1,Windsor Gold,Wolfsont Andrew,Moore Michael M,12/1,False,Thoroughbred,tvg,https://api.tvg.com/cosmo/v1/graphql,2026-05-11T10:24:25.746260,1.0.0,Golden Lad,English Mum,Congrats,7,G,Hardesty Stables,122,12/1,13.0,13.0,PHI-9,2026-05-11T20:16:00Z,8
PHI,Parx Racing,2026-05-11,9,20:16,Allowance Optional Claiming 6f,Allowance Optional Claiming,Dirt,6f,"$52,000",2,Factor U And Me In,Adorno Abner,Padilla Hugo O,9/2,False,Thoroughbred,tvg,https://api.tvg.com/cosmo/v1/graphql,2026-05-11T10:24:25.746274,1.0.0,The Factor,You Betcha Babe,Yes It's True,5,G,Randy Rentz,122,9/2,5.5,5.5,PHI-9,2026-05-11T20:16:00Z,8
PHI,Parx Racing,2026-05-11,9,20:16,Allowance Optional Claiming 6f,Allowance Optional Claiming,Dirt,6f,"$52,000",3,Counterspy,Martinez Francisco,Mosco Robert,7/2,False,Thoroughbred,tvg,https://api.tvg.com/cosmo/v1/graphql,2026-05-11T10:24:25.746287,1.0.0,Gun Runner,Simplify,Pulpit,6,G,Jack J. Armstrong,122,7/2,4.5,4.5,PHI-9,2026-05-11T20:16:00Z,8
PHI,Parx Racing,2026-05-11,9,20:16,Allowance Optional Claiming 6f,Allowance Optional Claiming,Dirt,6f,"$52,000",4,Awesome Flay,Bowman Adam,Wyner Harold,8/1,False,Thoroughbred,tvg,https://api.tvg.com/cosmo/v1/graphql,2026-05-11T10:24:25.746300,1.0.0,Awesome Slew,Flay Mignon,Yesbyjimminy,6,G,Positive Connection Stable,122,8/1,9.0,9.0,PHI-9,2026-05-11T20:16:00Z,8
PHI,Parx Racing,2026-05-11,9,20:16,Allowance Optional Claiming 6f,Allowance Optional Claiming,Dirt,6f,"$52,000",5,Soze,Ocasio Luis M,Soto- Martinez Elliott,12/1,False,Thoroughbred,tvg,https://api.tvg.com/cosmo/v1/graphql,2026-05-11T10:24:25.746314,1.0.0,Maximus Mischief,Dominating Woman,Dominus,5,G,Rolando Lima,122,12/1,13.0,13.0,PHI-9,2026-05-11T20:16:00Z,8
PHI,Parx Racing,2026-05-11,9,20:16,Allowance Optional Claiming 6f,Allowance Optional Claiming,Dirt,6f,"$52,000",6,Winning Time,Lopez Paco,Demasi Kathleen A,4/1,False,Thoroughbred,tvg,https://api.tvg.com/cosmo/v1/graphql,2026-05-11T10:24:25.746327,1.0.0,Winchill,Merry's Pegasus,Fusaichi Pegasus,6,G,Pewter Stable,122,4/1,5.0,5.0,PHI-9,2026-05-11T20:16:00Z,8
PHI,Parx Racing,2026-05-11,9,20:16,Allowance Optional Claiming 6f,Allowance Optional Claiming,Dirt,6f,"$52,000",7,Bernie's Mitts,Pennington Frankie,Bullock Jordan M,10/1,False,Thoroughbred,tvg,https://api.tvg.com/cosmo/v1/graphql,2026-05-11T10:24:25.746341,1.0.0,First Dude,Precious Lady,Songandaprayer,5,G,Nelson E. Berberena,122,10/1,11.0,11.0,PHI-9,2026-05-11T20:16:00Z,8
PHI,Parx Racing,2026-05-11,9,20:16,Allowance Optional Claiming 6f,Allowance Optional Claiming,Dirt,6f,"$52,000",8,Gordian Knot,Sanchez Mychel J,Ness Jamie,3/1,False,Thoroughbred,tvg,https://api.tvg.com/cosmo/v1/graphql,2026-05-11T10:24:25.746353,1.0.0,Social Inclusion,Mia,Put It Back,6,G,Madison Avenue Racing Stable Inc. and Morris E. Kernan Jr.,122,3/1,4.0,4.0,PHI-9,2026-05-11T20:16:00Z,8
PHI,Parx Racing,2026-05-11,10,20:43,Claiming 6f,Claiming,Dirt,6f,"$18,000",1,Ducale,Martinez Francisco,Diaz Jorge,6/1,False,Thoroughbred,tvg,https://api.tvg.com/cosmo/v1/graphql,2026-05-11T10:24:25.746382,1.0.0,Twirling Candy,Barbadia,Speightstown,8,G,Ronald Vrana,122,6/1,7.0,7.0,PHI-10,2026-05-11T20:43:00Z,10
PHI,Parx Racing,2026-05-11,10,20:43,Claiming 6f,Claiming,Dirt,6f,"$18,000",2,Seven Anniversary,Rodriguez Yan,Rodriguez Miguel A,8/1,False,Thoroughbred,tvg,https://api.tvg.com/cosmo/v1/graphql,2026-05-11T10:24:25.746394,1.0.0,Kantharos,Mahbadiha,More Than Ready,5,G,Holiday Luck Racing and Miguel A. Rodriguez,122,8/1,9.0,9.0,PHI-10,2026-05-11T20:43:00Z,10
PHI,Parx Racing,2026-05-11,10,20:43,Claiming 6f,Claiming,Dirt,6f,"$18,000",3,Mission First,Rivera Kendry,Soto- Martinez Elliott,10/1,False,Thoroughbred,tvg,https://api.tvg.com/cosmo/v1/graphql,2026-05-11T10:24:25.746405,1.0.0,Army Mule,Propero,Yes It's True,4,G,G. A. Racing,117,10/1,11.0,11.0,PHI-10,2026-05-11T20:43:00Z,10
PHI,Parx Racing,2026-05-11,10,20:43,Claiming 6f,Claiming,Dirt,6f,"$18,000",4,Bullet Breeze,Ocasio Luis M,Caban Carlos E,20/1,False,Thoroughbred,tvg,https://api.tvg.com/cosmo/v1/graphql,2026-05-11T10:24:25.746416,1.0.0,Golden Lad,Takenbythebreeze,Shore Breeze,6,G,Fiorella Prado,122,20/1,21.0,21.0,PHI-10,2026-05-11T20:43:00Z,10
PHI,Parx Racing,2026-05-11,10,20:43,Claiming 6f,Claiming,Dirt,6f,"$18,000",5,Sophia's Prince,Gonzalez Silvestre,Gallimore Trevor,10/1,False,Thoroughbred,tvg,https://api.tvg.com/cosmo/v1/graphql,2026-05-11T10:24:25.746428,1.0.0,Oxbow,Miss Hissy Fit,Aldebaran,6,G,Candy's Racing Stable,122,10/1,11.0,11.0,PHI-10,2026-05-11T20:43:00Z,10
PHI,Parx Racing,2026-05-11,10,20:43,Claiming 6f,Claiming,Dirt,6f,"$18,000",6,Power Agenda,Rivera Dalila A,Velazquez Alfredo,4/1,False,Thoroughbred,tvg,https://api.tvg.com/cosmo/v1/graphql,2026-05-11T10:24:25.746440,1.0.0,Nyquist,Dream Dance,Afleet Alex,7,G,Anita Velazquez,115,4/1,5.0,5.0,PHI-10,2026-05-11T20:43:00Z,10
PHI,Parx Racing,2026-05-11,10,20:43,Claiming 6f,Claiming,Dirt,6f,"$18,000",7,Twentyeighttothree,Lopez Paco,Padilla Esteban,3/1,False,Thoroughbred,tvg,https://api.tvg.com/cosmo/v1/graphql,2026-05-11T10:24:25.746452,1.0.0,Curlin,Ketel Twist,Dixie Union,5,G,Top Notch Racing,125,3/1,4.0,4.0,PHI-10,2026-05-11T20:43:00Z,10
PHI,Parx Racing,2026-05-11,10,20:43,Claiming 6f,Claiming,Dirt,6f,"$18,000",8,Big Brown Shoes,Herman Noel,Diaz Jorge,5/1,False,Thoroughbred,tvg,https://api.tvg.com/cosmo/v1/graphql,2026-05-11T10:24:25.746464,1.0.0,Big Brown,Shoeless Angel,Wildcat Shoes,8,G,James Aguilar-Juarez,115,5/1,6.0,6.0,PHI-10,2026-05-11T20:43:00Z,10
PHI,Parx Racing,2026-05-11,10,20:43,Claiming 6f,Claiming,Dirt,6f,"$18,000",9,Magicnthemoonlight,Haddock Dexter,Perez Ruperto A,7/2,False,Thoroughbred,tvg,https://api.tvg.com/cosmo/v1/graphql,2026-05-11T10:24:25.746476,1.0.0,Tapiture,Moonlight Basin,Eurosilver,7,G,Ruperto A. Perez,122,7/2,4.5,4.5,PHI-10,2026-05-11T20:43:00Z,10
PHI,Parx Racing,2026-05-11,10,20:43,Claiming 6f,Claiming,Dirt,6f,"$18,000",10,Tuff Constitution,Hazlewood Yedsit,Ness Jamie,5/1,False,Thoroughbred,tvg,https://api.tvg.com/cosmo/v1/graphql,2026-05-11T10:24:25.746488,1.0.0,Constitution,Tuff Partners,Partner's Hero,7,G,Jagger Inc. and Longball Stables LLC,117,5/1,6.0,6.0,PHI-10,2026-05-11T20:43:00Z,10
POC,Pocono Downs,2026-05-11,1,17:00,Trot 1m,Trot,Dirt,1m,"$20,000",1,Ready For Landing,"Allard, Simon","Akins, Mark",12/1,False,Harness,tvg,https://api.tvg.com/cosmo/v1/graphql,2026-05-11T10:24:26.831879,1.0.0,Tactical Landing,K T Cha Cha,Angus Hall,5,G,"Mark G Akins,Gilbertsville,PA",0,12/1,13.0,13.0,POC-1,2026-05-11T17:00:00Z,7
POC,Pocono Downs,2026-05-11,1,17:00,Trot 1m,Trot,Dirt,1m,"$20,000",2,Shoresy,"Mccarthy, Andr","Engblom, Per",7/2,False,Harness,tvg,https://api.tvg.com/cosmo/v1/graphql,2026-05-11T10:24:26.831900,1.0.0,Cantab Hall,Hs Carry On,Donato Hanover,4,H,"Timothy G Betts,Canonsburg,PA;Shana",0,7/2,4.5,4.5,POC-1,2026-05-11T17:00:00Z,7
POC,Pocono Downs,2026-05-11,1,17:00,Trot 1m,Trot,Dirt,1m,"$20,000",3,Southwind Arturo,"Napolitano, An","Daguet, Debora",6/1,False,Harness,tvg,https://api.tvg.com/cosmo/v1/graphql,2026-05-11T10:24:26.831907,1.0.0,Muscle Hill,Amber Ella,Chapter Seven,7,R,"Stephen Klunowski,North York,ON, CA",0,6/1,7.0,7.0,POC-1,2026-05-11T17:00:00Z,7
POC,Pocono Downs,2026-05-11,1,17:00,Trot 1m,Trot,Dirt,1m,"$20,000",4,Give Me A Yankee,"Buter, Tyler","Akins, Mark",8/1,False,Harness,tvg,https://api.tvg.com/cosmo/v1/graphql,2026-05-11T10:24:26.831913,1.0.0,Bar Hopping,Grace Am,Cantab Hall,4,H,"A 1 Racing,Gilbertsville,PA",0,8/1,9.0,9.0,POC-1,2026-05-11T17:00:00Z,7
POC,Pocono Downs,2026-05-11,1,17:00,Trot 1m,Trot,Dirt,1m,"$20,000",5,Super Duper Cooper,"Bartlett, Jaso","Robinson, Enri",5/2,False,Harness,tvg,https://api.tvg.com/cosmo/v1/graphql,2026-05-11T10:24:26.831919,1.0.0,E L Titan,Pink Power,Credit Winner,5,G,"Pollack Racing LLC,Venetia,PA",0,5/2,3.5,3.5,POC-1,2026-05-11T17:00:00Z,7
POC,Pocono Downs,2026-05-11,1,17:00,Trot 1m,Trot,Dirt,1m,"$20,000",6,Duly Resolved,"Tetrick, Tim","Robinson, Enri",3/1,False,Harness,tvg,https://api.tvg.com/cosmo/v1/graphql,2026-05-11T10:24:26.831924,1.0.0,Resolve,Motown Muscle,Muscle Mass,7,G,"Pollack Racing LLC,Venetia,PA",0,3/1,4.0,4.0,POC-1,2026-05-11T17:00:00Z,7
POC,Pocono Downs,2026-05-11,1,17:00,Trot 1m,Trot,Dirt,1m,"$20,000",7,Blackhawk Zette,"Napolitano, Ge","Baggitt, Rober",9/2,False,Harness,tvg,https://api.tvg.com/cosmo/v1/graphql,2026-05-11T10:24:26.831930,1.0.0,Cantab Hall,Zette Starlet,Credit Winner,5,H,"J L Sadowsky LLC,Bonita Springs,FL",0,9/2,5.5,5.5,POC-1,2026-05-11T17:00:00Z,7
POC,Pocono Downs,2026-05-11,2,17:18,Pace 1m,Pace,Dirt,1m,"$9,500",1,Oh Coffee Bean,"Napolitano, Ge","Belcher, Rober",9/2,False,Harness,tvg,https://api.tvg.com/cosmo/v1/graphql,2026-05-11T10:24:26.831946,1.0.0,Western Terror,Susurrus Hanover,Dragon Again,6,G,"Todd A Rosenberg,South Euclid,OH",0,9/2,5.5,5.5,POC-2,2026-05-11T17:18:00Z,8
POC,Pocono Downs,2026-05-11,2,17:18,Pace 1m,Pace,Dirt,1m,"$9,500",2,Xmarxthespot,"Allard, Simon","Kavoleff, Alex",4/1,False,Harness,tvg,https://api.tvg.com/cosmo/v1/graphql,2026-05-11T10:24:26.831952,1.0.0,Huntsville,Thirty X,Rocknroll Hanover,7,G,"Laurie J Molnar,Colts Neck,NJ",0,4/1,5.0,5.0,POC-2,2026-05-11T17:18:00Z,8
POC,Pocono Downs,2026-05-11,2,17:18,Pace 1m,Pace,Dirt,1m,"$9,500",3,Building Boost,"Boyd, Braxten","Huff, Jake",3/1,False,Harness,tvg,https://api.tvg.com/cosmo/v1/graphql,2026-05-11T10:24:26.831958,1.0.0,Always B Miki,Burlesque,Mach Three,7,G,"Rosalia Huff,Margate,FL;Beauty Brid",0,3/1,4.0,4.0,POC-2,2026-05-11T17:18:00Z,8
POC,Pocono Downs,2026-05-11,2,17:18,Pace 1m,Pace,Dirt,1m,"$9,500",4,Final Cheeserecipe,"Buter, Tyler","Burke, Ron",8/1,False,Harness,tvg,https://api.tvg.com/cosmo/v1/graphql,2026-05-11T10:24:26.831964,1.0.0,Betterthancheddar,Ingrid Hanover,Western Hanover,7,G,"Burke Racing Stable LLC,Frederickto",0,8/1,9.0,9.0,POC-2,2026-05-11T17:18:00Z,8
POC,Pocono Downs,2026-05-11,2,17:18,Pace 1m,Pace,Dirt,1m,"$9,500",5,Tulhurstsantanna A,"Kakaley, Matt","Taneyhill, Dar",5/1,False,Harness,tvg,https://api.tvg.com/cosmo/v1/graphql,2026-05-11T10:24:26.831970,1.0.0,Santanna Blue Chip,Ballroom Belle,Presidential Ball,13,G,"Mark J Jakubik,West Seneca,NY",0,5/1,6.0,6.0,POC-2,2026-05-11T17:18:00Z,8
POC,Pocono Downs,2026-05-11,2,17:18,Pace 1m,Pace,Dirt,1m,"$9,500",6,The Boss Said,"Kennedy, James","Pena, Lou",10/1,False,Harness,tvg,https://api.tvg.com/cosmo/v1/graphql,2026-05-11T10:24:26.831977,1.0.0,Huntsville,Enduring Delight,Bettor's Delight,7,G,"Sam M Dalia,Eatontown,NJ",0,10/1,11.0,11.0,POC-2,2026-05-11T17:18:00Z,8
POC,Pocono Downs,2026-05-11,2,17:18,Pace 1m,Pace,Dirt,1m,"$9,500",7,I'm The Prince,"Napolitano, An","Piotrow, Marta",7/2,False,Harness,tvg,https://api.tvg.com/cosmo/v1/graphql,2026-05-11T10:24:26.831983,1.0.0,Luck Be Withyou,Move On B B,Dontgetinmyway,7,G,"Ameer Najor,West Bloomfield,MI",0,7/2,4.5,4.5,POC-2,2026-05-11T17:18:00Z,8
POC,Pocono Downs,2026-05-11,2,17:18,Pace 1m,Pace,Dirt,1m,"$9,500",8,Jackie Moon,"Warren, Ridge","Mc Guire, Jame",12/1,False,Harness,tvg,https://api.tvg.com/cosmo/v1/graphql,2026-05-11T10:24:26.831989,1.0.0,Racing Hill,Hello Grin,Grinfromeartoear,8,G,"Jeff S O' Donnell,Freehold,NJ;John",0,12/1,13.0,13.0,POC-2,2026-05-11T17:18:00Z,8
POC,Pocono Downs,2026-05-11,3,17:36,Pace 1m,Pace,Dirt,1m,"$12,500",1,Jumpin' Jack Deo,"Mccarthy, Andr","Pelling, Brett",3/1,False,Harness,tvg,https://api.tvg.com/cosmo/v1/graphql,2026-05-11T10:24:26.832000,1.0.0,Captaintreacherous,Rocklamation,Rocknroll Hanover,3,G,"David H Mc Duffee,Rye,NH;Paul L Bor",0,3/1,4.0,4.0,POC-3,2026-05-11T17:36:00Z,8
POC,Pocono Downs,2026-05-11,3,17:36,Pace 1m,Pace,Dirt,1m,"$12,500",2,Cooperstown Boy,"Kelly, Colin","Bako, Jared",7/2,False,Harness,tvg,https://api.tvg.com/cosmo/v1/graphql,2026-05-11T10:24:26.832006,1.0.0,Huntsville,Twinsburg,Mcardle,3,G,"Ny Seb Inc,Katonah,NY",0,7/2,4.5,4.5,POC-3,2026-05-11T17:36:00Z,8
POC,Pocono Downs,2026-05-11,3,17:36,Pace 1m,Pace,Dirt,1m,"$12,500",3,One Fell Swoop,"Boyd, Braxten","Bako, Jared",12/1,False,Harness,tvg,https://api.tvg.com/cosmo/v1/graphql,2026-05-11T10:24:26.832011,1.0.0,Huntsville,Step Beyond,Art Major,3,G,"Blue Chip Bloodstock Inc,Wallkill,N",0,12/1,13.0,13.0,POC-3,2026-05-11T17:36:00Z,8
POC,Pocono Downs,2026-05-11,3,17:36,Pace 1m,Pace,Dirt,1m,"$12,500",4,Attaboychet,"Jackson, Tom","Jackson, Tom",10/1,False,Harness,tvg,https://api.tvg.com/cosmo/v1/graphql,2026-05-11T10:24:26.832017,1.0.0,Downbytheseaside,Acrobatta,American Ideal,4,H,"A P Racing,West Chester,PA;Michael",0,10/1,11.0,11.0,POC-3,2026-05-11T17:36:00Z,8
POC,Pocono Downs,2026-05-11,3,17:36,Pace 1m,Pace,Dirt,1m,"$12,500",5,Ideal Mach,"Napolitano, An","Devita, Nichol",8/1,False,Harness,tvg,https://api.tvg.com/cosmo/v1/graphql,2026-05-11T10:24:26.832022,1.0.0,American Ideal,D Gs Pesquero,Mach Three,3,G,"Pit Bull Stb LLC,Rvr Vale,NJ;E A Pr",0,8/1,9.0,9.0,POC-3,2026-05-11T17:36:00Z,8
POC,Pocono Downs,2026-05-11,3,17:36,Pace 1m,Pace,Dirt,1m,"$12,500",6,Calvin Hanover,"Tetrick, Tim","Di Domenico, S",4/1,False,Harness,tvg,https://api.tvg.com/cosmo/v1/graphql,2026-05-11T10:24:26.832028,1.0.0,Papi Rob Hanover,Code One Hanover,Sportswriter,3,G,"Oompa's Farm Inc,Creamridge,NJ;Jose",0,4/1,5.0,5.0,POC-3,2026-05-11T17:36:00Z,8
POC,Pocono Downs,2026-05-11,3,17:36,Pace 1m,Pace,Dirt,1m,"$12,500",7,He's Gone Hanover,"Buter, Tyler","Dillon, Britne",9/2,False,Harness,tvg,https://api.tvg.com/cosmo/v1/graphql,2026-05-11T10:24:26.832034,1.0.0,Papi Rob Hanover,Hana Hanover,Western Hanover,3,G,"William A Hartt,Carmel,ME;Britney L",0,9/2,5.5,5.5,POC-3,2026-05-11T17:36:00Z,8
POC,Pocono Downs,2026-05-11,3,17:36,Pace 1m,Pace,Dirt,1m,"$12,500",8,Zod,"Kakaley, Matt","Alexander, Tra",5/1,False,Harness,tvg,https://api.tvg.com/cosmo/v1/graphql,2026-05-11T10:24:26.832039,1.0.0,Huntsville,Bastanteporfavor,American Ideal,3,G,"Fiddler's Creek Stables LLC,Naples,",0,5/1,6.0,6.0,POC-3,2026-05-11T17:36:00Z,8
POC,Pocono Downs,2026-05-11,4,17:54,Trot 1m,Trot,Dirt,1m,"$13,500",1,Sainthood,"Napolitano, Ge","Pavia, Joe Jr",5/1,False,Harness,tvg,https://api.tvg.com/cosmo/v1/graphql,2026-05-11T10:24:26.832051,1.0.0,International Moni,Truffles,Chocolatier,5,G,"Bay Pond Racing Stable,Malvern,PA",0,5/1,6.0,6.0,POC-4,2026-05-11T17:54:00Z,8
POC,Pocono Downs,2026-05-11,4,17:54,Trot 1m,Trot,Dirt,1m,"$13,500",2,Pembroke Regal,"Napolitano, An","Daguet, Debora",8/1,False,Harness,tvg,https://api.tvg.com/cosmo/v1/graphql,2026-05-11T10:24:26.832056,1.0.0,Pembroke Slugger,Pembroke Posey,Master Glide,8,G,"J R Ryan,Lady Lake,FL;Collin J Ryan",0,8/1,9.0,9.0,POC-4,2026-05-11T17:54:00Z,8
POC,Pocono Downs,2026-05-11,4,17:54,Trot 1m,Trot,Dirt,1m,"$13,500",3,B Nicking,"Tetrick, Tim","Di Domenico, S",7/2,False,Harness,tvg,https://api.tvg.com/cosmo/v1/graphql,2026-05-11T10:24:26.832062,1.0.0,Wishing Stone,B Nicki,Like A Prayer,9,G,"Ben F Robards,Shepherdsville,KY",0,7/2,4.5,4.5,POC-4,2026-05-11T17:54:00Z,8
POC,Pocono Downs,2026-05-11,4,17:54,Trot 1m,Trot,Dirt,1m,"$13,500",4,One After Nine,"Pantaleano, Ji","Angle, Laura",4/1,False,Harness,tvg,https://api.tvg.com/cosmo/v1/graphql,2026-05-11T10:24:26.832118,1.0.0,Andover Hall,Oasis Dream,Cantab Hall,8,G,"Howard J Kaufman,Bryn Mawr,PA;Joshu",0,4/1,5.0,5.0,POC-4,2026-05-11T17:54:00Z,8
POC,Pocono Downs,2026-05-11,4,17:54,Trot 1m,Trot,Dirt,1m,"$13,500",5,Hand Dover Dan,"Bartlett, Jaso","Hudson, Lance",3/1,False,Harness,tvg,https://api.tvg.com/cosmo/v1/graphql,2026-05-11T10:24:26.832149,1.0.0,Dover Dan,My Taylor's Ham,Donerail,7,G,"William A Hartt,Carmel,ME",0,3/1,4.0,4.0,POC-4,2026-05-11T17:54:00Z,8
POC,Pocono Downs,2026-05-11,4,17:54,Trot 1m,Trot,Dirt,1m,"$13,500",6,Spending Crazy,"Buter, Tyler","Buter, Todd",9/2,False,Harness,tvg,https://api.tvg.com/cosmo/v1/graphql,2026-05-11T10:24:26.832164,1.0.0,Crazy Wow,Seven Eleven,Chapter Seven,6,G,"M Ellen Abbot,Middletown,NY;L L Vin",0,9/2,5.5,5.5,POC-4,2026-05-11T17:54:00Z,8
POC,Pocono Downs,2026-05-11,4,17:54,Trot 1m,Trot,Dirt,1m,"$13,500",7,Heytherbartender,"Boyd, Braxten","Wiest, David",12/1,False,Harness,tvg,https://api.tvg.com/cosmo/v1/graphql,2026-05-11T10:24:26.832177,1.0.0,Bar Hopping,Heythergeorgiegirl,Great George Two,5,G,"Paul E Britcher Jr,Newport,PA;Debra",0,12/1,13.0,13.0,POC-4,2026-05-11T17:54:00Z,8
POC,Pocono Downs,2026-05-11,4,17:54,Trot 1m,Trot,Dirt,1m,"$13,500",8,Pretty Dame Speedy,"Warren, Ridge","Devita, Nichol",10/1,False,Harness,tvg,https://api.tvg.com/cosmo/v1/graphql,2026-05-11T10:24:26.832188,1.0.0,Chapter Seven,Dame Du Lac,Muscle Hill,6,G,"John R Cummins,Lexington,KY",0,10/1,11.0,11.0,POC-4,2026-05-11T17:54:00Z,8
POC,Pocono Downs,2026-05-11,5,18:12,Pace 1m,Pace,Dirt,1m,"$11,000",1,Last Pound,"Allard, Simon","Capone, Camero",4/1,False,Harness,tvg,https://api.tvg.com/cosmo/v1/graphql,2026-05-11T10:24:26.832232,1.0.0,Heston Blue Chip,Bettorhaveanother,Bettor's Delight,5,G,"Cameron M Capone,Clarksburg,NJ",0,4/1,5.0,5.0,POC-5,2026-05-11T18:12:00Z,8
POC,Pocono Downs,2026-05-11,5,18:12,Pace 1m,Pace,Dirt,1m,"$11,000",2,Simon Says Hanover,"Pantaleano, Ji","Lux, Herbert I",7/2,False,Harness,tvg,https://api.tvg.com/cosmo/v1/graphql,2026-05-11T10:24:26.832246,1.0.0,Captaintreacherous,Social Scene,American Ideal,8,G,"William T Mullin,Shavertown,PA;Howa",0,7/2,4.5,4.5,POC-5,2026-05-11T18:12:00Z,8
POC,Pocono Downs,2026-05-11,5,18:12,Pace 1m,Pace,Dirt,1m,"$11,000",3,I'm A Big Shot,"Napolitano, Ge","Dillon, Britne",3/1,False,Harness,tvg,https://api.tvg.com/cosmo/v1/graphql,2026-05-11T10:24:26.832259,1.0.0,American Ideal,I'm Trigger Happy,Art Major,6,G,"William A Hartt,Carmel,ME",0,3/1,4.0,4.0,POC-5,2026-05-11T18:12:00Z,8
POC,Pocono Downs,2026-05-11,5,18:12,Pace 1m,Pace,Dirt,1m,"$11,000",4,Linnycalledfrankie,"Boyd, Braxten","Wine, Tee",9/2,False,Harness,tvg,https://api.tvg.com/cosmo/v1/graphql,2026-05-11T10:24:26.832271,1.0.0,Captaintreacherous,Saymynamesaymyname,Allamerican Native,8,G,"Jack B Piatt III,Washington,PA;Wine",0,9/2,5.5,5.5,POC-5,2026-05-11T18:12:00Z,8
POC,Pocono Downs,2026-05-11,5,18:12,Pace 1m,Pace,Dirt,1m,"$11,000",5,Double Up N,"Warren, Ridge","Reynolds, Kevi",10/1,False,Harness,tvg,https://api.tvg.com/cosmo/v1/graphql,2026-05-11T10:24:26.832283,1.0.0,American Ideal,Vegas Delight,Bettor's Delight,10,G,"Lucky Label Stable LLC,Grove City,O",0,10/1,11.0,11.0,POC-5,2026-05-11T18:12:00Z,8
POC,Pocono Downs,2026-05-11,5,18:12,Pace 1m,Pace,Dirt,1m,"$11,000",6,River Ness,"Kennedy, James","Pena, Lou",12/1,False,Harness,tvg,https://api.tvg.com/cosmo/v1/graphql,2026-05-11T10:24:26.832295,1.0.0,Huntsville,Summertime Lea,Lislea,7,G,"Todd's Auto,Canonsburg,PA",0,12/1,13.0,13.0,POC-5,2026-05-11T18:12:00Z,8
POC,Pocono Downs,2026-05-11,5,18:12,Pace 1m,Pace,Dirt,1m,"$11,000",7,Rose Run Zeke,"Napolitano, An","Piotrow, Marta",8/1,False,Harness,tvg,https://api.tvg.com/cosmo/v1/graphql,2026-05-11T10:24:26.832306,1.0.0,Stay Hungry,Rose Run Ultimate,Western Vintage,5,G,"Ameer Najor,West Bloomfield,MI",0,8/1,9.0,9.0,POC-5,2026-05-11T18:12:00Z,8
POC,Pocono Downs,2026-05-11,5,18:12,Pace 1m,Pace,Dirt,1m,"$11,000",8,High Impression,"Kakaley, Matt","Taneyhill, Dar",5/1,False,Harness,tvg,https://api.tvg.com/cosmo/v1/graphql,2026-05-11T10:24:26.832317,1.0.0,Rockin Image,Happy Becky,Cam's Card Shark,9,G,"P T Stable,Brick,NJ",0,5/1,6.0,6.0,POC-5,2026-05-11T18:12:00Z,8
POC,Pocono Downs,2026-05-11,6,18:30,Trot 1m,Trot,Dirt,1m,"$12,500",1,Captain Dolittle,"Allard, Simon","Wisser, David",12/1,False,Harness,tvg,https://api.tvg.com/cosmo/v1/graphql,2026-05-11T10:24:26.832343,1.0.0,Captain Corey,Dip Me Hanover,Donato Hanover,3,G,"David A Wisser,Albrightsville,PA;Re",0,12/1,13.0,13.0,POC-6,2026-05-11T18:30:00Z,8
POC,Pocono Downs,2026-05-11,6,18:30,Trot 1m,Trot,Dirt,1m,"$12,500",2,Kill The Noise As,"Tetrick, Tim","Lorentzon, Ane",3/1,False,Harness,tvg,https://api.tvg.com/cosmo/v1/graphql,2026-05-11T10:24:26.832356,1.0.0,Father Patrick,Jersey As,Muscles Yankee,3,G,"Acl Stuteri Ab,Paris,KY",0,3/1,4.0,4.0,POC-6,2026-05-11T18:30:00Z,8
POC,Pocono Downs,2026-05-11,6,18:30,Trot 1m,Trot,Dirt,1m,"$12,500",3,Nealon,"Melander, Matt","Melander, Marc",5/2,False,Harness,tvg,https://api.tvg.com/cosmo/v1/graphql,2026-05-11T10:24:26.832369,1.0.0,Gimpanzee,Devilish Delight,Father Patrick,3,G,Courant & Pcw Rcg & Kemppi Stbs Oy,0,5/2,3.5,3.5,POC-6,2026-05-11T18:30:00Z,8
POC,Pocono Downs,2026-05-11,6,18:30,Trot 1m,Trot,Dirt,1m,"$12,500",4,Dynamo,"Pantaleano, Ji","Morford, Norma",5/1,False,Harness,tvg,https://api.tvg.com/cosmo/v1/graphql,2026-05-11T10:24:26.832381,1.0.0,Walner,Marion Missamerica,Andover Hall,3,G,"Royal Sun Farms,Shickshinny,PA",0,5/1,6.0,6.0,POC-6,2026-05-11T18:30:00Z,8
POC,Pocono Downs,2026-05-11,6,18:30,Trot 1m,Trot,Dirt,1m,"$12,500",5,Almost Free,"Boyd, Braxten","Angle, Laura",10/1,False,Harness,tvg,https://api.tvg.com/cosmo/v1/graphql,2026-05-11T10:24:26.832394,1.0.0,International Moni,Hollywood Hill,Muscle Hill,3,G,"Howard J Kaufman,Bryn Mawr,PA;Joshu",0,10/1,11.0,11.0,POC-6,2026-05-11T18:30:00Z,8
POC,Pocono Downs,2026-05-11,6,18:30,Trot 1m,Trot,Dirt,1m,"$12,500",6,Augustus Blue Chip,"Kelly, Colin","Bako, Jared",6/1,False,Harness,tvg,https://api.tvg.com/cosmo/v1/graphql,2026-05-11T10:24:26.832405,1.0.0,Greenshoe,Destiny Blue Chip,Chapter Seven,3,G,"Blue Chip Bloodstock Inc,Wallkill,N",0,6/1,7.0,7.0,POC-6,2026-05-11T18:30:00Z,8
POC,Pocono Downs,2026-05-11,6,18:30,Trot 1m,Trot,Dirt,1m,"$12,500",7,High Noon Inn,"Warren, Ridge","Baggitt, Rober",15/1,False,Harness,tvg,https://api.tvg.com/cosmo/v1/graphql,2026-05-11T10:24:26.832433,1.0.0,Bar Hopping,Boujee Girl,Uncle Peter,3,G,"Robert M Baggitt Jr,Bangor,PA;Chris",0,15/1,16.0,16.0,POC-6,2026-05-11T18:30:00Z,8
POC,Pocono Downs,2026-05-11,6,18:30,Trot 1m,Trot,Dirt,1m,"$12,500",8,Highland Destiny,"Zeron, Scott","Takter, Nancy",4/1,False,Harness,tvg,https://api.tvg.com/cosmo/v1/graphql,2026-05-11T10:24:26.832452,1.0.0,Greenshoe,Highland Top Hill,Muscle Hill,3,G,"Highland Thoroughbred Frm,Inglewood",0,4/1,5.0,5.0,POC-6,2026-05-11T18:30:00Z,8
POC,Pocono Downs,2026-05-11,7,18:48,Pace 1m,Pace,Dirt,1m,"$17,500",1,Jordanna Hanover,"Napolitano, Ge","Fanning, Tom",5/1,False,Harness,tvg,https://api.tvg.com/cosmo/v1/graphql,2026-05-11T10:24:26.832484,1.0.0,Captaintreacherous,Jk Mollys Delight,Bettor's Delight,4,M,"Fanning Racing LLC,Jackson,NJ",0,5/1,6.0,6.0,POC-7,2026-05-11T18:48:00Z,8
POC,Pocono Downs,2026-05-11,7,18:48,Pace 1m,Pace,Dirt,1m,"$17,500",2,Long Shore,"Bartlett, Jaso","Pavia, Joe Jr",5/2,False,Harness,tvg,https://api.tvg.com/cosmo/v1/graphql,2026-05-11T10:24:26.832496,1.0.0,American Ideal,Butchie Beach,Somebeachsomewhere,3,F,"V Ferriero Jr,Dlnd,FL;D Pavia,Nw Hr",0,5/2,3.5,3.5,POC-7,2026-05-11T18:48:00Z,8
POC,Pocono Downs,2026-05-11,7,18:48,Pace 1m,Pace,Dirt,1m,"$17,500",3,Threecurtaincalls,"Kennedy, James","Daguet, Debora",6/1,False,Harness,tvg,https://api.tvg.com/cosmo/v1/graphql,2026-05-11T10:24:26.832509,1.0.0,Huntsville,Encore Deo,Rock N Roll Heaven,4,M,"J J J Stables,North Vancouver,BC, C",0,6/1,7.0,7.0,POC-7,2026-05-11T18:48:00Z,8
POC,Pocono Downs,2026-05-11,7,18:48,Pace 1m,Pace,Dirt,1m,"$17,500",4,Sammy Jo Hanover,"Tetrick, Tim","Di Domenico, S",4/1,False,Harness,tvg,https://api.tvg.com/cosmo/v1/graphql,2026-05-11T10:24:26.832520,1.0.0,Captaintreacherous,Sammy's Magic Girl,Western Hanover,4,M,"Oompa's Farm Inc,Creamridge,NJ;Jose",0,4/1,5.0,5.0,POC-7,2026-05-11T18:48:00Z,8
POC,Pocono Downs,2026-05-11,7,18:48,Pace 1m,Pace,Dirt,1m,"$17,500",5,Please Be You,"Boyd, Braxten","Toscano, Linda",3/1,False,Harness,tvg,https://api.tvg.com/cosmo/v1/graphql,2026-05-11T10:24:26.832534,1.0.0,Lazarus N,Cheyenne Trish,Artiscape,4,M,"GRJ Partners LLC,Port Washington,NY",0,3/1,4.0,4.0,POC-7,2026-05-11T18:48:00Z,8
POC,Pocono Downs,2026-05-11,7,18:48,Pace 1m,Pace,Dirt,1m,"$17,500",6,Im Offngone N,"Kakaley, Matt","Alexander, Tra",12/1,False,Harness,tvg,https://api.tvg.com/cosmo/v1/graphql,2026-05-11T10:24:26.832547,1.0.0,Somebeachsomewhere,Kabet,Bettor's Delight,9,M,"Greg Luther Racing LLC,Blacklick,OH",0,12/1,13.0,13.0,POC-7,2026-05-11T18:48:00Z,8
POC,Pocono Downs,2026-05-11,7,18:48,Pace 1m,Pace,Dirt,1m,"$17,500",7,Stepabovetherest,"Buter, Tyler","Devita, Nichol",10/1,False,Harness,tvg,https://api.tvg.com/cosmo/v1/graphql,2026-05-11T10:24:26.832558,1.0.0,Huntsville,Step Beyond,Art Major,5,M,"David R Hamm,Dagsboro,DE;Glenn R Ph",0,10/1,11.0,11.0,POC-7,2026-05-11T18:48:00Z,8
POC,Pocono Downs,2026-05-11,7,18:48,Pace 1m,Pace,Dirt,1m,"$17,500",8,Jk Pearl Stone,"Zeron, Scott","Dilloian, Doug",15/1,False,Harness,tvg,https://api.tvg.com/cosmo/v1/graphql,2026-05-11T10:24:26.832571,1.0.0,Jk Endofanera,Whetstone Hanover,Somebeachsomewhere,4,M,"David Linker,Delray Beach,FL;Loman",0,15/1,16.0,16.0,POC-7,2026-05-11T18:48:00Z,8
POC,Pocono Downs,2026-05-11,8,19:06,Pace 1m,Pace,Dirt,1m,"$30,000",1,I'm A Lou Lou,"Tetrick, Tim","Burke, Ron",4/1,False,Harness,tvg,https://api.tvg.com/cosmo/v1/graphql,2026-05-11T10:24:26.832598,1.0.0,Sweet Lou,Benear,Badlands Hanover,3,F,"Burke Rcg Stb,Frdrcktwn,PA;Knox Ser",0,4/1,5.0,5.0,POC-8,2026-05-11T19:06:00Z,8
POC,Pocono Downs,2026-05-11,8,19:06,Pace 1m,Pace,Dirt,1m,"$30,000",2,Darlin's Angel,"Tritton, Laure","Cano, Juan",5/2,False,Harness,tvg,https://api.tvg.com/cosmo/v1/graphql,2026-05-11T10:24:26.832611,1.0.0,Captaintreacherous,Darlin's Delight,Bettor's Delight,3,F,"Hot Lead Farm,Allentown,NJ",0,5/2,3.5,3.5,POC-8,2026-05-11T19:06:00Z,8
POC,Pocono Downs,2026-05-11,8,19:06,Pace 1m,Pace,Dirt,1m,"$30,000",3,Tall Dark Tequila,"Bartlett, Jaso","Oakes, Hunter",5/1,False,Harness,tvg,https://api.tvg.com/cosmo/v1/graphql,2026-05-11T10:24:26.832623,1.0.0,Tall Dark Stranger,Tequila Monday,American Ideal,3,F,"Flying A Racing Stable,Bear Creek T",0,5/1,6.0,6.0,POC-8,2026-05-11T19:06:00Z,8
POC,Pocono Downs,2026-05-11,8,19:06,Pace 1m,Pace,Dirt,1m,"$30,000",4,Sandyboots Yankee,"Buter, Tyler","Burke, Ron",10/1,False,Harness,tvg,https://api.tvg.com/cosmo/v1/graphql,2026-05-11T10:24:26.832637,1.0.0,Always B Miki,A Beach Cowgirl,Somebeachsomewhere,3,F,"Burke Rcg Stb,Frdrcktwn,PA;Weaver B",0,10/1,11.0,11.0,POC-8,2026-05-11T19:06:00Z,8
POC,Pocono Downs,2026-05-11,8,19:06,Pace 1m,Pace,Dirt,1m,"$30,000",5,On Heir,"Mccarthy, Andr","Daley, Noel",3/1,False,Harness,tvg,https://api.tvg.com/cosmo/v1/graphql,2026-05-11T10:24:26.832649,1.0.0,Captaintreacherous,Delightful Dragon,Bettor's Delight,3,F,"Patricia Stbs,Mspq,NY;D Sipple,Grgt",0,3/1,4.0,4.0,POC-8,2026-05-11T19:06:00Z,8
POC,Pocono Downs,2026-05-11,8,19:06,Pace 1m,Pace,Dirt,1m,"$30,000",6,Heartofthesunrise,"Gingras, Yanni","Toscano, Linda",6/1,False,Harness,tvg,https://api.tvg.com/cosmo/v1/graphql,2026-05-11T10:24:26.832662,1.0.0,Captaintreacherous,Along Came Miki,Always B Miki,3,F,"Country Club Acres,Fndly,OH;J Sbroc",0,6/1,7.0,7.0,POC-8,2026-05-11T19:06:00Z,8
POC,Pocono Downs,2026-05-11,8,19:06,Pace 1m,Pace,Dirt,1m,"$30,000",7,Jk Sassy Lady,"Napolitano, Ge","Engblom, Per",12/1,False,Harness,tvg,https://api.tvg.com/cosmo/v1/graphql,2026-05-11T10:24:26.832675,1.0.0,Papi Rob Hanover,Jk Alwaysbalady,Always B Miki,3,F,"Engblom Farm LLC,Wrightstown,NJ;Rac",0,12/1,13.0,13.0,POC-8,2026-05-11T19:06:00Z,8
POC,Pocono Downs,2026-05-11,8,19:06,Pace 1m,Pace,Dirt,1m,"$30,000",8,Call Me Angelita,"Kakaley, Matt","Di Domenico, S",15/1,False,Harness,tvg,https://api.tvg.com/cosmo/v1/graphql,2026-05-11T10:24:26.832687,1.0.0,Papi Rob Hanover,Angel's Pride,Roll With Joe,3,F,"Triple D& Oompa Fm,Jmsbrg,NJ;M Reko",0,15/1,16.0,16.0,POC-8,2026-05-11T19:06:00Z,8
POC,Pocono Downs,2026-05-11,9,19:24,Trot 1m,Trot,Dirt,1m,"$15,500",1,B Eyelash,"Boyd, Braxten","Melander, Jenn",3/1,False,Harness,tvg,https://api.tvg.com/cosmo/v1/graphql,2026-05-11T10:24:26.832714,1.0.0,E L Titan,Dr Sandy,Devious Man,3,F,"Exceed Stables LLC,Lamar,PA",0,3/1,4.0,4.0,POC-9,2026-05-11T19:24:00Z,8
POC,Pocono Downs,2026-05-11,9,19:24,Trot 1m,Trot,Dirt,1m,"$15,500",2,Hatfield,"Napolitano, Ge","Belcher, Rober",12/1,False,Harness,tvg,https://api.tvg.com/cosmo/v1/graphql,2026-05-11T10:24:26.832728,1.0.0,Cantab Hall,Nicole's Promise,Dream Vacation,4,H,"P T Stable,Brick,NJ",0,12/1,13.0,13.0,POC-9,2026-05-11T19:24:00Z,8
POC,Pocono Downs,2026-05-11,9,19:24,Trot 1m,Trot,Dirt,1m,"$15,500",3,Antilles Hanover,"Napolitano, An","Gummerson, Tom",6/1,False,Harness,tvg,https://api.tvg.com/cosmo/v1/graphql,2026-05-11T10:24:26.832743,1.0.0,International Moni,Aunt Mel,Yankee Glide,5,G,"Mary F Ward,Bloomsburg,PA;Karl Henr",0,6/1,7.0,7.0,POC-9,2026-05-11T19:24:00Z,8
POC,Pocono Downs,2026-05-11,9,19:24,Trot 1m,Trot,Dirt,1m,"$15,500",4,Menotti,"Allard, Simon","Schadel, Bruce",10/1,False,Harness,tvg,https://api.tvg.com/cosmo/v1/graphql,2026-05-11T10:24:26.832809,1.0.0,Father Patrick,Final Countdown,Yankee Glide,5,G,"Bruce R Schadel,Sacramento,PA",0,10/1,11.0,11.0,POC-9,2026-05-11T19:24:00Z,8
POC,Pocono Downs,2026-05-11,9,19:24,Trot 1m,Trot,Dirt,1m,"$15,500",5,Cherokee Chief,"Warren, Ridge","Wiest, David",4/1,False,Harness,tvg,https://api.tvg.com/cosmo/v1/graphql,2026-05-11T10:24:26.832848,1.0.0,International Moni,Cherokee Hope,Muscle Massive,3,G,"Bimmie P Strausser,Elysburg,PA",0,4/1,5.0,5.0,POC-9,2026-05-11T19:24:00Z,8
POC,Pocono Downs,2026-05-11,9,19:24,Trot 1m,Trot,Dirt,1m,"$15,500",6,Oversear,"Kakaley, Matt","Norris, Charli",5/2,False,Harness,tvg,https://api.tvg.com/cosmo/v1/graphql,2026-05-11T10:24:26.832868,1.0.0,International Moni,Legal Lady,Deweycheatumnhowe,3,G,"C Norris,Ptstn,PA;M Hempt,Crlsl,PA;",0,5/2,3.5,3.5,POC-9,2026-05-11T19:24:00Z,8
POC,Pocono Downs,2026-05-11,9,19:24,Trot 1m,Trot,Dirt,1m,"$15,500",7,Masseto,"Gingras, Yanni","Watson, Mike",5/1,False,Harness,tvg,https://api.tvg.com/cosmo/v1/graphql,2026-05-11T10:24:26.832883,1.0.0,Walner,Top Expectations,Cantab Hall,4,G,"Mike C Watson,Effort,PA",0,5/1,6.0,6.0,POC-9,2026-05-11T19:24:00Z,8
POC,Pocono Downs,2026-05-11,9,19:24,Trot 1m,Trot,Dirt,1m,"$15,500",8,Ms Bojangles,"Mccarthy, Andr","Bost, Emily",15/1,False,Harness,tvg,https://api.tvg.com/cosmo/v1/graphql,2026-05-11T10:24:26.832895,1.0.0,Greenshoe,Explosive High,Explosive Matter,3,F,"Scott A Mongeon,Ballston Spa,NY",0,15/1,16.0,16.0,POC-9,2026-05-11T19:24:00Z,8
POC,Pocono Downs,2026-05-11,10,19:42,Pace 1m,Pace,Dirt,1m,"$30,000",1,Big Weekend,"Kakaley, Matt","Alexander, Tra",12/1,False,Harness,tvg,https://api.tvg.com/cosmo/v1/graphql,2026-05-11T10:24:26.832935,1.0.0,Captaintreacherous,Tica Hanover,Western Ideal,3,F,"Fiddler's Creek Stables LLC,Naples,",0,12/1,13.0,13.0,POC-10,2026-05-11T19:42:00Z,8
POC,Pocono Downs,2026-05-11,10,19:42,Pace 1m,Pace,Dirt,1m,"$30,000",2,Carolina,"Bartlett, Jaso","Engblom, Per",10/1,False,Harness,tvg,https://api.tvg.com/cosmo/v1/graphql,2026-05-11T10:24:26.832947,1.0.0,Always B Miki,Allstar Rating,Four Starzzz Shark,3,F,"Engblom Fm LLC,Wrightstown,NJ;R A W",0,10/1,11.0,11.0,POC-10,2026-05-11T19:42:00Z,8
POC,Pocono Downs,2026-05-11,10,19:42,Pace 1m,Pace,Dirt,1m,"$30,000",3,Real Fast,"Gingras, Yanni","Burke, Ron",5/2,False,Harness,tvg,https://api.tvg.com/cosmo/v1/graphql,2026-05-11T10:24:26.832959,1.0.0,Papi Rob Hanover,Real Touch,Real Desire,3,F,"Burke Rcg Stb & Weaver Bruscemi,PA;",0,5/2,3.5,3.5,POC-10,2026-05-11T19:42:00Z,8
POC,Pocono Downs,2026-05-11,10,19:42,Pace 1m,Pace,Dirt,1m,"$30,000",4,Bettor Be A Star,"Ryder, Patrick","Ryder, Chris",4/1,False,Harness,tvg,https://api.tvg.com/cosmo/v1/graphql,2026-05-11T10:24:26.832970,1.0.0,Bettor's Wish,It Can Happen,Art Major,3,F,"Ryder Stable,Allentown,NJ",0,4/1,5.0,5.0,POC-10,2026-05-11T19:42:00Z,8
POC,Pocono Downs,2026-05-11,10,19:42,Pace 1m,Pace,Dirt,1m,"$30,000",5,Make It Right,"Tetrick, Tim","King, Jim Jr",3/1,False,Harness,tvg,https://api.tvg.com/cosmo/v1/graphql,2026-05-11T10:24:26.832981,1.0.0,Papi Rob Hanover,Make Mine Mocha,Bettor's Delight,3,F,"Gary S Mc Candless,Howell,NJ;Jo Ann",0,3/1,4.0,4.0,POC-10,2026-05-11T19:42:00Z,8
POC,Pocono Downs,2026-05-11,10,19:42,Pace 1m,Pace,Dirt,1m,"$30,000",6,Sicerto,"Allard, Simon","Hall, Michael",6/1,False,Harness,tvg,https://api.tvg.com/cosmo/v1/graphql,2026-05-11T10:24:26.832992,1.0.0,Sweet Lou,Stylish Beachwhere,Somebeachsomewhere,3,F,"Ctc Stable,Chestnut Ridge,NY;Kdp St",0,6/1,7.0,7.0,POC-10,2026-05-11T19:42:00Z,8
POC,Pocono Downs,2026-05-11,10,19:42,Pace 1m,Pace,Dirt,1m,"$30,000",7,Say Goodnight,"Mccarthy, Andr","Devita, Nichol",5/1,False,Harness,tvg,https://api.tvg.com/cosmo/v1/graphql,2026-05-11T10:24:26.833006,1.0.0,Papi Rob Hanover,One Last Kiss,Artsplace,3,F,"David R Hamm,Dagsboro,DE;Glenn R Ph",0,5/1,6.0,6.0,POC-10,2026-05-11T19:42:00Z,8
POC,Pocono Downs,2026-05-11,10,19:42,Pace 1m,Pace,Dirt,1m,"$30,000",8,With The Fur,"Buter, Tyler","Burke, Ron",15/1,False,Harness,tvg,https://api.tvg.com/cosmo/v1/graphql,2026-05-11T10:24:26.833018,1.0.0,Tall Dark Stranger,Apple Bottom Jeans,Mr Apples,3,F,"Howard A Taylor,Philadelphia,PA",0,15/1,16.0,16.0,POC-10,2026-05-11T19:42:00Z,8
POC,Pocono Downs,2026-05-11,11,20:00,Pace 1m,Pace,Dirt,1m,"$6,000",1,Kootenay Santanna,"Herschberger,","Faurot, Chelse",3/1,False,Harness,tvg,https://api.tvg.com/cosmo/v1/graphql,2026-05-11T10:24:26.833044,1.0.0,Santanna Blue Chip,Kootenay Mystic,Camystic,8,G,"Chelsey L Faurot,Coal Center,PA;Chr",0,3/1,4.0,4.0,POC-11,2026-05-11T20:00:00Z,8
POC,Pocono Downs,2026-05-11,11,20:00,Pace 1m,Pace,Dirt,1m,"$6,000",2,Big Jack Hammer,"Warren, Ridge","Leamon, Jake",9/2,False,Harness,tvg,https://api.tvg.com/cosmo/v1/graphql,2026-05-11T10:24:26.833056,1.0.0,American Ideal,Abrokenart Hanover,Artiscape,6,G,"Jake Leamon,New Egypt,NJ",0,9/2,5.5,5.5,POC-11,2026-05-11T20:00:00Z,8
POC,Pocono Downs,2026-05-11,11,20:00,Pace 1m,Pace,Dirt,1m,"$6,000",3,Last Mach,"Buter, Tyler","Calcagni, Fran",8/1,False,Harness,tvg,https://api.tvg.com/cosmo/v1/graphql,2026-05-11T10:24:26.833067,1.0.0,Mach Three,Gold Not Silver,No Pan Intended,9,G,"Frank Calcagni,Montague,NJ",0,8/1,9.0,9.0,POC-11,2026-05-11T20:00:00Z,8
POC,Pocono Downs,2026-05-11,11,20:00,Pace 1m,Pace,Dirt,1m,"$6,000",4,Run Baby,"Allard, Simon","Kavoleff, Alex",4/1,False,Harness,tvg,https://api.tvg.com/cosmo/v1/graphql,2026-05-11T10:24:26.833078,1.0.0,He's Watching,Jayma,Camluck,6,M,"Rosebud Racing,Plains,PA",0,4/1,5.0,5.0,POC-11,2026-05-11T20:00:00Z,8
POC,Pocono Downs,2026-05-11,11,20:00,Pace 1m,Pace,Dirt,1m,"$6,000",5,Ben Rockin,"Kakaley, Matt","Kakaley, Linda",7/2,False,Harness,tvg,https://api.tvg.com/cosmo/v1/graphql,2026-05-11T10:24:26.833089,1.0.0,A Rocknroll Dance,Chevie Pride,Art's Conquest,10,G,"Robert John Becker,Bear Creek Twp,P",0,7/2,4.5,4.5,POC-11,2026-05-11T20:00:00Z,8
POC,Pocono Downs,2026-05-11,11,20:00,Pace 1m,Pace,Dirt,1m,"$6,000",6,Wilsons Vinner,"Kennedy, James","Burt, Raymond",10/1,False,Harness,tvg,https://api.tvg.com/cosmo/v1/graphql,2026-05-11T10:24:26.833099,1.0.0,Sunshine Beach,On The Choo Choo,Camluck,9,G,"Raymond A Burt,Wind Gap,PA",0,10/1,11.0,11.0,POC-11,2026-05-11T20:00:00Z,8
POC,Pocono Downs,2026-05-11,11,20:00,Pace 1m,Pace,Dirt,1m,"$6,000",7,World For Two,"Boyd, Braxten","Clarke, Edgar",5/1,False,Harness,tvg,https://api.tvg.com/cosmo/v1/graphql,2026-05-11T10:24:26.833111,1.0.0,A Rocknroll Dance,Fit N Fancy,Life Sign,7,G,"William E Emmons,Farmingdale,NJ",0,5/1,6.0,6.0,POC-11,2026-05-11T20:00:00Z,8
POC,Pocono Downs,2026-05-11,11,20:00,Pace 1m,Pace,Dirt,1m,"$6,000",8,Peter Poole,"Napolitano, An","Faulkner, Anth",12/1,False,Harness,tvg,https://api.tvg.com/cosmo/v1/graphql,2026-05-11T10:24:26.833121,1.0.0,He's Watching,So Cute Hanover,Dragon Again,8,G,"Lily Cimino,Shavertown,PA",0,12/1,13.0,13.0,POC-11,2026-05-11T20:00:00Z,8
POC,Pocono Downs,2026-05-11,12,20:18,Pace 1m,Pace,Dirt,1m,"$30,000",1,Kissin In The Dark,"Kakaley, Matt","Dilloian, Doug",5/1,False,Harness,tvg,https://api.tvg.com/cosmo/v1/graphql,2026-05-11T10:24:26.833145,1.0.0,Tall Dark Stranger,Yagonnakissmeornot,The Panderosa,3,F,"Dilloian Stb LLC,Tinton Falls,NJ;B",0,5/1,6.0,6.0,POC-12,2026-05-11T20:18:00Z,8
POC,Pocono Downs,2026-05-11,12,20:18,Pace 1m,Pace,Dirt,1m,"$30,000",2,Sheer Heart Attack,"Boyd, Braxten","Freck, Christo",12/1,False,Harness,tvg,https://api.tvg.com/cosmo/v1/graphql,2026-05-11T10:24:26.833157,1.0.0,Captain Crunch,Jk Molly,Art Major,3,F,"James P Magno,Rockville,MD;Joseph P",0,12/1,13.0,13.0,POC-12,2026-05-11T20:18:00Z,8
POC,Pocono Downs,2026-05-11,12,20:18,Pace 1m,Pace,Dirt,1m,"$30,000",3,Eternal Blush,"Tetrick, Tim","Burke, Ron",15/1,False,Harness,tvg,https://api.tvg.com/cosmo/v1/graphql,2026-05-11T10:24:26.833168,1.0.0,Sweet Lou,Lady In Pink,Rock N Roll Heaven,3,F,"Burke Rcg Stb & Weaver Bruscemi,PA;",0,15/1,16.0,16.0,POC-12,2026-05-11T20:18:00Z,8
POC,Pocono Downs,2026-05-11,12,20:18,Pace 1m,Pace,Dirt,1m,"$30,000",4,Car Keys,"Ryder, Patrick","Ryder, Chris",3/1,False,Harness,tvg,https://api.tvg.com/cosmo/v1/graphql,2026-05-11T10:24:26.833180,1.0.0,Always B Miki,Road Bet,Bettor's Delight,3,F,"Margaret K Dey,Allentown,NJ;Matthew",0,3/1,4.0,4.0,POC-12,2026-05-11T20:18:00Z,8
POC,Pocono Downs,2026-05-11,12,20:18,Pace 1m,Pace,Dirt,1m,"$30,000",5,Miss Jum Jabber,"Mccarthy, Andr","Pelling, Brett",5/2,False,Harness,tvg,https://api.tvg.com/cosmo/v1/graphql,2026-05-11T10:24:26.833192,1.0.0,Bettor's Wish,Treacherous Reign,Captaintreacherous,3,F,"Pelling Racing LLC,Creamridge,NJ",0,5/2,3.5,3.5,POC-12,2026-05-11T20:18:00Z,8
POC,Pocono Downs,2026-05-11,12,20:18,Pace 1m,Pace,Dirt,1m,"$30,000",6,Barbuda Belle,"Gingras, Yanni","Burke, Ron",10/1,False,Harness,tvg,https://api.tvg.com/cosmo/v1/graphql,2026-05-11T10:24:26.833203,1.0.0,Captaintreacherous,Uffizi Hanover,Well Said,3,F,"Thomas R & Scott A Dillon,Anson,ME;",0,10/1,11.0,11.0,POC-12,2026-05-11T20:18:00Z,8
POC,Pocono Downs,2026-05-11,12,20:18,Pace 1m,Pace,Dirt,1m,"$30,000",7,Imagine Heaven,"Bartlett, Jaso","Oakes, Hunter",4/1,False,Harness,tvg,https://api.tvg.com/cosmo/v1/graphql,2026-05-11T10:24:26.833215,1.0.0,Papi Rob Hanover,Ok Heavenly,Sportswriter,3,F,"Flying A Rcg Stb,Bear Crk Twp,PA;Lu",0,4/1,5.0,5.0,POC-12,2026-05-11T20:18:00Z,8
POC,Pocono Downs,2026-05-11,12,20:18,Pace 1m,Pace,Dirt,1m,"$30,000",8,Spoon Fed,"Buter, Tyler","Snyder, Doug",6/1,False,Harness,tvg,https://api.tvg.com/cosmo/v1/graphql,2026-05-11T10:24:26.833226,1.0.0,Stay Hungry,Native Angel,Allamerican Native,3,F,"Jan E & Douglas S Snyder,Meadow Lan",0,6/1,7.0,7.0,POC-12,2026-05-11T20:18:00Z,8
POC,Pocono Downs,2026-05-11,13,20:36,Pace 1m,Pace,Dirt,1m,"$12,500",1,Carry Back,"Napolitano, Ge","Toscano, Linda",3/1,False,Harness,tvg,https://api.tvg.com/cosmo/v1/graphql,2026-05-11T10:24:26.833254,1.0.0,Huntsville,Hard Eight,Bettor's Delight,3,F,"Bay's Stb LLC,Englewood,CO;Polger S",0,3/1,4.0,4.0,POC-13,2026-05-11T20:36:00Z,7
POC,Pocono Downs,2026-05-11,13,20:36,Pace 1m,Pace,Dirt,1m,"$12,500",2,Always B Rosey,"Herschberger,","Schadel, Tony",6/1,False,Harness,tvg,https://api.tvg.com/cosmo/v1/graphql,2026-05-11T10:24:26.833266,1.0.0,Always B Miki,Caribbean Rose N,Bettor's Delight,3,F,"Tony B & Linda J. Schadel,Sacrament",0,6/1,7.0,7.0,POC-13,2026-05-11T20:36:00Z,7
POC,Pocono Downs,2026-05-11,13,20:36,Pace 1m,Pace,Dirt,1m,"$12,500",3,Kachi Gogo,"Tritton, Laure","Tritton, Shane",5/2,False,Harness,tvg,https://api.tvg.com/cosmo/v1/graphql,2026-05-11T10:24:26.833278,1.0.0,Sweet Lou,Ideal Love,American Ideal,3,F,"Evm Racing LLC,Middletown,DE;Joshua",0,5/2,3.5,3.5,POC-13,2026-05-11T20:36:00Z,7
POC,Pocono Downs,2026-05-11,13,20:36,Pace 1m,Pace,Dirt,1m,"$12,500",4,Bullville Ex Ideal,"Kennedy, James","Crevani, Steph",12/1,False,Harness,tvg,https://api.tvg.com/cosmo/v1/graphql,2026-05-11T10:24:26.833291,1.0.0,American Ideal,Bullville Liz,Roll With Joe,3,F,"Crevani Farms,Bullville,NY",0,12/1,13.0,13.0,POC-13,2026-05-11T20:36:00Z,7
POC,Pocono Downs,2026-05-11,13,20:36,Pace 1m,Pace,Dirt,1m,"$12,500",5,Happy Tabby,"Boyd, Braxten","Alexander, Tra",5/1,False,Harness,tvg,https://api.tvg.com/cosmo/v1/graphql,2026-05-11T10:24:26.833304,1.0.0,Cattlewash,Gabby Tabby,Western Ideal,3,F,"Fiddler's Creek Stables LLC,Naples,",0,5/1,6.0,6.0,POC-13,2026-05-11T20:36:00Z,7
POC,Pocono Downs,2026-05-11,13,20:36,Pace 1m,Pace,Dirt,1m,"$12,500",6,Silence Is Golden,"Zeron, Scott","Scran, Megan",4/1,False,Harness,tvg,https://api.tvg.com/cosmo/v1/graphql,2026-05-11T10:24:26.833319,1.0.0,Papi Rob Hanover,Asl Hanover,A Rocknroll Dance,3,F,"Philip S Steinberg,Weston,FL;Dana L",0,4/1,5.0,5.0,POC-13,2026-05-11T20:36:00Z,7
POC,Pocono Downs,2026-05-11,13,20:36,Pace 1m,Pace,Dirt,1m,"$12,500",7,Taasees Hanover,"Warren, Ridge","Vandervort, Le",15/1,False,Harness,tvg,https://api.tvg.com/cosmo/v1/graphql,2026-05-11T10:24:26.833332,1.0.0,Papi Rob Hanover,Take That Hanover,Well Said,3,F,"Anatolia Racing LLC,New Holand,PA",0,15/1,16.0,16.0,POC-13,2026-05-11T20:36:00Z,7
POC,Pocono Downs,2026-05-11,14,20:54,Pace 1m,Pace,Dirt,1m,"$8,500",1,Miz Captain Cruze,"Boyd, Braxten","Lauer, Bruce",5/2,False,Harness,tvg,https://api.tvg.com/cosmo/v1/graphql,2026-05-11T10:24:26.833362,1.0.0,Capt Midnight,Shady Stella,Shadyshark Hanover,4,M,"Bill Reepmeyer LLC,Meredith,NH",0,5/2,3.5,3.5,POC-14,2026-05-11T20:54:00Z,8
POC,Pocono Downs,2026-05-11,14,20:54,Pace 1m,Pace,Dirt,1m,"$8,500",2,Intense Lady,"Warren, Ridge","Reynolds, Kevi",12/1,False,Harness,tvg,https://api.tvg.com/cosmo/v1/graphql,2026-05-11T10:24:26.833375,1.0.0,Bettor's Delight,Izzy Hanover,Captaintreacherous,5,M,"Lucky Label Stable LLC,Grove City,O",0,12/1,13.0,13.0,POC-14,2026-05-11T20:54:00Z,8
POC,Pocono Downs,2026-05-11,14,20:54,Pace 1m,Pace,Dirt,1m,"$8,500",3,She Comes And Goes,"Pantaleano, Ji","Pantaleano, Ji",15/1,False,Harness,tvg,https://api.tvg.com/cosmo/v1/graphql,2026-05-11T10:24:26.833388,1.0.0,Bettor's Delight,Well Spoken Lady,Well Said,5,M,"Matthew R Madden,Northfield,OH",0,15/1,16.0,16.0,POC-14,2026-05-11T20:54:00Z,8
POC,Pocono Downs,2026-05-11,14,20:54,Pace 1m,Pace,Dirt,1m,"$8,500",4,Younonothinjon,"Tritton, Laure","Vandervort, Le",10/1,False,Harness,tvg,https://api.tvg.com/cosmo/v1/graphql,2026-05-11T10:24:26.833402,1.0.0,Captaintreacherous,Simply Liz,Art Major,7,M,"Anatolia Racing LLC,New Holand,PA",0,10/1,11.0,11.0,POC-14,2026-05-11T20:54:00Z,8
POC,Pocono Downs,2026-05-11,14,20:54,Pace 1m,Pace,Dirt,1m,"$8,500",5,Shake Me Loose,"Napolitano, Ge","Fiumenero, Mic",3/1,False,Harness,tvg,https://api.tvg.com/cosmo/v1/graphql,2026-05-11T10:24:26.833418,1.0.0,Always A Virgin,Sand Pleasure,Cambest,6,M,"M Fiumenero,Frmngdl,NJ;J Frawley,Pn",0,3/1,4.0,4.0,POC-14,2026-05-11T20:54:00Z,8
POC,Pocono Downs,2026-05-11,14,20:54,Pace 1m,Pace,Dirt,1m,"$8,500",6,Purameri,"Kennedy, James","Drolet, Jean",5/1,False,Harness,tvg,https://api.tvg.com/cosmo/v1/graphql,2026-05-11T10:24:26.833435,1.0.0,American Ideal,J K Pure Pearl,Bettor's Delight,8,M,"Marthe Drolet,Matamoras,PA",0,5/1,6.0,6.0,POC-14,2026-05-11T20:54:00Z,8
POC,Pocono Downs,2026-05-11,14,20:54,Pace 1m,Pace,Dirt,1m,"$8,500",7,Thundra,"Napolitano, An","Drolet, Jean",4/1,False,Harness,tvg,https://api.tvg.com/cosmo/v1/graphql,2026-05-11T10:24:26.833449,1.0.0,Rock N Roll Heaven,Tropical Breeze,Canyon Wind,9,M,"Marthe Drolet,Matamoras,PA;Karen A",0,4/1,5.0,5.0,POC-14,2026-05-11T20:54:00Z,8
POC,Pocono Downs,2026-05-11,14,20:54,Pace 1m,Pace,Dirt,1m,"$8,500",8,Milagro,"Herschberger,","Schadel, Tony",6/1,False,Harness,tvg,https://api.tvg.com/cosmo/v1/graphql,2026-05-11T10:24:26.833465,1.0.0,Always B Miki,Thecrowdiswatching,Sportswriter,4,M,"Tony B & Linda J. Schadel,Sacrament",0,6/1,7.0,7.0,POC-14,2026-05-11T20:54:00Z,8
PRC,Plainridge,2026-05-11,1,20:00,Pace 1m,Pace,Dirt,1m,"$14,000",1,Ry's Red Rocket,"Ranger, Bruce","Richards, Dona",5/1,False,Harness,tvg,https://api.tvg.com/cosmo/v1/graphql,2026-05-11T10:24:26.844383,1.0.0,Sunshine Beach,Mo Molly Blue Chip,Rock N Roll Heaven,9,M,"Donald J Richards,Yarmouth,ME",0,5/1,6.0,6.0,PRC-1,2026-05-11T20:00:00Z,6
PRC,Plainridge,2026-05-11,1,20:00,Pace 1m,Pace,Dirt,1m,"$14,000",2,Schnapps,"Stratton, Cory","Stratton, Cory",6/1,False,Harness,tvg,https://api.tvg.com/cosmo/v1/graphql,2026-05-11T10:24:26.844404,1.0.0,Sweet Lou,Peachy,Western Terror,5,M,"Caldwell Mamie Racing LLC,Bellaire,",0,6/1,7.0,7.0,PRC-1,2026-05-11T20:00:00Z,6
PRC,Plainridge,2026-05-11,1,20:00,Pace 1m,Pace,Dirt,1m,"$14,000",3,Beantown Ace,"Graffam, Nicho","Graffam, Micha",7/2,False,Harness,tvg,https://api.tvg.com/cosmo/v1/graphql,2026-05-11T10:24:26.844415,1.0.0,Captain Crunch,Ace Of Pace,Cam's Card Shark,5,M,"Michael Goldberg Racingllc,Scituate",0,7/2,4.5,4.5,PRC-1,2026-05-11T20:00:00Z,6
PRC,Plainridge,2026-05-11,1,20:00,Pace 1m,Pace,Dirt,1m,"$14,000",4,One Eyed Delilah,"Randall, Jay","Niles, Derryl",3/1,False,Harness,tvg,https://api.tvg.com/cosmo/v1/graphql,2026-05-11T10:24:26.844423,1.0.0,Bettor's Wish,Dreaming Aliina,Rocknroll Hanover,4,M,"George P Fenno III,Bell,FL;Derryl E",0,3/1,4.0,4.0,PRC-1,2026-05-11T20:00:00Z,6
PRC,Plainridge,2026-05-11,1,20:00,Pace 1m,Pace,Dirt,1m,"$14,000",5,Waitforever N,"Athearn, Matth","Beckwith, Meli",2/1,False,Harness,tvg,https://api.tvg.com/cosmo/v1/graphql,2026-05-11T10:24:26.844432,1.0.0,American Ideal,Waitfornoone,Albert Albert,9,M,"Howard S Jacobs,West Orange,NJ",0,2/1,3.0,3.0,PRC-1,2026-05-11T20:00:00Z,6
PRC,Plainridge,2026-05-11,1,20:00,Pace 1m,Pace,Dirt,1m,"$14,000",6,Windydayatthebeach,"Switzer, Kevin","Bickmore, Rand",5/1,False,Harness,tvg,https://api.tvg.com/cosmo/v1/graphql,2026-05-11T10:24:26.844441,1.0.0,Downbytheseaside,Sapphire Breeze,Well Said,6,M,"Kevin N Gee,Clearwater,FL;Robert W",0,5/1,6.0,6.0,PRC-1,2026-05-11T20:00:00Z,6
PRC,Plainridge,2026-05-11,2,20:20,Trot 1m,Trot,Dirt,1m,"$10,000",1,Peach Cocktail,"Athearn, Matth","Athearn, Gretc",3/1,False,Harness,tvg,https://api.tvg.com/cosmo/v1/graphql,2026-05-11T10:24:26.844464,1.0.0,Tactical Landing,Crystalline,Chapter Seven,4,M,"Raymond W J Campbell Jr,Belchertown",0,3/1,4.0,4.0,PRC-2,2026-05-11T20:20:00Z,7
PRC,Plainridge,2026-05-11,2,20:20,Trot 1m,Trot,Dirt,1m,"$10,000",2,Captain Suzuki,"Monti, Drew","D'amelio, Ralp",9/1,False,Harness,tvg,https://api.tvg.com/cosmo/v1/graphql,2026-05-11T10:24:26.844472,1.0.0,Muscle Mass,Lillian Mae,Kadabra,4,G,"William H Phipps,Yarmouth,ME",0,9/1,10.0,10.0,PRC-2,2026-05-11T20:20:00Z,7
PRC,Plainridge,2026-05-11,2,20:20,Trot 1m,Trot,Dirt,1m,"$10,000",3,Help Dust,"Cushing, Mitch","Segel, Barry",8/1,False,Harness,tvg,https://api.tvg.com/cosmo/v1/graphql,2026-05-11T10:24:26.844480,1.0.0,Helpisontheway,Dandelion Dust,Ken Warkentin,6,G,"Nicholas B Segel,Longwood,FL;Claude",0,8/1,9.0,9.0,PRC-2,2026-05-11T20:20:00Z,7
PRC,Plainridge,2026-05-11,2,20:20,Trot 1m,Trot,Dirt,1m,"$10,000",4,You Dont Own Me,"Switzer, Kevin","Nickerson, Jim",8/5,False,Harness,tvg,https://api.tvg.com/cosmo/v1/graphql,2026-05-11T10:24:26.844489,1.0.0,Father Patrick,Fellowship Of Two,Trixton,4,G,"Bradford A Veilleux,Sabattus,ME;Mic",0,8/5,2.6,2.6,PRC-2,2026-05-11T20:20:00Z,7
PRC,Plainridge,2026-05-11,2,20:20,Trot 1m,Trot,Dirt,1m,"$10,000",5,Resolved,"Ranger, Bruce","Harmon, Rob",4/1,False,Harness,tvg,https://api.tvg.com/cosmo/v1/graphql,2026-05-11T10:24:26.844496,1.0.0,Resolve,Miss Adam T,Adam T,4,M,"Capital Racing LLC,Boca Raton,FL",0,4/1,5.0,5.0,PRC-2,2026-05-11T20:20:00Z,7
PRC,Plainridge,2026-05-11,2,20:20,Trot 1m,Trot,Dirt,1m,"$10,000",6,Cousin Van,"Cushing, Ron","Krikorian, K W",20/1,False,Harness,tvg,https://api.tvg.com/cosmo/v1/graphql,2026-05-11T10:24:26.844503,1.0.0,Uncle Peter,Contender Hanover,Donerail,5,G,"Vartan M Krikorian,Royalston,MA",0,20/1,21.0,21.0,PRC-2,2026-05-11T20:20:00Z,7
PRC,Plainridge,2026-05-11,2,20:20,Trot 1m,Trot,Dirt,1m,"$10,000",7,He Hunts,"Hardy, James","Andrews, Jolen",7/1,False,Harness,tvg,https://api.tvg.com/cosmo/v1/graphql,2026-05-11T10:24:26.844511,1.0.0,Muscle Hill,Winter Sweet Frost,Kadabra,4,G,"Arthur Blutstein,Methuen,MA",0,7/1,8.0,8.0,PRC-2,2026-05-11T20:20:00Z,7
PRC,Plainridge,2026-05-11,3,20:40,Pace 1m,Pace,Dirt,1m,"$10,000",1,Waves,"Switzer, Kevin","Tuccillo, Dani",3/1,False,Harness,tvg,https://api.tvg.com/cosmo/v1/graphql,2026-05-11T10:24:26.844530,1.0.0,Somebeachsomewhere,Elizabeth Spencer,Western Ideal,12,G,"Daniel R Tuccillo Jr,Prospect,CT",0,3/1,4.0,4.0,PRC-3,2026-05-11T20:40:00Z,8
PRC,Plainridge,2026-05-11,3,20:40,Pace 1m,Pace,Dirt,1m,"$10,000",2,Third Power,"Irvine, Brad","Gerow, Kate",25/1,False,Harness,tvg,https://api.tvg.com/cosmo/v1/graphql,2026-05-11T10:24:26.844538,1.0.0,American Ideal,Secret Bet,Bettor's Delight,7,G,"Katelyn R Gerow,Spencer,MA;Michael",0,25/1,26.0,26.0,PRC-3,2026-05-11T20:40:00Z,8
PRC,Plainridge,2026-05-11,3,20:40,Pace 1m,Pace,Dirt,1m,"$10,000",3,Celtic Tiger,"Athearn, Matth","Berry, Ryan",5/2,False,Harness,tvg,https://api.tvg.com/cosmo/v1/graphql,2026-05-11T10:24:26.844545,1.0.0,Luck Be Withyou,Riverdancer,Red River Hanover,5,G,"Ryan C Berry,Oxford,ME",0,5/2,3.5,3.5,PRC-3,2026-05-11T20:40:00Z,8
PRC,Plainridge,2026-05-11,3,20:40,Pace 1m,Pace,Dirt,1m,"$10,000",4,Lone Survivor,"Cushing, Mitch","Smith, J Carl",9/2,False,Harness,tvg,https://api.tvg.com/cosmo/v1/graphql,2026-05-11T10:24:26.844553,1.0.0,Art Major,Wenditions,Rocknroll Hanover,14,G,"James Carl Smith,Haverhill,MA",0,9/2,5.5,5.5,PRC-3,2026-05-11T20:40:00Z,8
PRC,Plainridge,2026-05-11,3,20:40,Pace 1m,Pace,Dirt,1m,"$10,000",5,Crimson Pine,"Graffam, Nicho","Graffam, Micha",6/1,False,Harness,tvg,https://api.tvg.com/cosmo/v1/graphql,2026-05-11T10:24:26.844562,1.0.0,So Surreal,Briar Creeks Angel,Towner's Big Guy,5,G,"Michael S Graffam,Falmouth,ME;Ivory",0,6/1,7.0,7.0,PRC-3,2026-05-11T20:40:00Z,8
PRC,Plainridge,2026-05-11,3,20:40,Pace 1m,Pace,Dirt,1m,"$10,000",6,Ship Ship Hooray,"Hardy, James","Di Stefano, Jo",7/1,False,Harness,tvg,https://api.tvg.com/cosmo/v1/graphql,2026-05-11T10:24:26.844571,1.0.0,Captaintreacherous,Scandalous Hanover,Dragon Again,6,G,"Di Stefano& Son Stable,Greenfield,M",0,7/1,8.0,8.0,PRC-3,2026-05-11T20:40:00Z,8
PRC,Plainridge,2026-05-11,3,20:40,Pace 1m,Pace,Dirt,1m,"$10,000",7,Quick Shot,"Ranger, Bruce","Brewer, Kathle",6/1,False,Harness,tvg,https://api.tvg.com/cosmo/v1/graphql,2026-05-11T10:24:26.844579,1.0.0,Art Major,Cannae Cindy,Bettor's Delight,14,G,"Kathleen B Brewer,Newburyport,MA",0,6/1,7.0,7.0,PRC-3,2026-05-11T20:40:00Z,8
PRC,Plainridge,2026-05-11,3,20:40,Pace 1m,Pace,Dirt,1m,"$10,000",8,Beach Watch,"Monti, Drew","Kirker, Nathan",15/1,False,Harness,tvg,https://api.tvg.com/cosmo/v1/graphql,2026-05-11T10:24:26.844588,1.0.0,Western Terror,Hawaiian Beachlady,Jenna's Beach Boy,11,G,"Robert H Ferreira,Cohasset,MA",0,15/1,16.0,16.0,PRC-3,2026-05-11T20:40:00Z,8
PRC,Plainridge,2026-05-11,4,21:00,Pace 1m,Pace,Dirt,1m,"$11,000",1,Isaac,"Monti, Drew","Crawford, Mich",8/1,False,Harness,tvg,https://api.tvg.com/cosmo/v1/graphql,2026-05-11T10:24:26.844603,1.0.0,American Ideal,Ritascape,Artiscape,8,G,"Amy L Cable,Vernon Center,NY",0,8/1,9.0,9.0,PRC-4,2026-05-11T21:00:00Z,8
PRC,Plainridge,2026-05-11,4,21:00,Pace 1m,Pace,Dirt,1m,"$11,000",2,Missed The Truth A,"Cushing, Ron","Cushing, Heidi",7/2,False,Harness,tvg,https://api.tvg.com/cosmo/v1/graphql,2026-05-11T10:24:26.844613,1.0.0,Somebeachsomewhere,Lies,Total Truth,8,G,"Ronald L Cushing,Waterville,ME;Kevi",0,7/2,4.5,4.5,PRC-4,2026-05-11T21:00:00Z,8
PRC,Plainridge,2026-05-11,4,21:00,Pace 1m,Pace,Dirt,1m,"$11,000",3,Dance Monkey,"Cushing, Mitch","Eaton, Julia",4/1,False,Harness,tvg,https://api.tvg.com/cosmo/v1/graphql,2026-05-11T10:24:26.844621,1.0.0,Sportswriter,Allamerican Damsel,Western Ideal,7,G,"Bruce E Weinstein,Needham,MA;Richar",0,4/1,5.0,5.0,PRC-4,2026-05-11T21:00:00Z,8
PRC,Plainridge,2026-05-11,4,21:00,Pace 1m,Pace,Dirt,1m,"$11,000",4,Longview Lad N,"Switzer, Kevin","Bickmore, Rand",5/1,False,Harness,tvg,https://api.tvg.com/cosmo/v1/graphql,2026-05-11T10:24:26.844628,1.0.0,Bettor's Delight,Hannah Jaye,Dream Away,7,G,"Kevin N Gee,Clearwater,FL;Robert W",0,5/1,6.0,6.0,PRC-4,2026-05-11T21:00:00Z,8
PRC,Plainridge,2026-05-11,4,21:00,Pace 1m,Pace,Dirt,1m,"$11,000",5,Kill A Dragon,"Hardy, James","Di Stefano, Jo",2/1,False,Harness,tvg,https://api.tvg.com/cosmo/v1/graphql,2026-05-11T10:24:26.844638,1.0.0,Custard The Dragon,Kill A Rockingbird,Rocknroll Hanover,7,G,"Di Stefano& Son Stable,Greenfield,M",0,2/1,3.0,3.0,PRC-4,2026-05-11T21:00:00Z,8
PRC,Plainridge,2026-05-11,4,21:00,Pace 1m,Pace,Dirt,1m,"$11,000",6,Frank Deford,"Athearn, Matth","Gerow, Kate",20/1,False,Harness,tvg,https://api.tvg.com/cosmo/v1/graphql,2026-05-11T10:24:26.844647,1.0.0,Sportswriter,Hot Legs,Rocknroll Hanover,8,G,"Irving S Bluestein,Dedham,MA",0,20/1,21.0,21.0,PRC-4,2026-05-11T21:00:00Z,8
PRC,Plainridge,2026-05-11,4,21:00,Pace 1m,Pace,Dirt,1m,"$11,000",7,Concealed,"Ranger, Bruce","Brewer, Conor",8/1,False,Harness,tvg,https://api.tvg.com/cosmo/v1/graphql,2026-05-11T10:24:26.844655,1.0.0,Captaintreacherous,Unseen,Bettor's Delight,5,G,"Arthur W Brewer II,Newburyport,MA",0,8/1,9.0,9.0,PRC-4,2026-05-11T21:00:00Z,8
PRC,Plainridge,2026-05-11,4,21:00,Pace 1m,Pace,Dirt,1m,"$11,000",8,Outspoken Man,"Stevenson, Mic","D'amelio, Ralp",25/1,False,Harness,tvg,https://api.tvg.com/cosmo/v1/graphql,2026-05-11T10:24:26.844663,1.0.0,Well Said,Lady Sometimes,Armbro Mackintosh,9,G,"Jason A Vafiades,Freeport,ME",0,25/1,26.0,26.0,PRC-4,2026-05-11T21:00:00Z,8
PRC,Plainridge,2026-05-11,5,21:20,Pace 1m,Pace,Dirt,1m,"$12,000",1,Noted A,"Randall, Jay","Gerow, Kate",4/1,False,Harness,tvg,https://api.tvg.com/cosmo/v1/graphql,2026-05-11T10:24:26.844687,1.0.0,Mach Three,Leilani Lombo,Million To One,8,G,"Katelyn R Gerow,Spencer,MA;Irving S",0,4/1,5.0,5.0,PRC-5,2026-05-11T21:20:00Z,7
PRC,Plainridge,2026-05-11,5,21:20,Pace 1m,Pace,Dirt,1m,"$12,000",2,Cut N Run N,"Stratton, Cory","Stratton, Cory",9/1,False,Harness,tvg,https://api.tvg.com/cosmo/v1/graphql,2026-05-11T10:24:26.844696,1.0.0,Bettor's Delight,Idolise,American Ideal,8,G,"Caldwell Mamie Racing LLC,Bellaire,",0,9/1,10.0,10.0,PRC-5,2026-05-11T21:20:00Z,7
PRC,Plainridge,2026-05-11,5,21:20,Pace 1m,Pace,Dirt,1m,"$12,000",3,Anvil Hands,"Hardy, James","Andrews, Jolen",3/1,False,Harness,tvg,https://api.tvg.com/cosmo/v1/graphql,2026-05-11T10:24:26.844704,1.0.0,Always B Miki,Cams Macharena,Mach Three,7,G,"D & C Thibault,N Attleboro,MA;J E H",0,3/1,4.0,4.0,PRC-5,2026-05-11T21:20:00Z,7
PRC,Plainridge,2026-05-11,5,21:20,Pace 1m,Pace,Dirt,1m,"$12,000",4,Seafood Togo,"Graffam, Nicho","Vamvilis, Nich",7/1,False,Harness,tvg,https://api.tvg.com/cosmo/v1/graphql,2026-05-11T10:24:26.844713,1.0.0,Huntsville,Seafood Missy,American Ideal,6,G,"Seafood Delight Stable,East Windsor",0,7/1,8.0,8.0,PRC-5,2026-05-11T21:20:00Z,7
PRC,Plainridge,2026-05-11,5,21:20,Pace 1m,Pace,Dirt,1m,"$12,000",5,Quentin Quarantino,"Monti, Drew","Crochere, Davi",9/2,False,Harness,tvg,https://api.tvg.com/cosmo/v1/graphql,2026-05-11T10:24:26.844722,1.0.0,Bettor's Delight,Lady Crazy,Santanna Blue Chip,5,G,"Mona J Dodd,Yarmouth,ME",0,9/2,5.5,5.5,PRC-5,2026-05-11T21:20:00Z,7
PRC,Plainridge,2026-05-11,5,21:20,Pace 1m,Pace,Dirt,1m,"$12,000",6,Sporty M Three,"Switzer, Kevin","Mancini, Micha",7/2,False,Harness,tvg,https://api.tvg.com/cosmo/v1/graphql,2026-05-11T10:24:26.844731,1.0.0,Sportswriter,Shadys M Three,Mach Three,7,G,"Winters Racing Stable,Foxboro,MA",0,7/2,4.5,4.5,PRC-5,2026-05-11T21:20:00Z,7
PRC,Plainridge,2026-05-11,5,21:20,Pace 1m,Pace,Dirt,1m,"$12,000",7,Hespoisedtopounce A,"Athearn, Matth","Nickerson, Jim",7/1,False,Harness,tvg,https://api.tvg.com/cosmo/v1/graphql,2026-05-11T10:24:26.844740,1.0.0,Bettor's Delight,Perfectly Poised,Art Major,10,G,"Timothy L Bojarski,Akron,NY;Anthony",0,7/1,8.0,8.0,PRC-5,2026-05-11T21:20:00Z,7
PRC,Plainridge,2026-05-11,6,21:40,Pace 1m,Pace,Dirt,1m,"$12,000",1,Meadowbrook Flash,"Switzer, Kevin","Bouthillier, C",3/1,False,Harness,tvg,https://api.tvg.com/cosmo/v1/graphql,2026-05-11T10:24:26.844763,1.0.0,Real Desire,Yankee Icon,Artsplace,10,G,"Marc J Bouthillier,Northborough,MA",0,3/1,4.0,4.0,PRC-6,2026-05-11T21:40:00Z,9
PRC,Plainridge,2026-05-11,6,21:40,Pace 1m,Pace,Dirt,1m,"$12,000",2,Whata Foolbelieves,"Athearn, Matth","Athearn, Gretc",8/1,False,Harness,tvg,https://api.tvg.com/cosmo/v1/graphql,2026-05-11T10:24:26.844772,1.0.0,Betterthancheddar,J M Solitaire,Shadow Play,9,G,"Gretchen R Athearn,Cumberland,ME",0,8/1,9.0,9.0,PRC-6,2026-05-11T21:40:00Z,9
PRC,Plainridge,2026-05-11,6,21:40,Pace 1m,Pace,Dirt,1m,"$12,000",3,Colt Bennett,"Graffam, Nicho","Longobardi, Na",7/1,False,Harness,tvg,https://api.tvg.com/cosmo/v1/graphql,2026-05-11T10:24:26.844783,1.0.0,Rock N' Roll World,Unbeachable,Jenna's Beach Boy,6,G,"Nancy J Longobardi,Norfolk,MA",0,7/1,8.0,8.0,PRC-6,2026-05-11T21:40:00Z,9
PRC,Plainridge,2026-05-11,6,21:40,Pace 1m,Pace,Dirt,1m,"$12,000",4,Hey Jude Hanover,"Ranger, Bruce","Brewer, Kathle",5/1,False,Harness,tvg,https://api.tvg.com/cosmo/v1/graphql,2026-05-11T10:24:26.844792,1.0.0,Betting Line,Hit The Curb,Art Major,5,G,"Kathleen B Brewer,Newburyport,MA;Pa",0,5/1,6.0,6.0,PRC-6,2026-05-11T21:40:00Z,9
PRC,Plainridge,2026-05-11,6,21:40,Pace 1m,Pace,Dirt,1m,"$12,000",5,My Boy Elroy,"Stevenson, Mic","D'amelio, Ralp",7/1,False,Harness,tvg,https://api.tvg.com/cosmo/v1/graphql,2026-05-11T10:24:26.844802,1.0.0,In The Arsenal,Docdor Valentia,Western Hanover,5,G,"W G Fisher,W Newfield,ME;R Paul D'A",0,7/1,8.0,8.0,PRC-6,2026-05-11T21:40:00Z,9
PRC,Plainridge,2026-05-11,6,21:40,Pace 1m,Pace,Dirt,1m,"$12,000",6,Cautious Clay,"Monti, Drew","Crawford, Mich",8/1,False,Harness,tvg,https://api.tvg.com/cosmo/v1/graphql,2026-05-11T10:24:26.844851,1.0.0,Bolt The Duer,Delightful Dancer,Bettor's Delight,5,G,"Dragon Tales Farm Inc,Burnt Hills,N",0,8/1,9.0,9.0,PRC-6,2026-05-11T21:40:00Z,9
PRC,Plainridge,2026-05-11,6,21:40,Pace 1m,Pace,Dirt,1m,"$12,000",7,Jimble Kimble,"Randall, Jay","Berry, Ryan",30/1,False,Harness,tvg,https://api.tvg.com/cosmo/v1/graphql,2026-05-11T10:24:26.844897,1.0.0,Huntsville,Thumbprint,Art Major,6,G,"Ryan C Berry,Oxford,ME",0,30/1,31.0,31.0,PRC-6,2026-05-11T21:40:00Z,9
PRC,Plainridge,2026-05-11,6,21:40,Pace 1m,Pace,Dirt,1m,"$12,000",8,Bang Ah Uey,"Hardy, James","Andrews, Jolen",7/2,False,Harness,tvg,https://api.tvg.com/cosmo/v1/graphql,2026-05-11T10:24:26.844913,1.0.0,Western Maverick,Caila Fra,Artsplace,5,G,"David Thibault,N Attleboro,MA;James",0,7/2,4.5,4.5,PRC-6,2026-05-11T21:40:00Z,9
PRC,Plainridge,2026-05-11,6,21:40,Pace 1m,Pace,Dirt,1m,"$12,000",9,Rockinbilly'sdream,"Stratton, Cory","Stratton, Cory",7/1,False,Harness,tvg,https://api.tvg.com/cosmo/v1/graphql,2026-05-11T10:24:26.844928,1.0.0,A Rocknroll Dance,Fox Valley Aubry,Yankee Skyscaper,6,G,"Howard S Jacobs,West Orange,NJ",0,7/1,8.0,8.0,PRC-6,2026-05-11T21:40:00Z,9
PRC,Plainridge,2026-05-11,7,22:00,Pace 1m,Pace,Dirt,1m,"$25,000",1,Custard Dolce,"Monti, Drew","Greene, Jackie",6/1,False,Harness,tvg,https://api.tvg.com/cosmo/v1/graphql,2026-05-11T10:24:26.844976,1.0.0,Custard The Dragon,Blue Star West,As Promised,4,M,"Kellogg Racing Stables LLC,Queensbu",0,6/1,7.0,7.0,PRC-7,2026-05-11T22:00:00Z,7
PRC,Plainridge,2026-05-11,7,22:00,Pace 1m,Pace,Dirt,1m,"$25,000",2,Seaside Tina,"Graffam, Nicho","Eaton, Mark",7/1,False,Harness,tvg,https://api.tvg.com/cosmo/v1/graphql,2026-05-11T10:24:26.844992,1.0.0,Downbytheseaside,Posey Tina,Camluck,6,M,"Mark W Eaton,Mendon,MA;Robert J Gri",0,7/1,8.0,8.0,PRC-7,2026-05-11T22:00:00Z,7
PRC,Plainridge,2026-05-11,7,22:00,Pace 1m,Pace,Dirt,1m,"$25,000",3,Intothemysticmoon,"Switzer, Kevin","Nelson, Joseph",4/1,False,Harness,tvg,https://api.tvg.com/cosmo/v1/graphql,2026-05-11T10:24:26.845005,1.0.0,Artspeak,Mystical Moon,Mach Three,7,M,"Burke Rcg Stb,Frdrcktwn,PA;Weaver B",0,4/1,5.0,5.0,PRC-7,2026-05-11T22:00:00Z,7
PRC,Plainridge,2026-05-11,7,22:00,Pace 1m,Pace,Dirt,1m,"$25,000",4,Ambushed,"Stratton, Cory","Stratton, Cory",5/1,False,Harness,tvg,https://api.tvg.com/cosmo/v1/graphql,2026-05-11T10:24:26.845019,1.0.0,Always B Miki,Sweet Body,Sweet Lou,6,M,"Caldwell Mamie Racing LLC,Bellaire,",0,5/1,6.0,6.0,PRC-7,2026-05-11T22:00:00Z,7
PRC,Plainridge,2026-05-11,7,22:00,Pace 1m,Pace,Dirt,1m,"$25,000",5,Swedish Starlet N,"Athearn, Matth","Nickerson, Jim",4/1,False,Harness,tvg,https://api.tvg.com/cosmo/v1/graphql,2026-05-11T10:24:26.845031,1.0.0,Mach Three,Top Of The Pile,Live Or Die,9,M,"Timothy L Bojarski,Akron,NY;Anthony",0,4/1,5.0,5.0,PRC-7,2026-05-11T22:00:00Z,7
PRC,Plainridge,2026-05-11,7,22:00,Pace 1m,Pace,Dirt,1m,"$25,000",6,Wunderkindbluechip,"Cushing, Mitch","Cushing, Mitch",7/2,False,Harness,tvg,https://api.tvg.com/cosmo/v1/graphql,2026-05-11T10:24:26.845062,1.0.0,Jk Endofanera,Seen At Rio Deo,Somebeachsomewhere,4,M,"Ray Lasky,Mechanicville,NY;Mitchell",0,7/2,4.5,4.5,PRC-7,2026-05-11T22:00:00Z,7
PRC,Plainridge,2026-05-11,7,22:00,Pace 1m,Pace,Dirt,1m,"$25,000",7,Sweet Hayley Jane A,"Cushing, Ron","Cushing, Heidi",4/1,False,Harness,tvg,https://api.tvg.com/cosmo/v1/graphql,2026-05-11T10:24:26.845077,1.0.0,Sweet Lou,Tacthayleysdelight,Bettor's Delight,6,M,"Ronald L Cushing,Waterville,ME;Kevi",0,4/1,5.0,5.0,PRC-7,2026-05-11T22:00:00Z,7
PRC,Plainridge,2026-05-11,8,22:20,Pace 1m,Pace,Dirt,1m,"$11,000",1,Perfect High,"Graffam, Nicho","Gardner, Andy",9/2,False,Harness,tvg,https://api.tvg.com/cosmo/v1/graphql,2026-05-11T10:24:26.845097,1.0.0,Nob Hill High,Perfect M Forever,Stand Forever,6,G,"Scott Miller,Massena,NY",0,9/2,5.5,5.5,PRC-8,2026-05-11T22:20:00Z,8
PRC,Plainridge,2026-05-11,8,22:20,Pace 1m,Pace,Dirt,1m,"$11,000",2,Sixfingerfreddie,"Athearn, Matth","Bickmore, Rand",8/1,False,Harness,tvg,https://api.tvg.com/cosmo/v1/graphql,2026-05-11T10:24:26.845103,1.0.0,Bettor's Delight,Machnbyrd Princess,Mach Three,9,G,"Randy L Bickmore,Scarborough,ME;The",0,8/1,9.0,9.0,PRC-8,2026-05-11T22:20:00Z,8
PRC,Plainridge,2026-05-11,8,22:20,Pace 1m,Pace,Dirt,1m,"$11,000",3,Nolaughingstock,"Ranger, Bruce","Byron, Aaron",5/1,False,Harness,tvg,https://api.tvg.com/cosmo/v1/graphql,2026-05-11T10:24:26.845108,1.0.0,Heston Blue Chip,Laughandbehappy,Badlands Hanover,6,G,"Mr Michael Musacchio Jr,Oneida,NY;M",0,5/1,6.0,6.0,PRC-8,2026-05-11T22:20:00Z,8
PRC,Plainridge,2026-05-11,8,22:20,Pace 1m,Pace,Dirt,1m,"$11,000",4,Bag Pipe Major,"Randall, Jay","Graffam, Betha",5/2,False,Harness,tvg,https://api.tvg.com/cosmo/v1/graphql,2026-05-11T10:24:26.845115,1.0.0,Art Major,Delighted Again,Bettor's Delight,12,G,"Jan D Donaway,Foxboro,MA",0,5/2,3.5,3.5,PRC-8,2026-05-11T22:20:00Z,8
PRC,Plainridge,2026-05-11,8,22:20,Pace 1m,Pace,Dirt,1m,"$11,000",5,Ranaldi,"Monti, Drew","Niles, Dakota",9/1,False,Harness,tvg,https://api.tvg.com/cosmo/v1/graphql,2026-05-11T10:24:26.845120,1.0.0,Western Maverick,Fire Can Fly,Real Artist,7,G,"Dakota M Niles,St Albans,ME",0,9/1,10.0,10.0,PRC-8,2026-05-11T22:20:00Z,8
PRC,Plainridge,2026-05-11,8,22:20,Pace 1m,Pace,Dirt,1m,"$11,000",6,Wainapedia,"Cushing, Mitch","Hardin, Michel",7/1,False,Harness,tvg,https://api.tvg.com/cosmo/v1/graphql,2026-05-11T10:24:26.845125,1.0.0,Western Maverick,Surreal Hanover,Dragon Again,9,G,"Michelle J Hardin,Topsham,ME",0,7/1,8.0,8.0,PRC-8,2026-05-11T22:20:00Z,8
PRC,Plainridge,2026-05-11,8,22:20,Pace 1m,Pace,Dirt,1m,"$11,000",7,Clearwater Courage,"Switzer, Kevin","Nelson, Joseph",3/1,False,Harness,tvg,https://api.tvg.com/cosmo/v1/graphql,2026-05-11T10:24:26.845130,1.0.0,Captain Crunch,Lainey Deo,Western Ideal,5,G,"Michele L Nelson,Temple,ME",0,3/1,4.0,4.0,PRC-8,2026-05-11T22:20:00Z,8
PRC,Plainridge,2026-05-11,8,22:20,Pace 1m,Pace,Dirt,1m,"$11,000",8,Part Time Affair,"Hardy, James","Ahto, Raymond",30/1,False,Harness,tvg,https://api.tvg.com/cosmo/v1/graphql,2026-05-11T10:24:26.845136,1.0.0,Heston Blue Chip,Part Time Lady,Jereme's Jet,7,G,"Raymond S Ahto,Plainville,MA",0,30/1,31.0,31.0,PRC-8,2026-05-11T22:20:00Z,8
PRC,Plainridge,2026-05-11,9,22:40,Pace 1m,Pace,Dirt,1m,"$17,000",1,Beantown Deuce,"Randall, Jay","Mcassey, Jesse",9/2,False,Harness,tvg,https://api.tvg.com/cosmo/v1/graphql,2026-05-11T10:24:26.845147,1.0.0,Huntsville,Dont Think Twice A,Armbro Operative,4,M,"Michael Goldberg Racingllc,Scituate",0,9/2,5.5,5.5,PRC-9,2026-05-11T22:40:00Z,8
PRC,Plainridge,2026-05-11,9,22:40,Pace 1m,Pace,Dirt,1m,"$17,000",2,Royally Hot,"Switzer, Kevin","Switzer, Kevin",3/1,False,Harness,tvg,https://api.tvg.com/cosmo/v1/graphql,2026-05-11T10:24:26.845152,1.0.0,Bettor's Wish,Mcsauna,Mcardle,4,M,"Tim Tetrick LLC,Woolwich Twp,NJ",0,3/1,4.0,4.0,PRC-9,2026-05-11T22:40:00Z,8
PRC,Plainridge,2026-05-11,9,22:40,Pace 1m,Pace,Dirt,1m,"$17,000",3,Checkpoint Chatter,"Hardy, James","Guidette, Dona",9/2,False,Harness,tvg,https://api.tvg.com/cosmo/v1/graphql,2026-05-11T10:24:26.845158,1.0.0,Always A Virgin,Blistletoe,Artiscape,8,M,"Upland Farm,Wilbraham,MA",0,9/2,5.5,5.5,PRC-9,2026-05-11T22:40:00Z,8
PRC,Plainridge,2026-05-11,9,22:40,Pace 1m,Pace,Dirt,1m,"$17,000",4,Wolverina,"Graffam, Nicho","Graffam, Micha",4/1,False,Harness,tvg,https://api.tvg.com/cosmo/v1/graphql,2026-05-11T10:24:26.845164,1.0.0,Cheyenne Hollywood,Terri I Fra,Western Ideal,7,M,"Michael S Graffam,Falmouth,ME;Willi",0,4/1,5.0,5.0,PRC-9,2026-05-11T22:40:00Z,8
PRC,Plainridge,2026-05-11,9,22:40,Pace 1m,Pace,Dirt,1m,"$17,000",5,Mrs Cheese,"Monti, Drew","Greene, Jackie",9/2,False,Harness,tvg,https://api.tvg.com/cosmo/v1/graphql,2026-05-11T10:24:26.845171,1.0.0,American Ideal,Ms Cheesman,Betterthancheddar,4,M,"Kellogg Racing Stables LLC,Queensbu",0,9/2,5.5,5.5,PRC-9,2026-05-11T22:40:00Z,8
PRC,Plainridge,2026-05-11,9,22:40,Pace 1m,Pace,Dirt,1m,"$17,000",6,Bettor's Ticket,"Stratton, Cory","Stratton, Cory",12/1,False,Harness,tvg,https://api.tvg.com/cosmo/v1/graphql,2026-05-11T10:24:26.845177,1.0.0,Bettor's Wish,Free Ticket,Quik Pulse Mindale,4,M,"Howard S Jacobs,West Orange,NJ;Stra",0,12/1,13.0,13.0,PRC-9,2026-05-11T22:40:00Z,8
PRC,Plainridge,2026-05-11,9,22:40,Pace 1m,Pace,Dirt,1m,"$17,000",7,Muse La Rouge,"Cushing, Mitch","Proctor, Kirst",15/1,False,Harness,tvg,https://api.tvg.com/cosmo/v1/graphql,2026-05-11T10:24:26.845183,1.0.0,Captaintreacherous,Modern Muse,American Ideal,5,M,"Kirsten M Proctor,Charlton,NY",0,15/1,16.0,16.0,PRC-9,2026-05-11T22:40:00Z,8
PRC,Plainridge,2026-05-11,9,22:40,Pace 1m,Pace,Dirt,1m,"$17,000",8,Lyons Benz,"Athearn, Matth","Brewer, Kathle",12/1,False,Harness,tvg,https://api.tvg.com/cosmo/v1/graphql,2026-05-11T10:24:26.845188,1.0.0,Captaintreacherous,Make Mine Mocha,Bettor's Delight,4,M,"Paul A London,Danvers,MA;Kathleen B",0,12/1,13.0,13.0,PRC-9,2026-05-11T22:40:00Z,8
PRC,Plainridge,2026-05-11,10,23:00,Trot 1m,Trot,Dirt,1m,"$17,000",1,Sunburnt Silverado,"Randall, Jay","Harmon, Rob",9/2,False,Harness,tvg,https://api.tvg.com/cosmo/v1/graphql,2026-05-11T10:24:26.845219,1.0.0,Lou's Legacy,Fox Valley Bling,Pizzazzed,4,G,"Michael Casalino Jr,Freehold,NJ",0,9/2,5.5,5.5,PRC-10,2026-05-11T23:00:00Z,8
PRC,Plainridge,2026-05-11,10,23:00,Trot 1m,Trot,Dirt,1m,"$17,000",2,Big Box Hanover,"Ranger, Bruce","Stalbaum, Larr",6/1,False,Harness,tvg,https://api.tvg.com/cosmo/v1/graphql,2026-05-11T10:24:26.845225,1.0.0,Uncle Peter,Box Of Dreams,Donerail,9,G,"Larry D Stalbaum,Matamoras,PA",0,6/1,7.0,7.0,PRC-10,2026-05-11T23:00:00Z,8
PRC,Plainridge,2026-05-11,10,23:00,Trot 1m,Trot,Dirt,1m,"$17,000",3,Snowman Hanover,"Gerry, Peter","Gerry, Peter",20/1,False,Harness,tvg,https://api.tvg.com/cosmo/v1/graphql,2026-05-11T10:24:26.845230,1.0.0,Bar Hopping,Snow Angel Hanover,Andover Hall,6,G,"Arden Homestead Stable,Delhi,NY",0,20/1,21.0,21.0,PRC-10,2026-05-11T23:00:00Z,8
PRC,Plainridge,2026-05-11,10,23:00,Trot 1m,Trot,Dirt,1m,"$17,000",4,Stockholm Hanover,"Switzer, Kevin","Dessureault, D",9/2,False,Harness,tvg,https://api.tvg.com/cosmo/v1/graphql,2026-05-11T10:24:26.845236,1.0.0,International Moni,Summers Windsong,Rc Royalty,5,G,"Mario G & Desiree J Dessureault,Pom",0,9/2,5.5,5.5,PRC-10,2026-05-11T23:00:00Z,8
PRC,Plainridge,2026-05-11,10,23:00,Trot 1m,Trot,Dirt,1m,"$17,000",5,Pantofolaio,"Cushing, Mitch","Cushing, Mitch",8/1,False,Harness,tvg,https://api.tvg.com/cosmo/v1/graphql,2026-05-11T10:24:26.845241,1.0.0,Bar Hopping,Mad Elf,Andover Hall,4,G,"Ray Lasky,Mechanicville,NY;Mitchell",0,8/1,9.0,9.0,PRC-10,2026-05-11T23:00:00Z,8
PRC,Plainridge,2026-05-11,10,23:00,Trot 1m,Trot,Dirt,1m,"$17,000",6,Dryden Hanover,"Irvine, Brad","Shock, Laura",10/1,False,Harness,tvg,https://api.tvg.com/cosmo/v1/graphql,2026-05-11T10:24:26.845247,1.0.0,Walner,Dangle Then Deke,Cantab Hall,5,G,"Laura Ann Shock,Kingston,PA;Mary Ly",0,10/1,11.0,11.0,PRC-10,2026-05-11T23:00:00Z,8
PRC,Plainridge,2026-05-11,10,23:00,Trot 1m,Trot,Dirt,1m,"$17,000",7,Bravado,"Athearn, Matth","Athearn, Gretc",6/1,False,Harness,tvg,https://api.tvg.com/cosmo/v1/graphql,2026-05-11T10:24:26.845253,1.0.0,Trixton,Bourbon 'n Grits,Donerail,6,G,"Raymond W J Campbell Jr,Belchertown",0,6/1,7.0,7.0,PRC-10,2026-05-11T23:00:00Z,8
PRC,Plainridge,2026-05-11,10,23:00,Trot 1m,Trot,Dirt,1m,"$17,000",8,Ponda Rocky,"Graffam, Nicho","Eaton, Mark",2/1,False,Harness,tvg,https://api.tvg.com/cosmo/v1/graphql,2026-05-11T10:24:26.845258,1.0.0,Pastor Stephen,Wildflower,Muscle Hill,4,G,"Mark W Eaton,Mendon,MA;Robert J Gri",0,2/1,3.0,3.0,PRC-10,2026-05-11T23:00:00Z,8
PRC,Plainridge,2026-05-11,11,23:20,Pace 1m,Pace,Dirt,1m,"$10,000",1,Boogy Woogy J,"Hardy, James","Andrews, Jolen",12/1,False,Harness,tvg,https://api.tvg.com/cosmo/v1/graphql,2026-05-11T10:24:26.845268,1.0.0,Sweet Lou,Lotsa Matzah,American Ideal,9,G,"D Thibault,N Atlbr,MA;J Hardy,N Atl",0,12/1,13.0,13.0,PRC-11,2026-05-11T23:20:00Z,7
PRC,Plainridge,2026-05-11,11,23:20,Pace 1m,Pace,Dirt,1m,"$10,000",2,Myultimate Snowy A,"Cushing, Mitch","Cushing, Mitch",3/1,False,Harness,tvg,https://api.tvg.com/cosmo/v1/graphql,2026-05-11T10:24:26.845276,1.0.0,Sweet Lou,The Crystal Star,Badlands Hanover,7,G,"Ray Lasky,Mechanicville,NY;Mitchell",0,3/1,4.0,4.0,PRC-11,2026-05-11T23:20:00Z,7
PRC,Plainridge,2026-05-11,11,23:20,Pace 1m,Pace,Dirt,1m,"$10,000",3,Captain Tell,"Di Stefano, Jo","Di Stefano, Jo",15/1,False,Harness,tvg,https://api.tvg.com/cosmo/v1/graphql,2026-05-11T10:24:26.845282,1.0.0,Tellitlikeitis,Captain's Play,Captaintreacherous,5,G,"Joseph Anthony Di Stefano,Greenfiel",0,15/1,16.0,16.0,PRC-11,2026-05-11T23:20:00Z,7
PRC,Plainridge,2026-05-11,11,23:20,Pace 1m,Pace,Dirt,1m,"$10,000",4,Rule Of Law,"Monti, Drew","Kirker, Nathan",6/1,False,Harness,tvg,https://api.tvg.com/cosmo/v1/graphql,2026-05-11T10:24:26.845288,1.0.0,Captaintreacherous,American Truth,American Ideal,7,G,"Robert H Ferreira,Cohasset,MA",0,6/1,7.0,7.0,PRC-11,2026-05-11T23:20:00Z,7
PRC,Plainridge,2026-05-11,11,23:20,Pace 1m,Pace,Dirt,1m,"$10,000",5,Flirtin Jk,"Graffam, Nicho","Sears, Bryant",7/5,False,Harness,tvg,https://api.tvg.com/cosmo/v1/graphql,2026-05-11T10:24:26.845293,1.0.0,Jk Endofanera,Mcflirty,Mcardle,6,G,"Nancy S Hargreaves,Braintree,MA",0,7/5,2.4,2.4,PRC-11,2026-05-11T23:20:00Z,7
PRC,Plainridge,2026-05-11,11,23:20,Pace 1m,Pace,Dirt,1m,"$10,000",6,Domi,"Watson, Wallac","Watson, Lisa",20/1,False,Harness,tvg,https://api.tvg.com/cosmo/v1/graphql,2026-05-11T10:24:26.845298,1.0.0,Living It Up,Outlawcherishafool,Blue Burner,6,G,"Stanley L Sobin,Medfield,MA",0,20/1,21.0,21.0,PRC-11,2026-05-11T23:20:00Z,7
PRC,Plainridge,2026-05-11,11,23:20,Pace 1m,Pace,Dirt,1m,"$10,000",7,Major Betts,"Ranger, Bruce","Brewer, Kathle",3/1,False,Harness,tvg,https://api.tvg.com/cosmo/v1/graphql,2026-05-11T10:24:26.845304,1.0.0,Art Major,Southwind Johanne,Dragon Again,9,G,"Kathleen B Brewer,Newburyport,MA",0,3/1,4.0,4.0,PRC-11,2026-05-11T23:20:00Z,7
STG,Saratoga Harness,2026-05-11,1,16:00,Trot 1m,Trot,Dirt,1m,"$6,200",1,Demin N Diamonds,"Fluet, Phil","Fluet, Phil",7/2,False,Harness,tvg,https://api.tvg.com/cosmo/v1/graphql,2026-05-11T10:24:26.853572,1.0.0,Met's Hall,Scarey Karie,Conway Hall,5,M,"Woodward Stable LLC,Oakfield,NY;Phi",0,7/2,4.5,4.5,STG-1,2026-05-11T16:00:00Z,8
STG,Saratoga Harness,2026-05-11,1,16:00,Trot 1m,Trot,Dirt,1m,"$6,200",2,Crazy Jet,"Long, Chris","Mangiardi, Rob",5/2,False,Harness,tvg,https://api.tvg.com/cosmo/v1/graphql,2026-05-11T10:24:26.853594,1.0.0,Crazy Wow,Escrow Blue Chip,Classic Photo,5,M,"G E & P Poirier,New Hartford,CT;D G",0,5/2,3.5,3.5,STG-1,2026-05-11T16:00:00Z,8
STG,Saratoga Harness,2026-05-11,1,16:00,Trot 1m,Trot,Dirt,1m,"$6,200",3,Comeonover Hanover,"Hennessey, Wal","Gardner, Andy",3/1,False,Harness,tvg,https://api.tvg.com/cosmo/v1/graphql,2026-05-11T10:24:26.853608,1.0.0,Sebastian K S,Carmita,Malabar Man,8,G,"Percy J Elkins,Milton,ON, CA",0,3/1,4.0,4.0,STG-1,2026-05-11T16:00:00Z,8
STG,Saratoga Harness,2026-05-11,1,16:00,Trot 1m,Trot,Dirt,1m,"$6,200",4,Phantom Tom,"Devaux, Jim","Levine, Gary",8/1,False,Harness,tvg,https://api.tvg.com/cosmo/v1/graphql,2026-05-11T10:24:26.853617,1.0.0,Long Tom,Rose Run Marci,Trainforthefuture,7,G,"Steve Moskowitz Racingllc,Saratoga",0,8/1,9.0,9.0,STG-1,2026-05-11T16:00:00Z,8
STG,Saratoga Harness,2026-05-11,1,16:00,Trot 1m,Trot,Dirt,1m,"$6,200",5,Tiktok Roy,"Dobson, Billy","Krist, Monica",10/1,False,Harness,tvg,https://api.tvg.com/cosmo/v1/graphql,2026-05-11T10:24:26.853627,1.0.0,Swan In A Million,Royal Apple,Rc Royalty,6,G,"Rick Arthur Dobson,Howell,MI",0,10/1,11.0,11.0,STG-1,2026-05-11T16:00:00Z,8
STG,Saratoga Harness,2026-05-11,1,16:00,Trot 1m,Trot,Dirt,1m,"$6,200",6,Miss Bliss,"Swift, Kyle","Derue, Brett",5/1,False,Harness,tvg,https://api.tvg.com/cosmo/v1/graphql,2026-05-11T10:24:26.853635,1.0.0,Dover Dan,Posterity,Lucky Chucky,6,M,"Stephen J Picarazzi,Half Moon,NY;Br",0,5/1,6.0,6.0,STG-1,2026-05-11T16:00:00Z,8
STG,Saratoga Harness,2026-05-11,1,16:00,Trot 1m,Trot,Dirt,1m,"$6,200",7,Urban Kemp,"Bailey, Leon","Hallett, John",15/1,False,Harness,tvg,https://api.tvg.com/cosmo/v1/graphql,2026-05-11T10:24:26.853643,1.0.0,Trixton,Aiken For Clay,Conway Hall,7,G,"John R Hallett,Saratoga,NY;Amanda L",0,15/1,16.0,16.0,STG-1,2026-05-11T16:00:00Z,8
STG,Saratoga Harness,2026-05-11,1,16:00,Trot 1m,Trot,Dirt,1m,"$6,200",8,Mais Oui,"Mc Givern, Mic","Mc Givern, Che",30/1,False,Harness,tvg,https://api.tvg.com/cosmo/v1/graphql,2026-05-11T10:24:26.853653,1.0.0,Six Pack,Destiny K S,Coktail Jet,4,M,"A Lot To Trot About,Brooklyn,NY",0,30/1,31.0,31.0,STG-1,2026-05-11T16:00:00Z,8
STG,Saratoga Harness,2026-05-11,2,16:20,Trot 1m,Trot,Dirt,1m,"$9,000",1,Saturday,"Cutting, Jacob","Dubois, Wil",5/2,False,Harness,tvg,https://api.tvg.com/cosmo/v1/graphql,2026-05-11T10:24:26.853701,1.0.0,Muscle Mass,Spirit Of Casey,Chocolatier,5,G,"Wil Dubois,Cambridge,NY;Robert A &",0,5/2,3.5,3.5,STG-2,2026-05-11T16:20:00Z,8
STG,Saratoga Harness,2026-05-11,2,16:20,Trot 1m,Trot,Dirt,1m,"$9,000",2,Mystical Somolli,"Fluet, Phil","Fluet, Phil",6/1,False,Harness,tvg,https://api.tvg.com/cosmo/v1/graphql,2026-05-11T10:24:26.853709,1.0.0,Guccio,Rapid Rail,Donerail,11,G,"Joseph W Stanislowsky,Hague,NY",0,6/1,7.0,7.0,STG-2,2026-05-11T16:20:00Z,8
STG,Saratoga Harness,2026-05-11,2,16:20,Trot 1m,Trot,Dirt,1m,"$9,000",3,Free Willy Hanover,"Long, Chris","Mangiardi, Rob",8/1,False,Harness,tvg,https://api.tvg.com/cosmo/v1/graphql,2026-05-11T10:24:26.853719,1.0.0,Credit Winner,Free Spirit,Dream Vacation,13,G,"Robyn E Mangiardi,Saratoga Springs,",0,8/1,9.0,9.0,STG-2,2026-05-11T16:20:00Z,8
STG,Saratoga Harness,2026-05-11,2,16:20,Trot 1m,Trot,Dirt,1m,"$9,000",4,Star Pilot,"Bailey, Leon","Bailey, Amanda",9/2,False,Harness,tvg,https://api.tvg.com/cosmo/v1/graphql,2026-05-11T10:24:26.853728,1.0.0,Pilot Discretion,Kz Crazee,Crazed,5,M,"Adam Friedland,Brooklyn,NY",0,9/2,5.5,5.5,STG-2,2026-05-11T16:20:00Z,8
STG,Saratoga Harness,2026-05-11,2,16:20,Trot 1m,Trot,Dirt,1m,"$9,000",5,National Love As,"Swift, Kyle","Mcassey, Jayme",4/1,False,Harness,tvg,https://api.tvg.com/cosmo/v1/graphql,2026-05-11T10:24:26.853735,1.0.0,International Moni,Send My Love,Muscle Hill,5,G,"Paul M O'Neil,Saratoga Springs,NY",0,4/1,5.0,5.0,STG-2,2026-05-11T16:20:00Z,8
STG,Saratoga Harness,2026-05-11,2,16:20,Trot 1m,Trot,Dirt,1m,"$9,000",6,Missile,"Hennessey, Wal","Gardner, Andy",3/1,False,Harness,tvg,https://api.tvg.com/cosmo/v1/graphql,2026-05-11T10:24:26.853743,1.0.0,Father Patrick,Magic Feeling,Kadabra,7,G,"Percy J Elkins,Milton,ON, CA",0,3/1,4.0,4.0,STG-2,2026-05-11T16:20:00Z,8
STG,Saratoga Harness,2026-05-11,2,16:20,Trot 1m,Trot,Dirt,1m,"$9,000",7,Muscle Dan,"Byron, Aaron","Ciuffetelli, T",12/1,False,Harness,tvg,https://api.tvg.com/cosmo/v1/graphql,2026-05-11T10:24:26.853751,1.0.0,Dover Dan,Windsongmusclelady,Muscle Mass,7,G,"Joseph Ciuffetelli,Yorktown Heights",0,12/1,13.0,13.0,STG-2,2026-05-11T16:20:00Z,8
STG,Saratoga Harness,2026-05-11,2,16:20,Trot 1m,Trot,Dirt,1m,"$9,000",8,Bluffinner,"Derue, Jordan","Derue, Jordan",10/1,False,Harness,tvg,https://api.tvg.com/cosmo/v1/graphql,2026-05-11T10:24:26.853764,1.0.0,Credit Winner,Bluff,Donato Hanover,9,G,"Fbp Racing Stable LLC,Hinsdale,NH;J",0,10/1,11.0,11.0,STG-2,2026-05-11T16:20:00Z,8
STG,Saratoga Harness,2026-05-11,3,16:40,Trot 1m,Trot,Dirt,1m,"$11,750",1,Phanto Treasure,"Crawford, Bret","Collins, Micha",3/1,False,Harness,tvg,https://api.tvg.com/cosmo/v1/graphql,2026-05-11T10:24:26.853786,1.0.0,Cantab Hall,Vanity Treasure,Muscles Yankee,4,M,"Michael J Collins,Vernon Ctr,NY;Fra",0,3/1,4.0,4.0,STG-3,2026-05-11T16:40:00Z,7
STG,Saratoga Harness,2026-05-11,3,16:40,Trot 1m,Trot,Dirt,1m,"$11,750",2,Jeannie's Action,"Dobson, Billy","Grasso, John",10/1,False,Harness,tvg,https://api.tvg.com/cosmo/v1/graphql,2026-05-11T10:24:26.853794,1.0.0,E L Titan,Sweet Jesse T,Cash Hall,5,M,"John Grasso Stable Inc,Hawthorne,NY",0,10/1,11.0,11.0,STG-3,2026-05-11T16:40:00Z,7
STG,Saratoga Harness,2026-05-11,3,16:40,Trot 1m,Trot,Dirt,1m,"$11,750",3,Banksy Monkey,"Hennessey, Wal","Gray, Alicia",9/2,False,Harness,tvg,https://api.tvg.com/cosmo/v1/graphql,2026-05-11T10:24:26.853803,1.0.0,Chapter Seven,Steamy Windows,Muscle Massive,4,G,"Paul M O'Neil,Saratoga Springs,NY",0,9/2,5.5,5.5,STG-3,2026-05-11T16:40:00Z,7
STG,Saratoga Harness,2026-05-11,3,16:40,Trot 1m,Trot,Dirt,1m,"$11,750",4,Saint Stephens,"Devaux, Jim","Mcassey, Jesse",4/1,False,Harness,tvg,https://api.tvg.com/cosmo/v1/graphql,2026-05-11T10:24:26.853810,1.0.0,Father Patrick,Caitlee Hall,Conway Hall,4,G,"Jesse E Mcassey,Greenwich,NY",0,4/1,5.0,5.0,STG-3,2026-05-11T16:40:00Z,7
STG,Saratoga Harness,2026-05-11,3,16:40,Trot 1m,Trot,Dirt,1m,"$11,750",5,Fast Approach,"Byron, Aaron","Beckwith, Meli",6/1,False,Harness,tvg,https://api.tvg.com/cosmo/v1/graphql,2026-05-11T10:24:26.853817,1.0.0,Walner,Hillosophical,Muscle Hill,5,G,"Melissa Beckwith,Wilton,NY",0,6/1,7.0,7.0,STG-3,2026-05-11T16:40:00Z,7
STG,Saratoga Harness,2026-05-11,3,16:40,Trot 1m,Trot,Dirt,1m,"$11,750",6,Rothko,"Swift, Kyle","Ciuffetelli, T",8/1,False,Harness,tvg,https://api.tvg.com/cosmo/v1/graphql,2026-05-11T10:24:26.853825,1.0.0,Southwind Frank,Got You Br No,Love You,4,G,"Anthony A Ciuffetelli,Gansevoort,NY",0,8/1,9.0,9.0,STG-3,2026-05-11T16:40:00Z,7
STG,Saratoga Harness,2026-05-11,3,16:40,Trot 1m,Trot,Dirt,1m,"$11,750",7,Chapvious,"Long, Chris","Ducharme, Geor",5/2,False,Harness,tvg,https://api.tvg.com/cosmo/v1/graphql,2026-05-11T10:24:26.853833,1.0.0,Devious Man,Chaperess,Chapter Seven,4,M,"Purple Haze Stables LLC,Fairport,NY",0,5/2,3.5,3.5,STG-3,2026-05-11T16:40:00Z,7
STG,Saratoga Harness,2026-05-11,4,17:00,Trot 1m,Trot,Dirt,1m,"$13,000",1,Full Scale,"Devaux, Jim","Levine, Gary",3/1,False,Harness,tvg,https://api.tvg.com/cosmo/v1/graphql,2026-05-11T10:24:26.853850,1.0.0,Walner,Model Behavior,Muscles Yankee,6,G,"Patricia L Levine,Ballston Spa,NY",0,3/1,4.0,4.0,STG-4,2026-05-11T17:00:00Z,8
STG,Saratoga Harness,2026-05-11,4,17:00,Trot 1m,Trot,Dirt,1m,"$13,000",2,Ikon Vang Dk,"Huckabone, Jus","Podres, John",4/1,False,Harness,tvg,https://api.tvg.com/cosmo/v1/graphql,2026-05-11T10:24:26.853858,1.0.0,Southwind Frank,Unau S,Maharajah,6,G,"Michael L Pozefsky,Saratoga Springs",0,4/1,5.0,5.0,STG-4,2026-05-11T17:00:00Z,8
STG,Saratoga Harness,2026-05-11,4,17:00,Trot 1m,Trot,Dirt,1m,"$13,000",3,Milliondollardream,"Dobson, Billy","Sardella, Andr",9/2,False,Harness,tvg,https://api.tvg.com/cosmo/v1/graphql,2026-05-11T10:24:26.853865,1.0.0,Swan In A Million,Motown Dreamgirl,Keystone Nordic,6,M,"Irving S Bluestein,Dedham,MA",0,9/2,5.5,5.5,STG-4,2026-05-11T17:00:00Z,8
STG,Saratoga Harness,2026-05-11,4,17:00,Trot 1m,Trot,Dirt,1m,"$13,000",4,Dewey Arnold,"Cutting, Jacob","Dewhurst, Davi",5/2,False,Harness,tvg,https://api.tvg.com/cosmo/v1/graphql,2026-05-11T10:24:26.853872,1.0.0,Deweycheatumnhowe,Livn On A Prayer,Like A Prayer,8,G,"Philip K Hale,Utica,NY;David M Dewh",0,5/2,3.5,3.5,STG-4,2026-05-11T17:00:00Z,8
STG,Saratoga Harness,2026-05-11,4,17:00,Trot 1m,Trot,Dirt,1m,"$13,000",5,Ice Breakers K,"Hennessey, Wal","Quevedo, Edwin",6/1,False,Harness,tvg,https://api.tvg.com/cosmo/v1/graphql,2026-05-11T10:24:26.853880,1.0.0,Winning Mister,Winter Star,Star Challenge,7,G,"David A Dobbelmann,Forest Lake,MN",0,6/1,7.0,7.0,STG-4,2026-05-11T17:00:00Z,8
STG,Saratoga Harness,2026-05-11,4,17:00,Trot 1m,Trot,Dirt,1m,"$13,000",6,Shoot Some Hoop,"Crews, Irvin","Crews, Irvin",10/1,False,Harness,tvg,https://api.tvg.com/cosmo/v1/graphql,2026-05-11T10:24:26.853887,1.0.0,Enterprise,Anja,Credit Winner,4,G,"Max D Moskowitz,Croton On Hudson,NY",0,10/1,11.0,11.0,STG-4,2026-05-11T17:00:00Z,8
STG,Saratoga Harness,2026-05-11,4,17:00,Trot 1m,Trot,Dirt,1m,"$13,000",7,Internationalcraze,"Long, Chris","Forte, Michael",12/1,False,Harness,tvg,https://api.tvg.com/cosmo/v1/graphql,2026-05-11T10:24:26.853895,1.0.0,International Moni,Kinda Crazy Lindy,Crazed,5,G,"B Kleinberg Racing LLC,Madison,NJ;R",0,12/1,13.0,13.0,STG-4,2026-05-11T17:00:00Z,8
STG,Saratoga Harness,2026-05-11,4,17:00,Trot 1m,Trot,Dirt,1m,"$13,000",8,Civilian Drone,"Swift, Kyle","Mcassey, Jayme",8/1,False,Harness,tvg,https://api.tvg.com/cosmo/v1/graphql,2026-05-11T10:24:26.853903,1.0.0,Chapter Seven,Southwind Snow,Conway Hall,4,G,"Tanah Merah Farms LLC,Los Altos Hil",0,8/1,9.0,9.0,STG-4,2026-05-11T17:00:00Z,8
STG,Saratoga Harness,2026-05-11,5,17:20,Trot 1m,Trot,Dirt,1m,"$11,750",1,Midnight Swan,"Bailey, Leon","Derue, Brett",5/1,False,Harness,tvg,https://api.tvg.com/cosmo/v1/graphql,2026-05-11T10:24:26.853919,1.0.0,Swan For All,Midnight Air,Father Patrick,5,G,"Stephen J Picarazzi,Half Moon,NY;Br",0,5/1,6.0,6.0,STG-5,2026-05-11T17:20:00Z,8
STG,Saratoga Harness,2026-05-11,5,17:20,Trot 1m,Trot,Dirt,1m,"$11,750",2,Lets Go North,"Cutting, Jacob","Beckwith, Meli",7/2,False,Harness,tvg,https://api.tvg.com/cosmo/v1/graphql,2026-05-11T10:24:26.853926,1.0.0,Don't Let'em,Northern Daisy,Andover Hall,4,G,"William A Hartt,Carmel,ME",0,7/2,4.5,4.5,STG-5,2026-05-11T17:20:00Z,8
STG,Saratoga Harness,2026-05-11,5,17:20,Trot 1m,Trot,Dirt,1m,"$11,750",3,That Dude,"Hennessey, Wal","Hallett, John",10/1,False,Harness,tvg,https://api.tvg.com/cosmo/v1/graphql,2026-05-11T10:24:26.853935,1.0.0,Trixton,Prettiestgalaround,Broadway Hall,4,G,"John R Hallett,Saratoga,NY;Jessica",0,10/1,11.0,11.0,STG-5,2026-05-11T17:20:00Z,8
STG,Saratoga Harness,2026-05-11,5,17:20,Trot 1m,Trot,Dirt,1m,"$11,750",4,Flyhawk El Derecho,"Byron, Aaron","Byron, Aaron",3/1,False,Harness,tvg,https://api.tvg.com/cosmo/v1/graphql,2026-05-11T10:24:26.853942,1.0.0,Crazy Wow,Miss El Paso,El Paso Kash,5,G,"Mr Michael Musacchio Jr,Oneida,NY;M",0,3/1,4.0,4.0,STG-5,2026-05-11T17:20:00Z,8
STG,Saratoga Harness,2026-05-11,5,17:20,Trot 1m,Trot,Dirt,1m,"$11,750",5,Gimlet Hanover,"Long, Chris","Mangiardi, Rob",9/2,False,Harness,tvg,https://api.tvg.com/cosmo/v1/graphql,2026-05-11T10:24:26.853951,1.0.0,Bar Hopping,Ginger Tree Bren,Donato Hanover,4,G,"Robyn E Mangiardi,Saratoga Springs,",0,9/2,5.5,5.5,STG-5,2026-05-11T17:20:00Z,8
STG,Saratoga Harness,2026-05-11,5,17:20,Trot 1m,Trot,Dirt,1m,"$11,750",6,Demimond,"Dobson, Billy","Kelley, Amanda",4/1,False,Harness,tvg,https://api.tvg.com/cosmo/v1/graphql,2026-05-11T10:24:26.853958,1.0.0,Calgary Games,Demoiselle Hanover,Muscle Hill,3,G,"Sartin Racing LLC,Bear,DE",0,4/1,5.0,5.0,STG-5,2026-05-11T17:20:00Z,8
STG,Saratoga Harness,2026-05-11,5,17:20,Trot 1m,Trot,Dirt,1m,"$11,750",7,Memento Mori,"Swift, Kyle","Harmon, Rob",8/1,False,Harness,tvg,https://api.tvg.com/cosmo/v1/graphql,2026-05-11T10:24:26.853967,1.0.0,Chapter Seven,Gone Baby Gone S,Muscle Hill,4,G,"Go For Glory Stable LLC,Metuchen,NJ",0,8/1,9.0,9.0,STG-5,2026-05-11T17:20:00Z,8
STG,Saratoga Harness,2026-05-11,5,17:20,Trot 1m,Trot,Dirt,1m,"$11,750",8,King Of Green,"Devaux, Jim","Levine, Gary",12/1,False,Harness,tvg,https://api.tvg.com/cosmo/v1/graphql,2026-05-11T10:24:26.853975,1.0.0,Greenshoe,Deedee's Destiny,Muscles Yankee,4,G,"Gary L Levine,Ballston Spa,NY",0,12/1,13.0,13.0,STG-5,2026-05-11T17:20:00Z,8
STG,Saratoga Harness,2026-05-11,6,17:40,Trot 1m,Trot,Dirt,1m,"$18,000",1,Osodevious,"Cutting, Jacob","White, Barry",10/1,False,Harness,tvg,https://api.tvg.com/cosmo/v1/graphql,2026-05-11T10:24:26.853994,1.0.0,Devious Man,Trooper Lou,Muscle Mass,5,M,"Barry A & Heather M White,North Ban",0,10/1,11.0,11.0,STG-6,2026-05-11T17:40:00Z,7
STG,Saratoga Harness,2026-05-11,6,17:40,Trot 1m,Trot,Dirt,1m,"$18,000",2,Morning Edition,"Hennessey, Wal","Gray, Alicia",9/2,False,Harness,tvg,https://api.tvg.com/cosmo/v1/graphql,2026-05-11T10:24:26.854003,1.0.0,Walner,Morning Glow,Muscle Hill,6,G,"Mark J Jakubik,West Seneca,NY;Dougl",0,9/2,5.5,5.5,STG-6,2026-05-11T17:40:00Z,7
STG,Saratoga Harness,2026-05-11,6,17:40,Trot 1m,Trot,Dirt,1m,"$18,000",3,Fringed,"Daley, Dan","Daley, Dan",5/2,False,Harness,tvg,https://api.tvg.com/cosmo/v1/graphql,2026-05-11T10:24:26.854014,1.0.0,Crazy Wow,Jinx,Muscles Yankee,5,G,"Ann-Mari Daley,Astor,FL;Oleg I Ivut",0,5/2,3.5,3.5,STG-6,2026-05-11T17:40:00Z,7
STG,Saratoga Harness,2026-05-11,6,17:40,Trot 1m,Trot,Dirt,1m,"$18,000",4,Up Helly Aa,"Long, Chris","Mcassey, Jayme",4/1,False,Harness,tvg,https://api.tvg.com/cosmo/v1/graphql,2026-05-11T10:24:26.854023,1.0.0,Armbro Barrister,Burnt With Finesse,Berndt Hanover,7,G,"Ian P Fromowitz,Richmond Hill,ON, C",0,4/1,5.0,5.0,STG-6,2026-05-11T17:40:00Z,7
STG,Saratoga Harness,2026-05-11,6,17:40,Trot 1m,Trot,Dirt,1m,"$18,000",5,Ordained,"Dobson, Billy","Stalbaum, Larr",8/1,False,Harness,tvg,https://api.tvg.com/cosmo/v1/graphql,2026-05-11T10:24:26.854030,1.0.0,Father Patrick,Chic Chick,Kadabra,5,G,"Gary E & Tracey B Smith,Bainbridge,",0,8/1,9.0,9.0,STG-6,2026-05-11T17:40:00Z,7
STG,Saratoga Harness,2026-05-11,6,17:40,Trot 1m,Trot,Dirt,1m,"$18,000",6,Duke Lavictoire,"Bailey, Leon","Derue, Brett",6/1,False,Harness,tvg,https://api.tvg.com/cosmo/v1/graphql,2026-05-11T10:24:26.854039,1.0.0,Royalty For Life,Kadabra Lavictoire,Kadabra,8,G,"S J Picarazzi,Half Moon,NY;B D Deru",0,6/1,7.0,7.0,STG-6,2026-05-11T17:40:00Z,7
STG,Saratoga Harness,2026-05-11,6,17:40,Trot 1m,Trot,Dirt,1m,"$18,000",7,But Why,"Devaux, Jim","Mongeon, Scott",3/1,False,Harness,tvg,https://api.tvg.com/cosmo/v1/graphql,2026-05-11T10:24:26.854047,1.0.0,Crazy Wow,Porque,Plesac,5,G,"Steven N & Laura A Stewart,Petersbu",0,3/1,4.0,4.0,STG-6,2026-05-11T17:40:00Z,7
STG,Saratoga Harness,2026-05-11,7,18:00,Trot 1m,Trot,Dirt,1m,"$14,500",1,Rose Run Xtra,"Dobson, Billy","Krist, Monica",3/1,False,Harness,tvg,https://api.tvg.com/cosmo/v1/graphql,2026-05-11T10:24:26.854065,1.0.0,Cash Hall,Anything But Love,Conway Hall,7,G,"Rick Arthur Dobson,Howell,MI",0,3/1,4.0,4.0,STG-7,2026-05-11T18:00:00Z,8
STG,Saratoga Harness,2026-05-11,7,18:00,Trot 1m,Trot,Dirt,1m,"$14,500",2,Staghouse,"Crawford, Bret","Collins, Micha",6/1,False,Harness,tvg,https://api.tvg.com/cosmo/v1/graphql,2026-05-11T10:24:26.854073,1.0.0,Conway Hall,Shes On Fire,Muscle Hill,7,G,"Emma R Blazer,Vernon Ctr,NY;Frances",0,6/1,7.0,7.0,STG-7,2026-05-11T18:00:00Z,8
STG,Saratoga Harness,2026-05-11,7,18:00,Trot 1m,Trot,Dirt,1m,"$14,500",3,Stonebridge Bomber,"Byron, Aaron","Byron, Aaron",8/1,False,Harness,tvg,https://api.tvg.com/cosmo/v1/graphql,2026-05-11T10:24:26.854081,1.0.0,Muscle Mass,Stonebridge Glider,Yankee Glide,6,G,"Aaron Robert Byron,Severn,ON, CA;Go",0,8/1,9.0,9.0,STG-7,2026-05-11T18:00:00Z,8
STG,Saratoga Harness,2026-05-11,7,18:00,Trot 1m,Trot,Dirt,1m,"$14,500",4,Packmia,"Cross, Brian","Dickie, Timoth",10/1,False,Harness,tvg,https://api.tvg.com/cosmo/v1/graphql,2026-05-11T10:24:26.854090,1.0.0,Six Pack,Ldees Mia,Yankee Glide,5,G,"Glenn W & Cheryl R Schnackenberg,Ki",0,10/1,11.0,11.0,STG-7,2026-05-11T18:00:00Z,8
STG,Saratoga Harness,2026-05-11,7,18:00,Trot 1m,Trot,Dirt,1m,"$14,500",5,Hope N Glory,"Hennessey, Wal","Cappello, Dan",9/2,False,Harness,tvg,https://api.tvg.com/cosmo/v1/graphql,2026-05-11T10:24:26.854097,1.0.0,Lookslikeachpndale,Merry Maiden,Angus Hall,5,M,"Lisa Unltd LLC,Mechanicville,NY",0,9/2,5.5,5.5,STG-7,2026-05-11T18:00:00Z,8
STG,Saratoga Harness,2026-05-11,7,18:00,Trot 1m,Trot,Dirt,1m,"$14,500",6,Platinum As,"Devaux, Jim","Beckwith, Meli",5/2,False,Harness,tvg,https://api.tvg.com/cosmo/v1/graphql,2026-05-11T10:24:26.854106,1.0.0,E L Titan,Jarette As,Striking Sahbra,8,G,"Fac Racing LLC,Scarsdale,NY;Brett M",0,5/2,3.5,3.5,STG-7,2026-05-11T18:00:00Z,8
STG,Saratoga Harness,2026-05-11,7,18:00,Trot 1m,Trot,Dirt,1m,"$14,500",7,Wolfpack Zach,"Cutting, Jacob","Flanders, Joel",4/1,False,Harness,tvg,https://api.tvg.com/cosmo/v1/graphql,2026-05-11T10:24:26.854114,1.0.0,E L Platinum,Vandalous,Jm Vangogh,4,G,"Stuart Chambers Racing LLC,Raleigh,",0,4/1,5.0,5.0,STG-7,2026-05-11T18:00:00Z,8
STG,Saratoga Harness,2026-05-11,7,18:00,Trot 1m,Trot,Dirt,1m,"$14,500",8,Muscle Dynasty,"Long, Chris","Mangiardi, Rob",12/1,False,Harness,tvg,https://api.tvg.com/cosmo/v1/graphql,2026-05-11T10:24:26.854122,1.0.0,Muscle Hill,Miss Liv,Kadabra,8,G,"Robyn E Mangiardi,Saratoga Springs,",0,12/1,13.0,13.0,STG-7,2026-05-11T18:00:00Z,8
STG,Saratoga Harness,2026-05-11,8,18:20,Trot 1m,Trot,Dirt,1m,"$11,750",1,Manhattan Moni,"Crews, Irvin","Crews, Irvin",12/1,False,Harness,tvg,https://api.tvg.com/cosmo/v1/graphql,2026-05-11T10:24:26.854139,1.0.0,International Moni,Manhattan As,Muscles Yankee,4,G,"Anthony Napolitano Jr,Bennington,VT",0,12/1,13.0,13.0,STG-8,2026-05-11T18:20:00Z,7
STG,Saratoga Harness,2026-05-11,8,18:20,Trot 1m,Trot,Dirt,1m,"$11,750",2,Tymal Loverboy,"Crawford, Bret","Collins, Micha",8/1,False,Harness,tvg,https://api.tvg.com/cosmo/v1/graphql,2026-05-11T10:24:26.854148,1.0.0,Muscle Mass,I'll Wait For You,Kadabra,5,G,"Albert C Coppini,Verona,NY",0,8/1,9.0,9.0,STG-8,2026-05-11T18:20:00Z,7
STG,Saratoga Harness,2026-05-11,8,18:20,Trot 1m,Trot,Dirt,1m,"$11,750",3,Kody Kickstand,"Devaux, Jim","Mongeon, Scott",7/2,False,Harness,tvg,https://api.tvg.com/cosmo/v1/graphql,2026-05-11T10:24:26.854156,1.0.0,Swan For All,Foxy Zette,Broadway Hall,4,G,"Scott A Mongeon,Ballston Spa,NY",0,7/2,4.5,4.5,STG-8,2026-05-11T18:20:00Z,7
STG,Saratoga Harness,2026-05-11,8,18:20,Trot 1m,Trot,Dirt,1m,"$11,750",4,Milky Way Bay,"Hennessey, Wal","Simser, Perry",15/1,False,Harness,tvg,https://api.tvg.com/cosmo/v1/graphql,2026-05-11T10:24:26.854164,1.0.0,Cantab Hall,Aurora Bay,Glidemaster,4,M,"Berg Bros Racing LLC,San Mateo,FL;J",0,15/1,16.0,16.0,STG-8,2026-05-11T18:20:00Z,7
STG,Saratoga Harness,2026-05-11,8,18:20,Trot 1m,Trot,Dirt,1m,"$11,750",5,Red White,"Cutting, Jacob","White, Barry",5/2,False,Harness,tvg,https://api.tvg.com/cosmo/v1/graphql,2026-05-11T10:24:26.854172,1.0.0,Devious Man,Trooper Lou,Muscle Mass,4,G,"Barry A & Evan White,North Bangor,N",0,5/2,3.5,3.5,STG-8,2026-05-11T18:20:00Z,7
STG,Saratoga Harness,2026-05-11,8,18:20,Trot 1m,Trot,Dirt,1m,"$11,750",6,Never Not,"Derue, Jordan","Derue, Jordan",4/1,False,Harness,tvg,https://api.tvg.com/cosmo/v1/graphql,2026-05-11T10:24:26.854180,1.0.0,Chapter Seven,Oooteeny,Credit Winner,5,M,"Jordan Derue,Ft Edward,NY",0,4/1,5.0,5.0,STG-8,2026-05-11T18:20:00Z,7
STG,Saratoga Harness,2026-05-11,8,18:20,Trot 1m,Trot,Dirt,1m,"$11,750",7,Oli Canoli,"Byron, Aaron","Beckwith, Meli",9/2,False,Harness,tvg,https://api.tvg.com/cosmo/v1/graphql,2026-05-11T10:24:26.854188,1.0.0,Swan For All,Canoli,Cantab Hall,4,G,"William A Hartt,Carmel,ME",0,9/2,5.5,5.5,STG-8,2026-05-11T18:20:00Z,7
STG,Saratoga Harness,2026-05-11,9,18:40,Trot 1m,Trot,Dirt,1m,"$13,000",1,Secret Or Not,"Swift, Kyle","Mcassey, Jayme",5/2,False,Harness,tvg,https://api.tvg.com/cosmo/v1/graphql,2026-05-11T10:24:26.854205,1.0.0,Musclesprinctonian,Silhouette Star,Valley Victor,8,G,"Jaypaul R Hoover,Ephrata,PA",0,5/2,3.5,3.5,STG-9,2026-05-11T18:40:00Z,8
STG,Saratoga Harness,2026-05-11,9,18:40,Trot 1m,Trot,Dirt,1m,"$13,000",2,Cross Creek Samara,"Cross, Brian","Cross, Brian",9/2,False,Harness,tvg,https://api.tvg.com/cosmo/v1/graphql,2026-05-11T10:24:26.854214,1.0.0,Crazy Wow,Whimzical Britt,Cash Hall,6,M,"Jennifer J Newton,East Nassau,NY",0,9/2,5.5,5.5,STG-9,2026-05-11T18:40:00Z,8
STG,Saratoga Harness,2026-05-11,9,18:40,Trot 1m,Trot,Dirt,1m,"$13,000",3,Summit City Sonny,"Dobson, Billy","Mcassey, Jesse",8/1,False,Harness,tvg,https://api.tvg.com/cosmo/v1/graphql,2026-05-11T10:24:26.854222,1.0.0,Dover Dan,Seeking A Dream,Kadabra,7,G,"Adam Friedland,Brooklyn,NY;Jesse E",0,8/1,9.0,9.0,STG-9,2026-05-11T18:40:00Z,8
STG,Saratoga Harness,2026-05-11,9,18:40,Trot 1m,Trot,Dirt,1m,"$13,000",4,Century Invader,"Crews, Irvin","Crews, Irvin",10/1,False,Harness,tvg,https://api.tvg.com/cosmo/v1/graphql,2026-05-11T10:24:26.854230,1.0.0,Resolve,Lady Pixie,Yankee Glide,7,G,"Leann M Simek,Gloversville,NY",0,10/1,11.0,11.0,STG-9,2026-05-11T18:40:00Z,8
STG,Saratoga Harness,2026-05-11,9,18:40,Trot 1m,Trot,Dirt,1m,"$13,000",5,Powerscourt,"Mc Givern, Mic","Mc Givern, Che",12/1,False,Harness,tvg,https://api.tvg.com/cosmo/v1/graphql,2026-05-11T10:24:26.854240,1.0.0,Credit Winner,Miss Connor,Cash Hall,10,G,"C H Foster,Saratoga Sprgs,NY;W M Ca",0,12/1,13.0,13.0,STG-9,2026-05-11T18:40:00Z,8
STG,Saratoga Harness,2026-05-11,9,18:40,Trot 1m,Trot,Dirt,1m,"$13,000",6,Doctor Strange,"Stark, John Jr","Stark, John Jr",4/1,False,Harness,tvg,https://api.tvg.com/cosmo/v1/graphql,2026-05-11T10:24:26.854247,1.0.0,Met's Hall,Flotus,Rc Royalty,4,G,"J W Stark Jr,Saratoga Sprgs,NY;D B",0,4/1,5.0,5.0,STG-9,2026-05-11T18:40:00Z,8
STG,Saratoga Harness,2026-05-11,9,18:40,Trot 1m,Trot,Dirt,1m,"$13,000",7,Jeffery J,"Devaux, Jim","Levine, Gary",3/1,False,Harness,tvg,https://api.tvg.com/cosmo/v1/graphql,2026-05-11T10:24:26.854257,1.0.0,Bar Hopping,Drinking Money,Cantab Hall,4,H,"Gary L Levine,Ballston Spa,NY",0,3/1,4.0,4.0,STG-9,2026-05-11T18:40:00Z,8
STG,Saratoga Harness,2026-05-11,9,18:40,Trot 1m,Trot,Dirt,1m,"$13,000",8,Nottingham,"Bailey, Leon","Gardner, Andy",6/1,False,Harness,tvg,https://api.tvg.com/cosmo/v1/graphql,2026-05-11T10:24:26.854265,1.0.0,E L Titan,Lady Marian,Self Possessed,5,G,"Exceed Stables LLC,Lamar,PA",0,6/1,7.0,7.0,STG-9,2026-05-11T18:40:00Z,8
STG,Saratoga Harness,2026-05-11,10,19:00,Trot 1m,Trot,Dirt,1m,"$9,000",1,Seven Lick Prise,"Dobson, Billy","Krist, Monica",3/1,False,Harness,tvg,https://api.tvg.com/cosmo/v1/graphql,2026-05-11T10:24:26.854280,1.0.0,Enterprise,Alana's Ways,Dejarmbro,6,G,"Rick Arthur Dobson,Howell,MI",0,3/1,4.0,4.0,STG-10,2026-05-11T19:00:00Z,8
STG,Saratoga Harness,2026-05-11,10,19:00,Trot 1m,Trot,Dirt,1m,"$9,000",2,In A Tiny Way,"Byron, Aaron","Gardner, Andy",5/2,False,Harness,tvg,https://api.tvg.com/cosmo/v1/graphql,2026-05-11T10:24:26.854291,1.0.0,Conway Hall,Mc Tiny's Hope,Cr Excalibur,7,M,"Ellen M Mc Neil,Vernon Center,NY",0,5/2,3.5,3.5,STG-10,2026-05-11T19:00:00Z,8
STG,Saratoga Harness,2026-05-11,10,19:00,Trot 1m,Trot,Dirt,1m,"$9,000",3,Duckdodgendive,"Crews, Irvin","Tranowicz, Lau",6/1,False,Harness,tvg,https://api.tvg.com/cosmo/v1/graphql,2026-05-11T10:24:26.854300,1.0.0,Deweycheatumnhowe,Anomaly Hanover,Lindy Lane,8,G,"Laurie A Tranowicz,Fort Edward,NY",0,6/1,7.0,7.0,STG-10,2026-05-11T19:00:00Z,8
STG,Saratoga Harness,2026-05-11,10,19:00,Trot 1m,Trot,Dirt,1m,"$9,000",4,Steven Goldstein,"Crawford, Bret","Crawford, Mich",4/1,False,Harness,tvg,https://api.tvg.com/cosmo/v1/graphql,2026-05-11T10:24:26.854308,1.0.0,Muscle Mass,Barbara Goldstein,Conway Hall,4,G,"Steven M Goldstein,West Haven,CT;Ja",0,4/1,5.0,5.0,STG-10,2026-05-11T19:00:00Z,8
STG,Saratoga Harness,2026-05-11,10,19:00,Trot 1m,Trot,Dirt,1m,"$9,000",5,Grandpa Erv,"Devaux, Jim","Finn, Kari",20/1,False,Harness,tvg,https://api.tvg.com/cosmo/v1/graphql,2026-05-11T10:24:26.854317,1.0.0,Muscle Massive,Alidade,Credit Winner,10,G,"Pale Moon Stable,Ballston Spa,NY",0,20/1,21.0,21.0,STG-10,2026-05-11T19:00:00Z,8
STG,Saratoga Harness,2026-05-11,10,19:00,Trot 1m,Trot,Dirt,1m,"$9,000",6,Makin No Bakin,"Fluet, Phil","Fluet, Phil",10/1,False,Harness,tvg,https://api.tvg.com/cosmo/v1/graphql,2026-05-11T10:24:26.854325,1.0.0,Conway Hall,Lakin Beau Bakin,Credit Winner,7,G,"Woodward Stable LLC,Oakfield,NY;Phi",0,10/1,11.0,11.0,STG-10,2026-05-11T19:00:00Z,8
STG,Saratoga Harness,2026-05-11,10,19:00,Trot 1m,Trot,Dirt,1m,"$9,000",7,Shiv,"Derue, Jordan","Derue, Jordan",9/2,False,Harness,tvg,https://api.tvg.com/cosmo/v1/graphql,2026-05-11T10:24:26.854334,1.0.0,Conway Hall,Minky Hanover,Lindy Lane,5,M,"Jeffery D Derue,Chesterville,ON, CA",0,9/2,5.5,5.5,STG-10,2026-05-11T19:00:00Z,8
STG,Saratoga Harness,2026-05-11,10,19:00,Trot 1m,Trot,Dirt,1m,"$9,000",8,Arlanda,"Long, Chris","Mangiardi, Rob",12/1,False,Harness,tvg,https://api.tvg.com/cosmo/v1/graphql,2026-05-11T10:24:26.854341,1.0.0,Kadabra,Chapter Heaven,Chapter Seven,8,G,"Robyn E Mangiardi,Saratoga Springs,",0,12/1,13.0,13.0,STG-10,2026-05-11T19:00:00Z,8
STG,Saratoga Harness,2026-05-11,11,19:20,Trot 1m,Trot,Dirt,1m,"$11,750",1,Wolfpack Cheddar,"Crews, Irvin","Flanders, Joel",9/2,False,Harness,tvg,https://api.tvg.com/cosmo/v1/graphql,2026-05-11T10:24:26.854367,1.0.0,Anders Bluestone,Filly Cheese Stake,Detour Hanover,4,G,"Stuart Chambers Racing LLC,Raleigh,",0,9/2,5.5,5.5,STG-11,2026-05-11T19:20:00Z,8
STG,Saratoga Harness,2026-05-11,11,19:20,Trot 1m,Trot,Dirt,1m,"$11,750",2,Kanon Laser Dk,"Dobson, Billy","Nelson, Ryan",2/1,False,Harness,tvg,https://api.tvg.com/cosmo/v1/graphql,2026-05-11T10:24:26.854376,1.0.0,One Too Many,Lea Laser,Mr Flirt,5,G,"Ryan K Nelson,Stillwater,NY",0,2/1,3.0,3.0,STG-11,2026-05-11T19:20:00Z,8
STG,Saratoga Harness,2026-05-11,11,19:20,Trot 1m,Trot,Dirt,1m,"$11,750",3,Stars In My Crown,"Stark, John Jr","Stark, John Jr",12/1,False,Harness,tvg,https://api.tvg.com/cosmo/v1/graphql,2026-05-11T10:24:26.854385,1.0.0,Marseille,All For One,Swan For All,4,M,"Randi T Stark,Saratoga Springs,NY;J",0,12/1,13.0,13.0,STG-11,2026-05-11T19:20:00Z,8
STG,Saratoga Harness,2026-05-11,11,19:20,Trot 1m,Trot,Dirt,1m,"$11,750",4,Six Questions,"Cutting, Jacob","Hallett, John",8/1,False,Harness,tvg,https://api.tvg.com/cosmo/v1/graphql,2026-05-11T10:24:26.854394,1.0.0,Six Pack,To The Question,Credit Winner,4,M,"A P Racing,West Chester,PA",0,8/1,9.0,9.0,STG-11,2026-05-11T19:20:00Z,8
STG,Saratoga Harness,2026-05-11,11,19:20,Trot 1m,Trot,Dirt,1m,"$11,750",5,Marcello Hanover,"Byron, Aaron","Derue, Jordan",6/1,False,Harness,tvg,https://api.tvg.com/cosmo/v1/graphql,2026-05-11T10:24:26.854403,1.0.0,Chapter Seven,Musetta Hanover,Cantab Hall,5,G,"Rebecca C. Burgess,Cambridge,NY",0,6/1,7.0,7.0,STG-11,2026-05-11T19:20:00Z,8
STG,Saratoga Harness,2026-05-11,11,19:20,Trot 1m,Trot,Dirt,1m,"$11,750",6,Uncle Rat,"Long, Chris","Harmon, Rob",7/2,False,Harness,tvg,https://api.tvg.com/cosmo/v1/graphql,2026-05-11T10:24:26.854411,1.0.0,Uncle Peter,Royal Illusions,Rc Royalty,4,G,"Go For Glory Stable LLC,Metuchen,NJ",0,7/2,4.5,4.5,STG-11,2026-05-11T19:20:00Z,8
STG,Saratoga Harness,2026-05-11,11,19:20,Trot 1m,Trot,Dirt,1m,"$11,750",7,Gypsy Rose Lou,"Devaux, Jim","Levine, Gary",10/1,False,Harness,tvg,https://api.tvg.com/cosmo/v1/graphql,2026-05-11T10:24:26.854419,1.0.0,Lou's Legacy,Fashion Huntress,Broadway Hall,4,M,"Gary L Levine,Ballston Spa,NY",0,10/1,11.0,11.0,STG-11,2026-05-11T19:20:00Z,8
STG,Saratoga Harness,2026-05-11,11,19:20,Trot 1m,Trot,Dirt,1m,"$11,750",8,Noble Wine,"Fluet, Phil","Fluet, Phil",20/1,False,Harness,tvg,https://api.tvg.com/cosmo/v1/graphql,2026-05-11T10:24:26.854428,1.0.0,Greenshoe,Cambridge Kate,Royalty For Life,4,G,"Joseph W Stanislowsky,Hague,NY",0,20/1,21.0,21.0,STG-11,2026-05-11T19:20:00Z,8
STG,Saratoga Harness,2026-05-11,12,19:40,Trot 1m,Trot,Dirt,1m,"$6,200",1,Sum Kinda Good,"Cutting, Jacob","Tranowicz, Lau",5/1,False,Harness,tvg,https://api.tvg.com/cosmo/v1/graphql,2026-05-11T10:24:26.854449,1.0.0,Conway Hall,Anomaly Hanover,Lindy Lane,6,M,"Laurie A Tranowicz,Fort Edward,NY",0,5/1,6.0,6.0,STG-12,2026-05-11T19:40:00Z,8
STG,Saratoga Harness,2026-05-11,12,19:40,Trot 1m,Trot,Dirt,1m,"$6,200",2,Uncle Andy,"Clement, Edwar","Clement, Edwar",25/1,False,Harness,tvg,https://api.tvg.com/cosmo/v1/graphql,2026-05-11T10:24:26.854457,1.0.0,Knight Of Intrigue,Aunt Betsy,Sj's Caviar,9,G,"Edward C Clement,Stony Creek,NY",0,25/1,26.0,26.0,STG-12,2026-05-11T19:40:00Z,8
STG,Saratoga Harness,2026-05-11,12,19:40,Trot 1m,Trot,Dirt,1m,"$6,200",3,Tobern,"Cross, Brian","Cross, Brian",7/2,False,Harness,tvg,https://api.tvg.com/cosmo/v1/graphql,2026-05-11T10:24:26.854465,1.0.0,Crazy Wow,Bertaux,Conway Hall,5,G,"Labelle Livery LLC,Saratoga Springs",0,7/2,4.5,4.5,STG-12,2026-05-11T19:40:00Z,8
STG,Saratoga Harness,2026-05-11,12,19:40,Trot 1m,Trot,Dirt,1m,"$6,200",4,Okeechobee Jet,"Swift, Kyle","Mcassey, Jayme",5/2,False,Harness,tvg,https://api.tvg.com/cosmo/v1/graphql,2026-05-11T10:24:26.854473,1.0.0,Odino Jet,Hall Of Stars,Conway Hall,5,G,"Jaymes Mcassey,Ft. Edward,NY",0,5/2,3.5,3.5,STG-12,2026-05-11T19:40:00Z,8
STG,Saratoga Harness,2026-05-11,12,19:40,Trot 1m,Trot,Dirt,1m,"$6,200",5,Cherry Mason,"Fluet, Phil","Collins, Micha",15/1,False,Harness,tvg,https://api.tvg.com/cosmo/v1/graphql,2026-05-11T10:24:26.854480,1.0.0,Deweycheatumnhowe,Cherry Lane,Lindy Lane,8,G,"Joseph A Di Nicola,E Rutherford,NJ;",0,15/1,16.0,16.0,STG-12,2026-05-11T19:40:00Z,8
STG,Saratoga Harness,2026-05-11,12,19:40,Trot 1m,Trot,Dirt,1m,"$6,200",6,Conquest As,"Long, Chris","Mangiardi, Rob",3/1,False,Harness,tvg,https://api.tvg.com/cosmo/v1/graphql,2026-05-11T10:24:26.854487,1.0.0,Conway Hall,Cordele As,Kadabra,9,G,"Robyn E Mangiardi,Saratoga Springs,",0,3/1,4.0,4.0,STG-12,2026-05-11T19:40:00Z,8
STG,Saratoga Harness,2026-05-11,12,19:40,Trot 1m,Trot,Dirt,1m,"$6,200",7,Jack's Boy,"Crews, Irvin","Crews, Irvin",12/1,False,Harness,tvg,https://api.tvg.com/cosmo/v1/graphql,2026-05-11T10:24:26.854495,1.0.0,Met's Hall,Kristen Y,Malabar Man,5,G,"Leann M Simek,Gloversville,NY",0,12/1,13.0,13.0,STG-12,2026-05-11T19:40:00Z,8
STG,Saratoga Harness,2026-05-11,12,19:40,Trot 1m,Trot,Dirt,1m,"$6,200",8,Mass Cara,"Bailey, Leon","Gardner, Andy",8/1,False,Harness,tvg,https://api.tvg.com/cosmo/v1/graphql,2026-05-11T10:24:26.854503,1.0.0,Muscle Mass,Penetangore,Earl,5,M,"Percy J Elkins,Milton,ON, CA;Frank",0,8/1,9.0,9.0,STG-12,2026-05-11T19:40:00Z,8
STG,Saratoga Harness,2026-05-11,13,20:00,Pace 1m,Pace,Dirt,1m,"$9,700",1,Captain Sassy,"Hennessey, Wal","Hallett, John",5/2,False,Harness,tvg,https://api.tvg.com/cosmo/v1/graphql,2026-05-11T10:24:26.854520,1.0.0,Captaintreacherous,Frog Pond Princess,Sportswriter,3,F,"A P Racing,West Chester,PA;John R H",0,5/2,3.5,3.5,STG-13,2026-05-11T20:00:00Z,8
STG,Saratoga Harness,2026-05-11,13,20:00,Pace 1m,Pace,Dirt,1m,"$9,700",2,Tropical Cyclone,"Long, Chris","Mangiardi, Rob",7/2,False,Harness,tvg,https://api.tvg.com/cosmo/v1/graphql,2026-05-11T10:24:26.854527,1.0.0,Big Jim,Hurricane Irene,Bettor's Delight,3,F,"Robyn E Mangiardi,Saratoga Springs,",0,7/2,4.5,4.5,STG-13,2026-05-11T20:00:00Z,8
STG,Saratoga Harness,2026-05-11,13,20:00,Pace 1m,Pace,Dirt,1m,"$9,700",3,Sea Blaze,"Derue, Jordan","Derue, Jordan",8/5,False,Harness,tvg,https://api.tvg.com/cosmo/v1/graphql,2026-05-11T10:24:26.854536,1.0.0,Downbytheseaside,Blazin Grace,Sweet Lou,4,M,"Olivia L Derue,Fort Edward,NY",0,8/5,2.6,2.6,STG-13,2026-05-11T20:00:00Z,8
STG,Saratoga Harness,2026-05-11,13,20:00,Pace 1m,Pace,Dirt,1m,"$9,700",4,Imdagirlofurdreams,"Devaux, Jim","Levine, Gary",8/1,False,Harness,tvg,https://api.tvg.com/cosmo/v1/graphql,2026-05-11T10:24:26.854544,1.0.0,American Ideal,Enchanted Eva,Sportswriter,3,F,"John De Santis,Albany,NY",0,8/1,9.0,9.0,STG-13,2026-05-11T20:00:00Z,8
STG,Saratoga Harness,2026-05-11,13,20:00,Pace 1m,Pace,Dirt,1m,"$9,700",5,Little Moments,"Byron, Aaron","Byron, Aaron",10/1,False,Harness,tvg,https://api.tvg.com/cosmo/v1/graphql,2026-05-11T10:24:26.854551,1.0.0,Control The Moment,Ashlee's Luck,Camluck,4,M,"Mr Michael Musacchio Jr,Oneida,NY;M",0,10/1,11.0,11.0,STG-13,2026-05-11T20:00:00Z,8
STG,Saratoga Harness,2026-05-11,13,20:00,Pace 1m,Pace,Dirt,1m,"$9,700",6,Sea Ya Sophia,"Euto, Jebidiah","Euto, Jebidiah",30/1,False,Harness,tvg,https://api.tvg.com/cosmo/v1/graphql,2026-05-11T10:24:26.854559,1.0.0,Downbytheseaside,Upfront Miss Major,Art Major,5,M,"My Buddy Stables,Bronxville,NY",0,30/1,31.0,31.0,STG-13,2026-05-11T20:00:00Z,8
STG,Saratoga Harness,2026-05-11,13,20:00,Pace 1m,Pace,Dirt,1m,"$9,700",7,Fillybythesea,"Fluet, Phil","Fluet, Phil",15/1,False,Harness,tvg,https://api.tvg.com/cosmo/v1/graphql,2026-05-11T10:24:26.854566,1.0.0,Well Said,Monochromatic,Dream Away,3,F,"Joseph W Stanislowsky,Hague,NY",0,15/1,16.0,16.0,STG-13,2026-05-11T20:00:00Z,8
STG,Saratoga Harness,2026-05-11,13,20:00,Pace 1m,Pace,Dirt,1m,"$9,700",8,Bellbottom Country,"Schnittker, Ra","Schnittker, Ra",12/1,False,Harness,tvg,https://api.tvg.com/cosmo/v1/graphql,2026-05-11T10:24:26.854573,1.0.0,Huntsville,My Girl's A Star,Art Major,3,F,"Raymond W Schnittker,Middletown,NY;",0,12/1,13.0,13.0,STG-13,2026-05-11T20:00:00Z,8
TDN,Thistledown,2026-05-11,1,16:50,Starter Optional Claiming 8f,Starter Optional Claiming,Dirt,8f,"$21,700",1,Kykeon,Fernandez Victor R,Juarez-Mendoza Rey,8/1,False,Thoroughbred,tvg,https://api.tvg.com/cosmo/v1/graphql,2026-05-11T10:24:26.863901,1.0.0,Kantharos,Poetic,Violence,5,G,Rey Juarez-Mendoza,121,8/1,9.0,9.0,TDN-1,2026-05-11T16:50:00Z,9
TDN,Thistledown,2026-05-11,1,16:50,Starter Optional Claiming 8f,Starter Optional Claiming,Dirt,8f,"$21,700",2,Sunset Town,Feliciano Ricardo,Schuster Robin,20/1,False,Thoroughbred,tvg,https://api.tvg.com/cosmo/v1/graphql,2026-05-11T10:24:26.863922,1.0.0,Speightstown,Sunset Glow,Exchange Rate,6,G,Wayne Mann,119,20/1,21.0,21.0,TDN-1,2026-05-11T16:50:00Z,9
TDN,Thistledown,2026-05-11,1,16:50,Starter Optional Claiming 8f,Starter Optional Claiming,Dirt,8f,"$21,700",3,Reinvest,Rodriguez Anthony,Johnson Gary L,12/1,False,Thoroughbred,tvg,https://api.tvg.com/cosmo/v1/graphql,2026-05-11T10:24:26.863933,1.0.0,Quality Road,Rule One,Street Cry (Ire),6,G,Irish Charm Thoroughbreds LLC,119,12/1,13.0,13.0,TDN-1,2026-05-11T16:50:00Z,9
TDN,Thistledown,2026-05-11,1,16:50,Starter Optional Claiming 8f,Starter Optional Claiming,Dirt,8f,"$21,700",4,Tricky Tiger,Chavez Alexander,Rivera Nestor R,4/1,False,Thoroughbred,tvg,https://api.tvg.com/cosmo/v1/graphql,2026-05-11T10:24:26.863942,1.0.0,Mendelssohn,Tillie The Tigress,Tiger Ridge,5,G,"Rivera Racing Stables, LLC.",119,4/1,5.0,5.0,TDN-1,2026-05-11T16:50:00Z,9
TDN,Thistledown,2026-05-11,1,16:50,Starter Optional Claiming 8f,Starter Optional Claiming,Dirt,8f,"$21,700",5,John's Rock,Bracho Jose A,Vecchio Caryn,6/1,False,Thoroughbred,tvg,https://api.tvg.com/cosmo/v1/graphql,2026-05-11T10:24:26.863951,1.0.0,Bernardini,Sweet Cassiopeia,Five Star Day,9,G,Caryn Vecchio,119,6/1,7.0,7.0,TDN-1,2026-05-11T16:50:00Z,9
TDN,Thistledown,2026-05-11,1,16:50,Starter Optional Claiming 8f,Starter Optional Claiming,Dirt,8f,"$21,700",6,Colonel Vargo,Simpson Jason,Bailey Ricardo,6/1,False,Thoroughbred,tvg,https://api.tvg.com/cosmo/v1/graphql,2026-05-11T10:24:26.863960,1.0.0,Distorted Humor,Ami's Mesa,Sky Mesa,6,G,Lion Palm Racing Stable,119,6/1,7.0,7.0,TDN-1,2026-05-11T16:50:00Z,9
TDN,Thistledown,2026-05-11,1,16:50,Starter Optional Claiming 8f,Starter Optional Claiming,Dirt,8f,"$21,700",7,Dr Schuster,Tapara Brandon,Schuster Robin,9/2,False,Thoroughbred,tvg,https://api.tvg.com/cosmo/v1/graphql,2026-05-11T10:24:26.863971,1.0.0,Collected,Red Hot Heels,Tapit,5,G,"Schuster, Robin and Mann, Wayne",123,9/2,5.5,5.5,TDN-1,2026-05-11T16:50:00Z,9
TDN,Thistledown,2026-05-11,1,16:50,Starter Optional Claiming 8f,Starter Optional Claiming,Dirt,8f,"$21,700",8,Hot Gunner,Gonzalez Luis A,Puhl Kim A,7/2,False,Thoroughbred,tvg,https://api.tvg.com/cosmo/v1/graphql,2026-05-11T10:24:26.863981,1.0.0,Exaggerator,You Flatter Me,Flatter,4,G,Jack L. Boggs,119,7/2,4.5,4.5,TDN-1,2026-05-11T16:50:00Z,9
TDN,Thistledown,2026-05-11,1,16:50,Starter Optional Claiming 8f,Starter Optional Claiming,Dirt,8f,"$21,700",9,Puff'smagicdragon,Barbaran Erik,Radosevich Jeffrey A,5/1,False,Thoroughbred,tvg,https://api.tvg.com/cosmo/v1/graphql,2026-05-11T10:24:26.863991,1.0.0,Mendelssohn,Magnificent Margo,Congrats,5,G,"Annechino Racing, LLC",119,5/1,6.0,6.0,TDN-1,2026-05-11T16:50:00Z,9
TDN,Thistledown,2026-05-11,2,17:20,Allowance 5.5f,Allowance,Dirt,5.5f,"$35,800",1,Mandalay Sky,Salazar Becerra Fernando,Flores Israel,12/1,False,Thoroughbred,tvg,https://api.tvg.com/cosmo/v1/graphql,2026-05-11T10:24:26.864028,1.0.0,Sky Kingdom,Mandalay Beach,Lonhro (Aus),3,F,Curt G. Arnett,117,12/1,13.0,13.0,TDN-2,2026-05-11T17:20:00Z,9
TDN,Thistledown,2026-05-11,2,17:20,Allowance 5.5f,Allowance,Dirt,5.5f,"$35,800",2,Striking Lady,Simpson Jason,Bailey Ricardo,15/1,False,Thoroughbred,tvg,https://api.tvg.com/cosmo/v1/graphql,2026-05-11T10:24:26.864034,1.0.0,Air Strike,Muttak Bay,Mutakddim,3,F,Lion Palm Racing Stable,115,15/1,16.0,16.0,TDN-2,2026-05-11T17:20:00Z,9
TDN,Thistledown,2026-05-11,2,17:20,Allowance 5.5f,Allowance,Dirt,5.5f,"$35,800",3,Stacy Ellen,Bracho Jose A,Zielinski Richard,4/1,False,Thoroughbred,tvg,https://api.tvg.com/cosmo/v1/graphql,2026-05-11T10:24:26.864040,1.0.0,Air Strike,Precocious,Exploit,3,F,"Howlett Racing, Inc.",117,4/1,5.0,5.0,TDN-2,2026-05-11T17:20:00Z,9
TDN,Thistledown,2026-05-11,2,17:20,Allowance 5.5f,Allowance,Dirt,5.5f,"$35,800",4,Miss Lora Ann,Villarreal Oscar,Orantes Yoni R,9/2,False,Thoroughbred,tvg,https://api.tvg.com/cosmo/v1/graphql,2026-05-11T10:24:26.864046,1.0.0,Dreamliner,Showtime Girl,Discreetly Mine,3,F,Executive Management LLC,115,9/2,5.5,5.5,TDN-2,2026-05-11T17:20:00Z,9
TDN,Thistledown,2026-05-11,2,17:20,Allowance 5.5f,Allowance,Dirt,5.5f,"$35,800",5,Kerkyra,Aragon Rolando,Evans Ii Michael,7/2,False,Thoroughbred,tvg,https://api.tvg.com/cosmo/v1/graphql,2026-05-11T10:24:26.864052,1.0.0,Corfu,Sheltowee's Gal,Paynter,3,F,Sheltowee Farm (Michael E. Evans),115,7/2,4.5,4.5,TDN-2,2026-05-11T17:20:00Z,9
TDN,Thistledown,2026-05-11,2,17:20,Allowance 5.5f,Allowance,Dirt,5.5f,"$35,800",6,Victoria Command,Pilares Christian P,Genovese Richard L,15/1,False,Thoroughbred,tvg,https://api.tvg.com/cosmo/v1/graphql,2026-05-11T10:24:26.864058,1.0.0,Fort Larned,Victoria Mia,Master Command,5,M,Northern Team Racing LLC,119,15/1,16.0,16.0,TDN-2,2026-05-11T17:20:00Z,9
TDN,Thistledown,2026-05-11,2,17:20,Allowance 5.5f,Allowance,Dirt,5.5f,"$35,800",7,Lizzy's Dream,Tapara Brandon,Zielinski Richard,6/1,False,Thoroughbred,tvg,https://api.tvg.com/cosmo/v1/graphql,2026-05-11T10:24:26.864063,1.0.0,Dreamliner,A Rose For Lizzy,Bodemeister,4,F,Jack Cannon,123,6/1,7.0,7.0,TDN-2,2026-05-11T17:20:00Z,9
TDN,Thistledown,2026-05-11,2,17:20,Allowance 5.5f,Allowance,Dirt,5.5f,"$35,800",8,Spun In Dominus,Bowen Rocco,Fadlovich Megan,3/1,False,Thoroughbred,tvg,https://api.tvg.com/cosmo/v1/graphql,2026-05-11T10:24:26.864068,1.0.0,Dominus,Spun In Artemus,Hard Spun,3,F,"HMDC Racing Stables LLC, Taste of Victory Stables and TBC Racing",115,3/1,4.0,4.0,TDN-2,2026-05-11T17:20:00Z,9
TDN,Thistledown,2026-05-11,2,17:20,Allowance 5.5f,Allowance,Dirt,5.5f,"$35,800",9,Hello Evelyn,Keiser Chelsey,Keiser Deborah,10/1,False,Thoroughbred,tvg,https://api.tvg.com/cosmo/v1/graphql,2026-05-11T10:24:26.864074,1.0.0,Rivers Run Deep,Buttie,Angus,4,F,Deborah Keiser,123,10/1,11.0,11.0,TDN-2,2026-05-11T17:20:00Z,9
TDN,Thistledown,2026-05-11,3,17:50,Claiming 8f,Claiming,Dirt,8f,"$16,300",1,Breezy Money,Yaranga Yuri,Norris Stephani,2/1,False,Thoroughbred,tvg,https://api.tvg.com/cosmo/v1/graphql,2026-05-11T10:24:26.864086,1.0.0,Constitution,Private Jet,Smart Strike,9,G,Michael J. Friedman,121,2/1,3.0,3.0,TDN-3,2026-05-11T17:50:00Z,6
TDN,Thistledown,2026-05-11,3,17:50,Claiming 8f,Claiming,Dirt,8f,"$16,300",2,Master Of The Nite,Rivera Luis R,Radosevich Jeffrey A,7/2,False,Thoroughbred,tvg,https://api.tvg.com/cosmo/v1/graphql,2026-05-11T10:24:26.864092,1.0.0,Mastery,Ladies Night,Eskendereya,5,G,Michael J. Friedman,119,7/2,4.5,4.5,TDN-3,2026-05-11T17:50:00Z,6
TDN,Thistledown,2026-05-11,3,17:50,Claiming 8f,Claiming,Dirt,8f,"$16,300",3,Brewing,"Diaz, Jr. Hector R",Calderon Ivan,9/2,False,Thoroughbred,tvg,https://api.tvg.com/cosmo/v1/graphql,2026-05-11T10:24:26.864097,1.0.0,Tapiture,Just Cat,City Zip,5,G,Juan G. Bernardini,119,9/2,5.5,5.5,TDN-3,2026-05-11T17:50:00Z,6
TDN,Thistledown,2026-05-11,3,17:50,Claiming 8f,Claiming,Dirt,8f,"$16,300",4,Secret Bagent Man,Chavez Alexander,Rivera Nestor R,6/1,False,Thoroughbred,tvg,https://api.tvg.com/cosmo/v1/graphql,2026-05-11T10:24:26.864102,1.0.0,Global Campaign,Miss Skeetd,Cloud Hopping,4,G,"Rivera Racing Stables, LLC.",121,6/1,7.0,7.0,TDN-3,2026-05-11T17:50:00Z,6
TDN,Thistledown,2026-05-11,3,17:50,Claiming 8f,Claiming,Dirt,8f,"$16,300",5,Panthera's Fate,Parker Deshawn L,Urieta Johanna,10/1,False,Thoroughbred,tvg,https://api.tvg.com/cosmo/v1/graphql,2026-05-11T10:24:26.864108,1.0.0,Smiling Tiger,Seneca Destiny,Seneca Jones,6,G,Rudiculous Stables,119,10/1,11.0,11.0,TDN-3,2026-05-11T17:50:00Z,6
TDN,Thistledown,2026-05-11,3,17:50,Claiming 8f,Claiming,Dirt,8f,"$16,300",6,Dream Knight,Salazar Becerra Fernando,Vecchio Caryn,5/2,False,Thoroughbred,tvg,https://api.tvg.com/cosmo/v1/graphql,2026-05-11T10:24:26.864113,1.0.0,Always Dreaming,Sweet Loretta,Tapit,6,G,Caryn Vecchio,119,5/2,3.5,3.5,TDN-3,2026-05-11T17:50:00Z,6
TDN,Thistledown,2026-05-11,4,18:20,Maiden Special Weight 6f,Maiden Special Weight,Dirt,6f,"$33,900",1,Storm Search,Diaz Angel I,Carrington Dale,12/1,False,Thoroughbred,tvg,https://api.tvg.com/cosmo/v1/graphql,2026-05-11T10:24:26.864124,1.0.0,Midnight Storm,Illegal Search,Officer,3,F,Jack Cannon,119,12/1,13.0,13.0,TDN-4,2026-05-11T18:20:00Z,9
TDN,Thistledown,2026-05-11,4,18:20,Maiden Special Weight 6f,Maiden Special Weight,Dirt,6f,"$33,900",2,Beachglass,Bowen Rocco,Hamm Timothy E,3/1,False,Thoroughbred,tvg,https://api.tvg.com/cosmo/v1/graphql,2026-05-11T10:24:26.864131,1.0.0,Global Campaign,Ocean Princess,Indian Ocean,3,F,Blazing Meadows Farm LLC,119,3/1,4.0,4.0,TDN-4,2026-05-11T18:20:00Z,9
TDN,Thistledown,2026-05-11,4,18:20,Maiden Special Weight 6f,Maiden Special Weight,Dirt,6f,"$33,900",3,Ravishing Ruby,Rodriguez Anthony,Juarez Lorenzo,10/1,False,Thoroughbred,tvg,https://api.tvg.com/cosmo/v1/graphql,2026-05-11T10:24:26.864136,1.0.0,Neolithic,Real Fancy,Munnings,3,F,LMJ Racing,119,10/1,11.0,11.0,TDN-4,2026-05-11T18:20:00Z,9
TDN,Thistledown,2026-05-11,4,18:20,Maiden Special Weight 6f,Maiden Special Weight,Dirt,6f,"$33,900",4,Electric Eden,Tapara Brandon,Zielinski Richard,6/1,False,Thoroughbred,tvg,https://api.tvg.com/cosmo/v1/graphql,2026-05-11T10:24:26.864142,1.0.0,Cupid,Eden,Curlin,3,F,Executive Management LLC,119,6/1,7.0,7.0,TDN-4,2026-05-11T18:20:00Z,9
TDN,Thistledown,2026-05-11,4,18:20,Maiden Special Weight 6f,Maiden Special Weight,Dirt,6f,"$33,900",5,Seyval Blanc,Rosendo Irwin J,Rone Michael L,15/1,False,Thoroughbred,tvg,https://api.tvg.com/cosmo/v1/graphql,2026-05-11T10:24:26.864148,1.0.0,Jimmy Creed,Pinotage,Exchange Rate,3,F,Crumbaugh Lane,119,15/1,16.0,16.0,TDN-4,2026-05-11T18:20:00Z,9
TDN,Thistledown,2026-05-11,4,18:20,Maiden Special Weight 6f,Maiden Special Weight,Dirt,6f,"$33,900",6,Instant Winner,Rivera Luis R,Rone Michael L,20/1,False,Thoroughbred,tvg,https://api.tvg.com/cosmo/v1/graphql,2026-05-11T10:24:26.864153,1.0.0,Instagrand,Rockport Dancer,Rockport Harbor,3,F,Michael L. Rone,119,20/1,21.0,21.0,TDN-4,2026-05-11T18:20:00Z,9
TDN,Thistledown,2026-05-11,4,18:20,Maiden Special Weight 6f,Maiden Special Weight,Dirt,6f,"$33,900",7,Kiddie Cocktail,Barbaran Erik,Gorham Robert M,5/2,False,Thoroughbred,tvg,https://api.tvg.com/cosmo/v1/graphql,2026-05-11T10:24:26.864159,1.0.0,Vino Rosso,Vienna's Waltz,Freud,3,F,Smokin C LLC,119,5/2,3.5,3.5,TDN-4,2026-05-11T18:20:00Z,9
TDN,Thistledown,2026-05-11,4,18:20,Maiden Special Weight 6f,Maiden Special Weight,Dirt,6f,"$33,900",8,Golden Is Thy Fame,Bracho Jose A,Tooley Jennifer,8/1,False,Thoroughbred,tvg,https://api.tvg.com/cosmo/v1/graphql,2026-05-11T10:24:26.864164,1.0.0,Firing Line,Our Golden Snitch,Put It Back,3,F,Dolce Vita Farm,119,8/1,9.0,9.0,TDN-4,2026-05-11T18:20:00Z,9
TDN,Thistledown,2026-05-11,4,18:20,Maiden Special Weight 6f,Maiden Special Weight,Dirt,6f,"$33,900",9,Dollar Dance,Salazar Becerra Fernando,Morales Saul M,7/2,False,Thoroughbred,tvg,https://api.tvg.com/cosmo/v1/graphql,2026-05-11T10:24:26.864170,1.0.0,Broken Vow,Tangueray Miss,Cowboy Cal,4,F,N and E Racing Stables,123,7/2,4.5,4.5,TDN-4,2026-05-11T18:20:00Z,9
TDN,Thistledown,2026-05-11,5,18:50,Allowance 6f,Allowance,Dirt,6f,"$28,000",1,Shiloh,Salazar Becerra Fernando,Rivera Nestor R,10/1,False,Thoroughbred,tvg,https://api.tvg.com/cosmo/v1/graphql,2026-05-11T10:24:26.864180,1.0.0,Brethren,Large Marge,Dialed In,6,M,"Rivera Racing Stables, LLC.",119,10/1,11.0,11.0,TDN-5,2026-05-11T18:50:00Z,8
TDN,Thistledown,2026-05-11,5,18:50,Allowance 6f,Allowance,Dirt,6f,"$28,000",2,Mima Princess,Martinez Miguel L,Bouali Wajdi,20/1,False,Thoroughbred,tvg,https://api.tvg.com/cosmo/v1/graphql,2026-05-11T10:24:26.864186,1.0.0,Good Samaritan,Ideratherblucky,Ide,4,F,Wajdi Bouali,119,20/1,21.0,21.0,TDN-5,2026-05-11T18:50:00Z,8
TDN,Thistledown,2026-05-11,5,18:50,Allowance 6f,Allowance,Dirt,6f,"$28,000",3,Pincara,Batista Luis A,Campbell Anthony L,15/1,False,Thoroughbred,tvg,https://api.tvg.com/cosmo/v1/graphql,2026-05-11T10:24:26.864191,1.0.0,Caracaro,Fancy Pinstripes,Harlan's Holiday,4,F,"One Turn, LLC",119,15/1,16.0,16.0,TDN-5,2026-05-11T18:50:00Z,8
TDN,Thistledown,2026-05-11,5,18:50,Allowance 6f,Allowance,Dirt,6f,"$28,000",4,Tale Of Lemonbelle,Skerrett Jefferson,Skerrett Jeffrey,6/1,False,Thoroughbred,tvg,https://api.tvg.com/cosmo/v1/graphql,2026-05-11T10:24:26.864197,1.0.0,Tale Of Ekati,Lemon Drop Belle,Lemon Drop Kid,3,F,Danielle Agnello,110,6/1,7.0,7.0,TDN-5,2026-05-11T18:50:00Z,8
TDN,Thistledown,2026-05-11,5,18:50,Allowance 6f,Allowance,Dirt,6f,"$28,000",5,Honduras Passion,Gonzalez Luis A,Puhl Kim A,5/1,False,Thoroughbred,tvg,https://api.tvg.com/cosmo/v1/graphql,2026-05-11T10:24:26.864202,1.0.0,Mark Valeski,Beautiful Honduras,Brahms,5,M,Juan Martinez,119,5/1,6.0,6.0,TDN-5,2026-05-11T18:50:00Z,8
TDN,Thistledown,2026-05-11,5,18:50,Allowance 6f,Allowance,Dirt,6f,"$28,000",6,Taqdeer,Fernandez Victor R,Cline Robert C,2/1,False,Thoroughbred,tvg,https://api.tvg.com/cosmo/v1/graphql,2026-05-11T10:24:26.864208,1.0.0,Tamarkuz,Sabooh,A.P. Indy,4,F,Robert C. Cline,123,2/1,3.0,3.0,TDN-5,2026-05-11T18:50:00Z,8
TDN,Thistledown,2026-05-11,5,18:50,Allowance 6f,Allowance,Dirt,6f,"$28,000",7,Name Dropper,Bowen Rocco,Hamm Timothy E,9/2,False,Thoroughbred,tvg,https://api.tvg.com/cosmo/v1/graphql,2026-05-11T10:24:26.864213,1.0.0,Upstart,Hidatsa Park,Divine Park,3,F,Blazing Meadows Farm LLC,115,9/2,5.5,5.5,TDN-5,2026-05-11T18:50:00Z,8
TDN,Thistledown,2026-05-11,5,18:50,Allowance 6f,Allowance,Dirt,6f,"$28,000",8,Honor And Obay,Chavez Alexander,Morales Saul M,3/1,False,Thoroughbred,tvg,https://api.tvg.com/cosmo/v1/graphql,2026-05-11T10:24:26.864218,1.0.0,Code Of Honor,Anoush,Candy Ride (Arg),3,F,N and E Racing Stables,115,3/1,4.0,4.0,TDN-5,2026-05-11T18:50:00Z,8
TDN,Thistledown,2026-05-11,6,19:20,Allowance 6f,Allowance,Dirt,6f,"$35,800",1,Strategic Profile,"Diaz, Jr. Hector R",Hamm Timothy E,8/1,False,Thoroughbred,tvg,https://api.tvg.com/cosmo/v1/graphql,2026-05-11T10:24:26.864230,1.0.0,Dialed In,Chainsmoknsuprmodl,Super Saver,3,G,"Runnymoore Racing, LLC",115,8/1,9.0,9.0,TDN-6,2026-05-11T19:20:00Z,8
TDN,Thistledown,2026-05-11,6,19:20,Allowance 6f,Allowance,Dirt,6f,"$35,800",2,Unbridled O'brien,Salazar Becerra Fernando,Calderon Ivan,8/1,False,Thoroughbred,tvg,https://api.tvg.com/cosmo/v1/graphql,2026-05-11T10:24:26.864236,1.0.0,Beau Liam,Ultimate Holiday,Harlan's Holiday,3,G,Valls Thoroughbreds LLC,115,8/1,9.0,9.0,TDN-6,2026-05-11T19:20:00Z,8
TDN,Thistledown,2026-05-11,6,19:20,Allowance 6f,Allowance,Dirt,6f,"$35,800",3,Leavetheninetynine,Rivera Luis R,Radosevich Jeffrey A,4/1,False,Thoroughbred,tvg,https://api.tvg.com/cosmo/v1/graphql,2026-05-11T10:24:26.864241,1.0.0,Keen Ice,Lena Love,City Weekend,3,G,Dustin J. Thomson and Paige Caldwell,115,4/1,5.0,5.0,TDN-6,2026-05-11T19:20:00Z,8
TDN,Thistledown,2026-05-11,6,19:20,Allowance 6f,Allowance,Dirt,6f,"$35,800",4,Workstation,Batista Luis A,Dacosta Jason,12/1,False,Thoroughbred,tvg,https://api.tvg.com/cosmo/v1/graphql,2026-05-11T10:24:26.864246,1.0.0,Cloud Computing,Jumpin Jett,Yes It's True,3,G,"Donald Todd Jr., Calypso Stable and Jason DaCosta",115,12/1,13.0,13.0,TDN-6,2026-05-11T19:20:00Z,8
TDN,Thistledown,2026-05-11,6,19:20,Allowance 6f,Allowance,Dirt,6f,"$35,800",5,Wisley,Tapara Brandon,Zielinski Richard,6/1,False,Thoroughbred,tvg,https://api.tvg.com/cosmo/v1/graphql,2026-05-11T10:24:26.864252,1.0.0,Always Dreaming,Great Goin Rose,Albert The Great,3,G,Nancy Lavrich and Ronald Zielinski,115,6/1,7.0,7.0,TDN-6,2026-05-11T19:20:00Z,8
TDN,Thistledown,2026-05-11,6,19:20,Allowance 6f,Allowance,Dirt,6f,"$35,800",6,Biscuits 'n Gravy,Houghton T. D,Jackson James R,3/1,False,Thoroughbred,tvg,https://api.tvg.com/cosmo/v1/graphql,2026-05-11T10:24:26.864257,1.0.0,World Of Trouble,Broadway Annierose,Stalwart,3,C,"Elkhorn Oaks, Inc.",115,3/1,4.0,4.0,TDN-6,2026-05-11T19:20:00Z,8
TDN,Thistledown,2026-05-11,6,19:20,Allowance 6f,Allowance,Dirt,6f,"$35,800",7,Little Shance,Weatherly Bailey,Reed Eric R,7/2,False,Thoroughbred,tvg,https://api.tvg.com/cosmo/v1/graphql,2026-05-11T10:24:26.864262,1.0.0,Shancelot,Moon Date,Malibu Moon,4,G,Matthew Kosco,119,7/2,4.5,4.5,TDN-6,2026-05-11T19:20:00Z,8
TDN,Thistledown,2026-05-11,6,19:20,Allowance 6f,Allowance,Dirt,6f,"$35,800",8,Secret Caller,Chavez Alexander,Rivera Nestor R,5/1,False,Thoroughbred,tvg,https://api.tvg.com/cosmo/v1/graphql,2026-05-11T10:24:26.864268,1.0.0,Dialed In,Secret Haul,Dunkirk,4,F,"Rivera Racing Stables, LLC.",114,5/1,6.0,6.0,TDN-6,2026-05-11T19:20:00Z,8
TDN,Thistledown,2026-05-11,7,19:50,Allowance 6f,Allowance,Dirt,6f,"$28,000",1,Miesha,Rivera Luis R,Rone Michael L,7/2,False,Thoroughbred,tvg,https://api.tvg.com/cosmo/v1/graphql,2026-05-11T10:24:26.864280,1.0.0,Cloud Computing,Cupcake Tate,The Factor,5,M,Leroy Jackson,123,7/2,4.5,4.5,TDN-7,2026-05-11T19:50:00Z,8
TDN,Thistledown,2026-05-11,7,19:50,Allowance 6f,Allowance,Dirt,6f,"$28,000",2,Lo Bug,Bracho Jose A,Zielinski Richard,6/1,False,Thoroughbred,tvg,https://api.tvg.com/cosmo/v1/graphql,2026-05-11T10:24:26.864286,1.0.0,Mor Spirit,Turducken,Maria's Mon,4,F,"Howlett Racing, Inc.",119,6/1,7.0,7.0,TDN-7,2026-05-11T19:50:00Z,8
TDN,Thistledown,2026-05-11,7,19:50,Allowance 6f,Allowance,Dirt,6f,"$28,000",3,Belle Bottoms,Salazar Becerra Fernando,Rivera Nestor R,4/1,False,Thoroughbred,tvg,https://api.tvg.com/cosmo/v1/graphql,2026-05-11T10:24:26.864291,1.0.0,Tapiture,Bellamy Brooke,Bellamy Road,4,F,"Rivera Racing Stables, LLC.",119,4/1,5.0,5.0,TDN-7,2026-05-11T19:50:00Z,8
TDN,Thistledown,2026-05-11,7,19:50,Allowance 6f,Allowance,Dirt,6f,"$28,000",4,Anotherhope,Chavez Alexander,Meyers Shane,9/2,False,Thoroughbred,tvg,https://api.tvg.com/cosmo/v1/graphql,2026-05-11T10:24:26.864296,1.0.0,Union Rags,Striking Impact,Smart Strike,4,F,Tom P. Pavlish,119,9/2,5.5,5.5,TDN-7,2026-05-11T19:50:00Z,8
TDN,Thistledown,2026-05-11,7,19:50,Allowance 6f,Allowance,Dirt,6f,"$28,000",5,Queenofthebuckeye,Skerrett Jefferson,Skerrett Jeffrey,15/1,False,Thoroughbred,tvg,https://api.tvg.com/cosmo/v1/graphql,2026-05-11T10:24:26.864303,1.0.0,Dark Kestrel,Buckler,Concerto,7,M,Danielle Agnello,118,15/1,16.0,16.0,TDN-7,2026-05-11T19:50:00Z,8
TDN,Thistledown,2026-05-11,7,19:50,Allowance 6f,Allowance,Dirt,6f,"$28,000",6,Kissin Cash,Gonzalez Luis A,Puhl Kim A,3/1,False,Thoroughbred,tvg,https://api.tvg.com/cosmo/v1/graphql,2026-05-11T10:24:26.864308,1.0.0,Shancelot,Slam Chowder,Grand Slam,4,F,Gene Burkholder,119,3/1,4.0,4.0,TDN-7,2026-05-11T19:50:00Z,8
TDN,Thistledown,2026-05-11,7,19:50,Allowance 6f,Allowance,Dirt,6f,"$28,000",7,Sushi Q,Batista Luis A,Morales Saul M,6/1,False,Thoroughbred,tvg,https://api.tvg.com/cosmo/v1/graphql,2026-05-11T10:24:26.864313,1.0.0,Palace,Sushi Girl,Orientate,8,M,N and E Racing Stables,119,6/1,7.0,7.0,TDN-7,2026-05-11T19:50:00Z,8
TDN,Thistledown,2026-05-11,7,19:50,Allowance 6f,Allowance,Dirt,6f,"$28,000",8,Oh Glorious Day,Keiser Chelsey,Vazquez Ivan,12/1,False,Thoroughbred,tvg,https://api.tvg.com/cosmo/v1/graphql,2026-05-11T10:24:26.864318,1.0.0,Dynamic Racer,Catch The Waves,Pacific Waves,5,M,"Graver Racing Stables, LLC",119,12/1,13.0,13.0,TDN-7,2026-05-11T19:50:00Z,8
TDN,Thistledown,2026-05-11,8,20:20,Claiming 6f,Claiming,Dirt,6f,"$17,400",1,General Winston,Terraza German,Schuster Robin,10/1,False,Thoroughbred,tvg,https://api.tvg.com/cosmo/v1/graphql,2026-05-11T10:24:26.864328,1.0.0,Kettle Corn,Ms. Rhetta,Forest Danger,8,G,Wayne Mann,119,10/1,11.0,11.0,TDN-8,2026-05-11T20:20:00Z,8
TDN,Thistledown,2026-05-11,8,20:20,Claiming 6f,Claiming,Dirt,6f,"$17,400",2,Quiet Amigo,Simpson Jason,Bailey Ricardo,4/1,False,Thoroughbred,tvg,https://api.tvg.com/cosmo/v1/graphql,2026-05-11T10:24:26.864334,1.0.0,Senor Amigo,Without A Sound,Thunder Gulch,8,G,Lion Palm Racing Stable,119,4/1,5.0,5.0,TDN-8,2026-05-11T20:20:00Z,8
TDN,Thistledown,2026-05-11,8,20:20,Claiming 6f,Claiming,Dirt,6f,"$17,400",3,Rumble Strip Ron,Skerrett Jefferson,Johnson Gary L,3/1,False,Thoroughbred,tvg,https://api.tvg.com/cosmo/v1/graphql,2026-05-11T10:24:26.864339,1.0.0,Klimt,Feisty Tomboy,Unbridled's Song,7,G,"Syd Racing, LLC",114,3/1,4.0,4.0,TDN-8,2026-05-11T20:20:00Z,8
TDN,Thistledown,2026-05-11,8,20:20,Claiming 6f,Claiming,Dirt,6f,"$17,400",4,Pecks Not Bad,Parker Deshawn L,Jackson James R,8/1,False,Thoroughbred,tvg,https://api.tvg.com/cosmo/v1/graphql,2026-05-11T10:24:26.864345,1.0.0,Lightnin N Thunder,Lady Monavi,Mondavi,8,G,"Elkhorn Oaks, Inc.",119,8/1,9.0,9.0,TDN-8,2026-05-11T20:20:00Z,8
TDN,Thistledown,2026-05-11,8,20:20,Claiming 6f,Claiming,Dirt,6f,"$17,400",5,Private Drive,Fuentes Erick,Winters Michelle,9/2,False,Thoroughbred,tvg,https://api.tvg.com/cosmo/v1/graphql,2026-05-11T10:24:26.864350,1.0.0,Bellamy Road,Private Cause,Noble Causeway,10,G,Michelle Winters,114,9/2,5.5,5.5,TDN-8,2026-05-11T20:20:00Z,8
TDN,Thistledown,2026-05-11,8,20:20,Claiming 6f,Claiming,Dirt,6f,"$17,400",6,Weekend Buzz,Bowen Rocco,Calderon Ivan,5/2,False,Thoroughbred,tvg,https://api.tvg.com/cosmo/v1/graphql,2026-05-11T10:24:26.864356,1.0.0,City Weekend,Buzz Home,Bellamy Road,8,G,Valls Thoroughbreds LLC,119,5/2,3.5,3.5,TDN-8,2026-05-11T20:20:00Z,8
TDN,Thistledown,2026-05-11,8,20:20,Claiming 6f,Claiming,Dirt,6f,"$17,400",7,Stone Cold Cat,"Diaz, Jr. Hector R",Calderon Ivan,10/1,False,Thoroughbred,tvg,https://api.tvg.com/cosmo/v1/graphql,2026-05-11T10:24:26.864362,1.0.0,Stately Victor,Mizz Charlee,Lear Fan,10,G,Valls Thoroughbreds LLC,119,10/1,11.0,11.0,TDN-8,2026-05-11T20:20:00Z,8
TDN,Thistledown,2026-05-11,8,20:20,Claiming 6f,Claiming,Dirt,6f,"$17,400",8,Powerful Phil,Cedillo Mauro,Johnson Gary L,15/1,False,Thoroughbred,tvg,https://api.tvg.com/cosmo/v1/graphql,2026-05-11T10:24:26.864368,1.0.0,Global Power,Be Mind Phil,Philanthropist,7,G,Jerry Laria,119,15/1,16.0,16.0,TDN-8,2026-05-11T20:20:00Z,8
YON,Yonkers Raceway,2026-05-11,1,22:45,Pace 1m,Pace,Dirt,1m,"$22,000",1,Odds On Capitalism,"Bartlett, Jaso","Engblom, Per",5/2,False,Harness,tvg,https://api.tvg.com/cosmo/v1/graphql,2026-05-11T10:24:26.872853,1.0.0,Fear The Dragon,Soggy Britches,Allamerican Ingot,7,G,"Ecuries Maguire Inc,Sainte-Marie,QC",0,5/2,3.5,3.5,YON-1,2026-05-11T22:45:00Z,8
YON,Yonkers Raceway,2026-05-11,1,22:45,Pace 1m,Pace,Dirt,1m,"$22,000",2,Brutallyhandsome A,"Bongiorno, Joe","Dilloian, Doug",9/2,False,Harness,tvg,https://api.tvg.com/cosmo/v1/graphql,2026-05-11T10:24:26.872882,1.0.0,Art Major,Life Inthefastlane,Life Sign,8,G,"Brian& Ira Wallach Racing,Closter,N",0,9/2,5.5,5.5,YON-1,2026-05-11T22:45:00Z,8
YON,Yonkers Raceway,2026-05-11,1,22:45,Pace 1m,Pace,Dirt,1m,"$22,000",3,Kopi Luwak,"Holland, Brent","Laterza, Denni",4/1,False,Harness,tvg,https://api.tvg.com/cosmo/v1/graphql,2026-05-11T10:24:26.872898,1.0.0,Stay Hungry,Auniqueaquistion,Cole Muffler,6,H,"Ginko Stable Inc,Briar Cliff Manor,",0,4/1,5.0,5.0,YON-1,2026-05-11T22:45:00Z,8
YON,Yonkers Raceway,2026-05-11,1,22:45,Pace 1m,Pace,Dirt,1m,"$22,000",4,Shipmaster,"Kakaley, Matt","Alexander, Tra",6/1,False,Harness,tvg,https://api.tvg.com/cosmo/v1/graphql,2026-05-11T10:24:26.872911,1.0.0,Captaintreacherous,Trim Hanover,Camluck,4,G,"David Rovine Stable LLC,Sarasota,FL",0,6/1,7.0,7.0,YON-1,2026-05-11T22:45:00Z,8
YON,Yonkers Raceway,2026-05-11,1,22:45,Pace 1m,Pace,Dirt,1m,"$22,000",5,Music Hall,"Siegelman, Aus","Height, Chris",15/1,False,Harness,tvg,https://api.tvg.com/cosmo/v1/graphql,2026-05-11T10:24:26.872966,1.0.0,Sweet Lou,Rockette,Rocknroll Hanover,6,G,"William E Emmons,Farmingdale,NJ",0,15/1,16.0,16.0,YON-1,2026-05-11T22:45:00Z,8
YON,Yonkers Raceway,2026-05-11,1,22:45,Pace 1m,Pace,Dirt,1m,"$22,000",6,Bet On Big Joe,"Kelly, Colin","Bako, Jared",5/1,False,Harness,tvg,https://api.tvg.com/cosmo/v1/graphql,2026-05-11T10:24:26.872993,1.0.0,Betting Line,Robin Cruiser,Yankee Cruiser,5,G,"Dr Joshua D Tanis,South Lyon,MI",0,5/1,6.0,6.0,YON-1,2026-05-11T22:45:00Z,8
YON,Yonkers Raceway,2026-05-11,1,22:45,Pace 1m,Pace,Dirt,1m,"$22,000",7,The Ideal Dancer A,"Lachance, Pat","Lachance, Pat",20/1,False,Harness,tvg,https://api.tvg.com/cosmo/v1/graphql,2026-05-11T10:24:26.873001,1.0.0,American Ideal,Jennas Dancer,Jenna's Beach Boy,11,G,"Thomas Ceraso Jr,Stamford,CT",0,20/1,21.0,21.0,YON-1,2026-05-11T22:45:00Z,8
YON,Yonkers Raceway,2026-05-11,1,22:45,Pace 1m,Pace,Dirt,1m,"$22,000",8,Peace Out Posse,"Stratton, Jord","Stratton, Cory",20/1,False,Harness,tvg,https://api.tvg.com/cosmo/v1/graphql,2026-05-11T10:24:26.873006,1.0.0,Custard The Dragon,Artprize,Somebeachsomewhere,11,G,"Caldwell Mamie Racing LLC,Bellaire,",0,20/1,21.0,21.0,YON-1,2026-05-11T22:45:00Z,8
YON,Yonkers Raceway,2026-05-11,2,23:05,Pace 1m,Pace,Dirt,1m,"$20,000",1,Ourmatemenko N,"Stratton, Jord","Stratton, Cory",6/1,False,Harness,tvg,https://api.tvg.com/cosmo/v1/graphql,2026-05-11T10:24:26.873039,1.0.0,Downbytheseaside,Lonnie Franco,Falcon Seelster,7,G,"Vip Internet Stable LLC,Piscataway,",0,6/1,7.0,7.0,YON-2,2026-05-11T23:05:00Z,7
YON,Yonkers Raceway,2026-05-11,2,23:05,Pace 1m,Pace,Dirt,1m,"$20,000",2,Manferno,"Buter, Tyler","Adamczyk, Andr",5/2,False,Harness,tvg,https://api.tvg.com/cosmo/v1/graphql,2026-05-11T10:24:26.873046,1.0.0,Always B Miki,History Repeats,Dragon Again,6,G,"Rodney M Long,Salisbury,MD",0,5/2,3.5,3.5,YON-2,2026-05-11T23:05:00Z,7
YON,Yonkers Raceway,2026-05-11,2,23:05,Pace 1m,Pace,Dirt,1m,"$20,000",3,Samhara N,"Bongiorno, Joe","Hudson, Lance",5/1,False,Harness,tvg,https://api.tvg.com/cosmo/v1/graphql,2026-05-11T10:24:26.873052,1.0.0,Bettor's Delight,Solandra,Artsplace,9,H,"William A Hartt,Carmel,ME",0,5/1,6.0,6.0,YON-2,2026-05-11T23:05:00Z,7
YON,Yonkers Raceway,2026-05-11,2,23:05,Pace 1m,Pace,Dirt,1m,"$20,000",4,Alta Classic A,"Holland, Brent","Laterza, Denni",3/1,False,Harness,tvg,https://api.tvg.com/cosmo/v1/graphql,2026-05-11T10:24:26.873057,1.0.0,Alta Christiano,Audrey Maree,Four Starzzz Shark,8,G,"Ginko Stable Inc,Briar Cliff Manor,",0,3/1,4.0,4.0,YON-2,2026-05-11T23:05:00Z,7
YON,Yonkers Raceway,2026-05-11,2,23:05,Pace 1m,Pace,Dirt,1m,"$20,000",5,Overthinking,"Bartlett, Jaso","Engblom, Per",2/1,False,Harness,tvg,https://api.tvg.com/cosmo/v1/graphql,2026-05-11T10:24:26.873062,1.0.0,Downbytheseaside,Metro Shopping,Metropolitan,5,G,"Daniel Sarafian,Unionville,ON, CA",0,2/1,3.0,3.0,YON-2,2026-05-11T23:05:00Z,7
YON,Yonkers Raceway,2026-05-11,2,23:05,Pace 1m,Pace,Dirt,1m,"$20,000",6,Ameritric,"Kakaley, Matt","Height, Chris",20/1,False,Harness,tvg,https://api.tvg.com/cosmo/v1/graphql,2026-05-11T10:24:26.873068,1.0.0,American Ideal,Electric Fool,I Am A Fool,5,G,"William E Emmons,Farmingdale,NJ",0,20/1,21.0,21.0,YON-2,2026-05-11T23:05:00Z,7
YON,Yonkers Raceway,2026-05-11,2,23:05,Pace 1m,Pace,Dirt,1m,"$20,000",7,All Alone,"Siegelman, Aus","Sodano, Nichol",20/1,False,Harness,tvg,https://api.tvg.com/cosmo/v1/graphql,2026-05-11T10:24:26.873073,1.0.0,Heston Blue Chip,Lonesome Day,Cambest,6,G,"Quaker Hill Racing LLC,Pawling,NY",0,20/1,21.0,21.0,YON-2,2026-05-11T23:05:00Z,7
YON,Yonkers Raceway,2026-05-11,3,23:25,Pace 1m,Pace,Dirt,1m,"$19,000",1,Heza Risk Taker A,"Stratton, Jord","Height, Chris",5/1,False,Harness,tvg,https://api.tvg.com/cosmo/v1/graphql,2026-05-11T10:24:26.873085,1.0.0,American Ideal,Rani Major,Art Major,6,G,"Michael Casalino Jr,Freehold,NJ",0,5/1,6.0,6.0,YON-3,2026-05-11T23:25:00Z,8
YON,Yonkers Raceway,2026-05-11,3,23:25,Pace 1m,Pace,Dirt,1m,"$19,000",2,Venturesome Arden N,"Holland, Brent","Bucci, Ricky",9/2,False,Harness,tvg,https://api.tvg.com/cosmo/v1/graphql,2026-05-11T10:24:26.873090,1.0.0,Captaintreacherous,Arden's Darling,Bettor's Delight,7,G,"Ricky A Bucci,Campbell Hall,NY",0,9/2,5.5,5.5,YON-3,2026-05-11T23:25:00Z,8
YON,Yonkers Raceway,2026-05-11,3,23:25,Pace 1m,Pace,Dirt,1m,"$19,000",3,Intimidation,"Siegelman, Aus","Blumenfeld, Pa",20/1,False,Harness,tvg,https://api.tvg.com/cosmo/v1/graphql,2026-05-11T10:24:26.873096,1.0.0,Captaintreacherous,Pink Terror,Western Terror,6,G,"Friendship Stables LLC,Mountain Lak",0,20/1,21.0,21.0,YON-3,2026-05-11T23:25:00Z,8
YON,Yonkers Raceway,2026-05-11,3,23:25,Pace 1m,Pace,Dirt,1m,"$19,000",4,Coalford Topguy Gb,"Bartlett, Jaso","Engblom, Per",7/5,False,Harness,tvg,https://api.tvg.com/cosmo/v1/graphql,2026-05-11T10:24:26.873101,1.0.0,Henry Hill,Breeding N/A,Breeding N/A,6,G,"Threelyonsracing,Brantford,ON, CA",0,7/5,2.4,2.4,YON-3,2026-05-11T23:25:00Z,8
YON,Yonkers Raceway,2026-05-11,3,23:25,Pace 1m,Pace,Dirt,1m,"$19,000",5,Mac's Marvel,"Lachance, Pat","Lachance, Pat",7/2,False,Harness,tvg,https://api.tvg.com/cosmo/v1/graphql,2026-05-11T10:24:26.873107,1.0.0,Captaintreacherous,Michelle's Power,Camluck,7,G,"Thomas Ceraso Jr,Stamford,CT",0,7/2,4.5,4.5,YON-3,2026-05-11T23:25:00Z,8
YON,Yonkers Raceway,2026-05-11,3,23:25,Pace 1m,Pace,Dirt,1m,"$19,000",6,Kimble A,"Kakaley, Matt","Di Domenico, S",20/1,False,Harness,tvg,https://api.tvg.com/cosmo/v1/graphql,2026-05-11T10:24:26.873112,1.0.0,Western Terror,Im Wrongly Accused,Bettor's Delight,9,G,"Oompa's Fm Inc,Creamridge,NJ;Triple",0,20/1,21.0,21.0,YON-3,2026-05-11T23:25:00Z,8
YON,Yonkers Raceway,2026-05-11,3,23:25,Pace 1m,Pace,Dirt,1m,"$19,000",7,Stellar Yankee,"Buter, Tyler","Stratton, Cory",8/1,False,Harness,tvg,https://api.tvg.com/cosmo/v1/graphql,2026-05-11T10:24:26.873117,1.0.0,Always B Miki,Somethinginawater,Somebeachsomewhere,8,G,"Howard S Jacobs,West Orange,NJ",0,8/1,9.0,9.0,YON-3,2026-05-11T23:25:00Z,8
YON,Yonkers Raceway,2026-05-11,3,23:25,Pace 1m,Pace,Dirt,1m,"$19,000",8,Royal Desire,"Marohn, Jim Jr","La Montagne, K",20/1,False,Harness,tvg,https://api.tvg.com/cosmo/v1/graphql,2026-05-11T10:24:26.873122,1.0.0,Bettor's Wish,Call Me Queen Be,Somebeachsomewhere,5,G,"Kathleen & Donald J La Montagne,Che",0,20/1,21.0,21.0,YON-3,2026-05-11T23:25:00Z,8
YON,Yonkers Raceway,2026-05-11,4,23:45,Pace 1m,Pace,Dirt,1m,"$20,000",1,Sinbad N,"Marohn, Jim Jr","Tritton, Peter",5/2,False,Harness,tvg,https://api.tvg.com/cosmo/v1/graphql,2026-05-11T10:24:26.873133,1.0.0,Downbytheseaside,Panforte,Christian Cullen,7,G,"Pjt Investments LLC,Madison,CT",0,5/2,3.5,3.5,YON-4,2026-05-11T23:45:00Z,7
YON,Yonkers Raceway,2026-05-11,4,23:45,Pace 1m,Pace,Dirt,1m,"$20,000",2,Orlando Blue A,"Kakaley, Matt","Abbatiello, Ag",5/1,False,Harness,tvg,https://api.tvg.com/cosmo/v1/graphql,2026-05-11T10:24:26.873139,1.0.0,Heston Blue Chip,Harriet Elisabeth,Modern Art,9,G,"Durazzano Stable LLC,Pine Bush,NY",0,5/1,6.0,6.0,YON-4,2026-05-11T23:45:00Z,7
YON,Yonkers Raceway,2026-05-11,4,23:45,Pace 1m,Pace,Dirt,1m,"$20,000",3,My Ultimate Byron A,"Siegelman, Aus","Bucci, Ricky",8/1,False,Harness,tvg,https://api.tvg.com/cosmo/v1/graphql,2026-05-11T10:24:26.873144,1.0.0,Somebeachsomewhere,Our Sleeping Beauty,Bettor's Delight,8,G,"Ricky A Bucci,Campbell Hall,NY",0,8/1,9.0,9.0,YON-4,2026-05-11T23:45:00Z,7
YON,Yonkers Raceway,2026-05-11,4,23:45,Pace 1m,Pace,Dirt,1m,"$20,000",4,Be Dazzled Lou A,"Bongiorno, Joe","Bongiorno, Joe",3/1,False,Harness,tvg,https://api.tvg.com/cosmo/v1/graphql,2026-05-11T10:24:26.873150,1.0.0,Sweet Lou,Dazed And Confused,Troublemaker,7,G,"Joseph R Bongiorno,Monroe,NJ;Zorn R",0,3/1,4.0,4.0,YON-4,2026-05-11T23:45:00Z,7
YON,Yonkers Raceway,2026-05-11,4,23:45,Pace 1m,Pace,Dirt,1m,"$20,000",5,Quote Me Not N,"Bartlett, Jaso","Engblom, Per",4/1,False,Harness,tvg,https://api.tvg.com/cosmo/v1/graphql,2026-05-11T10:24:26.873155,1.0.0,Art Major,Quote Me,Bettor's Delight,4,G,"Curtin Anz Stables,Coral Springs,FL",0,4/1,5.0,5.0,YON-4,2026-05-11T23:45:00Z,7
YON,Yonkers Raceway,2026-05-11,4,23:45,Pace 1m,Pace,Dirt,1m,"$20,000",6,Curly James A,"Kelly, Colin","Bako, Jared",6/1,False,Harness,tvg,https://api.tvg.com/cosmo/v1/graphql,2026-05-11T10:24:26.873160,1.0.0,A Rocknroll Dance,Someone To Love,Somebeachsomewhere,9,G,"Kap Singh Rcg Stb,Yorktown Hgts,NY;",0,6/1,7.0,7.0,YON-4,2026-05-11T23:45:00Z,7
YON,Yonkers Raceway,2026-05-11,4,23:45,Pace 1m,Pace,Dirt,1m,"$20,000",7,Shakespeare,"Brennan, Georg","Di Domenico, S",20/1,False,Harness,tvg,https://api.tvg.com/cosmo/v1/graphql,2026-05-11T10:24:26.873166,1.0.0,Somebeachsomewhere,Get A Clue,Art Major,8,G,"William A Hartt,Carmel,ME;Triple D",0,20/1,21.0,21.0,YON-4,2026-05-11T23:45:00Z,7
YON,Yonkers Raceway,2026-05-11,5,00:05,Pace 1m,Pace,Dirt,1m,"$15,000",1,Gothic Rock,"Holland, Brent","Bucci, Ricky",6/1,False,Harness,tvg,https://api.tvg.com/cosmo/v1/graphql,2026-05-11T10:24:26.873176,1.0.0,Woodstock,Mid-Western Jatelo,Jate Lobell,11,G,"Flatland Racing,Campbell Hall,NY",0,6/1,7.0,7.0,YON-5,2026-05-12T00:05:00Z,8
YON,Yonkers Raceway,2026-05-11,5,00:05,Pace 1m,Pace,Dirt,1m,"$15,000",2,Aladdin,"Lachance, Pat","Mc Dermott, Jo",15/1,False,Harness,tvg,https://api.tvg.com/cosmo/v1/graphql,2026-05-11T10:24:26.873181,1.0.0,Shadow Play,Eloge,No Pan Intended,7,G,"Jonathan R Klee,Sands Pnt,NY;Justin",0,15/1,16.0,16.0,YON-5,2026-05-12T00:05:00Z,8
YON,Yonkers Raceway,2026-05-11,5,00:05,Pace 1m,Pace,Dirt,1m,"$15,000",3,Deedenuto A,"Siegelman, Aus","Siegelman, Jam",20/1,False,Harness,tvg,https://api.tvg.com/cosmo/v1/graphql,2026-05-11T10:24:26.873187,1.0.0,Safari,Harbhahay,Justanotherpoorboy,13,G,"Leah K Posner,Jackson,NJ",0,20/1,21.0,21.0,YON-5,2026-05-12T00:05:00Z,8
YON,Yonkers Raceway,2026-05-11,5,00:05,Pace 1m,Pace,Dirt,1m,"$15,000",4,Saranac Blue Chip,"Brennan, Georg","Di Domenico, S",5/1,False,Harness,tvg,https://api.tvg.com/cosmo/v1/graphql,2026-05-11T10:24:26.873192,1.0.0,American Ideal,So Nice,Ponder,8,G,"Triple D Stables Inc,Jamesburg,NJ;D",0,5/1,6.0,6.0,YON-5,2026-05-12T00:05:00Z,8
YON,Yonkers Raceway,2026-05-11,5,00:05,Pace 1m,Pace,Dirt,1m,"$15,000",5,Shine A Light,"Bartlett, Jaso","Stafford, Paul",3/5,False,Harness,tvg,https://api.tvg.com/cosmo/v1/graphql,2026-05-11T10:24:26.873198,1.0.0,Captaintreacherous,Countryview Miss,Camluck,9,G,"Thomas Ceraso Jr,Stamford,CT",0,3/5,1.6,1.6,YON-5,2026-05-12T00:05:00Z,8
YON,Yonkers Raceway,2026-05-11,5,00:05,Pace 1m,Pace,Dirt,1m,"$15,000",6,Hugh Heston,"Kakaley, Matt","Alexander, Tra",20/1,False,Harness,tvg,https://api.tvg.com/cosmo/v1/graphql,2026-05-11T10:24:26.873203,1.0.0,Heston Blue Chip,Morenci,Bettor's Delight,5,H,"Morrison Racing Stables,Indiana,PA",0,20/1,21.0,21.0,YON-5,2026-05-12T00:05:00Z,8
YON,Yonkers Raceway,2026-05-11,5,00:05,Pace 1m,Pace,Dirt,1m,"$15,000",7,Manalou,"Buter, Tyler","Corelli, Thoma",8/1,False,Harness,tvg,https://api.tvg.com/cosmo/v1/graphql,2026-05-11T10:24:26.873208,1.0.0,Sweet Lou,Keystone Krystal,Bettor's Delight,5,G,"Fred S Corelli,East Patchogue,NY;Ra",0,8/1,9.0,9.0,YON-5,2026-05-12T00:05:00Z,8
YON,Yonkers Raceway,2026-05-11,5,00:05,Pace 1m,Pace,Dirt,1m,"$15,000",8,Cowboy Cargo,"Bongiorno, Joe","Estrada, Izzy",15/1,False,Harness,tvg,https://api.tvg.com/cosmo/v1/graphql,2026-05-11T10:24:26.873214,1.0.0,Jimmy Freight,Bunkhouse Babe,Royal Mattjesty,5,H,"Estrada Racing LLC,Cranbury,NJ",0,15/1,16.0,16.0,YON-5,2026-05-12T00:05:00Z,8
YON,Yonkers Raceway,2026-05-11,6,00:25,Pace 1m,Pace,Dirt,1m,"$17,000",1,Itza Dangerzone A,"Tritton, Laure","Tritton, Shane",9/2,False,Harness,tvg,https://api.tvg.com/cosmo/v1/graphql,2026-05-11T10:24:26.873223,1.0.0,Gotta Go Cullect,Sheza Machstar,Mach Three,8,G,"Stephen Klunowski,North York,ON, CA",0,9/2,5.5,5.5,YON-6,2026-05-12T00:25:00Z,8
YON,Yonkers Raceway,2026-05-11,6,00:25,Pace 1m,Pace,Dirt,1m,"$17,000",2,Himself N,"Stratton, Jord","Hudson, Lance",3/1,False,Harness,tvg,https://api.tvg.com/cosmo/v1/graphql,2026-05-11T10:24:26.873228,1.0.0,Sportswriter,Shards Of Myross,Mcardle,9,G,"William A Hartt,Carmel,ME;Lance H H",0,3/1,4.0,4.0,YON-6,2026-05-12T00:25:00Z,8
YON,Yonkers Raceway,2026-05-11,6,00:25,Pace 1m,Pace,Dirt,1m,"$17,000",3,The Bigboss A,"Kakaley, Matt","Height, Chris",5/1,False,Harness,tvg,https://api.tvg.com/cosmo/v1/graphql,2026-05-11T10:24:26.873234,1.0.0,Bettor's Delight,Gentle Anvil,Christian Cullen,6,H,"Michael Casalino Jr,Freehold,NJ",0,5/1,6.0,6.0,YON-6,2026-05-12T00:25:00Z,8
YON,Yonkers Raceway,2026-05-11,6,00:25,Pace 1m,Pace,Dirt,1m,"$17,000",4,Rolling With Sam,"Bongiorno, Joe","Adamczyk, Andr",4/1,False,Harness,tvg,https://api.tvg.com/cosmo/v1/graphql,2026-05-11T10:24:26.873239,1.0.0,Roll With Joe,Martinique,Rock N Roll Heaven,9,G,"Morrison Racing Stables,Indiana,PA",0,4/1,5.0,5.0,YON-6,2026-05-12T00:25:00Z,8
YON,Yonkers Raceway,2026-05-11,6,00:25,Pace 1m,Pace,Dirt,1m,"$17,000",5,Texas Holdem,"Buter, Tyler","Schnittker, Ra",10/1,False,Harness,tvg,https://api.tvg.com/cosmo/v1/graphql,2026-05-11T10:24:26.873245,1.0.0,Huntsville,That's How We Roll,Art Major,5,G,"Raymond W Schnittker,Middletown,NY",0,10/1,11.0,11.0,YON-6,2026-05-12T00:25:00Z,8
YON,Yonkers Raceway,2026-05-11,6,00:25,Pace 1m,Pace,Dirt,1m,"$17,000",6,Gds Thunder Gb,"Siegelman, Aus","Koch, Ken",8/1,False,Harness,tvg,https://api.tvg.com/cosmo/v1/graphql,2026-05-11T10:24:26.873250,1.0.0,Art Professor,Gds Storm,Daylon Alert,8,G,"Thomas G Milici,Montgomery,NY",0,8/1,9.0,9.0,YON-6,2026-05-12T00:25:00Z,8
YON,Yonkers Raceway,2026-05-11,6,00:25,Pace 1m,Pace,Dirt,1m,"$17,000",7,Majorcrowdcontrl A,"Bartlett, Jaso","Dilloian, Doug",6/1,False,Harness,tvg,https://api.tvg.com/cosmo/v1/graphql,2026-05-11T10:24:26.873255,1.0.0,Control The Moment,Just Visiting,Barnett Hanover,7,G,"Dennis M Spinelli,Barnegat,NJ;Paul",0,6/1,7.0,7.0,YON-6,2026-05-12T00:25:00Z,8
YON,Yonkers Raceway,2026-05-11,6,00:25,Pace 1m,Pace,Dirt,1m,"$17,000",8,Mysweetboymax,"Kelly, Colin","Daguet, Debora",20/1,False,Harness,tvg,https://api.tvg.com/cosmo/v1/graphql,2026-05-11T10:24:26.873261,1.0.0,Sweet Lou,Faster Faster,Bettor's Delight,8,H,"Robert I Horowitz,Scotch Plains,NJ;",0,20/1,21.0,21.0,YON-6,2026-05-12T00:25:00Z,8
YON,Yonkers Raceway,2026-05-11,7,00:45,Pace 1m,Pace,Dirt,1m,"$25,000",1,Boston Bound,"Bartlett, Jaso","Height, Chris",9/5,False,Harness,tvg,https://api.tvg.com/cosmo/v1/graphql,2026-05-11T10:24:26.873270,1.0.0,Boston Red Rocks,Ashleeswayrhighway,Bettor's Delight,6,H,"William E Emmons,Farmingdale,NJ",0,9/5,2.8,2.8,YON-7,2026-05-12T00:45:00Z,7
YON,Yonkers Raceway,2026-05-11,7,00:45,Pace 1m,Pace,Dirt,1m,"$25,000",2,Matai Phil N,"Holland, Brent","Abbatiello, Ag",7/2,False,Harness,tvg,https://api.tvg.com/cosmo/v1/graphql,2026-05-11T10:24:26.873276,1.0.0,Washington Vc,Matai Katie,Elsu,6,G,"Durazzano Stable LLC,Pine Bush,NY",0,7/2,4.5,4.5,YON-7,2026-05-12T00:45:00Z,7
YON,Yonkers Raceway,2026-05-11,7,00:45,Pace 1m,Pace,Dirt,1m,"$25,000",3,Boxer Seelster,"Lachance, Pat","Lachance, Pat",6/1,False,Harness,tvg,https://api.tvg.com/cosmo/v1/graphql,2026-05-11T10:24:26.873281,1.0.0,Bettor's Delight,Big Thong,Big Jim,4,G,"Bradley J Grant,Milton,ON, CA",0,6/1,7.0,7.0,YON-7,2026-05-12T00:45:00Z,7
YON,Yonkers Raceway,2026-05-11,7,00:45,Pace 1m,Pace,Dirt,1m,"$25,000",4,Renaldo N,"Tritton, Laure","Tritton, Shane",3/1,False,Harness,tvg,https://api.tvg.com/cosmo/v1/graphql,2026-05-11T10:24:26.873286,1.0.0,Bettor's Delight,Georgia Brooke,Christian Cullen,5,G,"Joshua Jay Graber,Quincy,MI",0,3/1,4.0,4.0,YON-7,2026-05-12T00:45:00Z,7
YON,Yonkers Raceway,2026-05-11,7,00:45,Pace 1m,Pace,Dirt,1m,"$25,000",5,Escape To America,"Buter, Tyler","Daguet, Debora",12/1,False,Harness,tvg,https://api.tvg.com/cosmo/v1/graphql,2026-05-11T10:24:26.873292,1.0.0,American Ideal,Flirtiscape,Artiscape,5,H,"John J Darrah,Murphys,CA",0,12/1,13.0,13.0,YON-7,2026-05-12T00:45:00Z,7
YON,Yonkers Raceway,2026-05-11,7,00:45,Pace 1m,Pace,Dirt,1m,"$25,000",6,Little Willy,"Kelly, Colin","Bako, Jared",8/1,False,Harness,tvg,https://api.tvg.com/cosmo/v1/graphql,2026-05-11T10:24:26.873297,1.0.0,Up The Credit,Jo And Maria,Bettor's Delight,8,G,"Dr Joshua D Tanis,South Lyon,MI",0,8/1,9.0,9.0,YON-7,2026-05-12T00:45:00Z,7
YON,Yonkers Raceway,2026-05-11,7,00:45,Pace 1m,Pace,Dirt,1m,"$25,000",7,Soho Dow Jones A,"Zeron, Scott","Dilloian, Doug",15/1,False,Harness,tvg,https://api.tvg.com/cosmo/v1/graphql,2026-05-11T10:24:26.873302,1.0.0,American Ideal,Soho New York,Art Major,8,G,"Dennis M Spinelli,Barnegat,NJ;Paul",0,15/1,16.0,16.0,YON-7,2026-05-12T00:45:00Z,7
YON,Yonkers Raceway,2026-05-11,8,01:05,Pace 1m,Pace,Dirt,1m,"$30,000",1,Endofstory,"Zeron, Scott","Dilloian, Doug",4/1,False,Harness,tvg,https://api.tvg.com/cosmo/v1/graphql,2026-05-11T10:24:26.873313,1.0.0,Lazarus N,Olivette Hanover,Western Hanover,5,G,"D Linker,Dlry Bch,FL;B Loman,Chmpgn",0,4/1,5.0,5.0,YON-8,2026-05-12T01:05:00Z,8
YON,Yonkers Raceway,2026-05-11,8,01:05,Pace 1m,Pace,Dirt,1m,"$30,000",2,The Greek Freak,"Kakaley, Matt","Alexander, Tra",6/1,False,Harness,tvg,https://api.tvg.com/cosmo/v1/graphql,2026-05-11T10:24:26.873318,1.0.0,Captaintreacherous,Thirty X,Rocknroll Hanover,9,G,"Gino Toscani,Mount Hope,ON, CA",0,6/1,7.0,7.0,YON-8,2026-05-12T01:05:00Z,8
YON,Yonkers Raceway,2026-05-11,8,01:05,Pace 1m,Pace,Dirt,1m,"$30,000",3,Vicious,"Buter, Tyler","Adamczyk, Andr",5/1,False,Harness,tvg,https://api.tvg.com/cosmo/v1/graphql,2026-05-11T10:24:26.873324,1.0.0,Somebeachsomewhere,Satisfy My Soul,Well Said,7,G,"Carmen Iannacone,Lyndhurst,NJ",0,5/1,6.0,6.0,YON-8,2026-05-12T01:05:00Z,8
YON,Yonkers Raceway,2026-05-11,8,01:05,Pace 1m,Pace,Dirt,1m,"$30,000",4,Copperfield,"Bartlett, Jaso","Engblom, Per",3/1,False,Harness,tvg,https://api.tvg.com/cosmo/v1/graphql,2026-05-11T10:24:26.873329,1.0.0,Betting Line,American Charm,American Ideal,5,G,"W J Donovan,Delray Beach,FL",0,3/1,4.0,4.0,YON-8,2026-05-12T01:05:00Z,8
YON,Yonkers Raceway,2026-05-11,8,01:05,Pace 1m,Pace,Dirt,1m,"$30,000",5,Twisted Destiny,"Marohn, Jim Jr","Ryder, Chris",7/2,False,Harness,tvg,https://api.tvg.com/cosmo/v1/graphql,2026-05-11T10:24:26.873335,1.0.0,Bettor's Wish,Tug River Princess,Badlands Hanover,4,H,"Let It Ride Stbs,FL;Alberg Rcg,NJ;E",0,7/2,4.5,4.5,YON-8,2026-05-12T01:05:00Z,8
YON,Yonkers Raceway,2026-05-11,8,01:05,Pace 1m,Pace,Dirt,1m,"$30,000",6,Its A Me Mario,"Tritton, Laure","Tritton, Shane",12/1,False,Harness,tvg,https://api.tvg.com/cosmo/v1/graphql,2026-05-11T10:24:26.873340,1.0.0,American Ideal,Nf Salsa,Blissfull Hall,6,G,"Joshua Jay Graber,Quincy,MI",0,12/1,13.0,13.0,YON-8,2026-05-12T01:05:00Z,8
YON,Yonkers Raceway,2026-05-11,8,01:05,Pace 1m,Pace,Dirt,1m,"$30,000",7,Kwick Sand A,"Stratton, Jord","Stratton, Cory",8/1,False,Harness,tvg,https://api.tvg.com/cosmo/v1/graphql,2026-05-11T10:24:26.873346,1.0.0,Somebeachsomewhere,Giveusachance,Live Or Die,5,G,"Caldwell Mamie Racing LLC,Bellaire,",0,8/1,9.0,9.0,YON-8,2026-05-12T01:05:00Z,8
YON,Yonkers Raceway,2026-05-11,8,01:05,Pace 1m,Pace,Dirt,1m,"$30,000",8,Jabbar,"Holland, Brent","Mac Kenzie, Bi",12/1,False,Harness,tvg,https://api.tvg.com/cosmo/v1/graphql,2026-05-11T10:24:26.873351,1.0.0,Huntsville,Maximum Bet,Bettor's Delight,5,G,"Vincent A Ali Jr,Old Bridge,NJ;Alma",0,12/1,13.0,13.0,YON-8,2026-05-12T01:05:00Z,8
YON,Yonkers Raceway,2026-05-11,9,01:25,Pace 1m,Pace,Dirt,1m,"$21,000",1,Verdun,"Lachance, Pat","Lachance, Pat",5/2,False,Harness,tvg,https://api.tvg.com/cosmo/v1/graphql,2026-05-11T10:24:26.873361,1.0.0,Bettor's Delight,Pop Goes Theweasel,Mach Three,6,H,"Thomas Ceraso Jr,Stamford,CT",0,5/2,3.5,3.5,YON-9,2026-05-12T01:25:00Z,8
YON,Yonkers Raceway,2026-05-11,9,01:25,Pace 1m,Pace,Dirt,1m,"$21,000",2,Rockstar Artist A,"Stratton, Jord","Alvarez, Maria",8/1,False,Harness,tvg,https://api.tvg.com/cosmo/v1/graphql,2026-05-11T10:24:26.873366,1.0.0,Yankee Rockstar,Artistic Angel,Art Major,7,G,"Friendship Stables LLC,Mountain Lak",0,8/1,9.0,9.0,YON-9,2026-05-12T01:25:00Z,8
YON,Yonkers Raceway,2026-05-11,9,01:25,Pace 1m,Pace,Dirt,1m,"$21,000",3,Yorokobi N,"Marohn, Jim Jr","Tritton, Peter",20/1,False,Harness,tvg,https://api.tvg.com/cosmo/v1/graphql,2026-05-11T10:24:26.873371,1.0.0,Bettor's Delight,Rockin Cullen,Christian Cullen,9,G,"Pjt Investments LLC,Madison,CT",0,20/1,21.0,21.0,YON-9,2026-05-12T01:25:00Z,8
YON,Yonkers Raceway,2026-05-11,9,01:25,Pace 1m,Pace,Dirt,1m,"$21,000",4,Hemsworth N,"Siegelman, Aus","Bako, Jared",5/1,False,Harness,tvg,https://api.tvg.com/cosmo/v1/graphql,2026-05-11T10:24:26.873377,1.0.0,Sweet Lou,In Hollywood,In The Pocket,9,G,"1362313 Ontario LTD,Windsor,ON, CA",0,5/1,6.0,6.0,YON-9,2026-05-12T01:25:00Z,8
YON,Yonkers Raceway,2026-05-11,9,01:25,Pace 1m,Pace,Dirt,1m,"$21,000",5,Catalpa Rescue A,"Bartlett, Jaso","Blackler, Scot",8/5,False,Harness,tvg,https://api.tvg.com/cosmo/v1/graphql,2026-05-11T10:24:26.873382,1.0.0,American Ideal,Soho Siren,Art Major,7,G,"Chad J Kowal,Cuddebackville,NY",0,8/5,2.6,2.6,YON-9,2026-05-12T01:25:00Z,8
YON,Yonkers Raceway,2026-05-11,9,01:25,Pace 1m,Pace,Dirt,1m,"$21,000",6,Rockin Jukebox,"Bongiorno, Joe","Bongiorno, Joe",15/1,False,Harness,tvg,https://api.tvg.com/cosmo/v1/graphql,2026-05-11T10:24:26.873388,1.0.0,Rock N Roll Heaven,Plant A Kiss,Blissfull Hall,9,G,"Joseph Bongiorno LLC,Monroe,NJ;Blai",0,15/1,16.0,16.0,YON-9,2026-05-12T01:25:00Z,8
YON,Yonkers Raceway,2026-05-11,9,01:25,Pace 1m,Pace,Dirt,1m,"$21,000",7,Rydingtothewire,"Tritton, Laure","Tritton, Shane",10/1,False,Harness,tvg,https://api.tvg.com/cosmo/v1/graphql,2026-05-11T10:24:26.873393,1.0.0,Bettor's Wish,Seashell Hanover,Somebeachsomewhere,5,G,"Joshua Jay Graber,Quincy,MI",0,10/1,11.0,11.0,YON-9,2026-05-12T01:25:00Z,8
YON,Yonkers Raceway,2026-05-11,9,01:25,Pace 1m,Pace,Dirt,1m,"$21,000",8,Hammering Hank,"Holland, Brent","Laterza, Denni",12/1,False,Harness,tvg,https://api.tvg.com/cosmo/v1/graphql,2026-05-11T10:24:26.873398,1.0.0,Captaintreacherous,History Repeats,Dragon Again,7,G,"Ginko Stable Inc,Briar Cliff Manor,",0,12/1,13.0,13.0,YON-9,2026-05-12T01:25:00Z,8
