track_code,track_name,race_date,race_number,race_time,race_name,race_class,surface,distance,purse,program_number,runner_name,jockey,trainer,ml_odds,scratched,breed,source_name,source_url,fetched_at,parser_version,sire,dam,dam_sire,age,sex,owner,weight,current_odds,current_odds_decimal,ml_odds_decimal,race_id,post_time_utc,num_runners
HAR,Harrington Raceway,2026-05-13,1,20:35,Pace 1m,Pace,Dirt,1m,"$7,000",1,He's Webster,"Thompson, Jaso","Copeland, Vinc",20/1,False,Harness,tvg,https://api.tvg.com/cosmo/v1/graphql,2026-05-12T00:16:57.855304,1.0.0,He's Watching,Trindle Hanover,Well Said,3,G,"Jane B Ramsey,Smyrna,DE;David L Amo",0,40/1,41.0,21.0,HAR-1,2026-05-11T20:35:51Z,8
HAR,Harrington Raceway,2026-05-13,1,20:35,Pace 1m,Pace,Dirt,1m,"$7,000",2,Silver N Gold,"Deaton, Tim","Pressel, Kayla",5/1,False,Harness,tvg,https://api.tvg.com/cosmo/v1/graphql,2026-05-12T00:16:57.855330,1.0.0,Megatron,Glitter N Ginger,Fred And Ginger,4,G,"Mr Charles Ben Nitkowski,Camden Wyo",0,11/1,12.0,6.0,HAR-1,2026-05-11T20:35:51Z,8
HAR,Harrington Raceway,2026-05-13,1,20:35,Pace 1m,Pace,Dirt,1m,"$7,000",3,Earn My Bet,"Morgan, Anthon","Crissman, Tim",8/1,False,Harness,tvg,https://api.tvg.com/cosmo/v1/graphql,2026-05-12T00:16:57.855340,1.0.0,Stay Hungry,My Last Bet,Delmarvalous,3,G,"Niss Allen Inc,Fair Lawn,NJ",0,12/1,13.0,9.0,HAR-1,2026-05-11T20:35:51Z,8
HAR,Harrington Raceway,2026-05-13,1,20:35,Pace 1m,Pace,Dirt,1m,"$7,000",4,Angler Hanover,"Stafford, Art","Stafford, Andr",3/2,False,Harness,tvg,https://api.tvg.com/cosmo/v1/graphql,2026-05-12T00:16:57.855348,1.0.0,Tall Dark Stranger,Always B Beachy,Always B Miki,3,G,"Andrew J Stafford,Harrington,DE;Tho",0,4/5,1.8,2.5,HAR-1,2026-05-11T20:35:51Z,8
HAR,Harrington Raceway,2026-05-13,1,20:35,Pace 1m,Pace,Dirt,1m,"$7,000",5,Wiggle Babe,"Griffith, Shan","Short, Ronald",9/1,False,Harness,tvg,https://api.tvg.com/cosmo/v1/graphql,2026-05-12T00:16:57.855354,1.0.0,Mr Wiggles,Aunt Babe,Panspacificflight,3,G,"Ronald E Short,Greenwood,DE",0,11/1,12.0,10.0,HAR-1,2026-05-11T20:35:51Z,8
HAR,Harrington Raceway,2026-05-13,1,20:35,Pace 1m,Pace,Dirt,1m,"$7,000",6,Perfect Stu,"Cole, Mike","Columbo, Josep",8/1,False,Harness,tvg,https://api.tvg.com/cosmo/v1/graphql,2026-05-12T00:16:57.855360,1.0.0,Perfect Sting,Alexis's Beach,Somebeachsomewhere,3,G,"George& Tina Dennis Racing,Wyoming,",0,3/1,4.0,9.0,HAR-1,2026-05-11T20:35:51Z,8
HAR,Harrington Raceway,2026-05-13,1,20:35,Pace 1m,Pace,Dirt,1m,"$7,000",7,Rayvista,"Dalious, Barto","Givens, Wayne",20/1,False,Harness,tvg,https://api.tvg.com/cosmo/v1/graphql,2026-05-12T00:16:57.855368,1.0.0,Papa Ray,Vistamista,Powerful Mist,3,G,"Legacy Racing Of De Inc,Seaford,DE",0,99/1,100.0,21.0,HAR-1,2026-05-11T20:35:51Z,8
HAR,Harrington Raceway,2026-05-13,1,20:35,Pace 1m,Pace,Dirt,1m,"$7,000",8,Stonebridge Bluff,"Lynch, Jason","Lynch, Jason",3/1,False,Harness,tvg,https://api.tvg.com/cosmo/v1/graphql,2026-05-12T00:16:57.855374,1.0.0,Captain Crunch,Stonebridge Rumor,Well Said,3,G,"Jason T Lynch,Delmar,DE",0,7/2,4.5,4.0,HAR-1,2026-05-11T20:35:51Z,8
HAR,Harrington Raceway,2026-05-13,2,20:52,Pace 1m,Pace,Dirt,1m,"$11,500",1,Panther's Pinot,"Still, Rick","Bier, Jenny",9/2,False,Harness,tvg,https://api.tvg.com/cosmo/v1/graphql,2026-05-12T00:16:57.855398,1.0.0,Panther Hanover,Baby Mc,Mcardle,9,G,"Jenny Bier,Dover,DE",0,9/5,2.8,5.5,HAR-2,2026-05-11T20:52:34Z,8
HAR,Harrington Raceway,2026-05-13,2,20:52,Pace 1m,Pace,Dirt,1m,"$11,500",2,Dancinat Midland,"Foster, Russel","Foster, Arty I",3/1,False,Harness,tvg,https://api.tvg.com/cosmo/v1/graphql,2026-05-12T00:16:57.855404,1.0.0,A Rocknroll Dance,Pan Hanover,Artsplace,11,G,"Arty Foster Jr,Harrington,DE",0,5/1,6.0,4.0,HAR-2,2026-05-11T20:52:34Z,8
HAR,Harrington Raceway,2026-05-13,2,20:52,Pace 1m,Pace,Dirt,1m,"$11,500",3,Aiden Station,"Green, Jason","Ratledge, Nico",7/1,False,Harness,tvg,https://api.tvg.com/cosmo/v1/graphql,2026-05-12T00:16:57.855411,1.0.0,Heston Blue Chip,E Dee's Well Said,Well Said,4,G,"Nicole B Ratledge,Clayton,DE",0,8/1,9.0,8.0,HAR-2,2026-05-11T20:52:34Z,8
HAR,Harrington Raceway,2026-05-13,2,20:52,Pace 1m,Pace,Dirt,1m,"$11,500",4,Delightful End,"Lynch, Jason","Lynch, Jason",7/2,False,Harness,tvg,https://api.tvg.com/cosmo/v1/graphql,2026-05-12T00:16:57.855419,1.0.0,Jk Endofanera,Elizabeth Bluechip,Bettor's Delight,4,G,"Jason T Lynch,Delmar,DE",0,4/1,5.0,4.5,HAR-2,2026-05-11T20:52:34Z,8
HAR,Harrington Raceway,2026-05-13,2,20:52,Pace 1m,Pace,Dirt,1m,"$11,500",5,Coxcomb,"Stafford, Art","Crissman, Chuc",5/2,False,Harness,tvg,https://api.tvg.com/cosmo/v1/graphql,2026-05-12T00:16:57.855424,1.0.0,Sweet Lou,Summertime Lea,Lislea,8,G,"Wendy R Crissman,Dover,DE",0,2/1,3.0,3.5,HAR-2,2026-05-11T20:52:34Z,8
HAR,Harrington Raceway,2026-05-13,2,20:52,Pace 1m,Pace,Dirt,1m,"$11,500",6,Sir John B,"Morgan, Anthon","Crissman, Tim",7/1,False,Harness,tvg,https://api.tvg.com/cosmo/v1/graphql,2026-05-12T00:16:57.855429,1.0.0,Stay Hungry,Evelix Am,Art Major,5,G,"Niss Allen Inc,Fair Lawn,NJ",0,9/1,10.0,8.0,HAR-2,2026-05-11T20:52:34Z,8
HAR,Harrington Raceway,2026-05-13,2,20:52,Pace 1m,Pace,Dirt,1m,"$11,500",7,Badlands N Wine,"Cole, Mike","Columbo, Josep",20/1,False,Harness,tvg,https://api.tvg.com/cosmo/v1/graphql,2026-05-12T00:16:57.855437,1.0.0,Badlands Hanover,I'm Won Wine Wiser,Modern Art,7,G,"George& Tina Dennis Racing,Wyoming,",0,99/1,100.0,21.0,HAR-2,2026-05-11T20:52:34Z,8
HAR,Harrington Raceway,2026-05-13,2,20:52,Pace 1m,Pace,Dirt,1m,"$11,500",8,Lucky Ramsey,"Thompson, Jaso","Copeland, Vinc",20/1,False,Harness,tvg,https://api.tvg.com/cosmo/v1/graphql,2026-05-12T00:16:57.855457,1.0.0,Rockincam,Trindle Hanover,Well Said,8,G,"Jane B Ramsey,Smyrna,DE;David L Amo",0,99/1,100.0,21.0,HAR-2,2026-05-11T20:52:34Z,8
HAR,Harrington Raceway,2026-05-13,3,21:07,Pace 1m,Pace,Dirt,1m,"$15,000",1,Welcometotheshow,"Thompson, Jaso","Ell, Eric",9/2,False,Harness,tvg,https://api.tvg.com/cosmo/v1/graphql,2026-05-12T00:16:57.855470,1.0.0,Tall Dark Stranger,Come See The Show,Somebeachsomewhere,4,G,"W Kenneth & B A Wood,Denton,MD;S J",0,5/1,6.0,5.5,HAR-3,2026-05-11T21:07:56Z,8
HAR,Harrington Raceway,2026-05-13,3,21:07,Pace 1m,Pace,Dirt,1m,"$15,000",2,Airborne Spark,"Callahan, Core","Gannon, Edwin",7/1,False,Harness,tvg,https://api.tvg.com/cosmo/v1/graphql,2026-05-12T00:16:57.855476,1.0.0,Rockin Image,Precision Hanover,Somebeachsomewhere,4,G,"Jeff Fought Rcg,E Bernstadt,KY;B K",0,10/1,11.0,8.0,HAR-3,2026-05-11T21:07:56Z,8
HAR,Harrington Raceway,2026-05-13,3,21:07,Pace 1m,Pace,Dirt,1m,"$15,000",3,Manwiththeplan,"Stafford, Art",Johnson-Staffo,5/1,False,Harness,tvg,https://api.tvg.com/cosmo/v1/graphql,2026-05-12T00:16:57.855482,1.0.0,Jk Endofanera,Secluded Beach,Somebeachsomewhere,4,G,"Lawrence F Vukovic,Lansdale,PA;Will",0,15/1,16.0,6.0,HAR-3,2026-05-11T21:07:56Z,8
HAR,Harrington Raceway,2026-05-13,3,21:07,Pace 1m,Pace,Dirt,1m,"$15,000",4,Slugger On Deck,"Davis, Allan","King, Jim Jr",5/2,False,Harness,tvg,https://api.tvg.com/cosmo/v1/graphql,2026-05-12T00:16:57.855488,1.0.0,He's Watching,End To End Hanover,The Panderosa,3,C,"Jo Ann Looney-King,Harrington,DE",0,7/2,4.5,3.5,HAR-3,2026-05-11T21:07:56Z,8
HAR,Harrington Raceway,2026-05-13,3,21:07,Pace 1m,Pace,Dirt,1m,"$15,000",5,Hurrikane Miki,"Cole, Mike","Columbo, Josep",7/1,False,Harness,tvg,https://api.tvg.com/cosmo/v1/graphql,2026-05-12T00:16:57.855493,1.0.0,Always B Miki,Hurrikane Schmumma,Somebeachsomewhere,5,G,"George& Tina Dennis Racing,Wyoming,",0,9/1,10.0,8.0,HAR-3,2026-05-11T21:07:56Z,8
HAR,Harrington Raceway,2026-05-13,3,21:07,Pace 1m,Pace,Dirt,1m,"$15,000",6,Hypebeast,"Morgan, Anthon","Crissman, Tim",15/1,False,Harness,tvg,https://api.tvg.com/cosmo/v1/graphql,2026-05-12T00:16:57.855502,1.0.0,Captaintreacherous,Anndrovette,Riverboat King,5,G,"Evm Racing LLC,Middletown,DE",0,86/1,87.0,16.0,HAR-3,2026-05-11T21:07:56Z,8
HAR,Harrington Raceway,2026-05-13,3,21:07,Pace 1m,Pace,Dirt,1m,"$15,000",7,Mr Three O Five,"Teague, Montre","Glassmeyer, A",3/1,False,Harness,tvg,https://api.tvg.com/cosmo/v1/graphql,2026-05-12T00:16:57.855508,1.0.0,Lazarus N,World Of Rock,Rocknroll Hanover,5,H,"Andrew R Glassmeyer,Dover,DE",0,3/5,1.6,4.0,HAR-3,2026-05-11T21:07:56Z,8
HAR,Harrington Raceway,2026-05-13,3,21:07,Pace 1m,Pace,Dirt,1m,"$15,000",8,Shore Not Beach,"Skinner, Ryder","Berry, Traci",20/1,False,Harness,tvg,https://api.tvg.com/cosmo/v1/graphql,2026-05-12T00:16:57.855514,1.0.0,Badlands Hanover,Azure Deo,Art Major,4,G,"Tlb Racing LLC,Harrington,DE",0,94/1,95.0,21.0,HAR-3,2026-05-11T21:07:56Z,8
HAR,Harrington Raceway,2026-05-13,4,21:23,Pace 1m,Pace,Dirt,1m,"$9,500",1,Sweet Angel Boy,"Morgan, Anthon","Glassmeyer, A",7/5,False,Harness,tvg,https://api.tvg.com/cosmo/v1/graphql,2026-05-12T00:16:57.855530,1.0.0,Sweet Lou,Aries Angel,Western Ideal,8,G,"Andrew R Glassmeyer,Dover,DE",0,1/9,1.11,2.4,HAR-4,2026-05-11T21:23:36Z,8
HAR,Harrington Raceway,2026-05-13,4,21:23,Pace 1m,Pace,Dirt,1m,"$9,500",2,Madewrite,"Beyer, Troy","Johnson, Jason",5/1,False,Harness,tvg,https://api.tvg.com/cosmo/v1/graphql,2026-05-12T00:16:57.855536,1.0.0,Sportswriter,Allamerican Summer,Western Ideal,4,G,"Jason L Johnson Inc,Dover,DE;Ava L",0,66/1,67.0,6.0,HAR-4,2026-05-11T21:23:36Z,8
HAR,Harrington Raceway,2026-05-13,4,21:23,Pace 1m,Pace,Dirt,1m,"$9,500",3,Hes A Ladies Man,"Poliseno, Cody","Gray, Brooks",8/1,False,Harness,tvg,https://api.tvg.com/cosmo/v1/graphql,2026-05-12T00:16:57.855542,1.0.0,Shadow Play,Windsun Chanel,Sportswriter,7,G,"Ronald F Davis,Selbyville,DE",0,54/1,55.0,9.0,HAR-4,2026-05-11T21:23:36Z,8
HAR,Harrington Raceway,2026-05-13,4,21:23,Pace 1m,Pace,Dirt,1m,"$9,500",4,Zip Time,"Horsey, Ceba","Horsey, Ceba",20/1,False,Harness,tvg,https://api.tvg.com/cosmo/v1/graphql,2026-05-12T00:16:57.855547,1.0.0,Captain Crunch,Zipporah,Rock N Roll Heaven,4,G,"Jaypaul R Hoover,Ephrata,PA",0,99/1,100.0,21.0,HAR-4,2026-05-11T21:23:36Z,8
HAR,Harrington Raceway,2026-05-13,4,21:23,Pace 1m,Pace,Dirt,1m,"$9,500",5,Bodega Bay,"Callahan, Core","Ewing, Gary",5/1,False,Harness,tvg,https://api.tvg.com/cosmo/v1/graphql,2026-05-12T00:16:57.855553,1.0.0,Vintage Master,Nikki Beach,Somebeachsomewhere,11,G,"Gary E Ewing,Easton,MD",0,7/1,8.0,6.0,HAR-4,2026-05-11T21:23:36Z,8
HAR,Harrington Raceway,2026-05-13,4,21:23,Pace 1m,Pace,Dirt,1m,"$9,500",6,Teton Sunset,"Cole, Mike","Columbo, Josep",20/1,True,Harness,tvg,https://api.tvg.com/cosmo/v1/graphql,2026-05-12T00:16:57.855559,1.0.0,American Ideal,Gray Ghost,Art Major,9,G,"George& Tina Dennis Racing,Wyoming,",0,20/1,21.0,21.0,HAR-4,2026-05-11T21:23:36Z,8
HAR,Harrington Raceway,2026-05-13,4,21:23,Pace 1m,Pace,Dirt,1m,"$9,500",7,Herb,"Givens, Brando","Bradley, Vince",12/1,False,Harness,tvg,https://api.tvg.com/cosmo/v1/graphql,2026-05-12T00:16:57.855564,1.0.0,Emeritus Maximus,Little Sandyloam,Riggins,5,G,"J M F Racing LLC,Freehold,NJ;Vincen",0,14/1,15.0,13.0,HAR-4,2026-05-11T21:23:36Z,8
HAR,Harrington Raceway,2026-05-13,4,21:23,Pace 1m,Pace,Dirt,1m,"$9,500",8,Flash Move,"Thompson, Jaso","Hundertpfund,",4/1,False,Harness,tvg,https://api.tvg.com/cosmo/v1/graphql,2026-05-12T00:16:57.855576,1.0.0,Heston Blue Chip,Flibbertigibbet,Albert Albert,6,G,"Rodney M Long,Salisbury,MD",0,6/1,7.0,5.0,HAR-4,2026-05-11T21:23:36Z,8
HAR,Harrington Raceway,2026-05-13,5,21:41,Pace 1m,Pace,Dirt,1m,"$12,500",1,Portugal The Man,"Foster, Russel","Kimelman, Mich",7/5,False,Harness,tvg,https://api.tvg.com/cosmo/v1/graphql,2026-05-12T00:16:57.855602,1.0.0,Well Said,Brazilian,Rock N Roll Heaven,4,G,"Michael P Kimelman,Marydel,DE;Josep",0,1/5,1.2,2.4,HAR-5,2026-05-11T21:41:54Z,8
HAR,Harrington Raceway,2026-05-13,5,21:41,Pace 1m,Pace,Dirt,1m,"$12,500",2,Master Ofthe House,"Dalious, Barto","Gannon, Laura",20/1,False,Harness,tvg,https://api.tvg.com/cosmo/v1/graphql,2026-05-12T00:16:57.855609,1.0.0,Cattlewash,Lispatty,Mcardle,4,G,"Michael J & Brooke Y Gannon,Harring",0,77/1,78.0,21.0,HAR-5,2026-05-11T21:41:54Z,8
HAR,Harrington Raceway,2026-05-13,5,21:41,Pace 1m,Pace,Dirt,1m,"$12,500",3,The Dragon Reborn,"Davis, Allan","Davis, Tyler",3/1,False,Harness,tvg,https://api.tvg.com/cosmo/v1/graphql,2026-05-12T00:16:57.855616,1.0.0,Bettor's Delight,My Little Dragon,Dragon Again,5,H,"J& T Davis LLC,Smyrna,DE",0,5/2,3.5,4.0,HAR-5,2026-05-11T21:41:54Z,8
HAR,Harrington Raceway,2026-05-13,5,21:41,Pace 1m,Pace,Dirt,1m,"$12,500",4,Aloha Blue Chip,"Cole, Mike","Columbo, Josep",5/1,False,Harness,tvg,https://api.tvg.com/cosmo/v1/graphql,2026-05-12T00:16:57.855625,1.0.0,Sweet Lou,Shoreline,Captaintreacherous,3,G,"George& Tina Dennis Racing,Wyoming,",0,20/1,21.0,6.0,HAR-5,2026-05-11T21:41:54Z,8
HAR,Harrington Raceway,2026-05-13,5,21:41,Pace 1m,Pace,Dirt,1m,"$12,500",5,Do What U Do,"Callahan, Core","Johnson, Jason",20/1,False,Harness,tvg,https://api.tvg.com/cosmo/v1/graphql,2026-05-12T00:16:57.855630,1.0.0,Lazarus N,Its All About Miki,Always B Miki,4,G,"Calcutta Stable LLC,Rehoboth Beach,",0,25/1,26.0,21.0,HAR-5,2026-05-11T21:41:54Z,8
HAR,Harrington Raceway,2026-05-13,5,21:41,Pace 1m,Pace,Dirt,1m,"$12,500",6,Hunt Me Up,"Stafford, Art","Stafford, Andr",4/1,False,Harness,tvg,https://api.tvg.com/cosmo/v1/graphql,2026-05-12T00:16:57.855639,1.0.0,Huntsville,Artrageous,Art Major,4,G,"Bonnie M Benson,Lewes,DE;Andrew J S",0,18/1,19.0,5.0,HAR-5,2026-05-11T21:41:54Z,8
HAR,Harrington Raceway,2026-05-13,5,21:41,Pace 1m,Pace,Dirt,1m,"$12,500",7,Shifty Hill,"Beyer, Troy","Harmon, Orvill",20/1,False,Harness,tvg,https://api.tvg.com/cosmo/v1/graphql,2026-05-12T00:16:57.855650,1.0.0,Bettor's Delight,Margret Hill,Somebeachsomewhere,4,G,"Orville L Harmon,Mappsville,VA;Matt",0,84/1,85.0,21.0,HAR-5,2026-05-11T21:41:54Z,8
HAR,Harrington Raceway,2026-05-13,5,21:41,Pace 1m,Pace,Dirt,1m,"$12,500",8,Cheezwiz,"Thompson, Jaso","Gray, Brooks",20/1,False,Harness,tvg,https://api.tvg.com/cosmo/v1/graphql,2026-05-12T00:16:57.855656,1.0.0,Betterthancheddar,Dew It Again,Dragon Again,4,G,"Ronald F Davis,Selbyville,DE",0,48/1,49.0,21.0,HAR-5,2026-05-11T21:41:54Z,8
HAR,Harrington Raceway,2026-05-13,6,21:58,Pace 1m,Pace,Dirt,1m,"$22,500",1,Armada Hanover,"Givens, Brando","Givens, Wayne",9/2,False,Harness,tvg,https://api.tvg.com/cosmo/v1/graphql,2026-05-12T00:16:57.855677,1.0.0,Stay Hungry,Anderosa Hanover,The Panderosa,5,G,"Legacy Racing Of De Inc,Seaford,DE;",0,7/2,4.5,5.5,HAR-6,2026-05-11T21:58:01Z,8
HAR,Harrington Raceway,2026-05-13,6,21:58,Pace 1m,Pace,Dirt,1m,"$22,500",2,Wager On Me,"Cole, Mike","Columbo, Josep",20/1,False,Harness,tvg,https://api.tvg.com/cosmo/v1/graphql,2026-05-12T00:16:57.855695,1.0.0,Bettor's Delight,Ravishnmasterpiece,Art Major,10,G,"George& Tina Dennis Racing,Wyoming,",0,8/1,9.0,21.0,HAR-6,2026-05-11T21:58:01Z,8
HAR,Harrington Raceway,2026-05-13,6,21:58,Pace 1m,Pace,Dirt,1m,"$22,500",3,Hundred Dollar Man,"Teague, Montre","Francis, Clyde",2/1,False,Harness,tvg,https://api.tvg.com/cosmo/v1/graphql,2026-05-12T00:16:57.855702,1.0.0,Lather Up,Whirl The Girl,Artiscape,5,G,"Brenda Teague Inc,Houston,DE",0,7/5,2.4,3.0,HAR-6,2026-05-11T21:58:01Z,8
HAR,Harrington Raceway,2026-05-13,6,21:58,Pace 1m,Pace,Dirt,1m,"$22,500",4,My Miki Beach,"Beyer, Troy","Bailey, Ryan",9/2,False,Harness,tvg,https://api.tvg.com/cosmo/v1/graphql,2026-05-12T00:16:57.855708,1.0.0,Always B Miki,One For The Beach,Somebeachsomewhere,7,G,"Robert L Bailey Sr,Dagsboro,DE",0,10/1,11.0,5.5,HAR-6,2026-05-11T21:58:01Z,8
HAR,Harrington Raceway,2026-05-13,6,21:58,Pace 1m,Pace,Dirt,1m,"$22,500",5,T Dog,"Foster, Russel","Kimelman, Mich",10/1,False,Harness,tvg,https://api.tvg.com/cosmo/v1/graphql,2026-05-12T00:16:57.855714,1.0.0,Bolt The Duer,New Hollywood,Cam's Card Shark,6,G,"Michael P & Sara J Kimelman,Marydel",0,21/1,22.0,11.0,HAR-6,2026-05-11T21:58:01Z,8
HAR,Harrington Raceway,2026-05-13,6,21:58,Pace 1m,Pace,Dirt,1m,"$22,500",6,Steven's Saloon,"Thompson, Jaso","Hundertpfund,",9/2,False,Harness,tvg,https://api.tvg.com/cosmo/v1/graphql,2026-05-12T00:16:57.855720,1.0.0,Always B Miki,Lasting Love,Shark Gesture,5,G,"Richard A Ashley,Felton,DE;C Michae",0,2/1,3.0,5.5,HAR-6,2026-05-11T21:58:01Z,8
HAR,Harrington Raceway,2026-05-13,6,21:58,Pace 1m,Pace,Dirt,1m,"$22,500",7,J M Mandamin,"Wolfenden, Ros","Dixon, John",20/1,True,Harness,tvg,https://api.tvg.com/cosmo/v1/graphql,2026-05-12T00:16:57.855725,1.0.0,Mach Three,J M Lasstax,Camluck,10,G,"Rodney M Long,Salisbury,MD",0,20/1,21.0,21.0,HAR-6,2026-05-11T21:58:01Z,8
HAR,Harrington Raceway,2026-05-13,6,21:58,Pace 1m,Pace,Dirt,1m,"$22,500",8,Wehadababyetzaboy,"Stafford, Art","Crissman, Chuc",5/1,False,Harness,tvg,https://api.tvg.com/cosmo/v1/graphql,2026-05-12T00:16:57.855732,1.0.0,Sweet Lou,Camille,Camluck,7,G,"Evm Racing LLC,Middletown,DE",0,19/1,20.0,6.0,HAR-6,2026-05-11T21:58:01Z,8
HAR,Harrington Raceway,2026-05-13,7,22:15,Pace 1m,Pace,Dirt,1m,"$8,000",1,Iheartmum,"Davis, Eric","Davis, Janet",6/1,False,Harness,tvg,https://api.tvg.com/cosmo/v1/graphql,2026-05-12T00:16:57.855748,1.0.0,Badlands Hanover,Iheartquestionmark,General Aidid,3,G,"Janet M Davis,Hartly,DE",0,7/1,8.0,7.0,HAR-7,2026-05-11T22:15:21Z,8
HAR,Harrington Raceway,2026-05-13,7,22:15,Pace 1m,Pace,Dirt,1m,"$8,000",2,He's Peeping,"Thompson, Jaso","King, Jim Jr",3/1,False,Harness,tvg,https://api.tvg.com/cosmo/v1/graphql,2026-05-12T00:16:57.855754,1.0.0,He's Watching,Tipton Teeez,Western Terror,3,G,"Jo Ann Looney-King,Harrington,DE;Ga",0,6/5,2.2,4.0,HAR-7,2026-05-11T22:15:21Z,8
HAR,Harrington Raceway,2026-05-13,7,22:15,Pace 1m,Pace,Dirt,1m,"$8,000",3,Hickock,"Givens, Brando","Givens, Wayne",5/1,False,Harness,tvg,https://api.tvg.com/cosmo/v1/graphql,2026-05-12T00:16:57.855760,1.0.0,Sweet Lou,Some Bodacious Bet,Betting Line,3,G,"Legacy Racing Of De Inc,Seaford,DE",0,18/1,19.0,6.0,HAR-7,2026-05-11T22:15:21Z,8
HAR,Harrington Raceway,2026-05-13,7,22:15,Pace 1m,Pace,Dirt,1m,"$8,000",4,Freddie Hill,"Stafford, Art","Bailey, Ryan",9/1,False,Harness,tvg,https://api.tvg.com/cosmo/v1/graphql,2026-05-12T00:16:57.855769,1.0.0,Captaintreacherous,Look Cheap,Geartogear,4,G,"Roy L & Susan Bailey,Dagsboro,DE",0,28/1,29.0,10.0,HAR-7,2026-05-11T22:15:21Z,8
HAR,Harrington Raceway,2026-05-13,7,22:15,Pace 1m,Pace,Dirt,1m,"$8,000",5,Always Has Been,"Morgan, Anthon","Reynolds, Will",9/5,False,Harness,tvg,https://api.tvg.com/cosmo/v1/graphql,2026-05-12T00:16:57.855776,1.0.0,Tall Dark Stranger,Time On My Hands,American Ideal,3,G,"Mark R Howard,Federalsburg,MD",0,4/5,1.8,2.8,HAR-7,2026-05-11T22:15:21Z,8
HAR,Harrington Raceway,2026-05-13,7,22:15,Pace 1m,Pace,Dirt,1m,"$8,000",6,Boomerang Cowboy,"Cole, Mike","Short, Robert",20/1,False,Harness,tvg,https://api.tvg.com/cosmo/v1/graphql,2026-05-12T00:16:57.855789,1.0.0,Lazarus N,Magical Bestern,Cambest,5,G,"Robert Franklin & Laurie Short,Laur",0,89/1,90.0,21.0,HAR-7,2026-05-11T22:15:21Z,8
HAR,Harrington Raceway,2026-05-13,7,22:15,Pace 1m,Pace,Dirt,1m,"$8,000",7,Wheelhouse Hanover,"Beyer, Troy","Johnson, Jason",20/1,False,Harness,tvg,https://api.tvg.com/cosmo/v1/graphql,2026-05-12T00:16:57.855796,1.0.0,Papi Rob Hanover,Well What's New,Well Said,4,G,"Calcutta Stable LLC,Rehoboth Beach,",0,47/1,48.0,21.0,HAR-7,2026-05-11T22:15:21Z,8
HAR,Harrington Raceway,2026-05-13,7,22:15,Pace 1m,Pace,Dirt,1m,"$8,000",8,More Medhurst,"Foster, Russel","Millman, Ronal",9/1,False,Harness,tvg,https://api.tvg.com/cosmo/v1/graphql,2026-05-12T00:16:57.855803,1.0.0,More The Better N,Doc's Ravenna,Woodstock,4,G,"Chelsea Anne Botsch,Townsend,DE",0,47/1,48.0,10.0,HAR-7,2026-05-11T22:15:21Z,8
HAR,Harrington Raceway,2026-05-13,8,22:32,Pace 1m,Pace,Dirt,1m,"$11,500",1,Rockmyster N,"Green, Jason","Munson, Daniel",20/1,False,Harness,tvg,https://api.tvg.com/cosmo/v1/graphql,2026-05-12T00:16:57.855817,1.0.0,Rock N Roll Heaven,Operative Asset,Armbro Operative,8,G,"Boss Racing Usa,Elburn,IL",0,47/1,48.0,21.0,HAR-8,2026-05-11T22:32:17Z,8
HAR,Harrington Raceway,2026-05-13,8,22:32,Pace 1m,Pace,Dirt,1m,"$11,500",2,Imoutthedoor,"Scicluna, Chri","Rash, Kristyan",8/1,False,Harness,tvg,https://api.tvg.com/cosmo/v1/graphql,2026-05-12T00:16:57.855824,1.0.0,Bolt The Duer,Imoutahere,Run The Table,8,G,"Cathy J Dessert,Vadnais Heights,MN",0,24/1,25.0,9.0,HAR-8,2026-05-11T22:32:17Z,8
HAR,Harrington Raceway,2026-05-13,8,22:32,Pace 1m,Pace,Dirt,1m,"$11,500",3,Chip In Blue,"Stafford, Art","Ell, Eric",8/5,False,Harness,tvg,https://api.tvg.com/cosmo/v1/graphql,2026-05-12T00:16:57.855830,1.0.0,Heston Blue Chip,Modern Cinderella,Modern Art,5,G,"Eric Ell,Denton,MD",0,6/5,2.2,2.6,HAR-8,2026-05-11T22:32:17Z,8
HAR,Harrington Raceway,2026-05-13,8,22:32,Pace 1m,Pace,Dirt,1m,"$11,500",4,World Beater,"Morgan, Anthon","Crissman, Tim",9/2,False,Harness,tvg,https://api.tvg.com/cosmo/v1/graphql,2026-05-12T00:16:57.855836,1.0.0,Captaintreacherous,World Apart,Art Major,4,G,"Crissman Inc,Dover,DE",0,5/1,6.0,5.5,HAR-8,2026-05-11T22:32:17Z,8
HAR,Harrington Raceway,2026-05-13,8,22:32,Pace 1m,Pace,Dirt,1m,"$11,500",5,Metallica,"Thompson, Jaso","Hundertpfund,",6/1,False,Harness,tvg,https://api.tvg.com/cosmo/v1/graphql,2026-05-12T00:16:57.855843,1.0.0,Shadow Play,Fade To Black,Northern Luck,8,G,"Rodney M Long,Salisbury,MD",0,6/1,7.0,7.0,HAR-8,2026-05-11T22:32:17Z,8
HAR,Harrington Raceway,2026-05-13,8,22:32,Pace 1m,Pace,Dirt,1m,"$11,500",6,Sprocket,"Davis, Allan","Davis, Tyler",3/1,False,Harness,tvg,https://api.tvg.com/cosmo/v1/graphql,2026-05-12T00:16:57.855857,1.0.0,Sportswriter,Rocket Time,Pacific Rocket,11,G,"Denise Renee Davis,Smyrna,DE",0,3/2,2.5,4.0,HAR-8,2026-05-11T22:32:17Z,8
HAR,Harrington Raceway,2026-05-13,8,22:32,Pace 1m,Pace,Dirt,1m,"$11,500",7,Lous Sassin,"Foster, Russel","Foster, Arty I",20/1,False,Harness,tvg,https://api.tvg.com/cosmo/v1/graphql,2026-05-12T00:16:57.855864,1.0.0,Sweet Lou,Sassa Hanover,Rock N Roll Heaven,7,G,"Arty Foster Jr,Harrington,DE",0,65/1,66.0,21.0,HAR-8,2026-05-11T22:32:17Z,8
HAR,Harrington Raceway,2026-05-13,8,22:32,Pace 1m,Pace,Dirt,1m,"$11,500",8,Defiant Character,"Porter, Trae","Marsh, Jeffrey",20/1,False,Harness,tvg,https://api.tvg.com/cosmo/v1/graphql,2026-05-12T00:16:57.855872,1.0.0,Sweet Lou,Riley Character,Shady Character,4,G,"Calcutta Stable LLC,Rehoboth Beach,",0,52/1,53.0,21.0,HAR-8,2026-05-11T22:32:17Z,8
HAR,Harrington Raceway,2026-05-13,9,22:48,Pace 1m,Pace,Dirt,1m,"$10,000",1,Asteroid Ccl,"Morgan, Anthon","Marsh, Harry J",9/2,False,Harness,tvg,https://api.tvg.com/cosmo/v1/graphql,2026-05-12T00:16:57.855888,1.0.0,Sportswriter,Allamerican Laugh,Cam's Card Shark,5,G,"Harry P Marsh Jr,Ellendale,DE",0,4/1,5.0,5.5,HAR-9,2026-05-11T22:48:56Z,8
HAR,Harrington Raceway,2026-05-13,9,22:48,Pace 1m,Pace,Dirt,1m,"$10,000",2,Imahungrybaker,"Foster, Russel","Polk, George J",15/1,False,Harness,tvg,https://api.tvg.com/cosmo/v1/graphql,2026-05-12T00:16:57.855906,1.0.0,Stay Hungry,Michelle's Idea,Western Hanover,5,G,"George Polk Jr,Dover,DE",0,39/1,40.0,16.0,HAR-9,2026-05-11T22:48:56Z,8
HAR,Harrington Raceway,2026-05-13,9,22:48,Pace 1m,Pace,Dirt,1m,"$10,000",3,Clouseau,"Dalious, W Bar","Dalious, W Bar",12/1,False,Harness,tvg,https://api.tvg.com/cosmo/v1/graphql,2026-05-12T00:16:57.855912,1.0.0,Captaintreacherous,Mystery Game,Artistic Fella,3,G,"The Wiz Kids Stable LLC,Dover,DE",0,13/1,14.0,13.0,HAR-9,2026-05-11T22:48:56Z,8
HAR,Harrington Raceway,2026-05-13,9,22:48,Pace 1m,Pace,Dirt,1m,"$10,000",4,Commander Crunch,"Skinner, Ryder","Skinner, Jason",9/2,False,Harness,tvg,https://api.tvg.com/cosmo/v1/graphql,2026-05-12T00:16:57.855918,1.0.0,Captain Crunch,Go For Sand,Santanna Blue Chip,3,G,"Michael P Horn,Rehoboth Beach,DE;Ja",0,4/1,5.0,5.5,HAR-9,2026-05-11T22:48:56Z,8
HAR,Harrington Raceway,2026-05-13,9,22:48,Pace 1m,Pace,Dirt,1m,"$10,000",5,Good Lookin,"Givens, Brando","Bright, Willia",5/1,False,Harness,tvg,https://api.tvg.com/cosmo/v1/graphql,2026-05-12T00:16:57.855925,1.0.0,Papi Rob Hanover,Miss Babe Delight,Bettor's Delight,3,G,"William B Bright,Milford,DE;Dawn D",0,8/5,2.6,6.0,HAR-9,2026-05-11T22:48:56Z,8
HAR,Harrington Raceway,2026-05-13,9,22:48,Pace 1m,Pace,Dirt,1m,"$10,000",6,Prime Hanover,"Green, Jason","Ratledge, Nico",10/1,False,Harness,tvg,https://api.tvg.com/cosmo/v1/graphql,2026-05-12T00:16:57.855930,1.0.0,Captaintreacherous,Perfect Cents,Bettor's Delight,3,G,"Nicole B Ratledge,Clayton,DE",0,5/1,6.0,11.0,HAR-9,2026-05-11T22:48:56Z,8
HAR,Harrington Raceway,2026-05-13,9,22:48,Pace 1m,Pace,Dirt,1m,"$10,000",7,Ricky Hill,"Cole, Mike","Columbo, Josep",12/1,False,Harness,tvg,https://api.tvg.com/cosmo/v1/graphql,2026-05-12T00:16:57.855936,1.0.0,Always B Miki,Demi Hill,Captaintreacherous,4,G,"George& Tina Dennis Racing,Wyoming,",0,3/1,4.0,13.0,HAR-9,2026-05-11T22:48:56Z,8
HAR,Harrington Raceway,2026-05-13,9,22:48,Pace 1m,Pace,Dirt,1m,"$10,000",8,Cris P Bacon,"Stafford, Art",Johnson-Staffo,8/5,True,Harness,tvg,https://api.tvg.com/cosmo/v1/graphql,2026-05-12T00:16:57.855943,1.0.0,Tellitlikeitis,Martha Bigrig,Riggins,3,C,"Stacy P Johnson-Stafford,Felton,DE",0,8/5,2.6,2.6,HAR-9,2026-05-11T22:48:56Z,8
HAR,Harrington Raceway,2026-05-13,10,23:07,Pace 1m,Pace,Dirt,1m,"$9,500",1,Uncle Dd,"Givens, Brando","Bradley, Vince",5/2,False,Harness,tvg,https://api.tvg.com/cosmo/v1/graphql,2026-05-12T00:16:57.855956,1.0.0,Jk Endofanera,Hah Chachacha,Always A Virgin,6,G,"Vincent S Bradley,Laurel,DE",0,3/2,2.5,3.5,HAR-10,2026-05-11T23:07:52Z,8
HAR,Harrington Raceway,2026-05-13,10,23:07,Pace 1m,Pace,Dirt,1m,"$9,500",2,Blood Feud,"Davis, Allan","Davis, Tyler",5/2,False,Harness,tvg,https://api.tvg.com/cosmo/v1/graphql,2026-05-12T00:16:57.855963,1.0.0,Somebeachsomewhere,Blood Diamond,Western Ideal,8,G,"J& T Davis LLC,Smyrna,DE",0,5/2,3.5,3.5,HAR-10,2026-05-11T23:07:52Z,8
HAR,Harrington Raceway,2026-05-13,10,23:07,Pace 1m,Pace,Dirt,1m,"$9,500",3,Hurrikane Georgie,"Stafford, Art","Hanley, Erica",9/5,False,Harness,tvg,https://api.tvg.com/cosmo/v1/graphql,2026-05-12T00:16:57.855973,1.0.0,Roll With Joe,Ideal Tan,American Ideal,8,G,"Erica M Hanley,Felton,DE",0,2/1,3.0,2.8,HAR-10,2026-05-11T23:07:52Z,8
HAR,Harrington Raceway,2026-05-13,10,23:07,Pace 1m,Pace,Dirt,1m,"$9,500",4,Kerford Road A,"Horsey, Ceba","Horsey, Ceba",20/1,False,Harness,tvg,https://api.tvg.com/cosmo/v1/graphql,2026-05-12T00:16:57.855979,1.0.0,Somebeachsomewhere,Just Delight,Bettor's Delight,12,G,"Jaypaul R Hoover,Ephrata,PA",0,99/1,100.0,21.0,HAR-10,2026-05-11T23:07:52Z,8
HAR,Harrington Raceway,2026-05-13,10,23:07,Pace 1m,Pace,Dirt,1m,"$9,500",5,The Candyman Can,"Morgan, Anthon","Ewing, Gary",20/1,False,Harness,tvg,https://api.tvg.com/cosmo/v1/graphql,2026-05-12T00:16:57.855984,1.0.0,Rockin Image,Sweet Lady Jane,Somebeachsomewhere,9,G,"Gary E Ewing,Easton,MD",0,14/1,15.0,21.0,HAR-10,2026-05-11T23:07:52Z,8
HAR,Harrington Raceway,2026-05-13,10,23:07,Pace 1m,Pace,Dirt,1m,"$9,500",6,Topville Somrocket,"Beyer, Troy","Johnson, Jason",20/1,False,Harness,tvg,https://api.tvg.com/cosmo/v1/graphql,2026-05-12T00:16:57.856012,1.0.0,Rockin Image,Somewhere Fameous,Somebeachsomewhere,7,G,"Calcutta Stable LLC,Rehoboth Beach,",0,74/1,75.0,21.0,HAR-10,2026-05-11T23:07:52Z,8
HAR,Harrington Raceway,2026-05-13,10,23:07,Pace 1m,Pace,Dirt,1m,"$9,500",7,Ds Heartland,"Thompson, Jaso","Hundertpfund,",7/1,False,Harness,tvg,https://api.tvg.com/cosmo/v1/graphql,2026-05-12T00:16:57.856019,1.0.0,Badlands Hanover,Armbro Cashmere,Camluck,7,G,"Rodney M Long,Salisbury,MD",0,7/1,8.0,8.0,HAR-10,2026-05-11T23:07:52Z,8
HAR,Harrington Raceway,2026-05-13,10,23:07,Pace 1m,Pace,Dirt,1m,"$9,500",8,Under Contract,"Cole, Mike","Columbo, Josep",20/1,False,Harness,tvg,https://api.tvg.com/cosmo/v1/graphql,2026-05-12T00:16:57.856028,1.0.0,Art Major,New Hollywood,Cam's Card Shark,8,G,"George& Tina Dennis Racing,Wyoming,",0,99/1,100.0,21.0,HAR-10,2026-05-11T23:07:52Z,8
HAR,Harrington Raceway,2026-05-13,11,23:24,Pace 1m,Pace,Dirt,1m,"$12,500",1,Brookview Dice,"Thompson, Jaso","Kirby, Tom",5/1,False,Harness,tvg,https://api.tvg.com/cosmo/v1/graphql,2026-05-12T00:16:57.856060,1.0.0,Tellitlikeitis,Fashion Virtue,Western Hanover,6,G,"Karen Kirby,Milford,DE",0,15/1,16.0,6.0,HAR-11,2026-05-11T23:24:02Z,8
HAR,Harrington Raceway,2026-05-13,11,23:24,Pace 1m,Pace,Dirt,1m,"$12,500",2,Jersey Beach,"Rearic, David","Rearic, David",4/1,False,Harness,tvg,https://api.tvg.com/cosmo/v1/graphql,2026-05-12T00:16:57.856077,1.0.0,Lazarus N,Parlee Beach,Somebeachsomewhere,5,G,"David H Rearic,Federalsburg,MD",0,10/1,11.0,5.0,HAR-11,2026-05-11T23:24:02Z,8
HAR,Harrington Raceway,2026-05-13,11,23:24,Pace 1m,Pace,Dirt,1m,"$12,500",3,Salazar Hanover,"Givens, Brando","Givens, Les",3/1,False,Harness,tvg,https://api.tvg.com/cosmo/v1/graphql,2026-05-12T00:16:57.856084,1.0.0,Papi Rob Hanover,Spells Well,Well Said,4,G,"Nanticoke Rcg Inc,Seaford,DE;H J Fa",0,7/2,4.5,4.0,HAR-11,2026-05-11T23:24:02Z,8
HAR,Harrington Raceway,2026-05-13,11,23:24,Pace 1m,Pace,Dirt,1m,"$12,500",4,Hotchkiss,"Stafford, Art","Stafford, Andr",7/5,False,Harness,tvg,https://api.tvg.com/cosmo/v1/graphql,2026-05-12T00:16:57.856091,1.0.0,Papi Rob Hanover,Delizabeth,Bettor's Delight,4,G,"Andrew J Stafford,Harrington,DE;Tho",0,1/5,1.2,2.4,HAR-11,2026-05-11T23:24:02Z,8
HAR,Harrington Raceway,2026-05-13,11,23:24,Pace 1m,Pace,Dirt,1m,"$12,500",5,Up To Mama,"Davis, Allan","Dennis, Darryl",20/1,False,Harness,tvg,https://api.tvg.com/cosmo/v1/graphql,2026-05-12T00:16:57.856102,1.0.0,Lather Up,Bad Mama,Badlands Nitro,4,H,"Donnie L & Nancy E Drewer,Salisbury",0,51/1,52.0,21.0,HAR-11,2026-05-11T23:24:02Z,8
HAR,Harrington Raceway,2026-05-13,11,23:24,Pace 1m,Pace,Dirt,1m,"$12,500",6,Cavalli Island,"Wolfenden, Ros","Wolfenden, Ros",20/1,False,Harness,tvg,https://api.tvg.com/cosmo/v1/graphql,2026-05-12T00:16:57.856109,1.0.0,Badlands Hanover,Keystone Rhythm,Camotion,5,G,"Ross T Wolfenden,Felton,DE",0,61/1,62.0,21.0,HAR-11,2026-05-11T23:24:02Z,8
HAR,Harrington Raceway,2026-05-13,11,23:24,Pace 1m,Pace,Dirt,1m,"$12,500",7,Don't Say Maybe,"Porter, Trae","Truitt, Bryan",20/1,False,Harness,tvg,https://api.tvg.com/cosmo/v1/graphql,2026-05-12T00:16:57.856116,1.0.0,Rusty's For Real,Sarcastic Bluechip,American Ideal,4,G,"Bryan J Truitt,Selbyville,DE",0,59/1,60.0,21.0,HAR-11,2026-05-11T23:24:02Z,8
HAR,Harrington Raceway,2026-05-13,11,23:24,Pace 1m,Pace,Dirt,1m,"$12,500",8,Southwind Iron,"Green, Jason","Sullivan, Jami",20/1,False,Harness,tvg,https://api.tvg.com/cosmo/v1/graphql,2026-05-12T00:16:57.856134,1.0.0,American Ideal,Southwind Inertia,Captaintreacherous,3,G,"Frank E Chick,Harrington,DE",0,23/1,24.0,21.0,HAR-11,2026-05-11T23:24:02Z,8
HAR,Harrington Raceway,2026-05-13,12,23:40,Pace 1m,Pace,Dirt,1m,"$14,500",1,Southwind Pharoah,"Cole, Mike","Columbo, Josep",10/1,False,Harness,tvg,https://api.tvg.com/cosmo/v1/graphql,2026-05-12T00:16:57.856151,1.0.0,Bettor's Delight,Southwind Paris,Sportswriter,7,G,"George& Tina Dennis Racing,Wyoming,",0,7/2,4.5,11.0,HAR-12,2026-05-11T23:40:31Z,8
HAR,Harrington Raceway,2026-05-13,12,23:40,Pace 1m,Pace,Dirt,1m,"$14,500",2,Art Scaping,"Thompson, Jaso","Hundertpfund,",5/1,False,Harness,tvg,https://api.tvg.com/cosmo/v1/graphql,2026-05-12T00:16:57.856157,1.0.0,American Ideal,Abrokenart Hanover,Artiscape,8,G,"Rodney M Long,Salisbury,MD",0,4/1,5.0,6.0,HAR-12,2026-05-11T23:40:31Z,8
HAR,Harrington Raceway,2026-05-13,12,23:40,Pace 1m,Pace,Dirt,1m,"$14,500",3,Iwannabewithyou,"Stafford, Art","Crissman, Chuc",9/5,False,Harness,tvg,https://api.tvg.com/cosmo/v1/graphql,2026-05-12T00:16:57.856163,1.0.0,Luck Be Withyou,Bo Tox Hanover,Dragon Again,7,G,"Wade V Wyatt,Dover,DE",0,9/5,2.8,2.8,HAR-12,2026-05-11T23:40:31Z,8
HAR,Harrington Raceway,2026-05-13,12,23:40,Pace 1m,Pace,Dirt,1m,"$14,500",4,Primary Colors,"Teague, Montre","Gara, Molly",6/1,False,Harness,tvg,https://api.tvg.com/cosmo/v1/graphql,2026-05-12T00:16:57.856176,1.0.0,Jk Endofanera,Color's A Virgin,Always A Virgin,8,H,"Scott Sullivan,Fort Myers,FL;James",0,13/1,14.0,7.0,HAR-12,2026-05-11T23:40:31Z,8
HAR,Harrington Raceway,2026-05-13,12,23:40,Pace 1m,Pace,Dirt,1m,"$14,500",5,Top Genius,"Wolfenden, Ros","Dixon, John",20/1,False,Harness,tvg,https://api.tvg.com/cosmo/v1/graphql,2026-05-12T00:16:57.856182,1.0.0,American Ideal,Above Average,Art Major,7,G,"Sean M Dixon,Mardela Springs,MD",0,7/1,8.0,21.0,HAR-12,2026-05-11T23:40:31Z,8
HAR,Harrington Raceway,2026-05-13,12,23:40,Pace 1m,Pace,Dirt,1m,"$14,500",6,On The Cards N,"Foster, Russel","Reynolds, Will",20/1,False,Harness,tvg,https://api.tvg.com/cosmo/v1/graphql,2026-05-12T00:16:57.856197,1.0.0,Bettor's Delight,Funontherun,In The Pocket,11,G,"Mark R Howard,Federalsburg,MD",0,44/1,45.0,21.0,HAR-12,2026-05-11T23:40:31Z,8
HAR,Harrington Raceway,2026-05-13,12,23:40,Pace 1m,Pace,Dirt,1m,"$14,500",7,Forward Look,"Davis, Allan","Davis, Brendan",9/2,False,Harness,tvg,https://api.tvg.com/cosmo/v1/graphql,2026-05-12T00:16:57.856204,1.0.0,Huntsville,Hannah Isabel,Bettor's Delight,6,G,"Moni Talks LLC,Smyrna,DE",0,9/2,5.5,5.5,HAR-12,2026-05-11T23:40:31Z,8
HAR,Harrington Raceway,2026-05-13,12,23:40,Pace 1m,Pace,Dirt,1m,"$14,500",8,Stunners Wish,"Morgan, Anthon","Crissman, Tim",5/1,False,Harness,tvg,https://api.tvg.com/cosmo/v1/graphql,2026-05-12T00:16:57.856209,1.0.0,Rusty's For Real,Quick Step,Bettor's Delight,8,G,"Crissman Inc,Dover,DE",0,10/1,11.0,6.0,HAR-12,2026-05-11T23:40:31Z,8
HAR,Harrington Raceway,2026-05-13,13,23:56,Pace 1m,Pace,Dirt,1m,"$8,000",1,Think Big,"Cole, Mike","Short, Robert",20/1,False,Harness,tvg,https://api.tvg.com/cosmo/v1/graphql,2026-05-12T00:16:57.856227,1.0.0,American Ideal,In Deep Thought,Ponder,5,G,"Robert Franklin & Laurie Short,Laur",0,67/1,68.0,21.0,HAR-13,2026-05-11T23:56:00Z,8
HAR,Harrington Raceway,2026-05-13,13,23:56,Pace 1m,Pace,Dirt,1m,"$8,000",2,Ragnar,"Morgan, Anthon","Murray, Brando",6/1,False,Harness,tvg,https://api.tvg.com/cosmo/v1/graphql,2026-05-12T00:16:57.856233,1.0.0,A Rocknroll Dance,Southern Viking,Matt's Scooter,6,G,"Wanda J Murray,Millsboro,DE",0,8/5,2.6,7.0,HAR-13,2026-05-11T23:56:00Z,8
HAR,Harrington Raceway,2026-05-13,13,23:56,Pace 1m,Pace,Dirt,1m,"$8,000",3,Arette,"Davis, Allan","King, Jim Jr",2/1,False,Harness,tvg,https://api.tvg.com/cosmo/v1/graphql,2026-05-12T00:16:57.856245,1.0.0,Badlands Hanover,Bottle Of Red,Heston Blue Chip,3,G,"Jeffrey L Marsh Jr,Lewes,DE",0,2/1,3.0,3.0,HAR-13,2026-05-11T23:56:00Z,8
HAR,Harrington Raceway,2026-05-13,13,23:56,Pace 1m,Pace,Dirt,1m,"$8,000",4,K D's Song,"Teague, Montre","Francis, Clyde",8/5,False,Harness,tvg,https://api.tvg.com/cosmo/v1/graphql,2026-05-12T00:16:57.856250,1.0.0,Delmarvalous,Katias Song,Dream Away,3,G,"Brenda Teague Inc,Houston,DE",0,2/1,3.0,2.6,HAR-13,2026-05-11T23:56:00Z,8
HAR,Harrington Raceway,2026-05-13,13,23:56,Pace 1m,Pace,Dirt,1m,"$8,000",5,Roman Raider,"Dalious, Barto","Givens, Wayne",9/2,False,Harness,tvg,https://api.tvg.com/cosmo/v1/graphql,2026-05-12T00:16:57.856255,1.0.0,Sports Column,Pillage,Royal Mattjesty,3,G,"Legacy Racing Of De Inc,Seaford,DE;",0,8/1,9.0,5.5,HAR-13,2026-05-11T23:56:00Z,8
HAR,Harrington Raceway,2026-05-13,13,23:56,Pace 1m,Pace,Dirt,1m,"$8,000",6,Sweetnfast,"Beyer, Troy","Johnson, Jason",20/1,False,Harness,tvg,https://api.tvg.com/cosmo/v1/graphql,2026-05-12T00:16:57.856269,1.0.0,Sweet Lou,Lindwood Beachgirl,Somebeachsomewhere,3,C,"Jason L Johnson Inc,Dover,DE",0,17/1,18.0,21.0,HAR-13,2026-05-11T23:56:00Z,8
HAR,Harrington Raceway,2026-05-13,13,23:56,Pace 1m,Pace,Dirt,1m,"$8,000",7,Fastest Road,"Stafford, Art","Jarman, Roy",20/1,False,Harness,tvg,https://api.tvg.com/cosmo/v1/graphql,2026-05-12T00:16:57.856275,1.0.0,Well Said,Yellow Brick Road,Camluck,4,G,"Joyce L Edwards,Marydel,DE",0,93/1,94.0,21.0,HAR-13,2026-05-11T23:56:00Z,8
HAR,Harrington Raceway,2026-05-13,13,23:56,Pace 1m,Pace,Dirt,1m,"$8,000",8,Speaksoftlytome,"Foster, Russel","Hundertpfund,",15/1,False,Harness,tvg,https://api.tvg.com/cosmo/v1/graphql,2026-05-12T00:16:57.856281,1.0.0,Sunfire Blue Chip,Aims Whisper,Bettor's Delight,3,G,"Richard A Ashley,Felton,DE;Theresa",0,55/1,56.0,16.0,HAR-13,2026-05-11T23:56:00Z,8
HAR,Harrington Raceway,2026-05-13,14,00:11,Pace 1m,Pace,Dirt,1m,"$11,000",1,Master Rigger,"Dalious, Barto","Dalious, W Bar",7/2,False,Harness,tvg,https://api.tvg.com/cosmo/v1/graphql,2026-05-12T00:16:57.856295,1.0.0,American Ideal,Icapella Hanover,Somebeachsomewhere,7,G,"The Wiz Kids Stable LLC,Dover,DE",0,3/5,1.6,4.5,HAR-14,2026-05-12T00:11:16Z,8
HAR,Harrington Raceway,2026-05-13,14,00:11,Pace 1m,Pace,Dirt,1m,"$11,000",2,Ats Hanover,"Thompson, Jaso","Hundertpfund,",5/1,False,Harness,tvg,https://api.tvg.com/cosmo/v1/graphql,2026-05-12T00:16:57.856303,1.0.0,Bettor's Delight,Always True,Western Hanover,7,G,"Richard A Ashley,Felton,DE;Theresa",0,16/1,17.0,6.0,HAR-14,2026-05-12T00:11:16Z,8
HAR,Harrington Raceway,2026-05-13,14,00:11,Pace 1m,Pace,Dirt,1m,"$11,000",3,Proper One,"Poliseno, Cody","Poliseno, Carl",15/1,False,Harness,tvg,https://api.tvg.com/cosmo/v1/graphql,2026-05-12T00:16:57.856309,1.0.0,Proper Respect,Jk Glory Days,Bettor's Delight,12,G,"Louis W Tomczak Jr,Dover,DE",0,45/1,46.0,16.0,HAR-14,2026-05-12T00:11:16Z,8
HAR,Harrington Raceway,2026-05-13,14,00:11,Pace 1m,Pace,Dirt,1m,"$11,000",4,Tyson Hanover,"Foster, Russel","Reynolds, Will",5/1,False,Harness,tvg,https://api.tvg.com/cosmo/v1/graphql,2026-05-12T00:16:57.856314,1.0.0,Stay Hungry,Take That Hanover,Well Said,5,G,"Mark R Howard,Federalsburg,MD",0,18/1,19.0,6.0,HAR-14,2026-05-12T00:11:16Z,8
HAR,Harrington Raceway,2026-05-13,14,00:11,Pace 1m,Pace,Dirt,1m,"$11,000",5,Saulsbrook Genesis,"Callahan, Core","Johnson, Jason",5/1,False,Harness,tvg,https://api.tvg.com/cosmo/v1/graphql,2026-05-12T00:16:57.856319,1.0.0,Sunshine Beach,Southwind Oasis,Sportswriter,8,G,"N Callahan,Grnwd,DE;Yorwollahan Rcg",0,7/1,8.0,6.0,HAR-14,2026-05-12T00:11:16Z,8
HAR,Harrington Raceway,2026-05-13,14,00:11,Pace 1m,Pace,Dirt,1m,"$11,000",6,Back Pocket Miki,"Cole, Mike","Columbo, Josep",20/1,False,Harness,tvg,https://api.tvg.com/cosmo/v1/graphql,2026-05-12T00:16:57.856326,1.0.0,Always B Miki,Lady In Pink,Rock N Roll Heaven,6,G,"George& Tina Dennis Racing,Wyoming,",0,33/1,34.0,21.0,HAR-14,2026-05-12T00:11:16Z,8
HAR,Harrington Raceway,2026-05-13,14,00:11,Pace 1m,Pace,Dirt,1m,"$11,000",7,Joker On Jack,"Davis, Allan","Ell, Eric",4/1,False,Harness,tvg,https://api.tvg.com/cosmo/v1/graphql,2026-05-12T00:16:57.856331,1.0.0,Bettor's Delight,Jk Molly,Art Major,6,G,"W Kenneth Wood,Denton,MD;W J Dittma",0,3/1,4.0,5.0,HAR-14,2026-05-12T00:11:16Z,8
HAR,Harrington Raceway,2026-05-13,14,00:11,Pace 1m,Pace,Dirt,1m,"$11,000",8,Rocknroll Lou,"Morgan, Anthon","Glassmeyer, A",9/2,False,Harness,tvg,https://api.tvg.com/cosmo/v1/graphql,2026-05-12T00:16:57.856346,1.0.0,Sweet Lou,Beautiful Lady,Rocknroll Hanover,5,G,"Andrew R Glassmeyer,Dover,DE",0,9/1,10.0,5.5,HAR-14,2026-05-12T00:11:16Z,8
HAR,Harrington Raceway,2026-05-13,15,00:20,Pace 1m,Pace,Dirt,1m,"$8,500",1,Sir Charles Of Sky,"Beyer, Troy","Johnson, Jason",5/1,False,Harness,tvg,https://api.tvg.com/cosmo/v1/graphql,2026-05-12T00:16:57.856365,1.0.0,Charley Barley,Skyway Hanover,Western Ideal,8,G,"Calcutta Stable LLC,Rehoboth Beach,",0,12/1,13.0,6.0,HAR-15,2026-05-12T00:20:11Z,8
HAR,Harrington Raceway,2026-05-13,15,00:20,Pace 1m,Pace,Dirt,1m,"$8,500",2,Live Love Lindy,"Lynch, A Toby","Lynch, A Toby",7/2,False,Harness,tvg,https://api.tvg.com/cosmo/v1/graphql,2026-05-12T00:16:57.856374,1.0.0,Captaintreacherous,Luck Be A Lindy,Bettor's Delight,6,G,"Alton E Lynch Jr Inc,Delmar,DE",0,7/2,4.5,4.5,HAR-15,2026-05-12T00:20:11Z,8
HAR,Harrington Raceway,2026-05-13,15,00:20,Pace 1m,Pace,Dirt,1m,"$8,500",3,Adam Twelve,"Callahan, Core","Callahan, Nich",2/1,False,Harness,tvg,https://api.tvg.com/cosmo/v1/graphql,2026-05-12T00:16:57.856380,1.0.0,Luck Be Withyou,Mandy's Mattjesty,His Mattjesty,6,G,"N I Callahan,Greenwood,DE;Yorwollah",0,11/1,12.0,3.0,HAR-15,2026-05-12T00:20:11Z,8
HAR,Harrington Raceway,2026-05-13,15,00:20,Pace 1m,Pace,Dirt,1m,"$8,500",4,Balder Son,"Cole, Mike","Columbo, Josep",4/1,False,Harness,tvg,https://api.tvg.com/cosmo/v1/graphql,2026-05-12T00:16:57.856385,1.0.0,Betterthancheddar,Epic,Jereme's Jet,10,G,"George& Tina Dennis Racing,Wyoming,",0,1/1,2.0,5.0,HAR-15,2026-05-12T00:20:11Z,8
HAR,Harrington Raceway,2026-05-13,15,00:20,Pace 1m,Pace,Dirt,1m,"$8,500",5,D Day Hill,"Davis, Allan","Marsh, Harry J",20/1,False,Harness,tvg,https://api.tvg.com/cosmo/v1/graphql,2026-05-12T00:16:57.856390,1.0.0,Somebeachsomewhere,Beyonce Blue Chip,Art Major,10,H,"Janet Rae & Joseph J Kansak,Ocean V",0,8/1,9.0,21.0,HAR-15,2026-05-12T00:20:11Z,8
HAR,Harrington Raceway,2026-05-13,15,00:20,Pace 1m,Pace,Dirt,1m,"$8,500",6,Brazen Brazilian,"Foster, Russel","Kimelman, Mich",6/1,False,Harness,tvg,https://api.tvg.com/cosmo/v1/graphql,2026-05-12T00:16:57.856396,1.0.0,Thinking Out Loud,Brazilian,Rock N Roll Heaven,9,G,"Michael P & Sara J Kimelman,Marydel",0,7/2,4.5,7.0,HAR-15,2026-05-12T00:20:11Z,8
HAR,Harrington Raceway,2026-05-13,15,00:20,Pace 1m,Pace,Dirt,1m,"$8,500",7,Girldad,"Thompson, Jaso","Cook, S. Dale",20/1,False,Harness,tvg,https://api.tvg.com/cosmo/v1/graphql,2026-05-12T00:16:57.856404,1.0.0,Sweet Lou,Krispy Apple,Western Ideal,6,G,"Drive On Racing LLC,Hartly,DE",0,18/1,19.0,21.0,HAR-15,2026-05-12T00:20:11Z,8
HAR,Harrington Raceway,2026-05-13,15,00:20,Pace 1m,Pace,Dirt,1m,"$8,500",8,Double Metal,"Poliseno, Cody","Poliseno, Carl",20/1,False,Harness,tvg,https://api.tvg.com/cosmo/v1/graphql,2026-05-12T00:16:57.856409,1.0.0,Betting Line,Double Creme,Albert Albert,8,G,"Carlo J Poliseno,Dover,DE;Todd A Bu",0,99/1,100.0,21.0,HAR-15,2026-05-12T00:20:11Z,8
LRX,BR - Gavea (simulcast),2026-05-13,10,21:38,Allowance 1600mtr,Allowance,Turf,1600mtr,"$5,770",1,Winehouse (Brz),Anthony Cardos,Breno Piovesan,10/1,False,Thoroughbred,tvg,https://api.tvg.com/cosmo/v1/graphql,2026-05-12T00:16:57.869607,1.0.0,Courtier,Bernaise (Brz),,5,G,Stud Rain San,123,14/1,15.0,11.0,LRX-10,2026-05-11T21:38:50Z,7
LRX,BR - Gavea (simulcast),2026-05-13,10,21:38,Allowance 1600mtr,Allowance,Turf,1600mtr,"$5,770",2,Mountain Bike (Brz),Valdinei Gil,Flavio Assis,2/1,False,Thoroughbred,tvg,https://api.tvg.com/cosmo/v1/graphql,2026-05-12T00:16:57.869643,1.0.0,Put It Back,Escaramuza (Brz),,6,M,Haras Legacy,126,7/2,4.5,3.0,LRX-10,2026-05-11T21:38:50Z,7
LRX,BR - Gavea (simulcast),2026-05-13,10,21:38,Allowance 1600mtr,Allowance,Turf,1600mtr,"$5,770",3,Not To Worry (Brz),Vagner Borges,Christiano Oli,3/5,False,Thoroughbred,tvg,https://api.tvg.com/cosmo/v1/graphql,2026-05-12T00:16:57.869661,1.0.0,Put It Back,Escaramuza (Brz),,5,M,Haras Santa Maria De Araras,126,3/5,1.6,1.6,LRX-10,2026-05-11T21:38:50Z,7
LRX,BR - Gavea (simulcast),2026-05-13,10,21:38,Allowance 1600mtr,Allowance,Turf,1600mtr,"$5,770",4,Noli Cry (Brz),Edson Fernando,Jairo Borges,20/1,False,Thoroughbred,tvg,https://api.tvg.com/cosmo/v1/graphql,2026-05-12T00:16:57.869679,1.0.0,Rally Cry,Polite Society (Ire),,6,M,Stud Tieppo Borges,126,21/1,22.0,21.0,LRX-10,2026-05-11T21:38:50Z,7
LRX,BR - Gavea (simulcast),2026-05-13,10,21:38,Allowance 1600mtr,Allowance,Turf,1600mtr,"$5,770",5,Ustaritz (Brz),Joao Brasil,Flavio Assis,5/1,False,Thoroughbred,tvg,https://api.tvg.com/cosmo/v1/graphql,2026-05-12T00:16:57.869693,1.0.0,Salto (Ire),Emancipada (Brz),,5,H,Plinio Jose Franca De Oliveira,123,7/2,4.5,6.0,LRX-10,2026-05-11T21:38:50Z,7
LRX,BR - Gavea (simulcast),2026-05-13,10,21:38,Allowance 1600mtr,Allowance,Turf,1600mtr,"$5,770",6,German Glory (Brz),Henderson Fern,Roberto Da Sil,10/1,False,Thoroughbred,tvg,https://api.tvg.com/cosmo/v1/graphql,2026-05-12T00:16:57.869708,1.0.0,Holding Glory (Brz,Jeannings (Brz),,6,M,Stud Jose Luiz Menino,126,8/1,9.0,11.0,LRX-10,2026-05-11T21:38:50Z,7
LRX,BR - Gavea (simulcast),2026-05-13,10,21:38,Allowance 1600mtr,Allowance,Turf,1600mtr,"$5,770",7,Gate Three (Brz),Scratched,Luiz Filho,99/1,True,Thoroughbred,tvg,https://api.tvg.com/cosmo/v1/graphql,2026-05-12T00:16:57.869723,1.0.0,Camelot Kitten,Gardner (Brz),,5,M,Luiz Henrique Flores Dos Santos,119,99/1,100.0,100.0,LRX-10,2026-05-11T21:38:50Z,7
LRX,BR - Gavea (simulcast),2026-05-13,11,22:13,Allowance 1900mtr,Allowance,Dirt,1900mtr,"$6,839",1,Time Is Now (Brz),Joao Brasil,Dulcino Guigno,4/5,False,Thoroughbred,tvg,https://api.tvg.com/cosmo/v1/graphql,2026-05-12T00:16:57.869768,1.0.0,Sangarius (Gb),Winner Friend,,4,C,Haras Legacy,123,3/5,1.6,1.8,LRX-11,2026-05-11T22:13:42Z,8
LRX,BR - Gavea (simulcast),2026-05-13,11,22:13,Allowance 1900mtr,Allowance,Dirt,1900mtr,"$6,839",2,Top Winner (Brz),Henderson Fern,Dulcino Guigno,15/1,True,Thoroughbred,tvg,https://api.tvg.com/cosmo/v1/graphql,2026-05-12T00:16:57.869823,1.0.0,Can The Man,Lady Marilan (Brz),,4,C,Haras Legacy,123,15/1,16.0,16.0,LRX-11,2026-05-11T22:13:42Z,8
LRX,BR - Gavea (simulcast),2026-05-13,11,22:13,Allowance 1900mtr,Allowance,Dirt,1900mtr,"$6,839",3,Valparaiso (Brz),Vagner Borges,Alessandro Dam,1/1,False,Thoroughbred,tvg,https://api.tvg.com/cosmo/v1/graphql,2026-05-12T00:16:57.869888,1.0.0,Ay Caramba (Brz),Ninny Baby (Brz),,5,H,Stud Blue Mountain,126,5/2,3.5,2.0,LRX-11,2026-05-11T22:13:42Z,8
LRX,BR - Gavea (simulcast),2026-05-13,11,22:13,Allowance 1900mtr,Allowance,Dirt,1900mtr,"$6,839",4,Contessa (Brz),Viitorio Vinyc,Jose De Olivei,50/1,False,Thoroughbred,tvg,https://api.tvg.com/cosmo/v1/graphql,2026-05-12T00:16:57.869898,1.0.0,Courtier,Una Vita (Brz),,5,M,Stud Sinara,115,17/1,18.0,51.0,LRX-11,2026-05-11T22:13:42Z,8
LRX,BR - Gavea (simulcast),2026-05-13,11,22:13,Allowance 1900mtr,Allowance,Dirt,1900mtr,"$6,839",5,Tunga (Brz),Matheus Aguiar,Alan Marcelo G,50/1,False,Thoroughbred,tvg,https://api.tvg.com/cosmo/v1/graphql,2026-05-12T00:16:57.869905,1.0.0,Alpha,Hed Kandi (Brz),,4,C,Maria Valdirene M.Do Nascimento,117,25/1,26.0,51.0,LRX-11,2026-05-11T22:13:42Z,8
LRX,BR - Gavea (simulcast),2026-05-13,11,22:13,Allowance 1900mtr,Allowance,Dirt,1900mtr,"$6,839",6,A Reason To Live (Brz),Roberto Melo,Jaime Barreto,50/1,True,Thoroughbred,tvg,https://api.tvg.com/cosmo/v1/graphql,2026-05-12T00:16:57.869911,1.0.0,Ay Caramba (Brz),Garconniere (Brz),,9,H,Kowalsky Stud,132,50/1,51.0,51.0,LRX-11,2026-05-11T22:13:42Z,8
LRX,BR - Gavea (simulcast),2026-05-13,11,22:13,Allowance 1900mtr,Allowance,Dirt,1900mtr,"$6,839",7,Ragnar Lodbrok (Brz),Joao Enick,Jaime Barreto,6/1,False,Thoroughbred,tvg,https://api.tvg.com/cosmo/v1/graphql,2026-05-12T00:16:57.869922,1.0.0,Ay Caramba (Brz),Ilha De Pascoa (Brz),,7,H,Coudelaria Atafona,119,5/1,6.0,7.0,LRX-11,2026-05-11T22:13:42Z,8
LRX,BR - Gavea (simulcast),2026-05-13,11,22:13,Allowance 1900mtr,Allowance,Dirt,1900mtr,"$6,839",8,Sonic Do Iguassu (Brz),Pedro Assis,Antonio Oldoni,10/1,False,Thoroughbred,tvg,https://api.tvg.com/cosmo/v1/graphql,2026-05-12T00:16:57.869928,1.0.0,Kentuckian,Redencao (Brz),,4,C,Haras Rio Iguassu,117,6/1,7.0,11.0,LRX-11,2026-05-11T22:13:42Z,8
LRX,BR - Gavea (simulcast),2026-05-13,12,22:42,Allowance 1300mtr,Allowance,Dirt,1300mtr,"$5,770",1,Noirien Blanc (Brz),Edson Fernando,Gilvanio Santo,20/1,False,Thoroughbred,tvg,https://api.tvg.com/cosmo/v1/graphql,2026-05-12T00:16:57.869962,1.0.0,Hofburg,Brandwine (Brz),,5,M,Stud El Albatroz,123,17/1,18.0,21.0,LRX-12,2026-05-11T22:42:09Z,7
LRX,BR - Gavea (simulcast),2026-05-13,12,22:42,Allowance 1300mtr,Allowance,Dirt,1300mtr,"$5,770",2,Pixdecem (Brz),Joao Brasil,Ildefonso De S,5/1,False,Thoroughbred,tvg,https://api.tvg.com/cosmo/v1/graphql,2026-05-12T00:16:57.869975,1.0.0,Huber (Brz),Jafool (Ire),,5,H,Stud Luis Lima,128,6/1,7.0,6.0,LRX-12,2026-05-11T22:42:09Z,7
LRX,BR - Gavea (simulcast),2026-05-13,12,22:42,Allowance 1300mtr,Allowance,Dirt,1300mtr,"$5,770",3,Rainha Da Sucata (Brz),Pedro Assis,Leopoldo Cury,12/1,False,Thoroughbred,tvg,https://api.tvg.com/cosmo/v1/graphql,2026-05-12T00:16:57.870108,1.0.0,War Secretary,Kelly Key (Brz),,6,M,Leopoldo Jose Cury,123,18/1,19.0,13.0,LRX-12,2026-05-11T22:42:09Z,7
LRX,BR - Gavea (simulcast),2026-05-13,12,22:42,Allowance 1300mtr,Allowance,Dirt,1300mtr,"$5,770",4,Laugh Forever (Brz),Viitorio Vinyc,Ildefonso De S,10/1,False,Thoroughbred,tvg,https://api.tvg.com/cosmo/v1/graphql,2026-05-12T00:16:57.870116,1.0.0,Emcee,Ereaserhead (Brz),,7,M,Antonio Carlos Louvain Correa,117,8/1,9.0,11.0,LRX-12,2026-05-11T22:42:09Z,7
LRX,BR - Gavea (simulcast),2026-05-13,12,22:42,Allowance 1300mtr,Allowance,Dirt,1300mtr,"$5,770",5,Mark Rohtko (Brz),Matheus Aguiar,Jose Antonio L,4/1,False,Thoroughbred,tvg,https://api.tvg.com/cosmo/v1/graphql,2026-05-12T00:16:57.870123,1.0.0,Catch A Flight (Ar,Caritzia (Brz),,6,H,Stud Golden Horses,121,9/1,10.0,5.0,LRX-12,2026-05-11T22:42:09Z,7
LRX,BR - Gavea (simulcast),2026-05-13,12,22:42,Allowance 1300mtr,Allowance,Dirt,1300mtr,"$5,770",6,Indian-Vip (Brz),Valdinei Gil,Dilson Antunes,3/1,False,Thoroughbred,tvg,https://api.tvg.com/cosmo/v1/graphql,2026-05-12T00:16:57.870131,1.0.0,War Secretary,Indy-Office (Brz),,6,H,Cristiano Martins,128,6/1,7.0,4.0,LRX-12,2026-05-11T22:42:09Z,7
LRX,BR - Gavea (simulcast),2026-05-13,12,22:42,Allowance 1300mtr,Allowance,Dirt,1300mtr,"$5,770",7,Kaiaki D'anafer (Brz),Vagner Borges,Antonio Oldoni,4/5,False,Thoroughbred,tvg,https://api.tvg.com/cosmo/v1/graphql,2026-05-12T00:16:57.870140,1.0.0,Iguassu Star (Brz),Pascal Beauty (Brz),,5,H,Haras Rio Iguassu,128,1/2,1.5,1.8,LRX-12,2026-05-11T22:42:09Z,7
LRX,BR - Gavea (simulcast),2026-05-13,13,23:08,Allowance 1500mtr,Allowance,Turf,1500mtr,"$6,839",1,Toda Chic (Brz),Pedro Assis,Jairo Borges,5/2,False,Thoroughbred,tvg,https://api.tvg.com/cosmo/v1/graphql,2026-05-12T00:16:57.870165,1.0.0,Victory Is Ours (B,Established (Brz),,4,F,Stud Tieppo Borges,126,5/2,3.5,3.5,LRX-13,2026-05-11T23:08:27Z,8
LRX,BR - Gavea (simulcast),2026-05-13,13,23:08,Allowance 1500mtr,Allowance,Turf,1500mtr,"$6,839",2,Tulinha (Brz),Francisco Chav,Jaime Barreto,15/1,False,Thoroughbred,tvg,https://api.tvg.com/cosmo/v1/graphql,2026-05-12T00:16:57.870174,1.0.0,Goldikovic (Ire),Docura,,4,F,Stud Printemps,126,20/1,21.0,16.0,LRX-13,2026-05-11T23:08:27Z,8
LRX,BR - Gavea (simulcast),2026-05-13,13,23:08,Allowance 1500mtr,Allowance,Turf,1500mtr,"$6,839",3,Zahrina (Brz),Joao Brasil,Lucio De Vaz,5/2,False,Thoroughbred,tvg,https://api.tvg.com/cosmo/v1/graphql,2026-05-12T00:16:57.870181,1.0.0,Rally Cry,Vidya (Brz),,4,F,Haras Moema,126,7/2,4.5,3.5,LRX-13,2026-05-11T23:08:27Z,8
LRX,BR - Gavea (simulcast),2026-05-13,13,23:08,Allowance 1500mtr,Allowance,Turf,1500mtr,"$6,839",4,Once Maybe (Brz),Vagner Borges,Lucas Quintana,5/1,True,Thoroughbred,tvg,https://api.tvg.com/cosmo/v1/graphql,2026-05-12T00:16:57.870189,1.0.0,Drosselmeyer,Future Queen (Brz),,4,F,Haras Santa Maria De Araras,126,5/1,6.0,6.0,LRX-13,2026-05-11T23:08:27Z,8
LRX,BR - Gavea (simulcast),2026-05-13,13,23:08,Allowance 1500mtr,Allowance,Turf,1500mtr,"$6,839",5,Oh Well (Brz),Wesley Cardoso,Roberto Morgad,6/1,False,Thoroughbred,tvg,https://api.tvg.com/cosmo/v1/graphql,2026-05-12T00:16:57.870196,1.0.0,Put It Back,All Is Well (Brz),,4,F,Stud Eterno Amor,126,8/1,9.0,7.0,LRX-13,2026-05-11T23:08:27Z,8
LRX,BR - Gavea (simulcast),2026-05-13,13,23:08,Allowance 1500mtr,Allowance,Turf,1500mtr,"$6,839",6,Orange Et Bleu (Brz),Henderson Fern,Fabricio Borge,12/1,False,Thoroughbred,tvg,https://api.tvg.com/cosmo/v1/graphql,2026-05-12T00:16:57.870204,1.0.0,Sangarius (Gb),La Madrague (Brz),,4,F,Syndicate Brasil,126,8/1,9.0,13.0,LRX-13,2026-05-11T23:08:27Z,8
LRX,BR - Gavea (simulcast),2026-05-13,13,23:08,Allowance 1500mtr,Allowance,Turf,1500mtr,"$6,839",7,Sofia Sol (Brz),Anthony Cardos,Julio Cezar Sa,3/1,False,Thoroughbred,tvg,https://api.tvg.com/cosmo/v1/graphql,2026-05-12T00:16:57.870213,1.0.0,Setembro Chove (Br,High Moon (Brz),,4,F,Stud Sol De Agosto,126,6/5,2.2,4.0,LRX-13,2026-05-11T23:08:27Z,8
LRX,BR - Gavea (simulcast),2026-05-13,13,23:08,Allowance 1500mtr,Allowance,Turf,1500mtr,"$6,839",8,Pilavas (Brz),Valdinei Gil,Breno Piovesan,30/1,False,Thoroughbred,tvg,https://api.tvg.com/cosmo/v1/graphql,2026-05-12T00:16:57.870220,1.0.0,E Do Sul (Brz),Few Good (Brz),,4,F,Stud Rain San,126,19/1,20.0,31.0,LRX-13,2026-05-11T23:08:27Z,8
LRX,BR - Gavea (simulcast),2026-05-13,14,23:36,Maiden Special 1300mtr,Maiden Special,Turf,1300mtr,"$6,839",1,Of The Wind (Brz),Pedro Assis,Roberto Da Sil,50/1,False,Thoroughbred,tvg,https://api.tvg.com/cosmo/v1/graphql,2026-05-12T00:16:57.870238,1.0.0,Vontade De Matar (,Hagen Daas (Brz),,4,F,Haras Depigua,121,25/1,26.0,51.0,LRX-14,2026-05-11T23:36:30Z,9
LRX,BR - Gavea (simulcast),2026-05-13,14,23:36,Maiden Special 1300mtr,Maiden Special,Turf,1300mtr,"$6,839",2,Imperador Do Tempo (Brz),Antonio Queiro,Allan Hollanda,18/1,False,Thoroughbred,tvg,https://api.tvg.com/cosmo/v1/graphql,2026-05-12T00:16:57.870245,1.0.0,Camelot Kitten,Imperatriz Agnes (Brz),,4,C,Allan Viana Correa De Hollanda,126,5/1,6.0,19.0,LRX-14,2026-05-11T23:36:30Z,9
LRX,BR - Gavea (simulcast),2026-05-13,14,23:36,Maiden Special 1300mtr,Maiden Special,Turf,1300mtr,"$6,839",3,Xavier (Brz),Maikon Mesquit,Leonardo Dos R,20/1,False,Thoroughbred,tvg,https://api.tvg.com/cosmo/v1/graphql,2026-05-12T00:16:57.870252,1.0.0,Joe Owen (Brz),Viva Carina (Brz),,4,G,Haras Salamandra,126,17/1,18.0,21.0,LRX-14,2026-05-11T23:36:30Z,9
LRX,BR - Gavea (simulcast),2026-05-13,14,23:36,Maiden Special 1300mtr,Maiden Special,Turf,1300mtr,"$6,839",4,Amizade Sincera (Brz),Scratched,Jorge Alexandr,20/1,True,Thoroughbred,tvg,https://api.tvg.com/cosmo/v1/graphql,2026-05-12T00:16:57.870259,1.0.0,Outstrip (Gb),Helvetia (Brz),,4,F,Haras Proposito,121,20/1,21.0,21.0,LRX-14,2026-05-11T23:36:30Z,9
LRX,BR - Gavea (simulcast),2026-05-13,14,23:36,Maiden Special 1300mtr,Maiden Special,Turf,1300mtr,"$6,839",5,Zhaar (Brz),Wesley Cardoso,Lucio De Vaz,4/5,False,Thoroughbred,tvg,https://api.tvg.com/cosmo/v1/graphql,2026-05-12T00:16:57.870265,1.0.0,Emcee,I Scream (Brz),,4,C,Haras Doce Vale,126,1/1,2.0,1.8,LRX-14,2026-05-11T23:36:30Z,9
LRX,BR - Gavea (simulcast),2026-05-13,14,23:36,Maiden Special 1300mtr,Maiden Special,Turf,1300mtr,"$6,839",6,Orlando Magic (Brz),Vagner Borges,Manoel De Paul,15/1,False,Thoroughbred,tvg,https://api.tvg.com/cosmo/v1/graphql,2026-05-12T00:16:57.870272,1.0.0,Sangarius (Gb),Vitoriosa Heights (Brz),,4,C,Stud Ad Victoriam,126,17/1,18.0,16.0,LRX-14,2026-05-11T23:36:30Z,9
LRX,BR - Gavea (simulcast),2026-05-13,14,23:36,Maiden Special 1300mtr,Maiden Special,Turf,1300mtr,"$6,839",7,Tesla Do Iguassu (Brz),Joao Brasil,Antonio Oldoni,1/1,False,Thoroughbred,tvg,https://api.tvg.com/cosmo/v1/graphql,2026-05-12T00:16:57.870279,1.0.0,Synchrony,Chickabunny,,3,C,Haras Rio Iguassu,126,3/1,4.0,2.0,LRX-14,2026-05-11T23:36:30Z,9
LRX,BR - Gavea (simulcast),2026-05-13,14,23:36,Maiden Special 1300mtr,Maiden Special,Turf,1300mtr,"$6,839",8,Numbat (Brz),Henderson Fern,Leonardo Dos R,10/1,False,Thoroughbred,tvg,https://api.tvg.com/cosmo/v1/graphql,2026-05-12T00:16:57.870285,1.0.0,Verrazano,Mint Drops (Arg),,4,C,Stud Embalagem,126,9/1,10.0,11.0,LRX-14,2026-05-11T23:36:30Z,9
LRX,BR - Gavea (simulcast),2026-05-13,14,23:36,Maiden Special 1300mtr,Maiden Special,Turf,1300mtr,"$6,839",9,Estoril (Brz),Adilton Da Sil,Victor Gomes,8/1,False,Thoroughbred,tvg,https://api.tvg.com/cosmo/v1/graphql,2026-05-12T00:16:57.870293,1.0.0,Outstrip (Gb),Pommery (Brz),,4,G,Stud Turf Paixao,126,6/1,7.0,9.0,LRX-14,2026-05-11T23:36:30Z,9
LRX,BR - Gavea (simulcast),2026-05-13,15,00:07,Claiming 1000mtr,Claiming,Turf,1000mtr,"$3,932",1,Nada Me Aborrece (Brz),Waldomiro Blan,Lucas Quintana,20/1,False,Thoroughbred,tvg,https://api.tvg.com/cosmo/v1/graphql,2026-05-12T00:16:57.870304,1.0.0,Tiger Heart,Northern Town (Brz),,4,C,Stud Pinheiros Do Sul,126,17/1,18.0,21.0,LRX-15,2026-05-12T00:07:07Z,9
LRX,BR - Gavea (simulcast),2026-05-13,15,00:07,Claiming 1000mtr,Claiming,Turf,1000mtr,"$3,932",2,Sonho Bom (Brz),Henderson Fern,Victor Gomes,6/1,False,Thoroughbred,tvg,https://api.tvg.com/cosmo/v1/graphql,2026-05-12T00:16:57.870313,1.0.0,Can The Man,Irma Lua (Brz),,5,H,Stud Seralucia,128,4/1,5.0,7.0,LRX-15,2026-05-12T00:07:07Z,9
LRX,BR - Gavea (simulcast),2026-05-13,15,00:07,Claiming 1000mtr,Claiming,Turf,1000mtr,"$3,932",3,Jeito Certo (Brz),Matheus Aguiar,Alvaro Castill,30/1,False,Thoroughbred,tvg,https://api.tvg.com/cosmo/v1/graphql,2026-05-12T00:16:57.870320,1.0.0,Unbridled Star (Ar,Vestida (Brz),,5,H,Coudelaria Beaga,119,36/1,37.0,31.0,LRX-15,2026-05-12T00:07:07Z,9
LRX,BR - Gavea (simulcast),2026-05-13,15,00:07,Claiming 1000mtr,Claiming,Turf,1000mtr,"$3,932",4,Veep (Brz),Eduardo Nunes,Flavio Assis,2/1,False,Thoroughbred,tvg,https://api.tvg.com/cosmo/v1/graphql,2026-05-12T00:16:57.870326,1.0.0,Verrazano,Kissingafool (Brz),,5,H,Stud Tigrao,128,3/1,4.0,3.0,LRX-15,2026-05-12T00:07:07Z,9
LRX,BR - Gavea (simulcast),2026-05-13,15,00:07,Claiming 1000mtr,Claiming,Turf,1000mtr,"$3,932",5,Opostosseatraem (Brz),Vagner Borges,Flavio Assis,2/1,False,Thoroughbred,tvg,https://api.tvg.com/cosmo/v1/graphql,2026-05-12T00:16:57.870332,1.0.0,Put It Back,Double Care (Brz),,4,C,Fernando Antonio Fontes Monteiro,117,2/1,3.0,3.0,LRX-15,2026-05-12T00:07:07Z,9
LRX,BR - Gavea (simulcast),2026-05-13,15,00:07,Claiming 1000mtr,Claiming,Turf,1000mtr,"$3,932",6,Off Piste (Brz),Jorge Ricardo,Daniel Lopes,15/1,False,Thoroughbred,tvg,https://api.tvg.com/cosmo/v1/graphql,2026-05-12T00:16:57.870339,1.0.0,Can The Man,Pergola (Brz),,5,H,Jair Barbosa Dos Santos,128,32/1,33.0,16.0,LRX-15,2026-05-12T00:07:07Z,9
LRX,BR - Gavea (simulcast),2026-05-13,15,00:07,Claiming 1000mtr,Claiming,Turf,1000mtr,"$3,932",7,Paramount (Brz),Francisco Chav,Lenio Vieira,20/1,False,Thoroughbred,tvg,https://api.tvg.com/cosmo/v1/graphql,2026-05-12T00:16:57.870347,1.0.0,Bush Gardens (Brz),Deusa Do Jaguarete (Brz),,5,H,Stud Slingerz Racing,126,12/1,13.0,21.0,LRX-15,2026-05-12T00:07:07Z,9
LRX,BR - Gavea (simulcast),2026-05-13,15,00:07,Claiming 1000mtr,Claiming,Turf,1000mtr,"$3,932",8,Post Heart (Brz),Joao Brasil,Jose Rodrigues,2/1,False,Thoroughbred,tvg,https://api.tvg.com/cosmo/v1/graphql,2026-05-12T00:16:57.870353,1.0.0,Tiger Heart,Empress Sofia (Brz),,5,H,Stud Senhor Moreno,128,5/2,3.5,3.0,LRX-15,2026-05-12T00:07:07Z,9
LRX,BR - Gavea (simulcast),2026-05-13,15,00:07,Claiming 1000mtr,Claiming,Turf,1000mtr,"$3,932",9,Nikoon (Brz),Pedro Assis,Gilvanio Santo,18/1,False,Thoroughbred,tvg,https://api.tvg.com/cosmo/v1/graphql,2026-05-12T00:16:57.870360,1.0.0,Silent Times (Ire),Donna Marcia (Brz),,4,C,Stud Embalagem,126,19/1,20.0,19.0,LRX-15,2026-05-12T00:07:07Z,9
LRX,BR - Gavea (simulcast),2026-05-13,16,00:30,Maiden Special 1200mtr,Maiden Special,Dirt,1200mtr,"$6,839",1,Key Right (Brz),Anthony Cardos,Alvaro Castill,20/1,False,Thoroughbred,tvg,https://api.tvg.com/cosmo/v1/graphql,2026-05-12T00:16:57.870376,1.0.0,Thalasso (Brz),Waffer (Brz),,4,C,Stud Sol De Agosto,126,20/1,21.0,21.0,LRX-16,2026-05-12T00:30:00Z,10
LRX,BR - Gavea (simulcast),2026-05-13,16,00:30,Maiden Special 1200mtr,Maiden Special,Dirt,1200mtr,"$6,839",2,Bastogne (Brz),Henderson Fern,Alan Marcelo G,5/1,False,Thoroughbred,tvg,https://api.tvg.com/cosmo/v1/graphql,2026-05-12T00:16:57.870383,1.0.0,Goldikovic (Ire),Poderosa Nativa (Brz),,4,F,Maria Valdirene M.Do Nascimento,121,5/1,6.0,6.0,LRX-16,2026-05-12T00:30:00Z,10
LRX,BR - Gavea (simulcast),2026-05-13,16,00:30,Maiden Special 1200mtr,Maiden Special,Dirt,1200mtr,"$6,839",3,Dona Del Tiempo (Brz),Viitorio Vinyc,Jairo Borges,15/1,False,Thoroughbred,tvg,https://api.tvg.com/cosmo/v1/graphql,2026-05-12T00:16:57.870389,1.0.0,Rally Cry,Forest Quest (Brz),,4,F,Stud Sabia,121,15/1,16.0,16.0,LRX-16,2026-05-12T00:30:00Z,10
LRX,BR - Gavea (simulcast),2026-05-13,16,00:30,Maiden Special 1200mtr,Maiden Special,Dirt,1200mtr,"$6,839",4,Guacho Bryan (Brz),Francisco Chav,Flavio Guedes,5/1,False,Thoroughbred,tvg,https://api.tvg.com/cosmo/v1/graphql,2026-05-12T00:16:57.870395,1.0.0,Wired Bryan,Heart Of Victory (Brz),,4,C,Haras Mersen,126,5/1,6.0,6.0,LRX-16,2026-05-12T00:30:00Z,10
LRX,BR - Gavea (simulcast),2026-05-13,16,00:30,Maiden Special 1200mtr,Maiden Special,Dirt,1200mtr,"$6,839",5,Queen Of Ibiza (Brz),Vagner Borges,Roberto Morgad,8/1,False,Thoroughbred,tvg,https://api.tvg.com/cosmo/v1/graphql,2026-05-12T00:16:57.870401,1.0.0,Courtier,Olympic Ibiza (Brz),,4,F,Stud Piccollino,121,8/1,9.0,9.0,LRX-16,2026-05-12T00:30:00Z,10
LRX,BR - Gavea (simulcast),2026-05-13,16,00:30,Maiden Special 1200mtr,Maiden Special,Dirt,1200mtr,"$6,839",6,Hora Da Vitoria (Brz),Joao Brasil,Dilson Antunes,2/1,False,Thoroughbred,tvg,https://api.tvg.com/cosmo/v1/graphql,2026-05-12T00:16:57.870407,1.0.0,Zur Blade (Brz),Ynflacion Spring (Brz),,4,C,Cristiano Martins,126,2/1,3.0,3.0,LRX-16,2026-05-12T00:30:00Z,10
LRX,BR - Gavea (simulcast),2026-05-13,16,00:30,Maiden Special 1200mtr,Maiden Special,Dirt,1200mtr,"$6,839",7,Rivello (Brz),Jorge Ricardo,Carlos Rodrigu,30/1,False,Thoroughbred,tvg,https://api.tvg.com/cosmo/v1/graphql,2026-05-12T00:16:57.870412,1.0.0,Goldikovic (Ire),Datolita (Brz),,4,C,Stud Aguias Do Sul,126,30/1,31.0,31.0,LRX-16,2026-05-12T00:30:00Z,10
LRX,BR - Gavea (simulcast),2026-05-13,16,00:30,Maiden Special 1200mtr,Maiden Special,Dirt,1200mtr,"$6,839",8,Tesla Do Iguassu (Brz),Scratched,Antonio Oldoni,1/1,True,Thoroughbred,tvg,https://api.tvg.com/cosmo/v1/graphql,2026-05-12T00:16:57.870418,1.0.0,Synchrony,Chickabunny,,3,C,Haras Rio Iguassu,126,1/1,2.0,2.0,LRX-16,2026-05-12T00:30:00Z,10
LRX,BR - Gavea (simulcast),2026-05-13,16,00:30,Maiden Special 1200mtr,Maiden Special,Dirt,1200mtr,"$6,839",9,Top Of The Hill (Brz),Matheus Aguiar,Alvaro Castill,20/1,False,Thoroughbred,tvg,https://api.tvg.com/cosmo/v1/graphql,2026-05-12T00:16:57.870428,1.0.0,Victory Is Ours (B,View To A Kill (Brz),,4,F,Jockey Club De Minas Gerais,121,20/1,21.0,21.0,LRX-16,2026-05-12T00:30:00Z,10
LRX,BR - Gavea (simulcast),2026-05-13,16,00:30,Maiden Special 1200mtr,Maiden Special,Dirt,1200mtr,"$6,839",10,Villerville (Brz),Pedro Assis,Manoel De Paul,20/1,False,Thoroughbred,tvg,https://api.tvg.com/cosmo/v1/graphql,2026-05-12T00:16:57.870433,1.0.0,Alpha,Honfleur (Brz),,4,F,Stud Suellen Gloria,121,20/1,21.0,21.0,LRX-16,2026-05-12T00:30:00Z,10
LRX,BR - Gavea (simulcast),2026-05-13,17,01:00,Allowance 1000mtr,Allowance,Turf,1000mtr,"$5,770",1,Scarface (Brz),Wesley Cardoso,Edson Ricardo,2/1,False,Thoroughbred,tvg,https://api.tvg.com/cosmo/v1/graphql,2026-05-12T00:16:57.870450,1.0.0,Universal Law (Brz,Namoradinha (Brz),,5,H,Stud Galope,128,2/1,3.0,3.0,LRX-17,2026-05-12T01:00:00Z,12
LRX,BR - Gavea (simulcast),2026-05-13,17,01:00,Allowance 1000mtr,Allowance,Turf,1000mtr,"$5,770",2,Palmar Point (Brz),Joao Brasil,Ivan Jeronimo,12/1,False,Thoroughbred,tvg,https://api.tvg.com/cosmo/v1/graphql,2026-05-12T00:16:57.870455,1.0.0,Gibraltar Point (B,Duvide Nunca (Brz),,5,H,Haras Rio Pardo,128,12/1,13.0,13.0,LRX-17,2026-05-12T01:00:00Z,12
LRX,BR - Gavea (simulcast),2026-05-13,17,01:00,Allowance 1000mtr,Allowance,Turf,1000mtr,"$5,770",3,El Cielo Zip (Brz),Pedro Assis,Oberdan Pereir,4/1,False,Thoroughbred,tvg,https://api.tvg.com/cosmo/v1/graphql,2026-05-12T00:16:57.870461,1.0.0,Oliver Zip,Aquidauana (Brz),,5,H,Stud Baldissera,128,4/1,5.0,5.0,LRX-17,2026-05-12T01:00:00Z,12
LRX,BR - Gavea (simulcast),2026-05-13,17,01:00,Allowance 1000mtr,Allowance,Turf,1000mtr,"$5,770",4,Midnight Heart (Brz),Adilton Da Sil,Victor Gomes,12/1,True,Thoroughbred,tvg,https://api.tvg.com/cosmo/v1/graphql,2026-05-12T00:16:57.870466,1.0.0,Tiger Heart,La Mensageira (Brz),,5,H,Rafaela Brandao Melo Gomes,128,12/1,13.0,13.0,LRX-17,2026-05-12T01:00:00Z,12
LRX,BR - Gavea (simulcast),2026-05-13,17,01:00,Allowance 1000mtr,Allowance,Turf,1000mtr,"$5,770",5,Fast Volk (Brz),Angelo De Souz,Jose Rodrigues,8/1,False,Thoroughbred,tvg,https://api.tvg.com/cosmo/v1/graphql,2026-05-12T00:16:57.870472,1.0.0,Gibraltar Point (B,Fifi Queen (Brz),,6,H,Stud Invencibile,128,8/1,9.0,9.0,LRX-17,2026-05-12T01:00:00Z,12
LRX,BR - Gavea (simulcast),2026-05-13,17,01:00,Allowance 1000mtr,Allowance,Turf,1000mtr,"$5,770",6,Enough Fast (Brz),Jorge Ricardo,Edson Ferreira,6/1,False,Thoroughbred,tvg,https://api.tvg.com/cosmo/v1/graphql,2026-05-12T00:16:57.870477,1.0.0,Sum Of The Parts,Katuska (Brz),,5,H,Stud Byllyons Off The Hills,128,6/1,7.0,7.0,LRX-17,2026-05-12T01:00:00Z,12
LRX,BR - Gavea (simulcast),2026-05-13,17,01:00,Allowance 1000mtr,Allowance,Turf,1000mtr,"$5,770",7,Lets Make A Deal (Brz),Joao Enick,Gesuisinho Alm,10/1,True,Thoroughbred,tvg,https://api.tvg.com/cosmo/v1/graphql,2026-05-12T00:16:57.870482,1.0.0,Emcee,Jewelry (Brz),,7,M,Carlos Martins Soares,117,10/1,11.0,11.0,LRX-17,2026-05-12T01:00:00Z,12
LRX,BR - Gavea (simulcast),2026-05-13,17,01:00,Allowance 1000mtr,Allowance,Turf,1000mtr,"$5,770",8,New Galileo (Brz),Anthony Cardos,Mauricio Chave,10/1,False,Thoroughbred,tvg,https://api.tvg.com/cosmo/v1/graphql,2026-05-12T00:16:57.870490,1.0.0,Momento De Alegria,Southern Blues (Ire),,7,H,Stud Gata Da Serra,121,10/1,11.0,11.0,LRX-17,2026-05-12T01:00:00Z,12
LRX,BR - Gavea (simulcast),2026-05-13,17,01:00,Allowance 1000mtr,Allowance,Turf,1000mtr,"$5,770",9,Ybitu (Brz),Edson Fernando,Jose Reis,30/1,False,Thoroughbred,tvg,https://api.tvg.com/cosmo/v1/graphql,2026-05-12T00:16:57.870498,1.0.0,Courtier,Iced Whisky (Brz),,5,M,Haras Estancia Santa Fe,123,30/1,31.0,31.0,LRX-17,2026-05-12T01:00:00Z,12
LRX,BR - Gavea (simulcast),2026-05-13,17,01:00,Allowance 1000mtr,Allowance,Turf,1000mtr,"$5,770",10,King George (Brz),Matheus Aguiar,Edson Dos Reis,15/1,False,Thoroughbred,tvg,https://api.tvg.com/cosmo/v1/graphql,2026-05-12T00:16:57.870504,1.0.0,Super Jules (Brz),Konigen (Brz),,10,H,Coudelaria Mont Blanc 2009,121,15/1,16.0,16.0,LRX-17,2026-05-12T01:00:00Z,12
LRX,BR - Gavea (simulcast),2026-05-13,17,01:00,Allowance 1000mtr,Allowance,Turf,1000mtr,"$5,770",11,Ta Fora (Brz),Henderson Fern,Valter Lopes,7/1,False,Thoroughbred,tvg,https://api.tvg.com/cosmo/v1/graphql,2026-05-12T00:16:57.870509,1.0.0,Taludo (Brz),Sai Fora (Brz),,8,H,Ricardo Correa,128,7/1,8.0,8.0,LRX-17,2026-05-12T01:00:00Z,12
LRX,BR - Gavea (simulcast),2026-05-13,17,01:00,Allowance 1000mtr,Allowance,Turf,1000mtr,"$5,770",12,Moncho (Brz),Roberto Melo,Daniel Peres,8/1,False,Thoroughbred,tvg,https://api.tvg.com/cosmo/v1/graphql,2026-05-12T00:16:57.870515,1.0.0,Wired Bryan,Forest Queen (Brz),,6,H,Helio Santos Da Frota,128,8/1,9.0,9.0,LRX-17,2026-05-12T01:00:00Z,12
MNR,Mountaineer,2026-05-13,1,23:04,Maiden Claiming 6f,Maiden Claiming,Dirt,6f,"$10,000",1,National Punchline,Gomez Alejandro,Jensen Justin P,20/1,False,Thoroughbred,tvg,https://api.tvg.com/cosmo/v1/graphql,2026-05-12T00:16:57.878238,1.0.0,National Flag,Punchline Story,Two Punch,4,G,Justin Jensen,119,25/1,26.0,21.0,MNR-1,2026-05-11T23:04:58Z,7
MNR,Mountaineer,2026-05-13,1,23:04,Maiden Claiming 6f,Maiden Claiming,Dirt,6f,"$10,000",2,R Elliot,Weatherly Bailey,Shafer Gabe,7/2,False,Thoroughbred,tvg,https://api.tvg.com/cosmo/v1/graphql,2026-05-12T00:16:57.878254,1.0.0,Brody's Cause,R City Girl,Temple City,4,G,Gabe Shafer,119,26/1,27.0,4.5,MNR-1,2026-05-11T23:04:58Z,7
MNR,Mountaineer,2026-05-13,1,23:04,Maiden Claiming 6f,Maiden Claiming,Dirt,6f,"$10,000",3,Souper Justified,Ramgeet Andrew R,Ramgeet Tina,4/1,False,Thoroughbred,tvg,https://api.tvg.com/cosmo/v1/graphql,2026-05-12T00:16:57.878261,1.0.0,Justify,Beychevelle,War Front,5,G,"Team Ramgeet Racing Stable LLC, Rajhan Ramgeet",123,10/1,11.0,5.0,MNR-1,2026-05-11T23:04:58Z,7
MNR,Mountaineer,2026-05-13,1,23:04,Maiden Claiming 6f,Maiden Claiming,Dirt,6f,"$10,000",4,Semper Anticus,Barrios Ricardo,Ramgeet Tina,9/2,False,Thoroughbred,tvg,https://api.tvg.com/cosmo/v1/graphql,2026-05-12T00:16:57.878268,1.0.0,Liam's Map,Semper Sententiae,The Factor,5,G,"Team Ramgeet Racing Stable LLC, Rajhan Ramgeet",123,19/1,20.0,5.5,MNR-1,2026-05-11T23:04:58Z,7
MNR,Mountaineer,2026-05-13,1,23:04,Maiden Claiming 6f,Maiden Claiming,Dirt,6f,"$10,000",5,How About It,Tapara Luis,Bernardini Jay P,5/2,False,Thoroughbred,tvg,https://api.tvg.com/cosmo/v1/graphql,2026-05-12T00:16:57.878273,1.0.0,Noble Bird,Alotofappeal,Trippi,4,G,James Tunstall and Shirley Tunstall,119,1/9,1.11,3.5,MNR-1,2026-05-11T23:04:58Z,7
MNR,Mountaineer,2026-05-13,1,23:04,Maiden Claiming 6f,Maiden Claiming,Dirt,6f,"$10,000",6,Pop Neigh,Bracho Agustin,Vazquez Juan C,15/1,False,Thoroughbred,tvg,https://api.tvg.com/cosmo/v1/graphql,2026-05-12T00:16:57.878279,1.0.0,Audible,Justwalkonby,Giant's Causeway,4,G,Juan C. Vazquez,119,50/1,51.0,16.0,MNR-1,2026-05-11T23:04:58Z,7
MNR,Mountaineer,2026-05-13,1,23:04,Maiden Claiming 6f,Maiden Claiming,Dirt,6f,"$10,000",7,Finn D'oro,"Monserrate, Jr. Jorge A",Scallan Robert S,5/1,False,Thoroughbred,tvg,https://api.tvg.com/cosmo/v1/graphql,2026-05-12T00:16:57.878285,1.0.0,Bolt D'oro,Bay Finn,Harlan's Holiday,4,G,Donna J. Scallan and Robert S. Scallan,119,39/1,40.0,6.0,MNR-1,2026-05-11T23:04:58Z,7
MNR,Mountaineer,2026-05-13,2,23:30,Claiming 6f,Claiming,Dirt,6f,"$9,000",1,Kingdom's Spirit,Oliveros Charle,Cox L. C,12/1,False,Thoroughbred,tvg,https://api.tvg.com/cosmo/v1/graphql,2026-05-12T00:16:57.878305,1.0.0,Sky Kingdom,Nanette's Spirit,War Pass,8,M,Craig L Cox,120,15/1,16.0,13.0,MNR-2,2026-05-11T23:30:33Z,9
MNR,Mountaineer,2026-05-13,2,23:30,Claiming 6f,Claiming,Dirt,6f,"$9,000",2,Solo Surprise,"Monserrate, Jr. Jorge A",Stanoszek Sara,15/1,False,Thoroughbred,tvg,https://api.tvg.com/cosmo/v1/graphql,2026-05-12T00:16:57.878311,1.0.0,Solomini,Halo's Surprise,Halo's Image,4,F,Sara Stanoszek,120,58/1,59.0,16.0,MNR-2,2026-05-11T23:30:33Z,9
MNR,Mountaineer,2026-05-13,2,23:30,Claiming 6f,Claiming,Dirt,6f,"$9,000",3,Nun Gimel Hay Po,Yaranga Yuri,Fletcher Jeff,9/2,False,Thoroughbred,tvg,https://api.tvg.com/cosmo/v1/graphql,2026-05-12T00:16:57.878318,1.0.0,West Coast,Tablets Of Love,Liam's Map,5,M,Jeff Fletcher,120,5/2,3.5,5.5,MNR-2,2026-05-11T23:30:33Z,9
MNR,Mountaineer,2026-05-13,2,23:30,Claiming 6f,Claiming,Dirt,6f,"$9,000",4,Revocata,Gomez Alejandro,Gilbert Timothy A,8/1,False,Thoroughbred,tvg,https://api.tvg.com/cosmo/v1/graphql,2026-05-12T00:16:57.878329,1.0.0,Bee Jersey,Unchecked,Unbridled,4,F,Timothy A. Gilbert,123,8/1,9.0,9.0,MNR-2,2026-05-11T23:30:33Z,9
MNR,Mountaineer,2026-05-13,2,23:30,Claiming 6f,Claiming,Dirt,6f,"$9,000",5,Heavenly Lady,Pagan Michael Y,Scallan Robert S,20/1,False,Thoroughbred,tvg,https://api.tvg.com/cosmo/v1/graphql,2026-05-12T00:16:57.878335,1.0.0,Biblical,Dixie Sheikh,Dixie Union,5,M,Donna J. Scallan and Robert S. Scallan,115,67/1,68.0,21.0,MNR-2,2026-05-11T23:30:33Z,9
MNR,Mountaineer,2026-05-13,2,23:30,Claiming 6f,Claiming,Dirt,6f,"$9,000",6,My Angel Does,Hernandez Jairo H,Gomez Alejandro,10/1,False,Thoroughbred,tvg,https://api.tvg.com/cosmo/v1/graphql,2026-05-12T00:16:57.878341,1.0.0,Higher Power,True Love Is Yare,Unbridled's Song,4,F,Bethancourt Racing LLC (Luis Bethancourt),120,35/1,36.0,11.0,MNR-2,2026-05-11T23:30:33Z,9
MNR,Mountaineer,2026-05-13,2,23:30,Claiming 6f,Claiming,Dirt,6f,"$9,000",7,Siljim,Weatherly Bailey,Blankenship Donald T,5/2,False,Thoroughbred,tvg,https://api.tvg.com/cosmo/v1/graphql,2026-05-12T00:16:57.878347,1.0.0,World Of Trouble,Miss Curlin,Curlin,5,M,Marvin R. Austin,120,5/1,6.0,3.5,MNR-2,2026-05-11T23:30:33Z,9
MNR,Mountaineer,2026-05-13,2,23:30,Claiming 6f,Claiming,Dirt,6f,"$9,000",8,Bougie Like,Gonzalez Kevin,Brown John T,12/1,False,Thoroughbred,tvg,https://api.tvg.com/cosmo/v1/graphql,2026-05-12T00:16:57.878359,1.0.0,California Chrome,Miles Rules,Tribal Rule,6,M,Linda Brown,120,31/1,32.0,13.0,MNR-2,2026-05-11T23:30:33Z,9
MNR,Mountaineer,2026-05-13,2,23:30,Claiming 6f,Claiming,Dirt,6f,"$9,000",9,Cicatriz,Stokes Joe,Shanley Timothy,7/2,False,Thoroughbred,tvg,https://api.tvg.com/cosmo/v1/graphql,2026-05-12T00:16:57.878370,1.0.0,Bucchero,Beach Girl,Violence,4,F,Meagon Shanley,120,4/5,1.8,4.5,MNR-2,2026-05-11T23:30:33Z,9
MNR,Mountaineer,2026-05-13,3,00:00,Maiden Claiming 5.5f,Maiden Claiming,Dirt,5.5f,"$10,000",1,Impostora,Tapara Luis,Bernardini Jay P,12/1,False,Thoroughbred,tvg,https://api.tvg.com/cosmo/v1/graphql,2026-05-12T00:16:57.878383,1.0.0,Summer Front,Miss Laura Lou,Primary Suspect,3,F,Jay P Bernardini,119,5/1,6.0,13.0,MNR-3,2026-05-12T00:00:19Z,7
MNR,Mountaineer,2026-05-13,3,00:00,Maiden Claiming 5.5f,Maiden Claiming,Dirt,5.5f,"$10,000",2,She's A Rock,Yaranga Yuri,Stanoszek Sara,15/1,False,Thoroughbred,tvg,https://api.tvg.com/cosmo/v1/graphql,2026-05-12T00:16:57.878389,1.0.0,Rock Your World,Dancing Secretary,Perfect Soul (Ire),3,F,Sara Stanoszek,119,31/1,32.0,16.0,MNR-3,2026-05-12T00:00:19Z,7
MNR,Mountaineer,2026-05-13,3,00:00,Maiden Claiming 5.5f,Maiden Claiming,Dirt,5.5f,"$10,000",3,Catrina Zar,Garcia Francisco,Vazquez Juan C,5/1,False,Thoroughbred,tvg,https://api.tvg.com/cosmo/v1/graphql,2026-05-12T00:16:57.878395,1.0.0,Hoppertunity,Secret Zar,Tapizar,3,F,Perez Stables LLC (Juan C. Perez-Hernandez),119,26/1,27.0,6.0,MNR-3,2026-05-12T00:00:19Z,7
MNR,Mountaineer,2026-05-13,3,00:00,Maiden Claiming 5.5f,Maiden Claiming,Dirt,5.5f,"$10,000",4,Princess Azara,Whitacre Brandon,Bernardini Jay P,2/1,False,Thoroughbred,tvg,https://api.tvg.com/cosmo/v1/graphql,2026-05-12T00:16:57.878401,1.0.0,Central Banker,Impishness,Into Mischief,3,F,Sport of Kings Racing LLC,119,3/5,1.6,3.0,MNR-3,2026-05-12T00:00:19Z,7
MNR,Mountaineer,2026-05-13,3,00:00,Maiden Claiming 5.5f,Maiden Claiming,Dirt,5.5f,"$10,000",5,Jacarandosa,Pagan Michael Y,Gotera Juan C,8/1,True,Thoroughbred,tvg,https://api.tvg.com/cosmo/v1/graphql,2026-05-12T00:16:57.878409,1.0.0,Lexitonian,Electric Rose,Flashback,3,F,JCG Racing Stables Corp. (Juan Carlos Gotera),114,8/1,9.0,9.0,MNR-3,2026-05-12T00:00:19Z,7
MNR,Mountaineer,2026-05-13,3,00:00,Maiden Claiming 5.5f,Maiden Claiming,Dirt,5.5f,"$10,000",6,Gorda,Oliveros Charle,Inman Robert L,4/1,False,Thoroughbred,tvg,https://api.tvg.com/cosmo/v1/graphql,2026-05-12T00:16:57.878414,1.0.0,Dads Caps,Superhalf,A.P. Indy,3,F,Robert L. Inman,119,15/1,16.0,5.0,MNR-3,2026-05-12T00:00:19Z,7
MNR,Mountaineer,2026-05-13,3,00:00,Maiden Claiming 5.5f,Maiden Claiming,Dirt,5.5f,"$10,000",7,Silver Wishes,Negron Luis,Chapman James K,9/2,False,Thoroughbred,tvg,https://api.tvg.com/cosmo/v1/graphql,2026-05-12T00:16:57.878420,1.0.0,Silver State,Let Me Entertain U,Nobiz Like Shobiz,3,F,"S Tsujimoto, LLC (Stuart Tsujimoto) and James K. Chapman",119,2/1,3.0,5.5,MNR-3,2026-05-12T00:00:19Z,7
MNR,Mountaineer,2026-05-13,4,00:19,Claiming 8f,Claiming,Dirt,8f,"$9,000",1,Tiz Speedy,Bracho Agustin,Bernardini Jay P,6/1,True,Thoroughbred,tvg,https://api.tvg.com/cosmo/v1/graphql,2026-05-12T00:16:57.878431,1.0.0,Tiznow,Spanker,Cape Blanco (Ire),6,G,"Jay P. Bernardini, Richard Burnsworth and Kristina Buyea",123,6/1,7.0,7.0,MNR-4,2026-05-12T00:19:00Z,10
MNR,Mountaineer,2026-05-13,4,00:19,Claiming 8f,Claiming,Dirt,8f,"$9,000",2,Leo And Royal,Mera Julio C,Martinez Tomas,20/1,False,Thoroughbred,tvg,https://api.tvg.com/cosmo/v1/graphql,2026-05-12T00:16:57.878436,1.0.0,Alpha,Clean Jean,Ecton Park,6,R,Tomas Martinez,123,21/1,22.0,21.0,MNR-4,2026-05-12T00:19:00Z,10
MNR,Mountaineer,2026-05-13,4,00:19,Claiming 8f,Claiming,Dirt,8f,"$9,000",3,High Rolling Dude,Whitacre Brandon,Richison Crystal,5/1,False,Thoroughbred,tvg,https://api.tvg.com/cosmo/v1/graphql,2026-05-12T00:16:57.878455,1.0.0,Caleb's Posse,Strike Me Silly,Strike The Gold,10,G,Diane Brown,123,6/5,2.2,6.0,MNR-4,2026-05-12T00:19:00Z,10
MNR,Mountaineer,2026-05-13,4,00:19,Claiming 8f,Claiming,Dirt,8f,"$9,000",4,North Warden,Batista Luis A,Mathes Julie,8/1,False,Thoroughbred,tvg,https://api.tvg.com/cosmo/v1/graphql,2026-05-12T00:16:57.878460,1.0.0,Exaggerator,I'm The Reason,Bernardini,5,G,Bruno Schickedanz,123,4/1,5.0,9.0,MNR-4,2026-05-12T00:19:00Z,10
MNR,Mountaineer,2026-05-13,4,00:19,Claiming 8f,Claiming,Dirt,8f,"$9,000",5,Captain Creed,Negron Luis,Viands Gregory,12/1,False,Thoroughbred,tvg,https://api.tvg.com/cosmo/v1/graphql,2026-05-12T00:16:57.878466,1.0.0,Jimmy Creed,Torcida,Pleasant Tap,6,G,Ira Ashwal,123,7/1,8.0,13.0,MNR-4,2026-05-12T00:19:00Z,10
MNR,Mountaineer,2026-05-13,4,00:19,Claiming 8f,Claiming,Dirt,8f,"$9,000",6,Tapio,Stokes Joe,Viands Stacey R,20/1,True,Thoroughbred,tvg,https://api.tvg.com/cosmo/v1/graphql,2026-05-12T00:16:57.878474,1.0.0,Blame,Queens Plaza,Forestry,6,G,Melinda B. Golden,123,20/1,21.0,21.0,MNR-4,2026-05-12T00:19:00Z,10
MNR,Mountaineer,2026-05-13,4,00:19,Claiming 8f,Claiming,Dirt,8f,"$9,000",7,Zaddy,Gomez Alejandro,Lopez Carlos A,15/1,False,Thoroughbred,tvg,https://api.tvg.com/cosmo/v1/graphql,2026-05-12T00:16:57.878480,1.0.0,Neolithic,Simpatia,Rahy,4,G,Masters Stable LLC (Jose L. Garcia),123,19/1,20.0,16.0,MNR-4,2026-05-12T00:19:00Z,10
MNR,Mountaineer,2026-05-13,4,00:19,Claiming 8f,Claiming,Dirt,8f,"$9,000",8,Cavendish,Garcia Francisco,Richison Crystal,5/2,True,Thoroughbred,tvg,https://api.tvg.com/cosmo/v1/graphql,2026-05-12T00:16:57.878486,1.0.0,Flatter,Bennett Jean,Smart Strike,6,G,Larry R. Reed,123,5/2,3.5,3.5,MNR-4,2026-05-12T00:19:00Z,10
MNR,Mountaineer,2026-05-13,4,00:19,Claiming 8f,Claiming,Dirt,8f,"$9,000",9,Hard Astray,Yaranga Yuri,Fletcher Jeff,4/1,False,Thoroughbred,tvg,https://api.tvg.com/cosmo/v1/graphql,2026-05-12T00:16:57.878491,1.0.0,Gone Astray,From Top To Bottom,Hard Spun,9,G,Jeff Fletcher,123,2/1,3.0,5.0,MNR-4,2026-05-12T00:19:00Z,10
MNR,Mountaineer,2026-05-13,4,00:19,Claiming 8f,Claiming,Dirt,8f,"$9,000",10,Gambling Tzar,Gonzalez Kevin,Vazquez Juan C,10/1,False,Thoroughbred,tvg,https://api.tvg.com/cosmo/v1/graphql,2026-05-12T00:16:57.878497,1.0.0,Tapizar,Bet On Kitten,Kitten's Joy,7,G,Juan C. Vazquez,123,9/1,10.0,11.0,MNR-4,2026-05-12T00:19:00Z,10
MNR,Mountaineer,2026-05-13,5,00:40,Claiming 2f,Claiming,Dirt,2f,"$14,500",1,No Name Dude,Gomez Alejandro,Valdez Moises,15/1,True,Thoroughbred,tvg,https://api.tvg.com/cosmo/v1/graphql,2026-05-12T00:16:57.878509,1.0.0,The Big Beast,Wild Country Song,Songandaprayer,6,G,Juan Lopez,123,15/1,16.0,16.0,MNR-5,2026-05-12T00:40:00Z,9
MNR,Mountaineer,2026-05-13,5,00:40,Claiming 2f,Claiming,Dirt,2f,"$14,500",2,Where Ya At Vince,Batista Luis A,Joy Kevin J,3/1,True,Thoroughbred,tvg,https://api.tvg.com/cosmo/v1/graphql,2026-05-12T00:16:57.878514,1.0.0,Paynter,Hey Little Sister,Jump Start,5,G,"Pesaturo, Gus and Joy, Kevin J.",123,3/1,4.0,4.0,MNR-5,2026-05-12T00:40:00Z,9
MNR,Mountaineer,2026-05-13,5,00:40,Claiming 2f,Claiming,Dirt,2f,"$14,500",3,Bustin Loose,Pagan Michael Y,Bayley Randy,20/1,False,Thoroughbred,tvg,https://api.tvg.com/cosmo/v1/graphql,2026-05-12T00:16:57.878520,1.0.0,Kantharos,Bustin Out,Bustin Stones,7,G,Caleb Bayley,118,20/1,21.0,21.0,MNR-5,2026-05-12T00:40:00Z,9
MNR,Mountaineer,2026-05-13,5,00:40,Claiming 2f,Claiming,Dirt,2f,"$14,500",4,Cash Customer,Barrios Ricardo,Bird Danny R,5/2,False,Thoroughbred,tvg,https://api.tvg.com/cosmo/v1/graphql,2026-05-12T00:16:57.878525,1.0.0,Cinco Charlie,Cactus Cocktail,Cactus Ridge,7,G,Linda J. Carrera,123,5/2,3.5,3.5,MNR-5,2026-05-12T00:40:00Z,9
MNR,Mountaineer,2026-05-13,5,00:40,Claiming 2f,Claiming,Dirt,2f,"$14,500",5,Kool Kathmandu,Whitacre Brandon,Langley Wilson C,12/1,False,Thoroughbred,tvg,https://api.tvg.com/cosmo/v1/graphql,2026-05-12T00:16:57.878531,1.0.0,Frosted,Fat Kat,Weigelia,6,G,Wilson C. Langley,123,12/1,13.0,13.0,MNR-5,2026-05-12T00:40:00Z,9
MNR,Mountaineer,2026-05-13,5,00:40,Claiming 2f,Claiming,Dirt,2f,"$14,500",6,El Marro,Martinez Miguel L,Romero Jose A,20/1,False,Thoroughbred,tvg,https://api.tvg.com/cosmo/v1/graphql,2026-05-12T00:16:57.878536,1.0.0,Astrology,Clockwork Angel,Forest Camp,9,G,Elias Del Val,123,20/1,21.0,21.0,MNR-5,2026-05-12T00:40:00Z,9
MNR,Mountaineer,2026-05-13,5,00:40,Claiming 2f,Claiming,Dirt,2f,"$14,500",7,Emperorofthedark,Weatherly Bailey,Reffner Tara B,4/1,False,Thoroughbred,tvg,https://api.tvg.com/cosmo/v1/graphql,2026-05-12T00:16:57.878543,1.0.0,Conveyance,Kitty's Pearl,Bellamy Road,7,G,Tara B. Reffner,123,4/1,5.0,5.0,MNR-5,2026-05-12T00:40:00Z,9
MNR,Mountaineer,2026-05-13,5,00:40,Claiming 2f,Claiming,Dirt,2f,"$14,500",8,Miss Nuckols,Yaranga Yuri,"Godsey, Jr. Claudie M",7/2,False,Thoroughbred,tvg,https://api.tvg.com/cosmo/v1/graphql,2026-05-12T00:16:57.878549,1.0.0,Northern Afleet,Glory Chaser,Mr. Greeley,7,M,C. Marshall Godsey,118,7/2,4.5,4.5,MNR-5,2026-05-12T00:40:00Z,9
MNR,Mountaineer,2026-05-13,5,00:40,Claiming 2f,Claiming,Dirt,2f,"$14,500",9,El Cardinal,Greenidge Elijah,Poole Jami C,15/1,True,Thoroughbred,tvg,https://api.tvg.com/cosmo/v1/graphql,2026-05-12T00:16:57.878555,1.0.0,Noble Bird,Hometown Discount,Grand Reward,7,G,Hubel Farms LLC (E. J. Hubel),123,15/1,16.0,16.0,MNR-5,2026-05-12T00:40:00Z,9
MNR,Mountaineer,2026-05-13,6,01:05,Maiden Special Weight 6f,Maiden Special Weight,Dirt,6f,"$19,000",1,My Father's Son,Whitacre Brandon,Pickett Crystal G,15/1,True,Thoroughbred,tvg,https://api.tvg.com/cosmo/v1/graphql,2026-05-12T00:16:57.878566,1.0.0,Congrats,Let Me Be,Not For Love,4,G,Jill Daniel,123,15/1,16.0,16.0,MNR-6,2026-05-12T01:05:00Z,9
MNR,Mountaineer,2026-05-13,6,01:05,Maiden Special Weight 6f,Maiden Special Weight,Dirt,6f,"$19,000",2,Breadman'shoneybun,Oliveros Charle,Jackson Angelo G,20/1,True,Thoroughbred,tvg,https://api.tvg.com/cosmo/v1/graphql,2026-05-12T00:16:57.878573,1.0.0,Juba,Captain Molly,Lost Soldier,4,F,Gregory T. Martin,118,20/1,21.0,21.0,MNR-6,2026-05-12T01:05:00Z,9
MNR,Mountaineer,2026-05-13,6,01:05,Maiden Special Weight 6f,Maiden Special Weight,Dirt,6f,"$19,000",3,Junito's Boy,Diaz Renzo,Gray Christopher L,20/1,False,Thoroughbred,tvg,https://api.tvg.com/cosmo/v1/graphql,2026-05-12T00:16:57.878578,1.0.0,Aldrin,Spin Again,Hard Spun,4,C,Melissa R. Gray,123,20/1,21.0,21.0,MNR-6,2026-05-12T01:05:00Z,9
MNR,Mountaineer,2026-05-13,6,01:05,Maiden Special Weight 6f,Maiden Special Weight,Dirt,6f,"$19,000",4,Doom Loop,Garcia Francisco,Baird J. M,3/1,False,Thoroughbred,tvg,https://api.tvg.com/cosmo/v1/graphql,2026-05-12T00:16:57.878583,1.0.0,Cal Nation,Wells Notice,Notional,4,G,John W. Baird,123,3/1,4.0,4.0,MNR-6,2026-05-12T01:05:00Z,9
MNR,Mountaineer,2026-05-13,6,01:05,Maiden Special Weight 6f,Maiden Special Weight,Dirt,6f,"$19,000",5,Midnight Stroller,"Monserrate, Jr. Jorge A","Ewell, Sr. Devan",12/1,True,Thoroughbred,tvg,https://api.tvg.com/cosmo/v1/graphql,2026-05-12T00:16:57.878589,1.0.0,Exaggerator,Kindred Soul,Fed Biz,5,G,Samuel Blake,123,12/1,13.0,13.0,MNR-6,2026-05-12T01:05:00Z,9
MNR,Mountaineer,2026-05-13,6,01:05,Maiden Special Weight 6f,Maiden Special Weight,Dirt,6f,"$19,000",6,Red Cloud,Diaz Angel I,Baird J. M,2/1,False,Thoroughbred,tvg,https://api.tvg.com/cosmo/v1/graphql,2026-05-12T00:16:57.878594,1.0.0,Cal Nation,Delightful Magic,Mineshaft,4,F,Michael J. Baird,118,2/1,3.0,3.0,MNR-6,2026-05-12T01:05:00Z,9
MNR,Mountaineer,2026-05-13,6,01:05,Maiden Special Weight 6f,Maiden Special Weight,Dirt,6f,"$19,000",7,Eyesonthecandy,Stokes Joe,Jackson Angelo G,5/1,False,Thoroughbred,tvg,https://api.tvg.com/cosmo/v1/graphql,2026-05-12T00:16:57.878599,1.0.0,Candygram,Eaglet,Ghostzapper,4,F,Gregory T. Martin,118,5/1,6.0,6.0,MNR-6,2026-05-12T01:05:00Z,9
MNR,Mountaineer,2026-05-13,6,01:05,Maiden Special Weight 6f,Maiden Special Weight,Dirt,6f,"$19,000",8,The Groom's Jul,Bracho Agustin,"Ewell, Sr. Devan",12/1,False,Thoroughbred,tvg,https://api.tvg.com/cosmo/v1/graphql,2026-05-12T00:16:57.878605,1.0.0,The Lady's Groom,Shimmering Jul,Omega Code,5,G,Leon E. Ewell,123,12/1,13.0,13.0,MNR-6,2026-05-12T01:05:00Z,9
MNR,Mountaineer,2026-05-13,6,01:05,Maiden Special Weight 6f,Maiden Special Weight,Dirt,6f,"$19,000",9,Pay Da Baby,Barrios Ricardo,"Jones, Jr. Michael E",6/1,True,Thoroughbred,tvg,https://api.tvg.com/cosmo/v1/graphql,2026-05-12T00:16:57.878610,1.0.0,Bullsbay,Pepper Bay,Bop,3,G,"Michael E. Jones, Jr.",119,6/1,7.0,7.0,MNR-6,2026-05-12T01:05:00Z,9
MNR,Mountaineer,2026-05-13,7,01:30,Allowance 8f,Allowance,Dirt,8f,"$21,000",1,Z Dancer,Negron Luis,Vazquez Juan C,5/1,False,Thoroughbred,tvg,https://api.tvg.com/cosmo/v1/graphql,2026-05-12T00:16:57.878622,1.0.0,War Dancer,Starship Flare,Stevie Wonderboy,6,H,Devon R. Shaw,120,5/1,6.0,6.0,MNR-7,2026-05-12T01:30:00Z,7
MNR,Mountaineer,2026-05-13,7,01:30,Allowance 8f,Allowance,Dirt,8f,"$21,000",2,Afraidofthebunny,Pagan Michael Y,Bayley Randy,3/1,False,Thoroughbred,tvg,https://api.tvg.com/cosmo/v1/graphql,2026-05-12T00:16:57.878627,1.0.0,Distorted Humor,Minnelli,Unbridled's Song,6,G,Caleb Bayley,115,3/1,4.0,4.0,MNR-7,2026-05-12T01:30:00Z,7
MNR,Mountaineer,2026-05-13,7,01:30,Allowance 8f,Allowance,Dirt,8f,"$21,000",3,Stomping Moon,Bowen Rocco,Bernardini Jay P,2/1,False,Thoroughbred,tvg,https://api.tvg.com/cosmo/v1/graphql,2026-05-12T00:16:57.878633,1.0.0,Malibu Moon,Stomping,Dixieland Band,6,G,Angelo Pizzurro,120,2/1,3.0,3.0,MNR-7,2026-05-12T01:30:00Z,7
MNR,Mountaineer,2026-05-13,7,01:30,Allowance 8f,Allowance,Dirt,8f,"$21,000",4,Defiant Giant,Stokes Joe,Shanley Timothy,12/1,False,Thoroughbred,tvg,https://api.tvg.com/cosmo/v1/graphql,2026-05-12T00:16:57.878638,1.0.0,Lost Treasure (Ire),Dance With Giants,Giant's Causeway,5,H,Curtis Foster,120,12/1,13.0,13.0,MNR-7,2026-05-12T01:30:00Z,7
MNR,Mountaineer,2026-05-13,7,01:30,Allowance 8f,Allowance,Dirt,8f,"$21,000",5,Tap Em,Mera Julio C,Martinez Tomas,20/1,False,Thoroughbred,tvg,https://api.tvg.com/cosmo/v1/graphql,2026-05-12T00:16:57.878643,1.0.0,Tapiture,Lovely Em,Scat Daddy,7,G,From Owner To Trainer,120,20/1,21.0,21.0,MNR-7,2026-05-12T01:30:00Z,7
MNR,Mountaineer,2026-05-13,7,01:30,Allowance 8f,Allowance,Dirt,8f,"$21,000",6,Itsallaboutmebaby,Weatherly Bailey,Reed Eric R,6/1,True,Thoroughbred,tvg,https://api.tvg.com/cosmo/v1/graphql,2026-05-12T00:16:57.878648,1.0.0,Tapit,Subtlety (Arg),Easing Along,5,M,Jerry Jamgotchian,115,6/1,7.0,7.0,MNR-7,2026-05-12T01:30:00Z,7
MNR,Mountaineer,2026-05-13,7,01:30,Allowance 8f,Allowance,Dirt,8f,"$21,000",7,Mr Scatter,Barrios Ricardo,"Jones, Jr. Michael E",4/1,False,Thoroughbred,tvg,https://api.tvg.com/cosmo/v1/graphql,2026-05-12T00:16:57.878654,1.0.0,Goldencents,Allyallyincomefree,Unbridled's Song,5,G,Robert Proulx,120,4/1,5.0,5.0,MNR-7,2026-05-12T01:30:00Z,7
MNR,Mountaineer,2026-05-13,8,01:55,Claiming 5.5f,Claiming,Dirt,5.5f,"$7,000",1,Remys Gunsmoke,Yaranga Yuri,Shafer Gabe,10/1,False,Thoroughbred,tvg,https://api.tvg.com/cosmo/v1/graphql,2026-05-12T00:16:57.878666,1.0.0,Fiber Sonde,Remy Doodles,Grand Slam,7,G,Gabe Shafer,123,10/1,11.0,11.0,MNR-8,2026-05-12T01:55:00Z,11
MNR,Mountaineer,2026-05-13,8,01:55,Claiming 5.5f,Claiming,Dirt,5.5f,"$7,000",2,Grey Streak,Pagan Michael Y,Castillo Jabdiel,20/1,False,Thoroughbred,tvg,https://api.tvg.com/cosmo/v1/graphql,2026-05-12T00:16:57.878671,1.0.0,Grey Swallow (Ire),Anna Creek,Lonhro (Aus),8,G,Jabdiel Castillo,118,20/1,21.0,21.0,MNR-8,2026-05-12T01:55:00Z,11
MNR,Mountaineer,2026-05-13,8,01:55,Claiming 5.5f,Claiming,Dirt,5.5f,"$7,000",3,Joe Phillips,Elijah Greenidge,Silva Juan P,10/1,False,Thoroughbred,tvg,https://api.tvg.com/cosmo/v1/graphql,2026-05-12T00:16:57.878676,1.0.0,Justin Phillip,Silent Fright,Yes It's True,8,G,Tijuana Racing Stables (Juan Pablo Silva),123,10/1,11.0,11.0,MNR-8,2026-05-12T01:55:00Z,11
MNR,Mountaineer,2026-05-13,8,01:55,Claiming 5.5f,Claiming,Dirt,5.5f,"$7,000",4,Bodyslam,Weatherly Bailey,Scallan Robert S,4/1,True,Thoroughbred,tvg,https://api.tvg.com/cosmo/v1/graphql,2026-05-12T00:16:57.878683,1.0.0,Malibu Moon,Cayuga's Waters,Langfuhr,6,G,Donna J. Scallan and Robert S. Scallan,123,4/1,5.0,5.0,MNR-8,2026-05-12T01:55:00Z,11
MNR,Mountaineer,2026-05-13,8,01:55,Claiming 5.5f,Claiming,Dirt,5.5f,"$7,000",5,Holy Truth,Martinez Miguel L,Richison Crystal,15/1,False,Thoroughbred,tvg,https://api.tvg.com/cosmo/v1/graphql,2026-05-12T00:16:57.878688,1.0.0,Explosive Truth,Blushing Juliet,Macho Uno,9,G,Casey Eckenrode,123,15/1,16.0,16.0,MNR-8,2026-05-12T01:55:00Z,11
MNR,Mountaineer,2026-05-13,8,01:55,Claiming 5.5f,Claiming,Dirt,5.5f,"$7,000",6,Crafty Conquest,Batista Luis A,Pizzurro Jessica L,15/1,False,Thoroughbred,tvg,https://api.tvg.com/cosmo/v1/graphql,2026-05-12T00:16:57.878694,1.0.0,Big Screen,Crafty Broad,Crafty Friend,9,G,Darren Heinrich,123,15/1,16.0,16.0,MNR-8,2026-05-12T01:55:00Z,11
MNR,Mountaineer,2026-05-13,8,01:55,Claiming 5.5f,Claiming,Dirt,5.5f,"$7,000",7,Cold Plunge,Whitacre Brandon,Brown John T,12/1,False,Thoroughbred,tvg,https://api.tvg.com/cosmo/v1/graphql,2026-05-12T00:16:57.878699,1.0.0,Point Of Entry,Reason To Smile,Macho Uno,5,G,Gage Pinkerton,123,12/1,13.0,13.0,MNR-8,2026-05-12T01:55:00Z,11
MNR,Mountaineer,2026-05-13,8,01:55,Claiming 5.5f,Claiming,Dirt,5.5f,"$7,000",8,Growth Capital,Negron Luis,Silva Juan P,3/1,False,Thoroughbred,tvg,https://api.tvg.com/cosmo/v1/graphql,2026-05-12T00:16:57.878704,1.0.0,War Front,Room Service,More Than Ready,7,G,Tijuana Racing Stables (Juan Pablo Silva),123,3/1,4.0,4.0,MNR-8,2026-05-12T01:55:00Z,11
MNR,Mountaineer,2026-05-13,8,01:55,Claiming 5.5f,Claiming,Dirt,5.5f,"$7,000",9,Krusin Rocket,Gonzalez Kevin,Richison Crystal,5/1,False,Thoroughbred,tvg,https://api.tvg.com/cosmo/v1/graphql,2026-05-12T00:16:57.878709,1.0.0,Laurie's Rocket,Krusin Kelly,Artie Schiller,8,G,Casey Eckenrode,123,5/1,6.0,6.0,MNR-8,2026-05-12T01:55:00Z,11
MNR,Mountaineer,2026-05-13,8,01:55,Claiming 5.5f,Claiming,Dirt,5.5f,"$7,000",10,Southern Sense,Gomez Alejandro,Poole Jami C,6/1,False,Thoroughbred,tvg,https://api.tvg.com/cosmo/v1/graphql,2026-05-12T00:16:57.878714,1.0.0,Street Sense,Swaythisaway,Scat Daddy,7,G,Michael Staley,123,6/1,7.0,7.0,MNR-8,2026-05-12T01:55:00Z,11
MNR,Mountaineer,2026-05-13,8,01:55,Claiming 5.5f,Claiming,Dirt,5.5f,"$7,000",11,Abuelo Paps,"Monserrate, Jr. Jorge A","Ewell, Sr. Devan",20/1,True,Thoroughbred,tvg,https://api.tvg.com/cosmo/v1/graphql,2026-05-12T00:16:57.878720,1.0.0,Shanghai Bobby,Beautiful Lu,Gone West,9,G,Chantal Johnson,123,20/1,21.0,21.0,MNR-8,2026-05-12T01:55:00Z,11
YON,Yonkers Raceway,2026-05-13,1,22:52,Pace 1m,Pace,Dirt,1m,"$22,000",1,Odds On Capitalism,"Bartlett, Jaso","Engblom, Per",5/2,False,Harness,tvg,https://api.tvg.com/cosmo/v1/graphql,2026-05-12T00:16:57.884868,1.0.0,Fear The Dragon,Soggy Britches,Allamerican Ingot,7,G,"Ecuries Maguire Inc,Sainte-Marie,QC",0,1/1,2.0,3.5,YON-1,2026-05-11T22:52:37Z,8
YON,Yonkers Raceway,2026-05-13,1,22:52,Pace 1m,Pace,Dirt,1m,"$22,000",2,Brutallyhandsome A,"Bongiorno, Joe","Dilloian, Doug",9/2,False,Harness,tvg,https://api.tvg.com/cosmo/v1/graphql,2026-05-12T00:16:57.884884,1.0.0,Art Major,Life Inthefastlane,Life Sign,8,G,"Brian& Ira Wallach Racing,Closter,N",0,3/1,4.0,5.5,YON-1,2026-05-11T22:52:37Z,8
YON,Yonkers Raceway,2026-05-13,1,22:52,Pace 1m,Pace,Dirt,1m,"$22,000",3,Kopi Luwak,"Holland, Brent","Laterza, Denni",4/1,False,Harness,tvg,https://api.tvg.com/cosmo/v1/graphql,2026-05-12T00:16:57.884962,1.0.0,Stay Hungry,Auniqueaquistion,Cole Muffler,6,H,"Ginko Stable Inc,Briar Cliff Manor,",0,5/1,6.0,5.0,YON-1,2026-05-11T22:52:37Z,8
YON,Yonkers Raceway,2026-05-13,1,22:52,Pace 1m,Pace,Dirt,1m,"$22,000",4,Shipmaster,"Kakaley, Matt","Alexander, Tra",6/1,False,Harness,tvg,https://api.tvg.com/cosmo/v1/graphql,2026-05-12T00:16:57.884974,1.0.0,Captaintreacherous,Trim Hanover,Camluck,4,G,"David Rovine Stable LLC,Sarasota,FL",0,11/1,12.0,7.0,YON-1,2026-05-11T22:52:37Z,8
YON,Yonkers Raceway,2026-05-13,1,22:52,Pace 1m,Pace,Dirt,1m,"$22,000",5,Music Hall,"Siegelman, Aus","Height, Chris",15/1,False,Harness,tvg,https://api.tvg.com/cosmo/v1/graphql,2026-05-12T00:16:57.884982,1.0.0,Sweet Lou,Rockette,Rocknroll Hanover,6,G,"William E Emmons,Farmingdale,NJ",0,9/1,10.0,16.0,YON-1,2026-05-11T22:52:37Z,8
YON,Yonkers Raceway,2026-05-13,1,22:52,Pace 1m,Pace,Dirt,1m,"$22,000",6,Bet On Big Joe,"Kelly, Colin","Bako, Jared",5/1,False,Harness,tvg,https://api.tvg.com/cosmo/v1/graphql,2026-05-12T00:16:57.884988,1.0.0,Betting Line,Robin Cruiser,Yankee Cruiser,5,G,"Dr Joshua D Tanis,South Lyon,MI",0,7/1,8.0,6.0,YON-1,2026-05-11T22:52:37Z,8
YON,Yonkers Raceway,2026-05-13,1,22:52,Pace 1m,Pace,Dirt,1m,"$22,000",7,The Ideal Dancer A,"Lachance, Pat","Lachance, Pat",20/1,False,Harness,tvg,https://api.tvg.com/cosmo/v1/graphql,2026-05-12T00:16:57.884993,1.0.0,American Ideal,Jennas Dancer,Jenna's Beach Boy,11,G,"Thomas Ceraso Jr,Stamford,CT",0,28/1,29.0,21.0,YON-1,2026-05-11T22:52:37Z,8
YON,Yonkers Raceway,2026-05-13,1,22:52,Pace 1m,Pace,Dirt,1m,"$22,000",8,Peace Out Posse,"Stratton, Jord","Stratton, Cory",20/1,False,Harness,tvg,https://api.tvg.com/cosmo/v1/graphql,2026-05-12T00:16:57.884999,1.0.0,Custard The Dragon,Artprize,Somebeachsomewhere,11,G,"Caldwell Mamie Racing LLC,Bellaire,",0,79/1,80.0,21.0,YON-1,2026-05-11T22:52:37Z,8
YON,Yonkers Raceway,2026-05-13,2,23:14,Pace 1m,Pace,Dirt,1m,"$20,000",1,Ourmatemenko N,"Stratton, Jord","Stratton, Cory",6/1,False,Harness,tvg,https://api.tvg.com/cosmo/v1/graphql,2026-05-12T00:16:57.885020,1.0.0,Downbytheseaside,Lonnie Franco,Falcon Seelster,7,G,"Vip Internet Stable LLC,Piscataway,",0,5/1,6.0,7.0,YON-2,2026-05-11T23:14:46Z,7
YON,Yonkers Raceway,2026-05-13,2,23:14,Pace 1m,Pace,Dirt,1m,"$20,000",2,Manferno,"Buter, Tyler","Adamczyk, Andr",5/2,False,Harness,tvg,https://api.tvg.com/cosmo/v1/graphql,2026-05-12T00:16:57.885026,1.0.0,Always B Miki,History Repeats,Dragon Again,6,G,"Rodney M Long,Salisbury,MD",0,6/5,2.2,3.5,YON-2,2026-05-11T23:14:46Z,7
YON,Yonkers Raceway,2026-05-13,2,23:14,Pace 1m,Pace,Dirt,1m,"$20,000",3,Samhara N,"Bongiorno, Joe","Hudson, Lance",5/1,False,Harness,tvg,https://api.tvg.com/cosmo/v1/graphql,2026-05-12T00:16:57.885033,1.0.0,Bettor's Delight,Solandra,Artsplace,9,H,"William A Hartt,Carmel,ME",0,9/1,10.0,6.0,YON-2,2026-05-11T23:14:46Z,7
YON,Yonkers Raceway,2026-05-13,2,23:14,Pace 1m,Pace,Dirt,1m,"$20,000",4,Alta Classic A,"Holland, Brent","Laterza, Denni",3/1,False,Harness,tvg,https://api.tvg.com/cosmo/v1/graphql,2026-05-12T00:16:57.885038,1.0.0,Alta Christiano,Audrey Maree,Four Starzzz Shark,8,G,"Ginko Stable Inc,Briar Cliff Manor,",0,7/2,4.5,4.0,YON-2,2026-05-11T23:14:46Z,7
YON,Yonkers Raceway,2026-05-13,2,23:14,Pace 1m,Pace,Dirt,1m,"$20,000",5,Overthinking,"Bartlett, Jaso","Engblom, Per",2/1,False,Harness,tvg,https://api.tvg.com/cosmo/v1/graphql,2026-05-12T00:16:57.885045,1.0.0,Downbytheseaside,Metro Shopping,Metropolitan,5,G,"Daniel Sarafian,Unionville,ON, CA",0,5/2,3.5,3.0,YON-2,2026-05-11T23:14:46Z,7
YON,Yonkers Raceway,2026-05-13,2,23:14,Pace 1m,Pace,Dirt,1m,"$20,000",6,Ameritric,"Kakaley, Matt","Height, Chris",20/1,False,Harness,tvg,https://api.tvg.com/cosmo/v1/graphql,2026-05-12T00:16:57.885051,1.0.0,American Ideal,Electric Fool,I Am A Fool,5,G,"William E Emmons,Farmingdale,NJ",0,11/1,12.0,21.0,YON-2,2026-05-11T23:14:46Z,7
YON,Yonkers Raceway,2026-05-13,2,23:14,Pace 1m,Pace,Dirt,1m,"$20,000",7,All Alone,"Siegelman, Aus","Sodano, Nichol",20/1,True,Harness,tvg,https://api.tvg.com/cosmo/v1/graphql,2026-05-12T00:16:57.885056,1.0.0,Heston Blue Chip,Lonesome Day,Cambest,6,G,"Quaker Hill Racing LLC,Pawling,NY",0,20/1,21.0,21.0,YON-2,2026-05-11T23:14:46Z,7
YON,Yonkers Raceway,2026-05-13,3,23:36,Pace 1m,Pace,Dirt,1m,"$19,000",1,Heza Risk Taker A,"Stratton, Jord","Height, Chris",5/1,False,Harness,tvg,https://api.tvg.com/cosmo/v1/graphql,2026-05-12T00:16:57.885068,1.0.0,American Ideal,Rani Major,Art Major,6,G,"Michael Casalino Jr,Freehold,NJ",0,9/5,2.8,6.0,YON-3,2026-05-11T23:36:48Z,8
YON,Yonkers Raceway,2026-05-13,3,23:36,Pace 1m,Pace,Dirt,1m,"$19,000",2,Venturesome Arden N,"Holland, Brent","Bucci, Ricky",9/2,True,Harness,tvg,https://api.tvg.com/cosmo/v1/graphql,2026-05-12T00:16:57.885074,1.0.0,Captaintreacherous,Arden's Darling,Bettor's Delight,7,G,"Ricky A Bucci,Campbell Hall,NY",0,9/2,5.5,5.5,YON-3,2026-05-11T23:36:48Z,8
YON,Yonkers Raceway,2026-05-13,3,23:36,Pace 1m,Pace,Dirt,1m,"$19,000",3,Intimidation,"Siegelman, Aus","Blumenfeld, Pa",20/1,False,Harness,tvg,https://api.tvg.com/cosmo/v1/graphql,2026-05-12T00:16:57.885079,1.0.0,Captaintreacherous,Pink Terror,Western Terror,6,G,"Friendship Stables LLC,Mountain Lak",0,8/1,9.0,21.0,YON-3,2026-05-11T23:36:48Z,8
YON,Yonkers Raceway,2026-05-13,3,23:36,Pace 1m,Pace,Dirt,1m,"$19,000",4,Coalford Topguy Gb,"Bartlett, Jaso","Engblom, Per",7/5,False,Harness,tvg,https://api.tvg.com/cosmo/v1/graphql,2026-05-12T00:16:57.885085,1.0.0,Henry Hill,Breeding N/A,Breeding N/A,6,G,"Threelyonsracing,Brantford,ON, CA",0,4/5,1.8,2.4,YON-3,2026-05-11T23:36:48Z,8
YON,Yonkers Raceway,2026-05-13,3,23:36,Pace 1m,Pace,Dirt,1m,"$19,000",5,Mac's Marvel,"Lachance, Pat","Lachance, Pat",7/2,False,Harness,tvg,https://api.tvg.com/cosmo/v1/graphql,2026-05-12T00:16:57.885090,1.0.0,Captaintreacherous,Michelle's Power,Camluck,7,G,"Thomas Ceraso Jr,Stamford,CT",0,7/2,4.5,4.5,YON-3,2026-05-11T23:36:48Z,8
YON,Yonkers Raceway,2026-05-13,3,23:36,Pace 1m,Pace,Dirt,1m,"$19,000",6,Kimble A,"Kakaley, Matt","Di Domenico, S",20/1,False,Harness,tvg,https://api.tvg.com/cosmo/v1/graphql,2026-05-12T00:16:57.885096,1.0.0,Western Terror,Im Wrongly Accused,Bettor's Delight,9,G,"Oompa's Fm Inc,Creamridge,NJ;Triple",0,61/1,62.0,21.0,YON-3,2026-05-11T23:36:48Z,8
YON,Yonkers Raceway,2026-05-13,3,23:36,Pace 1m,Pace,Dirt,1m,"$19,000",7,Stellar Yankee,"Buter, Tyler","Stratton, Cory",8/1,False,Harness,tvg,https://api.tvg.com/cosmo/v1/graphql,2026-05-12T00:16:57.885102,1.0.0,Always B Miki,Somethinginawater,Somebeachsomewhere,8,G,"Howard S Jacobs,West Orange,NJ",0,23/1,24.0,9.0,YON-3,2026-05-11T23:36:48Z,8
YON,Yonkers Raceway,2026-05-13,3,23:36,Pace 1m,Pace,Dirt,1m,"$19,000",8,Royal Desire,"Marohn, Jim Jr","La Montagne, K",20/1,False,Harness,tvg,https://api.tvg.com/cosmo/v1/graphql,2026-05-12T00:16:57.885107,1.0.0,Bettor's Wish,Call Me Queen Be,Somebeachsomewhere,5,G,"Kathleen & Donald J La Montagne,Che",0,93/1,94.0,21.0,YON-3,2026-05-11T23:36:48Z,8
YON,Yonkers Raceway,2026-05-13,4,23:59,Pace 1m,Pace,Dirt,1m,"$20,000",1,Sinbad N,"Marohn, Jim Jr","Tritton, Peter",5/2,False,Harness,tvg,https://api.tvg.com/cosmo/v1/graphql,2026-05-12T00:16:57.885118,1.0.0,Downbytheseaside,Panforte,Christian Cullen,7,G,"Pjt Investments LLC,Madison,CT",0,4/5,1.8,3.5,YON-4,2026-05-11T23:59:12Z,7
YON,Yonkers Raceway,2026-05-13,4,23:59,Pace 1m,Pace,Dirt,1m,"$20,000",2,Orlando Blue A,"Kakaley, Matt","Abbatiello, Ag",5/1,False,Harness,tvg,https://api.tvg.com/cosmo/v1/graphql,2026-05-12T00:16:57.885124,1.0.0,Heston Blue Chip,Harriet Elisabeth,Modern Art,9,G,"Durazzano Stable LLC,Pine Bush,NY",0,3/1,4.0,6.0,YON-4,2026-05-11T23:59:12Z,7
YON,Yonkers Raceway,2026-05-13,4,23:59,Pace 1m,Pace,Dirt,1m,"$20,000",3,My Ultimate Byron A,"Siegelman, Aus","Bucci, Ricky",8/1,False,Harness,tvg,https://api.tvg.com/cosmo/v1/graphql,2026-05-12T00:16:57.885129,1.0.0,Somebeachsomewhere,Our Sleeping Beauty,Bettor's Delight,8,G,"Ricky A Bucci,Campbell Hall,NY",0,12/1,13.0,9.0,YON-4,2026-05-11T23:59:12Z,7
YON,Yonkers Raceway,2026-05-13,4,23:59,Pace 1m,Pace,Dirt,1m,"$20,000",4,Be Dazzled Lou A,"Bongiorno, Joe","Bongiorno, Joe",3/1,False,Harness,tvg,https://api.tvg.com/cosmo/v1/graphql,2026-05-12T00:16:57.885134,1.0.0,Sweet Lou,Dazed And Confused,Troublemaker,7,G,"Joseph R Bongiorno,Monroe,NJ;Zorn R",0,5/2,3.5,4.0,YON-4,2026-05-11T23:59:12Z,7
YON,Yonkers Raceway,2026-05-13,4,23:59,Pace 1m,Pace,Dirt,1m,"$20,000",5,Quote Me Not N,"Bartlett, Jaso","Engblom, Per",4/1,False,Harness,tvg,https://api.tvg.com/cosmo/v1/graphql,2026-05-12T00:16:57.885140,1.0.0,Art Major,Quote Me,Bettor's Delight,4,G,"Curtin Anz Stables,Coral Springs,FL",0,16/1,17.0,5.0,YON-4,2026-05-11T23:59:12Z,7
YON,Yonkers Raceway,2026-05-13,4,23:59,Pace 1m,Pace,Dirt,1m,"$20,000",6,Curly James A,"Kelly, Colin","Bako, Jared",6/1,False,Harness,tvg,https://api.tvg.com/cosmo/v1/graphql,2026-05-12T00:16:57.885145,1.0.0,A Rocknroll Dance,Someone To Love,Somebeachsomewhere,9,G,"Kap Singh Rcg Stb,Yorktown Hgts,NY;",0,23/1,24.0,7.0,YON-4,2026-05-11T23:59:12Z,7
YON,Yonkers Raceway,2026-05-13,4,23:59,Pace 1m,Pace,Dirt,1m,"$20,000",7,Shakespeare,"Brennan, Georg","Di Domenico, S",20/1,False,Harness,tvg,https://api.tvg.com/cosmo/v1/graphql,2026-05-12T00:16:57.885150,1.0.0,Somebeachsomewhere,Get A Clue,Art Major,8,G,"William A Hartt,Carmel,ME;Triple D",0,55/1,56.0,21.0,YON-4,2026-05-11T23:59:12Z,7
YON,Yonkers Raceway,2026-05-13,5,00:16,Pace 1m,Pace,Dirt,1m,"$15,000",1,Gothic Rock,"Holland, Brent","Bucci, Ricky",6/1,False,Harness,tvg,https://api.tvg.com/cosmo/v1/graphql,2026-05-12T00:16:57.885161,1.0.0,Woodstock,Mid-Western Jatelo,Jate Lobell,11,G,"Flatland Racing,Campbell Hall,NY",0,6/1,7.0,7.0,YON-5,2026-05-12T00:16:00Z,8
YON,Yonkers Raceway,2026-05-13,5,00:16,Pace 1m,Pace,Dirt,1m,"$15,000",2,Aladdin,"Lachance, Pat","Mc Dermott, Jo",15/1,False,Harness,tvg,https://api.tvg.com/cosmo/v1/graphql,2026-05-12T00:16:57.885166,1.0.0,Shadow Play,Eloge,No Pan Intended,7,G,"Jonathan R Klee,Sands Pnt,NY;Justin",0,8/1,9.0,16.0,YON-5,2026-05-12T00:16:00Z,8
YON,Yonkers Raceway,2026-05-13,5,00:16,Pace 1m,Pace,Dirt,1m,"$15,000",3,Deedenuto A,"Siegelman, Aus","Siegelman, Jam",20/1,False,Harness,tvg,https://api.tvg.com/cosmo/v1/graphql,2026-05-12T00:16:57.885171,1.0.0,Safari,Harbhahay,Justanotherpoorboy,13,G,"Leah K Posner,Jackson,NJ",0,22/1,23.0,21.0,YON-5,2026-05-12T00:16:00Z,8
YON,Yonkers Raceway,2026-05-13,5,00:16,Pace 1m,Pace,Dirt,1m,"$15,000",4,Saranac Blue Chip,"Brennan, Georg","Di Domenico, S",5/1,False,Harness,tvg,https://api.tvg.com/cosmo/v1/graphql,2026-05-12T00:16:57.885183,1.0.0,American Ideal,So Nice,Ponder,8,G,"Triple D Stables Inc,Jamesburg,NJ;D",0,5/1,6.0,6.0,YON-5,2026-05-12T00:16:00Z,8
YON,Yonkers Raceway,2026-05-13,5,00:16,Pace 1m,Pace,Dirt,1m,"$15,000",5,Shine A Light,"Bartlett, Jaso","Stafford, Paul",3/5,False,Harness,tvg,https://api.tvg.com/cosmo/v1/graphql,2026-05-12T00:16:57.885189,1.0.0,Captaintreacherous,Countryview Miss,Camluck,9,G,"Thomas Ceraso Jr,Stamford,CT",0,1/2,1.5,1.6,YON-5,2026-05-12T00:16:00Z,8
YON,Yonkers Raceway,2026-05-13,5,00:16,Pace 1m,Pace,Dirt,1m,"$15,000",6,Hugh Heston,"Kakaley, Matt","Alexander, Tra",20/1,False,Harness,tvg,https://api.tvg.com/cosmo/v1/graphql,2026-05-12T00:16:57.885195,1.0.0,Heston Blue Chip,Morenci,Bettor's Delight,5,H,"Morrison Racing Stables,Indiana,PA",0,32/1,33.0,21.0,YON-5,2026-05-12T00:16:00Z,8
YON,Yonkers Raceway,2026-05-13,5,00:16,Pace 1m,Pace,Dirt,1m,"$15,000",7,Manalou,"Buter, Tyler","Corelli, Thoma",8/1,False,Harness,tvg,https://api.tvg.com/cosmo/v1/graphql,2026-05-12T00:16:57.885200,1.0.0,Sweet Lou,Keystone Krystal,Bettor's Delight,5,G,"Fred S Corelli,East Patchogue,NY;Ra",0,16/1,17.0,9.0,YON-5,2026-05-12T00:16:00Z,8
YON,Yonkers Raceway,2026-05-13,5,00:16,Pace 1m,Pace,Dirt,1m,"$15,000",8,Cowboy Cargo,"Bongiorno, Joe","Estrada, Izzy",15/1,False,Harness,tvg,https://api.tvg.com/cosmo/v1/graphql,2026-05-12T00:16:57.885206,1.0.0,Jimmy Freight,Bunkhouse Babe,Royal Mattjesty,5,H,"Estrada Racing LLC,Cranbury,NJ",0,18/1,19.0,16.0,YON-5,2026-05-12T00:16:00Z,8
YON,Yonkers Raceway,2026-05-13,6,00:25,Pace 1m,Pace,Dirt,1m,"$17,000",1,Itza Dangerzone A,"Tritton, Laure","Tritton, Shane",9/2,False,Harness,tvg,https://api.tvg.com/cosmo/v1/graphql,2026-05-12T00:16:57.885217,1.0.0,Gotta Go Cullect,Sheza Machstar,Mach Three,8,G,"Stephen Klunowski,North York,ON, CA",0,9/2,5.5,5.5,YON-6,2026-05-12T00:25:00Z,8
YON,Yonkers Raceway,2026-05-13,6,00:25,Pace 1m,Pace,Dirt,1m,"$17,000",2,Himself N,"Stratton, Jord","Hudson, Lance",3/1,False,Harness,tvg,https://api.tvg.com/cosmo/v1/graphql,2026-05-12T00:16:57.885223,1.0.0,Sportswriter,Shards Of Myross,Mcardle,9,G,"William A Hartt,Carmel,ME;Lance H H",0,3/1,4.0,4.0,YON-6,2026-05-12T00:25:00Z,8
YON,Yonkers Raceway,2026-05-13,6,00:25,Pace 1m,Pace,Dirt,1m,"$17,000",3,The Bigboss A,"Kakaley, Matt","Height, Chris",5/1,False,Harness,tvg,https://api.tvg.com/cosmo/v1/graphql,2026-05-12T00:16:57.885228,1.0.0,Bettor's Delight,Gentle Anvil,Christian Cullen,6,H,"Michael Casalino Jr,Freehold,NJ",0,5/1,6.0,6.0,YON-6,2026-05-12T00:25:00Z,8
YON,Yonkers Raceway,2026-05-13,6,00:25,Pace 1m,Pace,Dirt,1m,"$17,000",4,Rolling With Sam,"Bongiorno, Joe","Adamczyk, Andr",4/1,False,Harness,tvg,https://api.tvg.com/cosmo/v1/graphql,2026-05-12T00:16:57.885234,1.0.0,Roll With Joe,Martinique,Rock N Roll Heaven,9,G,"Morrison Racing Stables,Indiana,PA",0,4/1,5.0,5.0,YON-6,2026-05-12T00:25:00Z,8
YON,Yonkers Raceway,2026-05-13,6,00:25,Pace 1m,Pace,Dirt,1m,"$17,000",5,Texas Holdem,"Buter, Tyler","Schnittker, Ra",10/1,False,Harness,tvg,https://api.tvg.com/cosmo/v1/graphql,2026-05-12T00:16:57.885239,1.0.0,Huntsville,That's How We Roll,Art Major,5,G,"Raymond W Schnittker,Middletown,NY",0,10/1,11.0,11.0,YON-6,2026-05-12T00:25:00Z,8
YON,Yonkers Raceway,2026-05-13,6,00:25,Pace 1m,Pace,Dirt,1m,"$17,000",6,Gds Thunder Gb,"Siegelman, Aus","Koch, Ken",8/1,False,Harness,tvg,https://api.tvg.com/cosmo/v1/graphql,2026-05-12T00:16:57.885244,1.0.0,Art Professor,Gds Storm,Daylon Alert,8,G,"Thomas G Milici,Montgomery,NY",0,8/1,9.0,9.0,YON-6,2026-05-12T00:25:00Z,8
YON,Yonkers Raceway,2026-05-13,6,00:25,Pace 1m,Pace,Dirt,1m,"$17,000",7,Majorcrowdcontrl A,"Bartlett, Jaso","Dilloian, Doug",6/1,False,Harness,tvg,https://api.tvg.com/cosmo/v1/graphql,2026-05-12T00:16:57.885250,1.0.0,Control The Moment,Just Visiting,Barnett Hanover,7,G,"Dennis M Spinelli,Barnegat,NJ;Paul",0,6/1,7.0,7.0,YON-6,2026-05-12T00:25:00Z,8
YON,Yonkers Raceway,2026-05-13,6,00:25,Pace 1m,Pace,Dirt,1m,"$17,000",8,Mysweetboymax,"Kelly, Colin","Daguet, Debora",20/1,False,Harness,tvg,https://api.tvg.com/cosmo/v1/graphql,2026-05-12T00:16:57.885255,1.0.0,Sweet Lou,Faster Faster,Bettor's Delight,8,H,"Robert I Horowitz,Scotch Plains,NJ;",0,20/1,21.0,21.0,YON-6,2026-05-12T00:25:00Z,8
YON,Yonkers Raceway,2026-05-13,7,00:45,Pace 1m,Pace,Dirt,1m,"$25,000",1,Boston Bound,"Bartlett, Jaso","Height, Chris",9/5,False,Harness,tvg,https://api.tvg.com/cosmo/v1/graphql,2026-05-12T00:16:57.885266,1.0.0,Boston Red Rocks,Ashleeswayrhighway,Bettor's Delight,6,H,"William E Emmons,Farmingdale,NJ",0,9/5,2.8,2.8,YON-7,2026-05-12T00:45:00Z,7
YON,Yonkers Raceway,2026-05-13,7,00:45,Pace 1m,Pace,Dirt,1m,"$25,000",2,Matai Phil N,"Holland, Brent","Abbatiello, Ag",7/2,False,Harness,tvg,https://api.tvg.com/cosmo/v1/graphql,2026-05-12T00:16:57.885272,1.0.0,Washington Vc,Matai Katie,Elsu,6,G,"Durazzano Stable LLC,Pine Bush,NY",0,7/2,4.5,4.5,YON-7,2026-05-12T00:45:00Z,7
YON,Yonkers Raceway,2026-05-13,7,00:45,Pace 1m,Pace,Dirt,1m,"$25,000",3,Boxer Seelster,"Lachance, Pat","Lachance, Pat",6/1,False,Harness,tvg,https://api.tvg.com/cosmo/v1/graphql,2026-05-12T00:16:57.885277,1.0.0,Bettor's Delight,Big Thong,Big Jim,4,G,"Bradley J Grant,Milton,ON, CA",0,6/1,7.0,7.0,YON-7,2026-05-12T00:45:00Z,7
YON,Yonkers Raceway,2026-05-13,7,00:45,Pace 1m,Pace,Dirt,1m,"$25,000",4,Renaldo N,"Tritton, Laure","Tritton, Shane",3/1,False,Harness,tvg,https://api.tvg.com/cosmo/v1/graphql,2026-05-12T00:16:57.885282,1.0.0,Bettor's Delight,Georgia Brooke,Christian Cullen,5,G,"Joshua Jay Graber,Quincy,MI",0,3/1,4.0,4.0,YON-7,2026-05-12T00:45:00Z,7
YON,Yonkers Raceway,2026-05-13,7,00:45,Pace 1m,Pace,Dirt,1m,"$25,000",5,Escape To America,"Buter, Tyler","Daguet, Debora",12/1,False,Harness,tvg,https://api.tvg.com/cosmo/v1/graphql,2026-05-12T00:16:57.885287,1.0.0,American Ideal,Flirtiscape,Artiscape,5,H,"John J Darrah,Murphys,CA",0,12/1,13.0,13.0,YON-7,2026-05-12T00:45:00Z,7
YON,Yonkers Raceway,2026-05-13,7,00:45,Pace 1m,Pace,Dirt,1m,"$25,000",6,Little Willy,"Kelly, Colin","Bako, Jared",8/1,False,Harness,tvg,https://api.tvg.com/cosmo/v1/graphql,2026-05-12T00:16:57.885293,1.0.0,Up The Credit,Jo And Maria,Bettor's Delight,8,G,"Dr Joshua D Tanis,South Lyon,MI",0,8/1,9.0,9.0,YON-7,2026-05-12T00:45:00Z,7
YON,Yonkers Raceway,2026-05-13,7,00:45,Pace 1m,Pace,Dirt,1m,"$25,000",7,Soho Dow Jones A,"Zeron, Scott","Dilloian, Doug",15/1,False,Harness,tvg,https://api.tvg.com/cosmo/v1/graphql,2026-05-12T00:16:57.885298,1.0.0,American Ideal,Soho New York,Art Major,8,G,"Dennis M Spinelli,Barnegat,NJ;Paul",0,15/1,16.0,16.0,YON-7,2026-05-12T00:45:00Z,7
YON,Yonkers Raceway,2026-05-13,8,01:05,Pace 1m,Pace,Dirt,1m,"$30,000",1,Endofstory,"Zeron, Scott","Dilloian, Doug",4/1,True,Harness,tvg,https://api.tvg.com/cosmo/v1/graphql,2026-05-12T00:16:57.885309,1.0.0,Lazarus N,Olivette Hanover,Western Hanover,5,G,"D Linker,Dlry Bch,FL;B Loman,Chmpgn",0,4/1,5.0,5.0,YON-8,2026-05-12T01:05:00Z,8
YON,Yonkers Raceway,2026-05-13,8,01:05,Pace 1m,Pace,Dirt,1m,"$30,000",2,The Greek Freak,"Kakaley, Matt","Alexander, Tra",6/1,False,Harness,tvg,https://api.tvg.com/cosmo/v1/graphql,2026-05-12T00:16:57.885314,1.0.0,Captaintreacherous,Thirty X,Rocknroll Hanover,9,G,"Gino Toscani,Mount Hope,ON, CA",0,6/1,7.0,7.0,YON-8,2026-05-12T01:05:00Z,8
YON,Yonkers Raceway,2026-05-13,8,01:05,Pace 1m,Pace,Dirt,1m,"$30,000",3,Vicious,"Buter, Tyler","Adamczyk, Andr",5/1,False,Harness,tvg,https://api.tvg.com/cosmo/v1/graphql,2026-05-12T00:16:57.885319,1.0.0,Somebeachsomewhere,Satisfy My Soul,Well Said,7,G,"Carmen Iannacone,Lyndhurst,NJ",0,5/1,6.0,6.0,YON-8,2026-05-12T01:05:00Z,8
YON,Yonkers Raceway,2026-05-13,8,01:05,Pace 1m,Pace,Dirt,1m,"$30,000",4,Copperfield,"Bartlett, Jaso","Engblom, Per",3/1,False,Harness,tvg,https://api.tvg.com/cosmo/v1/graphql,2026-05-12T00:16:57.885324,1.0.0,Betting Line,American Charm,American Ideal,5,G,"W J Donovan,Delray Beach,FL",0,3/1,4.0,4.0,YON-8,2026-05-12T01:05:00Z,8
YON,Yonkers Raceway,2026-05-13,8,01:05,Pace 1m,Pace,Dirt,1m,"$30,000",5,Twisted Destiny,"Marohn, Jim Jr","Ryder, Chris",7/2,False,Harness,tvg,https://api.tvg.com/cosmo/v1/graphql,2026-05-12T00:16:57.885331,1.0.0,Bettor's Wish,Tug River Princess,Badlands Hanover,4,H,"Let It Ride Stbs,FL;Alberg Rcg,NJ;E",0,7/2,4.5,4.5,YON-8,2026-05-12T01:05:00Z,8
YON,Yonkers Raceway,2026-05-13,8,01:05,Pace 1m,Pace,Dirt,1m,"$30,000",6,Its A Me Mario,"Tritton, Laure","Tritton, Shane",12/1,False,Harness,tvg,https://api.tvg.com/cosmo/v1/graphql,2026-05-12T00:16:57.885336,1.0.0,American Ideal,Nf Salsa,Blissfull Hall,6,G,"Joshua Jay Graber,Quincy,MI",0,12/1,13.0,13.0,YON-8,2026-05-12T01:05:00Z,8
YON,Yonkers Raceway,2026-05-13,8,01:05,Pace 1m,Pace,Dirt,1m,"$30,000",7,Kwick Sand A,"Stratton, Jord","Stratton, Cory",8/1,False,Harness,tvg,https://api.tvg.com/cosmo/v1/graphql,2026-05-12T00:16:57.885342,1.0.0,Somebeachsomewhere,Giveusachance,Live Or Die,5,G,"Caldwell Mamie Racing LLC,Bellaire,",0,8/1,9.0,9.0,YON-8,2026-05-12T01:05:00Z,8
YON,Yonkers Raceway,2026-05-13,8,01:05,Pace 1m,Pace,Dirt,1m,"$30,000",8,Jabbar,"Holland, Brent","Mac Kenzie, Bi",12/1,False,Harness,tvg,https://api.tvg.com/cosmo/v1/graphql,2026-05-12T00:16:57.885347,1.0.0,Huntsville,Maximum Bet,Bettor's Delight,5,G,"Vincent A Ali Jr,Old Bridge,NJ;Alma",0,12/1,13.0,13.0,YON-8,2026-05-12T01:05:00Z,8
YON,Yonkers Raceway,2026-05-13,9,01:25,Pace 1m,Pace,Dirt,1m,"$21,000",1,Verdun,"Lachance, Pat","Lachance, Pat",5/2,False,Harness,tvg,https://api.tvg.com/cosmo/v1/graphql,2026-05-12T00:16:57.885357,1.0.0,Bettor's Delight,Pop Goes Theweasel,Mach Three,6,H,"Thomas Ceraso Jr,Stamford,CT",0,5/2,3.5,3.5,YON-9,2026-05-12T01:25:00Z,8
YON,Yonkers Raceway,2026-05-13,9,01:25,Pace 1m,Pace,Dirt,1m,"$21,000",2,Rockstar Artist A,"Stratton, Jord","Alvarez, Maria",8/1,False,Harness,tvg,https://api.tvg.com/cosmo/v1/graphql,2026-05-12T00:16:57.885371,1.0.0,Yankee Rockstar,Artistic Angel,Art Major,7,G,"Friendship Stables LLC,Mountain Lak",0,8/1,9.0,9.0,YON-9,2026-05-12T01:25:00Z,8
YON,Yonkers Raceway,2026-05-13,9,01:25,Pace 1m,Pace,Dirt,1m,"$21,000",3,Yorokobi N,"Marohn, Jim Jr","Tritton, Peter",20/1,True,Harness,tvg,https://api.tvg.com/cosmo/v1/graphql,2026-05-12T00:16:57.885378,1.0.0,Bettor's Delight,Rockin Cullen,Christian Cullen,9,G,"Pjt Investments LLC,Madison,CT",0,20/1,21.0,21.0,YON-9,2026-05-12T01:25:00Z,8
YON,Yonkers Raceway,2026-05-13,9,01:25,Pace 1m,Pace,Dirt,1m,"$21,000",4,Hemsworth N,"Siegelman, Aus","Bako, Jared",5/1,False,Harness,tvg,https://api.tvg.com/cosmo/v1/graphql,2026-05-12T00:16:57.885383,1.0.0,Sweet Lou,In Hollywood,In The Pocket,9,G,"1362313 Ontario LTD,Windsor,ON, CA",0,5/1,6.0,6.0,YON-9,2026-05-12T01:25:00Z,8
YON,Yonkers Raceway,2026-05-13,9,01:25,Pace 1m,Pace,Dirt,1m,"$21,000",5,Catalpa Rescue A,"Bartlett, Jaso","Blackler, Scot",8/5,False,Harness,tvg,https://api.tvg.com/cosmo/v1/graphql,2026-05-12T00:16:57.885391,1.0.0,American Ideal,Soho Siren,Art Major,7,G,"Chad J Kowal,Cuddebackville,NY",0,8/5,2.6,2.6,YON-9,2026-05-12T01:25:00Z,8
YON,Yonkers Raceway,2026-05-13,9,01:25,Pace 1m,Pace,Dirt,1m,"$21,000",6,Rockin Jukebox,"Bongiorno, Joe","Bongiorno, Joe",15/1,False,Harness,tvg,https://api.tvg.com/cosmo/v1/graphql,2026-05-12T00:16:57.885397,1.0.0,Rock N Roll Heaven,Plant A Kiss,Blissfull Hall,9,G,"Joseph Bongiorno LLC,Monroe,NJ;Blai",0,15/1,16.0,16.0,YON-9,2026-05-12T01:25:00Z,8
YON,Yonkers Raceway,2026-05-13,9,01:25,Pace 1m,Pace,Dirt,1m,"$21,000",7,Rydingtothewire,"Tritton, Laure","Tritton, Shane",10/1,False,Harness,tvg,https://api.tvg.com/cosmo/v1/graphql,2026-05-12T00:16:57.885402,1.0.0,Bettor's Wish,Seashell Hanover,Somebeachsomewhere,5,G,"Joshua Jay Graber,Quincy,MI",0,10/1,11.0,11.0,YON-9,2026-05-12T01:25:00Z,8
YON,Yonkers Raceway,2026-05-13,9,01:25,Pace 1m,Pace,Dirt,1m,"$21,000",8,Hammering Hank,"Holland, Brent","Laterza, Denni",12/1,False,Harness,tvg,https://api.tvg.com/cosmo/v1/graphql,2026-05-12T00:16:57.885408,1.0.0,Captaintreacherous,History Repeats,Dragon Again,7,G,"Ginko Stable Inc,Briar Cliff Manor,",0,12/1,13.0,13.0,YON-9,2026-05-12T01:25:00Z,8
