track_code,track_name,race_date,race_number,race_time,race_name,race_class,surface,distance,purse,program_number,runner_name,jockey,trainer,ml_odds,scratched,breed,source_name,source_url,fetched_at,parser_version,sire,dam,dam_sire,age,sex,owner,weight,current_odds,current_odds_decimal,ml_odds_decimal,race_id,post_time_utc,num_runners
GPX,CL - Valparaiso Sporting Club (simulcast),2026-05-12,1,19:05,Handicap 1100mtr,Handicap,Dirt,1100mtr,"$1,950",1,Soraila (Chi),Maximiliano Sa,Gabriel Reyes,30/1,False,Thoroughbred,tvg,https://api.tvg.com/cosmo/v1/graphql,2026-05-11T21:14:17.442960,1.0.0,Exaggerator,Costa Tropical (Arg),,7,M,Palestina,126,7/2,4.5,31.0,GPX-1,2026-05-11T19:05:43Z,11
GPX,CL - Valparaiso Sporting Club (simulcast),2026-05-12,1,19:05,Handicap 1100mtr,Handicap,Dirt,1100mtr,"$1,950",2,Justinsito Crack (Chi),Alejandro Maur,Juan Garcia Ve,30/1,False,Thoroughbred,tvg,https://api.tvg.com/cosmo/v1/graphql,2026-05-11T21:14:17.442980,1.0.0,Daddy Long Legs,Indy Arts (Chi),,7,H,Garcia V. Juan,126,24/1,25.0,31.0,GPX-1,2026-05-11T19:05:43Z,11
GPX,CL - Valparaiso Sporting Club (simulcast),2026-05-12,1,19:05,Handicap 1100mtr,Handicap,Dirt,1100mtr,"$1,950",3,Afirmate Gato (Chi),Gerald Rodrigu,Juan Garcia Ve,3/2,False,Thoroughbred,tvg,https://api.tvg.com/cosmo/v1/graphql,2026-05-11T21:14:17.442990,1.0.0,Seeking The Dia,Afirmate Catalina (Chi),,7,H,Don Salvador,126,9/2,5.5,2.5,GPX-1,2026-05-11T19:05:43Z,11
GPX,CL - Valparaiso Sporting Club (simulcast),2026-05-12,1,19:05,Handicap 1100mtr,Handicap,Dirt,1100mtr,"$1,950",4,King Paper (Chi),Jorge Baeza,Guillermo Pere,30/1,False,Thoroughbred,tvg,https://api.tvg.com/cosmo/v1/graphql,2026-05-11T21:14:17.442997,1.0.0,Good Samaritan,Perdoname (Chi),,5,H,Aleph,126,73/1,74.0,31.0,GPX-1,2026-05-11T19:05:43Z,11
GPX,CL - Valparaiso Sporting Club (simulcast),2026-05-12,1,19:05,Handicap 1100mtr,Handicap,Dirt,1100mtr,"$1,950",5,Sasuke (Chi),Felipe Tapia,Victor Moris L,10/1,False,Thoroughbred,tvg,https://api.tvg.com/cosmo/v1/graphql,2026-05-11T21:14:17.443003,1.0.0,Hold Me Back,Casi Lista (Chi),,6,G,Cacique,126,16/1,17.0,11.0,GPX-1,2026-05-11T19:05:43Z,11
GPX,CL - Valparaiso Sporting Club (simulcast),2026-05-12,1,19:05,Handicap 1100mtr,Handicap,Dirt,1100mtr,"$1,950",6,Sundy Point (Chi),Jorge Zuniga D,Jorge Araneda,10/1,False,Thoroughbred,tvg,https://api.tvg.com/cosmo/v1/graphql,2026-05-11T21:14:17.443010,1.0.0,The Lumber Guy,Es Magallanica (Chi),,4,F,Colicheu,126,5/1,6.0,11.0,GPX-1,2026-05-11T19:05:43Z,11
GPX,CL - Valparaiso Sporting Club (simulcast),2026-05-12,1,19:05,Handicap 1100mtr,Handicap,Dirt,1100mtr,"$1,950",7,Sin Miedo (Chi),Tomas Seith,Maximo Silva,6/1,False,Thoroughbred,tvg,https://api.tvg.com/cosmo/v1/graphql,2026-05-11T21:14:17.443016,1.0.0,Grand Daddy,Typta (Chi),,5,H,Gladycita,126,16/1,17.0,7.0,GPX-1,2026-05-11T19:05:43Z,11
GPX,CL - Valparaiso Sporting Club (simulcast),2026-05-12,1,19:05,Handicap 1100mtr,Handicap,Dirt,1100mtr,"$1,950",8,Big Wallace (Arg),Rodolfo Fuenza,Braulio Gomez,8/1,False,Thoroughbred,tvg,https://api.tvg.com/cosmo/v1/graphql,2026-05-11T21:14:17.443023,1.0.0,Hurricane Cat,Elusive Light,,8,G,J.J.,126,38/1,39.0,9.0,GPX-1,2026-05-11T19:05:43Z,11
GPX,CL - Valparaiso Sporting Club (simulcast),2026-05-12,1,19:05,Handicap 1100mtr,Handicap,Dirt,1100mtr,"$1,950",9,Watakin (Chi),Israel Villagr,Juan Belzu Oli,30/1,False,Thoroughbred,tvg,https://api.tvg.com/cosmo/v1/graphql,2026-05-11T21:14:17.443028,1.0.0,Imperia,Pearl White (Chi),,4,C,Milena,126,28/1,29.0,31.0,GPX-1,2026-05-11T19:05:43Z,11
GPX,CL - Valparaiso Sporting Club (simulcast),2026-05-12,1,19:05,Handicap 1100mtr,Handicap,Dirt,1100mtr,"$1,950",10,Mipipo (Chi),Joaquin Herrer,Maximo Silva,4/1,False,Thoroughbred,tvg,https://api.tvg.com/cosmo/v1/graphql,2026-05-11T21:14:17.443034,1.0.0,Exaggerator,Siempre Reina (Chi),,5,G,Hijos Del Rayo,126,2/1,3.0,5.0,GPX-1,2026-05-11T19:05:43Z,11
GPX,CL - Valparaiso Sporting Club (simulcast),2026-05-12,1,19:05,Handicap 1100mtr,Handicap,Dirt,1100mtr,"$1,950",11,Modelo Del Salto (Chi),Benjamin Sanch,Sergio Salazar,10/1,False,Thoroughbred,tvg,https://api.tvg.com/cosmo/v1/graphql,2026-05-11T21:14:17.443040,1.0.0,Tapitdoro,Soy Modelo (Chi),,4,F,Jeag,126,5/1,6.0,11.0,GPX-1,2026-05-11T19:05:43Z,11
GPX,CL - Valparaiso Sporting Club (simulcast),2026-05-12,2,19:35,Handicap 1000mtr,Handicap,Turf,1000mtr,"$1,950",1,Tuyarak (Chi),Lesly Gonzalez,Eduardo Donoso,4/1,False,Thoroughbred,tvg,https://api.tvg.com/cosmo/v1/graphql,2026-05-11T21:14:17.443057,1.0.0,Ya Primo (Chi),Turak (Chi),,4,F,Boril Benito Ch.,126,7/1,8.0,5.0,GPX-2,2026-05-11T19:35:09Z,10
GPX,CL - Valparaiso Sporting Club (simulcast),2026-05-12,2,19:35,Handicap 1000mtr,Handicap,Turf,1000mtr,"$1,950",2,La Pela (Chi),Diego Carvacho,Juan Belzu Oli,10/1,False,Thoroughbred,tvg,https://api.tvg.com/cosmo/v1/graphql,2026-05-11T21:14:17.443063,1.0.0,Forward March,Pitoresca (Chi),,5,M,Mayfer Y Tata Pato,126,5/2,3.5,11.0,GPX-2,2026-05-11T19:35:09Z,10
GPX,CL - Valparaiso Sporting Club (simulcast),2026-05-12,2,19:35,Handicap 1000mtr,Handicap,Turf,1000mtr,"$1,950",3,Di Luna (Chi),Alejandro Maur,Maximo Silva,30/1,False,Thoroughbred,tvg,https://api.tvg.com/cosmo/v1/graphql,2026-05-11T21:14:17.443069,1.0.0,Seeking The Dia,Dulce Amiga (Chi),,5,M,Sonrisal,126,5/1,6.0,31.0,GPX-2,2026-05-11T19:35:09Z,10
GPX,CL - Valparaiso Sporting Club (simulcast),2026-05-12,2,19:35,Handicap 1000mtr,Handicap,Turf,1000mtr,"$1,950",4,Pazzelle (Chi),Benjamin Sanch,Victor Caballe,3/2,False,Thoroughbred,tvg,https://api.tvg.com/cosmo/v1/graphql,2026-05-11T21:14:17.443074,1.0.0,Seeking The Dia,Perhaps Tomorrow (Chi),,7,M,Tata Nacho,126,2/1,3.0,2.5,GPX-2,2026-05-11T19:35:09Z,10
GPX,CL - Valparaiso Sporting Club (simulcast),2026-05-12,2,19:35,Handicap 1000mtr,Handicap,Turf,1000mtr,"$1,950",5,Senor Seremi (Chi),Nelson Figuero,Enrique Laguna,30/1,False,Thoroughbred,tvg,https://api.tvg.com/cosmo/v1/graphql,2026-05-11T21:14:17.443079,1.0.0,Court Vision,Malusita (Chi),,9,H,Alfonso Bacquet,126,24/1,25.0,31.0,GPX-2,2026-05-11T19:35:09Z,10
GPX,CL - Valparaiso Sporting Club (simulcast),2026-05-12,2,19:35,Handicap 1000mtr,Handicap,Turf,1000mtr,"$1,950",6,Wamray (Chi),Jose Villagran,Jose Leiva Lei,10/1,False,Thoroughbred,tvg,https://api.tvg.com/cosmo/v1/graphql,2026-05-11T21:14:17.443085,1.0.0,Flameaway,Marilyn Girl (Chi),,5,M,Juan De Turquia,126,29/1,30.0,11.0,GPX-2,2026-05-11T19:35:09Z,10
GPX,CL - Valparaiso Sporting Club (simulcast),2026-05-12,2,19:35,Handicap 1000mtr,Handicap,Turf,1000mtr,"$1,950",7,Trois Plumes (Chi),Gerald Rodrigu,Maximo Silva,6/1,False,Thoroughbred,tvg,https://api.tvg.com/cosmo/v1/graphql,2026-05-11T21:14:17.443093,1.0.0,Dylan Thomas (Ire),Tres Plumas (Chi),,4,F,Maximo Silva D.,126,7/2,4.5,7.0,GPX-2,2026-05-11T19:35:09Z,10
GPX,CL - Valparaiso Sporting Club (simulcast),2026-05-12,2,19:35,Handicap 1000mtr,Handicap,Turf,1000mtr,"$1,950",8,Gran Romano (Chi),Jorge Zuniga D,Wilfredo Manci,10/1,False,Thoroughbred,tvg,https://api.tvg.com/cosmo/v1/graphql,2026-05-11T21:14:17.443099,1.0.0,Constitution,Piazza Roma (Chi),,9,H,Mirafiori,126,34/1,35.0,11.0,GPX-2,2026-05-11T19:35:09Z,10
GPX,CL - Valparaiso Sporting Club (simulcast),2026-05-12,2,19:35,Handicap 1000mtr,Handicap,Turf,1000mtr,"$1,950",9,Yuliecita Crack (Chi),Nelson Rojas,Gabriel Reyes,30/1,False,Thoroughbred,tvg,https://api.tvg.com/cosmo/v1/graphql,2026-05-11T21:14:17.443104,1.0.0,The Lumber Guy,Mail Order Bride,,4,F,Calera Calera,126,15/1,16.0,31.0,GPX-2,2026-05-11T19:35:09Z,10
GPX,CL - Valparaiso Sporting Club (simulcast),2026-05-12,2,19:35,Handicap 1000mtr,Handicap,Turf,1000mtr,"$1,950",10,Rezagado (Chi),Guillermo Pere,Guillermo Pere,8/1,True,Thoroughbred,tvg,https://api.tvg.com/cosmo/v1/graphql,2026-05-11T21:14:17.443109,1.0.0,California Chrome,Piu Bella,,7,G,De La Vega,126,8/1,9.0,9.0,GPX-2,2026-05-11T19:35:09Z,10
GPX,CL - Valparaiso Sporting Club (simulcast),2026-05-12,3,20:04,Handicap 1000mtr,Handicap,Turf,1000mtr,"$2,100",1,Aunt Mercy (Chi),Ronald Fournet,Rafael Bernal,10/1,False,Thoroughbred,tvg,https://api.tvg.com/cosmo/v1/graphql,2026-05-11T21:14:17.443122,1.0.0,Palm Springs,Quick Fever,,4,F,Bernal T Rafael A,119,17/1,18.0,11.0,GPX-3,2026-05-11T20:04:58Z,10
GPX,CL - Valparaiso Sporting Club (simulcast),2026-05-12,3,20:04,Handicap 1000mtr,Handicap,Turf,1000mtr,"$2,100",2,Alto Forever (Chi),Nelson Rojas,Gabriel Reyes,4/1,False,Thoroughbred,tvg,https://api.tvg.com/cosmo/v1/graphql,2026-05-11T21:14:17.443128,1.0.0,Ivan Denisovich (I,Kendora (Chi),,8,G,Palestina,130,10/1,11.0,5.0,GPX-3,2026-05-11T20:04:58Z,10
GPX,CL - Valparaiso Sporting Club (simulcast),2026-05-12,3,20:04,Handicap 1000mtr,Handicap,Turf,1000mtr,"$2,100",3,Jerusa (Chi),Israel Villagr,Victor Moris L,6/1,False,Thoroughbred,tvg,https://api.tvg.com/cosmo/v1/graphql,2026-05-11T21:14:17.443134,1.0.0,Indian Trail,Happy Colors (Chi),,6,M,The Good Father,132,8/1,9.0,7.0,GPX-3,2026-05-11T20:04:58Z,10
GPX,CL - Valparaiso Sporting Club (simulcast),2026-05-12,3,20:04,Handicap 1000mtr,Handicap,Turf,1000mtr,"$2,100",4,King Octopus (Chi),Gerald Rodrigu,Gonzalo Vegas,3/2,False,Thoroughbred,tvg,https://api.tvg.com/cosmo/v1/graphql,2026-05-11T21:14:17.443140,1.0.0,Dubai Sky,Perla Austral (Chi),,4,C,Mayfer Y Tata Pato,130,1/1,2.0,2.5,GPX-3,2026-05-11T20:04:58Z,10
GPX,CL - Valparaiso Sporting Club (simulcast),2026-05-12,3,20:04,Handicap 1000mtr,Handicap,Turf,1000mtr,"$2,100",5,Guapa Portena (Chi),Alejandro Maur,Maximo Silva,8/1,False,Thoroughbred,tvg,https://api.tvg.com/cosmo/v1/graphql,2026-05-11T21:14:17.443147,1.0.0,Sumerio (Chi),Guapa Criolla (Chi),,4,F,Winman,126,8/1,9.0,9.0,GPX-3,2026-05-11T20:04:58Z,10
GPX,CL - Valparaiso Sporting Club (simulcast),2026-05-12,3,20:04,Handicap 1000mtr,Handicap,Turf,1000mtr,"$2,100",6,Poor Smell (Chi),Nelson Figuero,Maximo Silva,10/1,False,Thoroughbred,tvg,https://api.tvg.com/cosmo/v1/graphql,2026-05-11T21:14:17.443153,1.0.0,Ivan Denisovich (I,Rock Cristal (Chi),,4,F,Hijos Del Rayo,117,10/1,11.0,11.0,GPX-3,2026-05-11T20:04:58Z,10
GPX,CL - Valparaiso Sporting Club (simulcast),2026-05-12,3,20:04,Handicap 1000mtr,Handicap,Turf,1000mtr,"$2,100",7,Ouro (Chi),Benjamin Sanch,Carlos Vasquez,30/1,False,Thoroughbred,tvg,https://api.tvg.com/cosmo/v1/graphql,2026-05-11T21:14:17.443159,1.0.0,Practical Joke,Oradora (Chi),,7,G,Hermanos,126,29/1,30.0,31.0,GPX-3,2026-05-11T20:04:58Z,10
GPX,CL - Valparaiso Sporting Club (simulcast),2026-05-12,3,20:04,Handicap 1000mtr,Handicap,Turf,1000mtr,"$2,100",8,Oppa (Chi),Jorge Zuniga D,Wilfredo Manci,10/1,False,Thoroughbred,tvg,https://api.tvg.com/cosmo/v1/graphql,2026-05-11T21:14:17.443165,1.0.0,Sumerio (Chi),Valeza (Chi),,5,M,Laurita G.,130,4/1,5.0,11.0,GPX-3,2026-05-11T20:04:58Z,10
GPX,CL - Valparaiso Sporting Club (simulcast),2026-05-12,3,20:04,Handicap 1000mtr,Handicap,Turf,1000mtr,"$2,100",9,Tren De La Quinta (Chi),Rodolfo Fuenza,Wilfredo Manci,30/1,False,Thoroughbred,tvg,https://api.tvg.com/cosmo/v1/graphql,2026-05-11T21:14:17.443170,1.0.0,El Farrero (Chi),Majestuosa Nina (Chi),,7,H,Lam,117,33/1,34.0,31.0,GPX-3,2026-05-11T20:04:58Z,10
GPX,CL - Valparaiso Sporting Club (simulcast),2026-05-12,3,20:04,Handicap 1000mtr,Handicap,Turf,1000mtr,"$2,100",10,La Tote (Chi),Jaime Mino Fic,William Ara,30/1,False,Thoroughbred,tvg,https://api.tvg.com/cosmo/v1/graphql,2026-05-11T21:14:17.443175,1.0.0,Flyer (Chi),Rola (Chi),,8,M,William Ara D.,130,34/1,35.0,31.0,GPX-3,2026-05-11T20:04:58Z,10
GPX,CL - Valparaiso Sporting Club (simulcast),2026-05-12,4,20:36,Stakes 1200mtr,Stakes,Dirt,1200mtr,"$5,250",1,Ley Franca (Chi),Gerald Rodrigu,Juan Baeza,6/1,False,Thoroughbred,tvg,https://api.tvg.com/cosmo/v1/graphql,2026-05-11T21:14:17.443185,1.0.0,Tiz The Law,Franca Pasion (Chi),,3,F,Haras Santa Loreto,121,5/1,6.0,7.0,GPX-4,2026-05-11T20:36:22Z,12
GPX,CL - Valparaiso Sporting Club (simulcast),2026-05-12,4,20:36,Stakes 1200mtr,Stakes,Dirt,1200mtr,"$5,250",2,Trabalains (Chi),Pedro Robles,Victor Moris L,30/1,False,Thoroughbred,tvg,https://api.tvg.com/cosmo/v1/graphql,2026-05-11T21:14:17.443191,1.0.0,International Star,Eres Unica (Chi),,3,C,Js,126,34/1,35.0,31.0,GPX-4,2026-05-11T20:36:22Z,12
GPX,CL - Valparaiso Sporting Club (simulcast),2026-05-12,4,20:36,Stakes 1200mtr,Stakes,Dirt,1200mtr,"$5,250",3,Fafifo (Chi),Jorge Baeza,Maximo Silva,12/1,False,Thoroughbred,tvg,https://api.tvg.com/cosmo/v1/graphql,2026-05-11T21:14:17.443196,1.0.0,Tacitus,Joy Nila (Arg),,3,C,Maximo Silva D.,126,78/1,79.0,13.0,GPX-4,2026-05-11T20:36:22Z,12
GPX,CL - Valparaiso Sporting Club (simulcast),2026-05-12,4,20:36,Stakes 1200mtr,Stakes,Dirt,1200mtr,"$5,250",4,Cuando Vuelves (Chi),Nelson Rojas,Gabriel Reyes,30/1,False,Thoroughbred,tvg,https://api.tvg.com/cosmo/v1/graphql,2026-05-11T21:14:17.443201,1.0.0,Big Daddy (Chi),Por Que Ries (Chi),,3,F,Toleo Toleo,121,75/1,76.0,31.0,GPX-4,2026-05-11T20:36:22Z,12
GPX,CL - Valparaiso Sporting Club (simulcast),2026-05-12,4,20:36,Stakes 1200mtr,Stakes,Dirt,1200mtr,"$5,250",5,La Fajita (Chi),Felipe Tapia,Carlos Vasquez,30/1,False,Thoroughbred,tvg,https://api.tvg.com/cosmo/v1/graphql,2026-05-11T21:14:17.443208,1.0.0,Flameaway,Faloon (Chi),,3,F,Dona Sofia,121,66/1,67.0,31.0,GPX-4,2026-05-11T20:36:22Z,12
GPX,CL - Valparaiso Sporting Club (simulcast),2026-05-12,4,20:36,Stakes 1200mtr,Stakes,Dirt,1200mtr,"$5,250",6,Naipur Raider (Chi),Rafael Cistern,Marco Pavez Oc,4/1,False,Thoroughbred,tvg,https://api.tvg.com/cosmo/v1/graphql,2026-05-11T21:14:17.443213,1.0.0,Indian Trail,Naipur Quality (Chi),,3,F,Haras Sumaya,121,2/1,3.0,5.0,GPX-4,2026-05-11T20:36:22Z,12
GPX,CL - Valparaiso Sporting Club (simulcast),2026-05-12,4,20:36,Stakes 1200mtr,Stakes,Dirt,1200mtr,"$5,250",7,La Minions (Chi),Ronald Fournet,Maximo Silva,30/1,False,Thoroughbred,tvg,https://api.tvg.com/cosmo/v1/graphql,2026-05-11T21:14:17.443221,1.0.0,International Star,Rio De Janeiro (Chi),,3,F,M S D,121,34/1,35.0,31.0,GPX-4,2026-05-11T20:36:22Z,12
GPX,CL - Valparaiso Sporting Club (simulcast),2026-05-12,4,20:36,Stakes 1200mtr,Stakes,Dirt,1200mtr,"$5,250",8,Lamotta (Chi),Benjamin Sanch,Ximeno Urenda,10/1,False,Thoroughbred,tvg,https://api.tvg.com/cosmo/v1/graphql,2026-05-11T21:14:17.443226,1.0.0,Valid Point,Guest List,,3,C,Los Leones,126,20/1,21.0,11.0,GPX-4,2026-05-11T20:36:22Z,12
GPX,CL - Valparaiso Sporting Club (simulcast),2026-05-12,4,20:36,Stakes 1200mtr,Stakes,Dirt,1200mtr,"$5,250",9,Zheng Shi (Chi),Rodolfo Fuenza,Marcos Contrer,8/1,False,Thoroughbred,tvg,https://api.tvg.com/cosmo/v1/graphql,2026-05-11T21:14:17.443232,1.0.0,Hiraboku Deep (Jpn,Ruby Luck (Chi),,3,F,Guerrero De La Vida,121,13/1,14.0,9.0,GPX-4,2026-05-11T20:36:22Z,12
GPX,CL - Valparaiso Sporting Club (simulcast),2026-05-12,4,20:36,Stakes 1200mtr,Stakes,Dirt,1200mtr,"$5,250",10,El Lado Be (Chi),Jose Villagran,Maximo Silva,30/1,False,Thoroughbred,tvg,https://api.tvg.com/cosmo/v1/graphql,2026-05-11T21:14:17.443237,1.0.0,International Star,Fuego Ardiente (Chi),,3,F,Haras Porta Pia,121,99/1,100.0,31.0,GPX-4,2026-05-11T20:36:22Z,12
GPX,CL - Valparaiso Sporting Club (simulcast),2026-05-12,4,20:36,Stakes 1200mtr,Stakes,Dirt,1200mtr,"$5,250",11,Flaca Dany (Chi),Joaquin Herrer,Maximo Silva,3/2,False,Thoroughbred,tvg,https://api.tvg.com/cosmo/v1/graphql,2026-05-11T21:14:17.443243,1.0.0,Spun To Run,Lead Me On,,3,F,Maximo Silva D.,121,6/5,2.2,2.5,GPX-4,2026-05-11T20:36:22Z,12
GPX,CL - Valparaiso Sporting Club (simulcast),2026-05-12,4,20:36,Stakes 1200mtr,Stakes,Dirt,1200mtr,"$5,250",12,Pirata Bigoton (Chi),Alejandro Maur,Maximo Silva,10/1,False,Thoroughbred,tvg,https://api.tvg.com/cosmo/v1/graphql,2026-05-11T21:14:17.443248,1.0.0,Sumerio (Chi),Lola Pirata (Chi),,3,C,Pirata,126,9/1,10.0,11.0,GPX-4,2026-05-11T20:36:22Z,12
GPX,CL - Valparaiso Sporting Club (simulcast),2026-05-12,5,21:05,Maiden Special 1000mtr,Maiden Special,Turf,1000mtr,"$1,800",1,Victory Queen (Chi),Jorge Baeza,Braulio Gomez,10/1,False,Thoroughbred,tvg,https://api.tvg.com/cosmo/v1/graphql,2026-05-11T21:14:17.443259,1.0.0,Mitico Galilei (Ch,Victory Trail (Chi),,4,F,Corral Quellon,126,15/1,16.0,11.0,GPX-5,2026-05-11T21:05:24Z,8
GPX,CL - Valparaiso Sporting Club (simulcast),2026-05-12,5,21:05,Maiden Special 1000mtr,Maiden Special,Turf,1000mtr,"$1,800",2,Katie Melua (Chi),Rafael Cistern,Luis Valdivia,6/1,False,Thoroughbred,tvg,https://api.tvg.com/cosmo/v1/graphql,2026-05-11T21:14:17.443266,1.0.0,Flameaway,Bella Aileen (Chi),,4,F,Cordova T. Guillermo,126,5/1,6.0,7.0,GPX-5,2026-05-11T21:05:24Z,8
GPX,CL - Valparaiso Sporting Club (simulcast),2026-05-12,5,21:05,Maiden Special 1000mtr,Maiden Special,Turf,1000mtr,"$1,800",3,Espera Un Poquito (Chi),Jose Villagran,Braulio Gomez,4/1,False,Thoroughbred,tvg,https://api.tvg.com/cosmo/v1/graphql,2026-05-11T21:14:17.443271,1.0.0,Zawraq (Ire),Guardia Pretoriana (Chi),,4,F,Braulio Gomez A.,126,9/1,10.0,5.0,GPX-5,2026-05-11T21:05:24Z,8
GPX,CL - Valparaiso Sporting Club (simulcast),2026-05-12,5,21:05,Maiden Special 1000mtr,Maiden Special,Turf,1000mtr,"$1,800",4,La Luna De Todos (Chi),Joaquin Herrer,Marcos Contrer,8/1,False,Thoroughbred,tvg,https://api.tvg.com/cosmo/v1/graphql,2026-05-11T21:14:17.443277,1.0.0,Get Jets,Paglia (Arg),,4,F,Guerrero De La Vida,126,8/5,2.6,9.0,GPX-5,2026-05-11T21:05:24Z,8
GPX,CL - Valparaiso Sporting Club (simulcast),2026-05-12,5,21:05,Maiden Special 1000mtr,Maiden Special,Turf,1000mtr,"$1,800",5,Sestri Levante (Chi),Felipe Tapia,Victor Moris L,8/1,False,Thoroughbred,tvg,https://api.tvg.com/cosmo/v1/graphql,2026-05-11T21:14:17.443283,1.0.0,Dylan Thomas (Ire),Santo Kel,,4,F,The Good Father,126,7/2,4.5,9.0,GPX-5,2026-05-11T21:05:24Z,8
GPX,CL - Valparaiso Sporting Club (simulcast),2026-05-12,5,21:05,Maiden Special 1000mtr,Maiden Special,Turf,1000mtr,"$1,800",6,Videl (Chi),Benjamin Sanch,Sergio Salazar,3/2,False,Thoroughbred,tvg,https://api.tvg.com/cosmo/v1/graphql,2026-05-11T21:14:17.443289,1.0.0,Tapitdoro,Royana (Arg),,4,F,Jeag,126,3/1,4.0,2.5,GPX-5,2026-05-11T21:05:24Z,8
GPX,CL - Valparaiso Sporting Club (simulcast),2026-05-12,5,21:05,Maiden Special 1000mtr,Maiden Special,Turf,1000mtr,"$1,800",7,Sky Prize (Chi),Maximiliano Sa,Gabriel Reyes,10/1,False,Thoroughbred,tvg,https://api.tvg.com/cosmo/v1/graphql,2026-05-11T21:14:17.443294,1.0.0,Dubai Sky,Gone Prize (Arg),,4,F,Toleo Toleo,126,20/1,21.0,11.0,GPX-5,2026-05-11T21:05:24Z,8
GPX,CL - Valparaiso Sporting Club (simulcast),2026-05-12,5,21:05,Maiden Special 1000mtr,Maiden Special,Turf,1000mtr,"$1,800",8,Guapa Quitena (Chi),Ronald Fournet,Maximo Silva,10/1,False,Thoroughbred,tvg,https://api.tvg.com/cosmo/v1/graphql,2026-05-11T21:14:17.443299,1.0.0,Sumerio (Chi),Kampali (Chi),,4,F,Winman,126,22/1,23.0,11.0,GPX-5,2026-05-11T21:05:24Z,8
GPX,CL - Valparaiso Sporting Club (simulcast),2026-05-12,6,21:30,Handicap 1100mtr,Handicap,Dirt,1100mtr,"$2,325",1,Pegasus Fantasis (Chi),Guillermo Pere,Enrique Laguna,4/1,False,Thoroughbred,tvg,https://api.tvg.com/cosmo/v1/graphql,2026-05-11T21:14:17.443309,1.0.0,Mendelssohn,Argirea (Arg),,5,H,Sagardia Hnos.,128,4/1,5.0,5.0,GPX-6,2026-05-11T21:30:00Z,6
GPX,CL - Valparaiso Sporting Club (simulcast),2026-05-12,6,21:30,Handicap 1100mtr,Handicap,Dirt,1100mtr,"$2,325",2,Parsifal (Chi),Rodolfo Fuenza,Victor Caballe,6/1,False,Thoroughbred,tvg,https://api.tvg.com/cosmo/v1/graphql,2026-05-11T21:14:17.443315,1.0.0,Ramaje (Chi),Miss Jumana (Chi),,7,G,La Mila,132,6/1,7.0,7.0,GPX-6,2026-05-11T21:30:00Z,6
GPX,CL - Valparaiso Sporting Club (simulcast),2026-05-12,6,21:30,Handicap 1100mtr,Handicap,Dirt,1100mtr,"$2,325",3,Doppler (Chi),Joaquin Herrer,Jose Araya Bah,3/2,False,Thoroughbred,tvg,https://api.tvg.com/cosmo/v1/graphql,2026-05-11T21:14:17.443321,1.0.0,Goldencents,The High Queen,,7,G,Bengo,132,3/2,2.5,2.5,GPX-6,2026-05-11T21:30:00Z,6
GPX,CL - Valparaiso Sporting Club (simulcast),2026-05-12,6,21:30,Handicap 1100mtr,Handicap,Dirt,1100mtr,"$2,325",4,El Gran Pirata (Chi),Alejandro Maur,Maximo Silva,4/1,False,Thoroughbred,tvg,https://api.tvg.com/cosmo/v1/graphql,2026-05-11T21:14:17.443326,1.0.0,Boboman,Villalba (Chi),,7,H,Pirata,130,4/1,5.0,5.0,GPX-6,2026-05-11T21:30:00Z,6
GPX,CL - Valparaiso Sporting Club (simulcast),2026-05-12,6,21:30,Handicap 1100mtr,Handicap,Dirt,1100mtr,"$2,325",5,Larrykane (Chi),Jaime Mino Fic,William Ara,8/1,False,Thoroughbred,tvg,https://api.tvg.com/cosmo/v1/graphql,2026-05-11T21:14:17.443331,1.0.0,Practical Joke,Alucina (Chi),,7,H,William Ara D.,128,8/1,9.0,9.0,GPX-6,2026-05-11T21:30:00Z,6
GPX,CL - Valparaiso Sporting Club (simulcast),2026-05-12,6,21:30,Handicap 1100mtr,Handicap,Dirt,1100mtr,"$2,325",6,Sol De Troya (Chi),Jorge Zuniga D,Gonzalo Vegas,6/1,False,Thoroughbred,tvg,https://api.tvg.com/cosmo/v1/graphql,2026-05-11T21:14:17.443336,1.0.0,Exaggerator,Esperandoa Marilyn (Chi),,5,H,Mbarete,121,6/1,7.0,7.0,GPX-6,2026-05-11T21:30:00Z,6
GPX,CL - Valparaiso Sporting Club (simulcast),2026-05-12,7,22:00,Handicap 1100mtr,Handicap,Dirt,1100mtr,"$2,100",1,Rojo Burgues (Chi),Nelson Rojas,Gabriel Reyes,30/1,False,Thoroughbred,tvg,https://api.tvg.com/cosmo/v1/graphql,2026-05-11T21:14:17.443346,1.0.0,Straight Up (Chi),Aldahara (Chi),,6,G,Felisi,123,30/1,31.0,31.0,GPX-7,2026-05-11T22:00:00Z,16
GPX,CL - Valparaiso Sporting Club (simulcast),2026-05-12,7,22:00,Handicap 1100mtr,Handicap,Dirt,1100mtr,"$2,100",2,Warrior Spirit (Chi),Diego Carvacho,Wilfredo Manci,6/1,False,Thoroughbred,tvg,https://api.tvg.com/cosmo/v1/graphql,2026-05-11T21:14:17.443352,1.0.0,Protonico,Divine Symphony,,7,G,French Potato,128,6/1,7.0,7.0,GPX-7,2026-05-11T22:00:00Z,16
GPX,CL - Valparaiso Sporting Club (simulcast),2026-05-12,7,22:00,Handicap 1100mtr,Handicap,Dirt,1100mtr,"$2,100",3,Green Dress (Chi),Jonathan Casti,Sergio Morales,8/1,False,Thoroughbred,tvg,https://api.tvg.com/cosmo/v1/graphql,2026-05-11T21:14:17.443357,1.0.0,Lemon Sour (Chi),Pasion Turca (Chi),,5,G,Los Nanitos,128,8/1,9.0,9.0,GPX-7,2026-05-11T22:00:00Z,16
GPX,CL - Valparaiso Sporting Club (simulcast),2026-05-12,7,22:00,Handicap 1100mtr,Handicap,Dirt,1100mtr,"$2,100",4,Dale Flaca (Chi),Alejandro Maur,Sergio Morales,30/1,False,Thoroughbred,tvg,https://api.tvg.com/cosmo/v1/graphql,2026-05-11T21:14:17.443362,1.0.0,Hinz (Arg),Ornellaia (Chi),,4,F,Don Amadeo,126,30/1,31.0,31.0,GPX-7,2026-05-11T22:00:00Z,16
GPX,CL - Valparaiso Sporting Club (simulcast),2026-05-12,7,22:00,Handicap 1100mtr,Handicap,Dirt,1100mtr,"$2,100",5,La Banda Verde (Chi),Israel Villagr,Jorge Araneda,30/1,False,Thoroughbred,tvg,https://api.tvg.com/cosmo/v1/graphql,2026-05-11T21:14:17.443368,1.0.0,Cunco (Ire),Lousada (Chi),,5,M,Pompita,123,30/1,31.0,31.0,GPX-7,2026-05-11T22:00:00Z,16
GPX,CL - Valparaiso Sporting Club (simulcast),2026-05-12,7,22:00,Handicap 1100mtr,Handicap,Dirt,1100mtr,"$2,100",6,Teruka (Chi),Felipe Tapia,Victor Moris L,30/1,False,Thoroughbred,tvg,https://api.tvg.com/cosmo/v1/graphql,2026-05-11T21:14:17.443373,1.0.0,Grand Daddy,Elga (Chi),,5,M,Aleph,123,30/1,31.0,31.0,GPX-7,2026-05-11T22:00:00Z,16
GPX,CL - Valparaiso Sporting Club (simulcast),2026-05-12,7,22:00,Handicap 1100mtr,Handicap,Dirt,1100mtr,"$2,100",7,Luiverar (Chi),Lesly Gonzalez,Braulio Gomez,30/1,False,Thoroughbred,tvg,https://api.tvg.com/cosmo/v1/graphql,2026-05-11T21:14:17.443378,1.0.0,Viscount Nelson,Gran Hipica (Chi),,8,H,Tararira,123,30/1,31.0,31.0,GPX-7,2026-05-11T22:00:00Z,16
GPX,CL - Valparaiso Sporting Club (simulcast),2026-05-12,7,22:00,Handicap 1100mtr,Handicap,Dirt,1100mtr,"$2,100",8,Insistentemente (Chi),Guillermo Pere,Carlos Vasquez,10/1,False,Thoroughbred,tvg,https://api.tvg.com/cosmo/v1/graphql,2026-05-11T21:14:17.443384,1.0.0,Grand Daddy,Adjala (Chi),,4,G,Dona Sofia,128,10/1,11.0,11.0,GPX-7,2026-05-11T22:00:00Z,16
GPX,CL - Valparaiso Sporting Club (simulcast),2026-05-12,7,22:00,Handicap 1100mtr,Handicap,Dirt,1100mtr,"$2,100",9,Guerrero Arabe (Chi),Nelson Figuero,Sergio Morales,30/1,False,Thoroughbred,tvg,https://api.tvg.com/cosmo/v1/graphql,2026-05-11T21:14:17.443389,1.0.0,Arabian Spirit,Princesa Guerrera (Chi),,4,G,Los Nanitos,121,30/1,31.0,31.0,GPX-7,2026-05-11T22:00:00Z,16
GPX,CL - Valparaiso Sporting Club (simulcast),2026-05-12,7,22:00,Handicap 1100mtr,Handicap,Dirt,1100mtr,"$2,100",10,Gipsy Vanner (Chi),Jorge Baeza,Braulio Gomez,30/1,False,Thoroughbred,tvg,https://api.tvg.com/cosmo/v1/graphql,2026-05-11T21:14:17.443395,1.0.0,Exaggerator,Quick Fever,,6,G,Infinito,126,30/1,31.0,31.0,GPX-7,2026-05-11T22:00:00Z,16
GPX,CL - Valparaiso Sporting Club (simulcast),2026-05-12,7,22:00,Handicap 1100mtr,Handicap,Dirt,1100mtr,"$2,100",11,El Renacido (Chi),Jorge Zuniga D,Wilfredo Manci,30/1,False,Thoroughbred,tvg,https://api.tvg.com/cosmo/v1/graphql,2026-05-11T21:14:17.443402,1.0.0,Frank Conversation,Estatica Dinamica (Chi),,5,H,Wilfredo Mancilla D.,123,30/1,31.0,31.0,GPX-7,2026-05-11T22:00:00Z,16
GPX,CL - Valparaiso Sporting Club (simulcast),2026-05-12,7,22:00,Handicap 1100mtr,Handicap,Dirt,1100mtr,"$2,100",12,Mala Memoria (Chi),Ronald Fournet,Jose Araya Bah,10/1,False,Thoroughbred,tvg,https://api.tvg.com/cosmo/v1/graphql,2026-05-11T21:14:17.443407,1.0.0,Gemologist,La Turbina (Chi),,7,M,Legacy,128,10/1,11.0,11.0,GPX-7,2026-05-11T22:00:00Z,16
GPX,CL - Valparaiso Sporting Club (simulcast),2026-05-12,7,22:00,Handicap 1100mtr,Handicap,Dirt,1100mtr,"$2,100",13,Vincero (Chi),Joaquin Herrer,Rafael Bernal,4/1,False,Thoroughbred,tvg,https://api.tvg.com/cosmo/v1/graphql,2026-05-11T21:14:17.443413,1.0.0,The Lumber Guy,En Que Topamos (Chi),,4,C,Bernal T Rafael A,121,4/1,5.0,5.0,GPX-7,2026-05-11T22:00:00Z,16
GPX,CL - Valparaiso Sporting Club (simulcast),2026-05-12,7,22:00,Handicap 1100mtr,Handicap,Dirt,1100mtr,"$2,100",14,Merengon (Chi),Jose Villagran,Victor Moris L,30/1,False,Thoroughbred,tvg,https://api.tvg.com/cosmo/v1/graphql,2026-05-11T21:14:17.443419,1.0.0,Robert Bruce (Chi),Rocio Merengue (Chi),,5,G,Arturo Y Cecilia,123,30/1,31.0,31.0,GPX-7,2026-05-11T22:00:00Z,16
GPX,CL - Valparaiso Sporting Club (simulcast),2026-05-12,7,22:00,Handicap 1100mtr,Handicap,Dirt,1100mtr,"$2,100",15,Le Peintre (Arg),Gerald Rodrigu,Juan Garcia Ve,3/2,False,Thoroughbred,tvg,https://api.tvg.com/cosmo/v1/graphql,2026-05-11T21:14:17.443425,1.0.0,Interaction (Arg),Le Cite (Arg),,7,H,Tata's Juan,128,3/2,2.5,2.5,GPX-7,2026-05-11T22:00:00Z,16
GPX,CL - Valparaiso Sporting Club (simulcast),2026-05-12,7,22:00,Handicap 1100mtr,Handicap,Dirt,1100mtr,"$2,100",16,Bapkiza (Chi),Sebastian Mari,Juan Belzu Oli,30/1,False,Thoroughbred,tvg,https://api.tvg.com/cosmo/v1/graphql,2026-05-11T21:14:17.443430,1.0.0,Cloud Computing,Ostentosa Y Cara (Chi),,6,M,Milena,123,30/1,31.0,31.0,GPX-7,2026-05-11T22:00:00Z,16
GPX,CL - Valparaiso Sporting Club (simulcast),2026-05-12,8,22:30,Handicap 1100mtr,Handicap,Dirt,1100mtr,"$2,250",1,La Tia Elena (Chi),Tomas Seith,Victor Caballe,30/1,False,Thoroughbred,tvg,https://api.tvg.com/cosmo/v1/graphql,2026-05-11T21:14:17.443441,1.0.0,Patternrecognition,Nobleza De Indias (Chi),,5,M,Tata Nacho,126,30/1,31.0,31.0,GPX-8,2026-05-11T22:30:00Z,10
GPX,CL - Valparaiso Sporting Club (simulcast),2026-05-12,8,22:30,Handicap 1100mtr,Handicap,Dirt,1100mtr,"$2,250",2,El Palomo (Chi),Alejandro Maur,Jorge Araneda,4/1,False,Thoroughbred,tvg,https://api.tvg.com/cosmo/v1/graphql,2026-05-11T21:14:17.443447,1.0.0,The Lumber Guy,Crackelet (Chi),,5,H,Colicheu,130,4/1,5.0,5.0,GPX-8,2026-05-11T22:30:00Z,10
GPX,CL - Valparaiso Sporting Club (simulcast),2026-05-12,8,22:30,Handicap 1100mtr,Handicap,Dirt,1100mtr,"$2,250",3,Golden East (Chi),Israel Villagr,Carlos Vasquez,10/1,False,Thoroughbred,tvg,https://api.tvg.com/cosmo/v1/graphql,2026-05-11T21:14:17.443453,1.0.0,Goldencents,Party Bay (Chi),,7,G,Dona Sofia,130,10/1,11.0,11.0,GPX-8,2026-05-11T22:30:00Z,10
GPX,CL - Valparaiso Sporting Club (simulcast),2026-05-12,8,22:30,Handicap 1100mtr,Handicap,Dirt,1100mtr,"$2,250",4,Kapu (Chi),Benjamin Sanch,Gonzalo Vegas,6/1,False,Thoroughbred,tvg,https://api.tvg.com/cosmo/v1/graphql,2026-05-11T21:14:17.443459,1.0.0,Sumerio (Chi),Felina Verse (Chi),,5,H,Los Parritas,130,6/1,7.0,7.0,GPX-8,2026-05-11T22:30:00Z,10
GPX,CL - Valparaiso Sporting Club (simulcast),2026-05-12,8,22:30,Handicap 1100mtr,Handicap,Dirt,1100mtr,"$2,250",5,Punta Itata (Chi),Jonathan Casti,Maximo Silva,10/1,False,Thoroughbred,tvg,https://api.tvg.com/cosmo/v1/graphql,2026-05-11T21:14:17.443468,1.0.0,Zawraq (Ire),Maida Feliz (Chi),,5,H,Hijos Del Rayo,128,10/1,11.0,11.0,GPX-8,2026-05-11T22:30:00Z,10
GPX,CL - Valparaiso Sporting Club (simulcast),2026-05-12,8,22:30,Handicap 1100mtr,Handicap,Dirt,1100mtr,"$2,250",6,Calochita (Chi),Nelson Rojas,Gabriel Reyes,10/1,False,Thoroughbred,tvg,https://api.tvg.com/cosmo/v1/graphql,2026-05-11T21:14:17.443474,1.0.0,Ivan Denisovich (I,Lady Dior (Chi),,6,H,Palestina,123,10/1,11.0,11.0,GPX-8,2026-05-11T22:30:00Z,10
GPX,CL - Valparaiso Sporting Club (simulcast),2026-05-12,8,22:30,Handicap 1100mtr,Handicap,Dirt,1100mtr,"$2,250",7,Gli Amici (Chi),Joaquin Herrer,Rafael Bernal,3/2,False,Thoroughbred,tvg,https://api.tvg.com/cosmo/v1/graphql,2026-05-11T21:14:17.443479,1.0.0,Alfonso,Scarlet Witch (Chi),,4,C,Cota Y Nano,128,3/2,2.5,2.5,GPX-8,2026-05-11T22:30:00Z,10
GPX,CL - Valparaiso Sporting Club (simulcast),2026-05-12,8,22:30,Handicap 1100mtr,Handicap,Dirt,1100mtr,"$2,250",8,Aneu (Chi),Gerald Rodrigu,Juan Garcia Ve,8/1,False,Thoroughbred,tvg,https://api.tvg.com/cosmo/v1/graphql,2026-05-11T21:14:17.443484,1.0.0,Newfoundland,Anjum (Chi),,5,M,Don Elias,130,8/1,9.0,9.0,GPX-8,2026-05-11T22:30:00Z,10
GPX,CL - Valparaiso Sporting Club (simulcast),2026-05-12,8,22:30,Handicap 1100mtr,Handicap,Dirt,1100mtr,"$2,250",9,Roy Para Un Poco (Chi),Diego Carvacho,Wilfredo Manci,30/1,False,Thoroughbred,tvg,https://api.tvg.com/cosmo/v1/graphql,2026-05-11T21:14:17.443489,1.0.0,Indy Dancer,Cruise News (Chi),,6,H,French Fries,119,30/1,31.0,31.0,GPX-8,2026-05-11T22:30:00Z,10
GPX,CL - Valparaiso Sporting Club (simulcast),2026-05-12,8,22:30,Handicap 1100mtr,Handicap,Dirt,1100mtr,"$2,250",10,Soul Queen (Chi),Juan Soto Vega,Victor Caballe,30/1,False,Thoroughbred,tvg,https://api.tvg.com/cosmo/v1/graphql,2026-05-11T21:14:17.443495,1.0.0,War Command,Sistova (Chi),,6,M,Tata Nacho,130,30/1,31.0,31.0,GPX-8,2026-05-11T22:30:00Z,10
GPX,CL - Valparaiso Sporting Club (simulcast),2026-05-12,9,23:00,Handicap 1100mtr,Handicap,Dirt,1100mtr,"$2,025",1,Lobelius (Chi),Jorge Zuniga D,Maximo Silva,10/1,False,Thoroughbred,tvg,https://api.tvg.com/cosmo/v1/graphql,2026-05-11T21:14:17.443505,1.0.0,Seeking The Dia,Linda Romana (Chi),,10,H,Leonor,123,10/1,11.0,11.0,GPX-9,2026-05-11T23:00:00Z,11
GPX,CL - Valparaiso Sporting Club (simulcast),2026-05-12,9,23:00,Handicap 1100mtr,Handicap,Dirt,1100mtr,"$2,025",2,Lucky Storm (Chi),Felipe Tapia,Victor Moris L,4/1,False,Thoroughbred,tvg,https://api.tvg.com/cosmo/v1/graphql,2026-05-11T21:14:17.443511,1.0.0,California Chrome,Portafortuna,,7,G,Aleph,128,4/1,5.0,5.0,GPX-9,2026-05-11T23:00:00Z,11
GPX,CL - Valparaiso Sporting Club (simulcast),2026-05-12,9,23:00,Handicap 1100mtr,Handicap,Dirt,1100mtr,"$2,025",3,Gran Cafrune (Chi),Tomas Seith,Victor Caballe,30/1,False,Thoroughbred,tvg,https://api.tvg.com/cosmo/v1/graphql,2026-05-11T21:14:17.443516,1.0.0,Hinz (Arg),La Femme (Arg),,7,H,Tata Nacho,128,30/1,31.0,31.0,GPX-9,2026-05-11T23:00:00Z,11
GPX,CL - Valparaiso Sporting Club (simulcast),2026-05-12,9,23:00,Handicap 1100mtr,Handicap,Dirt,1100mtr,"$2,025",4,Araukan (Chi),Gerald Rodrigu,Gabriel Reyes,3/2,False,Thoroughbred,tvg,https://api.tvg.com/cosmo/v1/graphql,2026-05-11T21:14:17.443521,1.0.0,Alfonso,Ali Macgrow (Chi),,4,C,That,126,3/2,2.5,2.5,GPX-9,2026-05-11T23:00:00Z,11
GPX,CL - Valparaiso Sporting Club (simulcast),2026-05-12,9,23:00,Handicap 1100mtr,Handicap,Dirt,1100mtr,"$2,025",5,Gran Samcredo (Chi),Israel Villagr,Carlos Vasquez,10/1,False,Thoroughbred,tvg,https://api.tvg.com/cosmo/v1/graphql,2026-05-11T21:14:17.443528,1.0.0,Ivan Denisovich (I,She Is Sweet (Chi),,4,C,Dona Sofia,123,10/1,11.0,11.0,GPX-9,2026-05-11T23:00:00Z,11
GPX,CL - Valparaiso Sporting Club (simulcast),2026-05-12,9,23:00,Handicap 1100mtr,Handicap,Dirt,1100mtr,"$2,025",6,Rubio Alocado (Chi),Rodolfo Fuenza,Jorge Araneda,6/1,False,Thoroughbred,tvg,https://api.tvg.com/cosmo/v1/graphql,2026-05-11T21:14:17.443533,1.0.0,Cumpleanos Feliz (,Like A Princess (Chi),,8,H,Renita,123,6/1,7.0,7.0,GPX-9,2026-05-11T23:00:00Z,11
GPX,CL - Valparaiso Sporting Club (simulcast),2026-05-12,9,23:00,Handicap 1100mtr,Handicap,Dirt,1100mtr,"$2,025",7,La Libertina (Chi),Sebastian Mari,Jorge Araneda,30/1,False,Thoroughbred,tvg,https://api.tvg.com/cosmo/v1/graphql,2026-05-11T21:14:17.443538,1.0.0,Good Samaritan,Miss Dear (Chi),,5,M,Pompita,123,30/1,31.0,31.0,GPX-9,2026-05-11T23:00:00Z,11
GPX,CL - Valparaiso Sporting Club (simulcast),2026-05-12,9,23:00,Handicap 1100mtr,Handicap,Dirt,1100mtr,"$2,025",8,Gran Verraco (Chi),Guillermo Pere,Gabriel Reyes,10/1,False,Thoroughbred,tvg,https://api.tvg.com/cosmo/v1/graphql,2026-05-11T21:14:17.443543,1.0.0,Verrazano,Miss Armony (Chi),,8,G,Tio Pito,128,10/1,11.0,11.0,GPX-9,2026-05-11T23:00:00Z,11
GPX,CL - Valparaiso Sporting Club (simulcast),2026-05-12,9,23:00,Handicap 1100mtr,Handicap,Dirt,1100mtr,"$2,025",9,Stevietoo (Chi),Lesly Gonzalez,Braulio Gomez,8/1,False,Thoroughbred,tvg,https://api.tvg.com/cosmo/v1/graphql,2026-05-11T21:14:17.443548,1.0.0,Stevie Wonderboy,Mitabay (Chi),,6,G,Braulio Gomez A.,123,8/1,9.0,9.0,GPX-9,2026-05-11T23:00:00Z,11
GPX,CL - Valparaiso Sporting Club (simulcast),2026-05-12,9,23:00,Handicap 1100mtr,Handicap,Dirt,1100mtr,"$2,025",10,Graciosa Cozette (Chi),Jose Villagran,Victor Moris L,30/1,False,Thoroughbred,tvg,https://api.tvg.com/cosmo/v1/graphql,2026-05-11T21:14:17.443554,1.0.0,Awesome Patriot,Princess Cozette (Fr),,4,F,Aleph,126,30/1,31.0,31.0,GPX-9,2026-05-11T23:00:00Z,11
GPX,CL - Valparaiso Sporting Club (simulcast),2026-05-12,9,23:00,Handicap 1100mtr,Handicap,Dirt,1100mtr,"$2,025",11,Tanytus (Chi),Benjamin Sanch,Victor Caballe,30/1,False,Thoroughbred,tvg,https://api.tvg.com/cosmo/v1/graphql,2026-05-11T21:14:17.443560,1.0.0,Exaggerator,Kavakava (Chi),,5,H,Tata Nacho,126,30/1,31.0,31.0,GPX-9,2026-05-11T23:00:00Z,11
HAR,Harrington Raceway,2026-05-12,1,20:35,Pace 1m,Pace,Dirt,1m,"$7,000",1,He's Webster,"Thompson, Jaso","Copeland, Vinc",20/1,False,Harness,tvg,https://api.tvg.com/cosmo/v1/graphql,2026-05-11T21:14:17.451898,1.0.0,He's Watching,Trindle Hanover,Well Said,3,G,"Jane B Ramsey,Smyrna,DE;David L Amo",0,40/1,41.0,21.0,HAR-1,2026-05-11T20:35:51Z,8
HAR,Harrington Raceway,2026-05-12,1,20:35,Pace 1m,Pace,Dirt,1m,"$7,000",2,Silver N Gold,"Deaton, Tim","Pressel, Kayla",5/1,False,Harness,tvg,https://api.tvg.com/cosmo/v1/graphql,2026-05-11T21:14:17.451930,1.0.0,Megatron,Glitter N Ginger,Fred And Ginger,4,G,"Mr Charles Ben Nitkowski,Camden Wyo",0,11/1,12.0,6.0,HAR-1,2026-05-11T20:35:51Z,8
HAR,Harrington Raceway,2026-05-12,1,20:35,Pace 1m,Pace,Dirt,1m,"$7,000",3,Earn My Bet,"Morgan, Anthon","Crissman, Tim",8/1,False,Harness,tvg,https://api.tvg.com/cosmo/v1/graphql,2026-05-11T21:14:17.451938,1.0.0,Stay Hungry,My Last Bet,Delmarvalous,3,G,"Niss Allen Inc,Fair Lawn,NJ",0,12/1,13.0,9.0,HAR-1,2026-05-11T20:35:51Z,8
HAR,Harrington Raceway,2026-05-12,1,20:35,Pace 1m,Pace,Dirt,1m,"$7,000",4,Angler Hanover,"Stafford, Art","Stafford, Andr",3/2,False,Harness,tvg,https://api.tvg.com/cosmo/v1/graphql,2026-05-11T21:14:17.451953,1.0.0,Tall Dark Stranger,Always B Beachy,Always B Miki,3,G,"Andrew J Stafford,Harrington,DE;Tho",0,4/5,1.8,2.5,HAR-1,2026-05-11T20:35:51Z,8
HAR,Harrington Raceway,2026-05-12,1,20:35,Pace 1m,Pace,Dirt,1m,"$7,000",5,Wiggle Babe,"Griffith, Shan","Short, Ronald",9/1,False,Harness,tvg,https://api.tvg.com/cosmo/v1/graphql,2026-05-11T21:14:17.451960,1.0.0,Mr Wiggles,Aunt Babe,Panspacificflight,3,G,"Ronald E Short,Greenwood,DE",0,11/1,12.0,10.0,HAR-1,2026-05-11T20:35:51Z,8
HAR,Harrington Raceway,2026-05-12,1,20:35,Pace 1m,Pace,Dirt,1m,"$7,000",6,Perfect Stu,"Cole, Mike","Columbo, Josep",8/1,False,Harness,tvg,https://api.tvg.com/cosmo/v1/graphql,2026-05-11T21:14:17.451966,1.0.0,Perfect Sting,Alexis's Beach,Somebeachsomewhere,3,G,"George& Tina Dennis Racing,Wyoming,",0,3/1,4.0,9.0,HAR-1,2026-05-11T20:35:51Z,8
HAR,Harrington Raceway,2026-05-12,1,20:35,Pace 1m,Pace,Dirt,1m,"$7,000",7,Rayvista,"Dalious, Barto","Givens, Wayne",20/1,False,Harness,tvg,https://api.tvg.com/cosmo/v1/graphql,2026-05-11T21:14:17.451972,1.0.0,Papa Ray,Vistamista,Powerful Mist,3,G,"Legacy Racing Of De Inc,Seaford,DE",0,99/1,100.0,21.0,HAR-1,2026-05-11T20:35:51Z,8
HAR,Harrington Raceway,2026-05-12,1,20:35,Pace 1m,Pace,Dirt,1m,"$7,000",8,Stonebridge Bluff,"Lynch, Jason","Lynch, Jason",3/1,False,Harness,tvg,https://api.tvg.com/cosmo/v1/graphql,2026-05-11T21:14:17.451978,1.0.0,Captain Crunch,Stonebridge Rumor,Well Said,3,G,"Jason T Lynch,Delmar,DE",0,7/2,4.5,4.0,HAR-1,2026-05-11T20:35:51Z,8
HAR,Harrington Raceway,2026-05-12,2,20:52,Pace 1m,Pace,Dirt,1m,"$11,500",1,Panther's Pinot,"Still, Rick","Bier, Jenny",9/2,False,Harness,tvg,https://api.tvg.com/cosmo/v1/graphql,2026-05-11T21:14:17.452011,1.0.0,Panther Hanover,Baby Mc,Mcardle,9,G,"Jenny Bier,Dover,DE",0,9/5,2.8,5.5,HAR-2,2026-05-11T20:52:34Z,8
HAR,Harrington Raceway,2026-05-12,2,20:52,Pace 1m,Pace,Dirt,1m,"$11,500",2,Dancinat Midland,"Foster, Russel","Foster, Arty I",3/1,False,Harness,tvg,https://api.tvg.com/cosmo/v1/graphql,2026-05-11T21:14:17.452017,1.0.0,A Rocknroll Dance,Pan Hanover,Artsplace,11,G,"Arty Foster Jr,Harrington,DE",0,5/1,6.0,4.0,HAR-2,2026-05-11T20:52:34Z,8
HAR,Harrington Raceway,2026-05-12,2,20:52,Pace 1m,Pace,Dirt,1m,"$11,500",3,Aiden Station,"Green, Jason","Ratledge, Nico",7/1,False,Harness,tvg,https://api.tvg.com/cosmo/v1/graphql,2026-05-11T21:14:17.452023,1.0.0,Heston Blue Chip,E Dee's Well Said,Well Said,4,G,"Nicole B Ratledge,Clayton,DE",0,8/1,9.0,8.0,HAR-2,2026-05-11T20:52:34Z,8
HAR,Harrington Raceway,2026-05-12,2,20:52,Pace 1m,Pace,Dirt,1m,"$11,500",4,Delightful End,"Lynch, Jason","Lynch, Jason",7/2,False,Harness,tvg,https://api.tvg.com/cosmo/v1/graphql,2026-05-11T21:14:17.452028,1.0.0,Jk Endofanera,Elizabeth Bluechip,Bettor's Delight,4,G,"Jason T Lynch,Delmar,DE",0,4/1,5.0,4.5,HAR-2,2026-05-11T20:52:34Z,8
HAR,Harrington Raceway,2026-05-12,2,20:52,Pace 1m,Pace,Dirt,1m,"$11,500",5,Coxcomb,"Stafford, Art","Crissman, Chuc",5/2,False,Harness,tvg,https://api.tvg.com/cosmo/v1/graphql,2026-05-11T21:14:17.452034,1.0.0,Sweet Lou,Summertime Lea,Lislea,8,G,"Wendy R Crissman,Dover,DE",0,2/1,3.0,3.5,HAR-2,2026-05-11T20:52:34Z,8
HAR,Harrington Raceway,2026-05-12,2,20:52,Pace 1m,Pace,Dirt,1m,"$11,500",6,Sir John B,"Morgan, Anthon","Crissman, Tim",7/1,False,Harness,tvg,https://api.tvg.com/cosmo/v1/graphql,2026-05-11T21:14:17.452040,1.0.0,Stay Hungry,Evelix Am,Art Major,5,G,"Niss Allen Inc,Fair Lawn,NJ",0,9/1,10.0,8.0,HAR-2,2026-05-11T20:52:34Z,8
HAR,Harrington Raceway,2026-05-12,2,20:52,Pace 1m,Pace,Dirt,1m,"$11,500",7,Badlands N Wine,"Cole, Mike","Columbo, Josep",20/1,False,Harness,tvg,https://api.tvg.com/cosmo/v1/graphql,2026-05-11T21:14:17.452046,1.0.0,Badlands Hanover,I'm Won Wine Wiser,Modern Art,7,G,"George& Tina Dennis Racing,Wyoming,",0,99/1,100.0,21.0,HAR-2,2026-05-11T20:52:34Z,8
HAR,Harrington Raceway,2026-05-12,2,20:52,Pace 1m,Pace,Dirt,1m,"$11,500",8,Lucky Ramsey,"Thompson, Jaso","Copeland, Vinc",20/1,False,Harness,tvg,https://api.tvg.com/cosmo/v1/graphql,2026-05-11T21:14:17.452052,1.0.0,Rockincam,Trindle Hanover,Well Said,8,G,"Jane B Ramsey,Smyrna,DE;David L Amo",0,99/1,100.0,21.0,HAR-2,2026-05-11T20:52:34Z,8
HAR,Harrington Raceway,2026-05-12,3,21:07,Pace 1m,Pace,Dirt,1m,"$15,000",1,Welcometotheshow,"Thompson, Jaso","Ell, Eric",9/2,False,Harness,tvg,https://api.tvg.com/cosmo/v1/graphql,2026-05-11T21:14:17.452067,1.0.0,Tall Dark Stranger,Come See The Show,Somebeachsomewhere,4,G,"W Kenneth & B A Wood,Denton,MD;S J",0,5/1,6.0,5.5,HAR-3,2026-05-11T21:07:56Z,8
HAR,Harrington Raceway,2026-05-12,3,21:07,Pace 1m,Pace,Dirt,1m,"$15,000",2,Airborne Spark,"Callahan, Core","Gannon, Edwin",7/1,False,Harness,tvg,https://api.tvg.com/cosmo/v1/graphql,2026-05-11T21:14:17.452073,1.0.0,Rockin Image,Precision Hanover,Somebeachsomewhere,4,G,"Jeff Fought Rcg,E Bernstadt,KY;B K",0,10/1,11.0,8.0,HAR-3,2026-05-11T21:07:56Z,8
HAR,Harrington Raceway,2026-05-12,3,21:07,Pace 1m,Pace,Dirt,1m,"$15,000",3,Manwiththeplan,"Stafford, Art",Johnson-Staffo,5/1,False,Harness,tvg,https://api.tvg.com/cosmo/v1/graphql,2026-05-11T21:14:17.452079,1.0.0,Jk Endofanera,Secluded Beach,Somebeachsomewhere,4,G,"Lawrence F Vukovic,Lansdale,PA;Will",0,15/1,16.0,6.0,HAR-3,2026-05-11T21:07:56Z,8
HAR,Harrington Raceway,2026-05-12,3,21:07,Pace 1m,Pace,Dirt,1m,"$15,000",4,Slugger On Deck,"Davis, Allan","King, Jim Jr",5/2,False,Harness,tvg,https://api.tvg.com/cosmo/v1/graphql,2026-05-11T21:14:17.452085,1.0.0,He's Watching,End To End Hanover,The Panderosa,3,C,"Jo Ann Looney-King,Harrington,DE",0,7/2,4.5,3.5,HAR-3,2026-05-11T21:07:56Z,8
HAR,Harrington Raceway,2026-05-12,3,21:07,Pace 1m,Pace,Dirt,1m,"$15,000",5,Hurrikane Miki,"Cole, Mike","Columbo, Josep",7/1,False,Harness,tvg,https://api.tvg.com/cosmo/v1/graphql,2026-05-11T21:14:17.452091,1.0.0,Always B Miki,Hurrikane Schmumma,Somebeachsomewhere,5,G,"George& Tina Dennis Racing,Wyoming,",0,9/1,10.0,8.0,HAR-3,2026-05-11T21:07:56Z,8
HAR,Harrington Raceway,2026-05-12,3,21:07,Pace 1m,Pace,Dirt,1m,"$15,000",6,Hypebeast,"Morgan, Anthon","Crissman, Tim",15/1,False,Harness,tvg,https://api.tvg.com/cosmo/v1/graphql,2026-05-11T21:14:17.452096,1.0.0,Captaintreacherous,Anndrovette,Riverboat King,5,G,"Evm Racing LLC,Middletown,DE",0,86/1,87.0,16.0,HAR-3,2026-05-11T21:07:56Z,8
HAR,Harrington Raceway,2026-05-12,3,21:07,Pace 1m,Pace,Dirt,1m,"$15,000",7,Mr Three O Five,"Teague, Montre","Glassmeyer, A",3/1,False,Harness,tvg,https://api.tvg.com/cosmo/v1/graphql,2026-05-11T21:14:17.452101,1.0.0,Lazarus N,World Of Rock,Rocknroll Hanover,5,H,"Andrew R Glassmeyer,Dover,DE",0,3/5,1.6,4.0,HAR-3,2026-05-11T21:07:56Z,8
HAR,Harrington Raceway,2026-05-12,3,21:07,Pace 1m,Pace,Dirt,1m,"$15,000",8,Shore Not Beach,"Skinner, Ryder","Berry, Traci",20/1,False,Harness,tvg,https://api.tvg.com/cosmo/v1/graphql,2026-05-11T21:14:17.452108,1.0.0,Badlands Hanover,Azure Deo,Art Major,4,G,"Tlb Racing LLC,Harrington,DE",0,94/1,95.0,21.0,HAR-3,2026-05-11T21:07:56Z,8
HAR,Harrington Raceway,2026-05-12,4,21:18,Pace 1m,Pace,Dirt,1m,"$9,500",1,Sweet Angel Boy,"Morgan, Anthon","Glassmeyer, A",7/5,False,Harness,tvg,https://api.tvg.com/cosmo/v1/graphql,2026-05-11T21:14:17.452119,1.0.0,Sweet Lou,Aries Angel,Western Ideal,8,G,"Andrew R Glassmeyer,Dover,DE",0,5/2,3.5,2.4,HAR-4,2026-05-11T21:18:03Z,8
HAR,Harrington Raceway,2026-05-12,4,21:18,Pace 1m,Pace,Dirt,1m,"$9,500",2,Madewrite,"Beyer, Troy","Johnson, Jason",5/1,False,Harness,tvg,https://api.tvg.com/cosmo/v1/graphql,2026-05-11T21:14:17.452124,1.0.0,Sportswriter,Allamerican Summer,Western Ideal,4,G,"Jason L Johnson Inc,Dover,DE;Ava L",0,10/1,11.0,6.0,HAR-4,2026-05-11T21:18:03Z,8
HAR,Harrington Raceway,2026-05-12,4,21:18,Pace 1m,Pace,Dirt,1m,"$9,500",3,Hes A Ladies Man,"Poliseno, Cody","Gray, Brooks",8/1,False,Harness,tvg,https://api.tvg.com/cosmo/v1/graphql,2026-05-11T21:14:17.452130,1.0.0,Shadow Play,Windsun Chanel,Sportswriter,7,G,"Ronald F Davis,Selbyville,DE",0,8/1,9.0,9.0,HAR-4,2026-05-11T21:18:03Z,8
HAR,Harrington Raceway,2026-05-12,4,21:18,Pace 1m,Pace,Dirt,1m,"$9,500",4,Zip Time,"Horsey, Ceba","Horsey, Ceba",20/1,False,Harness,tvg,https://api.tvg.com/cosmo/v1/graphql,2026-05-11T21:14:17.452136,1.0.0,Captain Crunch,Zipporah,Rock N Roll Heaven,4,G,"Jaypaul R Hoover,Ephrata,PA",0,5/2,3.5,21.0,HAR-4,2026-05-11T21:18:03Z,8
HAR,Harrington Raceway,2026-05-12,4,21:18,Pace 1m,Pace,Dirt,1m,"$9,500",5,Bodega Bay,"Callahan, Core","Ewing, Gary",5/1,False,Harness,tvg,https://api.tvg.com/cosmo/v1/graphql,2026-05-11T21:14:17.452141,1.0.0,Vintage Master,Nikki Beach,Somebeachsomewhere,11,G,"Gary E Ewing,Easton,MD",0,8/5,2.6,6.0,HAR-4,2026-05-11T21:18:03Z,8
HAR,Harrington Raceway,2026-05-12,4,21:18,Pace 1m,Pace,Dirt,1m,"$9,500",6,Teton Sunset,"Cole, Mike","Columbo, Josep",20/1,True,Harness,tvg,https://api.tvg.com/cosmo/v1/graphql,2026-05-11T21:14:17.452147,1.0.0,American Ideal,Gray Ghost,Art Major,9,G,"George& Tina Dennis Racing,Wyoming,",0,20/1,21.0,21.0,HAR-4,2026-05-11T21:18:03Z,8
HAR,Harrington Raceway,2026-05-12,4,21:18,Pace 1m,Pace,Dirt,1m,"$9,500",7,Herb,"Givens, Brando","Bradley, Vince",12/1,False,Harness,tvg,https://api.tvg.com/cosmo/v1/graphql,2026-05-11T21:14:17.452152,1.0.0,Emeritus Maximus,Little Sandyloam,Riggins,5,G,"J M F Racing LLC,Freehold,NJ;Vincen",0,8/1,9.0,13.0,HAR-4,2026-05-11T21:18:03Z,8
HAR,Harrington Raceway,2026-05-12,4,21:18,Pace 1m,Pace,Dirt,1m,"$9,500",8,Flash Move,"Thompson, Jaso","Hundertpfund,",4/1,False,Harness,tvg,https://api.tvg.com/cosmo/v1/graphql,2026-05-11T21:14:17.452157,1.0.0,Heston Blue Chip,Flibbertigibbet,Albert Albert,6,G,"Rodney M Long,Salisbury,MD",0,7/1,8.0,5.0,HAR-4,2026-05-11T21:18:03Z,8
HAR,Harrington Raceway,2026-05-12,5,21:42,Pace 1m,Pace,Dirt,1m,"$12,500",1,Portugal The Man,"Foster, Russel","Kimelman, Mich",7/5,False,Harness,tvg,https://api.tvg.com/cosmo/v1/graphql,2026-05-11T21:14:17.452169,1.0.0,Well Said,Brazilian,Rock N Roll Heaven,4,G,"Michael P Kimelman,Marydel,DE;Josep",0,7/5,2.4,2.4,HAR-5,2026-05-11T21:42:00Z,8
HAR,Harrington Raceway,2026-05-12,5,21:42,Pace 1m,Pace,Dirt,1m,"$12,500",2,Master Ofthe House,"Dalious, Barto","Gannon, Laura",20/1,False,Harness,tvg,https://api.tvg.com/cosmo/v1/graphql,2026-05-11T21:14:17.452177,1.0.0,Cattlewash,Lispatty,Mcardle,4,G,"Michael J & Brooke Y Gannon,Harring",0,20/1,21.0,21.0,HAR-5,2026-05-11T21:42:00Z,8
HAR,Harrington Raceway,2026-05-12,5,21:42,Pace 1m,Pace,Dirt,1m,"$12,500",3,The Dragon Reborn,"Davis, Allan","Davis, Tyler",3/1,False,Harness,tvg,https://api.tvg.com/cosmo/v1/graphql,2026-05-11T21:14:17.452182,1.0.0,Bettor's Delight,My Little Dragon,Dragon Again,5,H,"J& T Davis LLC,Smyrna,DE",0,3/1,4.0,4.0,HAR-5,2026-05-11T21:42:00Z,8
HAR,Harrington Raceway,2026-05-12,5,21:42,Pace 1m,Pace,Dirt,1m,"$12,500",4,Aloha Blue Chip,"Cole, Mike","Columbo, Josep",5/1,False,Harness,tvg,https://api.tvg.com/cosmo/v1/graphql,2026-05-11T21:14:17.452187,1.0.0,Sweet Lou,Shoreline,Captaintreacherous,3,G,"George& Tina Dennis Racing,Wyoming,",0,5/1,6.0,6.0,HAR-5,2026-05-11T21:42:00Z,8
HAR,Harrington Raceway,2026-05-12,5,21:42,Pace 1m,Pace,Dirt,1m,"$12,500",5,Do What U Do,"Callahan, Core","Johnson, Jason",20/1,False,Harness,tvg,https://api.tvg.com/cosmo/v1/graphql,2026-05-11T21:14:17.452193,1.0.0,Lazarus N,Its All About Miki,Always B Miki,4,G,"Calcutta Stable LLC,Rehoboth Beach,",0,20/1,21.0,21.0,HAR-5,2026-05-11T21:42:00Z,8
HAR,Harrington Raceway,2026-05-12,5,21:42,Pace 1m,Pace,Dirt,1m,"$12,500",6,Hunt Me Up,"Stafford, Art","Stafford, Andr",4/1,False,Harness,tvg,https://api.tvg.com/cosmo/v1/graphql,2026-05-11T21:14:17.452198,1.0.0,Huntsville,Artrageous,Art Major,4,G,"Bonnie M Benson,Lewes,DE;Andrew J S",0,4/1,5.0,5.0,HAR-5,2026-05-11T21:42:00Z,8
HAR,Harrington Raceway,2026-05-12,5,21:42,Pace 1m,Pace,Dirt,1m,"$12,500",7,Shifty Hill,"Beyer, Troy","Harmon, Orvill",20/1,False,Harness,tvg,https://api.tvg.com/cosmo/v1/graphql,2026-05-11T21:14:17.452203,1.0.0,Bettor's Delight,Margret Hill,Somebeachsomewhere,4,G,"Orville L Harmon,Mappsville,VA;Matt",0,20/1,21.0,21.0,HAR-5,2026-05-11T21:42:00Z,8
HAR,Harrington Raceway,2026-05-12,5,21:42,Pace 1m,Pace,Dirt,1m,"$12,500",8,Cheezwiz,"Thompson, Jaso","Gray, Brooks",20/1,False,Harness,tvg,https://api.tvg.com/cosmo/v1/graphql,2026-05-11T21:14:17.452208,1.0.0,Betterthancheddar,Dew It Again,Dragon Again,4,G,"Ronald F Davis,Selbyville,DE",0,20/1,21.0,21.0,HAR-5,2026-05-11T21:42:00Z,8
HAR,Harrington Raceway,2026-05-12,6,22:00,Pace 1m,Pace,Dirt,1m,"$22,500",1,Armada Hanover,"Givens, Brando","Givens, Wayne",9/2,False,Harness,tvg,https://api.tvg.com/cosmo/v1/graphql,2026-05-11T21:14:17.452218,1.0.0,Stay Hungry,Anderosa Hanover,The Panderosa,5,G,"Legacy Racing Of De Inc,Seaford,DE;",0,9/2,5.5,5.5,HAR-6,2026-05-11T22:00:00Z,8
HAR,Harrington Raceway,2026-05-12,6,22:00,Pace 1m,Pace,Dirt,1m,"$22,500",2,Wager On Me,"Cole, Mike","Columbo, Josep",20/1,False,Harness,tvg,https://api.tvg.com/cosmo/v1/graphql,2026-05-11T21:14:17.452224,1.0.0,Bettor's Delight,Ravishnmasterpiece,Art Major,10,G,"George& Tina Dennis Racing,Wyoming,",0,20/1,21.0,21.0,HAR-6,2026-05-11T22:00:00Z,8
HAR,Harrington Raceway,2026-05-12,6,22:00,Pace 1m,Pace,Dirt,1m,"$22,500",3,Hundred Dollar Man,"Teague, Montre","Francis, Clyde",2/1,False,Harness,tvg,https://api.tvg.com/cosmo/v1/graphql,2026-05-11T21:14:17.452229,1.0.0,Lather Up,Whirl The Girl,Artiscape,5,G,"Brenda Teague Inc,Houston,DE",0,2/1,3.0,3.0,HAR-6,2026-05-11T22:00:00Z,8
HAR,Harrington Raceway,2026-05-12,6,22:00,Pace 1m,Pace,Dirt,1m,"$22,500",4,My Miki Beach,"Beyer, Troy","Bailey, Ryan",9/2,False,Harness,tvg,https://api.tvg.com/cosmo/v1/graphql,2026-05-11T21:14:17.452234,1.0.0,Always B Miki,One For The Beach,Somebeachsomewhere,7,G,"Robert L Bailey Sr,Dagsboro,DE",0,9/2,5.5,5.5,HAR-6,2026-05-11T22:00:00Z,8
HAR,Harrington Raceway,2026-05-12,6,22:00,Pace 1m,Pace,Dirt,1m,"$22,500",5,T Dog,"Foster, Russel","Kimelman, Mich",10/1,False,Harness,tvg,https://api.tvg.com/cosmo/v1/graphql,2026-05-11T21:14:17.452240,1.0.0,Bolt The Duer,New Hollywood,Cam's Card Shark,6,G,"Michael P & Sara J Kimelman,Marydel",0,10/1,11.0,11.0,HAR-6,2026-05-11T22:00:00Z,8
HAR,Harrington Raceway,2026-05-12,6,22:00,Pace 1m,Pace,Dirt,1m,"$22,500",6,Steven's Saloon,"Thompson, Jaso","Hundertpfund,",9/2,False,Harness,tvg,https://api.tvg.com/cosmo/v1/graphql,2026-05-11T21:14:17.452245,1.0.0,Always B Miki,Lasting Love,Shark Gesture,5,G,"Richard A Ashley,Felton,DE;C Michae",0,9/2,5.5,5.5,HAR-6,2026-05-11T22:00:00Z,8
HAR,Harrington Raceway,2026-05-12,6,22:00,Pace 1m,Pace,Dirt,1m,"$22,500",7,J M Mandamin,"Wolfenden, Ros","Dixon, John",20/1,True,Harness,tvg,https://api.tvg.com/cosmo/v1/graphql,2026-05-11T21:14:17.452250,1.0.0,Mach Three,J M Lasstax,Camluck,10,G,"Rodney M Long,Salisbury,MD",0,20/1,21.0,21.0,HAR-6,2026-05-11T22:00:00Z,8
HAR,Harrington Raceway,2026-05-12,6,22:00,Pace 1m,Pace,Dirt,1m,"$22,500",8,Wehadababyetzaboy,"Stafford, Art","Crissman, Chuc",5/1,False,Harness,tvg,https://api.tvg.com/cosmo/v1/graphql,2026-05-11T21:14:17.452256,1.0.0,Sweet Lou,Camille,Camluck,7,G,"Evm Racing LLC,Middletown,DE",0,5/1,6.0,6.0,HAR-6,2026-05-11T22:00:00Z,8
HAR,Harrington Raceway,2026-05-12,7,22:18,Pace 1m,Pace,Dirt,1m,"$8,000",1,Iheartmum,"Davis, Eric","Davis, Janet",6/1,False,Harness,tvg,https://api.tvg.com/cosmo/v1/graphql,2026-05-11T21:14:17.452266,1.0.0,Badlands Hanover,Iheartquestionmark,General Aidid,3,G,"Janet M Davis,Hartly,DE",0,6/1,7.0,7.0,HAR-7,2026-05-11T22:18:00Z,8
HAR,Harrington Raceway,2026-05-12,7,22:18,Pace 1m,Pace,Dirt,1m,"$8,000",2,He's Peeping,"Thompson, Jaso","King, Jim Jr",3/1,False,Harness,tvg,https://api.tvg.com/cosmo/v1/graphql,2026-05-11T21:14:17.452271,1.0.0,He's Watching,Tipton Teeez,Western Terror,3,G,"Jo Ann Looney-King,Harrington,DE;Ga",0,3/1,4.0,4.0,HAR-7,2026-05-11T22:18:00Z,8
HAR,Harrington Raceway,2026-05-12,7,22:18,Pace 1m,Pace,Dirt,1m,"$8,000",3,Hickock,"Givens, Brando","Givens, Wayne",5/1,False,Harness,tvg,https://api.tvg.com/cosmo/v1/graphql,2026-05-11T21:14:17.452276,1.0.0,Sweet Lou,Some Bodacious Bet,Betting Line,3,G,"Legacy Racing Of De Inc,Seaford,DE",0,5/1,6.0,6.0,HAR-7,2026-05-11T22:18:00Z,8
HAR,Harrington Raceway,2026-05-12,7,22:18,Pace 1m,Pace,Dirt,1m,"$8,000",4,Freddie Hill,"Stafford, Art","Bailey, Ryan",9/1,False,Harness,tvg,https://api.tvg.com/cosmo/v1/graphql,2026-05-11T21:14:17.452282,1.0.0,Captaintreacherous,Look Cheap,Geartogear,4,G,"Roy L & Susan Bailey,Dagsboro,DE",0,9/1,10.0,10.0,HAR-7,2026-05-11T22:18:00Z,8
HAR,Harrington Raceway,2026-05-12,7,22:18,Pace 1m,Pace,Dirt,1m,"$8,000",5,Always Has Been,"Morgan, Anthon","Reynolds, Will",9/5,False,Harness,tvg,https://api.tvg.com/cosmo/v1/graphql,2026-05-11T21:14:17.452287,1.0.0,Tall Dark Stranger,Time On My Hands,American Ideal,3,G,"Mark R Howard,Federalsburg,MD",0,9/5,2.8,2.8,HAR-7,2026-05-11T22:18:00Z,8
HAR,Harrington Raceway,2026-05-12,7,22:18,Pace 1m,Pace,Dirt,1m,"$8,000",6,Boomerang Cowboy,"Cole, Mike","Short, Robert",20/1,False,Harness,tvg,https://api.tvg.com/cosmo/v1/graphql,2026-05-11T21:14:17.452292,1.0.0,Lazarus N,Magical Bestern,Cambest,5,G,"Robert Franklin & Laurie Short,Laur",0,20/1,21.0,21.0,HAR-7,2026-05-11T22:18:00Z,8
HAR,Harrington Raceway,2026-05-12,7,22:18,Pace 1m,Pace,Dirt,1m,"$8,000",7,Wheelhouse Hanover,"Beyer, Troy","Johnson, Jason",20/1,False,Harness,tvg,https://api.tvg.com/cosmo/v1/graphql,2026-05-11T21:14:17.452298,1.0.0,Papi Rob Hanover,Well What's New,Well Said,4,G,"Calcutta Stable LLC,Rehoboth Beach,",0,20/1,21.0,21.0,HAR-7,2026-05-11T22:18:00Z,8
HAR,Harrington Raceway,2026-05-12,7,22:18,Pace 1m,Pace,Dirt,1m,"$8,000",8,More Medhurst,"Foster, Russel","Millman, Ronal",9/1,False,Harness,tvg,https://api.tvg.com/cosmo/v1/graphql,2026-05-11T21:14:17.452303,1.0.0,More The Better N,Doc's Ravenna,Woodstock,4,G,"Chelsea Anne Botsch,Townsend,DE",0,9/1,10.0,10.0,HAR-7,2026-05-11T22:18:00Z,8
HAR,Harrington Raceway,2026-05-12,8,22:36,Pace 1m,Pace,Dirt,1m,"$11,500",1,Rockmyster N,"Green, Jason","Munson, Daniel",20/1,False,Harness,tvg,https://api.tvg.com/cosmo/v1/graphql,2026-05-11T21:14:17.452313,1.0.0,Rock N Roll Heaven,Operative Asset,Armbro Operative,8,G,"Boss Racing Usa,Elburn,IL",0,20/1,21.0,21.0,HAR-8,2026-05-11T22:36:00Z,8
HAR,Harrington Raceway,2026-05-12,8,22:36,Pace 1m,Pace,Dirt,1m,"$11,500",2,Imoutthedoor,"Scicluna, Chri","Rash, Kristyan",8/1,False,Harness,tvg,https://api.tvg.com/cosmo/v1/graphql,2026-05-11T21:14:17.452318,1.0.0,Bolt The Duer,Imoutahere,Run The Table,8,G,"Cathy J Dessert,Vadnais Heights,MN",0,8/1,9.0,9.0,HAR-8,2026-05-11T22:36:00Z,8
HAR,Harrington Raceway,2026-05-12,8,22:36,Pace 1m,Pace,Dirt,1m,"$11,500",3,Chip In Blue,"Stafford, Art","Ell, Eric",8/5,False,Harness,tvg,https://api.tvg.com/cosmo/v1/graphql,2026-05-11T21:14:17.452324,1.0.0,Heston Blue Chip,Modern Cinderella,Modern Art,5,G,"Eric Ell,Denton,MD",0,8/5,2.6,2.6,HAR-8,2026-05-11T22:36:00Z,8
HAR,Harrington Raceway,2026-05-12,8,22:36,Pace 1m,Pace,Dirt,1m,"$11,500",4,World Beater,"Morgan, Anthon","Crissman, Tim",9/2,False,Harness,tvg,https://api.tvg.com/cosmo/v1/graphql,2026-05-11T21:14:17.452329,1.0.0,Captaintreacherous,World Apart,Art Major,4,G,"Crissman Inc,Dover,DE",0,9/2,5.5,5.5,HAR-8,2026-05-11T22:36:00Z,8
HAR,Harrington Raceway,2026-05-12,8,22:36,Pace 1m,Pace,Dirt,1m,"$11,500",5,Metallica,"Thompson, Jaso","Hundertpfund,",6/1,False,Harness,tvg,https://api.tvg.com/cosmo/v1/graphql,2026-05-11T21:14:17.452334,1.0.0,Shadow Play,Fade To Black,Northern Luck,8,G,"Rodney M Long,Salisbury,MD",0,6/1,7.0,7.0,HAR-8,2026-05-11T22:36:00Z,8
HAR,Harrington Raceway,2026-05-12,8,22:36,Pace 1m,Pace,Dirt,1m,"$11,500",6,Sprocket,"Davis, Allan","Davis, Tyler",3/1,False,Harness,tvg,https://api.tvg.com/cosmo/v1/graphql,2026-05-11T21:14:17.452340,1.0.0,Sportswriter,Rocket Time,Pacific Rocket,11,G,"Denise Renee Davis,Smyrna,DE",0,3/1,4.0,4.0,HAR-8,2026-05-11T22:36:00Z,8
HAR,Harrington Raceway,2026-05-12,8,22:36,Pace 1m,Pace,Dirt,1m,"$11,500",7,Lous Sassin,"Foster, Russel","Foster, Arty I",20/1,False,Harness,tvg,https://api.tvg.com/cosmo/v1/graphql,2026-05-11T21:14:17.452345,1.0.0,Sweet Lou,Sassa Hanover,Rock N Roll Heaven,7,G,"Arty Foster Jr,Harrington,DE",0,20/1,21.0,21.0,HAR-8,2026-05-11T22:36:00Z,8
HAR,Harrington Raceway,2026-05-12,8,22:36,Pace 1m,Pace,Dirt,1m,"$11,500",8,Defiant Character,"Porter, Trae","Marsh, Jeffrey",20/1,False,Harness,tvg,https://api.tvg.com/cosmo/v1/graphql,2026-05-11T21:14:17.452350,1.0.0,Sweet Lou,Riley Character,Shady Character,4,G,"Calcutta Stable LLC,Rehoboth Beach,",0,20/1,21.0,21.0,HAR-8,2026-05-11T22:36:00Z,8
HAR,Harrington Raceway,2026-05-12,9,22:54,Pace 1m,Pace,Dirt,1m,"$10,000",1,Asteroid Ccl,"Morgan, Anthon","Marsh, Harry J",9/2,False,Harness,tvg,https://api.tvg.com/cosmo/v1/graphql,2026-05-11T21:14:17.452360,1.0.0,Sportswriter,Allamerican Laugh,Cam's Card Shark,5,G,"Harry P Marsh Jr,Ellendale,DE",0,9/2,5.5,5.5,HAR-9,2026-05-11T22:54:00Z,8
HAR,Harrington Raceway,2026-05-12,9,22:54,Pace 1m,Pace,Dirt,1m,"$10,000",2,Imahungrybaker,"Foster, Russel","Polk, George J",15/1,False,Harness,tvg,https://api.tvg.com/cosmo/v1/graphql,2026-05-11T21:14:17.452365,1.0.0,Stay Hungry,Michelle's Idea,Western Hanover,5,G,"George Polk Jr,Dover,DE",0,15/1,16.0,16.0,HAR-9,2026-05-11T22:54:00Z,8
HAR,Harrington Raceway,2026-05-12,9,22:54,Pace 1m,Pace,Dirt,1m,"$10,000",3,Clouseau,"Dalious, W Bar","Dalious, W Bar",12/1,False,Harness,tvg,https://api.tvg.com/cosmo/v1/graphql,2026-05-11T21:14:17.452370,1.0.0,Captaintreacherous,Mystery Game,Artistic Fella,3,G,"The Wiz Kids Stable LLC,Dover,DE",0,12/1,13.0,13.0,HAR-9,2026-05-11T22:54:00Z,8
HAR,Harrington Raceway,2026-05-12,9,22:54,Pace 1m,Pace,Dirt,1m,"$10,000",4,Commander Crunch,"Skinner, Ryder","Skinner, Jason",9/2,False,Harness,tvg,https://api.tvg.com/cosmo/v1/graphql,2026-05-11T21:14:17.452376,1.0.0,Captain Crunch,Go For Sand,Santanna Blue Chip,3,G,"Michael P Horn,Rehoboth Beach,DE;Ja",0,9/2,5.5,5.5,HAR-9,2026-05-11T22:54:00Z,8
HAR,Harrington Raceway,2026-05-12,9,22:54,Pace 1m,Pace,Dirt,1m,"$10,000",5,Good Lookin,"Givens, Brando","Bright, Willia",5/1,False,Harness,tvg,https://api.tvg.com/cosmo/v1/graphql,2026-05-11T21:14:17.452382,1.0.0,Papi Rob Hanover,Miss Babe Delight,Bettor's Delight,3,G,"William B Bright,Milford,DE;Dawn D",0,5/1,6.0,6.0,HAR-9,2026-05-11T22:54:00Z,8
HAR,Harrington Raceway,2026-05-12,9,22:54,Pace 1m,Pace,Dirt,1m,"$10,000",6,Prime Hanover,"Green, Jason","Ratledge, Nico",10/1,False,Harness,tvg,https://api.tvg.com/cosmo/v1/graphql,2026-05-11T21:14:17.452389,1.0.0,Captaintreacherous,Perfect Cents,Bettor's Delight,3,G,"Nicole B Ratledge,Clayton,DE",0,10/1,11.0,11.0,HAR-9,2026-05-11T22:54:00Z,8
HAR,Harrington Raceway,2026-05-12,9,22:54,Pace 1m,Pace,Dirt,1m,"$10,000",7,Ricky Hill,"Cole, Mike","Columbo, Josep",12/1,False,Harness,tvg,https://api.tvg.com/cosmo/v1/graphql,2026-05-11T21:14:17.452395,1.0.0,Always B Miki,Demi Hill,Captaintreacherous,4,G,"George& Tina Dennis Racing,Wyoming,",0,12/1,13.0,13.0,HAR-9,2026-05-11T22:54:00Z,8
HAR,Harrington Raceway,2026-05-12,9,22:54,Pace 1m,Pace,Dirt,1m,"$10,000",8,Cris P Bacon,"Stafford, Art",Johnson-Staffo,8/5,True,Harness,tvg,https://api.tvg.com/cosmo/v1/graphql,2026-05-11T21:14:17.452401,1.0.0,Tellitlikeitis,Martha Bigrig,Riggins,3,C,"Stacy P Johnson-Stafford,Felton,DE",0,8/5,2.6,2.6,HAR-9,2026-05-11T22:54:00Z,8
HAR,Harrington Raceway,2026-05-12,10,23:12,Pace 1m,Pace,Dirt,1m,"$9,500",1,Uncle Dd,"Givens, Brando","Bradley, Vince",5/2,False,Harness,tvg,https://api.tvg.com/cosmo/v1/graphql,2026-05-11T21:14:17.452412,1.0.0,Jk Endofanera,Hah Chachacha,Always A Virgin,6,G,"Vincent S Bradley,Laurel,DE",0,5/2,3.5,3.5,HAR-10,2026-05-11T23:12:00Z,8
HAR,Harrington Raceway,2026-05-12,10,23:12,Pace 1m,Pace,Dirt,1m,"$9,500",2,Blood Feud,"Davis, Allan","Davis, Tyler",5/2,False,Harness,tvg,https://api.tvg.com/cosmo/v1/graphql,2026-05-11T21:14:17.452419,1.0.0,Somebeachsomewhere,Blood Diamond,Western Ideal,8,G,"J& T Davis LLC,Smyrna,DE",0,5/2,3.5,3.5,HAR-10,2026-05-11T23:12:00Z,8
HAR,Harrington Raceway,2026-05-12,10,23:12,Pace 1m,Pace,Dirt,1m,"$9,500",3,Hurrikane Georgie,"Stafford, Art","Hanley, Erica",9/5,False,Harness,tvg,https://api.tvg.com/cosmo/v1/graphql,2026-05-11T21:14:17.452425,1.0.0,Roll With Joe,Ideal Tan,American Ideal,8,G,"Erica M Hanley,Felton,DE",0,9/5,2.8,2.8,HAR-10,2026-05-11T23:12:00Z,8
HAR,Harrington Raceway,2026-05-12,10,23:12,Pace 1m,Pace,Dirt,1m,"$9,500",4,Kerford Road A,"Horsey, Ceba","Horsey, Ceba",20/1,False,Harness,tvg,https://api.tvg.com/cosmo/v1/graphql,2026-05-11T21:14:17.452430,1.0.0,Somebeachsomewhere,Just Delight,Bettor's Delight,12,G,"Jaypaul R Hoover,Ephrata,PA",0,20/1,21.0,21.0,HAR-10,2026-05-11T23:12:00Z,8
HAR,Harrington Raceway,2026-05-12,10,23:12,Pace 1m,Pace,Dirt,1m,"$9,500",5,The Candyman Can,"Morgan, Anthon","Ewing, Gary",20/1,False,Harness,tvg,https://api.tvg.com/cosmo/v1/graphql,2026-05-11T21:14:17.452436,1.0.0,Rockin Image,Sweet Lady Jane,Somebeachsomewhere,9,G,"Gary E Ewing,Easton,MD",0,20/1,21.0,21.0,HAR-10,2026-05-11T23:12:00Z,8
HAR,Harrington Raceway,2026-05-12,10,23:12,Pace 1m,Pace,Dirt,1m,"$9,500",6,Topville Somrocket,"Beyer, Troy","Johnson, Jason",20/1,False,Harness,tvg,https://api.tvg.com/cosmo/v1/graphql,2026-05-11T21:14:17.452443,1.0.0,Rockin Image,Somewhere Fameous,Somebeachsomewhere,7,G,"Calcutta Stable LLC,Rehoboth Beach,",0,20/1,21.0,21.0,HAR-10,2026-05-11T23:12:00Z,8
HAR,Harrington Raceway,2026-05-12,10,23:12,Pace 1m,Pace,Dirt,1m,"$9,500",7,Ds Heartland,"Thompson, Jaso","Hundertpfund,",7/1,False,Harness,tvg,https://api.tvg.com/cosmo/v1/graphql,2026-05-11T21:14:17.452448,1.0.0,Badlands Hanover,Armbro Cashmere,Camluck,7,G,"Rodney M Long,Salisbury,MD",0,7/1,8.0,8.0,HAR-10,2026-05-11T23:12:00Z,8
HAR,Harrington Raceway,2026-05-12,10,23:12,Pace 1m,Pace,Dirt,1m,"$9,500",8,Under Contract,"Cole, Mike","Columbo, Josep",20/1,False,Harness,tvg,https://api.tvg.com/cosmo/v1/graphql,2026-05-11T21:14:17.452454,1.0.0,Art Major,New Hollywood,Cam's Card Shark,8,G,"George& Tina Dennis Racing,Wyoming,",0,20/1,21.0,21.0,HAR-10,2026-05-11T23:12:00Z,8
HAR,Harrington Raceway,2026-05-12,11,23:30,Pace 1m,Pace,Dirt,1m,"$12,500",1,Brookview Dice,"Thompson, Jaso","Kirby, Tom",5/1,False,Harness,tvg,https://api.tvg.com/cosmo/v1/graphql,2026-05-11T21:14:17.452464,1.0.0,Tellitlikeitis,Fashion Virtue,Western Hanover,6,G,"Karen Kirby,Milford,DE",0,5/1,6.0,6.0,HAR-11,2026-05-11T23:30:00Z,8
HAR,Harrington Raceway,2026-05-12,11,23:30,Pace 1m,Pace,Dirt,1m,"$12,500",2,Jersey Beach,"Rearic, David","Rearic, David",4/1,False,Harness,tvg,https://api.tvg.com/cosmo/v1/graphql,2026-05-11T21:14:17.452469,1.0.0,Lazarus N,Parlee Beach,Somebeachsomewhere,5,G,"David H Rearic,Federalsburg,MD",0,4/1,5.0,5.0,HAR-11,2026-05-11T23:30:00Z,8
HAR,Harrington Raceway,2026-05-12,11,23:30,Pace 1m,Pace,Dirt,1m,"$12,500",3,Salazar Hanover,"Givens, Brando","Givens, Les",3/1,False,Harness,tvg,https://api.tvg.com/cosmo/v1/graphql,2026-05-11T21:14:17.452474,1.0.0,Papi Rob Hanover,Spells Well,Well Said,4,G,"Nanticoke Rcg Inc,Seaford,DE;H J Fa",0,3/1,4.0,4.0,HAR-11,2026-05-11T23:30:00Z,8
HAR,Harrington Raceway,2026-05-12,11,23:30,Pace 1m,Pace,Dirt,1m,"$12,500",4,Hotchkiss,"Stafford, Art","Stafford, Andr",7/5,False,Harness,tvg,https://api.tvg.com/cosmo/v1/graphql,2026-05-11T21:14:17.452482,1.0.0,Papi Rob Hanover,Delizabeth,Bettor's Delight,4,G,"Andrew J Stafford,Harrington,DE;Tho",0,7/5,2.4,2.4,HAR-11,2026-05-11T23:30:00Z,8
HAR,Harrington Raceway,2026-05-12,11,23:30,Pace 1m,Pace,Dirt,1m,"$12,500",5,Up To Mama,"Davis, Allan","Dennis, Darryl",20/1,False,Harness,tvg,https://api.tvg.com/cosmo/v1/graphql,2026-05-11T21:14:17.452488,1.0.0,Lather Up,Bad Mama,Badlands Nitro,4,H,"Donnie L & Nancy E Drewer,Salisbury",0,20/1,21.0,21.0,HAR-11,2026-05-11T23:30:00Z,8
HAR,Harrington Raceway,2026-05-12,11,23:30,Pace 1m,Pace,Dirt,1m,"$12,500",6,Cavalli Island,"Wolfenden, Ros","Wolfenden, Ros",20/1,False,Harness,tvg,https://api.tvg.com/cosmo/v1/graphql,2026-05-11T21:14:17.452493,1.0.0,Badlands Hanover,Keystone Rhythm,Camotion,5,G,"Ross T Wolfenden,Felton,DE",0,20/1,21.0,21.0,HAR-11,2026-05-11T23:30:00Z,8
HAR,Harrington Raceway,2026-05-12,11,23:30,Pace 1m,Pace,Dirt,1m,"$12,500",7,Don't Say Maybe,"Porter, Trae","Truitt, Bryan",20/1,False,Harness,tvg,https://api.tvg.com/cosmo/v1/graphql,2026-05-11T21:14:17.452498,1.0.0,Rusty's For Real,Sarcastic Bluechip,American Ideal,4,G,"Bryan J Truitt,Selbyville,DE",0,20/1,21.0,21.0,HAR-11,2026-05-11T23:30:00Z,8
HAR,Harrington Raceway,2026-05-12,11,23:30,Pace 1m,Pace,Dirt,1m,"$12,500",8,Southwind Iron,"Green, Jason","Sullivan, Jami",20/1,False,Harness,tvg,https://api.tvg.com/cosmo/v1/graphql,2026-05-11T21:14:17.452503,1.0.0,American Ideal,Southwind Inertia,Captaintreacherous,3,G,"Frank E Chick,Harrington,DE",0,20/1,21.0,21.0,HAR-11,2026-05-11T23:30:00Z,8
HAR,Harrington Raceway,2026-05-12,12,23:48,Pace 1m,Pace,Dirt,1m,"$14,500",1,Southwind Pharoah,"Cole, Mike","Columbo, Josep",10/1,False,Harness,tvg,https://api.tvg.com/cosmo/v1/graphql,2026-05-11T21:14:17.452513,1.0.0,Bettor's Delight,Southwind Paris,Sportswriter,7,G,"George& Tina Dennis Racing,Wyoming,",0,10/1,11.0,11.0,HAR-12,2026-05-11T23:48:00Z,8
HAR,Harrington Raceway,2026-05-12,12,23:48,Pace 1m,Pace,Dirt,1m,"$14,500",2,Art Scaping,"Thompson, Jaso","Hundertpfund,",5/1,False,Harness,tvg,https://api.tvg.com/cosmo/v1/graphql,2026-05-11T21:14:17.452519,1.0.0,American Ideal,Abrokenart Hanover,Artiscape,8,G,"Rodney M Long,Salisbury,MD",0,5/1,6.0,6.0,HAR-12,2026-05-11T23:48:00Z,8
HAR,Harrington Raceway,2026-05-12,12,23:48,Pace 1m,Pace,Dirt,1m,"$14,500",3,Iwannabewithyou,"Stafford, Art","Crissman, Chuc",9/5,False,Harness,tvg,https://api.tvg.com/cosmo/v1/graphql,2026-05-11T21:14:17.452524,1.0.0,Luck Be Withyou,Bo Tox Hanover,Dragon Again,7,G,"Wade V Wyatt,Dover,DE",0,9/5,2.8,2.8,HAR-12,2026-05-11T23:48:00Z,8
HAR,Harrington Raceway,2026-05-12,12,23:48,Pace 1m,Pace,Dirt,1m,"$14,500",4,Primary Colors,"Teague, Montre","Gara, Molly",6/1,False,Harness,tvg,https://api.tvg.com/cosmo/v1/graphql,2026-05-11T21:14:17.452530,1.0.0,Jk Endofanera,Color's A Virgin,Always A Virgin,8,H,"Scott Sullivan,Fort Myers,FL;James",0,6/1,7.0,7.0,HAR-12,2026-05-11T23:48:00Z,8
HAR,Harrington Raceway,2026-05-12,12,23:48,Pace 1m,Pace,Dirt,1m,"$14,500",5,Top Genius,"Wolfenden, Ros","Dixon, John",20/1,False,Harness,tvg,https://api.tvg.com/cosmo/v1/graphql,2026-05-11T21:14:17.452535,1.0.0,American Ideal,Above Average,Art Major,7,G,"Sean M Dixon,Mardela Springs,MD",0,20/1,21.0,21.0,HAR-12,2026-05-11T23:48:00Z,8
HAR,Harrington Raceway,2026-05-12,12,23:48,Pace 1m,Pace,Dirt,1m,"$14,500",6,On The Cards N,"Foster, Russel","Reynolds, Will",20/1,False,Harness,tvg,https://api.tvg.com/cosmo/v1/graphql,2026-05-11T21:14:17.452544,1.0.0,Bettor's Delight,Funontherun,In The Pocket,11,G,"Mark R Howard,Federalsburg,MD",0,20/1,21.0,21.0,HAR-12,2026-05-11T23:48:00Z,8
HAR,Harrington Raceway,2026-05-12,12,23:48,Pace 1m,Pace,Dirt,1m,"$14,500",7,Forward Look,"Davis, Allan","Davis, Brendan",9/2,False,Harness,tvg,https://api.tvg.com/cosmo/v1/graphql,2026-05-11T21:14:17.452549,1.0.0,Huntsville,Hannah Isabel,Bettor's Delight,6,G,"Moni Talks LLC,Smyrna,DE",0,9/2,5.5,5.5,HAR-12,2026-05-11T23:48:00Z,8
HAR,Harrington Raceway,2026-05-12,12,23:48,Pace 1m,Pace,Dirt,1m,"$14,500",8,Stunners Wish,"Morgan, Anthon","Crissman, Tim",5/1,False,Harness,tvg,https://api.tvg.com/cosmo/v1/graphql,2026-05-11T21:14:17.452554,1.0.0,Rusty's For Real,Quick Step,Bettor's Delight,8,G,"Crissman Inc,Dover,DE",0,5/1,6.0,6.0,HAR-12,2026-05-11T23:48:00Z,8
HAR,Harrington Raceway,2026-05-12,13,00:06,Pace 1m,Pace,Dirt,1m,"$8,000",1,Think Big,"Cole, Mike","Short, Robert",20/1,False,Harness,tvg,https://api.tvg.com/cosmo/v1/graphql,2026-05-11T21:14:17.452564,1.0.0,American Ideal,In Deep Thought,Ponder,5,G,"Robert Franklin & Laurie Short,Laur",0,20/1,21.0,21.0,HAR-13,2026-05-12T00:06:00Z,8
HAR,Harrington Raceway,2026-05-12,13,00:06,Pace 1m,Pace,Dirt,1m,"$8,000",2,Ragnar,"Morgan, Anthon","Murray, Brando",6/1,False,Harness,tvg,https://api.tvg.com/cosmo/v1/graphql,2026-05-11T21:14:17.452569,1.0.0,A Rocknroll Dance,Southern Viking,Matt's Scooter,6,G,"Wanda J Murray,Millsboro,DE",0,6/1,7.0,7.0,HAR-13,2026-05-12T00:06:00Z,8
HAR,Harrington Raceway,2026-05-12,13,00:06,Pace 1m,Pace,Dirt,1m,"$8,000",3,Arette,"Davis, Allan","King, Jim Jr",2/1,False,Harness,tvg,https://api.tvg.com/cosmo/v1/graphql,2026-05-11T21:14:17.452575,1.0.0,Badlands Hanover,Bottle Of Red,Heston Blue Chip,3,G,"Jeffrey L Marsh Jr,Lewes,DE",0,2/1,3.0,3.0,HAR-13,2026-05-12T00:06:00Z,8
HAR,Harrington Raceway,2026-05-12,13,00:06,Pace 1m,Pace,Dirt,1m,"$8,000",4,K D's Song,"Teague, Montre","Francis, Clyde",8/5,False,Harness,tvg,https://api.tvg.com/cosmo/v1/graphql,2026-05-11T21:14:17.452580,1.0.0,Delmarvalous,Katias Song,Dream Away,3,G,"Brenda Teague Inc,Houston,DE",0,8/5,2.6,2.6,HAR-13,2026-05-12T00:06:00Z,8
HAR,Harrington Raceway,2026-05-12,13,00:06,Pace 1m,Pace,Dirt,1m,"$8,000",5,Roman Raider,"Dalious, Barto","Givens, Wayne",9/2,False,Harness,tvg,https://api.tvg.com/cosmo/v1/graphql,2026-05-11T21:14:17.452585,1.0.0,Sports Column,Pillage,Royal Mattjesty,3,G,"Legacy Racing Of De Inc,Seaford,DE;",0,9/2,5.5,5.5,HAR-13,2026-05-12T00:06:00Z,8
HAR,Harrington Raceway,2026-05-12,13,00:06,Pace 1m,Pace,Dirt,1m,"$8,000",6,Sweetnfast,"Beyer, Troy","Johnson, Jason",20/1,False,Harness,tvg,https://api.tvg.com/cosmo/v1/graphql,2026-05-11T21:14:17.452591,1.0.0,Sweet Lou,Lindwood Beachgirl,Somebeachsomewhere,3,C,"Jason L Johnson Inc,Dover,DE",0,20/1,21.0,21.0,HAR-13,2026-05-12T00:06:00Z,8
HAR,Harrington Raceway,2026-05-12,13,00:06,Pace 1m,Pace,Dirt,1m,"$8,000",7,Fastest Road,"Stafford, Art","Jarman, Roy",20/1,False,Harness,tvg,https://api.tvg.com/cosmo/v1/graphql,2026-05-11T21:14:17.452596,1.0.0,Well Said,Yellow Brick Road,Camluck,4,G,"Joyce L Edwards,Marydel,DE",0,20/1,21.0,21.0,HAR-13,2026-05-12T00:06:00Z,8
HAR,Harrington Raceway,2026-05-12,13,00:06,Pace 1m,Pace,Dirt,1m,"$8,000",8,Speaksoftlytome,"Foster, Russel","Hundertpfund,",15/1,False,Harness,tvg,https://api.tvg.com/cosmo/v1/graphql,2026-05-11T21:14:17.452602,1.0.0,Sunfire Blue Chip,Aims Whisper,Bettor's Delight,3,G,"Richard A Ashley,Felton,DE;Theresa",0,15/1,16.0,16.0,HAR-13,2026-05-12T00:06:00Z,8
HAR,Harrington Raceway,2026-05-12,14,00:24,Pace 1m,Pace,Dirt,1m,"$11,000",1,Master Rigger,"Dalious, Barto","Dalious, W Bar",7/2,False,Harness,tvg,https://api.tvg.com/cosmo/v1/graphql,2026-05-11T21:14:17.452613,1.0.0,American Ideal,Icapella Hanover,Somebeachsomewhere,7,G,"The Wiz Kids Stable LLC,Dover,DE",0,7/2,4.5,4.5,HAR-14,2026-05-12T00:24:00Z,8
HAR,Harrington Raceway,2026-05-12,14,00:24,Pace 1m,Pace,Dirt,1m,"$11,000",2,Ats Hanover,"Thompson, Jaso","Hundertpfund,",5/1,False,Harness,tvg,https://api.tvg.com/cosmo/v1/graphql,2026-05-11T21:14:17.452618,1.0.0,Bettor's Delight,Always True,Western Hanover,7,G,"Richard A Ashley,Felton,DE;Theresa",0,5/1,6.0,6.0,HAR-14,2026-05-12T00:24:00Z,8
HAR,Harrington Raceway,2026-05-12,14,00:24,Pace 1m,Pace,Dirt,1m,"$11,000",3,Proper One,"Poliseno, Cody","Poliseno, Carl",15/1,False,Harness,tvg,https://api.tvg.com/cosmo/v1/graphql,2026-05-11T21:14:17.452624,1.0.0,Proper Respect,Jk Glory Days,Bettor's Delight,12,G,"Louis W Tomczak Jr,Dover,DE",0,15/1,16.0,16.0,HAR-14,2026-05-12T00:24:00Z,8
HAR,Harrington Raceway,2026-05-12,14,00:24,Pace 1m,Pace,Dirt,1m,"$11,000",4,Tyson Hanover,"Foster, Russel","Reynolds, Will",5/1,False,Harness,tvg,https://api.tvg.com/cosmo/v1/graphql,2026-05-11T21:14:17.452629,1.0.0,Stay Hungry,Take That Hanover,Well Said,5,G,"Mark R Howard,Federalsburg,MD",0,5/1,6.0,6.0,HAR-14,2026-05-12T00:24:00Z,8
HAR,Harrington Raceway,2026-05-12,14,00:24,Pace 1m,Pace,Dirt,1m,"$11,000",5,Saulsbrook Genesis,"Callahan, Core","Johnson, Jason",5/1,False,Harness,tvg,https://api.tvg.com/cosmo/v1/graphql,2026-05-11T21:14:17.452634,1.0.0,Sunshine Beach,Southwind Oasis,Sportswriter,8,G,"N Callahan,Grnwd,DE;Yorwollahan Rcg",0,5/1,6.0,6.0,HAR-14,2026-05-12T00:24:00Z,8
HAR,Harrington Raceway,2026-05-12,14,00:24,Pace 1m,Pace,Dirt,1m,"$11,000",6,Back Pocket Miki,"Cole, Mike","Columbo, Josep",20/1,False,Harness,tvg,https://api.tvg.com/cosmo/v1/graphql,2026-05-11T21:14:17.452642,1.0.0,Always B Miki,Lady In Pink,Rock N Roll Heaven,6,G,"George& Tina Dennis Racing,Wyoming,",0,20/1,21.0,21.0,HAR-14,2026-05-12T00:24:00Z,8
HAR,Harrington Raceway,2026-05-12,14,00:24,Pace 1m,Pace,Dirt,1m,"$11,000",7,Joker On Jack,"Davis, Allan","Ell, Eric",4/1,False,Harness,tvg,https://api.tvg.com/cosmo/v1/graphql,2026-05-11T21:14:17.452647,1.0.0,Bettor's Delight,Jk Molly,Art Major,6,G,"W Kenneth Wood,Denton,MD;W J Dittma",0,4/1,5.0,5.0,HAR-14,2026-05-12T00:24:00Z,8
HAR,Harrington Raceway,2026-05-12,14,00:24,Pace 1m,Pace,Dirt,1m,"$11,000",8,Rocknroll Lou,"Morgan, Anthon","Glassmeyer, A",9/2,False,Harness,tvg,https://api.tvg.com/cosmo/v1/graphql,2026-05-11T21:14:17.452653,1.0.0,Sweet Lou,Beautiful Lady,Rocknroll Hanover,5,G,"Andrew R Glassmeyer,Dover,DE",0,9/2,5.5,5.5,HAR-14,2026-05-12T00:24:00Z,8
HAR,Harrington Raceway,2026-05-12,15,00:42,Pace 1m,Pace,Dirt,1m,"$8,500",1,Sir Charles Of Sky,"Beyer, Troy","Johnson, Jason",5/1,False,Harness,tvg,https://api.tvg.com/cosmo/v1/graphql,2026-05-11T21:14:17.452663,1.0.0,Charley Barley,Skyway Hanover,Western Ideal,8,G,"Calcutta Stable LLC,Rehoboth Beach,",0,5/1,6.0,6.0,HAR-15,2026-05-12T00:42:00Z,8
HAR,Harrington Raceway,2026-05-12,15,00:42,Pace 1m,Pace,Dirt,1m,"$8,500",2,Live Love Lindy,"Lynch, A Toby","Lynch, A Toby",7/2,False,Harness,tvg,https://api.tvg.com/cosmo/v1/graphql,2026-05-11T21:14:17.452669,1.0.0,Captaintreacherous,Luck Be A Lindy,Bettor's Delight,6,G,"Alton E Lynch Jr Inc,Delmar,DE",0,7/2,4.5,4.5,HAR-15,2026-05-12T00:42:00Z,8
HAR,Harrington Raceway,2026-05-12,15,00:42,Pace 1m,Pace,Dirt,1m,"$8,500",3,Adam Twelve,"Callahan, Core","Callahan, Nich",2/1,False,Harness,tvg,https://api.tvg.com/cosmo/v1/graphql,2026-05-11T21:14:17.452676,1.0.0,Luck Be Withyou,Mandy's Mattjesty,His Mattjesty,6,G,"N I Callahan,Greenwood,DE;Yorwollah",0,2/1,3.0,3.0,HAR-15,2026-05-12T00:42:00Z,8
HAR,Harrington Raceway,2026-05-12,15,00:42,Pace 1m,Pace,Dirt,1m,"$8,500",4,Balder Son,"Cole, Mike","Columbo, Josep",4/1,False,Harness,tvg,https://api.tvg.com/cosmo/v1/graphql,2026-05-11T21:14:17.452681,1.0.0,Betterthancheddar,Epic,Jereme's Jet,10,G,"George& Tina Dennis Racing,Wyoming,",0,4/1,5.0,5.0,HAR-15,2026-05-12T00:42:00Z,8
HAR,Harrington Raceway,2026-05-12,15,00:42,Pace 1m,Pace,Dirt,1m,"$8,500",5,D Day Hill,"Davis, Allan","Marsh, Harry J",20/1,False,Harness,tvg,https://api.tvg.com/cosmo/v1/graphql,2026-05-11T21:14:17.452686,1.0.0,Somebeachsomewhere,Beyonce Blue Chip,Art Major,10,H,"Janet Rae & Joseph J Kansak,Ocean V",0,20/1,21.0,21.0,HAR-15,2026-05-12T00:42:00Z,8
HAR,Harrington Raceway,2026-05-12,15,00:42,Pace 1m,Pace,Dirt,1m,"$8,500",6,Brazen Brazilian,"Foster, Russel","Kimelman, Mich",6/1,False,Harness,tvg,https://api.tvg.com/cosmo/v1/graphql,2026-05-11T21:14:17.452693,1.0.0,Thinking Out Loud,Brazilian,Rock N Roll Heaven,9,G,"Michael P & Sara J Kimelman,Marydel",0,6/1,7.0,7.0,HAR-15,2026-05-12T00:42:00Z,8
HAR,Harrington Raceway,2026-05-12,15,00:42,Pace 1m,Pace,Dirt,1m,"$8,500",7,Girldad,"Thompson, Jaso","Cook, S. Dale",20/1,False,Harness,tvg,https://api.tvg.com/cosmo/v1/graphql,2026-05-11T21:14:17.452698,1.0.0,Sweet Lou,Krispy Apple,Western Ideal,6,G,"Drive On Racing LLC,Hartly,DE",0,20/1,21.0,21.0,HAR-15,2026-05-12T00:42:00Z,8
HAR,Harrington Raceway,2026-05-12,15,00:42,Pace 1m,Pace,Dirt,1m,"$8,500",8,Double Metal,"Poliseno, Cody","Poliseno, Carl",20/1,False,Harness,tvg,https://api.tvg.com/cosmo/v1/graphql,2026-05-11T21:14:17.452703,1.0.0,Betting Line,Double Creme,Albert Albert,8,G,"Carlo J Poliseno,Dover,DE;Todd A Bu",0,20/1,21.0,21.0,HAR-15,2026-05-12T00:42:00Z,8
IJN,Horseshoe Indianapolis,2026-05-12,1,18:16,Maiden Special Weight 6f,Maiden Special Weight,Dirt,6f,"$38,500",1,Hunted Prayer,Gutierrez Jose R,Haran John,5/1,False,Thoroughbred,tvg,https://api.tvg.com/cosmo/v1/graphql,2026-05-11T21:14:17.464422,1.0.0,Prayer For Relief,Huntingtons Beauty,Pass Rush,3,G,"Haran Thoroughbreds, LLC (John Haran)",115,6/1,7.0,6.0,IJN-1,2026-05-11T18:16:52Z,10
IJN,Horseshoe Indianapolis,2026-05-12,1,18:16,Maiden Special Weight 6f,Maiden Special Weight,Dirt,6f,"$38,500",2,Powerful Justice,De La Cruz Fernando,Klopp Randy L,10/1,False,Thoroughbred,tvg,https://api.tvg.com/cosmo/v1/graphql,2026-05-11T21:14:17.464439,1.0.0,Harry's Holiday,Traditionalist,Aptitude,3,G,"Spiess Stable, LLC (Roger Spiess) and Randy Klopp",120,21/1,22.0,11.0,IJN-1,2026-05-11T18:16:52Z,10
IJN,Horseshoe Indianapolis,2026-05-12,1,18:16,Maiden Special Weight 6f,Maiden Special Weight,Dirt,6f,"$38,500",3,Unbridled Valor,Romero Joseph M,Garcia Israel J,20/1,False,Thoroughbred,tvg,https://api.tvg.com/cosmo/v1/graphql,2026-05-11T21:14:17.464446,1.0.0,Unbridled Express,Runaway Dream,Jimmy Creed,3,G,Israel J. Garcia,115,58/1,59.0,21.0,IJN-1,2026-05-11T18:16:52Z,10
IJN,Horseshoe Indianapolis,2026-05-12,1,18:16,Maiden Special Weight 6f,Maiden Special Weight,Dirt,6f,"$38,500",4,It's My Song,Prescott Rodney A,Duran Antonio,12/1,False,Thoroughbred,tvg,https://api.tvg.com/cosmo/v1/graphql,2026-05-11T21:14:17.464483,1.0.0,Speightsong,Your Pace Or Mine,Mineshaft,3,G,"Rancho Monarca, LLC  (Kathryn and Antonio Duran)",120,14/1,15.0,13.0,IJN-1,2026-05-11T18:16:52Z,10
IJN,Horseshoe Indianapolis,2026-05-12,1,18:16,Maiden Special Weight 6f,Maiden Special Weight,Dirt,6f,"$38,500",5,Mitchell's Joy,Sanjur Santo,Haran John,6/1,False,Thoroughbred,tvg,https://api.tvg.com/cosmo/v1/graphql,2026-05-11T21:14:17.464492,1.0.0,Prayer For Relief,Raja Breeze,Shore Breeze,3,G,"Clabar Mor Stable, LLC (Michael J. Ryan) and Haran Thoroughbreds, LLC (John Hara",120,8/5,2.6,7.0,IJN-1,2026-05-11T18:16:52Z,10
IJN,Horseshoe Indianapolis,2026-05-12,1,18:16,Maiden Special Weight 6f,Maiden Special Weight,Dirt,6f,"$38,500",6,Up N Up,Bermudez Samuel E,Lauer Michael E,6/1,False,Thoroughbred,tvg,https://api.tvg.com/cosmo/v1/graphql,2026-05-11T21:14:17.464499,1.0.0,Ready's Image,Mizzen My Momma,Mizzen Mast,4,C,Penny S. Lauer,124,10/1,11.0,7.0,IJN-1,2026-05-11T18:16:52Z,10
IJN,Horseshoe Indianapolis,2026-05-12,1,18:16,Maiden Special Weight 6f,Maiden Special Weight,Dirt,6f,"$38,500",7,Maximum Justice,"Pedroza, Jr. Marcelino",Garcia Genaro,9/2,False,Thoroughbred,tvg,https://api.tvg.com/cosmo/v1/graphql,2026-05-11T21:14:17.464505,1.0.0,Harry's Holiday,Sheltowee's Gold,Dialed In,3,G,"Steve H. Lewis and Southwest Racing Stables, Inc.  (Genaro Garcia)",120,11/1,12.0,5.5,IJN-1,2026-05-11T18:16:52Z,10
IJN,Horseshoe Indianapolis,2026-05-12,1,18:16,Maiden Special Weight 6f,Maiden Special Weight,Dirt,6f,"$38,500",8,Rioja Alta,Morales Joshua,Cunningham Anthony F,4/1,False,Thoroughbred,tvg,https://api.tvg.com/cosmo/v1/graphql,2026-05-11T21:14:17.464511,1.0.0,Sombeyay,Ethel G,Uncle Mo,3,G,Pamela Brickley Hann,120,9/2,5.5,5.0,IJN-1,2026-05-11T18:16:52Z,10
IJN,Horseshoe Indianapolis,2026-05-12,1,18:16,Maiden Special Weight 6f,Maiden Special Weight,Dirt,6f,"$38,500",9,Ta Ta Today Junior,Murrill Mitchell,Eggleston Tim,8/1,False,Thoroughbred,tvg,https://api.tvg.com/cosmo/v1/graphql,2026-05-11T21:14:17.464518,1.0.0,Speightsong,Voided Contract,Zensational,3,G,Keli Eggleston and Robert Beyers,120,3/1,4.0,9.0,IJN-1,2026-05-11T18:16:52Z,10
IJN,Horseshoe Indianapolis,2026-05-12,1,18:16,Maiden Special Weight 6f,Maiden Special Weight,Dirt,6f,"$38,500",10,Rich Lover,Ramos Joseph D,Riley Donna,20/1,True,Thoroughbred,tvg,https://api.tvg.com/cosmo/v1/graphql,2026-05-11T21:14:17.464525,1.0.0,Discreet Lover,Spy Girl,Discreet Cat,3,G,Carter and Donna Riley,120,20/1,21.0,21.0,IJN-1,2026-05-11T18:16:52Z,10
IJN,Horseshoe Indianapolis,2026-05-12,2,18:46,Maiden Claiming 5f,Maiden Claiming,Dirt,5f,"$39,440",1,C C's Gift,"Pedroza, Jr. Marcelino",Garcia Genaro,4/1,False,Thoroughbred,tvg,https://api.tvg.com/cosmo/v1/graphql,2026-05-11T21:14:17.464546,1.0.0,Gift Box,Cecilia's Fever,Stormy Atlantic,2,F,"Southwest Racing Stables, Inc. (Genaro Garcia)",116,3/2,2.5,5.0,IJN-2,2026-05-11T18:46:31Z,6
IJN,Horseshoe Indianapolis,2026-05-12,2,18:46,Maiden Claiming 5f,Maiden Claiming,Dirt,5f,"$39,440",2,Fizzypopberrytwist,Sheehy Danny,Mcentee Paul,3/1,False,Thoroughbred,tvg,https://api.tvg.com/cosmo/v1/graphql,2026-05-11T21:14:17.464554,1.0.0,Rock Your World,Unbridled Madam,Shackleford,2,F,"Hall Stables, LLC (Sam Hall)",119,8/1,9.0,4.0,IJN-2,2026-05-11T18:46:31Z,6
IJN,Horseshoe Indianapolis,2026-05-12,2,18:46,Maiden Claiming 5f,Maiden Claiming,Dirt,5f,"$39,440",3,Baytown Sassy,Bealmear Joseph C,Mcentee Paul,6/1,False,Thoroughbred,tvg,https://api.tvg.com/cosmo/v1/graphql,2026-05-11T21:14:17.464560,1.0.0,Mckinzie,Girardi,Tiznow,2,F,"Baytown Partnership (Cheryl McEntee) and Trawitzki Thoroughbreds, LLC (Alyssa Tr",119,17/1,18.0,7.0,IJN-2,2026-05-11T18:46:31Z,6
IJN,Horseshoe Indianapolis,2026-05-12,2,18:46,Maiden Claiming 5f,Maiden Claiming,Dirt,5f,"$39,440",4,Pioneer Sky,Gutierrez Jose R,Garcia Israel J,7/2,False,Thoroughbred,tvg,https://api.tvg.com/cosmo/v1/graphql,2026-05-11T21:14:17.464568,1.0.0,Skylord,She's A Pioneer,Pioneering,2,F,Israel J. Garcia,111,4/1,5.0,4.5,IJN-2,2026-05-11T18:46:31Z,6
IJN,Horseshoe Indianapolis,2026-05-12,2,18:46,Maiden Claiming 5f,Maiden Claiming,Dirt,5f,"$39,440",5,Techwerkian,Sanjur Santo,Hernandez Rey,5/2,False,Thoroughbred,tvg,https://api.tvg.com/cosmo/v1/graphql,2026-05-11T21:14:17.464576,1.0.0,Olympiad,Comedia,Smart Strike,2,F,"Rey Hernandez, Ricardo Labra and Rhonda Cornum",119,6/5,2.2,3.5,IJN-2,2026-05-11T18:46:31Z,6
IJN,Horseshoe Indianapolis,2026-05-12,2,18:46,Maiden Claiming 5f,Maiden Claiming,Dirt,5f,"$39,440",6,Mesdemon,Roman Constantino,Torres Marcelino,8/1,False,Thoroughbred,tvg,https://api.tvg.com/cosmo/v1/graphql,2026-05-11T21:14:17.464588,1.0.0,Spun To Run,Tiz Da Biz,Tizway,2,F,Eddie Gilkison,119,30/1,31.0,9.0,IJN-2,2026-05-11T18:46:31Z,6
IJN,Horseshoe Indianapolis,2026-05-12,3,19:16,Allowance 6f,Allowance,Dirt,6f,"$46,240",1,Inflammabelle,Sanjur Santo,Labra Rogelio,12/1,False,Thoroughbred,tvg,https://api.tvg.com/cosmo/v1/graphql,2026-05-11T21:14:17.464602,1.0.0,Flameaway,Snicker Belle,Distorted Humor,5,M,Juan De la Cruz,122,45/1,46.0,13.0,IJN-3,2026-05-11T19:16:27Z,8
IJN,Horseshoe Indianapolis,2026-05-12,3,19:16,Allowance 6f,Allowance,Dirt,6f,"$46,240",2,Juanita Mychiquita,Burgos Alberto,Labra Rogelio,15/1,True,Thoroughbred,tvg,https://api.tvg.com/cosmo/v1/graphql,2026-05-11T21:14:17.464607,1.0.0,Jimmy Creed,White Gold Chanel,Cape Blanco (Ire),3,F,Juan De la Cruz,118,15/1,16.0,16.0,IJN-3,2026-05-11T19:16:27Z,8
IJN,Horseshoe Indianapolis,2026-05-12,3,19:16,Allowance 6f,Allowance,Dirt,6f,"$46,240",3,Fancy Fascinator,Pauly Summer,"Moger, Jr. Ed",5/2,False,Thoroughbred,tvg,https://api.tvg.com/cosmo/v1/graphql,2026-05-11T21:14:17.464615,1.0.0,Sir Prancealot (Ire),Solar Miss,Malibu Moon,5,M,Steve Moger,117,9/5,2.8,3.5,IJN-3,2026-05-11T19:16:27Z,8
IJN,Horseshoe Indianapolis,2026-05-12,3,19:16,Allowance 6f,Allowance,Dirt,6f,"$46,240",4,Fat Chance,Murrill Mitchell,Eggleston Tim,4/1,False,Thoroughbred,tvg,https://api.tvg.com/cosmo/v1/graphql,2026-05-11T21:14:17.464624,1.0.0,Bravazo,Archusexy,Archarcharch,4,F,"Willowbrook Stables, Ltd. (David Neiman) and Jane Woods",119,5/2,3.5,5.0,IJN-3,2026-05-11T19:16:27Z,8
IJN,Horseshoe Indianapolis,2026-05-12,3,19:16,Allowance 6f,Allowance,Dirt,6f,"$46,240",5,Spirited Justice,Contreras Luis,Medina Tomas,6/1,False,Thoroughbred,tvg,https://api.tvg.com/cosmo/v1/graphql,2026-05-11T21:14:17.464630,1.0.0,Lantana Mob,She Fox,Into Mischief,3,F,Keeley Chay Justice,115,4/1,5.0,7.0,IJN-3,2026-05-11T19:16:27Z,8
IJN,Horseshoe Indianapolis,2026-05-12,3,19:16,Allowance 6f,Allowance,Dirt,6f,"$46,240",6,Campaign Promises,Mendoza Amir,Garcia Genaro,10/1,True,Thoroughbred,tvg,https://api.tvg.com/cosmo/v1/graphql,2026-05-11T21:14:17.464636,1.0.0,Global Campaign,Bid It Up,Stormy Atlantic,4,F,"Southwest Racing Stables, Inc. (Genaro Garcia) and Triple V Racing, LLC (Brandon",117,10/1,11.0,11.0,IJN-3,2026-05-11T19:16:27Z,8
IJN,Horseshoe Indianapolis,2026-05-12,3,19:16,Allowance 6f,Allowance,Dirt,6f,"$46,240",7,Devil Of Paradis,Roman Constantino,Evans Ii Michael,6/1,False,Thoroughbred,tvg,https://api.tvg.com/cosmo/v1/graphql,2026-05-11T21:14:17.464642,1.0.0,Competitive Edge,Americagreatagain,Congrats,5,M,Jennifer and Eduardo Terrazas,122,4/1,5.0,7.0,IJN-3,2026-05-11T19:16:27Z,8
IJN,Horseshoe Indianapolis,2026-05-12,3,19:16,Allowance 6f,Allowance,Dirt,6f,"$46,240",8,Patty Van Twinkle,"Pedroza, Jr. Marcelino",Garcia Genaro,7/2,False,Thoroughbred,tvg,https://api.tvg.com/cosmo/v1/graphql,2026-05-11T21:14:17.464649,1.0.0,Not Bourbon,Yes She's A Lady,Yes It's True,6,M,"Southwest Racing Stables, Inc. (Genaro Garcia) and Triple V Racing, LLC (Brandon",122,3/1,4.0,4.5,IJN-3,2026-05-11T19:16:27Z,8
IJN,Horseshoe Indianapolis,2026-05-12,4,19:46,Allowance Optional Claiming 8f,Allowance Optional Claiming,Turf,8f,"$49,680",1,Just Ruthless,Torres Jaime A,Mott Riley,3/1,False,Thoroughbred,tvg,https://api.tvg.com/cosmo/v1/graphql,2026-05-11T21:14:17.464662,1.0.0,Justify,Notorious R B G,Speightstown,4,F,"Rock Ridge Racing, LLC (Codee Guffey)",122,3/5,1.6,4.0,IJN-4,2026-05-11T19:46:41Z,12
IJN,Horseshoe Indianapolis,2026-05-12,4,19:46,Allowance Optional Claiming 8f,Allowance Optional Claiming,Turf,8f,"$49,680",2,Sassy Allie,Hisby Ronald,Mitchell Sherman S,15/1,False,Thoroughbred,tvg,https://api.tvg.com/cosmo/v1/graphql,2026-05-11T21:14:17.464669,1.0.0,Coal Front,Seattle Sass,Chief Seattle,5,M,Dawn Mitchell and Jesse Mitchell,122,60/1,61.0,16.0,IJN-4,2026-05-11T19:46:41Z,12
IJN,Horseshoe Indianapolis,2026-05-12,4,19:46,Allowance Optional Claiming 8f,Allowance Optional Claiming,Turf,8f,"$49,680",3,Viral Plane Lady,Prescott Rodney A,Labra Rogelio,8/1,False,Thoroughbred,tvg,https://api.tvg.com/cosmo/v1/graphql,2026-05-11T21:14:17.464674,1.0.0,Mitole,Social Vindication,Vindication,4,F,Ricardo Labra,122,22/1,23.0,9.0,IJN-4,2026-05-11T19:46:41Z,12
IJN,Horseshoe Indianapolis,2026-05-12,4,19:46,Allowance Optional Claiming 8f,Allowance Optional Claiming,Turf,8f,"$49,680",4,Cairo Dream,"Pedroza, Jr. Marcelino",Block Chris M,8/5,True,Thoroughbred,tvg,https://api.tvg.com/cosmo/v1/graphql,2026-05-11T21:14:17.464681,1.0.0,Cairo Prince,Indian Tale,Tale Of The Cat,5,M,"Moabo Stables, LLC (Tim Witt, et al.)",122,8/5,2.6,2.6,IJN-4,2026-05-11T19:46:41Z,12
IJN,Horseshoe Indianapolis,2026-05-12,4,19:46,Allowance Optional Claiming 8f,Allowance Optional Claiming,Turf,8f,"$49,680",5,Bilyana,De La Cruz Fernando,Foster Eric N,8/1,False,Thoroughbred,tvg,https://api.tvg.com/cosmo/v1/graphql,2026-05-11T21:14:17.464687,1.0.0,Caracaro,Truth In The Lies,Hold Me Back,4,F,Maxis Stable (Sid Karmia) and Foster Family Racing (Brooklyn Foster),122,9/5,2.8,9.0,IJN-4,2026-05-11T19:46:41Z,12
IJN,Horseshoe Indianapolis,2026-05-12,4,19:46,Allowance Optional Claiming 8f,Allowance Optional Claiming,Turf,8f,"$49,680",6,Always Wanting,Gutierrez Jose R,Elliott Michelle L,20/1,False,Thoroughbred,tvg,https://api.tvg.com/cosmo/v1/graphql,2026-05-11T21:14:17.464692,1.0.0,Always Dreaming,Peace Opportunity,Point Of Entry,5,M,"Mullikin Thoroughbreds, LLC (Tom Mullikin) and Elliott Racing, LLC (Michelle L.",117,10/1,11.0,21.0,IJN-4,2026-05-11T19:46:41Z,12
IJN,Horseshoe Indianapolis,2026-05-12,4,19:46,Allowance Optional Claiming 8f,Allowance Optional Claiming,Turf,8f,"$49,680",7,Junta,Ramos Joseph D,Granitz Anthony J,6/1,False,Thoroughbred,tvg,https://api.tvg.com/cosmo/v1/graphql,2026-05-11T21:14:17.464698,1.0.0,Constitution,I Thee Wed,Hard Spun,4,F,Jacob Spooner,122,9/1,10.0,7.0,IJN-4,2026-05-11T19:46:41Z,12
IJN,Horseshoe Indianapolis,2026-05-12,4,19:46,Allowance Optional Claiming 8f,Allowance Optional Claiming,Turf,8f,"$49,680",8,Polka Polenta,Bermudez Samuel E,"Cazares, Jr. Rene",20/1,False,Thoroughbred,tvg,https://api.tvg.com/cosmo/v1/graphql,2026-05-11T21:14:17.464704,1.0.0,Fort Larned,Polyantha Rose,Tiznow,8,M,Cazares Racing Stables LLC (Rene Cazares),122,14/1,15.0,21.0,IJN-4,2026-05-11T19:46:41Z,12
IJN,Horseshoe Indianapolis,2026-05-12,4,19:46,Allowance Optional Claiming 8f,Allowance Optional Claiming,Turf,8f,"$49,680",9,Footnote,Roman Constantino,Torres Marcelino,30/1,True,Thoroughbred,tvg,https://api.tvg.com/cosmo/v1/graphql,2026-05-11T21:14:17.464710,1.0.0,Carpe Diem,Agent Provocateur,Interactif,4,F,Marcelino Torres,122,30/1,31.0,31.0,IJN-4,2026-05-11T19:46:41Z,12
IJN,Horseshoe Indianapolis,2026-05-12,4,19:46,Allowance Optional Claiming 8f,Allowance Optional Claiming,Turf,8f,"$49,680",10,Caumsett,Romero Joseph M,Paye Jose,30/1,True,Thoroughbred,tvg,https://api.tvg.com/cosmo/v1/graphql,2026-05-11T21:14:17.464719,1.0.0,The Factor,Sister Diane,Giant's Causeway,8,M,Courtney Paye,117,30/1,31.0,31.0,IJN-4,2026-05-11T19:46:41Z,12
IJN,Horseshoe Indianapolis,2026-05-12,4,19:46,Allowance Optional Claiming 8f,Allowance Optional Claiming,Turf,8f,"$49,680",11,Tiz Bayou,Murrill Mitchell,Eggleston Tim,5/1,True,Thoroughbred,tvg,https://api.tvg.com/cosmo/v1/graphql,2026-05-11T21:14:17.464725,1.0.0,Tiz Sardonic Joe,Jennys Royalpurple,Bluegrass Cat,6,M,Cathi Jones,119,5/1,6.0,6.0,IJN-4,2026-05-11T19:46:41Z,12
IJN,Horseshoe Indianapolis,2026-05-12,4,19:46,Allowance Optional Claiming 8f,Allowance Optional Claiming,Turf,8f,"$49,680",12,L. A. Woman,Cannon Declan,Walsh Brendan P,10/1,True,Thoroughbred,tvg,https://api.tvg.com/cosmo/v1/graphql,2026-05-11T21:14:17.464731,1.0.0,City Of Light,Teammate,A.P. Indy,5,M,Calumet Farm (Brad Kelley),122,10/1,11.0,11.0,IJN-4,2026-05-11T19:46:41Z,12
IJN,Horseshoe Indianapolis,2026-05-12,5,20:17,Maiden Special Weight 6f,Maiden Special Weight,Dirt,6f,"$36,000",1,Unresponsive,Gutierrez Jose R,Elliott Michelle L,15/1,False,Thoroughbred,tvg,https://api.tvg.com/cosmo/v1/graphql,2026-05-11T21:14:17.464741,1.0.0,Cross Traffic,Prize Surprize,Pure Prize,3,G,Elliott Ventures (Amy Elliott),117,35/1,36.0,16.0,IJN-5,2026-05-11T20:17:06Z,13
IJN,Horseshoe Indianapolis,2026-05-12,5,20:17,Maiden Special Weight 6f,Maiden Special Weight,Dirt,6f,"$36,000",2,Aumoe,Bermudez Samuel E,Fontenot Dawn A,8/1,False,Thoroughbred,tvg,https://api.tvg.com/cosmo/v1/graphql,2026-05-11T21:14:17.464750,1.0.0,Midnight Storm,Brenda's Gold,Scat Daddy,3,G,Eddie Carrizalez,122,11/1,12.0,9.0,IJN-5,2026-05-11T20:17:06Z,13
IJN,Horseshoe Indianapolis,2026-05-12,5,20:17,Maiden Special Weight 6f,Maiden Special Weight,Dirt,6f,"$36,000",3,Indy Kid,Murrill Mitchell,Eggleston Tim,30/1,False,Thoroughbred,tvg,https://api.tvg.com/cosmo/v1/graphql,2026-05-11T21:14:17.464755,1.0.0,Gormley,Black Nova,Holiday Promise,3,G,Joseph Baldassari,122,74/1,75.0,31.0,IJN-5,2026-05-11T20:17:06Z,13
IJN,Horseshoe Indianapolis,2026-05-12,5,20:17,Maiden Special Weight 6f,Maiden Special Weight,Dirt,6f,"$36,000",4,Mister Spitfire,De La Cruz Fernando,Klopp Randy L,8/1,False,Thoroughbred,tvg,https://api.tvg.com/cosmo/v1/graphql,2026-05-11T21:14:17.464761,1.0.0,Bucchero,Lovely Trophy Girl,Hard Spun,3,G,Jerry Anderson,122,5/1,6.0,9.0,IJN-5,2026-05-11T20:17:06Z,13
IJN,Horseshoe Indianapolis,2026-05-12,5,20:17,Maiden Special Weight 6f,Maiden Special Weight,Dirt,6f,"$36,000",5,Standard Edition,Contreras Luis,Silva Miguel A,20/1,False,Thoroughbred,tvg,https://api.tvg.com/cosmo/v1/graphql,2026-05-11T21:14:17.464766,1.0.0,By My Standards,Coy,Elusive Quality,3,G,Tom Loafman and Silva Racing LLC (Miguel Angel Silva),122,30/1,31.0,21.0,IJN-5,2026-05-11T20:17:06Z,13
IJN,Horseshoe Indianapolis,2026-05-12,5,20:17,Maiden Special Weight 6f,Maiden Special Weight,Dirt,6f,"$36,000",6,Thousands Of Hopes,"Pedroza, Jr. Marcelino",Garcia Genaro,4/1,False,Thoroughbred,tvg,https://api.tvg.com/cosmo/v1/graphql,2026-05-11T21:14:17.464772,1.0.0,Thousand Words,The Bees Knees,Klimt,3,G,"Southwest Racing Stables, Inc. (Genaro Garcia)",122,4/1,5.0,5.0,IJN-5,2026-05-11T20:17:06Z,13
IJN,Horseshoe Indianapolis,2026-05-12,5,20:17,Maiden Special Weight 6f,Maiden Special Weight,Dirt,6f,"$36,000",7,Rebel Sky,Roman Evin A,Cazares Jose,30/1,False,Thoroughbred,tvg,https://api.tvg.com/cosmo/v1/graphql,2026-05-11T21:14:17.464777,1.0.0,Enticed,Talk Softly,Malibu Moon,3,G,"Jimenez Racing Stable, LLC (Normando Jimenez)",122,88/1,89.0,31.0,IJN-5,2026-05-11T20:17:06Z,13
IJN,Horseshoe Indianapolis,2026-05-12,5,20:17,Maiden Special Weight 6f,Maiden Special Weight,Dirt,6f,"$36,000",8,Basil,Villarreal Oscar,Matejka Pavel,6/1,False,Thoroughbred,tvg,https://api.tvg.com/cosmo/v1/graphql,2026-05-11T21:14:17.464783,1.0.0,Basin,Lemon Frosted,Lemon Drop Kid,3,G,Pavel Matejka,122,6/1,7.0,7.0,IJN-5,2026-05-11T20:17:06Z,13
IJN,Horseshoe Indianapolis,2026-05-12,5,20:17,Maiden Special Weight 6f,Maiden Special Weight,Dirt,6f,"$36,000",9,Willy's In Charge,Burgos Alberto,Klopp Randy L,9/2,False,Thoroughbred,tvg,https://api.tvg.com/cosmo/v1/graphql,2026-05-11T21:14:17.464789,1.0.0,Will Take Charge,Hoosier Queen,Sun King,3,C,Reese Ranch (Dennis Reese),122,6/1,7.0,5.5,IJN-5,2026-05-11T20:17:06Z,13
IJN,Horseshoe Indianapolis,2026-05-12,5,20:17,Maiden Special Weight 6f,Maiden Special Weight,Dirt,6f,"$36,000",10,Forever Hope,Ramos Joseph D,Medina Tomas,5/1,False,Thoroughbred,tvg,https://api.tvg.com/cosmo/v1/graphql,2026-05-11T21:14:17.464815,1.0.0,Jimmy Creed,Sky Mystic,Sky Mesa,3,C,Blanca Salazar,122,7/2,4.5,6.0,IJN-5,2026-05-11T20:17:06Z,13
IJN,Horseshoe Indianapolis,2026-05-12,5,20:17,Maiden Special Weight 6f,Maiden Special Weight,Dirt,6f,"$36,000",11,El Numero Uno,Prescott Rodney A,Duran Antonio,20/1,False,Thoroughbred,tvg,https://api.tvg.com/cosmo/v1/graphql,2026-05-11T21:14:17.464827,1.0.0,Vekoma,Blue Magic,Yes It's True,3,G,"Rancho Monarca, LLC  (Kathryn and Antonio Duran) and Brian J. Elmore",122,14/1,15.0,21.0,IJN-5,2026-05-11T20:17:06Z,13
IJN,Horseshoe Indianapolis,2026-05-12,5,20:17,Maiden Special Weight 6f,Maiden Special Weight,Dirt,6f,"$36,000",12,Movin Out,Romero Joseph M,Davis Joseph D,6/1,False,Thoroughbred,tvg,https://api.tvg.com/cosmo/v1/graphql,2026-05-11T21:14:17.464833,1.0.0,Mineshaft,Swear For Roses,Flower Alley,3,R,"Jimenez Racing Stable, LLC (Normando Jimenez)",117,5/1,6.0,7.0,IJN-5,2026-05-11T20:17:06Z,13
IJN,Horseshoe Indianapolis,2026-05-12,5,20:17,Maiden Special Weight 6f,Maiden Special Weight,Dirt,6f,"$36,000",13,Stuck In Park,Burgos Alberto,Klopp Randy L,5/1,True,Thoroughbred,tvg,https://api.tvg.com/cosmo/v1/graphql,2026-05-11T21:14:17.464838,1.0.0,Army Mule,Bourbonstateofmind,Street Sense,3,G,"Spiess Stable, LLC (Roger Spiess) and Randy Klopp",122,5/1,6.0,6.0,IJN-5,2026-05-11T20:17:06Z,13
IJN,Horseshoe Indianapolis,2026-05-12,6,20:47,Claiming 8f,Claiming,Turf,8f,"$23,800",1,White Lilacs,Perez Luis D,Salas Felipe,30/1,False,Thoroughbred,tvg,https://api.tvg.com/cosmo/v1/graphql,2026-05-11T21:14:17.464860,1.0.0,Verrazano,Gradient,Flower Alley,7,M,Froylan Garcia,110,16/1,17.0,31.0,IJN-6,2026-05-11T20:47:38Z,16
IJN,Horseshoe Indianapolis,2026-05-12,6,20:47,Claiming 8f,Claiming,Turf,8f,"$23,800",2,Extravagant Prince,Villarreal Oscar,Mccall Iii William P,12/1,False,Thoroughbred,tvg,https://api.tvg.com/cosmo/v1/graphql,2026-05-11T21:14:17.464866,1.0.0,Cairo Prince,Pretty Extravagant,With Distinction,4,G,"William P. McCall, III",122,40/1,41.0,13.0,IJN-6,2026-05-11T20:47:38Z,16
IJN,Horseshoe Indianapolis,2026-05-12,6,20:47,Claiming 8f,Claiming,Turf,8f,"$23,800",3,Go Bali Go,Murrill Mitchell,Nance Jonathan,6/1,False,Thoroughbred,tvg,https://api.tvg.com/cosmo/v1/graphql,2026-05-11T21:14:17.464872,1.0.0,Bal A Bali (Brz),Sally's Dream,Utopia (Jpn),7,G,"Charles Allen, Craig Minten and Jonathan Nance",122,4/1,5.0,7.0,IJN-6,2026-05-11T20:47:38Z,16
IJN,Horseshoe Indianapolis,2026-05-12,6,20:47,Claiming 8f,Claiming,Turf,8f,"$23,800",4,King Of Kentucky,De La Cruz Fernando,Brownfield Iii Claude L,8/1,False,Thoroughbred,tvg,https://api.tvg.com/cosmo/v1/graphql,2026-05-11T21:14:17.464878,1.0.0,Speightstown,Royal Ancestry,Distorted Humor,6,G,Daniel F. O'Donnell,122,3/1,4.0,9.0,IJN-6,2026-05-11T20:47:38Z,16
IJN,Horseshoe Indianapolis,2026-05-12,6,20:47,Claiming 8f,Claiming,Turf,8f,"$23,800",5,Patronage,Gutierrez Jose R,Labra Rogelio,30/1,False,Thoroughbred,tvg,https://api.tvg.com/cosmo/v1/graphql,2026-05-11T21:14:17.464884,1.0.0,Kantharos,Bella Cara,Midnight Lute,5,G,Rogelio Labra,117,8/1,9.0,31.0,IJN-6,2026-05-11T20:47:38Z,16
IJN,Horseshoe Indianapolis,2026-05-12,6,20:47,Claiming 8f,Claiming,Turf,8f,"$23,800",6,Professor Higgins,Saez Gabriel,Holsapple Hutch,20/1,False,Thoroughbred,tvg,https://api.tvg.com/cosmo/v1/graphql,2026-05-11T21:14:17.464890,1.0.0,Oscar Performance,Noble Ready,More Than Ready,6,G,"Dundalk 5, LLC (Tim Kindlon), Wesley F. Herek Racing Stable, LLC (Wes Herek) and",122,23/1,24.0,21.0,IJN-6,2026-05-11T20:47:38Z,16
IJN,Horseshoe Indianapolis,2026-05-12,6,20:47,Claiming 8f,Claiming,Turf,8f,"$23,800",7,Pilkington,Roman Evin A,Anderson Susan L,10/1,True,Thoroughbred,tvg,https://api.tvg.com/cosmo/v1/graphql,2026-05-11T21:14:17.464897,1.0.0,Hard Spun,Stormin Elle,Stormello,6,G,"Pocket Aces Racing, LLC (Marc Wampler and Jared Shoemaker)",122,10/1,11.0,11.0,IJN-6,2026-05-11T20:47:38Z,16
IJN,Horseshoe Indianapolis,2026-05-12,6,20:47,Claiming 8f,Claiming,Turf,8f,"$23,800",8,Blue Coast,Beschizza Adam,House Gary F,15/1,False,Thoroughbred,tvg,https://api.tvg.com/cosmo/v1/graphql,2026-05-11T21:14:17.464903,1.0.0,Omaha Beach,High Performer,Candy Ride (Arg),4,G,Gary F. House,122,27/1,28.0,16.0,IJN-6,2026-05-11T20:47:38Z,16
IJN,Horseshoe Indianapolis,2026-05-12,6,20:47,Claiming 8f,Claiming,Turf,8f,"$23,800",9,Shiesty To Chase,Moncada Irving,Weaver Michael,6/1,False,Thoroughbred,tvg,https://api.tvg.com/cosmo/v1/graphql,2026-05-11T21:14:17.464909,1.0.0,Mor Spirit,Excedere,Shakespeare,5,G,Josh Eckels and Chin Dynasty (Kimmel Chin),119,6/1,7.0,7.0,IJN-6,2026-05-11T20:47:38Z,16
IJN,Horseshoe Indianapolis,2026-05-12,6,20:47,Claiming 8f,Claiming,Turf,8f,"$23,800",10,Memphis Pharoah,Prescott Rodney A,Matthews Randy,12/1,False,Thoroughbred,tvg,https://api.tvg.com/cosmo/v1/graphql,2026-05-11T21:14:17.464914,1.0.0,American Pharoah,Unabashed,Elusive Quality,6,G,Mark David Hixson,122,7/1,8.0,13.0,IJN-6,2026-05-11T20:47:38Z,16
IJN,Horseshoe Indianapolis,2026-05-12,6,20:47,Claiming 8f,Claiming,Turf,8f,"$23,800",11,Born Flashy,Ramos Joseph D,Wisner Tracey J,5/1,False,Thoroughbred,tvg,https://api.tvg.com/cosmo/v1/graphql,2026-05-11T21:14:17.464921,1.0.0,Demarchelier (Gb),Born Special,Pulpit,5,G,"Spiess Racing, LLC (Jacob Spiess and Ryan Spiess)",122,3/1,4.0,6.0,IJN-6,2026-05-11T20:47:38Z,16
IJN,Horseshoe Indianapolis,2026-05-12,6,20:47,Claiming 8f,Claiming,Turf,8f,"$23,800",12,Franz Josef,Antongeorgi Iii William,Wismer Troy S,5/2,True,Thoroughbred,tvg,https://api.tvg.com/cosmo/v1/graphql,2026-05-11T21:14:17.464926,1.0.0,Mshawish,Silent Emotion,Ghazi,8,G,"Novogratz Racing Stables, Inc. (Joseph F. Novogratz)",122,5/2,3.5,3.5,IJN-6,2026-05-11T20:47:38Z,16
IJN,Horseshoe Indianapolis,2026-05-12,6,20:47,Claiming 8f,Claiming,Turf,8f,"$23,800",13,Rich Kingdom,Pena Pedro,Riley Donna,6/1,True,Thoroughbred,tvg,https://api.tvg.com/cosmo/v1/graphql,2026-05-11T21:14:17.464932,1.0.0,Sky Kingdom,Spy Girl,Discreet Cat,9,G,Carter and Donna Riley,109,6/1,7.0,7.0,IJN-6,2026-05-11T20:47:38Z,16
IJN,Horseshoe Indianapolis,2026-05-12,6,20:47,Claiming 8f,Claiming,Turf,8f,"$23,800",14,Geraldraydaplegray,Contreras Luis,Donjuan Sergio,15/1,False,Thoroughbred,tvg,https://api.tvg.com/cosmo/v1/graphql,2026-05-11T21:14:17.464938,1.0.0,Mohaymen,Judy's Prize,New Year's Day,4,G,Fred L. Jackson,122,17/1,18.0,16.0,IJN-6,2026-05-11T20:47:38Z,16
IJN,Horseshoe Indianapolis,2026-05-12,6,20:47,Claiming 8f,Claiming,Turf,8f,"$23,800",15,Money War,Bermudez Samuel E,"Gonzalez, Jr. Agustin",8/1,True,Thoroughbred,tvg,https://api.tvg.com/cosmo/v1/graphql,2026-05-11T21:14:17.464948,1.0.0,Declaration Of War,Money Queen,E Dubai,7,G,"Campos Family Ventures, LLC (Gladys Campos, et al.)",122,8/1,9.0,9.0,IJN-6,2026-05-11T20:47:38Z,16
IJN,Horseshoe Indianapolis,2026-05-12,6,20:47,Claiming 8f,Claiming,Turf,8f,"$23,800",16,Personal Creed,Bermudez Samuel E,Brownfield Iii Claude L,20/1,True,Thoroughbred,tvg,https://api.tvg.com/cosmo/v1/graphql,2026-05-11T21:14:17.464953,1.0.0,Jimmy Creed,Barby Sue,Purge,4,C,Daniel F. O'Donnell,122,20/1,21.0,21.0,IJN-6,2026-05-11T20:47:38Z,16
IJN,Horseshoe Indianapolis,2026-05-12,7,21:15,Maiden Special Weight 8f,Maiden Special Weight,Turf,8f,"$43,520",1,Coaldigger,Franca Carlos E,Woodbury Judy,30/1,False,Thoroughbred,tvg,https://api.tvg.com/cosmo/v1/graphql,2026-05-11T21:14:17.464966,1.0.0,Coal Front,Candycream,Twirling Candy,3,C,Judy Woodbury,122,63/1,64.0,31.0,IJN-7,2026-05-11T21:15:00Z,16
IJN,Horseshoe Indianapolis,2026-05-12,7,21:15,Maiden Special Weight 8f,Maiden Special Weight,Turf,8f,"$43,520",2,Denikos,Pauly Summer,Jarvis Kathy,30/1,False,Thoroughbred,tvg,https://api.tvg.com/cosmo/v1/graphql,2026-05-11T21:14:17.464971,1.0.0,Hard Spun,Kalabaka,Trappe Shot,3,G,"AFM Stables, Ltd. (Jeff Jarvis)",117,74/1,75.0,31.0,IJN-7,2026-05-11T21:15:00Z,16
IJN,Horseshoe Indianapolis,2026-05-12,7,21:15,Maiden Special Weight 8f,Maiden Special Weight,Turf,8f,"$43,520",3,Buckley Gold Water,Saez Gabriel,Medina Robert,30/1,False,Thoroughbred,tvg,https://api.tvg.com/cosmo/v1/graphql,2026-05-11T21:14:17.464976,1.0.0,Authentic,Hollywood Wife,Curlin,3,C,Snake River Stable LLC (Nicholas King),122,21/1,22.0,31.0,IJN-7,2026-05-11T21:15:00Z,16
IJN,Horseshoe Indianapolis,2026-05-12,7,21:15,Maiden Special Weight 8f,Maiden Special Weight,Turf,8f,"$43,520",4,Gotcha,Cannon Declan,Walsh Brendan P,7/2,False,Thoroughbred,tvg,https://api.tvg.com/cosmo/v1/graphql,2026-05-11T21:14:17.464982,1.0.0,Practical Joke,Factfull,The Factor,3,G,Mulberry Racing Pty Ltd (Michael Gregg),122,8/5,2.6,4.5,IJN-7,2026-05-11T21:15:00Z,16
IJN,Horseshoe Indianapolis,2026-05-12,7,21:15,Maiden Special Weight 8f,Maiden Special Weight,Turf,8f,"$43,520",5,Tazzy,Prescott Rodney A,Duran Antonio,20/1,False,Thoroughbred,tvg,https://api.tvg.com/cosmo/v1/graphql,2026-05-11T21:14:17.464987,1.0.0,Good Samaritan,Tessio,Mineshaft,3,G,"Rancho Monarca, LLC  (Kathryn and Antonio Duran)",122,18/1,19.0,21.0,IJN-7,2026-05-11T21:15:00Z,16
IJN,Horseshoe Indianapolis,2026-05-12,7,21:15,Maiden Special Weight 8f,Maiden Special Weight,Turf,8f,"$43,520",6,Wan Dale,Torres Jaime A,Mott Riley,5/1,False,Thoroughbred,tvg,https://api.tvg.com/cosmo/v1/graphql,2026-05-11T21:14:17.464993,1.0.0,Tiz The Law,Celebrity Cat,Storm Cat,3,G,Grantley Acres (Geoff B. Nixon),122,3/1,4.0,6.0,IJN-7,2026-05-11T21:15:00Z,16
IJN,Horseshoe Indianapolis,2026-05-12,7,21:15,Maiden Special Weight 8f,Maiden Special Weight,Turf,8f,"$43,520",7,Light Cav,Ramos Joseph D,Beckman D. Whitworth,9/2,False,Thoroughbred,tvg,https://api.tvg.com/cosmo/v1/graphql,2026-05-11T21:14:17.464998,1.0.0,Twirling Candy,Light And Variable,Tiznow,3,C,Calumet Farm (Brad Kelley),122,4/1,5.0,5.5,IJN-7,2026-05-11T21:15:00Z,16
IJN,Horseshoe Indianapolis,2026-05-12,7,21:15,Maiden Special Weight 8f,Maiden Special Weight,Turf,8f,"$43,520",8,Mo Can Dance,Perez Luis D,West Ethan W,8/1,False,Thoroughbred,tvg,https://api.tvg.com/cosmo/v1/graphql,2026-05-11T21:14:17.465003,1.0.0,Uncle Mo,Ballet Slippers,Tapit,3,G,Walmac Farm (Gary Broad),115,10/1,11.0,9.0,IJN-7,2026-05-11T21:15:00Z,16
IJN,Horseshoe Indianapolis,2026-05-12,7,21:15,Maiden Special Weight 8f,Maiden Special Weight,Turf,8f,"$43,520",9,Hewson,Garcia Martin,Hughes Byron G,3/1,False,Thoroughbred,tvg,https://api.tvg.com/cosmo/v1/graphql,2026-05-11T21:14:17.465009,1.0.0,Nyquist,Bye Bye Bully's,Stay Thirsty,3,C,Bo Hirsch,122,5/1,6.0,4.0,IJN-7,2026-05-11T21:15:00Z,16
IJN,Horseshoe Indianapolis,2026-05-12,7,21:15,Maiden Special Weight 8f,Maiden Special Weight,Turf,8f,"$43,520",10,Page Two,Gutierrez Mario,Oliver Victoria H,20/1,False,Thoroughbred,tvg,https://api.tvg.com/cosmo/v1/graphql,2026-05-11T21:14:17.465015,1.0.0,Tom's D'etat,Heron Watch,Candy Ride (Arg),3,G,"St. George Farm Racing, LLC (Ian Banwell)",122,42/1,43.0,21.0,IJN-7,2026-05-11T21:15:00Z,16
IJN,Horseshoe Indianapolis,2026-05-12,7,21:15,Maiden Special Weight 8f,Maiden Special Weight,Turf,8f,"$43,520",11,Dreaming Perfect,Romero Joseph M,Davis Joseph D,30/1,False,Thoroughbred,tvg,https://api.tvg.com/cosmo/v1/graphql,2026-05-11T21:14:17.465022,1.0.0,Perfect Timber,Stormy Venus,Stormy Atlantic,3,C,Cazares Racing Stables LLC (Rene Cazares),117,71/1,72.0,31.0,IJN-7,2026-05-11T21:15:00Z,16
IJN,Horseshoe Indianapolis,2026-05-12,7,21:15,Maiden Special Weight 8f,Maiden Special Weight,Turf,8f,"$43,520",12,Working For Glory,"Pedroza, Jr. Marcelino","Dobbs, Jr. Robert E",10/1,False,Thoroughbred,tvg,https://api.tvg.com/cosmo/v1/graphql,2026-05-11T21:14:17.465028,1.0.0,Outwork,Savannah's Glory,Bluegrass Cat,3,G,"Burger Racing Stables, LLC (Maureen and Greg Burger)",122,29/1,30.0,11.0,IJN-7,2026-05-11T21:15:00Z,16
IJN,Horseshoe Indianapolis,2026-05-12,7,21:15,Maiden Special Weight 8f,Maiden Special Weight,Turf,8f,"$43,520",13,Roktar,Achard Alex,West Ethan W,6/1,True,Thoroughbred,tvg,https://api.tvg.com/cosmo/v1/graphql,2026-05-11T21:14:17.465036,1.0.0,War Of Will,Live Young,Smart Strike,3,C,Knockout Thoroughbreds (Vince Parr),122,6/1,7.0,7.0,IJN-7,2026-05-11T21:15:00Z,16
IJN,Horseshoe Indianapolis,2026-05-12,7,21:15,Maiden Special Weight 8f,Maiden Special Weight,Turf,8f,"$43,520",14,Candy Cane Crain,Esquivel Emmanuel,Contreras Cipriano,5/1,True,Thoroughbred,tvg,https://api.tvg.com/cosmo/v1/graphql,2026-05-11T21:14:17.465041,1.0.0,Gift Box,Fluffhead,Animal Kingdom,3,G,"Contreras Stable, Inc. (Cipriano Contreras), Linda Fisher and Edward J. Fisher",122,5/1,6.0,6.0,IJN-7,2026-05-11T21:15:00Z,16
IJN,Horseshoe Indianapolis,2026-05-12,7,21:15,Maiden Special Weight 8f,Maiden Special Weight,Turf,8f,"$43,520",15,Dionysus,De La Cruz Fernando,Cox Brad H,15/1,True,Thoroughbred,tvg,https://api.tvg.com/cosmo/v1/graphql,2026-05-11T21:14:17.465047,1.0.0,Nyquist,Candy Swap,Candy Ride (Arg),3,C,Resolute Racing (John Stewart),122,15/1,16.0,16.0,IJN-7,2026-05-11T21:15:00Z,16
IJN,Horseshoe Indianapolis,2026-05-12,7,21:15,Maiden Special Weight 8f,Maiden Special Weight,Turf,8f,"$43,520",16,Blazy,Calleja Andres,Thompson Ron,30/1,True,Thoroughbred,tvg,https://api.tvg.com/cosmo/v1/graphql,2026-05-11T21:14:17.465053,1.0.0,Beau Liam,Beautiful Morning,Morning Line,3,C,Ron Thompson,122,30/1,31.0,31.0,IJN-7,2026-05-11T21:15:00Z,16
IJN,Horseshoe Indianapolis,2026-05-12,8,21:44,Trial 350y,Trial,Dirt,350y,"$12,000",1,Fa Lillys Of Wins,Esqueda Erik N,Esqueda Cesar,15/1,False,Quarter Horse,tvg,https://api.tvg.com/cosmo/v1/graphql,2026-05-11T21:14:17.465063,1.0.0,Eos A Political Win,Lillys City Of Gold,Coronado Cartel,3,F,Francisco Diaz,126,15/1,16.0,16.0,IJN-8,2026-05-11T21:44:00Z,10
IJN,Horseshoe Indianapolis,2026-05-12,8,21:44,Trial 350y,Trial,Dirt,350y,"$12,000",2,Sizzzling Heart,Lopez Saul,Cunningham Anthony F,5/1,False,Quarter Horse,tvg,https://api.tvg.com/cosmo/v1/graphql,2026-05-11T21:14:17.465069,1.0.0,Gold Heart Eagle V,Shes Sizzling,Sizzlin Cartel,3,F,Joyce and Erik Lehtinen,126,5/1,6.0,6.0,IJN-8,2026-05-11T21:44:00Z,10
IJN,Horseshoe Indianapolis,2026-05-12,8,21:44,Trial 350y,Trial,Dirt,350y,"$12,000",3,Niyo De Oro,Martinez Luz D,Cunningham Anthony F,2/1,False,Quarter Horse,tvg,https://api.tvg.com/cosmo/v1/graphql,2026-05-11T21:14:17.465074,1.0.0,He Is Hot,Fierce Runaway,Ocean Runaway,5,G,Fransisco Carlos Medrano Medina,128,2/1,3.0,3.0,IJN-8,2026-05-11T21:44:00Z,10
IJN,Horseshoe Indianapolis,2026-05-12,8,21:44,Trial 350y,Trial,Dirt,350y,"$12,000",4,Send Me A Dynasty Hg,Quintero Francisco,Sanchez Hector J,9/2,False,Quarter Horse,tvg,https://api.tvg.com/cosmo/v1/graphql,2026-05-11T21:14:17.465080,1.0.0,Fdd Dynasty,Send Me This Wagon,Pyc Paint Your Wagon,3,F,Carlos Lopez Garcia,126,9/2,5.5,5.5,IJN-8,2026-05-11T21:44:00Z,10
IJN,Horseshoe Indianapolis,2026-05-12,8,21:44,Trial 350y,Trial,Dirt,350y,"$12,000",5,Dale M,Ceron-Zamudio Alberto,Rodriguez Ezequiel,7/2,False,Quarter Horse,tvg,https://api.tvg.com/cosmo/v1/graphql,2026-05-11T21:14:17.465085,1.0.0,Kvn Corona,Cr Isabella,Fit To Fly,4,F,Ezequiel Rodriguez,128,7/2,4.5,4.5,IJN-8,2026-05-11T21:44:00Z,10
IJN,Horseshoe Indianapolis,2026-05-12,8,21:44,Trial 350y,Trial,Dirt,350y,"$12,000",6,Eos Save A Cowboy,O'neal Germarius A,Sanchez Hector J,20/1,False,Quarter Horse,tvg,https://api.tvg.com/cosmo/v1/graphql,2026-05-11T21:14:17.465092,1.0.0,Flying Cowboy 123,Saving Shirley,Hawkinson,5,G,Gilberto Gamez Diaz,128,20/1,21.0,21.0,IJN-8,2026-05-11T21:44:00Z,10
IJN,Horseshoe Indianapolis,2026-05-12,8,21:44,Trial 350y,Trial,Dirt,350y,"$12,000",7,Lb Tiny Tolltac,Macias Hugo,Barraza Librado,30/1,False,Quarter Horse,tvg,https://api.tvg.com/cosmo/v1/graphql,2026-05-11T21:14:17.465097,1.0.0,Fdd Dynasty,First Class Lacy B,Mr Jess Perry,4,C,Librado Barraza,128,30/1,31.0,31.0,IJN-8,2026-05-11T21:44:00Z,10
IJN,Horseshoe Indianapolis,2026-05-12,8,21:44,Trial 350y,Trial,Dirt,350y,"$12,000",8,Wanna Sweet Treet,Vazquez-Gomez Giovani,Vazquez Jessica A,10/1,False,Quarter Horse,tvg,https://api.tvg.com/cosmo/v1/graphql,2026-05-11T21:14:17.465103,1.0.0,One Sweet Jess,Wanna Treet Me,Oak Tree Special,4,G,Ventura Racing Inc. (Angel Ventura),128,10/1,11.0,11.0,IJN-8,2026-05-11T21:44:00Z,10
IJN,Horseshoe Indianapolis,2026-05-12,8,21:44,Trial 350y,Trial,Dirt,350y,"$12,000",9,Mi Blood Token,Luna Diaz Luis E,Eggleston Tim,12/1,False,Quarter Horse,tvg,https://api.tvg.com/cosmo/v1/graphql,2026-05-11T21:14:17.465108,1.0.0,Apollitical Blood,Splendifferous,Mr Jess Perry,3,F,"Steven Brown and Dillard Whittymore, III",126,12/1,13.0,13.0,IJN-8,2026-05-11T21:44:00Z,10
IJN,Horseshoe Indianapolis,2026-05-12,8,21:44,Trial 350y,Trial,Dirt,350y,"$12,000",10,Tarzanito Express 23,Diaz Edgar,Barraza Claudio,30/1,False,Quarter Horse,tvg,https://api.tvg.com/cosmo/v1/graphql,2026-05-11T21:14:17.465114,1.0.0,Tarzanito,Prairie Fire,Mr Jess Perry,3,G,Rose Bode,126,30/1,31.0,31.0,IJN-8,2026-05-11T21:44:00Z,10
IJN,Horseshoe Indianapolis,2026-05-12,9,22:12,Trial 350y,Trial,Dirt,350y,"$12,000",1,Gv Black Panther,Vazquez-Gomez Giovani,Vazquez Jessica A,9/2,False,Quarter Horse,tvg,https://api.tvg.com/cosmo/v1/graphql,2026-05-11T21:14:17.465125,1.0.0,Encore,The Ebony Hare,Bug Among Thorns,4,G,Jessica A. Vazquez,128,9/2,5.5,5.5,IJN-9,2026-05-11T22:12:00Z,10
IJN,Horseshoe Indianapolis,2026-05-12,9,22:12,Trial 350y,Trial,Dirt,350y,"$12,000",2,Maleficent Dash,Esqueda Erik N,Esqueda Cesar,20/1,False,Quarter Horse,tvg,https://api.tvg.com/cosmo/v1/graphql,2026-05-11T21:14:17.465131,1.0.0,Uncle D,Maleficent Beauty,Exclusive Quality,3,F,Humberto De La Cruz,126,20/1,21.0,21.0,IJN-9,2026-05-11T22:12:00Z,10
IJN,Horseshoe Indianapolis,2026-05-12,9,22:12,Trial 350y,Trial,Dirt,350y,"$12,000",3,Perrys Secret Gold,Luna Diaz Luis E,Eggleston Tim,5/1,False,Quarter Horse,tvg,https://api.tvg.com/cosmo/v1/graphql,2026-05-11T21:14:17.465137,1.0.0,Racy Secret,Thruthefireagain,Mr Piloto,4,G,Roger Cyrulik,128,5/1,6.0,6.0,IJN-9,2026-05-11T22:12:00Z,10
IJN,Horseshoe Indianapolis,2026-05-12,9,22:12,Trial 350y,Trial,Dirt,350y,"$12,000",4,Mckenzie Foose,Quintero Francisco,Sanchez Hector J,10/1,False,Quarter Horse,tvg,https://api.tvg.com/cosmo/v1/graphql,2026-05-11T21:14:17.465144,1.0.0,Ali Babe Foose,Chat Room,Jess Louisiana Blue,4,F,"Willie B. Johnson, Jr.",128,10/1,11.0,11.0,IJN-9,2026-05-11T22:12:00Z,10
IJN,Horseshoe Indianapolis,2026-05-12,9,22:12,Trial 350y,Trial,Dirt,350y,"$12,000",5,Lb Royal Quick Perry,Macias Hugo,Barraza Librado,30/1,False,Quarter Horse,tvg,https://api.tvg.com/cosmo/v1/graphql,2026-05-11T21:14:17.465150,1.0.0,Royal Quick Dash,Thyme To Run,Mr Jess Perry,3,C,Apolonio Barraza,126,30/1,31.0,31.0,IJN-9,2026-05-11T22:12:00Z,10
IJN,Horseshoe Indianapolis,2026-05-12,9,22:12,Trial 350y,Trial,Dirt,350y,"$12,000",6,Keep Her Off Tequila,Pina Rolando D,Eggleston Tim,1/1,False,Quarter Horse,tvg,https://api.tvg.com/cosmo/v1/graphql,2026-05-11T21:14:17.465155,1.0.0,Kiss My Hocks,Counting On You,Mr Jess Perry,3,F,Pattie Marshall,126,1/1,2.0,2.0,IJN-9,2026-05-11T22:12:00Z,10
IJN,Horseshoe Indianapolis,2026-05-12,9,22:12,Trial 350y,Trial,Dirt,350y,"$12,000",7,Jess A Favorite,Diaz Edgar,Barraza Claudio,30/1,False,Quarter Horse,tvg,https://api.tvg.com/cosmo/v1/graphql,2026-05-11T21:14:17.465160,1.0.0,Favorite Cartel,Hr Princess Jess,Apollitical Jess,3,F,Ulises Varela,126,30/1,31.0,31.0,IJN-9,2026-05-11T22:12:00Z,10
IJN,Horseshoe Indianapolis,2026-05-12,9,22:12,Trial 350y,Trial,Dirt,350y,"$12,000",8,Rhino Six,O'neal Germarius A,Sanchez Hector J,20/1,False,Quarter Horse,tvg,https://api.tvg.com/cosmo/v1/graphql,2026-05-11T21:14:17.465166,1.0.0,Fdd Dynasty,Love That Six,Tres Seis,3,G,Manuel Alvarez,126,20/1,21.0,21.0,IJN-9,2026-05-11T22:12:00Z,10
IJN,Horseshoe Indianapolis,2026-05-12,9,22:12,Trial 350y,Trial,Dirt,350y,"$12,000",9,Coyote Kiss,Martinez Luz D,Cunningham Anthony F,15/1,False,Quarter Horse,tvg,https://api.tvg.com/cosmo/v1/graphql,2026-05-11T21:14:17.465171,1.0.0,Kiss My Hocks,Mitey Victoria,Mighty Invictus,3,F,Ted J. Harpold,126,15/1,16.0,16.0,IJN-9,2026-05-11T22:12:00Z,10
IJN,Horseshoe Indianapolis,2026-05-12,9,22:12,Trial 350y,Trial,Dirt,350y,"$12,000",10,Jess A Famous Queen,Ceron-Zamudio Alberto,Rodriguez Ezequiel,12/1,False,Quarter Horse,tvg,https://api.tvg.com/cosmo/v1/graphql,2026-05-11T21:14:17.465176,1.0.0,Jess Good Candy,Famous Deluxe Queen,One Famous Eagle,4,F,Ezequiel Rodriguez,128,12/1,13.0,13.0,IJN-9,2026-05-11T22:12:00Z,10
IJN,Horseshoe Indianapolis,2026-05-12,10,22:40,Trial 350y,Trial,Dirt,350y,"$12,000",1,Fav Streakin Cartel,Villamil Bocanegra Diego,Perez Natasha,15/1,False,Quarter Horse,tvg,https://api.tvg.com/cosmo/v1/graphql,2026-05-11T21:14:17.465188,1.0.0,Favorite Cartel,Jess Dee Dee,Mr Jess Perry,3,G,BFD Farms (Allen J. Brenner),126,15/1,16.0,16.0,IJN-10,2026-05-11T22:40:00Z,10
IJN,Horseshoe Indianapolis,2026-05-12,10,22:40,Trial 350y,Trial,Dirt,350y,"$12,000",2,Run Dont Walk,Martinez Luz D,Cunningham Anthony F,9/5,False,Quarter Horse,tvg,https://api.tvg.com/cosmo/v1/graphql,2026-05-11T21:14:17.465194,1.0.0,Apollitical Blood,Walk Or Runaway,Walk Thru Fire,3,G,William F. Collins,126,9/5,2.8,2.8,IJN-10,2026-05-11T22:40:00Z,10
IJN,Horseshoe Indianapolis,2026-05-12,10,22:40,Trial 350y,Trial,Dirt,350y,"$12,000",3,I Gotta Reason,O'neal Germarius A,Sanchez Hector J,30/1,False,Quarter Horse,tvg,https://api.tvg.com/cosmo/v1/graphql,2026-05-11T21:14:17.465200,1.0.0,Good Reason Sa,Gotta Corona Jess,Apollitical Jess,3,G,Manuel Alvarez,126,30/1,31.0,31.0,IJN-10,2026-05-11T22:40:00Z,10
IJN,Horseshoe Indianapolis,2026-05-12,10,22:40,Trial 350y,Trial,Dirt,350y,"$12,000",4,Celebratory,Esqueda Erik N,Esqueda Cesar,20/1,False,Quarter Horse,tvg,https://api.tvg.com/cosmo/v1/graphql,2026-05-11T21:14:17.465205,1.0.0,Ivory James,First To Celebrate,First Down Dash,3,F,LC Racing LLC (Charlie Sanchez),126,20/1,21.0,21.0,IJN-10,2026-05-11T22:40:00Z,10
IJN,Horseshoe Indianapolis,2026-05-12,10,22:40,Trial 350y,Trial,Dirt,350y,"$12,000",5,Ap Jessies Cartel,Diaz Edgar,Preciado Oscar,20/1,False,Quarter Horse,tvg,https://api.tvg.com/cosmo/v1/graphql,2026-05-11T21:14:17.465210,1.0.0,The Louisiana Cartel,Hold On Jessie,Mr Jess Perry,3,C,Oscar Preciado,126,20/1,21.0,21.0,IJN-10,2026-05-11T22:40:00Z,10
IJN,Horseshoe Indianapolis,2026-05-12,10,22:40,Trial 350y,Trial,Dirt,350y,"$12,000",6,Larryknocksoutmegan,Vazquez-Gomez Giovani,Vazquez Jessica A,5/1,False,Quarter Horse,tvg,https://api.tvg.com/cosmo/v1/graphql,2026-05-11T21:14:17.465215,1.0.0,No Secrets Here,The Only Knockout,Apollitical Jess,3,G,"Chavez Racing, LLC (Roberto Chavez)",126,5/1,6.0,6.0,IJN-10,2026-05-11T22:40:00Z,10
IJN,Horseshoe Indianapolis,2026-05-12,10,22:40,Trial 350y,Trial,Dirt,350y,"$12,000",7,Last Famous Eagle,Penaloza Cristian,Hernandez Kenia,8/1,False,Quarter Horse,tvg,https://api.tvg.com/cosmo/v1/graphql,2026-05-11T21:14:17.465220,1.0.0,This Is An Eagle,Last Teller,Teller Cartel,3,C,Raul Contreras,126,8/1,9.0,9.0,IJN-10,2026-05-11T22:40:00Z,10
IJN,Horseshoe Indianapolis,2026-05-12,10,22:40,Trial 350y,Trial,Dirt,350y,"$12,000",8,Apollitical Ali,Quintero Francisco,Sanchez Hector J,30/1,False,Quarter Horse,tvg,https://api.tvg.com/cosmo/v1/graphql,2026-05-11T21:14:17.465226,1.0.0,Ali Babe Foose,Apolliticaltradition,Apollitical Jess,4,F,"Willie B. Johnson, Jr.",128,30/1,31.0,31.0,IJN-10,2026-05-11T22:40:00Z,10
IJN,Horseshoe Indianapolis,2026-05-12,10,22:40,Trial 350y,Trial,Dirt,350y,"$12,000",9,Gigis Top Secret,Ceron-Zamudio Alberto,Rodriguez Ezequiel,5/2,False,Quarter Horse,tvg,https://api.tvg.com/cosmo/v1/graphql,2026-05-11T21:14:17.465232,1.0.0,Habits Secret,Stel Chargin,Stel Corona,4,F,Ezequiel Rodriguez,128,5/2,3.5,3.5,IJN-10,2026-05-11T22:40:00Z,10
IJN,Horseshoe Indianapolis,2026-05-12,10,22:40,Trial 350y,Trial,Dirt,350y,"$12,000",10,Flying Knockout 123,Pina Rolando D,Eggleston Tim,15/1,False,Quarter Horse,tvg,https://api.tvg.com/cosmo/v1/graphql,2026-05-11T21:14:17.465237,1.0.0,Flying Cowboy 123,Painted Up Knockout,Pyc Paint Your Wagon,3,F,Pattie Marshall,126,15/1,16.0,16.0,IJN-10,2026-05-11T22:40:00Z,10
IJN,Horseshoe Indianapolis,2026-05-12,11,23:08,Trial 350y,Trial,Dirt,350y,"$12,000",1,Flyin Ivory,Luna Diaz Luis E,Eggleston Tim,30/1,False,Quarter Horse,tvg,https://api.tvg.com/cosmo/v1/graphql,2026-05-11T21:14:17.465248,1.0.0,Ivory James,Beach Diva,Escondido Beach,3,F,Gene Cox,126,30/1,31.0,31.0,IJN-11,2026-05-11T23:08:00Z,9
IJN,Horseshoe Indianapolis,2026-05-12,11,23:08,Trial 350y,Trial,Dirt,350y,"$12,000",2,Miss Dashin Good,Villamil Bocanegra Diego,Perez Natasha,20/1,False,Quarter Horse,tvg,https://api.tvg.com/cosmo/v1/graphql,2026-05-11T21:14:17.465254,1.0.0,Jess Good Candy,Samba Corona Mv,Corona Cartel,3,F,Mark and Rosemary Gorney,126,20/1,21.0,21.0,IJN-11,2026-05-11T23:08:00Z,9
IJN,Horseshoe Indianapolis,2026-05-12,11,23:08,Trial 350y,Trial,Dirt,350y,"$12,000",3,Ap Valiant Princess,Rodriguez German,Preciado Oscar,10/1,False,Quarter Horse,tvg,https://api.tvg.com/cosmo/v1/graphql,2026-05-11T21:14:17.465260,1.0.0,One Valiant Hero,Jess Ready Too Wear,Mr Jess Perry,3,F,Oscar Preciado,126,10/1,11.0,11.0,IJN-11,2026-05-11T23:08:00Z,9
IJN,Horseshoe Indianapolis,2026-05-12,11,23:08,Trial 350y,Trial,Dirt,350y,"$12,000",4,Jess Sinful,Martinez Luz D,Cunningham Anthony F,8/5,False,Quarter Horse,tvg,https://api.tvg.com/cosmo/v1/graphql,2026-05-11T21:14:17.465265,1.0.0,Dulce Sin Tacha,Ja Jess Elegance,Mr Jess Perry,3,F,Anthony F. Cunningham,126,8/5,2.6,2.6,IJN-11,2026-05-11T23:08:00Z,9
IJN,Horseshoe Indianapolis,2026-05-12,11,23:08,Trial 350y,Trial,Dirt,350y,"$12,000",5,Jess A Lookin,Diaz Edgar,Barraza Claudio,5/1,False,Quarter Horse,tvg,https://api.tvg.com/cosmo/v1/graphql,2026-05-11T21:14:17.465271,1.0.0,Apollitical Jess,Look At Her,Walk Thru Fire,3,C,"Campos Family Ventures, LLC (Gladys Campos, et al.)",126,5/1,6.0,6.0,IJN-11,2026-05-11T23:08:00Z,9
IJN,Horseshoe Indianapolis,2026-05-12,11,23:08,Trial 350y,Trial,Dirt,350y,"$12,000",6,Madam Mim,Lopez Saul,Cunningham Anthony F,7/2,False,Quarter Horse,tvg,https://api.tvg.com/cosmo/v1/graphql,2026-05-11T21:14:17.465276,1.0.0,Mental Error,Witchs Streak,Streakin Sixes,3,F,Pamela Brickley Hann and Ruby Huggins,126,7/2,4.5,4.5,IJN-11,2026-05-11T23:08:00Z,9
IJN,Horseshoe Indianapolis,2026-05-12,11,23:08,Trial 350y,Trial,Dirt,350y,"$12,000",7,Luna Unlymited,Quintero Francisco,Sanchez Hector J,30/1,False,Quarter Horse,tvg,https://api.tvg.com/cosmo/v1/graphql,2026-05-11T21:14:17.465281,1.0.0,Unlymited,Elizabeth Nicole,Exchange Rate,3,F,Carlos Lopez Garcia,126,30/1,31.0,31.0,IJN-11,2026-05-11T23:08:00Z,9
IJN,Horseshoe Indianapolis,2026-05-12,11,23:08,Trial 350y,Trial,Dirt,350y,"$12,000",8,Looks Lyke Mom,Ceron-Zamudio Alberto,Rodriguez Ezequiel,6/1,False,Quarter Horse,tvg,https://api.tvg.com/cosmo/v1/graphql,2026-05-11T21:14:17.465287,1.0.0,Corona Cartel,Looks Political,Apollitical Jess,5,M,Ezequiel Rodriguez,128,6/1,7.0,7.0,IJN-11,2026-05-11T23:08:00Z,9
IJN,Horseshoe Indianapolis,2026-05-12,11,23:08,Trial 350y,Trial,Dirt,350y,"$12,000",9,Lc Dancer Mary,Esqueda Erik N,Esqueda Cesar,8/1,False,Quarter Horse,tvg,https://api.tvg.com/cosmo/v1/graphql,2026-05-11T21:14:17.465292,1.0.0,Chilitos,Lindsayshadowdancer,Valiant Hero,3,F,LC Racing LLC (Charlie Sanchez),126,8/1,9.0,9.0,IJN-11,2026-05-11T23:08:00Z,9
IJP,Horseshoe P3 Turf,2026-05-12,1,19:46,Allowance Optional Claiming 8f,Allowance Optional Claiming,Turf,8f,"$49,680",1,Just Ruthless,Torres Jaime A,Mott Riley,3/1,False,Thoroughbred,tvg,https://api.tvg.com/cosmo/v1/graphql,2026-05-11T21:14:17.476519,1.0.0,Justify,Notorious R B G,Speightstown,4,F,"Rock Ridge Racing, LLC (Codee Guffey)",122,3/5,1.6,4.0,IJP-1,2026-05-11T19:46:41Z,12
IJP,Horseshoe P3 Turf,2026-05-12,1,19:46,Allowance Optional Claiming 8f,Allowance Optional Claiming,Turf,8f,"$49,680",2,Sassy Allie,Hisby Ronald,Mitchell Sherman S,15/1,False,Thoroughbred,tvg,https://api.tvg.com/cosmo/v1/graphql,2026-05-11T21:14:17.476535,1.0.0,Coal Front,Seattle Sass,Chief Seattle,5,M,Dawn Mitchell and Jesse Mitchell,122,60/1,61.0,16.0,IJP-1,2026-05-11T19:46:41Z,12
IJP,Horseshoe P3 Turf,2026-05-12,1,19:46,Allowance Optional Claiming 8f,Allowance Optional Claiming,Turf,8f,"$49,680",3,Viral Plane Lady,Prescott Rodney A,Labra Rogelio,8/1,False,Thoroughbred,tvg,https://api.tvg.com/cosmo/v1/graphql,2026-05-11T21:14:17.476542,1.0.0,Mitole,Social Vindication,Vindication,4,F,Ricardo Labra,122,22/1,23.0,9.0,IJP-1,2026-05-11T19:46:41Z,12
IJP,Horseshoe P3 Turf,2026-05-12,1,19:46,Allowance Optional Claiming 8f,Allowance Optional Claiming,Turf,8f,"$49,680",4,Cairo Dream,"Pedroza, Jr. Marcelino",Block Chris M,8/5,True,Thoroughbred,tvg,https://api.tvg.com/cosmo/v1/graphql,2026-05-11T21:14:17.476548,1.0.0,Cairo Prince,Indian Tale,Tale Of The Cat,5,M,"Moabo Stables, LLC (Tim Witt, et al.)",122,8/5,2.6,2.6,IJP-1,2026-05-11T19:46:41Z,12
IJP,Horseshoe P3 Turf,2026-05-12,1,19:46,Allowance Optional Claiming 8f,Allowance Optional Claiming,Turf,8f,"$49,680",5,Bilyana,De La Cruz Fernando,Foster Eric N,8/1,False,Thoroughbred,tvg,https://api.tvg.com/cosmo/v1/graphql,2026-05-11T21:14:17.476555,1.0.0,Caracaro,Truth In The Lies,Hold Me Back,4,F,Maxis Stable (Sid Karmia) and Foster Family Racing (Brooklyn Foster),122,9/5,2.8,9.0,IJP-1,2026-05-11T19:46:41Z,12
IJP,Horseshoe P3 Turf,2026-05-12,1,19:46,Allowance Optional Claiming 8f,Allowance Optional Claiming,Turf,8f,"$49,680",6,Always Wanting,Gutierrez Jose R,Elliott Michelle L,20/1,False,Thoroughbred,tvg,https://api.tvg.com/cosmo/v1/graphql,2026-05-11T21:14:17.476561,1.0.0,Always Dreaming,Peace Opportunity,Point Of Entry,5,M,"Mullikin Thoroughbreds, LLC (Tom Mullikin) and Elliott Racing, LLC (Michelle L.",117,10/1,11.0,21.0,IJP-1,2026-05-11T19:46:41Z,12
IJP,Horseshoe P3 Turf,2026-05-12,1,19:46,Allowance Optional Claiming 8f,Allowance Optional Claiming,Turf,8f,"$49,680",7,Junta,Ramos Joseph D,Granitz Anthony J,6/1,False,Thoroughbred,tvg,https://api.tvg.com/cosmo/v1/graphql,2026-05-11T21:14:17.476566,1.0.0,Constitution,I Thee Wed,Hard Spun,4,F,Jacob Spooner,122,9/1,10.0,7.0,IJP-1,2026-05-11T19:46:41Z,12
IJP,Horseshoe P3 Turf,2026-05-12,1,19:46,Allowance Optional Claiming 8f,Allowance Optional Claiming,Turf,8f,"$49,680",8,Polka Polenta,Bermudez Samuel E,"Cazares, Jr. Rene",20/1,False,Thoroughbred,tvg,https://api.tvg.com/cosmo/v1/graphql,2026-05-11T21:14:17.476573,1.0.0,Fort Larned,Polyantha Rose,Tiznow,8,M,Cazares Racing Stables LLC (Rene Cazares),122,14/1,15.0,21.0,IJP-1,2026-05-11T19:46:41Z,12
IJP,Horseshoe P3 Turf,2026-05-12,1,19:46,Allowance Optional Claiming 8f,Allowance Optional Claiming,Turf,8f,"$49,680",9,Footnote,Roman Constantino,Torres Marcelino,30/1,True,Thoroughbred,tvg,https://api.tvg.com/cosmo/v1/graphql,2026-05-11T21:14:17.476579,1.0.0,Carpe Diem,Agent Provocateur,Interactif,4,F,Marcelino Torres,122,30/1,31.0,31.0,IJP-1,2026-05-11T19:46:41Z,12
IJP,Horseshoe P3 Turf,2026-05-12,1,19:46,Allowance Optional Claiming 8f,Allowance Optional Claiming,Turf,8f,"$49,680",10,Caumsett,Romero Joseph M,Paye Jose,30/1,True,Thoroughbred,tvg,https://api.tvg.com/cosmo/v1/graphql,2026-05-11T21:14:17.476584,1.0.0,The Factor,Sister Diane,Giant's Causeway,8,M,Courtney Paye,117,30/1,31.0,31.0,IJP-1,2026-05-11T19:46:41Z,12
IJP,Horseshoe P3 Turf,2026-05-12,1,19:46,Allowance Optional Claiming 8f,Allowance Optional Claiming,Turf,8f,"$49,680",11,Tiz Bayou,Murrill Mitchell,Eggleston Tim,5/1,True,Thoroughbred,tvg,https://api.tvg.com/cosmo/v1/graphql,2026-05-11T21:14:17.476590,1.0.0,Tiz Sardonic Joe,Jennys Royalpurple,Bluegrass Cat,6,M,Cathi Jones,119,5/1,6.0,6.0,IJP-1,2026-05-11T19:46:41Z,12
IJP,Horseshoe P3 Turf,2026-05-12,1,19:46,Allowance Optional Claiming 8f,Allowance Optional Claiming,Turf,8f,"$49,680",12,L. A. Woman,Cannon Declan,Walsh Brendan P,10/1,True,Thoroughbred,tvg,https://api.tvg.com/cosmo/v1/graphql,2026-05-11T21:14:17.476595,1.0.0,City Of Light,Teammate,A.P. Indy,5,M,Calumet Farm (Brad Kelley),122,10/1,11.0,11.0,IJP-1,2026-05-11T19:46:41Z,12
IJP,Horseshoe P3 Turf,2026-05-12,2,20:47,Claiming 8f,Claiming,Turf,8f,"$23,800",1,White Lilacs,Perez Luis D,Salas Felipe,30/1,False,Thoroughbred,tvg,https://api.tvg.com/cosmo/v1/graphql,2026-05-11T21:14:17.476612,1.0.0,Verrazano,Gradient,Flower Alley,7,M,Froylan Garcia,110,16/1,17.0,31.0,IJP-2,2026-05-11T20:47:38Z,16
IJP,Horseshoe P3 Turf,2026-05-12,2,20:47,Claiming 8f,Claiming,Turf,8f,"$23,800",2,Extravagant Prince,Villarreal Oscar,Mccall Iii William P,12/1,False,Thoroughbred,tvg,https://api.tvg.com/cosmo/v1/graphql,2026-05-11T21:14:17.476618,1.0.0,Cairo Prince,Pretty Extravagant,With Distinction,4,G,"William P. McCall, III",122,40/1,41.0,13.0,IJP-2,2026-05-11T20:47:38Z,16
IJP,Horseshoe P3 Turf,2026-05-12,2,20:47,Claiming 8f,Claiming,Turf,8f,"$23,800",3,Go Bali Go,Murrill Mitchell,Nance Jonathan,6/1,False,Thoroughbred,tvg,https://api.tvg.com/cosmo/v1/graphql,2026-05-11T21:14:17.476624,1.0.0,Bal A Bali (Brz),Sally's Dream,Utopia (Jpn),7,G,"Charles Allen, Craig Minten and Jonathan Nance",122,4/1,5.0,7.0,IJP-2,2026-05-11T20:47:38Z,16
IJP,Horseshoe P3 Turf,2026-05-12,2,20:47,Claiming 8f,Claiming,Turf,8f,"$23,800",4,King Of Kentucky,De La Cruz Fernando,Brownfield Iii Claude L,8/1,False,Thoroughbred,tvg,https://api.tvg.com/cosmo/v1/graphql,2026-05-11T21:14:17.476629,1.0.0,Speightstown,Royal Ancestry,Distorted Humor,6,G,Daniel F. O'Donnell,122,3/1,4.0,9.0,IJP-2,2026-05-11T20:47:38Z,16
IJP,Horseshoe P3 Turf,2026-05-12,2,20:47,Claiming 8f,Claiming,Turf,8f,"$23,800",5,Patronage,Gutierrez Jose R,Labra Rogelio,30/1,False,Thoroughbred,tvg,https://api.tvg.com/cosmo/v1/graphql,2026-05-11T21:14:17.476634,1.0.0,Kantharos,Bella Cara,Midnight Lute,5,G,Rogelio Labra,117,8/1,9.0,31.0,IJP-2,2026-05-11T20:47:38Z,16
IJP,Horseshoe P3 Turf,2026-05-12,2,20:47,Claiming 8f,Claiming,Turf,8f,"$23,800",6,Professor Higgins,Saez Gabriel,Holsapple Hutch,20/1,False,Thoroughbred,tvg,https://api.tvg.com/cosmo/v1/graphql,2026-05-11T21:14:17.476640,1.0.0,Oscar Performance,Noble Ready,More Than Ready,6,G,"Dundalk 5, LLC (Tim Kindlon), Wesley F. Herek Racing Stable, LLC (Wes Herek) and",122,23/1,24.0,21.0,IJP-2,2026-05-11T20:47:38Z,16
IJP,Horseshoe P3 Turf,2026-05-12,2,20:47,Claiming 8f,Claiming,Turf,8f,"$23,800",7,Pilkington,Roman Evin A,Anderson Susan L,10/1,True,Thoroughbred,tvg,https://api.tvg.com/cosmo/v1/graphql,2026-05-11T21:14:17.476657,1.0.0,Hard Spun,Stormin Elle,Stormello,6,G,"Pocket Aces Racing, LLC (Marc Wampler and Jared Shoemaker)",122,10/1,11.0,11.0,IJP-2,2026-05-11T20:47:38Z,16
IJP,Horseshoe P3 Turf,2026-05-12,2,20:47,Claiming 8f,Claiming,Turf,8f,"$23,800",8,Blue Coast,Beschizza Adam,House Gary F,15/1,False,Thoroughbred,tvg,https://api.tvg.com/cosmo/v1/graphql,2026-05-11T21:14:17.476662,1.0.0,Omaha Beach,High Performer,Candy Ride (Arg),4,G,Gary F. House,122,27/1,28.0,16.0,IJP-2,2026-05-11T20:47:38Z,16
IJP,Horseshoe P3 Turf,2026-05-12,2,20:47,Claiming 8f,Claiming,Turf,8f,"$23,800",9,Shiesty To Chase,Moncada Irving,Weaver Michael,6/1,False,Thoroughbred,tvg,https://api.tvg.com/cosmo/v1/graphql,2026-05-11T21:14:17.476668,1.0.0,Mor Spirit,Excedere,Shakespeare,5,G,Josh Eckels and Chin Dynasty (Kimmel Chin),119,6/1,7.0,7.0,IJP-2,2026-05-11T20:47:38Z,16
IJP,Horseshoe P3 Turf,2026-05-12,2,20:47,Claiming 8f,Claiming,Turf,8f,"$23,800",10,Memphis Pharoah,Prescott Rodney A,Matthews Randy,12/1,False,Thoroughbred,tvg,https://api.tvg.com/cosmo/v1/graphql,2026-05-11T21:14:17.476673,1.0.0,American Pharoah,Unabashed,Elusive Quality,6,G,Mark David Hixson,122,7/1,8.0,13.0,IJP-2,2026-05-11T20:47:38Z,16
IJP,Horseshoe P3 Turf,2026-05-12,2,20:47,Claiming 8f,Claiming,Turf,8f,"$23,800",11,Born Flashy,Ramos Joseph D,Wisner Tracey J,5/1,False,Thoroughbred,tvg,https://api.tvg.com/cosmo/v1/graphql,2026-05-11T21:14:17.476679,1.0.0,Demarchelier (Gb),Born Special,Pulpit,5,G,"Spiess Racing, LLC (Jacob Spiess and Ryan Spiess)",122,3/1,4.0,6.0,IJP-2,2026-05-11T20:47:38Z,16
IJP,Horseshoe P3 Turf,2026-05-12,2,20:47,Claiming 8f,Claiming,Turf,8f,"$23,800",12,Franz Josef,Antongeorgi Iii William,Wismer Troy S,5/2,True,Thoroughbred,tvg,https://api.tvg.com/cosmo/v1/graphql,2026-05-11T21:14:17.476685,1.0.0,Mshawish,Silent Emotion,Ghazi,8,G,"Novogratz Racing Stables, Inc. (Joseph F. Novogratz)",122,5/2,3.5,3.5,IJP-2,2026-05-11T20:47:38Z,16
IJP,Horseshoe P3 Turf,2026-05-12,2,20:47,Claiming 8f,Claiming,Turf,8f,"$23,800",13,Rich Kingdom,Pena Pedro,Riley Donna,6/1,True,Thoroughbred,tvg,https://api.tvg.com/cosmo/v1/graphql,2026-05-11T21:14:17.476690,1.0.0,Sky Kingdom,Spy Girl,Discreet Cat,9,G,Carter and Donna Riley,109,6/1,7.0,7.0,IJP-2,2026-05-11T20:47:38Z,16
IJP,Horseshoe P3 Turf,2026-05-12,2,20:47,Claiming 8f,Claiming,Turf,8f,"$23,800",14,Geraldraydaplegray,Contreras Luis,Donjuan Sergio,15/1,False,Thoroughbred,tvg,https://api.tvg.com/cosmo/v1/graphql,2026-05-11T21:14:17.476695,1.0.0,Mohaymen,Judy's Prize,New Year's Day,4,G,Fred L. Jackson,122,17/1,18.0,16.0,IJP-2,2026-05-11T20:47:38Z,16
IJP,Horseshoe P3 Turf,2026-05-12,2,20:47,Claiming 8f,Claiming,Turf,8f,"$23,800",15,Money War,Bermudez Samuel E,"Gonzalez, Jr. Agustin",8/1,True,Thoroughbred,tvg,https://api.tvg.com/cosmo/v1/graphql,2026-05-11T21:14:17.476701,1.0.0,Declaration Of War,Money Queen,E Dubai,7,G,"Campos Family Ventures, LLC (Gladys Campos, et al.)",122,8/1,9.0,9.0,IJP-2,2026-05-11T20:47:38Z,16
IJP,Horseshoe P3 Turf,2026-05-12,2,20:47,Claiming 8f,Claiming,Turf,8f,"$23,800",16,Personal Creed,Bermudez Samuel E,Brownfield Iii Claude L,20/1,True,Thoroughbred,tvg,https://api.tvg.com/cosmo/v1/graphql,2026-05-11T21:14:17.476706,1.0.0,Jimmy Creed,Barby Sue,Purge,4,C,Daniel F. O'Donnell,122,20/1,21.0,21.0,IJP-2,2026-05-11T20:47:38Z,16
IJP,Horseshoe P3 Turf,2026-05-12,3,21:15,Maiden Special Weight 8f,Maiden Special Weight,Turf,8f,"$43,520",1,Coaldigger,Franca Carlos E,Woodbury Judy,30/1,False,Thoroughbred,tvg,https://api.tvg.com/cosmo/v1/graphql,2026-05-11T21:14:17.476719,1.0.0,Coal Front,Candycream,Twirling Candy,3,C,Judy Woodbury,122,63/1,64.0,31.0,IJP-3,2026-05-11T21:15:00Z,16
IJP,Horseshoe P3 Turf,2026-05-12,3,21:15,Maiden Special Weight 8f,Maiden Special Weight,Turf,8f,"$43,520",2,Denikos,Pauly Summer,Jarvis Kathy,30/1,False,Thoroughbred,tvg,https://api.tvg.com/cosmo/v1/graphql,2026-05-11T21:14:17.476724,1.0.0,Hard Spun,Kalabaka,Trappe Shot,3,G,"AFM Stables, Ltd. (Jeff Jarvis)",117,74/1,75.0,31.0,IJP-3,2026-05-11T21:15:00Z,16
IJP,Horseshoe P3 Turf,2026-05-12,3,21:15,Maiden Special Weight 8f,Maiden Special Weight,Turf,8f,"$43,520",3,Buckley Gold Water,Saez Gabriel,Medina Robert,30/1,False,Thoroughbred,tvg,https://api.tvg.com/cosmo/v1/graphql,2026-05-11T21:14:17.476729,1.0.0,Authentic,Hollywood Wife,Curlin,3,C,Snake River Stable LLC (Nicholas King),122,21/1,22.0,31.0,IJP-3,2026-05-11T21:15:00Z,16
IJP,Horseshoe P3 Turf,2026-05-12,3,21:15,Maiden Special Weight 8f,Maiden Special Weight,Turf,8f,"$43,520",4,Gotcha,Cannon Declan,Walsh Brendan P,7/2,False,Thoroughbred,tvg,https://api.tvg.com/cosmo/v1/graphql,2026-05-11T21:14:17.476735,1.0.0,Practical Joke,Factfull,The Factor,3,G,Mulberry Racing Pty Ltd (Michael Gregg),122,8/5,2.6,4.5,IJP-3,2026-05-11T21:15:00Z,16
IJP,Horseshoe P3 Turf,2026-05-12,3,21:15,Maiden Special Weight 8f,Maiden Special Weight,Turf,8f,"$43,520",5,Tazzy,Prescott Rodney A,Duran Antonio,20/1,False,Thoroughbred,tvg,https://api.tvg.com/cosmo/v1/graphql,2026-05-11T21:14:17.476740,1.0.0,Good Samaritan,Tessio,Mineshaft,3,G,"Rancho Monarca, LLC  (Kathryn and Antonio Duran)",122,18/1,19.0,21.0,IJP-3,2026-05-11T21:15:00Z,16
IJP,Horseshoe P3 Turf,2026-05-12,3,21:15,Maiden Special Weight 8f,Maiden Special Weight,Turf,8f,"$43,520",6,Wan Dale,Torres Jaime A,Mott Riley,5/1,False,Thoroughbred,tvg,https://api.tvg.com/cosmo/v1/graphql,2026-05-11T21:14:17.476746,1.0.0,Tiz The Law,Celebrity Cat,Storm Cat,3,G,Grantley Acres (Geoff B. Nixon),122,3/1,4.0,6.0,IJP-3,2026-05-11T21:15:00Z,16
IJP,Horseshoe P3 Turf,2026-05-12,3,21:15,Maiden Special Weight 8f,Maiden Special Weight,Turf,8f,"$43,520",7,Light Cav,Ramos Joseph D,Beckman D. Whitworth,9/2,False,Thoroughbred,tvg,https://api.tvg.com/cosmo/v1/graphql,2026-05-11T21:14:17.476751,1.0.0,Twirling Candy,Light And Variable,Tiznow,3,C,Calumet Farm (Brad Kelley),122,4/1,5.0,5.5,IJP-3,2026-05-11T21:15:00Z,16
IJP,Horseshoe P3 Turf,2026-05-12,3,21:15,Maiden Special Weight 8f,Maiden Special Weight,Turf,8f,"$43,520",8,Mo Can Dance,Perez Luis D,West Ethan W,8/1,False,Thoroughbred,tvg,https://api.tvg.com/cosmo/v1/graphql,2026-05-11T21:14:17.476757,1.0.0,Uncle Mo,Ballet Slippers,Tapit,3,G,Walmac Farm (Gary Broad),115,10/1,11.0,9.0,IJP-3,2026-05-11T21:15:00Z,16
IJP,Horseshoe P3 Turf,2026-05-12,3,21:15,Maiden Special Weight 8f,Maiden Special Weight,Turf,8f,"$43,520",9,Hewson,Garcia Martin,Hughes Byron G,3/1,False,Thoroughbred,tvg,https://api.tvg.com/cosmo/v1/graphql,2026-05-11T21:14:17.476762,1.0.0,Nyquist,Bye Bye Bully's,Stay Thirsty,3,C,Bo Hirsch,122,5/1,6.0,4.0,IJP-3,2026-05-11T21:15:00Z,16
IJP,Horseshoe P3 Turf,2026-05-12,3,21:15,Maiden Special Weight 8f,Maiden Special Weight,Turf,8f,"$43,520",10,Page Two,Gutierrez Mario,Oliver Victoria H,20/1,False,Thoroughbred,tvg,https://api.tvg.com/cosmo/v1/graphql,2026-05-11T21:14:17.476767,1.0.0,Tom's D'etat,Heron Watch,Candy Ride (Arg),3,G,"St. George Farm Racing, LLC (Ian Banwell)",122,42/1,43.0,21.0,IJP-3,2026-05-11T21:15:00Z,16
IJP,Horseshoe P3 Turf,2026-05-12,3,21:15,Maiden Special Weight 8f,Maiden Special Weight,Turf,8f,"$43,520",11,Dreaming Perfect,Romero Joseph M,Davis Joseph D,30/1,False,Thoroughbred,tvg,https://api.tvg.com/cosmo/v1/graphql,2026-05-11T21:14:17.476772,1.0.0,Perfect Timber,Stormy Venus,Stormy Atlantic,3,C,Cazares Racing Stables LLC (Rene Cazares),117,71/1,72.0,31.0,IJP-3,2026-05-11T21:15:00Z,16
IJP,Horseshoe P3 Turf,2026-05-12,3,21:15,Maiden Special Weight 8f,Maiden Special Weight,Turf,8f,"$43,520",12,Working For Glory,"Pedroza, Jr. Marcelino","Dobbs, Jr. Robert E",10/1,False,Thoroughbred,tvg,https://api.tvg.com/cosmo/v1/graphql,2026-05-11T21:14:17.476778,1.0.0,Outwork,Savannah's Glory,Bluegrass Cat,3,G,"Burger Racing Stables, LLC (Maureen and Greg Burger)",122,29/1,30.0,11.0,IJP-3,2026-05-11T21:15:00Z,16
IJP,Horseshoe P3 Turf,2026-05-12,3,21:15,Maiden Special Weight 8f,Maiden Special Weight,Turf,8f,"$43,520",13,Roktar,Achard Alex,West Ethan W,6/1,True,Thoroughbred,tvg,https://api.tvg.com/cosmo/v1/graphql,2026-05-11T21:14:17.476783,1.0.0,War Of Will,Live Young,Smart Strike,3,C,Knockout Thoroughbreds (Vince Parr),122,6/1,7.0,7.0,IJP-3,2026-05-11T21:15:00Z,16
IJP,Horseshoe P3 Turf,2026-05-12,3,21:15,Maiden Special Weight 8f,Maiden Special Weight,Turf,8f,"$43,520",14,Candy Cane Crain,Esquivel Emmanuel,Contreras Cipriano,5/1,True,Thoroughbred,tvg,https://api.tvg.com/cosmo/v1/graphql,2026-05-11T21:14:17.476790,1.0.0,Gift Box,Fluffhead,Animal Kingdom,3,G,"Contreras Stable, Inc. (Cipriano Contreras), Linda Fisher and Edward J. Fisher",122,5/1,6.0,6.0,IJP-3,2026-05-11T21:15:00Z,16
IJP,Horseshoe P3 Turf,2026-05-12,3,21:15,Maiden Special Weight 8f,Maiden Special Weight,Turf,8f,"$43,520",15,Dionysus,De La Cruz Fernando,Cox Brad H,15/1,True,Thoroughbred,tvg,https://api.tvg.com/cosmo/v1/graphql,2026-05-11T21:14:17.476796,1.0.0,Nyquist,Candy Swap,Candy Ride (Arg),3,C,Resolute Racing (John Stewart),122,15/1,16.0,16.0,IJP-3,2026-05-11T21:15:00Z,16
IJP,Horseshoe P3 Turf,2026-05-12,3,21:15,Maiden Special Weight 8f,Maiden Special Weight,Turf,8f,"$43,520",16,Blazy,Calleja Andres,Thompson Ron,30/1,True,Thoroughbred,tvg,https://api.tvg.com/cosmo/v1/graphql,2026-05-11T21:14:17.476801,1.0.0,Beau Liam,Beautiful Morning,Morning Line,3,C,Ron Thompson,122,30/1,31.0,31.0,IJP-3,2026-05-11T21:15:00Z,16
LAD,Louisiana Downs,2026-05-12,1,21:07,Maiden Claiming 5f,Maiden Claiming,Dirt,5f,"$9,500",1,Laryscountrygirl,Williams Rey,Player Fletcher,8/1,False,Thoroughbred,tvg,https://api.tvg.com/cosmo/v1/graphql,2026-05-11T21:14:17.484445,1.0.0,Country Day,Mischievous Girl,Into Mischief,4,F,Thomas W. Nixon,123,9/1,10.0,9.0,LAD-1,2026-05-11T21:07:44Z,6
LAD,Louisiana Downs,2026-05-12,1,21:07,Maiden Claiming 5f,Maiden Claiming,Dirt,5f,"$9,500",2,Bistineau Beauty,Castillo Isaac,Pomier Chasey D,3/1,False,Thoroughbred,tvg,https://api.tvg.com/cosmo/v1/graphql,2026-05-11T21:14:17.484468,1.0.0,El Deal,Cazadora,Karakontie (Jpn),3,F,ETE Stables LLC (Larry G. Todd),118,7/2,4.5,4.0,LAD-1,2026-05-11T21:07:44Z,6
LAD,Louisiana Downs,2026-05-12,1,21:07,Maiden Claiming 5f,Maiden Claiming,Dirt,5f,"$9,500",3,Suivante,Castillo Alexander,Wilson Shane,6/1,False,Thoroughbred,tvg,https://api.tvg.com/cosmo/v1/graphql,2026-05-11T21:14:17.484481,1.0.0,Imperial Hint,British Invader (Gb),Epaulette (Aus),4,F,"Robin Lane Thoroughbreds, LLC (William D. Hughes, Michelle Hughes, and Monia Bos",123,9/1,10.0,7.0,LAD-1,2026-05-11T21:07:44Z,6
LAD,Louisiana Downs,2026-05-12,1,21:07,Maiden Claiming 5f,Maiden Claiming,Dirt,5f,"$9,500",4,Kylie's Knight,Riquelme Jose,Besancon Danny,12/1,False,Thoroughbred,tvg,https://api.tvg.com/cosmo/v1/graphql,2026-05-11T21:14:17.484494,1.0.0,Ocean Knight,Officer Jo Ann,Officer,4,F,Danny Besancon,123,18/1,19.0,13.0,LAD-1,2026-05-11T21:07:44Z,6
LAD,Louisiana Downs,2026-05-12,1,21:07,Maiden Claiming 5f,Maiden Claiming,Dirt,5f,"$9,500",5,Midnight Cigarette,Santiago Edward,"West, Jr. Henry",6/1,False,Thoroughbred,tvg,https://api.tvg.com/cosmo/v1/graphql,2026-05-11T21:14:17.484505,1.0.0,Country Day,Mo Maddnes,Uncle Mo,5,M,Janice Broussard,123,7/1,8.0,7.0,LAD-1,2026-05-11T21:07:44Z,6
LAD,Louisiana Downs,2026-05-12,1,21:07,Maiden Claiming 5f,Maiden Claiming,Dirt,5f,"$9,500",6,Major Move,Barrera Elio J,Foster Joseph M,4/5,False,Thoroughbred,tvg,https://api.tvg.com/cosmo/v1/graphql,2026-05-11T21:14:17.484516,1.0.0,Imperial Hint,Major Ashworth,Colonel John,3,F,Rafael Miguel Castillo,118,3/5,1.6,1.8,LAD-1,2026-05-11T21:07:44Z,6
LAD,Louisiana Downs,2026-05-12,2,21:33,Claiming 7f,Claiming,Dirt,7f,"$10,000",1,Blazing Saber,Nava-Marin Jose,Rodriguez-Torres Pedro,3/1,False,Thoroughbred,tvg,https://api.tvg.com/cosmo/v1/graphql,2026-05-11T21:14:17.484546,1.0.0,Sabercat,Red La Rosa,Harborage,4,G,R/T Roofing and Concrete (Pedro Rodriguez-Torres),125,2/1,3.0,4.0,LAD-2,2026-05-11T21:33:00Z,7
LAD,Louisiana Downs,2026-05-12,2,21:33,Claiming 7f,Claiming,Dirt,7f,"$10,000",2,Live Affair,Barrera Elio J,Lara Jorge,9/2,False,Thoroughbred,tvg,https://api.tvg.com/cosmo/v1/graphql,2026-05-11T21:14:17.484559,1.0.0,Mister Dance,Baileys Affair,Mister Baileys (Gb),7,G,Penny Scarberry,123,5/1,6.0,5.5,LAD-2,2026-05-11T21:33:00Z,7
LAD,Louisiana Downs,2026-05-12,2,21:33,Claiming 7f,Claiming,Dirt,7f,"$10,000",3,Iron Moon,"Ramirez, Jr. Julio",Vidal Juan M,8/1,False,Thoroughbred,tvg,https://api.tvg.com/cosmo/v1/graphql,2026-05-11T21:14:17.484570,1.0.0,Iron Fist,Dixie Sue,Dixieland Band,6,G,Juan Manuel Vidal,123,11/1,12.0,9.0,LAD-2,2026-05-11T21:33:00Z,7
LAD,Louisiana Downs,2026-05-12,2,21:33,Claiming 7f,Claiming,Dirt,7f,"$10,000",4,Dixie's Astro,Lozada Carlos,Dunn Henry R,6/1,False,Thoroughbred,tvg,https://api.tvg.com/cosmo/v1/graphql,2026-05-11T21:14:17.484582,1.0.0,Astrology,Dixie The Cat,Pure Prize,6,G,Alejandra F. Requena,123,9/5,2.8,7.0,LAD-2,2026-05-11T21:33:00Z,7
LAD,Louisiana Downs,2026-05-12,2,21:33,Claiming 7f,Claiming,Dirt,7f,"$10,000",5,Jamaican Me,Castillo Isaac,Govea Cesar,20/1,True,Thoroughbred,tvg,https://api.tvg.com/cosmo/v1/graphql,2026-05-11T21:14:17.484594,1.0.0,Orthodox,Great Movie,Silver Ghost,9,G,L and G Racing Stables (Joe Castillo),123,20/1,21.0,21.0,LAD-2,2026-05-11T21:33:00Z,7
LAD,Louisiana Downs,2026-05-12,2,21:33,Claiming 7f,Claiming,Dirt,7f,"$10,000",6,Heza Sexy Zong,Williams Rey,Foster Joseph M,20/1,False,Thoroughbred,tvg,https://api.tvg.com/cosmo/v1/graphql,2026-05-11T21:14:17.484605,1.0.0,Zong,Sheza Sexy A. P.,A. P. Delta,8,G,Hope Haven Racing (Holly Johnson and Cheryl Foster),123,14/1,15.0,21.0,LAD-2,2026-05-11T21:33:00Z,7
LAD,Louisiana Downs,2026-05-12,2,21:33,Claiming 7f,Claiming,Dirt,7f,"$10,000",7,Blame Me Seriously,Castillo Alexander,Wilson Shane,1/1,False,Thoroughbred,tvg,https://api.tvg.com/cosmo/v1/graphql,2026-05-11T21:14:17.484616,1.0.0,Blame,Serious Steam,Distorted Humor,5,H,Rebecca Wilson,123,3/1,4.0,2.0,LAD-2,2026-05-11T21:33:00Z,7
LAD,Louisiana Downs,2026-05-12,3,22:01,Claiming 7.5f,Claiming,Turf,7.5f,"$10,000",1,Wolf Man Jack,Castillo Alexander,Noel Dane,10/1,False,Thoroughbred,tvg,https://api.tvg.com/cosmo/v1/graphql,2026-05-11T21:14:17.484642,1.0.0,Ghostzapper,Cheery Oats,Distorted Humor,4,C,"Albaugh Family Stables, LLC (Dennis Albaugh, Matt Meredith and Jason Loutsch) an",123,10/1,11.0,11.0,LAD-3,2026-05-11T22:01:00Z,7
LAD,Louisiana Downs,2026-05-12,3,22:01,Claiming 7.5f,Claiming,Turf,7.5f,"$10,000",2,Coboch,Hernandez Harry,Wong Jonathan,3/2,False,Thoroughbred,tvg,https://api.tvg.com/cosmo/v1/graphql,2026-05-11T21:14:17.484655,1.0.0,Laoban,Maquette,Tapit,4,G,Tyree J. Wolesensky,125,3/2,2.5,2.5,LAD-3,2026-05-11T22:01:00Z,7
LAD,Louisiana Downs,2026-05-12,3,22:01,Claiming 7.5f,Claiming,Turf,7.5f,"$10,000",3,Spielman,Nieves Emanuel,Mouton Chadwick J,6/1,False,Thoroughbred,tvg,https://api.tvg.com/cosmo/v1/graphql,2026-05-11T21:14:17.484666,1.0.0,Hard Spun,Sassy Image,Broken Vow,6,G,Ishia Mouton,123,6/1,7.0,7.0,LAD-3,2026-05-11T22:01:00Z,7
LAD,Louisiana Downs,2026-05-12,3,22:01,Claiming 7.5f,Claiming,Turf,7.5f,"$10,000",4,Whiskey Over Ice,Nava-Marin Jose,Gomez David C,6/1,False,Thoroughbred,tvg,https://api.tvg.com/cosmo/v1/graphql,2026-05-11T21:14:17.484677,1.0.0,Hampton Court (Aus),Determined Daria,Tale Of The Cat,8,G,Darlene Thornton,123,6/1,7.0,7.0,LAD-3,2026-05-11T22:01:00Z,7
LAD,Louisiana Downs,2026-05-12,3,22:01,Claiming 7.5f,Claiming,Turf,7.5f,"$10,000",5,He's Charming,Castillo Isaac,Gelner Jayde J,10/1,False,Thoroughbred,tvg,https://api.tvg.com/cosmo/v1/graphql,2026-05-11T21:14:17.484688,1.0.0,Preservationist,Really Charming,Harlan's Holiday,5,G,Jayde J. Gelner,123,10/1,11.0,11.0,LAD-3,2026-05-11T22:01:00Z,7
LAD,Louisiana Downs,2026-05-12,3,22:01,Claiming 7.5f,Claiming,Turf,7.5f,"$10,000",6,Friday Night Fever,Lozada Carlos,Cravens Iii Ronnie E,6/1,False,Thoroughbred,tvg,https://api.tvg.com/cosmo/v1/graphql,2026-05-11T21:14:17.484699,1.0.0,Hard Spun,Smooth Performer,Benchmark,3,G,Lone Star Racing Club (Melodie Cravens ),118,6/1,7.0,7.0,LAD-3,2026-05-11T22:01:00Z,7
LAD,Louisiana Downs,2026-05-12,3,22:01,Claiming 7.5f,Claiming,Turf,7.5f,"$10,000",7,Roaring Rapids,Vargas Juan P,Jacks Karen E,3/1,False,Thoroughbred,tvg,https://api.tvg.com/cosmo/v1/graphql,2026-05-11T21:14:17.484709,1.0.0,Hard Spun,Ransomed Heart (Ire),Galileo (Ire),5,G,"Carl R. Moore Management, LLC (Carl R. Moore)",123,3/1,4.0,4.0,LAD-3,2026-05-11T22:01:00Z,7
LAD,Louisiana Downs,2026-05-12,4,22:29,Maiden Claiming 5.5f,Maiden Claiming,Dirt,5.5f,"$11,500",1,Vickie's Halo,Williams Rey,Wilson Melton,12/1,False,Thoroughbred,tvg,https://api.tvg.com/cosmo/v1/graphql,2026-05-11T21:14:17.484732,1.0.0,Lone Star Special,Kool Aid Girl,Private Vow,4,F,Melton Wilson and Conner Richardson,125,12/1,13.0,13.0,LAD-4,2026-05-11T22:29:00Z,7
LAD,Louisiana Downs,2026-05-12,4,22:29,Maiden Claiming 5.5f,Maiden Claiming,Dirt,5.5f,"$11,500",2,Lilly Warbanks,Pena Jonuelle,Turner Patti,10/1,False,Thoroughbred,tvg,https://api.tvg.com/cosmo/v1/graphql,2026-05-11T21:14:17.484744,1.0.0,Higher Power,Yabuquiva,Bluegrass Cat,3,F,Mark C. Scurria,115,10/1,11.0,11.0,LAD-4,2026-05-11T22:29:00Z,7
LAD,Louisiana Downs,2026-05-12,4,22:29,Maiden Claiming 5.5f,Maiden Claiming,Dirt,5.5f,"$11,500",3,Roseigh All Day,Nieves Emanuel,Felks Joseph R,4/1,False,Thoroughbred,tvg,https://api.tvg.com/cosmo/v1/graphql,2026-05-11T21:14:17.484798,1.0.0,Jay Gatsby,Ringbang City,Carson City,3,F,"MelMar Racing, LLC",120,4/1,5.0,5.0,LAD-4,2026-05-11T22:29:00Z,7
LAD,Louisiana Downs,2026-05-12,4,22:29,Maiden Claiming 5.5f,Maiden Claiming,Dirt,5.5f,"$11,500",4,Bulletproof Bess,Dominguez Joel,Richey Tony J,6/1,True,Thoroughbred,tvg,https://api.tvg.com/cosmo/v1/graphql,2026-05-11T21:14:17.484821,1.0.0,Thousand Words,Bessie's Bullet,Wando,3,F,"Israel Flores Horses, LLC (Israel Flores)",120,6/1,7.0,7.0,LAD-4,2026-05-11T22:29:00Z,7
LAD,Louisiana Downs,2026-05-12,4,22:29,Maiden Claiming 5.5f,Maiden Claiming,Dirt,5.5f,"$11,500",5,Mary Claire,Castillo Isaac,Thompson Kevin J,5/2,False,Thoroughbred,tvg,https://api.tvg.com/cosmo/v1/graphql,2026-05-11T21:14:17.484829,1.0.0,Hard Aces,Walma Jean,Ide,4,F,David B. Moreau,125,5/2,3.5,3.5,LAD-4,2026-05-11T22:29:00Z,7
LAD,Louisiana Downs,2026-05-12,4,22:29,Maiden Claiming 5.5f,Maiden Claiming,Dirt,5.5f,"$11,500",6,Jubilate,Castillo Alexander,Wilson Shane,3/1,False,Thoroughbred,tvg,https://api.tvg.com/cosmo/v1/graphql,2026-05-11T21:14:17.484835,1.0.0,Aurelius Maximus,Bubz Foo Foo,Latent Heat,3,F,"Robin Lane Thoroughbreds, LLC (William D. Hughes, Michelle Hughes, and Monia Bos",120,3/1,4.0,4.0,LAD-4,2026-05-11T22:29:00Z,7
LAD,Louisiana Downs,2026-05-12,4,22:29,Maiden Claiming 5.5f,Maiden Claiming,Dirt,5.5f,"$11,500",7,Millie's Deal,Hernandez Harry,Wong Jonathan,7/2,False,Thoroughbred,tvg,https://api.tvg.com/cosmo/v1/graphql,2026-05-11T21:14:17.484840,1.0.0,El Deal,Our Millie,Half Ours,3,F,Jonathan Wong,120,7/2,4.5,4.5,LAD-4,2026-05-11T22:29:00Z,7
LAD,Louisiana Downs,2026-05-12,5,22:57,Claiming 5.5f,Claiming,Dirt,5.5f,"$8,500",1,Mo Dixie Diva,"Ramirez, Jr. Julio",Gomez David C,12/1,False,Thoroughbred,tvg,https://api.tvg.com/cosmo/v1/graphql,2026-05-11T21:14:17.484869,1.0.0,Mo Tom,K C Diva,Youngs Neck Arod,7,M,Katie Jo Kitchings,119,12/1,13.0,13.0,LAD-5,2026-05-11T22:57:00Z,7
LAD,Louisiana Downs,2026-05-12,5,22:57,Claiming 5.5f,Claiming,Dirt,5.5f,"$8,500",2,In Your Life,Dominguez Joel,Lorefice Matthew F,5/2,False,Thoroughbred,tvg,https://api.tvg.com/cosmo/v1/graphql,2026-05-11T21:14:17.484875,1.0.0,Mr Speaker,Dynamite Dame,El Prado (Ire),5,M,Steve Sistrunk,122,5/2,3.5,3.5,LAD-5,2026-05-11T22:57:00Z,7
LAD,Louisiana Downs,2026-05-12,5,22:57,Claiming 5.5f,Claiming,Dirt,5.5f,"$8,500",3,Sara's Sapphire,Lozada Carlos,Dixon Tim,10/1,False,Thoroughbred,tvg,https://api.tvg.com/cosmo/v1/graphql,2026-05-11T21:14:17.484881,1.0.0,Gemologist,Our Eponene,Not For Love,6,M,Gena Moore and Ann Moore,119,10/1,11.0,11.0,LAD-5,2026-05-11T22:57:00Z,7
LAD,Louisiana Downs,2026-05-12,5,22:57,Claiming 5.5f,Claiming,Dirt,5.5f,"$8,500",4,Where's Aunt J,Castillo Isaac,Cates Al,1/1,False,Thoroughbred,tvg,https://api.tvg.com/cosmo/v1/graphql,2026-05-11T21:14:17.484886,1.0.0,Half Ours,Scamp And A Half,Storm And A Half,6,M,"Golden Sky Racing, Inc. (Blake Lazenby)",119,1/1,2.0,2.0,LAD-5,2026-05-11T22:57:00Z,7
LAD,Louisiana Downs,2026-05-12,5,22:57,Claiming 5.5f,Claiming,Dirt,5.5f,"$8,500",5,Ann's Storm,Santiago Edward,Hatcher Nathan D,20/1,False,Thoroughbred,tvg,https://api.tvg.com/cosmo/v1/graphql,2026-05-11T21:14:17.484891,1.0.0,Midnight Storm,Confessa,Repent,7,M,Corey Hatcher,119,20/1,21.0,21.0,LAD-5,2026-05-11T22:57:00Z,7
LAD,Louisiana Downs,2026-05-12,5,22:57,Claiming 5.5f,Claiming,Dirt,5.5f,"$8,500",6,Waving Bye,Nava-Marin Jose,Rodriguez-Torres Pedro,4/1,False,Thoroughbred,tvg,https://api.tvg.com/cosmo/v1/graphql,2026-05-11T21:14:17.484897,1.0.0,The Hunk,Making Waves,Stormy Atlantic,6,M,R/T Roofing and Concrete (Pedro Rodriguez-Torres),122,4/1,5.0,5.0,LAD-5,2026-05-11T22:57:00Z,7
LAD,Louisiana Downs,2026-05-12,5,22:57,Claiming 5.5f,Claiming,Dirt,5.5f,"$8,500",7,Mischief Angel,Pena Jonuelle,Rangel Raul,15/1,False,Thoroughbred,tvg,https://api.tvg.com/cosmo/v1/graphql,2026-05-11T21:14:17.484902,1.0.0,Goldencents,Angel's Flight,Rock Hard Ten,6,M,James A. Watkins,117,15/1,16.0,16.0,LAD-5,2026-05-11T22:57:00Z,7
LAD,Louisiana Downs,2026-05-12,6,23:25,Unknown 6f,Unknown,Dirt,6f,"$12,000",1,Texas Holdem,Lozada Carlos,Dixon Tim,6/1,False,Thoroughbred,tvg,https://api.tvg.com/cosmo/v1/graphql,2026-05-11T21:14:17.484913,1.0.0,Race Day,Lil Sweet Sea,Warrior's Reward,7,G,Tim Dixon,122,6/1,7.0,7.0,LAD-6,2026-05-11T23:25:00Z,9
LAD,Louisiana Downs,2026-05-12,6,23:25,Unknown 6f,Unknown,Dirt,6f,"$12,000",2,Lil Chilly,Murray Erica M,Scherer Gary M,6/1,False,Thoroughbred,tvg,https://api.tvg.com/cosmo/v1/graphql,2026-05-11T21:14:17.484918,1.0.0,Half Ours,Wind Chill Factor,Successful Appeal,5,M,Gary M. Scherer,117,6/1,7.0,7.0,LAD-6,2026-05-11T23:25:00Z,9
LAD,Louisiana Downs,2026-05-12,6,23:25,Unknown 6f,Unknown,Dirt,6f,"$12,000",3,Super Wise,Barrera Elio J,Scherer Gary M,20/1,True,Thoroughbred,tvg,https://api.tvg.com/cosmo/v1/graphql,2026-05-11T21:14:17.484924,1.0.0,Super Saver,Royale Michele,Elusive Quality,8,G,Gary M. Scherer,124,20/1,21.0,21.0,LAD-6,2026-05-11T23:25:00Z,9
LAD,Louisiana Downs,2026-05-12,6,23:25,Unknown 6f,Unknown,Dirt,6f,"$12,000",4,Midnight Humor,Castillo Isaac,Gelner Jayde J,30/1,True,Thoroughbred,tvg,https://api.tvg.com/cosmo/v1/graphql,2026-05-11T21:14:17.484929,1.0.0,Spun To Run,Final Humor,Distorted Humor,4,G,Jayde J. Gelner,121,30/1,31.0,31.0,LAD-6,2026-05-11T23:25:00Z,9
LAD,Louisiana Downs,2026-05-12,6,23:25,Unknown 6f,Unknown,Dirt,6f,"$12,000",5,Prodigy Paradise,Castillo Alexander,Wilson Shane,8/1,False,Thoroughbred,tvg,https://api.tvg.com/cosmo/v1/graphql,2026-05-11T21:14:17.484935,1.0.0,Omaha Beach,Mominou,Congrats,5,G,Joe Hackler Racing LP (Joe Hackler),121,8/1,9.0,9.0,LAD-6,2026-05-11T23:25:00Z,9
LAD,Louisiana Downs,2026-05-12,6,23:25,Unknown 6f,Unknown,Dirt,6f,"$12,000",6,Forsaken,"Ramirez, Jr. Julio",Govea Cesar,12/1,True,Thoroughbred,tvg,https://api.tvg.com/cosmo/v1/graphql,2026-05-11T21:14:17.484941,1.0.0,Kantharos,Kombat Lake,Meadowlake,8,G,L and G Racing Stables (Joe Castillo),122,12/1,13.0,13.0,LAD-6,2026-05-11T23:25:00Z,9
LAD,Louisiana Downs,2026-05-12,6,23:25,Unknown 6f,Unknown,Dirt,6f,"$12,000",7,Bello Creedo,Nava-Marin Jose,"West, Jr. Henry",30/1,False,Thoroughbred,tvg,https://api.tvg.com/cosmo/v1/graphql,2026-05-11T21:14:17.484946,1.0.0,Jimmy Creed,Bella Canzone,Gio Ponti,6,G,Chadwick Romero,121,30/1,31.0,31.0,LAD-6,2026-05-11T23:25:00Z,9
LAD,Louisiana Downs,2026-05-12,6,23:25,Unknown 6f,Unknown,Dirt,6f,"$12,000",8,Baron Of The Nile,Dominguez Joel,Cano Juan M,7/5,False,Thoroughbred,tvg,https://api.tvg.com/cosmo/v1/graphql,2026-05-11T21:14:17.484952,1.0.0,Lord Nelson,Champagne Girl,Into Mischief,5,G,"Juan Munoz Cano and Louisiana Rocks Racing Stable, LLC (Mohammed T. Islam)",126,7/5,2.4,2.4,LAD-6,2026-05-11T23:25:00Z,9
LAD,Louisiana Downs,2026-05-12,6,23:25,Unknown 6f,Unknown,Dirt,6f,"$12,000",9,Perfect Union,Hernandez Harry,Wong Jonathan,5/2,False,Thoroughbred,tvg,https://api.tvg.com/cosmo/v1/graphql,2026-05-11T21:14:17.484957,1.0.0,Tiz The Law,Supernatural,Ghostzapper,4,F,Taboada Racing Stables LLC (Johnny Taboada),122,5/2,3.5,3.5,LAD-6,2026-05-11T23:25:00Z,9
LAD,Louisiana Downs,2026-05-12,7,23:53,Maiden Special Weight 8f,Maiden Special Weight,Turf,8f,"$23,000",1,Myrna,Lozada Carlos,Dixon Tim,3/1,False,Thoroughbred,tvg,https://api.tvg.com/cosmo/v1/graphql,2026-05-11T21:14:17.484967,1.0.0,Sharp Azteca,Grandma Fran,Street Boss,3,F,Ricky G. Smith,118,3/1,4.0,4.0,LAD-7,2026-05-11T23:53:00Z,9
LAD,Louisiana Downs,2026-05-12,7,23:53,Maiden Special Weight 8f,Maiden Special Weight,Turf,8f,"$23,000",2,Rhythm Ready,Hernandez Harry,Scherer Gary M,8/1,False,Thoroughbred,tvg,https://api.tvg.com/cosmo/v1/graphql,2026-05-11T21:14:17.484973,1.0.0,Runhappy,Ready To Rip,More Than Ready,3,F,Kindred Stables Inc. (Jeff Drown),118,8/1,9.0,9.0,LAD-7,2026-05-11T23:53:00Z,9
LAD,Louisiana Downs,2026-05-12,7,23:53,Maiden Special Weight 8f,Maiden Special Weight,Turf,8f,"$23,000",3,La Jefacita,Castillo Isaac,Wong Jonathan,6/1,False,Thoroughbred,tvg,https://api.tvg.com/cosmo/v1/graphql,2026-05-11T21:14:17.484978,1.0.0,Solomini,Bitter Gold,Midas Eyes,3,F,Amaty Racing Stables (Dennis Amaty),118,6/1,7.0,7.0,LAD-7,2026-05-11T23:53:00Z,9
LAD,Louisiana Downs,2026-05-12,7,23:53,Maiden Special Weight 8f,Maiden Special Weight,Turf,8f,"$23,000",4,Mothertwotheblues,Castillo Alexander,Wilson Shane,3/2,False,Thoroughbred,tvg,https://api.tvg.com/cosmo/v1/graphql,2026-05-11T21:14:17.484983,1.0.0,War Front,Blue Night (Ire),Galileo (Ire),3,F,"Brittlyn Stable, Inc. (Evelyn Benoit)",118,3/2,2.5,2.5,LAD-7,2026-05-11T23:53:00Z,9
LAD,Louisiana Downs,2026-05-12,7,23:53,Maiden Special Weight 8f,Maiden Special Weight,Turf,8f,"$23,000",5,Open Flame,Vargas Juan P,Garcia J. L,8/1,False,Thoroughbred,tvg,https://api.tvg.com/cosmo/v1/graphql,2026-05-11T21:14:17.484988,1.0.0,Volatile,Ignite,Jump Start,4,F,Melissa Cantacuzene,124,8/1,9.0,9.0,LAD-7,2026-05-11T23:53:00Z,9
LAD,Louisiana Downs,2026-05-12,7,23:53,Maiden Special Weight 8f,Maiden Special Weight,Turf,8f,"$23,000",6,Calipari's Girl,Barrera Elio J,Milligan Allen,30/1,False,Thoroughbred,tvg,https://api.tvg.com/cosmo/v1/graphql,2026-05-11T21:14:17.484994,1.0.0,Instagrand,Moon Legacy,Malibu Moon,4,F,"K and K Racing Stables, LLC (Kenny and Kim Adams)",124,30/1,31.0,31.0,LAD-7,2026-05-11T23:53:00Z,9
LAD,Louisiana Downs,2026-05-12,7,23:53,Maiden Special Weight 8f,Maiden Special Weight,Turf,8f,"$23,000",7,Dewey's Soldier,Riquelme Jose,Besancon Danny,30/1,False,Thoroughbred,tvg,https://api.tvg.com/cosmo/v1/graphql,2026-05-11T21:14:17.485000,1.0.0,Sadie's Soldier,Jove Jove Dive,Brighton Ridge,3,F,Danny Besancon,115,30/1,31.0,31.0,LAD-7,2026-05-11T23:53:00Z,9
LAD,Louisiana Downs,2026-05-12,7,23:53,Maiden Special Weight 8f,Maiden Special Weight,Turf,8f,"$23,000",8,Balitrix,Nava-Marin Jose,Vincent Jarvis,20/1,False,Thoroughbred,tvg,https://api.tvg.com/cosmo/v1/graphql,2026-05-11T21:14:17.485005,1.0.0,Bal A Bali (Brz),Venatrix,Theatrical (Ire),5,M,"Balthazar Thoroughbred Racing, LLC (Brandy Balthazar)",124,20/1,21.0,21.0,LAD-7,2026-05-11T23:53:00Z,9
LAD,Louisiana Downs,2026-05-12,7,23:53,Maiden Special Weight 8f,Maiden Special Weight,Turf,8f,"$23,000",9,Iona Mckinzie,Williams Rey,Foster Joseph M,6/1,False,Thoroughbred,tvg,https://api.tvg.com/cosmo/v1/graphql,2026-05-11T21:14:17.485010,1.0.0,Mckinzie,Loom,Hard Spun,3,F,Cimarron TTT Farms LLC (Martin Triplett and Rosalind Triplett),118,6/1,7.0,7.0,LAD-7,2026-05-11T23:53:00Z,9
LRX,BR - Gavea (simulcast),2026-05-12,10,21:30,Allowance 1600mtr,Allowance,Turf,1600mtr,"$5,770",1,Winehouse (Brz),Anthony Cardos,Breno Piovesan,10/1,False,Thoroughbred,tvg,https://api.tvg.com/cosmo/v1/graphql,2026-05-11T21:14:17.491816,1.0.0,Courtier,Bernaise (Brz),,5,G,Stud Rain San,123,10/1,11.0,11.0,LRX-10,2026-05-11T21:30:00Z,7
LRX,BR - Gavea (simulcast),2026-05-12,10,21:30,Allowance 1600mtr,Allowance,Turf,1600mtr,"$5,770",2,Mountain Bike (Brz),Valdinei Gil,Flavio Assis,2/1,False,Thoroughbred,tvg,https://api.tvg.com/cosmo/v1/graphql,2026-05-11T21:14:17.491830,1.0.0,Put It Back,Escaramuza (Brz),,6,M,Haras Legacy,126,2/1,3.0,3.0,LRX-10,2026-05-11T21:30:00Z,7
LRX,BR - Gavea (simulcast),2026-05-12,10,21:30,Allowance 1600mtr,Allowance,Turf,1600mtr,"$5,770",3,Not To Worry (Brz),Vagner Borges,Christiano Oli,3/5,False,Thoroughbred,tvg,https://api.tvg.com/cosmo/v1/graphql,2026-05-11T21:14:17.491839,1.0.0,Put It Back,Escaramuza (Brz),,5,M,Haras Santa Maria De Araras,126,3/5,1.6,1.6,LRX-10,2026-05-11T21:30:00Z,7
LRX,BR - Gavea (simulcast),2026-05-12,10,21:30,Allowance 1600mtr,Allowance,Turf,1600mtr,"$5,770",4,Noli Cry (Brz),Edson Fernando,Jairo Borges,20/1,False,Thoroughbred,tvg,https://api.tvg.com/cosmo/v1/graphql,2026-05-11T21:14:17.491846,1.0.0,Rally Cry,Polite Society (Ire),,6,M,Stud Tieppo Borges,126,20/1,21.0,21.0,LRX-10,2026-05-11T21:30:00Z,7
LRX,BR - Gavea (simulcast),2026-05-12,10,21:30,Allowance 1600mtr,Allowance,Turf,1600mtr,"$5,770",5,Ustaritz (Brz),Joao Brasil,Flavio Assis,5/1,False,Thoroughbred,tvg,https://api.tvg.com/cosmo/v1/graphql,2026-05-11T21:14:17.491852,1.0.0,Salto (Ire),Emancipada (Brz),,5,H,Plinio Jose Franca De Oliveira,123,5/1,6.0,6.0,LRX-10,2026-05-11T21:30:00Z,7
LRX,BR - Gavea (simulcast),2026-05-12,10,21:30,Allowance 1600mtr,Allowance,Turf,1600mtr,"$5,770",6,German Glory (Brz),Henderson Fern,Roberto Da Sil,10/1,False,Thoroughbred,tvg,https://api.tvg.com/cosmo/v1/graphql,2026-05-11T21:14:17.491858,1.0.0,Holding Glory (Brz,Jeannings (Brz),,6,M,Stud Jose Luiz Menino,126,10/1,11.0,11.0,LRX-10,2026-05-11T21:30:00Z,7
LRX,BR - Gavea (simulcast),2026-05-12,10,21:30,Allowance 1600mtr,Allowance,Turf,1600mtr,"$5,770",7,Gate Three (Brz),Scratched,Luiz Filho,99/1,True,Thoroughbred,tvg,https://api.tvg.com/cosmo/v1/graphql,2026-05-11T21:14:17.491864,1.0.0,Camelot Kitten,Gardner (Brz),,5,M,Luiz Henrique Flores Dos Santos,119,99/1,100.0,100.0,LRX-10,2026-05-11T21:30:00Z,7
LRX,BR - Gavea (simulcast),2026-05-12,11,22:00,Allowance 1900mtr,Allowance,Dirt,1900mtr,"$6,839",1,Time Is Now (Brz),Joao Brasil,Dulcino Guigno,4/5,False,Thoroughbred,tvg,https://api.tvg.com/cosmo/v1/graphql,2026-05-11T21:14:17.491881,1.0.0,Sangarius (Gb),Winner Friend,,4,C,Haras Legacy,123,4/5,1.8,1.8,LRX-11,2026-05-11T22:00:00Z,8
LRX,BR - Gavea (simulcast),2026-05-12,11,22:00,Allowance 1900mtr,Allowance,Dirt,1900mtr,"$6,839",2,Top Winner (Brz),Henderson Fern,Dulcino Guigno,15/1,True,Thoroughbred,tvg,https://api.tvg.com/cosmo/v1/graphql,2026-05-11T21:14:17.491888,1.0.0,Can The Man,Lady Marilan (Brz),,4,C,Haras Legacy,123,15/1,16.0,16.0,LRX-11,2026-05-11T22:00:00Z,8
LRX,BR - Gavea (simulcast),2026-05-12,11,22:00,Allowance 1900mtr,Allowance,Dirt,1900mtr,"$6,839",3,Valparaiso (Brz),Vagner Borges,Alessandro Dam,1/1,False,Thoroughbred,tvg,https://api.tvg.com/cosmo/v1/graphql,2026-05-11T21:14:17.491894,1.0.0,Ay Caramba (Brz),Ninny Baby (Brz),,5,H,Stud Blue Mountain,126,1/1,2.0,2.0,LRX-11,2026-05-11T22:00:00Z,8
LRX,BR - Gavea (simulcast),2026-05-12,11,22:00,Allowance 1900mtr,Allowance,Dirt,1900mtr,"$6,839",4,Contessa (Brz),Viitorio Vinyc,Jose De Olivei,50/1,False,Thoroughbred,tvg,https://api.tvg.com/cosmo/v1/graphql,2026-05-11T21:14:17.491900,1.0.0,Courtier,Una Vita (Brz),,5,M,Stud Sinara,115,50/1,51.0,51.0,LRX-11,2026-05-11T22:00:00Z,8
LRX,BR - Gavea (simulcast),2026-05-12,11,22:00,Allowance 1900mtr,Allowance,Dirt,1900mtr,"$6,839",5,Tunga (Brz),Matheus Aguiar,Alan Marcelo G,50/1,False,Thoroughbred,tvg,https://api.tvg.com/cosmo/v1/graphql,2026-05-11T21:14:17.491906,1.0.0,Alpha,Hed Kandi (Brz),,4,C,Maria Valdirene M.Do Nascimento,117,50/1,51.0,51.0,LRX-11,2026-05-11T22:00:00Z,8
LRX,BR - Gavea (simulcast),2026-05-12,11,22:00,Allowance 1900mtr,Allowance,Dirt,1900mtr,"$6,839",6,A Reason To Live (Brz),Roberto Melo,Jaime Barreto,50/1,True,Thoroughbred,tvg,https://api.tvg.com/cosmo/v1/graphql,2026-05-11T21:14:17.491912,1.0.0,Ay Caramba (Brz),Garconniere (Brz),,9,H,Kowalsky Stud,132,50/1,51.0,51.0,LRX-11,2026-05-11T22:00:00Z,8
LRX,BR - Gavea (simulcast),2026-05-12,11,22:00,Allowance 1900mtr,Allowance,Dirt,1900mtr,"$6,839",7,Ragnar Lodbrok (Brz),Joao Enick,Jaime Barreto,6/1,False,Thoroughbred,tvg,https://api.tvg.com/cosmo/v1/graphql,2026-05-11T21:14:17.491920,1.0.0,Ay Caramba (Brz),Ilha De Pascoa (Brz),,7,H,Coudelaria Atafona,119,6/1,7.0,7.0,LRX-11,2026-05-11T22:00:00Z,8
LRX,BR - Gavea (simulcast),2026-05-12,11,22:00,Allowance 1900mtr,Allowance,Dirt,1900mtr,"$6,839",8,Sonic Do Iguassu (Brz),Pedro Assis,Antonio Oldoni,10/1,False,Thoroughbred,tvg,https://api.tvg.com/cosmo/v1/graphql,2026-05-11T21:14:17.491927,1.0.0,Kentuckian,Redencao (Brz),,4,C,Haras Rio Iguassu,117,10/1,11.0,11.0,LRX-11,2026-05-11T22:00:00Z,8
LRX,BR - Gavea (simulcast),2026-05-12,12,22:30,Allowance 1300mtr,Allowance,Dirt,1300mtr,"$5,770",1,Noirien Blanc (Brz),Edson Fernando,Gilvanio Santo,20/1,False,Thoroughbred,tvg,https://api.tvg.com/cosmo/v1/graphql,2026-05-11T21:14:17.491946,1.0.0,Hofburg,Brandwine (Brz),,5,M,Stud El Albatroz,123,20/1,21.0,21.0,LRX-12,2026-05-11T22:30:00Z,7
LRX,BR - Gavea (simulcast),2026-05-12,12,22:30,Allowance 1300mtr,Allowance,Dirt,1300mtr,"$5,770",2,Pixdecem (Brz),Joao Brasil,Ildefonso De S,5/1,False,Thoroughbred,tvg,https://api.tvg.com/cosmo/v1/graphql,2026-05-11T21:14:17.491952,1.0.0,Huber (Brz),Jafool (Ire),,5,H,Stud Luis Lima,128,5/1,6.0,6.0,LRX-12,2026-05-11T22:30:00Z,7
LRX,BR - Gavea (simulcast),2026-05-12,12,22:30,Allowance 1300mtr,Allowance,Dirt,1300mtr,"$5,770",3,Rainha Da Sucata (Brz),Pedro Assis,Leopoldo Cury,12/1,False,Thoroughbred,tvg,https://api.tvg.com/cosmo/v1/graphql,2026-05-11T21:14:17.491959,1.0.0,War Secretary,Kelly Key (Brz),,6,M,Leopoldo Jose Cury,123,12/1,13.0,13.0,LRX-12,2026-05-11T22:30:00Z,7
LRX,BR - Gavea (simulcast),2026-05-12,12,22:30,Allowance 1300mtr,Allowance,Dirt,1300mtr,"$5,770",4,Laugh Forever (Brz),Viitorio Vinyc,Ildefonso De S,10/1,False,Thoroughbred,tvg,https://api.tvg.com/cosmo/v1/graphql,2026-05-11T21:14:17.491968,1.0.0,Emcee,Ereaserhead (Brz),,7,M,Antonio Carlos Louvain Correa,117,10/1,11.0,11.0,LRX-12,2026-05-11T22:30:00Z,7
LRX,BR - Gavea (simulcast),2026-05-12,12,22:30,Allowance 1300mtr,Allowance,Dirt,1300mtr,"$5,770",5,Mark Rohtko (Brz),Matheus Aguiar,Jose Antonio L,4/1,False,Thoroughbred,tvg,https://api.tvg.com/cosmo/v1/graphql,2026-05-11T21:14:17.491978,1.0.0,Catch A Flight (Ar,Caritzia (Brz),,6,H,Stud Golden Horses,121,4/1,5.0,5.0,LRX-12,2026-05-11T22:30:00Z,7
LRX,BR - Gavea (simulcast),2026-05-12,12,22:30,Allowance 1300mtr,Allowance,Dirt,1300mtr,"$5,770",6,Indian-Vip (Brz),Valdinei Gil,Dilson Antunes,3/1,False,Thoroughbred,tvg,https://api.tvg.com/cosmo/v1/graphql,2026-05-11T21:14:17.491985,1.0.0,War Secretary,Indy-Office (Brz),,6,H,Cristiano Martins,128,3/1,4.0,4.0,LRX-12,2026-05-11T22:30:00Z,7
LRX,BR - Gavea (simulcast),2026-05-12,12,22:30,Allowance 1300mtr,Allowance,Dirt,1300mtr,"$5,770",7,Kaiaki D'anafer (Brz),Vagner Borges,Antonio Oldoni,4/5,False,Thoroughbred,tvg,https://api.tvg.com/cosmo/v1/graphql,2026-05-11T21:14:17.491992,1.0.0,Iguassu Star (Brz),Pascal Beauty (Brz),,5,H,Haras Rio Iguassu,128,4/5,1.8,1.8,LRX-12,2026-05-11T22:30:00Z,7
LRX,BR - Gavea (simulcast),2026-05-12,13,23:00,Allowance 1500mtr,Allowance,Turf,1500mtr,"$6,839",1,Toda Chic (Brz),Pedro Assis,Jairo Borges,5/2,False,Thoroughbred,tvg,https://api.tvg.com/cosmo/v1/graphql,2026-05-11T21:14:17.492010,1.0.0,Victory Is Ours (B,Established (Brz),,4,F,Stud Tieppo Borges,126,5/2,3.5,3.5,LRX-13,2026-05-11T23:00:00Z,8
LRX,BR - Gavea (simulcast),2026-05-12,13,23:00,Allowance 1500mtr,Allowance,Turf,1500mtr,"$6,839",2,Tulinha (Brz),Francisco Chav,Jaime Barreto,15/1,False,Thoroughbred,tvg,https://api.tvg.com/cosmo/v1/graphql,2026-05-11T21:14:17.492017,1.0.0,Goldikovic (Ire),Docura,,4,F,Stud Printemps,126,15/1,16.0,16.0,LRX-13,2026-05-11T23:00:00Z,8
LRX,BR - Gavea (simulcast),2026-05-12,13,23:00,Allowance 1500mtr,Allowance,Turf,1500mtr,"$6,839",3,Zahrina (Brz),Joao Brasil,Lucio De Vaz,5/2,False,Thoroughbred,tvg,https://api.tvg.com/cosmo/v1/graphql,2026-05-11T21:14:17.492025,1.0.0,Rally Cry,Vidya (Brz),,4,F,Haras Moema,126,5/2,3.5,3.5,LRX-13,2026-05-11T23:00:00Z,8
LRX,BR - Gavea (simulcast),2026-05-12,13,23:00,Allowance 1500mtr,Allowance,Turf,1500mtr,"$6,839",4,Once Maybe (Brz),Vagner Borges,Lucas Quintana,5/1,True,Thoroughbred,tvg,https://api.tvg.com/cosmo/v1/graphql,2026-05-11T21:14:17.492033,1.0.0,Drosselmeyer,Future Queen (Brz),,4,F,Haras Santa Maria De Araras,126,5/1,6.0,6.0,LRX-13,2026-05-11T23:00:00Z,8
LRX,BR - Gavea (simulcast),2026-05-12,13,23:00,Allowance 1500mtr,Allowance,Turf,1500mtr,"$6,839",5,Oh Well (Brz),Wesley Cardoso,Roberto Morgad,6/1,False,Thoroughbred,tvg,https://api.tvg.com/cosmo/v1/graphql,2026-05-11T21:14:17.492041,1.0.0,Put It Back,All Is Well (Brz),,4,F,Stud Eterno Amor,126,6/1,7.0,7.0,LRX-13,2026-05-11T23:00:00Z,8
LRX,BR - Gavea (simulcast),2026-05-12,13,23:00,Allowance 1500mtr,Allowance,Turf,1500mtr,"$6,839",6,Orange Et Bleu (Brz),Henderson Fern,Fabricio Borge,12/1,False,Thoroughbred,tvg,https://api.tvg.com/cosmo/v1/graphql,2026-05-11T21:14:17.492048,1.0.0,Sangarius (Gb),La Madrague (Brz),,4,F,Syndicate Brasil,126,12/1,13.0,13.0,LRX-13,2026-05-11T23:00:00Z,8
LRX,BR - Gavea (simulcast),2026-05-12,13,23:00,Allowance 1500mtr,Allowance,Turf,1500mtr,"$6,839",7,Sofia Sol (Brz),Anthony Cardos,Julio Cezar Sa,3/1,False,Thoroughbred,tvg,https://api.tvg.com/cosmo/v1/graphql,2026-05-11T21:14:17.492056,1.0.0,Setembro Chove (Br,High Moon (Brz),,4,F,Stud Sol De Agosto,126,3/1,4.0,4.0,LRX-13,2026-05-11T23:00:00Z,8
LRX,BR - Gavea (simulcast),2026-05-12,13,23:00,Allowance 1500mtr,Allowance,Turf,1500mtr,"$6,839",8,Pilavas (Brz),Valdinei Gil,Breno Piovesan,30/1,False,Thoroughbred,tvg,https://api.tvg.com/cosmo/v1/graphql,2026-05-11T21:14:17.492062,1.0.0,E Do Sul (Brz),Few Good (Brz),,4,F,Stud Rain San,126,30/1,31.0,31.0,LRX-13,2026-05-11T23:00:00Z,8
LRX,BR - Gavea (simulcast),2026-05-12,14,23:30,Maiden Special 1300mtr,Maiden Special,Turf,1300mtr,"$6,839",1,Of The Wind (Brz),Pedro Assis,Roberto Da Sil,50/1,False,Thoroughbred,tvg,https://api.tvg.com/cosmo/v1/graphql,2026-05-11T21:14:17.492074,1.0.0,Vontade De Matar (,Hagen Daas (Brz),,4,F,Haras Depigua,121,50/1,51.0,51.0,LRX-14,2026-05-11T23:30:00Z,9
LRX,BR - Gavea (simulcast),2026-05-12,14,23:30,Maiden Special 1300mtr,Maiden Special,Turf,1300mtr,"$6,839",2,Imperador Do Tempo (Brz),Antonio Queiro,Allan Hollanda,18/1,False,Thoroughbred,tvg,https://api.tvg.com/cosmo/v1/graphql,2026-05-11T21:14:17.492082,1.0.0,Camelot Kitten,Imperatriz Agnes (Brz),,4,C,Allan Viana Correa De Hollanda,126,18/1,19.0,19.0,LRX-14,2026-05-11T23:30:00Z,9
LRX,BR - Gavea (simulcast),2026-05-12,14,23:30,Maiden Special 1300mtr,Maiden Special,Turf,1300mtr,"$6,839",3,Xavier (Brz),Maikon Mesquit,Leonardo Dos R,20/1,False,Thoroughbred,tvg,https://api.tvg.com/cosmo/v1/graphql,2026-05-11T21:14:17.492087,1.0.0,Joe Owen (Brz),Viva Carina (Brz),,4,G,Haras Salamandra,126,20/1,21.0,21.0,LRX-14,2026-05-11T23:30:00Z,9
LRX,BR - Gavea (simulcast),2026-05-12,14,23:30,Maiden Special 1300mtr,Maiden Special,Turf,1300mtr,"$6,839",4,Amizade Sincera (Brz),Scratched,Jorge Alexandr,20/1,True,Thoroughbred,tvg,https://api.tvg.com/cosmo/v1/graphql,2026-05-11T21:14:17.492095,1.0.0,Outstrip (Gb),Helvetia (Brz),,4,F,Haras Proposito,121,20/1,21.0,21.0,LRX-14,2026-05-11T23:30:00Z,9
LRX,BR - Gavea (simulcast),2026-05-12,14,23:30,Maiden Special 1300mtr,Maiden Special,Turf,1300mtr,"$6,839",5,Zhaar (Brz),Wesley Cardoso,Lucio De Vaz,4/5,False,Thoroughbred,tvg,https://api.tvg.com/cosmo/v1/graphql,2026-05-11T21:14:17.492101,1.0.0,Emcee,I Scream (Brz),,4,C,Haras Doce Vale,126,4/5,1.8,1.8,LRX-14,2026-05-11T23:30:00Z,9
LRX,BR - Gavea (simulcast),2026-05-12,14,23:30,Maiden Special 1300mtr,Maiden Special,Turf,1300mtr,"$6,839",6,Orlando Magic (Brz),Vagner Borges,Manoel De Paul,15/1,False,Thoroughbred,tvg,https://api.tvg.com/cosmo/v1/graphql,2026-05-11T21:14:17.492107,1.0.0,Sangarius (Gb),Vitoriosa Heights (Brz),,4,C,Stud Ad Victoriam,126,15/1,16.0,16.0,LRX-14,2026-05-11T23:30:00Z,9
LRX,BR - Gavea (simulcast),2026-05-12,14,23:30,Maiden Special 1300mtr,Maiden Special,Turf,1300mtr,"$6,839",7,Tesla Do Iguassu (Brz),Joao Brasil,Antonio Oldoni,1/1,False,Thoroughbred,tvg,https://api.tvg.com/cosmo/v1/graphql,2026-05-11T21:14:17.492118,1.0.0,Synchrony,Chickabunny,,3,C,Haras Rio Iguassu,126,1/1,2.0,2.0,LRX-14,2026-05-11T23:30:00Z,9
LRX,BR - Gavea (simulcast),2026-05-12,14,23:30,Maiden Special 1300mtr,Maiden Special,Turf,1300mtr,"$6,839",8,Numbat (Brz),Henderson Fern,Leonardo Dos R,10/1,False,Thoroughbred,tvg,https://api.tvg.com/cosmo/v1/graphql,2026-05-11T21:14:17.492125,1.0.0,Verrazano,Mint Drops (Arg),,4,C,Stud Embalagem,126,10/1,11.0,11.0,LRX-14,2026-05-11T23:30:00Z,9
LRX,BR - Gavea (simulcast),2026-05-12,14,23:30,Maiden Special 1300mtr,Maiden Special,Turf,1300mtr,"$6,839",9,Estoril (Brz),Adilton Da Sil,Victor Gomes,8/1,False,Thoroughbred,tvg,https://api.tvg.com/cosmo/v1/graphql,2026-05-11T21:14:17.492131,1.0.0,Outstrip (Gb),Pommery (Brz),,4,G,Stud Turf Paixao,126,8/1,9.0,9.0,LRX-14,2026-05-11T23:30:00Z,9
LRX,BR - Gavea (simulcast),2026-05-12,15,00:00,Claiming 1000mtr,Claiming,Turf,1000mtr,"$3,932",1,Nada Me Aborrece (Brz),Waldomiro Blan,Lucas Quintana,20/1,False,Thoroughbred,tvg,https://api.tvg.com/cosmo/v1/graphql,2026-05-11T21:14:17.492151,1.0.0,Tiger Heart,Northern Town (Brz),,4,C,Stud Pinheiros Do Sul,126,20/1,21.0,21.0,LRX-15,2026-05-12T00:00:00Z,9
LRX,BR - Gavea (simulcast),2026-05-12,15,00:00,Claiming 1000mtr,Claiming,Turf,1000mtr,"$3,932",2,Sonho Bom (Brz),Henderson Fern,Victor Gomes,6/1,False,Thoroughbred,tvg,https://api.tvg.com/cosmo/v1/graphql,2026-05-11T21:14:17.492158,1.0.0,Can The Man,Irma Lua (Brz),,5,H,Stud Seralucia,128,6/1,7.0,7.0,LRX-15,2026-05-12T00:00:00Z,9
LRX,BR - Gavea (simulcast),2026-05-12,15,00:00,Claiming 1000mtr,Claiming,Turf,1000mtr,"$3,932",3,Jeito Certo (Brz),Matheus Aguiar,Alvaro Castill,30/1,False,Thoroughbred,tvg,https://api.tvg.com/cosmo/v1/graphql,2026-05-11T21:14:17.492168,1.0.0,Unbridled Star (Ar,Vestida (Brz),,5,H,Coudelaria Beaga,119,30/1,31.0,31.0,LRX-15,2026-05-12T00:00:00Z,9
LRX,BR - Gavea (simulcast),2026-05-12,15,00:00,Claiming 1000mtr,Claiming,Turf,1000mtr,"$3,932",4,Veep (Brz),Eduardo Nunes,Flavio Assis,2/1,False,Thoroughbred,tvg,https://api.tvg.com/cosmo/v1/graphql,2026-05-11T21:14:17.492175,1.0.0,Verrazano,Kissingafool (Brz),,5,H,Stud Tigrao,128,2/1,3.0,3.0,LRX-15,2026-05-12T00:00:00Z,9
LRX,BR - Gavea (simulcast),2026-05-12,15,00:00,Claiming 1000mtr,Claiming,Turf,1000mtr,"$3,932",5,Opostosseatraem (Brz),Vagner Borges,Flavio Assis,2/1,False,Thoroughbred,tvg,https://api.tvg.com/cosmo/v1/graphql,2026-05-11T21:14:17.492184,1.0.0,Put It Back,Double Care (Brz),,4,C,Fernando Antonio Fontes Monteiro,117,2/1,3.0,3.0,LRX-15,2026-05-12T00:00:00Z,9
LRX,BR - Gavea (simulcast),2026-05-12,15,00:00,Claiming 1000mtr,Claiming,Turf,1000mtr,"$3,932",6,Off Piste (Brz),Jorge Ricardo,Daniel Lopes,15/1,False,Thoroughbred,tvg,https://api.tvg.com/cosmo/v1/graphql,2026-05-11T21:14:17.492190,1.0.0,Can The Man,Pergola (Brz),,5,H,Jair Barbosa Dos Santos,128,15/1,16.0,16.0,LRX-15,2026-05-12T00:00:00Z,9
LRX,BR - Gavea (simulcast),2026-05-12,15,00:00,Claiming 1000mtr,Claiming,Turf,1000mtr,"$3,932",7,Paramount (Brz),Francisco Chav,Lenio Vieira,20/1,False,Thoroughbred,tvg,https://api.tvg.com/cosmo/v1/graphql,2026-05-11T21:14:17.492197,1.0.0,Bush Gardens (Brz),Deusa Do Jaguarete (Brz),,5,H,Stud Slingerz Racing,126,20/1,21.0,21.0,LRX-15,2026-05-12T00:00:00Z,9
LRX,BR - Gavea (simulcast),2026-05-12,15,00:00,Claiming 1000mtr,Claiming,Turf,1000mtr,"$3,932",8,Post Heart (Brz),Joao Brasil,Jose Rodrigues,2/1,False,Thoroughbred,tvg,https://api.tvg.com/cosmo/v1/graphql,2026-05-11T21:14:17.492202,1.0.0,Tiger Heart,Empress Sofia (Brz),,5,H,Stud Senhor Moreno,128,2/1,3.0,3.0,LRX-15,2026-05-12T00:00:00Z,9
LRX,BR - Gavea (simulcast),2026-05-12,15,00:00,Claiming 1000mtr,Claiming,Turf,1000mtr,"$3,932",9,Nikoon (Brz),Pedro Assis,Gilvanio Santo,18/1,False,Thoroughbred,tvg,https://api.tvg.com/cosmo/v1/graphql,2026-05-11T21:14:17.492209,1.0.0,Silent Times (Ire),Donna Marcia (Brz),,4,C,Stud Embalagem,126,18/1,19.0,19.0,LRX-15,2026-05-12T00:00:00Z,9
LRX,BR - Gavea (simulcast),2026-05-12,16,00:30,Maiden Special 1200mtr,Maiden Special,Dirt,1200mtr,"$6,839",1,Key Right (Brz),Anthony Cardos,Alvaro Castill,20/1,False,Thoroughbred,tvg,https://api.tvg.com/cosmo/v1/graphql,2026-05-11T21:14:17.492223,1.0.0,Thalasso (Brz),Waffer (Brz),,4,C,Stud Sol De Agosto,126,20/1,21.0,21.0,LRX-16,2026-05-12T00:30:00Z,10
LRX,BR - Gavea (simulcast),2026-05-12,16,00:30,Maiden Special 1200mtr,Maiden Special,Dirt,1200mtr,"$6,839",2,Bastogne (Brz),Henderson Fern,Alan Marcelo G,5/1,False,Thoroughbred,tvg,https://api.tvg.com/cosmo/v1/graphql,2026-05-11T21:14:17.492229,1.0.0,Goldikovic (Ire),Poderosa Nativa (Brz),,4,F,Maria Valdirene M.Do Nascimento,121,5/1,6.0,6.0,LRX-16,2026-05-12T00:30:00Z,10
LRX,BR - Gavea (simulcast),2026-05-12,16,00:30,Maiden Special 1200mtr,Maiden Special,Dirt,1200mtr,"$6,839",3,Dona Del Tiempo (Brz),Viitorio Vinyc,Jairo Borges,15/1,False,Thoroughbred,tvg,https://api.tvg.com/cosmo/v1/graphql,2026-05-11T21:14:17.492234,1.0.0,Rally Cry,Forest Quest (Brz),,4,F,Stud Sabia,121,15/1,16.0,16.0,LRX-16,2026-05-12T00:30:00Z,10
LRX,BR - Gavea (simulcast),2026-05-12,16,00:30,Maiden Special 1200mtr,Maiden Special,Dirt,1200mtr,"$6,839",4,Guacho Bryan (Brz),Francisco Chav,Flavio Guedes,5/1,False,Thoroughbred,tvg,https://api.tvg.com/cosmo/v1/graphql,2026-05-11T21:14:17.492240,1.0.0,Wired Bryan,Heart Of Victory (Brz),,4,C,Haras Mersen,126,5/1,6.0,6.0,LRX-16,2026-05-12T00:30:00Z,10
LRX,BR - Gavea (simulcast),2026-05-12,16,00:30,Maiden Special 1200mtr,Maiden Special,Dirt,1200mtr,"$6,839",5,Queen Of Ibiza (Brz),Vagner Borges,Roberto Morgad,8/1,False,Thoroughbred,tvg,https://api.tvg.com/cosmo/v1/graphql,2026-05-11T21:14:17.492246,1.0.0,Courtier,Olympic Ibiza (Brz),,4,F,Stud Piccollino,121,8/1,9.0,9.0,LRX-16,2026-05-12T00:30:00Z,10
LRX,BR - Gavea (simulcast),2026-05-12,16,00:30,Maiden Special 1200mtr,Maiden Special,Dirt,1200mtr,"$6,839",6,Hora Da Vitoria (Brz),Joao Brasil,Dilson Antunes,2/1,False,Thoroughbred,tvg,https://api.tvg.com/cosmo/v1/graphql,2026-05-11T21:14:17.492253,1.0.0,Zur Blade (Brz),Ynflacion Spring (Brz),,4,C,Cristiano Martins,126,2/1,3.0,3.0,LRX-16,2026-05-12T00:30:00Z,10
LRX,BR - Gavea (simulcast),2026-05-12,16,00:30,Maiden Special 1200mtr,Maiden Special,Dirt,1200mtr,"$6,839",7,Rivello (Brz),Jorge Ricardo,Carlos Rodrigu,30/1,False,Thoroughbred,tvg,https://api.tvg.com/cosmo/v1/graphql,2026-05-11T21:14:17.492259,1.0.0,Goldikovic (Ire),Datolita (Brz),,4,C,Stud Aguias Do Sul,126,30/1,31.0,31.0,LRX-16,2026-05-12T00:30:00Z,10
LRX,BR - Gavea (simulcast),2026-05-12,16,00:30,Maiden Special 1200mtr,Maiden Special,Dirt,1200mtr,"$6,839",8,Tesla Do Iguassu (Brz),Scratched,Antonio Oldoni,1/1,True,Thoroughbred,tvg,https://api.tvg.com/cosmo/v1/graphql,2026-05-11T21:14:17.492266,1.0.0,Synchrony,Chickabunny,,3,C,Haras Rio Iguassu,126,1/1,2.0,2.0,LRX-16,2026-05-12T00:30:00Z,10
LRX,BR - Gavea (simulcast),2026-05-12,16,00:30,Maiden Special 1200mtr,Maiden Special,Dirt,1200mtr,"$6,839",9,Top Of The Hill (Brz),Matheus Aguiar,Alvaro Castill,20/1,False,Thoroughbred,tvg,https://api.tvg.com/cosmo/v1/graphql,2026-05-11T21:14:17.492273,1.0.0,Victory Is Ours (B,View To A Kill (Brz),,4,F,Jockey Club De Minas Gerais,121,20/1,21.0,21.0,LRX-16,2026-05-12T00:30:00Z,10
LRX,BR - Gavea (simulcast),2026-05-12,16,00:30,Maiden Special 1200mtr,Maiden Special,Dirt,1200mtr,"$6,839",10,Villerville (Brz),Pedro Assis,Manoel De Paul,20/1,False,Thoroughbred,tvg,https://api.tvg.com/cosmo/v1/graphql,2026-05-11T21:14:17.492279,1.0.0,Alpha,Honfleur (Brz),,4,F,Stud Suellen Gloria,121,20/1,21.0,21.0,LRX-16,2026-05-12T00:30:00Z,10
LRX,BR - Gavea (simulcast),2026-05-12,17,01:00,Allowance 1000mtr,Allowance,Turf,1000mtr,"$5,770",1,Scarface (Brz),Wesley Cardoso,Edson Ricardo,2/1,False,Thoroughbred,tvg,https://api.tvg.com/cosmo/v1/graphql,2026-05-11T21:14:17.492295,1.0.0,Universal Law (Brz,Namoradinha (Brz),,5,H,Stud Galope,128,2/1,3.0,3.0,LRX-17,2026-05-12T01:00:00Z,12
LRX,BR - Gavea (simulcast),2026-05-12,17,01:00,Allowance 1000mtr,Allowance,Turf,1000mtr,"$5,770",2,Palmar Point (Brz),Joao Brasil,Ivan Jeronimo,12/1,False,Thoroughbred,tvg,https://api.tvg.com/cosmo/v1/graphql,2026-05-11T21:14:17.492301,1.0.0,Gibraltar Point (B,Duvide Nunca (Brz),,5,H,Haras Rio Pardo,128,12/1,13.0,13.0,LRX-17,2026-05-12T01:00:00Z,12
LRX,BR - Gavea (simulcast),2026-05-12,17,01:00,Allowance 1000mtr,Allowance,Turf,1000mtr,"$5,770",3,El Cielo Zip (Brz),Pedro Assis,Oberdan Pereir,4/1,False,Thoroughbred,tvg,https://api.tvg.com/cosmo/v1/graphql,2026-05-11T21:14:17.492306,1.0.0,Oliver Zip,Aquidauana (Brz),,5,H,Stud Baldissera,128,4/1,5.0,5.0,LRX-17,2026-05-12T01:00:00Z,12
LRX,BR - Gavea (simulcast),2026-05-12,17,01:00,Allowance 1000mtr,Allowance,Turf,1000mtr,"$5,770",4,Midnight Heart (Brz),Adilton Da Sil,Victor Gomes,12/1,True,Thoroughbred,tvg,https://api.tvg.com/cosmo/v1/graphql,2026-05-11T21:14:17.492312,1.0.0,Tiger Heart,La Mensageira (Brz),,5,H,Rafaela Brandao Melo Gomes,128,12/1,13.0,13.0,LRX-17,2026-05-12T01:00:00Z,12
LRX,BR - Gavea (simulcast),2026-05-12,17,01:00,Allowance 1000mtr,Allowance,Turf,1000mtr,"$5,770",5,Fast Volk (Brz),Angelo De Souz,Jose Rodrigues,8/1,False,Thoroughbred,tvg,https://api.tvg.com/cosmo/v1/graphql,2026-05-11T21:14:17.492319,1.0.0,Gibraltar Point (B,Fifi Queen (Brz),,6,H,Stud Invencibile,128,8/1,9.0,9.0,LRX-17,2026-05-12T01:00:00Z,12
LRX,BR - Gavea (simulcast),2026-05-12,17,01:00,Allowance 1000mtr,Allowance,Turf,1000mtr,"$5,770",6,Enough Fast (Brz),Jorge Ricardo,Edson Ferreira,6/1,False,Thoroughbred,tvg,https://api.tvg.com/cosmo/v1/graphql,2026-05-11T21:14:17.492325,1.0.0,Sum Of The Parts,Katuska (Brz),,5,H,Stud Byllyons Off The Hills,128,6/1,7.0,7.0,LRX-17,2026-05-12T01:00:00Z,12
LRX,BR - Gavea (simulcast),2026-05-12,17,01:00,Allowance 1000mtr,Allowance,Turf,1000mtr,"$5,770",7,Lets Make A Deal (Brz),Joao Enick,Gesuisinho Alm,10/1,True,Thoroughbred,tvg,https://api.tvg.com/cosmo/v1/graphql,2026-05-11T21:14:17.492330,1.0.0,Emcee,Jewelry (Brz),,7,M,Carlos Martins Soares,117,10/1,11.0,11.0,LRX-17,2026-05-12T01:00:00Z,12
LRX,BR - Gavea (simulcast),2026-05-12,17,01:00,Allowance 1000mtr,Allowance,Turf,1000mtr,"$5,770",8,New Galileo (Brz),Anthony Cardos,Mauricio Chave,10/1,False,Thoroughbred,tvg,https://api.tvg.com/cosmo/v1/graphql,2026-05-11T21:14:17.492337,1.0.0,Momento De Alegria,Southern Blues (Ire),,7,H,Stud Gata Da Serra,121,10/1,11.0,11.0,LRX-17,2026-05-12T01:00:00Z,12
LRX,BR - Gavea (simulcast),2026-05-12,17,01:00,Allowance 1000mtr,Allowance,Turf,1000mtr,"$5,770",9,Ybitu (Brz),Edson Fernando,Jose Reis,30/1,False,Thoroughbred,tvg,https://api.tvg.com/cosmo/v1/graphql,2026-05-11T21:14:17.492342,1.0.0,Courtier,Iced Whisky (Brz),,5,M,Haras Estancia Santa Fe,123,30/1,31.0,31.0,LRX-17,2026-05-12T01:00:00Z,12
LRX,BR - Gavea (simulcast),2026-05-12,17,01:00,Allowance 1000mtr,Allowance,Turf,1000mtr,"$5,770",10,King George (Brz),Matheus Aguiar,Edson Dos Reis,15/1,False,Thoroughbred,tvg,https://api.tvg.com/cosmo/v1/graphql,2026-05-11T21:14:17.492348,1.0.0,Super Jules (Brz),Konigen (Brz),,10,H,Coudelaria Mont Blanc 2009,121,15/1,16.0,16.0,LRX-17,2026-05-12T01:00:00Z,12
LRX,BR - Gavea (simulcast),2026-05-12,17,01:00,Allowance 1000mtr,Allowance,Turf,1000mtr,"$5,770",11,Ta Fora (Brz),Henderson Fern,Valter Lopes,7/1,False,Thoroughbred,tvg,https://api.tvg.com/cosmo/v1/graphql,2026-05-11T21:14:17.492354,1.0.0,Taludo (Brz),Sai Fora (Brz),,8,H,Ricardo Correa,128,7/1,8.0,8.0,LRX-17,2026-05-12T01:00:00Z,12
LRX,BR - Gavea (simulcast),2026-05-12,17,01:00,Allowance 1000mtr,Allowance,Turf,1000mtr,"$5,770",12,Moncho (Brz),Roberto Melo,Daniel Peres,8/1,False,Thoroughbred,tvg,https://api.tvg.com/cosmo/v1/graphql,2026-05-11T21:14:17.492359,1.0.0,Wired Bryan,Forest Queen (Brz),,6,H,Helio Santos Da Frota,128,8/1,9.0,9.0,LRX-17,2026-05-12T01:00:00Z,12
MNR,Mountaineer,2026-05-12,1,23:00,Maiden Claiming 6f,Maiden Claiming,Dirt,6f,"$10,000",1,National Punchline,Gomez Alejandro,Jensen Justin P,20/1,False,Thoroughbred,tvg,https://api.tvg.com/cosmo/v1/graphql,2026-05-11T21:14:17.501937,1.0.0,National Flag,Punchline Story,Two Punch,4,G,Justin Jensen,119,10/1,11.0,21.0,MNR-1,2026-05-11T23:00:00Z,7
MNR,Mountaineer,2026-05-12,1,23:00,Maiden Claiming 6f,Maiden Claiming,Dirt,6f,"$10,000",2,R Elliot,Weatherly Bailey,Shafer Gabe,7/2,False,Thoroughbred,tvg,https://api.tvg.com/cosmo/v1/graphql,2026-05-11T21:14:17.501958,1.0.0,Brody's Cause,R City Girl,Temple City,4,G,Gabe Shafer,119,6/1,7.0,4.5,MNR-1,2026-05-11T23:00:00Z,7
MNR,Mountaineer,2026-05-12,1,23:00,Maiden Claiming 6f,Maiden Claiming,Dirt,6f,"$10,000",3,Souper Justified,Ramgeet Andrew R,Ramgeet Tina,4/1,False,Thoroughbred,tvg,https://api.tvg.com/cosmo/v1/graphql,2026-05-11T21:14:17.501971,1.0.0,Justify,Beychevelle,War Front,5,G,"Team Ramgeet Racing Stable LLC, Rajhan Ramgeet",123,5/1,6.0,5.0,MNR-1,2026-05-11T23:00:00Z,7
MNR,Mountaineer,2026-05-12,1,23:00,Maiden Claiming 6f,Maiden Claiming,Dirt,6f,"$10,000",4,Semper Anticus,Barrios Ricardo,Ramgeet Tina,9/2,False,Thoroughbred,tvg,https://api.tvg.com/cosmo/v1/graphql,2026-05-11T21:14:17.501982,1.0.0,Liam's Map,Semper Sententiae,The Factor,5,G,"Team Ramgeet Racing Stable LLC, Rajhan Ramgeet",123,15/1,16.0,5.5,MNR-1,2026-05-11T23:00:00Z,7
MNR,Mountaineer,2026-05-12,1,23:00,Maiden Claiming 6f,Maiden Claiming,Dirt,6f,"$10,000",5,How About It,Tapara Luis,Bernardini Jay P,5/2,False,Thoroughbred,tvg,https://api.tvg.com/cosmo/v1/graphql,2026-05-11T21:14:17.501992,1.0.0,Noble Bird,Alotofappeal,Trippi,4,G,James Tunstall and Shirley Tunstall,119,3/5,1.6,3.5,MNR-1,2026-05-11T23:00:00Z,7
MNR,Mountaineer,2026-05-12,1,23:00,Maiden Claiming 6f,Maiden Claiming,Dirt,6f,"$10,000",6,Pop Neigh,Bracho Agustin,Vazquez Juan C,15/1,False,Thoroughbred,tvg,https://api.tvg.com/cosmo/v1/graphql,2026-05-11T21:14:17.502002,1.0.0,Audible,Justwalkonby,Giant's Causeway,4,G,Juan C. Vazquez,119,8/1,9.0,16.0,MNR-1,2026-05-11T23:00:00Z,7
MNR,Mountaineer,2026-05-12,1,23:00,Maiden Claiming 6f,Maiden Claiming,Dirt,6f,"$10,000",7,Finn D'oro,"Monserrate, Jr. Jorge A",Scallan Robert S,5/1,False,Thoroughbred,tvg,https://api.tvg.com/cosmo/v1/graphql,2026-05-11T21:14:17.502013,1.0.0,Bolt D'oro,Bay Finn,Harlan's Holiday,4,G,Donna J. Scallan and Robert S. Scallan,119,12/1,13.0,6.0,MNR-1,2026-05-11T23:00:00Z,7
MNR,Mountaineer,2026-05-12,2,23:25,Claiming 6f,Claiming,Dirt,6f,"$9,000",1,Kingdom's Spirit,Oliveros Charle,Cox L. C,12/1,False,Thoroughbred,tvg,https://api.tvg.com/cosmo/v1/graphql,2026-05-11T21:14:17.502034,1.0.0,Sky Kingdom,Nanette's Spirit,War Pass,8,M,Craig L Cox,120,12/1,13.0,13.0,MNR-2,2026-05-11T23:25:00Z,9
MNR,Mountaineer,2026-05-12,2,23:25,Claiming 6f,Claiming,Dirt,6f,"$9,000",2,Solo Surprise,"Monserrate, Jr. Jorge A",Stanoszek Sara,15/1,False,Thoroughbred,tvg,https://api.tvg.com/cosmo/v1/graphql,2026-05-11T21:14:17.502043,1.0.0,Solomini,Halo's Surprise,Halo's Image,4,F,Sara Stanoszek,120,15/1,16.0,16.0,MNR-2,2026-05-11T23:25:00Z,9
MNR,Mountaineer,2026-05-12,2,23:25,Claiming 6f,Claiming,Dirt,6f,"$9,000",3,Nun Gimel Hay Po,Yaranga Yuri,Fletcher Jeff,9/2,False,Thoroughbred,tvg,https://api.tvg.com/cosmo/v1/graphql,2026-05-11T21:14:17.502053,1.0.0,West Coast,Tablets Of Love,Liam's Map,5,M,Jeff Fletcher,120,9/2,5.5,5.5,MNR-2,2026-05-11T23:25:00Z,9
MNR,Mountaineer,2026-05-12,2,23:25,Claiming 6f,Claiming,Dirt,6f,"$9,000",4,Revocata,Gomez Alejandro,Gilbert Timothy A,8/1,False,Thoroughbred,tvg,https://api.tvg.com/cosmo/v1/graphql,2026-05-11T21:14:17.502063,1.0.0,Bee Jersey,Unchecked,Unbridled,4,F,Timothy A. Gilbert,123,8/1,9.0,9.0,MNR-2,2026-05-11T23:25:00Z,9
MNR,Mountaineer,2026-05-12,2,23:25,Claiming 6f,Claiming,Dirt,6f,"$9,000",5,Heavenly Lady,Pagan Michael Y,Scallan Robert S,20/1,False,Thoroughbred,tvg,https://api.tvg.com/cosmo/v1/graphql,2026-05-11T21:14:17.502073,1.0.0,Biblical,Dixie Sheikh,Dixie Union,5,M,Donna J. Scallan and Robert S. Scallan,115,20/1,21.0,21.0,MNR-2,2026-05-11T23:25:00Z,9
MNR,Mountaineer,2026-05-12,2,23:25,Claiming 6f,Claiming,Dirt,6f,"$9,000",6,My Angel Does,Hernandez Jairo H,Gomez Alejandro,10/1,False,Thoroughbred,tvg,https://api.tvg.com/cosmo/v1/graphql,2026-05-11T21:14:17.502083,1.0.0,Higher Power,True Love Is Yare,Unbridled's Song,4,F,Bethancourt Racing LLC (Luis Bethancourt),120,10/1,11.0,11.0,MNR-2,2026-05-11T23:25:00Z,9
MNR,Mountaineer,2026-05-12,2,23:25,Claiming 6f,Claiming,Dirt,6f,"$9,000",7,Siljim,Weatherly Bailey,Blankenship Donald T,5/2,False,Thoroughbred,tvg,https://api.tvg.com/cosmo/v1/graphql,2026-05-11T21:14:17.502093,1.0.0,World Of Trouble,Miss Curlin,Curlin,5,M,Marvin R. Austin,120,5/2,3.5,3.5,MNR-2,2026-05-11T23:25:00Z,9
MNR,Mountaineer,2026-05-12,2,23:25,Claiming 6f,Claiming,Dirt,6f,"$9,000",8,Bougie Like,Gonzalez Kevin,Brown John T,12/1,False,Thoroughbred,tvg,https://api.tvg.com/cosmo/v1/graphql,2026-05-11T21:14:17.502102,1.0.0,California Chrome,Miles Rules,Tribal Rule,6,M,Linda Brown,120,12/1,13.0,13.0,MNR-2,2026-05-11T23:25:00Z,9
MNR,Mountaineer,2026-05-12,2,23:25,Claiming 6f,Claiming,Dirt,6f,"$9,000",9,Cicatriz,Stokes Joe,Shanley Timothy,7/2,False,Thoroughbred,tvg,https://api.tvg.com/cosmo/v1/graphql,2026-05-11T21:14:17.502112,1.0.0,Bucchero,Beach Girl,Violence,4,F,Meagon Shanley,120,7/2,4.5,4.5,MNR-2,2026-05-11T23:25:00Z,9
MNR,Mountaineer,2026-05-12,3,23:50,Maiden Claiming 5.5f,Maiden Claiming,Dirt,5.5f,"$10,000",1,Impostora,Tapara Luis,Bernardini Jay P,12/1,False,Thoroughbred,tvg,https://api.tvg.com/cosmo/v1/graphql,2026-05-11T21:14:17.502129,1.0.0,Summer Front,Miss Laura Lou,Primary Suspect,3,F,Jay P Bernardini,119,12/1,13.0,13.0,MNR-3,2026-05-11T23:50:00Z,7
MNR,Mountaineer,2026-05-12,3,23:50,Maiden Claiming 5.5f,Maiden Claiming,Dirt,5.5f,"$10,000",2,She's A Rock,Yaranga Yuri,Stanoszek Sara,15/1,False,Thoroughbred,tvg,https://api.tvg.com/cosmo/v1/graphql,2026-05-11T21:14:17.502137,1.0.0,Rock Your World,Dancing Secretary,Perfect Soul (Ire),3,F,Sara Stanoszek,119,15/1,16.0,16.0,MNR-3,2026-05-11T23:50:00Z,7
MNR,Mountaineer,2026-05-12,3,23:50,Maiden Claiming 5.5f,Maiden Claiming,Dirt,5.5f,"$10,000",3,Catrina Zar,Garcia Francisco,Vazquez Juan C,5/1,False,Thoroughbred,tvg,https://api.tvg.com/cosmo/v1/graphql,2026-05-11T21:14:17.502146,1.0.0,Hoppertunity,Secret Zar,Tapizar,3,F,Perez Stables LLC (Juan C. Perez-Hernandez),119,5/1,6.0,6.0,MNR-3,2026-05-11T23:50:00Z,7
MNR,Mountaineer,2026-05-12,3,23:50,Maiden Claiming 5.5f,Maiden Claiming,Dirt,5.5f,"$10,000",4,Princess Azara,Whitacre Brandon,Bernardini Jay P,2/1,False,Thoroughbred,tvg,https://api.tvg.com/cosmo/v1/graphql,2026-05-11T21:14:17.502155,1.0.0,Central Banker,Impishness,Into Mischief,3,F,Sport of Kings Racing LLC,119,2/1,3.0,3.0,MNR-3,2026-05-11T23:50:00Z,7
MNR,Mountaineer,2026-05-12,3,23:50,Maiden Claiming 5.5f,Maiden Claiming,Dirt,5.5f,"$10,000",5,Jacarandosa,Pagan Michael Y,Gotera Juan C,8/1,False,Thoroughbred,tvg,https://api.tvg.com/cosmo/v1/graphql,2026-05-11T21:14:17.502161,1.0.0,Lexitonian,Electric Rose,Flashback,3,F,JCG Racing Stables Corp. (Juan Carlos Gotera),114,8/1,9.0,9.0,MNR-3,2026-05-11T23:50:00Z,7
MNR,Mountaineer,2026-05-12,3,23:50,Maiden Claiming 5.5f,Maiden Claiming,Dirt,5.5f,"$10,000",6,Gorda,Oliveros Charle,Inman Robert L,4/1,False,Thoroughbred,tvg,https://api.tvg.com/cosmo/v1/graphql,2026-05-11T21:14:17.502167,1.0.0,Dads Caps,Superhalf,A.P. Indy,3,F,Robert L. Inman,119,4/1,5.0,5.0,MNR-3,2026-05-11T23:50:00Z,7
MNR,Mountaineer,2026-05-12,3,23:50,Maiden Claiming 5.5f,Maiden Claiming,Dirt,5.5f,"$10,000",7,Silver Wishes,Negron Luis,Chapman James K,9/2,False,Thoroughbred,tvg,https://api.tvg.com/cosmo/v1/graphql,2026-05-11T21:14:17.502173,1.0.0,Silver State,Let Me Entertain U,Nobiz Like Shobiz,3,F,"S Tsujimoto, LLC (Stuart Tsujimoto) and James K. Chapman",119,9/2,5.5,5.5,MNR-3,2026-05-11T23:50:00Z,7
MNR,Mountaineer,2026-05-12,4,00:15,Claiming 8f,Claiming,Dirt,8f,"$9,000",1,Tiz Speedy,Bracho Agustin,Bernardini Jay P,6/1,True,Thoroughbred,tvg,https://api.tvg.com/cosmo/v1/graphql,2026-05-11T21:14:17.502193,1.0.0,Tiznow,Spanker,Cape Blanco (Ire),6,G,"Jay P. Bernardini, Richard Burnsworth and Kristina Buyea",123,6/1,7.0,7.0,MNR-4,2026-05-12T00:15:00Z,10
MNR,Mountaineer,2026-05-12,4,00:15,Claiming 8f,Claiming,Dirt,8f,"$9,000",2,Leo And Royal,Mera Julio C,Martinez Tomas,20/1,False,Thoroughbred,tvg,https://api.tvg.com/cosmo/v1/graphql,2026-05-11T21:14:17.502199,1.0.0,Alpha,Clean Jean,Ecton Park,6,R,Tomas Martinez,123,20/1,21.0,21.0,MNR-4,2026-05-12T00:15:00Z,10
MNR,Mountaineer,2026-05-12,4,00:15,Claiming 8f,Claiming,Dirt,8f,"$9,000",3,High Rolling Dude,Whitacre Brandon,Richison Crystal,5/1,False,Thoroughbred,tvg,https://api.tvg.com/cosmo/v1/graphql,2026-05-11T21:14:17.502205,1.0.0,Caleb's Posse,Strike Me Silly,Strike The Gold,10,G,Diane Brown,123,5/1,6.0,6.0,MNR-4,2026-05-12T00:15:00Z,10
MNR,Mountaineer,2026-05-12,4,00:15,Claiming 8f,Claiming,Dirt,8f,"$9,000",4,North Warden,Batista Luis A,Mathes Julie,8/1,False,Thoroughbred,tvg,https://api.tvg.com/cosmo/v1/graphql,2026-05-11T21:14:17.502210,1.0.0,Exaggerator,I'm The Reason,Bernardini,5,G,Bruno Schickedanz,123,8/1,9.0,9.0,MNR-4,2026-05-12T00:15:00Z,10
MNR,Mountaineer,2026-05-12,4,00:15,Claiming 8f,Claiming,Dirt,8f,"$9,000",5,Captain Creed,Negron Luis,Viands Gregory,12/1,False,Thoroughbred,tvg,https://api.tvg.com/cosmo/v1/graphql,2026-05-11T21:14:17.502216,1.0.0,Jimmy Creed,Torcida,Pleasant Tap,6,G,Ira Ashwal,123,12/1,13.0,13.0,MNR-4,2026-05-12T00:15:00Z,10
MNR,Mountaineer,2026-05-12,4,00:15,Claiming 8f,Claiming,Dirt,8f,"$9,000",6,Tapio,Stokes Joe,Viands Stacey R,20/1,True,Thoroughbred,tvg,https://api.tvg.com/cosmo/v1/graphql,2026-05-11T21:14:17.502221,1.0.0,Blame,Queens Plaza,Forestry,6,G,Melinda B. Golden,123,20/1,21.0,21.0,MNR-4,2026-05-12T00:15:00Z,10
MNR,Mountaineer,2026-05-12,4,00:15,Claiming 8f,Claiming,Dirt,8f,"$9,000",7,Zaddy,Gomez Alejandro,Lopez Carlos A,15/1,False,Thoroughbred,tvg,https://api.tvg.com/cosmo/v1/graphql,2026-05-11T21:14:17.502226,1.0.0,Neolithic,Simpatia,Rahy,4,G,Masters Stable LLC (Jose L. Garcia),123,15/1,16.0,16.0,MNR-4,2026-05-12T00:15:00Z,10
MNR,Mountaineer,2026-05-12,4,00:15,Claiming 8f,Claiming,Dirt,8f,"$9,000",8,Cavendish,Garcia Francisco,Richison Crystal,5/2,True,Thoroughbred,tvg,https://api.tvg.com/cosmo/v1/graphql,2026-05-11T21:14:17.502232,1.0.0,Flatter,Bennett Jean,Smart Strike,6,G,Larry R. Reed,123,5/2,3.5,3.5,MNR-4,2026-05-12T00:15:00Z,10
MNR,Mountaineer,2026-05-12,4,00:15,Claiming 8f,Claiming,Dirt,8f,"$9,000",9,Hard Astray,Yaranga Yuri,Fletcher Jeff,4/1,False,Thoroughbred,tvg,https://api.tvg.com/cosmo/v1/graphql,2026-05-11T21:14:17.502237,1.0.0,Gone Astray,From Top To Bottom,Hard Spun,9,G,Jeff Fletcher,123,4/1,5.0,5.0,MNR-4,2026-05-12T00:15:00Z,10
MNR,Mountaineer,2026-05-12,4,00:15,Claiming 8f,Claiming,Dirt,8f,"$9,000",10,Gambling Tzar,Gonzalez Kevin,Vazquez Juan C,10/1,False,Thoroughbred,tvg,https://api.tvg.com/cosmo/v1/graphql,2026-05-11T21:14:17.502243,1.0.0,Tapizar,Bet On Kitten,Kitten's Joy,7,G,Juan C. Vazquez,123,10/1,11.0,11.0,MNR-4,2026-05-12T00:15:00Z,10
MNR,Mountaineer,2026-05-12,5,00:40,Claiming 2f,Claiming,Dirt,2f,"$14,500",1,No Name Dude,Gomez Alejandro,Valdez Moises,15/1,False,Thoroughbred,tvg,https://api.tvg.com/cosmo/v1/graphql,2026-05-11T21:14:17.502255,1.0.0,The Big Beast,Wild Country Song,Songandaprayer,6,G,Juan Lopez,123,15/1,16.0,16.0,MNR-5,2026-05-12T00:40:00Z,9
MNR,Mountaineer,2026-05-12,5,00:40,Claiming 2f,Claiming,Dirt,2f,"$14,500",2,Where Ya At Vince,Batista Luis A,Joy Kevin J,3/1,True,Thoroughbred,tvg,https://api.tvg.com/cosmo/v1/graphql,2026-05-11T21:14:17.502260,1.0.0,Paynter,Hey Little Sister,Jump Start,5,G,"Pesaturo, Gus and Joy, Kevin J.",123,3/1,4.0,4.0,MNR-5,2026-05-12T00:40:00Z,9
MNR,Mountaineer,2026-05-12,5,00:40,Claiming 2f,Claiming,Dirt,2f,"$14,500",3,Bustin Loose,Pagan Michael Y,Bayley Randy,20/1,False,Thoroughbred,tvg,https://api.tvg.com/cosmo/v1/graphql,2026-05-11T21:14:17.502265,1.0.0,Kantharos,Bustin Out,Bustin Stones,7,G,Caleb Bayley,118,20/1,21.0,21.0,MNR-5,2026-05-12T00:40:00Z,9
MNR,Mountaineer,2026-05-12,5,00:40,Claiming 2f,Claiming,Dirt,2f,"$14,500",4,Cash Customer,Barrios Ricardo,Bird Danny R,5/2,False,Thoroughbred,tvg,https://api.tvg.com/cosmo/v1/graphql,2026-05-11T21:14:17.502271,1.0.0,Cinco Charlie,Cactus Cocktail,Cactus Ridge,7,G,Linda J. Carrera,123,5/2,3.5,3.5,MNR-5,2026-05-12T00:40:00Z,9
MNR,Mountaineer,2026-05-12,5,00:40,Claiming 2f,Claiming,Dirt,2f,"$14,500",5,Kool Kathmandu,Whitacre Brandon,Langley Wilson C,12/1,False,Thoroughbred,tvg,https://api.tvg.com/cosmo/v1/graphql,2026-05-11T21:14:17.502276,1.0.0,Frosted,Fat Kat,Weigelia,6,G,Wilson C. Langley,123,12/1,13.0,13.0,MNR-5,2026-05-12T00:40:00Z,9
MNR,Mountaineer,2026-05-12,5,00:40,Claiming 2f,Claiming,Dirt,2f,"$14,500",6,El Marro,Martinez Miguel L,Romero Jose A,20/1,False,Thoroughbred,tvg,https://api.tvg.com/cosmo/v1/graphql,2026-05-11T21:14:17.502281,1.0.0,Astrology,Clockwork Angel,Forest Camp,9,G,Elias Del Val,123,20/1,21.0,21.0,MNR-5,2026-05-12T00:40:00Z,9
MNR,Mountaineer,2026-05-12,5,00:40,Claiming 2f,Claiming,Dirt,2f,"$14,500",7,Emperorofthedark,Weatherly Bailey,Reffner Tara B,4/1,False,Thoroughbred,tvg,https://api.tvg.com/cosmo/v1/graphql,2026-05-11T21:14:17.502287,1.0.0,Conveyance,Kitty's Pearl,Bellamy Road,7,G,Tara B. Reffner,123,4/1,5.0,5.0,MNR-5,2026-05-12T00:40:00Z,9
MNR,Mountaineer,2026-05-12,5,00:40,Claiming 2f,Claiming,Dirt,2f,"$14,500",8,Miss Nuckols,Yaranga Yuri,"Godsey, Jr. Claudie M",7/2,False,Thoroughbred,tvg,https://api.tvg.com/cosmo/v1/graphql,2026-05-11T21:14:17.502293,1.0.0,Northern Afleet,Glory Chaser,Mr. Greeley,7,M,C. Marshall Godsey,118,7/2,4.5,4.5,MNR-5,2026-05-12T00:40:00Z,9
MNR,Mountaineer,2026-05-12,5,00:40,Claiming 2f,Claiming,Dirt,2f,"$14,500",9,El Cardinal,Greenidge Elijah,Poole Jami C,15/1,True,Thoroughbred,tvg,https://api.tvg.com/cosmo/v1/graphql,2026-05-11T21:14:17.502299,1.0.0,Noble Bird,Hometown Discount,Grand Reward,7,G,Hubel Farms LLC (E. J. Hubel),123,15/1,16.0,16.0,MNR-5,2026-05-12T00:40:00Z,9
MNR,Mountaineer,2026-05-12,6,01:05,Maiden Special Weight 6f,Maiden Special Weight,Dirt,6f,"$19,000",1,My Father's Son,Whitacre Brandon,Pickett Crystal G,15/1,True,Thoroughbred,tvg,https://api.tvg.com/cosmo/v1/graphql,2026-05-11T21:14:17.502309,1.0.0,Congrats,Let Me Be,Not For Love,4,G,Jill Daniel,123,15/1,16.0,16.0,MNR-6,2026-05-12T01:05:00Z,9
MNR,Mountaineer,2026-05-12,6,01:05,Maiden Special Weight 6f,Maiden Special Weight,Dirt,6f,"$19,000",2,Breadman'shoneybun,Oliveros Charle,Jackson Angelo G,20/1,True,Thoroughbred,tvg,https://api.tvg.com/cosmo/v1/graphql,2026-05-11T21:14:17.502315,1.0.0,Juba,Captain Molly,Lost Soldier,4,F,Gregory T. Martin,118,20/1,21.0,21.0,MNR-6,2026-05-12T01:05:00Z,9
MNR,Mountaineer,2026-05-12,6,01:05,Maiden Special Weight 6f,Maiden Special Weight,Dirt,6f,"$19,000",3,Junito's Boy,Diaz Renzo,Gray Christopher L,20/1,False,Thoroughbred,tvg,https://api.tvg.com/cosmo/v1/graphql,2026-05-11T21:14:17.502320,1.0.0,Aldrin,Spin Again,Hard Spun,4,C,Melissa R. Gray,123,20/1,21.0,21.0,MNR-6,2026-05-12T01:05:00Z,9
MNR,Mountaineer,2026-05-12,6,01:05,Maiden Special Weight 6f,Maiden Special Weight,Dirt,6f,"$19,000",4,Doom Loop,Garcia Francisco,Baird J. M,3/1,False,Thoroughbred,tvg,https://api.tvg.com/cosmo/v1/graphql,2026-05-11T21:14:17.502326,1.0.0,Cal Nation,Wells Notice,Notional,4,G,John W. Baird,123,3/1,4.0,4.0,MNR-6,2026-05-12T01:05:00Z,9
MNR,Mountaineer,2026-05-12,6,01:05,Maiden Special Weight 6f,Maiden Special Weight,Dirt,6f,"$19,000",5,Midnight Stroller,"Monserrate, Jr. Jorge A","Ewell, Sr. Devan",12/1,True,Thoroughbred,tvg,https://api.tvg.com/cosmo/v1/graphql,2026-05-11T21:14:17.502331,1.0.0,Exaggerator,Kindred Soul,Fed Biz,5,G,Samuel Blake,123,12/1,13.0,13.0,MNR-6,2026-05-12T01:05:00Z,9
MNR,Mountaineer,2026-05-12,6,01:05,Maiden Special Weight 6f,Maiden Special Weight,Dirt,6f,"$19,000",6,Red Cloud,Diaz Angel I,Baird J. M,2/1,False,Thoroughbred,tvg,https://api.tvg.com/cosmo/v1/graphql,2026-05-11T21:14:17.502336,1.0.0,Cal Nation,Delightful Magic,Mineshaft,4,F,Michael J. Baird,118,2/1,3.0,3.0,MNR-6,2026-05-12T01:05:00Z,9
MNR,Mountaineer,2026-05-12,6,01:05,Maiden Special Weight 6f,Maiden Special Weight,Dirt,6f,"$19,000",7,Eyesonthecandy,Stokes Joe,Jackson Angelo G,5/1,False,Thoroughbred,tvg,https://api.tvg.com/cosmo/v1/graphql,2026-05-11T21:14:17.502341,1.0.0,Candygram,Eaglet,Ghostzapper,4,F,Gregory T. Martin,118,5/1,6.0,6.0,MNR-6,2026-05-12T01:05:00Z,9
MNR,Mountaineer,2026-05-12,6,01:05,Maiden Special Weight 6f,Maiden Special Weight,Dirt,6f,"$19,000",8,The Groom's Jul,Bracho Agustin,"Ewell, Sr. Devan",12/1,False,Thoroughbred,tvg,https://api.tvg.com/cosmo/v1/graphql,2026-05-11T21:14:17.502347,1.0.0,The Lady's Groom,Shimmering Jul,Omega Code,5,G,Leon E. Ewell,123,12/1,13.0,13.0,MNR-6,2026-05-12T01:05:00Z,9
MNR,Mountaineer,2026-05-12,6,01:05,Maiden Special Weight 6f,Maiden Special Weight,Dirt,6f,"$19,000",9,Pay Da Baby,Barrios Ricardo,"Jones, Jr. Michael E",6/1,True,Thoroughbred,tvg,https://api.tvg.com/cosmo/v1/graphql,2026-05-11T21:14:17.502352,1.0.0,Bullsbay,Pepper Bay,Bop,3,G,"Michael E. Jones, Jr.",119,6/1,7.0,7.0,MNR-6,2026-05-12T01:05:00Z,9
MNR,Mountaineer,2026-05-12,7,01:30,Allowance 8f,Allowance,Dirt,8f,"$21,000",1,Z Dancer,Negron Luis,Vazquez Juan C,5/1,False,Thoroughbred,tvg,https://api.tvg.com/cosmo/v1/graphql,2026-05-11T21:14:17.502363,1.0.0,War Dancer,Starship Flare,Stevie Wonderboy,6,H,Devon R. Shaw,120,5/1,6.0,6.0,MNR-7,2026-05-12T01:30:00Z,7
MNR,Mountaineer,2026-05-12,7,01:30,Allowance 8f,Allowance,Dirt,8f,"$21,000",2,Afraidofthebunny,Pagan Michael Y,Bayley Randy,3/1,False,Thoroughbred,tvg,https://api.tvg.com/cosmo/v1/graphql,2026-05-11T21:14:17.502368,1.0.0,Distorted Humor,Minnelli,Unbridled's Song,6,G,Caleb Bayley,115,3/1,4.0,4.0,MNR-7,2026-05-12T01:30:00Z,7
MNR,Mountaineer,2026-05-12,7,01:30,Allowance 8f,Allowance,Dirt,8f,"$21,000",3,Stomping Moon,Bowen Rocco,Bernardini Jay P,2/1,False,Thoroughbred,tvg,https://api.tvg.com/cosmo/v1/graphql,2026-05-11T21:14:17.502373,1.0.0,Malibu Moon,Stomping,Dixieland Band,6,G,Angelo Pizzurro,120,2/1,3.0,3.0,MNR-7,2026-05-12T01:30:00Z,7
MNR,Mountaineer,2026-05-12,7,01:30,Allowance 8f,Allowance,Dirt,8f,"$21,000",4,Defiant Giant,Stokes Joe,Shanley Timothy,12/1,False,Thoroughbred,tvg,https://api.tvg.com/cosmo/v1/graphql,2026-05-11T21:14:17.502378,1.0.0,Lost Treasure (Ire),Dance With Giants,Giant's Causeway,5,H,Curtis Foster,120,12/1,13.0,13.0,MNR-7,2026-05-12T01:30:00Z,7
MNR,Mountaineer,2026-05-12,7,01:30,Allowance 8f,Allowance,Dirt,8f,"$21,000",5,Tap Em,Mera Julio C,Martinez Tomas,20/1,False,Thoroughbred,tvg,https://api.tvg.com/cosmo/v1/graphql,2026-05-11T21:14:17.502384,1.0.0,Tapiture,Lovely Em,Scat Daddy,7,G,From Owner To Trainer,120,20/1,21.0,21.0,MNR-7,2026-05-12T01:30:00Z,7
MNR,Mountaineer,2026-05-12,7,01:30,Allowance 8f,Allowance,Dirt,8f,"$21,000",6,Itsallaboutmebaby,Weatherly Bailey,Reed Eric R,6/1,True,Thoroughbred,tvg,https://api.tvg.com/cosmo/v1/graphql,2026-05-11T21:14:17.502389,1.0.0,Tapit,Subtlety (Arg),Easing Along,5,M,Jerry Jamgotchian,115,6/1,7.0,7.0,MNR-7,2026-05-12T01:30:00Z,7
MNR,Mountaineer,2026-05-12,7,01:30,Allowance 8f,Allowance,Dirt,8f,"$21,000",7,Mr Scatter,Barrios Ricardo,"Jones, Jr. Michael E",4/1,False,Thoroughbred,tvg,https://api.tvg.com/cosmo/v1/graphql,2026-05-11T21:14:17.502394,1.0.0,Goldencents,Allyallyincomefree,Unbridled's Song,5,G,Robert Proulx,120,4/1,5.0,5.0,MNR-7,2026-05-12T01:30:00Z,7
MNR,Mountaineer,2026-05-12,8,01:55,Claiming 5.5f,Claiming,Dirt,5.5f,"$7,000",1,Remys Gunsmoke,Yaranga Yuri,Shafer Gabe,10/1,False,Thoroughbred,tvg,https://api.tvg.com/cosmo/v1/graphql,2026-05-11T21:14:17.502404,1.0.0,Fiber Sonde,Remy Doodles,Grand Slam,7,G,Gabe Shafer,123,10/1,11.0,11.0,MNR-8,2026-05-12T01:55:00Z,11
MNR,Mountaineer,2026-05-12,8,01:55,Claiming 5.5f,Claiming,Dirt,5.5f,"$7,000",2,Grey Streak,Pagan Michael Y,Castillo Jabdiel,20/1,False,Thoroughbred,tvg,https://api.tvg.com/cosmo/v1/graphql,2026-05-11T21:14:17.502410,1.0.0,Grey Swallow (Ire),Anna Creek,Lonhro (Aus),8,G,Jabdiel Castillo,118,20/1,21.0,21.0,MNR-8,2026-05-12T01:55:00Z,11
MNR,Mountaineer,2026-05-12,8,01:55,Claiming 5.5f,Claiming,Dirt,5.5f,"$7,000",3,Joe Phillips,"Arroyo, Jr. Norberto",Silva Juan P,10/1,False,Thoroughbred,tvg,https://api.tvg.com/cosmo/v1/graphql,2026-05-11T21:14:17.502415,1.0.0,Justin Phillip,Silent Fright,Yes It's True,8,G,Tijuana Racing Stables (Juan Pablo Silva),123,10/1,11.0,11.0,MNR-8,2026-05-12T01:55:00Z,11
MNR,Mountaineer,2026-05-12,8,01:55,Claiming 5.5f,Claiming,Dirt,5.5f,"$7,000",4,Bodyslam,Weatherly Bailey,Scallan Robert S,4/1,True,Thoroughbred,tvg,https://api.tvg.com/cosmo/v1/graphql,2026-05-11T21:14:17.502420,1.0.0,Malibu Moon,Cayuga's Waters,Langfuhr,6,G,Donna J. Scallan and Robert S. Scallan,123,4/1,5.0,5.0,MNR-8,2026-05-12T01:55:00Z,11
MNR,Mountaineer,2026-05-12,8,01:55,Claiming 5.5f,Claiming,Dirt,5.5f,"$7,000",5,Holy Truth,Martinez Miguel L,Richison Crystal,15/1,False,Thoroughbred,tvg,https://api.tvg.com/cosmo/v1/graphql,2026-05-11T21:14:17.502426,1.0.0,Explosive Truth,Blushing Juliet,Macho Uno,9,G,Casey Eckenrode,123,15/1,16.0,16.0,MNR-8,2026-05-12T01:55:00Z,11
MNR,Mountaineer,2026-05-12,8,01:55,Claiming 5.5f,Claiming,Dirt,5.5f,"$7,000",6,Crafty Conquest,Batista Luis A,Pizzurro Jessica L,15/1,False,Thoroughbred,tvg,https://api.tvg.com/cosmo/v1/graphql,2026-05-11T21:14:17.502431,1.0.0,Big Screen,Crafty Broad,Crafty Friend,9,G,Darren Heinrich,123,15/1,16.0,16.0,MNR-8,2026-05-12T01:55:00Z,11
MNR,Mountaineer,2026-05-12,8,01:55,Claiming 5.5f,Claiming,Dirt,5.5f,"$7,000",7,Cold Plunge,Whitacre Brandon,Brown John T,12/1,False,Thoroughbred,tvg,https://api.tvg.com/cosmo/v1/graphql,2026-05-11T21:14:17.502436,1.0.0,Point Of Entry,Reason To Smile,Macho Uno,5,G,Gage Pinkerton,123,12/1,13.0,13.0,MNR-8,2026-05-12T01:55:00Z,11
MNR,Mountaineer,2026-05-12,8,01:55,Claiming 5.5f,Claiming,Dirt,5.5f,"$7,000",8,Growth Capital,Negron Luis,Silva Juan P,3/1,False,Thoroughbred,tvg,https://api.tvg.com/cosmo/v1/graphql,2026-05-11T21:14:17.502442,1.0.0,War Front,Room Service,More Than Ready,7,G,Tijuana Racing Stables (Juan Pablo Silva),123,3/1,4.0,4.0,MNR-8,2026-05-12T01:55:00Z,11
MNR,Mountaineer,2026-05-12,8,01:55,Claiming 5.5f,Claiming,Dirt,5.5f,"$7,000",9,Krusin Rocket,Gonzalez Kevin,Richison Crystal,5/1,False,Thoroughbred,tvg,https://api.tvg.com/cosmo/v1/graphql,2026-05-11T21:14:17.502447,1.0.0,Laurie's Rocket,Krusin Kelly,Artie Schiller,8,G,Casey Eckenrode,123,5/1,6.0,6.0,MNR-8,2026-05-12T01:55:00Z,11
MNR,Mountaineer,2026-05-12,8,01:55,Claiming 5.5f,Claiming,Dirt,5.5f,"$7,000",10,Southern Sense,Gomez Alejandro,Poole Jami C,6/1,False,Thoroughbred,tvg,https://api.tvg.com/cosmo/v1/graphql,2026-05-11T21:14:17.502453,1.0.0,Street Sense,Swaythisaway,Scat Daddy,7,G,Michael Staley,123,6/1,7.0,7.0,MNR-8,2026-05-12T01:55:00Z,11
MNR,Mountaineer,2026-05-12,8,01:55,Claiming 5.5f,Claiming,Dirt,5.5f,"$7,000",11,Abuelo Paps,"Monserrate, Jr. Jorge A","Ewell, Sr. Devan",20/1,False,Thoroughbred,tvg,https://api.tvg.com/cosmo/v1/graphql,2026-05-11T21:14:17.502458,1.0.0,Shanghai Bobby,Beautiful Lu,Gone West,9,G,Chantal Johnson,123,20/1,21.0,21.0,MNR-8,2026-05-12T01:55:00Z,11
OGM,Oak Grove Racing,2026-05-12,1,18:24,Trot 1m,Trot,Dirt,1m,"$15,000",1,Zina Kemp,"Miller, Tyler","Patalan, Eric",10/1,False,Harness,tvg,https://api.tvg.com/cosmo/v1/graphql,2026-05-11T21:14:17.514613,1.0.0,Googoo Gaagaa,Byway,Muscle Mass,3,F,Thestable Zina Kemp & Hutchison Hrn,0,15/1,16.0,11.0,OGM-1,2026-05-11T18:24:19Z,9
OGM,Oak Grove Racing,2026-05-12,1,18:24,Trot 1m,Trot,Dirt,1m,"$15,000",2,Willpowernwow,"Bobbitt, Gerem","Debeck, Rodney",15/1,False,Harness,tvg,https://api.tvg.com/cosmo/v1/graphql,2026-05-11T21:14:17.514625,1.0.0,Crazy Wow,I Wanted Wings,Muscles Yankee,3,G,"Rodney L Debeck,Nicholasville,KY",0,23/1,24.0,16.0,OGM-1,2026-05-11T18:24:19Z,9
OGM,Oak Grove Racing,2026-05-12,1,18:24,Trot 1m,Trot,Dirt,1m,"$15,000",3,Lucky Lady Volo,"Bender, Atlee","Miller, Erv",5/2,False,Harness,tvg,https://api.tvg.com/cosmo/v1/graphql,2026-05-11T21:14:17.514633,1.0.0,In Range,Lady Gill Again,Yankee Glide,3,F,"Ervin Miller Stb,Dbry,FL;Kentuckian",0,5/2,3.5,3.5,OGM-1,2026-05-11T18:24:19Z,9
OGM,Oak Grove Racing,2026-05-12,1,18:24,Trot 1m,Trot,Dirt,1m,"$15,000",4,Chicora,"Bates, Brandon","Oke, Wayne",8/1,False,Harness,tvg,https://api.tvg.com/cosmo/v1/graphql,2026-05-11T21:14:17.514639,1.0.0,Lear Jetta,Dj Speedy Fox,Dem Speedy Bones,5,M,"Jenni King,Center City,MN",0,10/1,11.0,9.0,OGM-1,2026-05-11T18:24:19Z,9
OGM,Oak Grove Racing,2026-05-12,1,18:24,Trot 1m,Trot,Dirt,1m,"$15,000",5,Decemberist,"Miller, Marcus","Stewart, Bob",15/1,False,Harness,tvg,https://api.tvg.com/cosmo/v1/graphql,2026-05-11T21:14:17.514644,1.0.0,Propulsion,Drunkard's Dream,Yankee Glide,3,C,"Bluestone Farms LLC,Hopewell,NJ",0,39/1,40.0,16.0,OGM-1,2026-05-11T18:24:19Z,9
OGM,Oak Grove Racing,2026-05-12,1,18:24,Trot 1m,Trot,Dirt,1m,"$15,000",6,Angellisa,"Luna, Marvin","Pinske, Carter",8/1,False,Harness,tvg,https://api.tvg.com/cosmo/v1/graphql,2026-05-11T21:14:17.514650,1.0.0,Gimpanzee,My Angel,Muscles Yankee,3,F,"Robert Mc Nerney,Newton,NJ",0,3/2,2.5,9.0,OGM-1,2026-05-11T18:24:19Z,9
OGM,Oak Grove Racing,2026-05-12,1,18:24,Trot 1m,Trot,Dirt,1m,"$15,000",7,Yo Billie,"Yoder, Verlin","Yoder, Verlin",3/1,False,Harness,tvg,https://api.tvg.com/cosmo/v1/graphql,2026-05-11T21:14:17.514655,1.0.0,Tactical Landing,Oasis Dream,Cantab Hall,3,G,"Verlin D Yoder,Columbia,KY",0,7/2,4.5,4.0,OGM-1,2026-05-11T18:24:19Z,9
OGM,Oak Grove Racing,2026-05-12,1,18:24,Trot 1m,Trot,Dirt,1m,"$15,000",8,R Zee,"Putnam, Joey","Butenschoen, T",5/1,False,Harness,tvg,https://api.tvg.com/cosmo/v1/graphql,2026-05-11T21:14:17.514661,1.0.0,Gimpanzee,Nothing But Moni,Credit Winner,3,F,"M& L De/Armitage Farm,Wilmington,DE",0,9/1,10.0,6.0,OGM-1,2026-05-11T18:24:19Z,9
OGM,Oak Grove Racing,2026-05-12,1,18:24,Trot 1m,Trot,Dirt,1m,"$15,000",9,Magical Six Pack,"Shetler, Andy","Enlow, Jason",6/1,False,Harness,tvg,https://api.tvg.com/cosmo/v1/graphql,2026-05-11T21:14:17.514667,1.0.0,Six Pack,Magical Valentine,Kadabra,3,C,"Enlow Racing,Kevil,KY",0,21/1,22.0,7.0,OGM-1,2026-05-11T18:24:19Z,9
OGM,Oak Grove Racing,2026-05-12,2,18:48,Pace 1m,Pace,Dirt,1m,"$10,000",1,Wise Thinking,"Putnam, Joey","Best, Ronald",5/1,False,Harness,tvg,https://api.tvg.com/cosmo/v1/graphql,2026-05-11T21:14:17.514682,1.0.0,Thinking Out Loud,Breathdefying,Intrepid Seelster,6,G,"Fast Horse Winners Inc,Ft Lauderdal",0,5/2,3.5,6.0,OGM-2,2026-05-11T18:48:30Z,9
OGM,Oak Grove Racing,2026-05-12,2,18:48,Pace 1m,Pace,Dirt,1m,"$10,000",2,Kimsirvivor Shark,"Denson, Jamaal","Denson, Jamaal",15/1,False,Harness,tvg,https://api.tvg.com/cosmo/v1/graphql,2026-05-11T21:14:17.514687,1.0.0,Revenge Shark,Kim Crawford N,Holmes Hanover,5,H,"Laquwanda Denise & Jamie L Daniels,",0,85/1,86.0,16.0,OGM-2,2026-05-11T18:48:30Z,9
OGM,Oak Grove Racing,2026-05-12,2,18:48,Pace 1m,Pace,Dirt,1m,"$10,000",3,Seriously Feared,"Bates, Brandon","Campbell, Gary",5/2,False,Harness,tvg,https://api.tvg.com/cosmo/v1/graphql,2026-05-11T21:14:17.514693,1.0.0,Fear The Dragon,Serious Filly,Somebeachsomewhere,6,G,"Noah Stanley,Buckingham Shire,EN",0,2/1,3.0,3.5,OGM-2,2026-05-11T18:48:30Z,9
OGM,Oak Grove Racing,2026-05-12,2,18:48,Pace 1m,Pace,Dirt,1m,"$10,000",4,Nimble Ned,"Miller, Marcus","Hershberger, J",6/1,False,Harness,tvg,https://api.tvg.com/cosmo/v1/graphql,2026-05-11T21:14:17.514698,1.0.0,Tellitlikeitis,Ultimatum,Rocknroll Hanover,6,G,"Joseph A. Hershberger,Allardt,TN",0,6/1,7.0,7.0,OGM-2,2026-05-11T18:48:30Z,9
OGM,Oak Grove Racing,2026-05-12,2,18:48,Pace 1m,Pace,Dirt,1m,"$10,000",5,Mr Big Check,"Stiltner, Jame","Stiltner, Jame",10/1,False,Harness,tvg,https://api.tvg.com/cosmo/v1/graphql,2026-05-11T21:14:17.514704,1.0.0,Mister Big,Broken English,Rocknroll Hanover,4,G,"Tracy E Bradshaw,Bland,VA",0,72/1,73.0,11.0,OGM-2,2026-05-11T18:48:30Z,9
OGM,Oak Grove Racing,2026-05-12,2,18:48,Pace 1m,Pace,Dirt,1m,"$10,000",6,Rockin Pulse,"Avenatti, Wyat","Eaton, James",7/2,False,Harness,tvg,https://api.tvg.com/cosmo/v1/graphql,2026-05-11T21:14:17.514709,1.0.0,Rockin Image,Feel The Pulse,Camluck,7,G,"Mary M Van Boven,Canton,MI",0,6/5,2.2,4.5,OGM-2,2026-05-11T18:48:30Z,9
OGM,Oak Grove Racing,2026-05-12,2,18:48,Pace 1m,Pace,Dirt,1m,"$10,000",7,Koa,"Bender, Atlee","Chupp, Merv",8/1,False,Harness,tvg,https://api.tvg.com/cosmo/v1/graphql,2026-05-11T21:14:17.514714,1.0.0,Downbytheseaside,Notjustaprettyface,Jate Lobell,6,G,"Chupp Racing Stable Inc,Crete,IL",0,55/1,56.0,9.0,OGM-2,2026-05-11T18:48:30Z,9
OGM,Oak Grove Racing,2026-05-12,2,18:48,Pace 1m,Pace,Dirt,1m,"$10,000",8,Chewalla A,"Buford, Archie","Fortune, Adria",12/1,False,Harness,tvg,https://api.tvg.com/cosmo/v1/graphql,2026-05-11T21:14:17.514720,1.0.0,American Ideal,My Tupelo Honey,Mcardle,11,G,"Adrian J Fortune,Walnut Grove,MS",0,99/1,100.0,13.0,OGM-2,2026-05-11T18:48:30Z,9
OGM,Oak Grove Racing,2026-05-12,2,18:48,Pace 1m,Pace,Dirt,1m,"$10,000",9,Side Bar,"Johnson, Od","Gray, Jalen",8/1,False,Harness,tvg,https://api.tvg.com/cosmo/v1/graphql,2026-05-11T21:14:17.514725,1.0.0,Downbytheseaside,Real Fine,Bettor's Delight,5,G,"Wilbert S Gray,Lake,MS",0,46/1,47.0,9.0,OGM-2,2026-05-11T18:48:30Z,9
OGM,Oak Grove Racing,2026-05-12,3,19:07,Pace 1m,Pace,Dirt,1m,"$14,000",1,Making History,"Luna, Marvin","Alagna, Tony",2/1,False,Harness,tvg,https://api.tvg.com/cosmo/v1/graphql,2026-05-11T21:14:17.514736,1.0.0,American History,Mystery Game,Artistic Fella,4,H,"Riverview Racing LLC,Boynton Beach,",0,1/2,1.5,3.0,OGM-3,2026-05-11T19:07:07Z,9
OGM,Oak Grove Racing,2026-05-12,3,19:07,Pace 1m,Pace,Dirt,1m,"$14,000",2,Lil Rockstar,"Bates, Brandon","Deters, Terry",5/1,False,Harness,tvg,https://api.tvg.com/cosmo/v1/graphql,2026-05-11T21:14:17.514741,1.0.0,Boston Red Rocks,Rock Star Melinda,Roll With Joe,4,M,"Rick Berks,Paris,KY",0,7/2,4.5,6.0,OGM-3,2026-05-11T19:07:07Z,9
OGM,Oak Grove Racing,2026-05-12,3,19:07,Pace 1m,Pace,Dirt,1m,"$14,000",3,Fox Valley York,"Denson, Jamaal","Roberts, Ashle",10/1,False,Harness,tvg,https://api.tvg.com/cosmo/v1/graphql,2026-05-11T21:14:17.514746,1.0.0,Time To Roll,Roll With Josie,Roll With Joe,5,G,"Ashley N Roberts,Manchester,KY",0,78/1,79.0,11.0,OGM-3,2026-05-11T19:07:07Z,9
OGM,Oak Grove Racing,2026-05-12,3,19:07,Pace 1m,Pace,Dirt,1m,"$14,000",4,Fleet Commander,"Crisler, Randy","Crisler, Randy",15/1,False,Harness,tvg,https://api.tvg.com/cosmo/v1/graphql,2026-05-11T21:14:17.514751,1.0.0,Cattlewash,Amateur Hour,Rock N Roll Heaven,4,G,"Donnie Patterson,Fayetteville,TN",0,51/1,52.0,16.0,OGM-3,2026-05-11T19:07:07Z,9
OGM,Oak Grove Racing,2026-05-12,3,19:07,Pace 1m,Pace,Dirt,1m,"$14,000",5,Scrappy Comingup,"Tharps, Devon","Hunt, Leroy",6/1,False,Harness,tvg,https://api.tvg.com/cosmo/v1/graphql,2026-05-11T21:14:17.514757,1.0.0,Somestarsomewhere,Hopintosh,Armbro Mackintosh,5,H,"Leroy Hunt,Jackson,TN;Milton G Gree",0,23/1,24.0,7.0,OGM-3,2026-05-11T19:07:07Z,9
OGM,Oak Grove Racing,2026-05-12,3,19:07,Pace 1m,Pace,Dirt,1m,"$14,000",6,Fox Valley Endzone,"Avenatti, Wyat","Saltsgaver, Ta",10/1,False,Harness,tvg,https://api.tvg.com/cosmo/v1/graphql,2026-05-11T21:14:17.514762,1.0.0,Somestarsomewhere,Official Line,Art Official,3,G,"Tanner K Saltsgaver,Dewey,IL",0,28/1,29.0,11.0,OGM-3,2026-05-11T19:07:07Z,9
OGM,Oak Grove Racing,2026-05-12,3,19:07,Pace 1m,Pace,Dirt,1m,"$14,000",7,Shaving Cream,"Miller, Marcus","Hershberger, J",15/1,False,Harness,tvg,https://api.tvg.com/cosmo/v1/graphql,2026-05-11T21:14:17.514767,1.0.0,Lather Up,Art's Fantasy,Artsplace,3,G,"Joseph A. Hershberger,Allardt,TN",0,36/1,37.0,16.0,OGM-3,2026-05-11T19:07:07Z,9
OGM,Oak Grove Racing,2026-05-12,3,19:07,Pace 1m,Pace,Dirt,1m,"$14,000",8,Starlit Millertime,"Bender, Atlee","Miller, Erv",9/2,False,Harness,tvg,https://api.tvg.com/cosmo/v1/graphql,2026-05-11T21:14:17.514772,1.0.0,Jk Endofanera,Zinderella,Western Ideal,4,H,"Hannah Bender,Noblesville,IN",0,7/2,4.5,5.5,OGM-3,2026-05-11T19:07:07Z,9
OGM,Oak Grove Racing,2026-05-12,3,19:07,Pace 1m,Pace,Dirt,1m,"$14,000",9,Beyond Cool,"Putnam, Joey","Putnam, Joe",6/1,True,Harness,tvg,https://api.tvg.com/cosmo/v1/graphql,2026-05-11T21:14:17.514778,1.0.0,Papi Rob Hanover,Cool Treasure,Western Terror,4,R,"J P Racing, LLC,Pendleton,IN",0,6/1,7.0,7.0,OGM-3,2026-05-11T19:07:07Z,9
OGM,Oak Grove Racing,2026-05-12,4,19:26,Pace 1m,Pace,Dirt,1m,"$13,000",1,Rg's Sparkle,"Miller, Marcus","Woodard, Marti",8/1,False,Harness,tvg,https://api.tvg.com/cosmo/v1/graphql,2026-05-11T21:14:17.514790,1.0.0,Carlson,J S Sparklin Image,Rockin Image,4,M,"Herman Wheeler,Monroe,LA;Charlie L",0,34/1,35.0,9.0,OGM-4,2026-05-11T19:26:38Z,9
OGM,Oak Grove Racing,2026-05-12,4,19:26,Pace 1m,Pace,Dirt,1m,"$13,000",2,Carronsidelegcy Gb,"Dinges, Tony","Dinges, Tony",7/2,False,Harness,tvg,https://api.tvg.com/cosmo/v1/graphql,2026-05-11T21:14:17.514795,1.0.0,Tom Hill,Rhyds Pearl,Hasty Hall,6,G,"Dein P Spriggs,Jupiter,FL",0,5/2,3.5,4.5,OGM-4,2026-05-11T19:26:38Z,9
OGM,Oak Grove Racing,2026-05-12,4,19:26,Pace 1m,Pace,Dirt,1m,"$13,000",3,Imapricelessprince,"Bender, Atlee","Miller, Kevin",6/1,False,Harness,tvg,https://api.tvg.com/cosmo/v1/graphql,2026-05-11T21:14:17.514800,1.0.0,Perfect Sting,Priceless,Rockin Image,3,G,"Kevin E Miller,Arthur,IL",0,5/2,3.5,7.0,OGM-4,2026-05-11T19:26:38Z,9
OGM,Oak Grove Racing,2026-05-12,4,19:26,Pace 1m,Pace,Dirt,1m,"$13,000",4,Senior Partner,"Bates, Brandon","Crisler, Randy",12/1,False,Harness,tvg,https://api.tvg.com/cosmo/v1/graphql,2026-05-11T21:14:17.514806,1.0.0,Bettor's Delight,Whos Up Whos Down,Western Ideal,4,G,"Golden Gaits Uso,Columbus,OH",0,6/1,7.0,13.0,OGM-4,2026-05-11T19:26:38Z,9
OGM,Oak Grove Racing,2026-05-12,4,19:26,Pace 1m,Pace,Dirt,1m,"$13,000",5,That's The Star,"Bobbitt, Gerem","Patton, Jamaic",9/2,False,Harness,tvg,https://api.tvg.com/cosmo/v1/graphql,2026-05-11T21:14:17.514811,1.0.0,Somestarsomewhere,Elle's Bells,Sportsmaster,4,G,"Thomas Lawinger,Platteville,WI",0,9/1,10.0,5.5,OGM-4,2026-05-11T19:26:38Z,9
OGM,Oak Grove Racing,2026-05-12,4,19:26,Pace 1m,Pace,Dirt,1m,"$13,000",6,Star Man,"Curtin, Pat","Halford, Steph",8/1,False,Harness,tvg,https://api.tvg.com/cosmo/v1/graphql,2026-05-11T21:14:17.514817,1.0.0,Somestarsomewhere,Shy For The Guy,American Ideal,4,G,"Stephan L Halford II,Pleasant Plain",0,30/1,31.0,9.0,OGM-4,2026-05-11T19:26:38Z,9
OGM,Oak Grove Racing,2026-05-12,4,19:26,Pace 1m,Pace,Dirt,1m,"$13,000",7,Just Chasing Tails,"Tharps, Devon","Lindsey, Richa",3/1,False,Harness,tvg,https://api.tvg.com/cosmo/v1/graphql,2026-05-11T21:14:17.514822,1.0.0,Artspeak,Susieqfrmdali Who,Dali,3,G,"Gem Racing LLC,Owensboro,KY",0,9/2,5.5,4.0,OGM-4,2026-05-11T19:26:38Z,9
OGM,Oak Grove Racing,2026-05-12,4,19:26,Pace 1m,Pace,Dirt,1m,"$13,000",8,Fabulous,"Buford, Archie","Buford, Archie",12/1,False,Harness,tvg,https://api.tvg.com/cosmo/v1/graphql,2026-05-11T21:14:17.514828,1.0.0,Downbytheseaside,Brisbane,A Rocknroll Dance,4,M,"Audra J Fetcher,Henderson,KY",0,20/1,21.0,13.0,OGM-4,2026-05-11T19:26:38Z,9
OGM,Oak Grove Racing,2026-05-12,4,19:26,Pace 1m,Pace,Dirt,1m,"$13,000",9,He's Lost In Time,"Maxwell, Zyler","Maxwell, Pravi",8/1,False,Harness,tvg,https://api.tvg.com/cosmo/v1/graphql,2026-05-11T21:14:17.514833,1.0.0,Lost In Time,Kitty Kocktail,Always A Virgin,5,H,"Pravi & Zyler M Maxwell,Macon,MS",0,5/1,6.0,9.0,OGM-4,2026-05-11T19:26:38Z,9
OGM,Oak Grove Racing,2026-05-12,5,19:52,Trot 1m,Trot,Dirt,1m,"$13,000",1,Glitterati,"Luna, Marvin","Daley, Noel",5/2,False,Harness,tvg,https://api.tvg.com/cosmo/v1/graphql,2026-05-11T21:14:17.514843,1.0.0,Readly Express,A List Lindy,Lucky Chucky,3,F,"Noel M Daley,Chesterfield,NJ",0,3/1,4.0,3.5,OGM-5,2026-05-11T19:52:13Z,9
OGM,Oak Grove Racing,2026-05-12,5,19:52,Trot 1m,Trot,Dirt,1m,"$13,000",2,Gare D'orsay,"Bender, Atlee","Czernyson, Jon",5/1,False,Harness,tvg,https://api.tvg.com/cosmo/v1/graphql,2026-05-11T21:14:17.514849,1.0.0,Readly Express,D'orsay,Yankee Glide,3,G,"Consus Racing Stable Inc,Vero Beach",0,7/5,2.4,6.0,OGM-5,2026-05-11T19:52:13Z,9
OGM,Oak Grove Racing,2026-05-12,5,19:52,Trot 1m,Trot,Dirt,1m,"$13,000",3,Songbird,"Bobbitt, Gerem","Debeck, Rodney",8/1,False,Harness,tvg,https://api.tvg.com/cosmo/v1/graphql,2026-05-11T21:14:17.514854,1.0.0,Gimpanzee,Fly Angel Fly,Cantab Hall,3,F,"Rodney L Debeck,Nicholasville,KY",0,21/1,22.0,9.0,OGM-5,2026-05-11T19:52:13Z,9
OGM,Oak Grove Racing,2026-05-12,5,19:52,Trot 1m,Trot,Dirt,1m,"$13,000",4,Now Or Never,"Miller, Marcus","Lloyd, Justin",6/1,False,Harness,tvg,https://api.tvg.com/cosmo/v1/graphql,2026-05-11T21:14:17.514859,1.0.0,Father Patrick,Nada Volo,Trixton,3,G,"Denise L Dennis,Indianapolis,IN",0,6/1,7.0,7.0,OGM-5,2026-05-11T19:52:13Z,9
OGM,Oak Grove Racing,2026-05-12,5,19:52,Trot 1m,Trot,Dirt,1m,"$13,000",5,Commence,"Putnam, Joey","Putnam, Joe",8/1,False,Harness,tvg,https://api.tvg.com/cosmo/v1/graphql,2026-05-11T21:14:17.514881,1.0.0,Greenshoe,Argyle,Creatine,3,G,"J P Racing, LLC,Pendleton,IN;W T De",0,9/2,5.5,9.0,OGM-5,2026-05-11T19:52:13Z,9
OGM,Oak Grove Racing,2026-05-12,5,19:52,Trot 1m,Trot,Dirt,1m,"$13,000",6,Battle Em,"Curtin, Pat","Lunsford, Henr",15/1,False,Harness,tvg,https://api.tvg.com/cosmo/v1/graphql,2026-05-11T21:14:17.514887,1.0.0,Don't Let'em,Battle Axe,Dream Vacation,3,F,"Judith N Lunsford,Burgin,KY",0,81/1,82.0,16.0,OGM-5,2026-05-11T19:52:13Z,9
OGM,Oak Grove Racing,2026-05-12,5,19:52,Trot 1m,Trot,Dirt,1m,"$13,000",7,Julius Spirit,"Fonseca, Joser","Pinske, Carter",12/1,False,Harness,tvg,https://api.tvg.com/cosmo/v1/graphql,2026-05-11T21:14:17.514896,1.0.0,Walner,Up And Ready,Kadabra,3,C,"Al J Libfeld,Pickering,ON, CA",0,10/1,11.0,13.0,OGM-5,2026-05-11T19:52:13Z,9
OGM,Oak Grove Racing,2026-05-12,5,19:52,Trot 1m,Trot,Dirt,1m,"$13,000",8,Caught Ina Scandal,"Stiltner, Jame","Stiltner, Jame",7/2,False,Harness,tvg,https://api.tvg.com/cosmo/v1/graphql,2026-05-11T21:14:17.514903,1.0.0,Pastor Stephen,Markets Up,Deweycheatumnhowe,4,G,"Dr E Edward Ward,West Liberty,KY",0,23/1,24.0,4.5,OGM-5,2026-05-11T19:52:13Z,9
OGM,Oak Grove Racing,2026-05-12,5,19:52,Trot 1m,Trot,Dirt,1m,"$13,000",9,Barroom Blitz,"Tharps, Devon","Wellwood, Paul",12/1,False,Harness,tvg,https://api.tvg.com/cosmo/v1/graphql,2026-05-11T21:14:17.514908,1.0.0,International Moni,Bar Ballad,Windsong's Legacy,3,C,"Bay Pond Racing Stable,Malvern,PA",0,9/1,10.0,13.0,OGM-5,2026-05-11T19:52:13Z,9
OGM,Oak Grove Racing,2026-05-12,6,20:12,Trot 1m,Trot,Dirt,1m,"$30,000",1,Winter Soldier,"Bender, Atlee","Patalan, Eric",15/1,False,Harness,tvg,https://api.tvg.com/cosmo/v1/graphql,2026-05-11T21:14:17.514919,1.0.0,Face Time Bourbon,Jumalay Mass,Muscle Mass,5,H,"Thestable Winter Soldier,Brunswick,",0,16/1,17.0,16.0,OGM-6,2026-05-11T20:12:23Z,7
OGM,Oak Grove Racing,2026-05-12,6,20:12,Trot 1m,Trot,Dirt,1m,"$30,000",2,Corner Store,"Putnam, Joey","Kelley, Paul",10/1,False,Harness,tvg,https://api.tvg.com/cosmo/v1/graphql,2026-05-11T21:14:17.514924,1.0.0,Six Pack,Seven Eleven,Chapter Seven,4,M,"Paul Kelley Rcg Stb,Lk Wrth,FL;M La",0,16/1,17.0,11.0,OGM-6,2026-05-11T20:12:23Z,7
OGM,Oak Grove Racing,2026-05-12,6,20:12,Trot 1m,Trot,Dirt,1m,"$30,000",3,Woman Of Passion,"Luna, Marvin","Pinske, Carter",8/1,False,Harness,tvg,https://api.tvg.com/cosmo/v1/graphql,2026-05-11T21:14:17.514930,1.0.0,Walner,Womans Will,Donato Hanover,5,M,"Al J Libfeld,Pickering,ON, CA",0,9/1,10.0,9.0,OGM-6,2026-05-11T20:12:23Z,7
OGM,Oak Grove Racing,2026-05-12,6,20:12,Trot 1m,Trot,Dirt,1m,"$30,000",4,Tom's Muscle,"Fonseca, Joser","Grant, Peggy",5/1,False,Harness,tvg,https://api.tvg.com/cosmo/v1/graphql,2026-05-11T21:14:17.514935,1.0.0,Long Tom,Trot Time,Groton Hall,5,G,"Peggy G Grant,Lebanon,KY",0,12/1,13.0,6.0,OGM-6,2026-05-11T20:12:23Z,7
OGM,Oak Grove Racing,2026-05-12,6,20:12,Trot 1m,Trot,Dirt,1m,"$30,000",5,Little Expensive,"Miller, Tyler","Miller, Julie",5/2,False,Harness,tvg,https://api.tvg.com/cosmo/v1/graphql,2026-05-11T21:14:17.514941,1.0.0,Muscle Hill,Seviyorum,Donato Hanover,6,G,"Andy Miller Stb,Crm Rdg,NJ;J Goehle",0,4/5,1.8,3.5,OGM-6,2026-05-11T20:12:23Z,7
OGM,Oak Grove Racing,2026-05-12,6,20:12,Trot 1m,Trot,Dirt,1m,"$30,000",6,Dp Freedoms Chrome,"Miller, Marcus","Oke, Wayne",4/1,False,Harness,tvg,https://api.tvg.com/cosmo/v1/graphql,2026-05-11T21:14:17.514947,1.0.0,For You Almostfree,Wannabee Loved,Ken Warkentin,5,H,"Aimes Racing,Elma,IA",0,5/1,6.0,5.0,OGM-6,2026-05-11T20:12:23Z,7
OGM,Oak Grove Racing,2026-05-12,6,20:12,Trot 1m,Trot,Dirt,1m,"$30,000",7,Cecil Hanover,"Tharps, Devon","Engblom, Per",2/1,False,Harness,tvg,https://api.tvg.com/cosmo/v1/graphql,2026-05-11T21:14:17.514952,1.0.0,Chapter Seven,Columbia,Muscle Massive,6,G,"Fac Racing LLC,Scarsdale,NY;Yannick",0,3/1,4.0,3.0,OGM-6,2026-05-11T20:12:23Z,7
OGM,Oak Grove Racing,2026-05-12,7,20:31,Trot 1m,Trot,Dirt,1m,"$13,000",1,Furst Igor S,"Curtin, Pat","Kosciolek, Nik",8/1,False,Harness,tvg,https://api.tvg.com/cosmo/v1/graphql,2026-05-11T21:14:17.514962,1.0.0,Readly Express,Baronesse Ima,Maharajah,6,G,"Lucky Label Stable LLC,Grove City,O",0,13/1,14.0,9.0,OGM-7,2026-05-11T20:31:25Z,8
OGM,Oak Grove Racing,2026-05-12,7,20:31,Trot 1m,Trot,Dirt,1m,"$13,000",2,Exchequer,"Hershberger, J","Hershberger, J",15/1,False,Harness,tvg,https://api.tvg.com/cosmo/v1/graphql,2026-05-11T21:14:17.514968,1.0.0,Cash Hall,Royal Pink,Rc Royalty,9,G,"Joseph A. Hershberger,Allardt,TN",0,73/1,74.0,16.0,OGM-7,2026-05-11T20:31:25Z,8
OGM,Oak Grove Racing,2026-05-12,7,20:31,Trot 1m,Trot,Dirt,1m,"$13,000",3,Outbound Train,"Luna, Marvin","Stewart, Bob",6/1,False,Harness,tvg,https://api.tvg.com/cosmo/v1/graphql,2026-05-11T21:14:17.514973,1.0.0,Muscle Mass,Oasis Dream,Cantab Hall,4,H,"Fredericka V Caldwell,Georgetown,KY",0,8/1,9.0,7.0,OGM-7,2026-05-11T20:31:25Z,8
OGM,Oak Grove Racing,2026-05-12,7,20:31,Trot 1m,Trot,Dirt,1m,"$13,000",4,P P E,"Dinges, Tony","Dinges, Tony",8/1,False,Harness,tvg,https://api.tvg.com/cosmo/v1/graphql,2026-05-11T21:14:17.514978,1.0.0,Kadabra,Sunday Yankee,Muscles Yankee,7,G,"Ross L Benner,Deleon Springs,FL",0,47/1,48.0,9.0,OGM-7,2026-05-11T20:31:25Z,8
OGM,Oak Grove Racing,2026-05-12,7,20:31,Trot 1m,Trot,Dirt,1m,"$13,000",5,Youngblood,"Buford, Archie","Buford, Archie",7/2,False,Harness,tvg,https://api.tvg.com/cosmo/v1/graphql,2026-05-11T21:14:17.514984,1.0.0,Six Pack,Non Stick,Lucky Chucky,4,G,"Timothy D Amos,Raymond,MS",0,2/1,3.0,4.5,OGM-7,2026-05-11T20:31:25Z,8
OGM,Oak Grove Racing,2026-05-12,7,20:31,Trot 1m,Trot,Dirt,1m,"$13,000",6,Rock Party,"Avenatti, Wyat","Chupp, Merv",10/1,False,Harness,tvg,https://api.tvg.com/cosmo/v1/graphql,2026-05-11T21:14:17.514989,1.0.0,Cantab Hall,Scream And Shout,Muscles Yankee,9,G,"Chupp Racing Stable Inc,Crete,IL",0,86/1,87.0,11.0,OGM-7,2026-05-11T20:31:25Z,8
OGM,Oak Grove Racing,2026-05-12,7,20:31,Trot 1m,Trot,Dirt,1m,"$13,000",7,Louise's Legacy,"Miller, Marcus","Miller, Erv",9/2,False,Harness,tvg,https://api.tvg.com/cosmo/v1/graphql,2026-05-11T21:14:17.514995,1.0.0,Lou's Legacy,Lima Simplicity,Rocky Balboa,4,G,"Ervin Miller Stable Inc,Debary,FL",0,6/1,7.0,5.5,OGM-7,2026-05-11T20:31:25Z,8
OGM,Oak Grove Racing,2026-05-12,7,20:31,Trot 1m,Trot,Dirt,1m,"$13,000",8,Prince Of Honor,"Bates, Brandon","Burke, Ron",2/1,False,Harness,tvg,https://api.tvg.com/cosmo/v1/graphql,2026-05-11T21:14:17.515000,1.0.0,Walner,Princess Aurora,Cantab Hall,6,G,"Burke Racing Stable LLC,Frederickto",0,3/5,1.6,3.0,OGM-7,2026-05-11T20:31:25Z,8
OGM,Oak Grove Racing,2026-05-12,8,20:51,Pace 1m,Pace,Dirt,1m,"$13,000",1,Fox Valley Stoli,"Bates, Brandon","Laffoon, Rober",8/1,False,Harness,tvg,https://api.tvg.com/cosmo/v1/graphql,2026-05-11T21:14:17.515011,1.0.0,Somestarsomewhere,Party Hangover,Party At Artsplace,4,G,"Chad E Webb,Oil Springs,KY",0,21/1,22.0,9.0,OGM-8,2026-05-11T20:51:20Z,9
OGM,Oak Grove Racing,2026-05-12,8,20:51,Pace 1m,Pace,Dirt,1m,"$13,000",2,Mankat,"Bobbitt, Gerem","Campbell, Gary",6/1,False,Harness,tvg,https://api.tvg.com/cosmo/v1/graphql,2026-05-11T21:14:17.515017,1.0.0,Somebeachsomewhere,Kit Kat Artist,Real Artist,9,H,"Noah Stanley,Buckingham Shire,EN",0,5/1,6.0,7.0,OGM-8,2026-05-11T20:51:20Z,9
OGM,Oak Grove Racing,2026-05-12,8,20:51,Pace 1m,Pace,Dirt,1m,"$13,000",3,Mystical Charger,"Denson, Jamaal","Denson, Jamaal",12/1,False,Harness,tvg,https://api.tvg.com/cosmo/v1/graphql,2026-05-11T21:14:17.515022,1.0.0,Jereme's Jet,Long Island Icetea,Four Starzzz Shark,10,G,"Jamaal D Denson,Madison,MS",0,53/1,54.0,13.0,OGM-8,2026-05-11T20:51:20Z,9
OGM,Oak Grove Racing,2026-05-12,8,20:51,Pace 1m,Pace,Dirt,1m,"$13,000",4,Ponda Eagle,"Miller, Marcus","Miller, Erv",2/1,False,Harness,tvg,https://api.tvg.com/cosmo/v1/graphql,2026-05-11T21:14:17.515028,1.0.0,Capt Midnight,Mandy's Mattjesty,His Mattjesty,4,G,"Ervin Miller Stb Inc,Debary,FL;Step",0,7/5,2.4,3.0,OGM-8,2026-05-11T20:51:20Z,9
OGM,Oak Grove Racing,2026-05-12,8,20:51,Pace 1m,Pace,Dirt,1m,"$13,000",5,Tookadiveoffdipper,"Bender, Atlee","Eaton, James",3/1,False,Harness,tvg,https://api.tvg.com/cosmo/v1/graphql,2026-05-11T21:14:17.515033,1.0.0,Always A Virgin,Onceinabluemoon,Everlasting Art,12,G,"Jane Cross,Olney,IL",0,1/1,2.0,4.0,OGM-8,2026-05-11T20:51:20Z,9
OGM,Oak Grove Racing,2026-05-12,8,20:51,Pace 1m,Pace,Dirt,1m,"$13,000",6,Rockin Ella Mae,"Maxwell, Zyler","Watson, Jimmy",12/1,False,Harness,tvg,https://api.tvg.com/cosmo/v1/graphql,2026-05-11T21:14:17.515039,1.0.0,Rockin Amadeus,Zoey's Lemon Tart,Dave Panlone,7,M,"Cedric D Love,Jackson,MS",0,69/1,70.0,13.0,OGM-8,2026-05-11T20:51:20Z,9
OGM,Oak Grove Racing,2026-05-12,8,20:51,Pace 1m,Pace,Dirt,1m,"$13,000",7,Ideal Ace,"White, Stephen","White, Stephen",15/1,False,Harness,tvg,https://api.tvg.com/cosmo/v1/graphql,2026-05-11T21:14:17.515045,1.0.0,United Ace,Ravenswood Miracle,Real Artist,12,G,"Stephen K White,Louisville,MS",0,53/1,54.0,16.0,OGM-8,2026-05-11T20:51:20Z,9
OGM,Oak Grove Racing,2026-05-12,8,20:51,Pace 1m,Pace,Dirt,1m,"$13,000",8,My House,"Shetler, Andy","Shetler, Andy",5/1,False,Harness,tvg,https://api.tvg.com/cosmo/v1/graphql,2026-05-11T21:14:17.515050,1.0.0,Rockin Image,Best Boss,Cambest,9,G,"Janie S Hartley,Richmond,IN",0,11/1,12.0,6.0,OGM-8,2026-05-11T20:51:20Z,9
OGM,Oak Grove Racing,2026-05-12,8,20:51,Pace 1m,Pace,Dirt,1m,"$13,000",9,Lottie's Webb,"Luna, Marvin","Halford, Steph",15/1,False,Harness,tvg,https://api.tvg.com/cosmo/v1/graphql,2026-05-11T21:14:17.515056,1.0.0,Revenge Shark,Hannah Isabel,Bettor's Delight,4,M,"Steven N Thompson,Virginia,IL;Thomp",0,65/1,66.0,16.0,OGM-8,2026-05-11T20:51:20Z,9
OGM,Oak Grove Racing,2026-05-12,9,21:13,Pace 1m,Pace,Dirt,1m,"$12,000",1,Other Peoples Beer,"Maxwell, Zyler","Laffoon, Rober",7/2,False,Harness,tvg,https://api.tvg.com/cosmo/v1/graphql,2026-05-11T21:14:17.515066,1.0.0,Artspeak,Bad Sister,Badlands Hanover,6,G,"Robert P Laffoon,Georgetown,KY",0,5/1,6.0,4.5,OGM-9,2026-05-11T21:13:08Z,9
OGM,Oak Grove Racing,2026-05-12,9,21:13,Pace 1m,Pace,Dirt,1m,"$12,000",2,Dowahs Boy,"Tharps, Devon","Watson, Jimmy",15/1,False,Harness,tvg,https://api.tvg.com/cosmo/v1/graphql,2026-05-11T21:14:17.515071,1.0.0,Ameripan Gigolo,Keltic Sarah,Rambaran,11,G,"Nakkia A Whitman,Hodgenville,KY",0,77/1,78.0,16.0,OGM-9,2026-05-11T21:13:08Z,9
OGM,Oak Grove Racing,2026-05-12,9,21:13,Pace 1m,Pace,Dirt,1m,"$12,000",3,D A Wicked Shine,"Bender, Atlee","Dinges, Tony",3/1,False,Harness,tvg,https://api.tvg.com/cosmo/v1/graphql,2026-05-11T21:14:17.515077,1.0.0,Mcwicked,Vivid Shine,Dragon Again,5,G,"Dein P Spriggs,Jupiter,FL",0,1/2,1.5,4.0,OGM-9,2026-05-11T21:13:08Z,9
OGM,Oak Grove Racing,2026-05-12,9,21:13,Pace 1m,Pace,Dirt,1m,"$12,000",4,Rule The West,"Shetler, Andy","Brooks, David",10/1,False,Harness,tvg,https://api.tvg.com/cosmo/v1/graphql,2026-05-11T21:14:17.515082,1.0.0,Bettor's Delight,Maid West,Western Hanover,5,G,"David S Brooks,Cambridge,IL",0,52/1,53.0,11.0,OGM-9,2026-05-11T21:13:08Z,9
OGM,Oak Grove Racing,2026-05-12,9,21:13,Pace 1m,Pace,Dirt,1m,"$12,000",5,Talk Racy To Me,"Bates, Brandon","Oke, Wayne",8/1,False,Harness,tvg,https://api.tvg.com/cosmo/v1/graphql,2026-05-11T21:14:17.515087,1.0.0,Bettor's Delight,Racy Gal Hanover,Modern Art,6,G,"Blue Dog Racing Inc,Lexington,KY",0,7/1,8.0,9.0,OGM-9,2026-05-11T21:13:08Z,9
OGM,Oak Grove Racing,2026-05-12,9,21:13,Pace 1m,Pace,Dirt,1m,"$12,000",6,Virgin Storm,"Bobbitt, Gerem","Roberts, Ashle",15/1,False,Harness,tvg,https://api.tvg.com/cosmo/v1/graphql,2026-05-11T21:14:17.515092,1.0.0,Always A Virgin,Hillcrest Sweetie,Storm Damage,10,G,"Ashley N Roberts,Manchester,KY",0,99/1,100.0,16.0,OGM-9,2026-05-11T21:13:08Z,9
OGM,Oak Grove Racing,2026-05-12,9,21:13,Pace 1m,Pace,Dirt,1m,"$12,000",7,Kissinbythebeaches,"Curtin, Pat","Kosciolek, Nik",5/1,True,Harness,tvg,https://api.tvg.com/cosmo/v1/graphql,2026-05-11T21:14:17.515097,1.0.0,Sunshine Beach,Stealin The Kisses,Western Ideal,9,G,"J M F Racing LLC,Freehold,NJ;Nikki",0,5/1,6.0,6.0,OGM-9,2026-05-11T21:13:08Z,9
OGM,Oak Grove Racing,2026-05-12,9,21:13,Pace 1m,Pace,Dirt,1m,"$12,000",8,Under The Desk,"Miller, Marcus","Whitton, Cassi",8/1,False,Harness,tvg,https://api.tvg.com/cosmo/v1/graphql,2026-05-11T21:14:17.515103,1.0.0,Jk Endofanera,Velocity Trelific,Pet Rock,6,M,"Patrick M Melloy Jr,Eaton,OH;Lisa M",0,9/2,5.5,9.0,OGM-9,2026-05-11T21:13:08Z,9
OGM,Oak Grove Racing,2026-05-12,9,21:13,Pace 1m,Pace,Dirt,1m,"$12,000",9,Just Plain Loco,"Denson, Jamaal","Denson, Jamaal",9/2,False,Harness,tvg,https://api.tvg.com/cosmo/v1/graphql,2026-05-11T21:14:17.515110,1.0.0,Well Said,Symphony In Motion,Bettor's Delight,10,G,"Jamaal D Denson,Madison,MS",0,8/1,9.0,5.5,OGM-9,2026-05-11T21:13:08Z,9
OGM,Oak Grove Racing,2026-05-12,10,21:19,Pace 1m,Pace,Dirt,1m,"$10,000",1,Damn Strait,"Bates, Brandon","Adam, Alex",6/1,False,Harness,tvg,https://api.tvg.com/cosmo/v1/graphql,2026-05-11T21:14:17.515128,1.0.0,Yankee Skyscaper,Twenty-One Below,Sportsmaster,4,G,"Adrian S Adam,Beecher,IL",0,6/1,7.0,7.0,OGM-10,2026-05-11T21:19:00Z,9
OGM,Oak Grove Racing,2026-05-12,10,21:19,Pace 1m,Pace,Dirt,1m,"$10,000",2,When We Dance,"Tharps, Devon","Brock, Donald",5/2,False,Harness,tvg,https://api.tvg.com/cosmo/v1/graphql,2026-05-11T21:14:17.515134,1.0.0,Dancin Yankee,Ambition,Cole Muffler,4,G,"Donald A Brock,Louisville,KY",0,5/2,3.5,3.5,OGM-10,2026-05-11T21:19:00Z,9
OGM,Oak Grove Racing,2026-05-12,10,21:19,Pace 1m,Pace,Dirt,1m,"$10,000",3,Doc's Moreau,"Jerrell, Randa","Jerrell, Randa",12/1,False,Harness,tvg,https://api.tvg.com/cosmo/v1/graphql,2026-05-11T21:14:17.515140,1.0.0,Mcwicked,Doc's Hollywood,Cams Eclipse,3,C,"Dr Andrew M. Roberts,Lexington,KY",0,12/1,13.0,13.0,OGM-10,2026-05-11T21:19:00Z,9
OGM,Oak Grove Racing,2026-05-12,10,21:19,Pace 1m,Pace,Dirt,1m,"$10,000",4,Purple Wayne,"Vandervort, Sh","Vandervort, Ro",15/1,False,Harness,tvg,https://api.tvg.com/cosmo/v1/graphql,2026-05-11T21:14:17.515145,1.0.0,Perfect Sting,Dolphins Can Talk,Camluck,3,C,"Roni M Vandervort,Columbia,KY",0,15/1,16.0,16.0,OGM-10,2026-05-11T21:19:00Z,9
OGM,Oak Grove Racing,2026-05-12,10,21:19,Pace 1m,Pace,Dirt,1m,"$10,000",5,Bet On The Jet,"Patton, Jordan","Patton, Jordan",12/1,False,Harness,tvg,https://api.tvg.com/cosmo/v1/graphql,2026-05-11T21:14:17.515151,1.0.0,Jet Airway,String Bet,Betting Line,3,F,"Christopher M Spann,Canton,MS",0,12/1,13.0,13.0,OGM-10,2026-05-11T21:19:00Z,9
OGM,Oak Grove Racing,2026-05-12,10,21:19,Pace 1m,Pace,Dirt,1m,"$10,000",6,First Colt,"Avenatti, Wyat","Cotton, Philip",10/1,False,Harness,tvg,https://api.tvg.com/cosmo/v1/graphql,2026-05-11T21:14:17.515156,1.0.0,Lazarus N,West Side Glory,Western Ideal,3,C,"Trails To Nature Inc,Cub Run,KY",0,10/1,11.0,11.0,OGM-10,2026-05-11T21:19:00Z,9
OGM,Oak Grove Racing,2026-05-12,10,21:19,Pace 1m,Pace,Dirt,1m,"$10,000",7,Rock Of All Time,"Putnam, Joey","Putnam, Joe",7/2,False,Harness,tvg,https://api.tvg.com/cosmo/v1/graphql,2026-05-11T21:14:17.515162,1.0.0,Rockin Image,Fancy Desire,Real Desire,3,G,"J P Racing, LLC,Pendleton,IN;Michae",0,7/2,4.5,4.5,OGM-10,2026-05-11T21:19:00Z,9
OGM,Oak Grove Racing,2026-05-12,10,21:19,Pace 1m,Pace,Dirt,1m,"$10,000",8,Idyllic Stranger,"Bobbitt, Gerem","Debeck, Rodney",9/2,False,Harness,tvg,https://api.tvg.com/cosmo/v1/graphql,2026-05-11T21:14:17.515168,1.0.0,Tall Dark Stranger,Always B Idyllic,Always B Miki,3,G,"Rodney L Debeck,Nicholasville,KY",0,9/2,5.5,5.5,OGM-10,2026-05-11T21:19:00Z,9
OGM,Oak Grove Racing,2026-05-12,10,21:19,Pace 1m,Pace,Dirt,1m,"$10,000",9,Smart Aleck,"Luna, Marvin","Deters, Terry",6/1,False,Harness,tvg,https://api.tvg.com/cosmo/v1/graphql,2026-05-11T21:14:17.515174,1.0.0,Summa Cum Laude,Paramelons Hanover,Dragon Again,3,G,"Rick Berks,Paris,KY;Peter R Blood,P",0,6/1,7.0,7.0,OGM-10,2026-05-11T21:19:00Z,9
OGM,Oak Grove Racing,2026-05-12,11,21:40,Trot 1m,Trot,Dirt,1m,"$14,000",1,Go Go Go Chrome,"Buford, Archie","Patton, Jamaic",3/1,False,Harness,tvg,https://api.tvg.com/cosmo/v1/graphql,2026-05-11T21:14:17.515184,1.0.0,Southwind Chrome,My Mini Snickers,Muscle Mass,3,G,"Ronald L Phillips,Athens,IL;Lyle E",0,3/1,4.0,4.0,OGM-11,2026-05-11T21:40:00Z,9
OGM,Oak Grove Racing,2026-05-12,11,21:40,Trot 1m,Trot,Dirt,1m,"$14,000",2,Panzee Party,"Tharps, Devon","Burke, Ron",9/2,False,Harness,tvg,https://api.tvg.com/cosmo/v1/graphql,2026-05-11T21:14:17.515189,1.0.0,Gimpanzee,Danielle Hall,Deweycheatumnhowe,3,F,"Burke Rcg Stb,Frdrcktwn,PA;L Karr,R",0,9/2,5.5,5.5,OGM-11,2026-05-11T21:40:00Z,9
OGM,Oak Grove Racing,2026-05-12,11,21:40,Trot 1m,Trot,Dirt,1m,"$14,000",3,Harbor Of Grace,"Putnam, Joey","Murphy, Mike",8/1,False,Harness,tvg,https://api.tvg.com/cosmo/v1/graphql,2026-05-11T21:14:17.515195,1.0.0,Googoo Gaagaa,Havree De Grace,Andover Hall,3,F,"David C Arrenholz,Trivoli,IL",0,8/1,9.0,9.0,OGM-11,2026-05-11T21:40:00Z,9
OGM,Oak Grove Racing,2026-05-12,11,21:40,Trot 1m,Trot,Dirt,1m,"$14,000",4,My Little Maverick,"Bates, Brandon","Oke, Wayne",15/1,False,Harness,tvg,https://api.tvg.com/cosmo/v1/graphql,2026-05-11T21:14:17.515200,1.0.0,Maverick,My Little Susie,Claudius Augustus,3,G,"Aimes Racing,Elma,IA;Constance I Ok",0,15/1,16.0,16.0,OGM-11,2026-05-11T21:40:00Z,9
OGM,Oak Grove Racing,2026-05-12,11,21:40,Trot 1m,Trot,Dirt,1m,"$14,000",5,Ghostbuster Sa,"Maxwell, Zyler","Cottongim, Bil",6/1,False,Harness,tvg,https://api.tvg.com/cosmo/v1/graphql,2026-05-11T21:14:17.515205,1.0.0,Walner,The Lindy Craze,Muscle Hill,4,G,"Bill Cottongim,Lebanon,KY",0,6/1,7.0,7.0,OGM-11,2026-05-11T21:40:00Z,9
OGM,Oak Grove Racing,2026-05-12,11,21:40,Trot 1m,Trot,Dirt,1m,"$14,000",6,Dg's Legacy,"Shetler, Andy","Shetler, Andy",12/1,False,Harness,tvg,https://api.tvg.com/cosmo/v1/graphql,2026-05-11T21:14:17.515210,1.0.0,Dg's Caviar,Addisons Glory,Maestro Blue Chip,4,G,"Lavern P Yoder,Goshen,IN",0,12/1,13.0,13.0,OGM-11,2026-05-11T21:40:00Z,9
OGM,Oak Grove Racing,2026-05-12,11,21:40,Trot 1m,Trot,Dirt,1m,"$14,000",7,Deuce Pop,"Jerrell, Randa","Jerrell, Randa",7/2,False,Harness,tvg,https://api.tvg.com/cosmo/v1/graphql,2026-05-11T21:14:17.515217,1.0.0,Tactical Landing,Atlantic Crest,Crest,3,C,"Randal L Jerrell,Kevil,KY;Atlantic",0,7/2,4.5,4.5,OGM-11,2026-05-11T21:40:00Z,9
OGM,Oak Grove Racing,2026-05-12,11,21:40,Trot 1m,Trot,Dirt,1m,"$14,000",8,R Perfect Goo,"Fonseca, Joser","Butenschoen, T",6/1,False,Harness,tvg,https://api.tvg.com/cosmo/v1/graphql,2026-05-11T21:14:17.515223,1.0.0,Googoo Gaagaa,Asixpakfromperfect,Windsong's Legacy,3,F,"M& L De/Armitage Farm,Wilmington,DE",0,6/1,7.0,7.0,OGM-11,2026-05-11T21:40:00Z,9
OGM,Oak Grove Racing,2026-05-12,11,21:40,Trot 1m,Trot,Dirt,1m,"$14,000",9,Tru Fortune,"Curtin, Pat","Hunt, Leroy",10/1,False,Harness,tvg,https://api.tvg.com/cosmo/v1/graphql,2026-05-11T21:14:17.515228,1.0.0,Lindy's Tru Grit,Heather Nan,Fortunefivehundred,5,M,"Milton G Greer,Jackson,TN",0,10/1,11.0,11.0,OGM-11,2026-05-11T21:40:00Z,9
OGM,Oak Grove Racing,2026-05-12,12,22:01,Pace 1m,Pace,Dirt,1m,"$11,000",1,Frozen Shark,"Bender, Atlee","Adam, Alex",4/1,False,Harness,tvg,https://api.tvg.com/cosmo/v1/graphql,2026-05-11T21:14:17.515238,1.0.0,Revenge Shark,Twenty-One Below,Sportsmaster,6,G,"Adrian S Adam,Beecher,IL",0,4/1,5.0,5.0,OGM-12,2026-05-11T22:01:00Z,9
OGM,Oak Grove Racing,2026-05-12,12,22:01,Pace 1m,Pace,Dirt,1m,"$11,000",2,Double Down Duke,"Miller, Marcus","Campbell, Don",9/2,False,Harness,tvg,https://api.tvg.com/cosmo/v1/graphql,2026-05-11T21:14:17.515243,1.0.0,Bettor's Delight,Lady Terror,Western Terror,9,G,"Ely Stable LLC,Fredericksburg,OH",0,9/2,5.5,5.5,OGM-12,2026-05-11T22:01:00Z,9
OGM,Oak Grove Racing,2026-05-12,12,22:01,Pace 1m,Pace,Dirt,1m,"$11,000",3,Fightforyourright,"Stiltner, Jame","Stiltner, Jame",3/1,False,Harness,tvg,https://api.tvg.com/cosmo/v1/graphql,2026-05-11T21:14:17.515249,1.0.0,Betting Line,Wicked N Wonderful,Captaintreacherous,5,G,"Ronald D Fairchild,Stambaugh,KY;Dr",0,3/1,4.0,4.0,OGM-12,2026-05-11T22:01:00Z,9
OGM,Oak Grove Racing,2026-05-12,12,22:01,Pace 1m,Pace,Dirt,1m,"$11,000",4,The Legend Hanover,"Denson, Jamaal","Denson, Jamaal",5/1,False,Harness,tvg,https://api.tvg.com/cosmo/v1/graphql,2026-05-11T21:14:17.515254,1.0.0,Somebeachsomewhere,Thisorthat Hanover,Sportswriter,8,G,"Aaron Chris Moore,Ashland,KY",0,5/1,6.0,6.0,OGM-12,2026-05-11T22:01:00Z,9
OGM,Oak Grove Racing,2026-05-12,12,22:01,Pace 1m,Pace,Dirt,1m,"$11,000",5,Sonic Star,"Fonseca, Joser","Best, Ronald",10/1,False,Harness,tvg,https://api.tvg.com/cosmo/v1/graphql,2026-05-11T21:14:17.515260,1.0.0,Straight Shooting,Star Palace,Bettor's Delight,6,G,"Fast Horse Winners Inc,Ft Lauderdal",0,10/1,11.0,11.0,OGM-12,2026-05-11T22:01:00Z,9
OGM,Oak Grove Racing,2026-05-12,12,22:01,Pace 1m,Pace,Dirt,1m,"$11,000",6,Artifact Hanover,"Bobbitt, Gerem","Watson, Jimmy",10/1,False,Harness,tvg,https://api.tvg.com/cosmo/v1/graphql,2026-05-11T21:14:17.515266,1.0.0,Bettor's Delight,Anadarko Hanover,The Panderosa,11,G,"Julie A Whitman,Hodgenville,KY",0,10/1,11.0,11.0,OGM-12,2026-05-11T22:01:00Z,9
OGM,Oak Grove Racing,2026-05-12,12,22:01,Pace 1m,Pace,Dirt,1m,"$11,000",7,It's A Jk,"Bates, Brandon","Kosciolek, Nik",12/1,False,Harness,tvg,https://api.tvg.com/cosmo/v1/graphql,2026-05-11T21:14:17.515272,1.0.0,Jk Endofanera,Get That Cheese,Sportsmaster,7,G,"Nikki Kosciolek,Lexington,KY",0,12/1,13.0,13.0,OGM-12,2026-05-11T22:01:00Z,9
OGM,Oak Grove Racing,2026-05-12,12,22:01,Pace 1m,Pace,Dirt,1m,"$11,000",8,Somebeachsomeday,"Shetler, Andy","Brooks, David",6/1,False,Harness,tvg,https://api.tvg.com/cosmo/v1/graphql,2026-05-11T21:14:17.515277,1.0.0,Somebeachsomewhere,Allamerican Memoir,Western Ideal,12,G,"David S & Adam Brooks,Cambridge,IL",0,6/1,7.0,7.0,OGM-12,2026-05-11T22:01:00Z,9
OGM,Oak Grove Racing,2026-05-12,12,22:01,Pace 1m,Pace,Dirt,1m,"$11,000",9,Isitlikeitlooks,"Putnam, Joey","Putnam, Joe",10/1,False,Harness,tvg,https://api.tvg.com/cosmo/v1/graphql,2026-05-11T21:14:17.515283,1.0.0,Tellitlikeitis,Miss Liz,Bettor's Delight,10,G,"J P Racing, LLC,Pendleton,IN;Joseph",0,10/1,11.0,11.0,OGM-12,2026-05-11T22:01:00Z,9
OGM,Oak Grove Racing,2026-05-12,13,22:22,Trot 1m,Trot,Dirt,1m,"$10,000",1,Dg's Caviar,"Shetler, Andy","Shetler, Andy",8/1,False,Harness,tvg,https://api.tvg.com/cosmo/v1/graphql,2026-05-11T21:14:17.515293,1.0.0,Prime Time Caviar,Dazzling Kosmos,Royal Troubador,10,H,"Andy R Shetler,Harrodsburg,KY",0,8/1,9.0,9.0,OGM-13,2026-05-11T22:22:00Z,8
OGM,Oak Grove Racing,2026-05-12,13,22:22,Trot 1m,Trot,Dirt,1m,"$10,000",2,Matthews,"Miller, Marcus","Vandervort, Ro",5/2,False,Harness,tvg,https://api.tvg.com/cosmo/v1/graphql,2026-05-11T21:14:17.515298,1.0.0,Father Patrick,Hustle Heart,Credit Winner,4,G,"Roni M Vandervort,Columbia,KY",0,5/2,3.5,3.5,OGM-13,2026-05-11T22:22:00Z,8
OGM,Oak Grove Racing,2026-05-12,13,22:22,Trot 1m,Trot,Dirt,1m,"$10,000",3,Spanish Room,"Curtin, Pat","Best, Ronald",4/1,False,Harness,tvg,https://api.tvg.com/cosmo/v1/graphql,2026-05-11T21:14:17.515304,1.0.0,Cantab Hall,Massima,Muscle Mass,5,G,"Terry A Montgomery,Mt Sterling,KY",0,4/1,5.0,5.0,OGM-13,2026-05-11T22:22:00Z,8
OGM,Oak Grove Racing,2026-05-12,13,22:22,Trot 1m,Trot,Dirt,1m,"$10,000",4,Jog On Col,"Putnam, Joey","Foley, Peter",5/1,True,Harness,tvg,https://api.tvg.com/cosmo/v1/graphql,2026-05-11T21:14:17.515309,1.0.0,Marseille,Cavier N Chardoney,Sj's Caviar,4,G,"Lynne M Foley,Salvisa,KY",0,5/1,6.0,6.0,OGM-13,2026-05-11T22:22:00Z,8
OGM,Oak Grove Racing,2026-05-12,13,22:22,Trot 1m,Trot,Dirt,1m,"$10,000",5,Dj Dan,"Maxwell, Zyler","Yoder, Elmer",8/1,False,Harness,tvg,https://api.tvg.com/cosmo/v1/graphql,2026-05-11T21:14:17.515315,1.0.0,Swan For All,Persuasive Look,Powerful Emotion,7,G,"Don C Campbell,Brentwood,TN",0,8/1,9.0,9.0,OGM-13,2026-05-11T22:22:00Z,8
OGM,Oak Grove Racing,2026-05-12,13,22:22,Trot 1m,Trot,Dirt,1m,"$10,000",6,Lous Mandalorian,"Avenatti, Wyat","Brown, Jill",12/1,False,Harness,tvg,https://api.tvg.com/cosmo/v1/graphql,2026-05-11T21:14:17.515321,1.0.0,Lou's Legacy,Snarky Lane,Uncle Peter,5,H,"Flacco Family Farms LLC,Alexis,IL",0,12/1,13.0,13.0,OGM-13,2026-05-11T22:22:00Z,8
OGM,Oak Grove Racing,2026-05-12,13,22:22,Trot 1m,Trot,Dirt,1m,"$10,000",7,Perlucky,"Bender, Atlee","Eaton, James",3/1,False,Harness,tvg,https://api.tvg.com/cosmo/v1/graphql,2026-05-11T21:14:17.515326,1.0.0,Lucky Chucky,Paper Girl,Donato Hanover,11,G,"Robert Silberberg,Farmington Hills,",0,3/1,4.0,4.0,OGM-13,2026-05-11T22:22:00Z,8
OGM,Oak Grove Racing,2026-05-12,13,22:22,Trot 1m,Trot,Dirt,1m,"$10,000",8,Caviart Grady,"Tharps, Devon","Lindsey, Richa",15/1,False,Harness,tvg,https://api.tvg.com/cosmo/v1/graphql,2026-05-11T21:14:17.515331,1.0.0,Cantab Hall,Gossip Hanover,Muscle Hill,5,G,"Gem Racing LLC,Owensboro,KY;Gilbert",0,15/1,16.0,16.0,OGM-13,2026-05-11T22:22:00Z,8
OGM,Oak Grove Racing,2026-05-12,14,22:43,Pace 1m,Pace,Dirt,1m,"$11,000",1,Clairedelou,"Tharps, Devon","Hughes, John",5/2,False,Harness,tvg,https://api.tvg.com/cosmo/v1/graphql,2026-05-11T21:14:17.515343,1.0.0,Sweet Lou,Claireabell,Jereme's Jet,5,M,"Hollis A Kendrick,Terry,MS",0,5/2,3.5,3.5,OGM-14,2026-05-11T22:43:00Z,8
OGM,Oak Grove Racing,2026-05-12,14,22:43,Pace 1m,Pace,Dirt,1m,"$11,000",2,Playonplayer,"Buford, Archie","Arthur, Charle",6/1,False,Harness,tvg,https://api.tvg.com/cosmo/v1/graphql,2026-05-11T21:14:17.515349,1.0.0,Dancin Yankee,Play For Keeps,Manhardt,4,M,"Karla C Santos,Springfield,IL",0,6/1,7.0,7.0,OGM-14,2026-05-11T22:43:00Z,8
OGM,Oak Grove Racing,2026-05-12,14,22:43,Pace 1m,Pace,Dirt,1m,"$11,000",3,River Girl,"Bates, Brandon","Halford, Steph",6/1,False,Harness,tvg,https://api.tvg.com/cosmo/v1/graphql,2026-05-11T21:14:17.515354,1.0.0,Stevensville,Monogamous,Always A Virgin,4,M,"Stephan L Halford II,Pleasant Plain",0,6/1,7.0,7.0,OGM-14,2026-05-11T22:43:00Z,8
OGM,Oak Grove Racing,2026-05-12,14,22:43,Pace 1m,Pace,Dirt,1m,"$11,000",4,Fearless Shelia,"Putnam, Joey","Best, Ronald",9/2,False,Harness,tvg,https://api.tvg.com/cosmo/v1/graphql,2026-05-11T21:14:17.515360,1.0.0,Fear The Dragon,Shell I Attack,On The Attack,7,M,"Fast Horse Winners Inc,Ft Lauderdal",0,9/2,5.5,5.5,OGM-14,2026-05-11T22:43:00Z,8
OGM,Oak Grove Racing,2026-05-12,14,22:43,Pace 1m,Pace,Dirt,1m,"$11,000",5,Sour Grapes,"Knox, Phillip","Knox, Phillip",12/1,False,Harness,tvg,https://api.tvg.com/cosmo/v1/graphql,2026-05-11T21:14:17.515365,1.0.0,Revenge Shark,Fox Valley Tyra,Sportsmaster,5,M,"Julie Collins,Bullhead City,AZ",0,12/1,13.0,13.0,OGM-14,2026-05-11T22:43:00Z,8
OGM,Oak Grove Racing,2026-05-12,14,22:43,Pace 1m,Pace,Dirt,1m,"$11,000",6,Tellit Quick,"Avenatti, Wyat","Hanna, Ray",8/1,False,Harness,tvg,https://api.tvg.com/cosmo/v1/graphql,2026-05-11T21:14:17.515373,1.0.0,Tellitlikeitis,Mystical Lauren,Cole Muffler,6,M,"Lyle Jack Lacey,Exeter,MO",0,8/1,9.0,9.0,OGM-14,2026-05-11T22:43:00Z,8
OGM,Oak Grove Racing,2026-05-12,14,22:43,Pace 1m,Pace,Dirt,1m,"$11,000",7,Little Bit Tuff,"Bender, Atlee","Whitton, Cassi",3/1,False,Harness,tvg,https://api.tvg.com/cosmo/v1/graphql,2026-05-11T21:14:17.515378,1.0.0,Bit Of A Legend N,My Best Girl,Cambest,5,M,"Cassidy Dawn Whitton,Martinsville,I",0,3/1,4.0,4.0,OGM-14,2026-05-11T22:43:00Z,8
OGM,Oak Grove Racing,2026-05-12,14,22:43,Pace 1m,Pace,Dirt,1m,"$11,000",8,Yippie Hanover,"Miller, Marcus","Watson, Jimmy",12/1,False,Harness,tvg,https://api.tvg.com/cosmo/v1/graphql,2026-05-11T21:14:17.515383,1.0.0,Betting Line,Yankee Lover,Art Major,6,M,"Kendyll S Dixon,Brandon,MS",0,12/1,13.0,13.0,OGM-14,2026-05-11T22:43:00Z,8
PRC,Plainridge,2026-05-12,1,20:03,Pace 1m,Pace,Dirt,1m,"$14,000",1,Ry's Red Rocket,"Ranger, Bruce","Richards, Dona",5/1,False,Harness,tvg,https://api.tvg.com/cosmo/v1/graphql,2026-05-11T21:14:17.534125,1.0.0,Sunshine Beach,Mo Molly Blue Chip,Rock N Roll Heaven,9,M,"Donald J Richards,Yarmouth,ME",0,7/1,8.0,6.0,PRC-1,2026-05-11T20:03:41Z,6
PRC,Plainridge,2026-05-12,1,20:03,Pace 1m,Pace,Dirt,1m,"$14,000",2,Schnapps,"Stratton, Cory","Stratton, Cory",6/1,False,Harness,tvg,https://api.tvg.com/cosmo/v1/graphql,2026-05-11T21:14:17.534174,1.0.0,Sweet Lou,Peachy,Western Terror,5,M,"Caldwell Mamie Racing LLC,Bellaire,",0,7/1,8.0,7.0,PRC-1,2026-05-11T20:03:41Z,6
PRC,Plainridge,2026-05-12,1,20:03,Pace 1m,Pace,Dirt,1m,"$14,000",3,Beantown Ace,"Graffam, Nicho","Graffam, Micha",7/2,False,Harness,tvg,https://api.tvg.com/cosmo/v1/graphql,2026-05-11T21:14:17.534195,1.0.0,Captain Crunch,Ace Of Pace,Cam's Card Shark,5,M,"Michael Goldberg Racingllc,Scituate",0,4/1,5.0,4.5,PRC-1,2026-05-11T20:03:41Z,6
PRC,Plainridge,2026-05-12,1,20:03,Pace 1m,Pace,Dirt,1m,"$14,000",4,One Eyed Delilah,"Randall, Jay","Niles, Derryl",3/1,False,Harness,tvg,https://api.tvg.com/cosmo/v1/graphql,2026-05-11T21:14:17.534216,1.0.0,Bettor's Wish,Dreaming Aliina,Rocknroll Hanover,4,M,"George P Fenno III,Bell,FL;Derryl E",0,5/1,6.0,4.0,PRC-1,2026-05-11T20:03:41Z,6
PRC,Plainridge,2026-05-12,1,20:03,Pace 1m,Pace,Dirt,1m,"$14,000",5,Waitforever N,"Athearn, Matth","Beckwith, Meli",2/1,False,Harness,tvg,https://api.tvg.com/cosmo/v1/graphql,2026-05-11T21:14:17.534234,1.0.0,American Ideal,Waitfornoone,Albert Albert,9,M,"Howard S Jacobs,West Orange,NJ",0,3/5,1.6,3.0,PRC-1,2026-05-11T20:03:41Z,6
PRC,Plainridge,2026-05-12,1,20:03,Pace 1m,Pace,Dirt,1m,"$14,000",6,Windydayatthebeach,"Switzer, Kevin","Bickmore, Rand",5/1,False,Harness,tvg,https://api.tvg.com/cosmo/v1/graphql,2026-05-11T21:14:17.534251,1.0.0,Downbytheseaside,Sapphire Breeze,Well Said,6,M,"Kevin N Gee,Clearwater,FL;Robert W",0,20/1,21.0,6.0,PRC-1,2026-05-11T20:03:41Z,6
PRC,Plainridge,2026-05-12,2,20:23,Trot 1m,Trot,Dirt,1m,"$10,000",1,Peach Cocktail,"Athearn, Matth","Athearn, Gretc",3/1,False,Harness,tvg,https://api.tvg.com/cosmo/v1/graphql,2026-05-11T21:14:17.534324,1.0.0,Tactical Landing,Crystalline,Chapter Seven,4,M,"Raymond W J Campbell Jr,Belchertown",0,5/1,6.0,4.0,PRC-2,2026-05-11T20:23:43Z,7
PRC,Plainridge,2026-05-12,2,20:23,Trot 1m,Trot,Dirt,1m,"$10,000",2,Captain Suzuki,"Monti, Drew","D'amelio, Ralp",9/1,False,Harness,tvg,https://api.tvg.com/cosmo/v1/graphql,2026-05-11T21:14:17.534363,1.0.0,Muscle Mass,Lillian Mae,Kadabra,4,G,"William H Phipps,Yarmouth,ME",0,18/1,19.0,10.0,PRC-2,2026-05-11T20:23:43Z,7
PRC,Plainridge,2026-05-12,2,20:23,Trot 1m,Trot,Dirt,1m,"$10,000",3,Help Dust,"Cushing, Mitch","Segel, Barry",8/1,False,Harness,tvg,https://api.tvg.com/cosmo/v1/graphql,2026-05-11T21:14:17.534382,1.0.0,Helpisontheway,Dandelion Dust,Ken Warkentin,6,G,"Nicholas B Segel,Longwood,FL;Claude",0,15/1,16.0,9.0,PRC-2,2026-05-11T20:23:43Z,7
PRC,Plainridge,2026-05-12,2,20:23,Trot 1m,Trot,Dirt,1m,"$10,000",4,You Dont Own Me,"Switzer, Kevin","Nickerson, Jim",8/5,False,Harness,tvg,https://api.tvg.com/cosmo/v1/graphql,2026-05-11T21:14:17.534398,1.0.0,Father Patrick,Fellowship Of Two,Trixton,4,G,"Bradford A Veilleux,Sabattus,ME;Mic",0,1/2,1.5,2.6,PRC-2,2026-05-11T20:23:43Z,7
PRC,Plainridge,2026-05-12,2,20:23,Trot 1m,Trot,Dirt,1m,"$10,000",5,Resolved,"Ranger, Bruce","Harmon, Rob",4/1,False,Harness,tvg,https://api.tvg.com/cosmo/v1/graphql,2026-05-11T21:14:17.534414,1.0.0,Resolve,Miss Adam T,Adam T,4,M,"Capital Racing LLC,Boca Raton,FL",0,5/1,6.0,5.0,PRC-2,2026-05-11T20:23:43Z,7
PRC,Plainridge,2026-05-12,2,20:23,Trot 1m,Trot,Dirt,1m,"$10,000",6,Cousin Van,"Cushing, Ron","Krikorian, K W",20/1,False,Harness,tvg,https://api.tvg.com/cosmo/v1/graphql,2026-05-11T21:14:17.534429,1.0.0,Uncle Peter,Contender Hanover,Donerail,5,G,"Vartan M Krikorian,Royalston,MA",0,21/1,22.0,21.0,PRC-2,2026-05-11T20:23:43Z,7
PRC,Plainridge,2026-05-12,2,20:23,Trot 1m,Trot,Dirt,1m,"$10,000",7,He Hunts,"Hardy, James","Andrews, Jolen",7/1,False,Harness,tvg,https://api.tvg.com/cosmo/v1/graphql,2026-05-11T21:14:17.534444,1.0.0,Muscle Hill,Winter Sweet Frost,Kadabra,4,G,"Arthur Blutstein,Methuen,MA",0,6/1,7.0,8.0,PRC-2,2026-05-11T20:23:43Z,7
PRC,Plainridge,2026-05-12,3,20:42,Pace 1m,Pace,Dirt,1m,"$10,000",1,Waves,"Switzer, Kevin","Tuccillo, Dani",3/1,False,Harness,tvg,https://api.tvg.com/cosmo/v1/graphql,2026-05-11T21:14:17.534490,1.0.0,Somebeachsomewhere,Elizabeth Spencer,Western Ideal,12,G,"Daniel R Tuccillo Jr,Prospect,CT",0,3/1,4.0,4.0,PRC-3,2026-05-11T20:42:32Z,8
PRC,Plainridge,2026-05-12,3,20:42,Pace 1m,Pace,Dirt,1m,"$10,000",2,Third Power,"Irvine, Brad","Gerow, Kate",25/1,False,Harness,tvg,https://api.tvg.com/cosmo/v1/graphql,2026-05-11T21:14:17.534508,1.0.0,American Ideal,Secret Bet,Bettor's Delight,7,G,"Katelyn R Gerow,Spencer,MA;Michael",0,15/1,16.0,26.0,PRC-3,2026-05-11T20:42:32Z,8
PRC,Plainridge,2026-05-12,3,20:42,Pace 1m,Pace,Dirt,1m,"$10,000",3,Celtic Tiger,"Athearn, Matth","Berry, Ryan",5/2,False,Harness,tvg,https://api.tvg.com/cosmo/v1/graphql,2026-05-11T21:14:17.534523,1.0.0,Luck Be Withyou,Riverdancer,Red River Hanover,5,G,"Ryan C Berry,Oxford,ME",0,7/5,2.4,3.5,PRC-3,2026-05-11T20:42:32Z,8
PRC,Plainridge,2026-05-12,3,20:42,Pace 1m,Pace,Dirt,1m,"$10,000",4,Lone Survivor,"Cushing, Mitch","Smith, J Carl",9/2,False,Harness,tvg,https://api.tvg.com/cosmo/v1/graphql,2026-05-11T21:14:17.534538,1.0.0,Art Major,Wenditions,Rocknroll Hanover,14,G,"James Carl Smith,Haverhill,MA",0,8/1,9.0,5.5,PRC-3,2026-05-11T20:42:32Z,8
PRC,Plainridge,2026-05-12,3,20:42,Pace 1m,Pace,Dirt,1m,"$10,000",5,Crimson Pine,"Graffam, Nicho","Graffam, Micha",6/1,False,Harness,tvg,https://api.tvg.com/cosmo/v1/graphql,2026-05-11T21:14:17.534556,1.0.0,So Surreal,Briar Creeks Angel,Towner's Big Guy,5,G,"Michael S Graffam,Falmouth,ME;Ivory",0,5/1,6.0,7.0,PRC-3,2026-05-11T20:42:32Z,8
PRC,Plainridge,2026-05-12,3,20:42,Pace 1m,Pace,Dirt,1m,"$10,000",6,Ship Ship Hooray,"Hardy, James","Di Stefano, Jo",7/1,False,Harness,tvg,https://api.tvg.com/cosmo/v1/graphql,2026-05-11T21:14:17.534572,1.0.0,Captaintreacherous,Scandalous Hanover,Dragon Again,6,G,"Di Stefano& Son Stable,Greenfield,M",0,6/1,7.0,8.0,PRC-3,2026-05-11T20:42:32Z,8
PRC,Plainridge,2026-05-12,3,20:42,Pace 1m,Pace,Dirt,1m,"$10,000",7,Quick Shot,"Ranger, Bruce","Brewer, Kathle",6/1,False,Harness,tvg,https://api.tvg.com/cosmo/v1/graphql,2026-05-11T21:14:17.534586,1.0.0,Art Major,Cannae Cindy,Bettor's Delight,14,G,"Kathleen B Brewer,Newburyport,MA",0,16/1,17.0,7.0,PRC-3,2026-05-11T20:42:32Z,8
PRC,Plainridge,2026-05-12,3,20:42,Pace 1m,Pace,Dirt,1m,"$10,000",8,Beach Watch,"Monti, Drew","Kirker, Nathan",15/1,False,Harness,tvg,https://api.tvg.com/cosmo/v1/graphql,2026-05-11T21:14:17.534614,1.0.0,Western Terror,Hawaiian Beachlady,Jenna's Beach Boy,11,G,"Robert H Ferreira,Cohasset,MA",0,13/1,14.0,16.0,PRC-3,2026-05-11T20:42:32Z,8
PRC,Plainridge,2026-05-12,4,21:01,Pace 1m,Pace,Dirt,1m,"$11,000",1,Isaac,"Monti, Drew","Crawford, Mich",8/1,False,Harness,tvg,https://api.tvg.com/cosmo/v1/graphql,2026-05-11T21:14:17.534648,1.0.0,American Ideal,Ritascape,Artiscape,8,G,"Amy L Cable,Vernon Center,NY",0,15/1,16.0,9.0,PRC-4,2026-05-11T21:01:32Z,8
PRC,Plainridge,2026-05-12,4,21:01,Pace 1m,Pace,Dirt,1m,"$11,000",2,Missed The Truth A,"Cushing, Ron","Cushing, Heidi",7/2,False,Harness,tvg,https://api.tvg.com/cosmo/v1/graphql,2026-05-11T21:14:17.534663,1.0.0,Somebeachsomewhere,Lies,Total Truth,8,G,"Ronald L Cushing,Waterville,ME;Kevi",0,4/5,1.8,4.5,PRC-4,2026-05-11T21:01:32Z,8
PRC,Plainridge,2026-05-12,4,21:01,Pace 1m,Pace,Dirt,1m,"$11,000",3,Dance Monkey,"Cushing, Mitch","Eaton, Julia",4/1,False,Harness,tvg,https://api.tvg.com/cosmo/v1/graphql,2026-05-11T21:14:17.534676,1.0.0,Sportswriter,Allamerican Damsel,Western Ideal,7,G,"Bruce E Weinstein,Needham,MA;Richar",0,7/2,4.5,5.0,PRC-4,2026-05-11T21:01:32Z,8
PRC,Plainridge,2026-05-12,4,21:01,Pace 1m,Pace,Dirt,1m,"$11,000",4,Longview Lad N,"Switzer, Kevin","Bickmore, Rand",5/1,False,Harness,tvg,https://api.tvg.com/cosmo/v1/graphql,2026-05-11T21:14:17.534690,1.0.0,Bettor's Delight,Hannah Jaye,Dream Away,7,G,"Kevin N Gee,Clearwater,FL;Robert W",0,20/1,21.0,6.0,PRC-4,2026-05-11T21:01:32Z,8
PRC,Plainridge,2026-05-12,4,21:01,Pace 1m,Pace,Dirt,1m,"$11,000",5,Kill A Dragon,"Hardy, James","Di Stefano, Jo",2/1,False,Harness,tvg,https://api.tvg.com/cosmo/v1/graphql,2026-05-11T21:14:17.534705,1.0.0,Custard The Dragon,Kill A Rockingbird,Rocknroll Hanover,7,G,"Di Stefano& Son Stable,Greenfield,M",0,9/5,2.8,3.0,PRC-4,2026-05-11T21:01:32Z,8
PRC,Plainridge,2026-05-12,4,21:01,Pace 1m,Pace,Dirt,1m,"$11,000",6,Frank Deford,"Athearn, Matth","Gerow, Kate",20/1,False,Harness,tvg,https://api.tvg.com/cosmo/v1/graphql,2026-05-11T21:14:17.534719,1.0.0,Sportswriter,Hot Legs,Rocknroll Hanover,8,G,"Irving S Bluestein,Dedham,MA",0,82/1,83.0,21.0,PRC-4,2026-05-11T21:01:32Z,8
PRC,Plainridge,2026-05-12,4,21:01,Pace 1m,Pace,Dirt,1m,"$11,000",7,Concealed,"Ranger, Bruce","Brewer, Conor",8/1,False,Harness,tvg,https://api.tvg.com/cosmo/v1/graphql,2026-05-11T21:14:17.534736,1.0.0,Captaintreacherous,Unseen,Bettor's Delight,5,G,"Arthur W Brewer II,Newburyport,MA",0,43/1,44.0,9.0,PRC-4,2026-05-11T21:01:32Z,8
PRC,Plainridge,2026-05-12,4,21:01,Pace 1m,Pace,Dirt,1m,"$11,000",8,Outspoken Man,"Stevenson, Mic","D'amelio, Ralp",25/1,False,Harness,tvg,https://api.tvg.com/cosmo/v1/graphql,2026-05-11T21:14:17.534750,1.0.0,Well Said,Lady Sometimes,Armbro Mackintosh,9,G,"Jason A Vafiades,Freeport,ME",0,99/1,100.0,26.0,PRC-4,2026-05-11T21:01:32Z,8
PRC,Plainridge,2026-05-12,5,21:17,Pace 1m,Pace,Dirt,1m,"$12,000",1,Noted A,"Randall, Jay","Gerow, Kate",4/1,False,Harness,tvg,https://api.tvg.com/cosmo/v1/graphql,2026-05-11T21:14:17.534777,1.0.0,Mach Three,Leilani Lombo,Million To One,8,G,"Katelyn R Gerow,Spencer,MA;Irving S",0,3/1,4.0,5.0,PRC-5,2026-05-11T21:17:00Z,7
PRC,Plainridge,2026-05-12,5,21:17,Pace 1m,Pace,Dirt,1m,"$12,000",2,Cut N Run N,"Stratton, Cory","Stratton, Cory",9/1,False,Harness,tvg,https://api.tvg.com/cosmo/v1/graphql,2026-05-11T21:14:17.534790,1.0.0,Bettor's Delight,Idolise,American Ideal,8,G,"Caldwell Mamie Racing LLC,Bellaire,",0,12/1,13.0,10.0,PRC-5,2026-05-11T21:17:00Z,7
PRC,Plainridge,2026-05-12,5,21:17,Pace 1m,Pace,Dirt,1m,"$12,000",3,Anvil Hands,"Hardy, James","Andrews, Jolen",3/1,False,Harness,tvg,https://api.tvg.com/cosmo/v1/graphql,2026-05-11T21:14:17.534803,1.0.0,Always B Miki,Cams Macharena,Mach Three,7,G,"D & C Thibault,N Attleboro,MA;J E H",0,2/1,3.0,4.0,PRC-5,2026-05-11T21:17:00Z,7
PRC,Plainridge,2026-05-12,5,21:17,Pace 1m,Pace,Dirt,1m,"$12,000",4,Seafood Togo,"Graffam, Nicho","Vamvilis, Nich",7/1,True,Harness,tvg,https://api.tvg.com/cosmo/v1/graphql,2026-05-11T21:14:17.534816,1.0.0,Huntsville,Seafood Missy,American Ideal,6,G,"Seafood Delight Stable,East Windsor",0,7/1,8.0,8.0,PRC-5,2026-05-11T21:17:00Z,7
PRC,Plainridge,2026-05-12,5,21:17,Pace 1m,Pace,Dirt,1m,"$12,000",5,Quentin Quarantino,"Monti, Drew","Crochere, Davi",9/2,False,Harness,tvg,https://api.tvg.com/cosmo/v1/graphql,2026-05-11T21:14:17.534830,1.0.0,Bettor's Delight,Lady Crazy,Santanna Blue Chip,5,G,"Mona J Dodd,Yarmouth,ME",0,5/2,3.5,5.5,PRC-5,2026-05-11T21:17:00Z,7
PRC,Plainridge,2026-05-12,5,21:17,Pace 1m,Pace,Dirt,1m,"$12,000",6,Sporty M Three,"Switzer, Kevin","Mancini, Micha",7/2,False,Harness,tvg,https://api.tvg.com/cosmo/v1/graphql,2026-05-11T21:14:17.534843,1.0.0,Sportswriter,Shadys M Three,Mach Three,7,G,"Winters Racing Stable,Foxboro,MA",0,5/2,3.5,4.5,PRC-5,2026-05-11T21:17:00Z,7
PRC,Plainridge,2026-05-12,5,21:17,Pace 1m,Pace,Dirt,1m,"$12,000",7,Hespoisedtopounce A,"Athearn, Matth","Nickerson, Jim",7/1,False,Harness,tvg,https://api.tvg.com/cosmo/v1/graphql,2026-05-11T21:14:17.534858,1.0.0,Bettor's Delight,Perfectly Poised,Art Major,10,G,"Timothy L Bojarski,Akron,NY;Anthony",0,23/1,24.0,8.0,PRC-5,2026-05-11T21:17:00Z,7
PRC,Plainridge,2026-05-12,6,21:40,Pace 1m,Pace,Dirt,1m,"$12,000",1,Meadowbrook Flash,"Switzer, Kevin","Bouthillier, C",3/1,False,Harness,tvg,https://api.tvg.com/cosmo/v1/graphql,2026-05-11T21:14:17.534885,1.0.0,Real Desire,Yankee Icon,Artsplace,10,G,"Marc J Bouthillier,Northborough,MA",0,3/1,4.0,4.0,PRC-6,2026-05-11T21:40:00Z,9
PRC,Plainridge,2026-05-12,6,21:40,Pace 1m,Pace,Dirt,1m,"$12,000",2,Whata Foolbelieves,"Athearn, Matth","Athearn, Gretc",8/1,False,Harness,tvg,https://api.tvg.com/cosmo/v1/graphql,2026-05-11T21:14:17.534899,1.0.0,Betterthancheddar,J M Solitaire,Shadow Play,9,G,"Gretchen R Athearn,Cumberland,ME",0,8/1,9.0,9.0,PRC-6,2026-05-11T21:40:00Z,9
PRC,Plainridge,2026-05-12,6,21:40,Pace 1m,Pace,Dirt,1m,"$12,000",3,Colt Bennett,"Graffam, Nicho","Longobardi, Na",7/1,False,Harness,tvg,https://api.tvg.com/cosmo/v1/graphql,2026-05-11T21:14:17.534912,1.0.0,Rock N' Roll World,Unbeachable,Jenna's Beach Boy,6,G,"Nancy J Longobardi,Norfolk,MA",0,7/1,8.0,8.0,PRC-6,2026-05-11T21:40:00Z,9
PRC,Plainridge,2026-05-12,6,21:40,Pace 1m,Pace,Dirt,1m,"$12,000",4,Hey Jude Hanover,"Ranger, Bruce","Brewer, Kathle",5/1,False,Harness,tvg,https://api.tvg.com/cosmo/v1/graphql,2026-05-11T21:14:17.534924,1.0.0,Betting Line,Hit The Curb,Art Major,5,G,"Kathleen B Brewer,Newburyport,MA;Pa",0,5/1,6.0,6.0,PRC-6,2026-05-11T21:40:00Z,9
PRC,Plainridge,2026-05-12,6,21:40,Pace 1m,Pace,Dirt,1m,"$12,000",5,My Boy Elroy,"Stevenson, Mic","D'amelio, Ralp",7/1,False,Harness,tvg,https://api.tvg.com/cosmo/v1/graphql,2026-05-11T21:14:17.534937,1.0.0,In The Arsenal,Docdor Valentia,Western Hanover,5,G,"W G Fisher,W Newfield,ME;R Paul D'A",0,7/1,8.0,8.0,PRC-6,2026-05-11T21:40:00Z,9
PRC,Plainridge,2026-05-12,6,21:40,Pace 1m,Pace,Dirt,1m,"$12,000",6,Cautious Clay,"Monti, Drew","Crawford, Mich",8/1,False,Harness,tvg,https://api.tvg.com/cosmo/v1/graphql,2026-05-11T21:14:17.534950,1.0.0,Bolt The Duer,Delightful Dancer,Bettor's Delight,5,G,"Dragon Tales Farm Inc,Burnt Hills,N",0,8/1,9.0,9.0,PRC-6,2026-05-11T21:40:00Z,9
PRC,Plainridge,2026-05-12,6,21:40,Pace 1m,Pace,Dirt,1m,"$12,000",7,Jimble Kimble,"Randall, Jay","Berry, Ryan",30/1,False,Harness,tvg,https://api.tvg.com/cosmo/v1/graphql,2026-05-11T21:14:17.534962,1.0.0,Huntsville,Thumbprint,Art Major,6,G,"Ryan C Berry,Oxford,ME",0,30/1,31.0,31.0,PRC-6,2026-05-11T21:40:00Z,9
PRC,Plainridge,2026-05-12,6,21:40,Pace 1m,Pace,Dirt,1m,"$12,000",8,Bang Ah Uey,"Hardy, James","Andrews, Jolen",7/2,False,Harness,tvg,https://api.tvg.com/cosmo/v1/graphql,2026-05-11T21:14:17.534975,1.0.0,Western Maverick,Caila Fra,Artsplace,5,G,"David Thibault,N Attleboro,MA;James",0,7/2,4.5,4.5,PRC-6,2026-05-11T21:40:00Z,9
PRC,Plainridge,2026-05-12,6,21:40,Pace 1m,Pace,Dirt,1m,"$12,000",9,Rockinbilly'sdream,"Stratton, Cory","Stratton, Cory",7/1,False,Harness,tvg,https://api.tvg.com/cosmo/v1/graphql,2026-05-11T21:14:17.534987,1.0.0,A Rocknroll Dance,Fox Valley Aubry,Yankee Skyscaper,6,G,"Howard S Jacobs,West Orange,NJ",0,7/1,8.0,8.0,PRC-6,2026-05-11T21:40:00Z,9
PRC,Plainridge,2026-05-12,7,22:00,Pace 1m,Pace,Dirt,1m,"$25,000",1,Custard Dolce,"Monti, Drew","Greene, Jackie",6/1,False,Harness,tvg,https://api.tvg.com/cosmo/v1/graphql,2026-05-11T21:14:17.535011,1.0.0,Custard The Dragon,Blue Star West,As Promised,4,M,"Kellogg Racing Stables LLC,Queensbu",0,6/1,7.0,7.0,PRC-7,2026-05-11T22:00:00Z,7
PRC,Plainridge,2026-05-12,7,22:00,Pace 1m,Pace,Dirt,1m,"$25,000",2,Seaside Tina,"Graffam, Nicho","Eaton, Mark",7/1,False,Harness,tvg,https://api.tvg.com/cosmo/v1/graphql,2026-05-11T21:14:17.535023,1.0.0,Downbytheseaside,Posey Tina,Camluck,6,M,"Mark W Eaton,Mendon,MA;Robert J Gri",0,7/1,8.0,8.0,PRC-7,2026-05-11T22:00:00Z,7
PRC,Plainridge,2026-05-12,7,22:00,Pace 1m,Pace,Dirt,1m,"$25,000",3,Intothemysticmoon,"Switzer, Kevin","Nelson, Joseph",4/1,False,Harness,tvg,https://api.tvg.com/cosmo/v1/graphql,2026-05-11T21:14:17.535041,1.0.0,Artspeak,Mystical Moon,Mach Three,7,M,"Burke Rcg Stb,Frdrcktwn,PA;Weaver B",0,4/1,5.0,5.0,PRC-7,2026-05-11T22:00:00Z,7
PRC,Plainridge,2026-05-12,7,22:00,Pace 1m,Pace,Dirt,1m,"$25,000",4,Ambushed,"Stratton, Cory","Stratton, Cory",5/1,False,Harness,tvg,https://api.tvg.com/cosmo/v1/graphql,2026-05-11T21:14:17.535055,1.0.0,Always B Miki,Sweet Body,Sweet Lou,6,M,"Caldwell Mamie Racing LLC,Bellaire,",0,5/1,6.0,6.0,PRC-7,2026-05-11T22:00:00Z,7
PRC,Plainridge,2026-05-12,7,22:00,Pace 1m,Pace,Dirt,1m,"$25,000",5,Swedish Starlet N,"Athearn, Matth","Nickerson, Jim",4/1,False,Harness,tvg,https://api.tvg.com/cosmo/v1/graphql,2026-05-11T21:14:17.535068,1.0.0,Mach Three,Top Of The Pile,Live Or Die,9,M,"Timothy L Bojarski,Akron,NY;Anthony",0,4/1,5.0,5.0,PRC-7,2026-05-11T22:00:00Z,7
PRC,Plainridge,2026-05-12,7,22:00,Pace 1m,Pace,Dirt,1m,"$25,000",6,Wunderkindbluechip,"Cushing, Mitch","Cushing, Mitch",7/2,False,Harness,tvg,https://api.tvg.com/cosmo/v1/graphql,2026-05-11T21:14:17.535081,1.0.0,Jk Endofanera,Seen At Rio Deo,Somebeachsomewhere,4,M,"Ray Lasky,Mechanicville,NY;Mitchell",0,7/2,4.5,4.5,PRC-7,2026-05-11T22:00:00Z,7
PRC,Plainridge,2026-05-12,7,22:00,Pace 1m,Pace,Dirt,1m,"$25,000",7,Sweet Hayley Jane A,"Cushing, Ron","Cushing, Heidi",4/1,False,Harness,tvg,https://api.tvg.com/cosmo/v1/graphql,2026-05-11T21:14:17.535093,1.0.0,Sweet Lou,Tacthayleysdelight,Bettor's Delight,6,M,"Ronald L Cushing,Waterville,ME;Kevi",0,4/1,5.0,5.0,PRC-7,2026-05-11T22:00:00Z,7
PRC,Plainridge,2026-05-12,8,22:20,Pace 1m,Pace,Dirt,1m,"$11,000",1,Perfect High,"Graffam, Nicho","Gardner, Andy",9/2,False,Harness,tvg,https://api.tvg.com/cosmo/v1/graphql,2026-05-11T21:14:17.535120,1.0.0,Nob Hill High,Perfect M Forever,Stand Forever,6,G,"Scott Miller,Massena,NY",0,9/2,5.5,5.5,PRC-8,2026-05-11T22:20:00Z,8
PRC,Plainridge,2026-05-12,8,22:20,Pace 1m,Pace,Dirt,1m,"$11,000",2,Sixfingerfreddie,"Athearn, Matth","Bickmore, Rand",8/1,False,Harness,tvg,https://api.tvg.com/cosmo/v1/graphql,2026-05-11T21:14:17.535133,1.0.0,Bettor's Delight,Machnbyrd Princess,Mach Three,9,G,"Randy L Bickmore,Scarborough,ME;The",0,8/1,9.0,9.0,PRC-8,2026-05-11T22:20:00Z,8
PRC,Plainridge,2026-05-12,8,22:20,Pace 1m,Pace,Dirt,1m,"$11,000",3,Nolaughingstock,"Ranger, Bruce","Byron, Aaron",5/1,False,Harness,tvg,https://api.tvg.com/cosmo/v1/graphql,2026-05-11T21:14:17.535146,1.0.0,Heston Blue Chip,Laughandbehappy,Badlands Hanover,6,G,"Mr Michael Musacchio Jr,Oneida,NY;M",0,5/1,6.0,6.0,PRC-8,2026-05-11T22:20:00Z,8
PRC,Plainridge,2026-05-12,8,22:20,Pace 1m,Pace,Dirt,1m,"$11,000",4,Bag Pipe Major,"Randall, Jay","Graffam, Betha",5/2,False,Harness,tvg,https://api.tvg.com/cosmo/v1/graphql,2026-05-11T21:14:17.535159,1.0.0,Art Major,Delighted Again,Bettor's Delight,12,G,"Jan D Donaway,Foxboro,MA",0,5/2,3.5,3.5,PRC-8,2026-05-11T22:20:00Z,8
PRC,Plainridge,2026-05-12,8,22:20,Pace 1m,Pace,Dirt,1m,"$11,000",5,Ranaldi,"Monti, Drew","Niles, Dakota",9/1,False,Harness,tvg,https://api.tvg.com/cosmo/v1/graphql,2026-05-11T21:14:17.535171,1.0.0,Western Maverick,Fire Can Fly,Real Artist,7,G,"Dakota M Niles,St Albans,ME",0,9/1,10.0,10.0,PRC-8,2026-05-11T22:20:00Z,8
PRC,Plainridge,2026-05-12,8,22:20,Pace 1m,Pace,Dirt,1m,"$11,000",6,Wainapedia,"Cushing, Mitch","Hardin, Michel",7/1,False,Harness,tvg,https://api.tvg.com/cosmo/v1/graphql,2026-05-11T21:14:17.535183,1.0.0,Western Maverick,Surreal Hanover,Dragon Again,9,G,"Michelle J Hardin,Topsham,ME",0,7/1,8.0,8.0,PRC-8,2026-05-11T22:20:00Z,8
PRC,Plainridge,2026-05-12,8,22:20,Pace 1m,Pace,Dirt,1m,"$11,000",7,Clearwater Courage,"Switzer, Kevin","Nelson, Joseph",3/1,False,Harness,tvg,https://api.tvg.com/cosmo/v1/graphql,2026-05-11T21:14:17.535199,1.0.0,Captain Crunch,Lainey Deo,Western Ideal,5,G,"Michele L Nelson,Temple,ME",0,3/1,4.0,4.0,PRC-8,2026-05-11T22:20:00Z,8
PRC,Plainridge,2026-05-12,8,22:20,Pace 1m,Pace,Dirt,1m,"$11,000",8,Part Time Affair,"Hardy, James","Ahto, Raymond",30/1,False,Harness,tvg,https://api.tvg.com/cosmo/v1/graphql,2026-05-11T21:14:17.535212,1.0.0,Heston Blue Chip,Part Time Lady,Jereme's Jet,7,G,"Raymond S Ahto,Plainville,MA",0,30/1,31.0,31.0,PRC-8,2026-05-11T22:20:00Z,8
PRC,Plainridge,2026-05-12,9,22:40,Pace 1m,Pace,Dirt,1m,"$17,000",1,Beantown Deuce,"Randall, Jay","Mcassey, Jesse",9/2,False,Harness,tvg,https://api.tvg.com/cosmo/v1/graphql,2026-05-11T21:14:17.535301,1.0.0,Huntsville,Dont Think Twice A,Armbro Operative,4,M,"Michael Goldberg Racingllc,Scituate",0,9/2,5.5,5.5,PRC-9,2026-05-11T22:40:00Z,8
PRC,Plainridge,2026-05-12,9,22:40,Pace 1m,Pace,Dirt,1m,"$17,000",2,Royally Hot,"Switzer, Kevin","Switzer, Kevin",3/1,False,Harness,tvg,https://api.tvg.com/cosmo/v1/graphql,2026-05-11T21:14:17.535327,1.0.0,Bettor's Wish,Mcsauna,Mcardle,4,M,"Tim Tetrick LLC,Woolwich Twp,NJ",0,3/1,4.0,4.0,PRC-9,2026-05-11T22:40:00Z,8
PRC,Plainridge,2026-05-12,9,22:40,Pace 1m,Pace,Dirt,1m,"$17,000",3,Checkpoint Chatter,"Hardy, James","Guidette, Dona",9/2,False,Harness,tvg,https://api.tvg.com/cosmo/v1/graphql,2026-05-11T21:14:17.535335,1.0.0,Always A Virgin,Blistletoe,Artiscape,8,M,"Upland Farm,Wilbraham,MA",0,9/2,5.5,5.5,PRC-9,2026-05-11T22:40:00Z,8
PRC,Plainridge,2026-05-12,9,22:40,Pace 1m,Pace,Dirt,1m,"$17,000",4,Wolverina,"Graffam, Nicho","Graffam, Micha",4/1,False,Harness,tvg,https://api.tvg.com/cosmo/v1/graphql,2026-05-11T21:14:17.535345,1.0.0,Cheyenne Hollywood,Terri I Fra,Western Ideal,7,M,"Michael S Graffam,Falmouth,ME;Willi",0,4/1,5.0,5.0,PRC-9,2026-05-11T22:40:00Z,8
PRC,Plainridge,2026-05-12,9,22:40,Pace 1m,Pace,Dirt,1m,"$17,000",5,Mrs Cheese,"Monti, Drew","Greene, Jackie",9/2,False,Harness,tvg,https://api.tvg.com/cosmo/v1/graphql,2026-05-11T21:14:17.535351,1.0.0,American Ideal,Ms Cheesman,Betterthancheddar,4,M,"Kellogg Racing Stables LLC,Queensbu",0,9/2,5.5,5.5,PRC-9,2026-05-11T22:40:00Z,8
PRC,Plainridge,2026-05-12,9,22:40,Pace 1m,Pace,Dirt,1m,"$17,000",6,Bettor's Ticket,"Stratton, Cory","Stratton, Cory",12/1,False,Harness,tvg,https://api.tvg.com/cosmo/v1/graphql,2026-05-11T21:14:17.535358,1.0.0,Bettor's Wish,Free Ticket,Quik Pulse Mindale,4,M,"Howard S Jacobs,West Orange,NJ;Stra",0,12/1,13.0,13.0,PRC-9,2026-05-11T22:40:00Z,8
PRC,Plainridge,2026-05-12,9,22:40,Pace 1m,Pace,Dirt,1m,"$17,000",7,Muse La Rouge,"Cushing, Mitch","Proctor, Kirst",15/1,False,Harness,tvg,https://api.tvg.com/cosmo/v1/graphql,2026-05-11T21:14:17.535364,1.0.0,Captaintreacherous,Modern Muse,American Ideal,5,M,"Kirsten M Proctor,Charlton,NY",0,15/1,16.0,16.0,PRC-9,2026-05-11T22:40:00Z,8
PRC,Plainridge,2026-05-12,9,22:40,Pace 1m,Pace,Dirt,1m,"$17,000",8,Lyons Benz,"Athearn, Matth","Brewer, Kathle",12/1,False,Harness,tvg,https://api.tvg.com/cosmo/v1/graphql,2026-05-11T21:14:17.535369,1.0.0,Captaintreacherous,Make Mine Mocha,Bettor's Delight,4,M,"Paul A London,Danvers,MA;Kathleen B",0,12/1,13.0,13.0,PRC-9,2026-05-11T22:40:00Z,8
PRC,Plainridge,2026-05-12,10,23:00,Trot 1m,Trot,Dirt,1m,"$17,000",1,Sunburnt Silverado,"Randall, Jay","Harmon, Rob",9/2,False,Harness,tvg,https://api.tvg.com/cosmo/v1/graphql,2026-05-11T21:14:17.535410,1.0.0,Lou's Legacy,Fox Valley Bling,Pizzazzed,4,G,"Michael Casalino Jr,Freehold,NJ",0,9/2,5.5,5.5,PRC-10,2026-05-11T23:00:00Z,8
PRC,Plainridge,2026-05-12,10,23:00,Trot 1m,Trot,Dirt,1m,"$17,000",2,Big Box Hanover,"Ranger, Bruce","Stalbaum, Larr",6/1,False,Harness,tvg,https://api.tvg.com/cosmo/v1/graphql,2026-05-11T21:14:17.535416,1.0.0,Uncle Peter,Box Of Dreams,Donerail,9,G,"Larry D Stalbaum,Matamoras,PA",0,6/1,7.0,7.0,PRC-10,2026-05-11T23:00:00Z,8
PRC,Plainridge,2026-05-12,10,23:00,Trot 1m,Trot,Dirt,1m,"$17,000",3,Snowman Hanover,"Gerry, Peter","Gerry, Peter",20/1,False,Harness,tvg,https://api.tvg.com/cosmo/v1/graphql,2026-05-11T21:14:17.535422,1.0.0,Bar Hopping,Snow Angel Hanover,Andover Hall,6,G,"Arden Homestead Stable,Delhi,NY",0,20/1,21.0,21.0,PRC-10,2026-05-11T23:00:00Z,8
PRC,Plainridge,2026-05-12,10,23:00,Trot 1m,Trot,Dirt,1m,"$17,000",4,Stockholm Hanover,"Switzer, Kevin","Dessureault, D",9/2,False,Harness,tvg,https://api.tvg.com/cosmo/v1/graphql,2026-05-11T21:14:17.535428,1.0.0,International Moni,Summers Windsong,Rc Royalty,5,G,"Mario G & Desiree J Dessureault,Pom",0,9/2,5.5,5.5,PRC-10,2026-05-11T23:00:00Z,8
PRC,Plainridge,2026-05-12,10,23:00,Trot 1m,Trot,Dirt,1m,"$17,000",5,Pantofolaio,"Cushing, Mitch","Cushing, Mitch",8/1,False,Harness,tvg,https://api.tvg.com/cosmo/v1/graphql,2026-05-11T21:14:17.535434,1.0.0,Bar Hopping,Mad Elf,Andover Hall,4,G,"Ray Lasky,Mechanicville,NY;Mitchell",0,8/1,9.0,9.0,PRC-10,2026-05-11T23:00:00Z,8
PRC,Plainridge,2026-05-12,10,23:00,Trot 1m,Trot,Dirt,1m,"$17,000",6,Dryden Hanover,"Irvine, Brad","Shock, Laura",10/1,False,Harness,tvg,https://api.tvg.com/cosmo/v1/graphql,2026-05-11T21:14:17.535440,1.0.0,Walner,Dangle Then Deke,Cantab Hall,5,G,"Laura Ann Shock,Kingston,PA;Mary Ly",0,10/1,11.0,11.0,PRC-10,2026-05-11T23:00:00Z,8
PRC,Plainridge,2026-05-12,10,23:00,Trot 1m,Trot,Dirt,1m,"$17,000",7,Bravado,"Athearn, Matth","Athearn, Gretc",6/1,False,Harness,tvg,https://api.tvg.com/cosmo/v1/graphql,2026-05-11T21:14:17.535446,1.0.0,Trixton,Bourbon 'n Grits,Donerail,6,G,"Raymond W J Campbell Jr,Belchertown",0,6/1,7.0,7.0,PRC-10,2026-05-11T23:00:00Z,8
PRC,Plainridge,2026-05-12,10,23:00,Trot 1m,Trot,Dirt,1m,"$17,000",8,Ponda Rocky,"Graffam, Nicho","Eaton, Mark",2/1,False,Harness,tvg,https://api.tvg.com/cosmo/v1/graphql,2026-05-11T21:14:17.535451,1.0.0,Pastor Stephen,Wildflower,Muscle Hill,4,G,"Mark W Eaton,Mendon,MA;Robert J Gri",0,2/1,3.0,3.0,PRC-10,2026-05-11T23:00:00Z,8
PRC,Plainridge,2026-05-12,11,23:20,Pace 1m,Pace,Dirt,1m,"$10,000",1,Boogy Woogy J,"Hardy, James","Andrews, Jolen",12/1,False,Harness,tvg,https://api.tvg.com/cosmo/v1/graphql,2026-05-11T21:14:17.535465,1.0.0,Sweet Lou,Lotsa Matzah,American Ideal,9,G,"D Thibault,N Atlbr,MA;J Hardy,N Atl",0,12/1,13.0,13.0,PRC-11,2026-05-11T23:20:00Z,7
PRC,Plainridge,2026-05-12,11,23:20,Pace 1m,Pace,Dirt,1m,"$10,000",2,Myultimate Snowy A,"Cushing, Mitch","Cushing, Mitch",3/1,False,Harness,tvg,https://api.tvg.com/cosmo/v1/graphql,2026-05-11T21:14:17.535482,1.0.0,Sweet Lou,The Crystal Star,Badlands Hanover,7,G,"Ray Lasky,Mechanicville,NY;Mitchell",0,3/1,4.0,4.0,PRC-11,2026-05-11T23:20:00Z,7
PRC,Plainridge,2026-05-12,11,23:20,Pace 1m,Pace,Dirt,1m,"$10,000",3,Captain Tell,"Di Stefano, Jo","Di Stefano, Jo",15/1,False,Harness,tvg,https://api.tvg.com/cosmo/v1/graphql,2026-05-11T21:14:17.535489,1.0.0,Tellitlikeitis,Captain's Play,Captaintreacherous,5,G,"Joseph Anthony Di Stefano,Greenfiel",0,15/1,16.0,16.0,PRC-11,2026-05-11T23:20:00Z,7
PRC,Plainridge,2026-05-12,11,23:20,Pace 1m,Pace,Dirt,1m,"$10,000",4,Rule Of Law,"Monti, Drew","Kirker, Nathan",6/1,False,Harness,tvg,https://api.tvg.com/cosmo/v1/graphql,2026-05-11T21:14:17.535495,1.0.0,Captaintreacherous,American Truth,American Ideal,7,G,"Robert H Ferreira,Cohasset,MA",0,6/1,7.0,7.0,PRC-11,2026-05-11T23:20:00Z,7
PRC,Plainridge,2026-05-12,11,23:20,Pace 1m,Pace,Dirt,1m,"$10,000",5,Flirtin Jk,"Graffam, Nicho","Sears, Bryant",7/5,False,Harness,tvg,https://api.tvg.com/cosmo/v1/graphql,2026-05-11T21:14:17.535501,1.0.0,Jk Endofanera,Mcflirty,Mcardle,6,G,"Nancy S Hargreaves,Braintree,MA",0,7/5,2.4,2.4,PRC-11,2026-05-11T23:20:00Z,7
PRC,Plainridge,2026-05-12,11,23:20,Pace 1m,Pace,Dirt,1m,"$10,000",6,Domi,"Watson, Wallac","Watson, Lisa",20/1,False,Harness,tvg,https://api.tvg.com/cosmo/v1/graphql,2026-05-11T21:14:17.535507,1.0.0,Living It Up,Outlawcherishafool,Blue Burner,6,G,"Stanley L Sobin,Medfield,MA",0,20/1,21.0,21.0,PRC-11,2026-05-11T23:20:00Z,7
PRC,Plainridge,2026-05-12,11,23:20,Pace 1m,Pace,Dirt,1m,"$10,000",7,Major Betts,"Ranger, Bruce","Brewer, Kathle",3/1,False,Harness,tvg,https://api.tvg.com/cosmo/v1/graphql,2026-05-11T21:14:17.535513,1.0.0,Art Major,Southwind Johanne,Dragon Again,9,G,"Kathleen B Brewer,Newburyport,MA",0,3/1,4.0,4.0,PRC-11,2026-05-11T23:20:00Z,7
YON,Yonkers Raceway,2026-05-12,1,22:45,Pace 1m,Pace,Dirt,1m,"$22,000",1,Odds On Capitalism,"Bartlett, Jaso","Engblom, Per",5/2,False,Harness,tvg,https://api.tvg.com/cosmo/v1/graphql,2026-05-11T21:14:17.544816,1.0.0,Fear The Dragon,Soggy Britches,Allamerican Ingot,7,G,"Ecuries Maguire Inc,Sainte-Marie,QC",0,7/2,4.5,3.5,YON-1,2026-05-11T22:45:00Z,8
YON,Yonkers Raceway,2026-05-12,1,22:45,Pace 1m,Pace,Dirt,1m,"$22,000",2,Brutallyhandsome A,"Bongiorno, Joe","Dilloian, Doug",9/2,False,Harness,tvg,https://api.tvg.com/cosmo/v1/graphql,2026-05-11T21:14:17.544845,1.0.0,Art Major,Life Inthefastlane,Life Sign,8,G,"Brian& Ira Wallach Racing,Closter,N",0,8/5,2.6,5.5,YON-1,2026-05-11T22:45:00Z,8
YON,Yonkers Raceway,2026-05-12,1,22:45,Pace 1m,Pace,Dirt,1m,"$22,000",3,Kopi Luwak,"Holland, Brent","Laterza, Denni",4/1,False,Harness,tvg,https://api.tvg.com/cosmo/v1/graphql,2026-05-11T21:14:17.544862,1.0.0,Stay Hungry,Auniqueaquistion,Cole Muffler,6,H,"Ginko Stable Inc,Briar Cliff Manor,",0,3/1,4.0,5.0,YON-1,2026-05-11T22:45:00Z,8
YON,Yonkers Raceway,2026-05-12,1,22:45,Pace 1m,Pace,Dirt,1m,"$22,000",4,Shipmaster,"Kakaley, Matt","Alexander, Tra",6/1,False,Harness,tvg,https://api.tvg.com/cosmo/v1/graphql,2026-05-11T21:14:17.544877,1.0.0,Captaintreacherous,Trim Hanover,Camluck,4,G,"David Rovine Stable LLC,Sarasota,FL",0,8/1,9.0,7.0,YON-1,2026-05-11T22:45:00Z,8
YON,Yonkers Raceway,2026-05-12,1,22:45,Pace 1m,Pace,Dirt,1m,"$22,000",5,Music Hall,"Siegelman, Aus","Height, Chris",15/1,False,Harness,tvg,https://api.tvg.com/cosmo/v1/graphql,2026-05-11T21:14:17.544891,1.0.0,Sweet Lou,Rockette,Rocknroll Hanover,6,G,"William E Emmons,Farmingdale,NJ",0,18/1,19.0,16.0,YON-1,2026-05-11T22:45:00Z,8
YON,Yonkers Raceway,2026-05-12,1,22:45,Pace 1m,Pace,Dirt,1m,"$22,000",6,Bet On Big Joe,"Kelly, Colin","Bako, Jared",5/1,False,Harness,tvg,https://api.tvg.com/cosmo/v1/graphql,2026-05-11T21:14:17.544905,1.0.0,Betting Line,Robin Cruiser,Yankee Cruiser,5,G,"Dr Joshua D Tanis,South Lyon,MI",0,7/2,4.5,6.0,YON-1,2026-05-11T22:45:00Z,8
YON,Yonkers Raceway,2026-05-12,1,22:45,Pace 1m,Pace,Dirt,1m,"$22,000",7,The Ideal Dancer A,"Lachance, Pat","Lachance, Pat",20/1,False,Harness,tvg,https://api.tvg.com/cosmo/v1/graphql,2026-05-11T21:14:17.544918,1.0.0,American Ideal,Jennas Dancer,Jenna's Beach Boy,11,G,"Thomas Ceraso Jr,Stamford,CT",0,21/1,22.0,21.0,YON-1,2026-05-11T22:45:00Z,8
YON,Yonkers Raceway,2026-05-12,1,22:45,Pace 1m,Pace,Dirt,1m,"$22,000",8,Peace Out Posse,"Stratton, Jord","Stratton, Cory",20/1,False,Harness,tvg,https://api.tvg.com/cosmo/v1/graphql,2026-05-11T21:14:17.544930,1.0.0,Custard The Dragon,Artprize,Somebeachsomewhere,11,G,"Caldwell Mamie Racing LLC,Bellaire,",0,99/1,100.0,21.0,YON-1,2026-05-11T22:45:00Z,8
YON,Yonkers Raceway,2026-05-12,2,23:05,Pace 1m,Pace,Dirt,1m,"$20,000",1,Ourmatemenko N,"Stratton, Jord","Stratton, Cory",6/1,False,Harness,tvg,https://api.tvg.com/cosmo/v1/graphql,2026-05-11T21:14:17.544987,1.0.0,Downbytheseaside,Lonnie Franco,Falcon Seelster,7,G,"Vip Internet Stable LLC,Piscataway,",0,6/1,7.0,7.0,YON-2,2026-05-11T23:05:00Z,7
YON,Yonkers Raceway,2026-05-12,2,23:05,Pace 1m,Pace,Dirt,1m,"$20,000",2,Manferno,"Buter, Tyler","Adamczyk, Andr",5/2,False,Harness,tvg,https://api.tvg.com/cosmo/v1/graphql,2026-05-11T21:14:17.545003,1.0.0,Always B Miki,History Repeats,Dragon Again,6,G,"Rodney M Long,Salisbury,MD",0,5/2,3.5,3.5,YON-2,2026-05-11T23:05:00Z,7
YON,Yonkers Raceway,2026-05-12,2,23:05,Pace 1m,Pace,Dirt,1m,"$20,000",3,Samhara N,"Bongiorno, Joe","Hudson, Lance",5/1,False,Harness,tvg,https://api.tvg.com/cosmo/v1/graphql,2026-05-11T21:14:17.545017,1.0.0,Bettor's Delight,Solandra,Artsplace,9,H,"William A Hartt,Carmel,ME",0,5/1,6.0,6.0,YON-2,2026-05-11T23:05:00Z,7
YON,Yonkers Raceway,2026-05-12,2,23:05,Pace 1m,Pace,Dirt,1m,"$20,000",4,Alta Classic A,"Holland, Brent","Laterza, Denni",3/1,False,Harness,tvg,https://api.tvg.com/cosmo/v1/graphql,2026-05-11T21:14:17.545030,1.0.0,Alta Christiano,Audrey Maree,Four Starzzz Shark,8,G,"Ginko Stable Inc,Briar Cliff Manor,",0,3/1,4.0,4.0,YON-2,2026-05-11T23:05:00Z,7
YON,Yonkers Raceway,2026-05-12,2,23:05,Pace 1m,Pace,Dirt,1m,"$20,000",5,Overthinking,"Bartlett, Jaso","Engblom, Per",2/1,False,Harness,tvg,https://api.tvg.com/cosmo/v1/graphql,2026-05-11T21:14:17.545042,1.0.0,Downbytheseaside,Metro Shopping,Metropolitan,5,G,"Daniel Sarafian,Unionville,ON, CA",0,2/1,3.0,3.0,YON-2,2026-05-11T23:05:00Z,7
YON,Yonkers Raceway,2026-05-12,2,23:05,Pace 1m,Pace,Dirt,1m,"$20,000",6,Ameritric,"Kakaley, Matt","Height, Chris",20/1,False,Harness,tvg,https://api.tvg.com/cosmo/v1/graphql,2026-05-11T21:14:17.545057,1.0.0,American Ideal,Electric Fool,I Am A Fool,5,G,"William E Emmons,Farmingdale,NJ",0,20/1,21.0,21.0,YON-2,2026-05-11T23:05:00Z,7
YON,Yonkers Raceway,2026-05-12,2,23:05,Pace 1m,Pace,Dirt,1m,"$20,000",7,All Alone,"Siegelman, Aus","Sodano, Nichol",20/1,False,Harness,tvg,https://api.tvg.com/cosmo/v1/graphql,2026-05-11T21:14:17.545070,1.0.0,Heston Blue Chip,Lonesome Day,Cambest,6,G,"Quaker Hill Racing LLC,Pawling,NY",0,20/1,21.0,21.0,YON-2,2026-05-11T23:05:00Z,7
YON,Yonkers Raceway,2026-05-12,3,23:25,Pace 1m,Pace,Dirt,1m,"$19,000",1,Heza Risk Taker A,"Stratton, Jord","Height, Chris",5/1,False,Harness,tvg,https://api.tvg.com/cosmo/v1/graphql,2026-05-11T21:14:17.545111,1.0.0,American Ideal,Rani Major,Art Major,6,G,"Michael Casalino Jr,Freehold,NJ",0,5/1,6.0,6.0,YON-3,2026-05-11T23:25:00Z,8
YON,Yonkers Raceway,2026-05-12,3,23:25,Pace 1m,Pace,Dirt,1m,"$19,000",2,Venturesome Arden N,"Holland, Brent","Bucci, Ricky",9/2,False,Harness,tvg,https://api.tvg.com/cosmo/v1/graphql,2026-05-11T21:14:17.545127,1.0.0,Captaintreacherous,Arden's Darling,Bettor's Delight,7,G,"Ricky A Bucci,Campbell Hall,NY",0,9/2,5.5,5.5,YON-3,2026-05-11T23:25:00Z,8
YON,Yonkers Raceway,2026-05-12,3,23:25,Pace 1m,Pace,Dirt,1m,"$19,000",3,Intimidation,"Siegelman, Aus","Blumenfeld, Pa",20/1,False,Harness,tvg,https://api.tvg.com/cosmo/v1/graphql,2026-05-11T21:14:17.545141,1.0.0,Captaintreacherous,Pink Terror,Western Terror,6,G,"Friendship Stables LLC,Mountain Lak",0,20/1,21.0,21.0,YON-3,2026-05-11T23:25:00Z,8
YON,Yonkers Raceway,2026-05-12,3,23:25,Pace 1m,Pace,Dirt,1m,"$19,000",4,Coalford Topguy Gb,"Bartlett, Jaso","Engblom, Per",7/5,False,Harness,tvg,https://api.tvg.com/cosmo/v1/graphql,2026-05-11T21:14:17.545155,1.0.0,Henry Hill,Breeding N/A,Breeding N/A,6,G,"Threelyonsracing,Brantford,ON, CA",0,7/5,2.4,2.4,YON-3,2026-05-11T23:25:00Z,8
YON,Yonkers Raceway,2026-05-12,3,23:25,Pace 1m,Pace,Dirt,1m,"$19,000",5,Mac's Marvel,"Lachance, Pat","Lachance, Pat",7/2,False,Harness,tvg,https://api.tvg.com/cosmo/v1/graphql,2026-05-11T21:14:17.545167,1.0.0,Captaintreacherous,Michelle's Power,Camluck,7,G,"Thomas Ceraso Jr,Stamford,CT",0,7/2,4.5,4.5,YON-3,2026-05-11T23:25:00Z,8
YON,Yonkers Raceway,2026-05-12,3,23:25,Pace 1m,Pace,Dirt,1m,"$19,000",6,Kimble A,"Kakaley, Matt","Di Domenico, S",20/1,False,Harness,tvg,https://api.tvg.com/cosmo/v1/graphql,2026-05-11T21:14:17.545183,1.0.0,Western Terror,Im Wrongly Accused,Bettor's Delight,9,G,"Oompa's Fm Inc,Creamridge,NJ;Triple",0,20/1,21.0,21.0,YON-3,2026-05-11T23:25:00Z,8
YON,Yonkers Raceway,2026-05-12,3,23:25,Pace 1m,Pace,Dirt,1m,"$19,000",7,Stellar Yankee,"Buter, Tyler","Stratton, Cory",8/1,False,Harness,tvg,https://api.tvg.com/cosmo/v1/graphql,2026-05-11T21:14:17.545197,1.0.0,Always B Miki,Somethinginawater,Somebeachsomewhere,8,G,"Howard S Jacobs,West Orange,NJ",0,8/1,9.0,9.0,YON-3,2026-05-11T23:25:00Z,8
YON,Yonkers Raceway,2026-05-12,3,23:25,Pace 1m,Pace,Dirt,1m,"$19,000",8,Royal Desire,"Marohn, Jim Jr","La Montagne, K",20/1,False,Harness,tvg,https://api.tvg.com/cosmo/v1/graphql,2026-05-11T21:14:17.545212,1.0.0,Bettor's Wish,Call Me Queen Be,Somebeachsomewhere,5,G,"Kathleen & Donald J La Montagne,Che",0,20/1,21.0,21.0,YON-3,2026-05-11T23:25:00Z,8
YON,Yonkers Raceway,2026-05-12,4,23:45,Pace 1m,Pace,Dirt,1m,"$20,000",1,Sinbad N,"Marohn, Jim Jr","Tritton, Peter",5/2,False,Harness,tvg,https://api.tvg.com/cosmo/v1/graphql,2026-05-11T21:14:17.545252,1.0.0,Downbytheseaside,Panforte,Christian Cullen,7,G,"Pjt Investments LLC,Madison,CT",0,5/2,3.5,3.5,YON-4,2026-05-11T23:45:00Z,7
YON,Yonkers Raceway,2026-05-12,4,23:45,Pace 1m,Pace,Dirt,1m,"$20,000",2,Orlando Blue A,"Kakaley, Matt","Abbatiello, Ag",5/1,False,Harness,tvg,https://api.tvg.com/cosmo/v1/graphql,2026-05-11T21:14:17.545266,1.0.0,Heston Blue Chip,Harriet Elisabeth,Modern Art,9,G,"Durazzano Stable LLC,Pine Bush,NY",0,5/1,6.0,6.0,YON-4,2026-05-11T23:45:00Z,7
YON,Yonkers Raceway,2026-05-12,4,23:45,Pace 1m,Pace,Dirt,1m,"$20,000",3,My Ultimate Byron A,"Siegelman, Aus","Bucci, Ricky",8/1,False,Harness,tvg,https://api.tvg.com/cosmo/v1/graphql,2026-05-11T21:14:17.545281,1.0.0,Somebeachsomewhere,Our Sleeping Beauty,Bettor's Delight,8,G,"Ricky A Bucci,Campbell Hall,NY",0,8/1,9.0,9.0,YON-4,2026-05-11T23:45:00Z,7
YON,Yonkers Raceway,2026-05-12,4,23:45,Pace 1m,Pace,Dirt,1m,"$20,000",4,Be Dazzled Lou A,"Bongiorno, Joe","Bongiorno, Joe",3/1,False,Harness,tvg,https://api.tvg.com/cosmo/v1/graphql,2026-05-11T21:14:17.545296,1.0.0,Sweet Lou,Dazed And Confused,Troublemaker,7,G,"Joseph R Bongiorno,Monroe,NJ;Zorn R",0,3/1,4.0,4.0,YON-4,2026-05-11T23:45:00Z,7
YON,Yonkers Raceway,2026-05-12,4,23:45,Pace 1m,Pace,Dirt,1m,"$20,000",5,Quote Me Not N,"Bartlett, Jaso","Engblom, Per",4/1,False,Harness,tvg,https://api.tvg.com/cosmo/v1/graphql,2026-05-11T21:14:17.545310,1.0.0,Art Major,Quote Me,Bettor's Delight,4,G,"Curtin Anz Stables,Coral Springs,FL",0,4/1,5.0,5.0,YON-4,2026-05-11T23:45:00Z,7
YON,Yonkers Raceway,2026-05-12,4,23:45,Pace 1m,Pace,Dirt,1m,"$20,000",6,Curly James A,"Kelly, Colin","Bako, Jared",6/1,False,Harness,tvg,https://api.tvg.com/cosmo/v1/graphql,2026-05-11T21:14:17.545323,1.0.0,A Rocknroll Dance,Someone To Love,Somebeachsomewhere,9,G,"Kap Singh Rcg Stb,Yorktown Hgts,NY;",0,6/1,7.0,7.0,YON-4,2026-05-11T23:45:00Z,7
YON,Yonkers Raceway,2026-05-12,4,23:45,Pace 1m,Pace,Dirt,1m,"$20,000",7,Shakespeare,"Brennan, Georg","Di Domenico, S",20/1,False,Harness,tvg,https://api.tvg.com/cosmo/v1/graphql,2026-05-11T21:14:17.545337,1.0.0,Somebeachsomewhere,Get A Clue,Art Major,8,G,"William A Hartt,Carmel,ME;Triple D",0,20/1,21.0,21.0,YON-4,2026-05-11T23:45:00Z,7
YON,Yonkers Raceway,2026-05-12,5,00:05,Pace 1m,Pace,Dirt,1m,"$15,000",1,Gothic Rock,"Holland, Brent","Bucci, Ricky",6/1,False,Harness,tvg,https://api.tvg.com/cosmo/v1/graphql,2026-05-11T21:14:17.545368,1.0.0,Woodstock,Mid-Western Jatelo,Jate Lobell,11,G,"Flatland Racing,Campbell Hall,NY",0,6/1,7.0,7.0,YON-5,2026-05-12T00:05:00Z,8
YON,Yonkers Raceway,2026-05-12,5,00:05,Pace 1m,Pace,Dirt,1m,"$15,000",2,Aladdin,"Lachance, Pat","Mc Dermott, Jo",15/1,False,Harness,tvg,https://api.tvg.com/cosmo/v1/graphql,2026-05-11T21:14:17.545383,1.0.0,Shadow Play,Eloge,No Pan Intended,7,G,"Jonathan R Klee,Sands Pnt,NY;Justin",0,15/1,16.0,16.0,YON-5,2026-05-12T00:05:00Z,8
YON,Yonkers Raceway,2026-05-12,5,00:05,Pace 1m,Pace,Dirt,1m,"$15,000",3,Deedenuto A,"Siegelman, Aus","Siegelman, Jam",20/1,False,Harness,tvg,https://api.tvg.com/cosmo/v1/graphql,2026-05-11T21:14:17.545396,1.0.0,Safari,Harbhahay,Justanotherpoorboy,13,G,"Leah K Posner,Jackson,NJ",0,20/1,21.0,21.0,YON-5,2026-05-12T00:05:00Z,8
YON,Yonkers Raceway,2026-05-12,5,00:05,Pace 1m,Pace,Dirt,1m,"$15,000",4,Saranac Blue Chip,"Brennan, Georg","Di Domenico, S",5/1,False,Harness,tvg,https://api.tvg.com/cosmo/v1/graphql,2026-05-11T21:14:17.545409,1.0.0,American Ideal,So Nice,Ponder,8,G,"Triple D Stables Inc,Jamesburg,NJ;D",0,5/1,6.0,6.0,YON-5,2026-05-12T00:05:00Z,8
YON,Yonkers Raceway,2026-05-12,5,00:05,Pace 1m,Pace,Dirt,1m,"$15,000",5,Shine A Light,"Bartlett, Jaso","Stafford, Paul",3/5,False,Harness,tvg,https://api.tvg.com/cosmo/v1/graphql,2026-05-11T21:14:17.545423,1.0.0,Captaintreacherous,Countryview Miss,Camluck,9,G,"Thomas Ceraso Jr,Stamford,CT",0,3/5,1.6,1.6,YON-5,2026-05-12T00:05:00Z,8
YON,Yonkers Raceway,2026-05-12,5,00:05,Pace 1m,Pace,Dirt,1m,"$15,000",6,Hugh Heston,"Kakaley, Matt","Alexander, Tra",20/1,False,Harness,tvg,https://api.tvg.com/cosmo/v1/graphql,2026-05-11T21:14:17.545436,1.0.0,Heston Blue Chip,Morenci,Bettor's Delight,5,H,"Morrison Racing Stables,Indiana,PA",0,20/1,21.0,21.0,YON-5,2026-05-12T00:05:00Z,8
YON,Yonkers Raceway,2026-05-12,5,00:05,Pace 1m,Pace,Dirt,1m,"$15,000",7,Manalou,"Buter, Tyler","Corelli, Thoma",8/1,False,Harness,tvg,https://api.tvg.com/cosmo/v1/graphql,2026-05-11T21:14:17.545448,1.0.0,Sweet Lou,Keystone Krystal,Bettor's Delight,5,G,"Fred S Corelli,East Patchogue,NY;Ra",0,8/1,9.0,9.0,YON-5,2026-05-12T00:05:00Z,8
YON,Yonkers Raceway,2026-05-12,5,00:05,Pace 1m,Pace,Dirt,1m,"$15,000",8,Cowboy Cargo,"Bongiorno, Joe","Estrada, Izzy",15/1,False,Harness,tvg,https://api.tvg.com/cosmo/v1/graphql,2026-05-11T21:14:17.545461,1.0.0,Jimmy Freight,Bunkhouse Babe,Royal Mattjesty,5,H,"Estrada Racing LLC,Cranbury,NJ",0,15/1,16.0,16.0,YON-5,2026-05-12T00:05:00Z,8
YON,Yonkers Raceway,2026-05-12,6,00:25,Pace 1m,Pace,Dirt,1m,"$17,000",1,Itza Dangerzone A,"Tritton, Laure","Tritton, Shane",9/2,False,Harness,tvg,https://api.tvg.com/cosmo/v1/graphql,2026-05-11T21:14:17.545490,1.0.0,Gotta Go Cullect,Sheza Machstar,Mach Three,8,G,"Stephen Klunowski,North York,ON, CA",0,9/2,5.5,5.5,YON-6,2026-05-12T00:25:00Z,8
YON,Yonkers Raceway,2026-05-12,6,00:25,Pace 1m,Pace,Dirt,1m,"$17,000",2,Himself N,"Stratton, Jord","Hudson, Lance",3/1,False,Harness,tvg,https://api.tvg.com/cosmo/v1/graphql,2026-05-11T21:14:17.545505,1.0.0,Sportswriter,Shards Of Myross,Mcardle,9,G,"William A Hartt,Carmel,ME;Lance H H",0,3/1,4.0,4.0,YON-6,2026-05-12T00:25:00Z,8
YON,Yonkers Raceway,2026-05-12,6,00:25,Pace 1m,Pace,Dirt,1m,"$17,000",3,The Bigboss A,"Kakaley, Matt","Height, Chris",5/1,False,Harness,tvg,https://api.tvg.com/cosmo/v1/graphql,2026-05-11T21:14:17.545518,1.0.0,Bettor's Delight,Gentle Anvil,Christian Cullen,6,H,"Michael Casalino Jr,Freehold,NJ",0,5/1,6.0,6.0,YON-6,2026-05-12T00:25:00Z,8
YON,Yonkers Raceway,2026-05-12,6,00:25,Pace 1m,Pace,Dirt,1m,"$17,000",4,Rolling With Sam,"Bongiorno, Joe","Adamczyk, Andr",4/1,False,Harness,tvg,https://api.tvg.com/cosmo/v1/graphql,2026-05-11T21:14:17.545534,1.0.0,Roll With Joe,Martinique,Rock N Roll Heaven,9,G,"Morrison Racing Stables,Indiana,PA",0,4/1,5.0,5.0,YON-6,2026-05-12T00:25:00Z,8
YON,Yonkers Raceway,2026-05-12,6,00:25,Pace 1m,Pace,Dirt,1m,"$17,000",5,Texas Holdem,"Buter, Tyler","Schnittker, Ra",10/1,False,Harness,tvg,https://api.tvg.com/cosmo/v1/graphql,2026-05-11T21:14:17.545548,1.0.0,Huntsville,That's How We Roll,Art Major,5,G,"Raymond W Schnittker,Middletown,NY",0,10/1,11.0,11.0,YON-6,2026-05-12T00:25:00Z,8
YON,Yonkers Raceway,2026-05-12,6,00:25,Pace 1m,Pace,Dirt,1m,"$17,000",6,Gds Thunder Gb,"Siegelman, Aus","Koch, Ken",8/1,False,Harness,tvg,https://api.tvg.com/cosmo/v1/graphql,2026-05-11T21:14:17.545561,1.0.0,Art Professor,Gds Storm,Daylon Alert,8,G,"Thomas G Milici,Montgomery,NY",0,8/1,9.0,9.0,YON-6,2026-05-12T00:25:00Z,8
YON,Yonkers Raceway,2026-05-12,6,00:25,Pace 1m,Pace,Dirt,1m,"$17,000",7,Majorcrowdcontrl A,"Bartlett, Jaso","Dilloian, Doug",6/1,False,Harness,tvg,https://api.tvg.com/cosmo/v1/graphql,2026-05-11T21:14:17.545574,1.0.0,Control The Moment,Just Visiting,Barnett Hanover,7,G,"Dennis M Spinelli,Barnegat,NJ;Paul",0,6/1,7.0,7.0,YON-6,2026-05-12T00:25:00Z,8
YON,Yonkers Raceway,2026-05-12,6,00:25,Pace 1m,Pace,Dirt,1m,"$17,000",8,Mysweetboymax,"Kelly, Colin","Daguet, Debora",20/1,False,Harness,tvg,https://api.tvg.com/cosmo/v1/graphql,2026-05-11T21:14:17.545587,1.0.0,Sweet Lou,Faster Faster,Bettor's Delight,8,H,"Robert I Horowitz,Scotch Plains,NJ;",0,20/1,21.0,21.0,YON-6,2026-05-12T00:25:00Z,8
YON,Yonkers Raceway,2026-05-12,7,00:45,Pace 1m,Pace,Dirt,1m,"$25,000",1,Boston Bound,"Bartlett, Jaso","Height, Chris",9/5,False,Harness,tvg,https://api.tvg.com/cosmo/v1/graphql,2026-05-11T21:14:17.545738,1.0.0,Boston Red Rocks,Ashleeswayrhighway,Bettor's Delight,6,H,"William E Emmons,Farmingdale,NJ",0,9/5,2.8,2.8,YON-7,2026-05-12T00:45:00Z,7
YON,Yonkers Raceway,2026-05-12,7,00:45,Pace 1m,Pace,Dirt,1m,"$25,000",2,Matai Phil N,"Holland, Brent","Abbatiello, Ag",7/2,False,Harness,tvg,https://api.tvg.com/cosmo/v1/graphql,2026-05-11T21:14:17.545758,1.0.0,Washington Vc,Matai Katie,Elsu,6,G,"Durazzano Stable LLC,Pine Bush,NY",0,7/2,4.5,4.5,YON-7,2026-05-12T00:45:00Z,7
YON,Yonkers Raceway,2026-05-12,7,00:45,Pace 1m,Pace,Dirt,1m,"$25,000",3,Boxer Seelster,"Lachance, Pat","Lachance, Pat",6/1,False,Harness,tvg,https://api.tvg.com/cosmo/v1/graphql,2026-05-11T21:14:17.545767,1.0.0,Bettor's Delight,Big Thong,Big Jim,4,G,"Bradley J Grant,Milton,ON, CA",0,6/1,7.0,7.0,YON-7,2026-05-12T00:45:00Z,7
YON,Yonkers Raceway,2026-05-12,7,00:45,Pace 1m,Pace,Dirt,1m,"$25,000",4,Renaldo N,"Tritton, Laure","Tritton, Shane",3/1,False,Harness,tvg,https://api.tvg.com/cosmo/v1/graphql,2026-05-11T21:14:17.545775,1.0.0,Bettor's Delight,Georgia Brooke,Christian Cullen,5,G,"Joshua Jay Graber,Quincy,MI",0,3/1,4.0,4.0,YON-7,2026-05-12T00:45:00Z,7
YON,Yonkers Raceway,2026-05-12,7,00:45,Pace 1m,Pace,Dirt,1m,"$25,000",5,Escape To America,"Buter, Tyler","Daguet, Debora",12/1,False,Harness,tvg,https://api.tvg.com/cosmo/v1/graphql,2026-05-11T21:14:17.545786,1.0.0,American Ideal,Flirtiscape,Artiscape,5,H,"John J Darrah,Murphys,CA",0,12/1,13.0,13.0,YON-7,2026-05-12T00:45:00Z,7
YON,Yonkers Raceway,2026-05-12,7,00:45,Pace 1m,Pace,Dirt,1m,"$25,000",6,Little Willy,"Kelly, Colin","Bako, Jared",8/1,False,Harness,tvg,https://api.tvg.com/cosmo/v1/graphql,2026-05-11T21:14:17.545834,1.0.0,Up The Credit,Jo And Maria,Bettor's Delight,8,G,"Dr Joshua D Tanis,South Lyon,MI",0,8/1,9.0,9.0,YON-7,2026-05-12T00:45:00Z,7
YON,Yonkers Raceway,2026-05-12,7,00:45,Pace 1m,Pace,Dirt,1m,"$25,000",7,Soho Dow Jones A,"Zeron, Scott","Dilloian, Doug",15/1,False,Harness,tvg,https://api.tvg.com/cosmo/v1/graphql,2026-05-11T21:14:17.545858,1.0.0,American Ideal,Soho New York,Art Major,8,G,"Dennis M Spinelli,Barnegat,NJ;Paul",0,15/1,16.0,16.0,YON-7,2026-05-12T00:45:00Z,7
YON,Yonkers Raceway,2026-05-12,8,01:05,Pace 1m,Pace,Dirt,1m,"$30,000",1,Endofstory,"Zeron, Scott","Dilloian, Doug",4/1,False,Harness,tvg,https://api.tvg.com/cosmo/v1/graphql,2026-05-11T21:14:17.545911,1.0.0,Lazarus N,Olivette Hanover,Western Hanover,5,G,"D Linker,Dlry Bch,FL;B Loman,Chmpgn",0,4/1,5.0,5.0,YON-8,2026-05-12T01:05:00Z,8
YON,Yonkers Raceway,2026-05-12,8,01:05,Pace 1m,Pace,Dirt,1m,"$30,000",2,The Greek Freak,"Kakaley, Matt","Alexander, Tra",6/1,False,Harness,tvg,https://api.tvg.com/cosmo/v1/graphql,2026-05-11T21:14:17.545926,1.0.0,Captaintreacherous,Thirty X,Rocknroll Hanover,9,G,"Gino Toscani,Mount Hope,ON, CA",0,6/1,7.0,7.0,YON-8,2026-05-12T01:05:00Z,8
YON,Yonkers Raceway,2026-05-12,8,01:05,Pace 1m,Pace,Dirt,1m,"$30,000",3,Vicious,"Buter, Tyler","Adamczyk, Andr",5/1,False,Harness,tvg,https://api.tvg.com/cosmo/v1/graphql,2026-05-11T21:14:17.545940,1.0.0,Somebeachsomewhere,Satisfy My Soul,Well Said,7,G,"Carmen Iannacone,Lyndhurst,NJ",0,5/1,6.0,6.0,YON-8,2026-05-12T01:05:00Z,8
YON,Yonkers Raceway,2026-05-12,8,01:05,Pace 1m,Pace,Dirt,1m,"$30,000",4,Copperfield,"Bartlett, Jaso","Engblom, Per",3/1,False,Harness,tvg,https://api.tvg.com/cosmo/v1/graphql,2026-05-11T21:14:17.545953,1.0.0,Betting Line,American Charm,American Ideal,5,G,"W J Donovan,Delray Beach,FL",0,3/1,4.0,4.0,YON-8,2026-05-12T01:05:00Z,8
YON,Yonkers Raceway,2026-05-12,8,01:05,Pace 1m,Pace,Dirt,1m,"$30,000",5,Twisted Destiny,"Marohn, Jim Jr","Ryder, Chris",7/2,False,Harness,tvg,https://api.tvg.com/cosmo/v1/graphql,2026-05-11T21:14:17.545967,1.0.0,Bettor's Wish,Tug River Princess,Badlands Hanover,4,H,"Let It Ride Stbs,FL;Alberg Rcg,NJ;E",0,7/2,4.5,4.5,YON-8,2026-05-12T01:05:00Z,8
YON,Yonkers Raceway,2026-05-12,8,01:05,Pace 1m,Pace,Dirt,1m,"$30,000",6,Its A Me Mario,"Tritton, Laure","Tritton, Shane",12/1,False,Harness,tvg,https://api.tvg.com/cosmo/v1/graphql,2026-05-11T21:14:17.545981,1.0.0,American Ideal,Nf Salsa,Blissfull Hall,6,G,"Joshua Jay Graber,Quincy,MI",0,12/1,13.0,13.0,YON-8,2026-05-12T01:05:00Z,8
YON,Yonkers Raceway,2026-05-12,8,01:05,Pace 1m,Pace,Dirt,1m,"$30,000",7,Kwick Sand A,"Stratton, Jord","Stratton, Cory",8/1,False,Harness,tvg,https://api.tvg.com/cosmo/v1/graphql,2026-05-11T21:14:17.545994,1.0.0,Somebeachsomewhere,Giveusachance,Live Or Die,5,G,"Caldwell Mamie Racing LLC,Bellaire,",0,8/1,9.0,9.0,YON-8,2026-05-12T01:05:00Z,8
YON,Yonkers Raceway,2026-05-12,8,01:05,Pace 1m,Pace,Dirt,1m,"$30,000",8,Jabbar,"Holland, Brent","Mac Kenzie, Bi",12/1,False,Harness,tvg,https://api.tvg.com/cosmo/v1/graphql,2026-05-11T21:14:17.546008,1.0.0,Huntsville,Maximum Bet,Bettor's Delight,5,G,"Vincent A Ali Jr,Old Bridge,NJ;Alma",0,12/1,13.0,13.0,YON-8,2026-05-12T01:05:00Z,8
YON,Yonkers Raceway,2026-05-12,9,01:25,Pace 1m,Pace,Dirt,1m,"$21,000",1,Verdun,"Lachance, Pat","Lachance, Pat",5/2,False,Harness,tvg,https://api.tvg.com/cosmo/v1/graphql,2026-05-11T21:14:17.546043,1.0.0,Bettor's Delight,Pop Goes Theweasel,Mach Three,6,H,"Thomas Ceraso Jr,Stamford,CT",0,5/2,3.5,3.5,YON-9,2026-05-12T01:25:00Z,8
YON,Yonkers Raceway,2026-05-12,9,01:25,Pace 1m,Pace,Dirt,1m,"$21,000",2,Rockstar Artist A,"Stratton, Jord","Alvarez, Maria",8/1,False,Harness,tvg,https://api.tvg.com/cosmo/v1/graphql,2026-05-11T21:14:17.546058,1.0.0,Yankee Rockstar,Artistic Angel,Art Major,7,G,"Friendship Stables LLC,Mountain Lak",0,8/1,9.0,9.0,YON-9,2026-05-12T01:25:00Z,8
YON,Yonkers Raceway,2026-05-12,9,01:25,Pace 1m,Pace,Dirt,1m,"$21,000",3,Yorokobi N,"Marohn, Jim Jr","Tritton, Peter",20/1,False,Harness,tvg,https://api.tvg.com/cosmo/v1/graphql,2026-05-11T21:14:17.546073,1.0.0,Bettor's Delight,Rockin Cullen,Christian Cullen,9,G,"Pjt Investments LLC,Madison,CT",0,20/1,21.0,21.0,YON-9,2026-05-12T01:25:00Z,8
YON,Yonkers Raceway,2026-05-12,9,01:25,Pace 1m,Pace,Dirt,1m,"$21,000",4,Hemsworth N,"Siegelman, Aus","Bako, Jared",5/1,False,Harness,tvg,https://api.tvg.com/cosmo/v1/graphql,2026-05-11T21:14:17.546089,1.0.0,Sweet Lou,In Hollywood,In The Pocket,9,G,"1362313 Ontario LTD,Windsor,ON, CA",0,5/1,6.0,6.0,YON-9,2026-05-12T01:25:00Z,8
YON,Yonkers Raceway,2026-05-12,9,01:25,Pace 1m,Pace,Dirt,1m,"$21,000",5,Catalpa Rescue A,"Bartlett, Jaso","Blackler, Scot",8/5,False,Harness,tvg,https://api.tvg.com/cosmo/v1/graphql,2026-05-11T21:14:17.546106,1.0.0,American Ideal,Soho Siren,Art Major,7,G,"Chad J Kowal,Cuddebackville,NY",0,8/5,2.6,2.6,YON-9,2026-05-12T01:25:00Z,8
YON,Yonkers Raceway,2026-05-12,9,01:25,Pace 1m,Pace,Dirt,1m,"$21,000",6,Rockin Jukebox,"Bongiorno, Joe","Bongiorno, Joe",15/1,False,Harness,tvg,https://api.tvg.com/cosmo/v1/graphql,2026-05-11T21:14:17.546121,1.0.0,Rock N Roll Heaven,Plant A Kiss,Blissfull Hall,9,G,"Joseph Bongiorno LLC,Monroe,NJ;Blai",0,15/1,16.0,16.0,YON-9,2026-05-12T01:25:00Z,8
YON,Yonkers Raceway,2026-05-12,9,01:25,Pace 1m,Pace,Dirt,1m,"$21,000",7,Rydingtothewire,"Tritton, Laure","Tritton, Shane",10/1,False,Harness,tvg,https://api.tvg.com/cosmo/v1/graphql,2026-05-11T21:14:17.546135,1.0.0,Bettor's Wish,Seashell Hanover,Somebeachsomewhere,5,G,"Joshua Jay Graber,Quincy,MI",0,10/1,11.0,11.0,YON-9,2026-05-12T01:25:00Z,8
YON,Yonkers Raceway,2026-05-12,9,01:25,Pace 1m,Pace,Dirt,1m,"$21,000",8,Hammering Hank,"Holland, Brent","Laterza, Denni",12/1,False,Harness,tvg,https://api.tvg.com/cosmo/v1/graphql,2026-05-11T21:14:17.546149,1.0.0,Captaintreacherous,History Repeats,Dragon Again,7,G,"Ginko Stable Inc,Briar Cliff Manor,",0,12/1,13.0,13.0,YON-9,2026-05-12T01:25:00Z,8
