track_code,track_name,race_date,race_number,race_time,race_name,race_class,surface,distance,purse,program_number,runner_name,jockey,trainer,ml_odds,scratched,breed,source_name,source_url,fetched_at,parser_version,sire,dam,dam_sire,age,sex,owner,weight,current_odds,current_odds_decimal,ml_odds_decimal,race_id,post_time_utc,num_runners
BE6,BEL P6 Fri-Sat,2026-06-06,1,21:08,Stakes 9f,Stakes,Dirt,9f,"$500,000",1,Prom Queen,Prat Flavien,Cox Brad H,7/2,False,Thoroughbred,tvg,https://api.tvg.com/cosmo/v1/graphql,2026-06-06T01:50:49.130814,1.0.0,Quality Road,Miss Bling Bling,Tapit,3,F,Gary and Mary West,124,7/2,4.5,4.5,BE6-1,2026-06-05T21:08:00Z,5
BE6,BEL P6 Fri-Sat,2026-06-06,1,21:08,Stakes 9f,Stakes,Dirt,9f,"$500,000",2,Counting Stars,Ortiz Jr Irad,Casse Mark E,9/2,False,Thoroughbred,tvg,https://api.tvg.com/cosmo/v1/graphql,2026-06-06T01:50:49.130899,1.0.0,Honor A. P.,Paynterbynumbers,Paynter,3,F,West Point Thoroughbreds,124,9/2,5.5,5.5,BE6-1,2026-06-05T21:08:00Z,5
BE6,BEL P6 Fri-Sat,2026-06-06,1,21:08,Stakes 9f,Stakes,Dirt,9f,"$500,000",3,Meaning,Hernandez Juan J,Mccarthy Michael W,3/1,False,Thoroughbred,tvg,https://api.tvg.com/cosmo/v1/graphql,2026-06-06T01:50:49.130921,1.0.0,Gun Runner,Figure Of Speech,Into Mischief,3,F,Bridlewood Farm and Eclipse Thoroug,124,3/1,4.0,4.0,BE6-1,2026-06-05T21:08:00Z,5
BE6,BEL P6 Fri-Sat,2026-06-06,1,21:08,Stakes 9f,Stakes,Dirt,9f,"$500,000",4,Maximum Offer,Geroux Florent,Mcpeek Kenneth G,15/1,False,Thoroughbred,tvg,https://api.tvg.com/cosmo/v1/graphql,2026-06-06T01:50:49.130936,1.0.0,Maxfield,No Better Terms,Pure Prize,3,F,"Baccari Racing Stable, LLC, Riccio,",124,15/1,16.0,16.0,BE6-1,2026-06-05T21:08:00Z,5
BE6,BEL P6 Fri-Sat,2026-06-06,1,21:08,Stakes 9f,Stakes,Dirt,9f,"$500,000",5,Always A Runner,Ortiz Jose L,Brown Chad C,4/5,False,Thoroughbred,tvg,https://api.tvg.com/cosmo/v1/graphql,2026-06-06T01:50:49.130952,1.0.0,Gun Runner,Always Carina,Malibu Moon,3,F,"Scharbauer, Douglas and Three Chimn",124,4/5,1.8,1.8,BE6-1,2026-06-05T21:08:00Z,5
BE6,BEL P6 Fri-Sat,2026-06-06,2,22:25,Stakes 9f,Stakes,Dirt,9f,"$500,000",1,Fully Subscribed,Prat Flavien,Brown Chad C,5/2,False,Thoroughbred,tvg,https://api.tvg.com/cosmo/v1/graphql,2026-06-06T01:50:49.131007,1.0.0,Tiz The Law,Sweetbaby,Candy Ride (Arg),4,F,"Klaravich Stables, Inc.",122,5/2,3.5,3.5,BE6-2,2026-06-05T22:25:00Z,6
BE6,BEL P6 Fri-Sat,2026-06-06,2,22:25,Stakes 9f,Stakes,Dirt,9f,"$500,000",2,Regaled,Ramos Joseph D,Beckman D Whitworth,5/1,False,Thoroughbred,tvg,https://api.tvg.com/cosmo/v1/graphql,2026-06-06T01:50:49.131024,1.0.0,Mohaymen,Ascot Walk,Daaher,5,M,Ribble Farms and Front Page Equestr,122,5/1,6.0,6.0,BE6-2,2026-06-05T22:25:00Z,6
BE6,BEL P6 Fri-Sat,2026-06-06,2,22:25,Stakes 9f,Stakes,Dirt,9f,"$500,000",3,Alpine Princess,Ortiz Jr Irad,Cox Brad H,4/1,False,Thoroughbred,tvg,https://api.tvg.com/cosmo/v1/graphql,2026-06-06T01:50:49.131039,1.0.0,Classic Empire,Le Moine,Curlin,5,M,Full of Run Racing LLC and Madaket,122,4/1,5.0,5.0,BE6-2,2026-06-05T22:25:00Z,6
BE6,BEL P6 Fri-Sat,2026-06-06,2,22:25,Stakes 9f,Stakes,Dirt,9f,"$500,000",4,Cassiar,Davis Dylan,Mcgaughey Iii C R,15/1,False,Thoroughbred,tvg,https://api.tvg.com/cosmo/v1/graphql,2026-06-06T01:50:49.131084,1.0.0,City Of Light,Nellie Cashman,Mineshaft,4,F,"Lane's End, LLC",120,15/1,16.0,16.0,BE6-2,2026-06-05T22:25:00Z,6
BE6,BEL P6 Fri-Sat,2026-06-06,2,22:25,Stakes 9f,Stakes,Dirt,9f,"$500,000",5,Nitrogen,Ortiz Jose L,Casse Mark E,7/5,False,Thoroughbred,tvg,https://api.tvg.com/cosmo/v1/graphql,2026-06-06T01:50:49.131102,1.0.0,Medaglia D'oro,Tiffany Case,Uncle Mo,4,F,D. J. Stable LLC,124,7/5,2.4,2.4,BE6-2,2026-06-05T22:25:00Z,6
BE6,BEL P6 Fri-Sat,2026-06-06,2,22:25,Stakes 9f,Stakes,Dirt,9f,"$500,000",6,Bless The Broken,Geroux Florent,Cox Brad H,6/1,False,Thoroughbred,tvg,https://api.tvg.com/cosmo/v1/graphql,2026-06-06T01:50:49.131118,1.0.0,Laoban,The Nightingale,Tapit,4,F,"Qatar Racing, Mountmellick Farm and",120,6/1,7.0,7.0,BE6-2,2026-06-05T22:25:00Z,6
BE6,BEL P6 Fri-Sat,2026-06-06,3,19:25,Stakes 6.5f,Stakes,Dirt,6.5f,"$400,000",1,Acoustic Ave,Lezcano Jose,Rice Linda,30/1,False,Thoroughbred,tvg,https://api.tvg.com/cosmo/v1/graphql,2026-06-06T01:50:49.131158,1.0.0,Maclean's Music,Rock Ave. Road,Street Boss,6,G,A. Bianco Holding Limited,120,30/1,31.0,31.0,BE6-3,2026-06-06T19:25:00Z,9
BE6,BEL P6 Fri-Sat,2026-06-06,3,19:25,Stakes 6.5f,Stakes,Dirt,6.5f,"$400,000",2,Imagination,Prat Flavien,Baffert Bob,4/1,False,Thoroughbred,tvg,https://api.tvg.com/cosmo/v1/graphql,2026-06-06T01:50:49.131173,1.0.0,Into Mischief,Magical Feeling,Empire Maker,5,H,"SF Racing LLC, Starlight Racing, Ma",124,4/1,5.0,5.0,BE6-3,2026-06-06T19:25:00Z,9
BE6,BEL P6 Fri-Sat,2026-06-06,3,19:25,Stakes 6.5f,Stakes,Dirt,6.5f,"$400,000",3,Bentornato,Ortiz Jr Irad,D'angelo Jose F,8/5,False,Thoroughbred,tvg,https://api.tvg.com/cosmo/v1/graphql,2026-06-06T01:50:49.131186,1.0.0,Valiant Minister,Her Special Way,Put It Back,5,R,Leon King Stable Corp. and TCC Stab,124,8/5,2.6,2.6,BE6-3,2026-06-06T19:25:00Z,9
BE6,BEL P6 Fri-Sat,2026-06-06,3,19:25,Stakes 6.5f,Stakes,Dirt,6.5f,"$400,000",4,Listenupshance,Fresu Antonio,O'neill Doug F,30/1,False,Thoroughbred,tvg,https://api.tvg.com/cosmo/v1/graphql,2026-06-06T01:50:49.131201,1.0.0,Shancelot,Listenupnow,Hard Spun,4,G,Run Fast Racing,120,30/1,31.0,31.0,BE6-3,2026-06-06T19:25:00Z,9
BE6,BEL P6 Fri-Sat,2026-06-06,3,19:25,Stakes 6.5f,Stakes,Dirt,6.5f,"$400,000",5,Faust,Ortiz Jose L,Asmussen Steven M,15/1,False,Thoroughbred,tvg,https://api.tvg.com/cosmo/v1/graphql,2026-06-06T01:50:49.131217,1.0.0,Volatile,Whistling Straits,Scat Daddy,4,C,"Heiligbrodt, Corinne and Heiligbrod",120,15/1,16.0,16.0,BE6-3,2026-06-06T19:25:00Z,9
BE6,BEL P6 Fri-Sat,2026-06-06,3,19:25,Stakes 6.5f,Stakes,Dirt,6.5f,"$400,000",6,Book'em Danno,Lopez Paco,Ryan Derek S,2/1,False,Thoroughbred,tvg,https://api.tvg.com/cosmo/v1/graphql,2026-06-06T01:50:49.131240,1.0.0,Bucchero,Adorabella,Ghostzapper,5,G,"Atlantic Six Racing, LLC",124,2/1,3.0,3.0,BE6-3,2026-06-06T19:25:00Z,9
BE6,BEL P6 Fri-Sat,2026-06-06,3,19:25,Stakes 6.5f,Stakes,Dirt,6.5f,"$400,000",7,Be You,Velazquez John R,Pletcher Todd A,12/1,False,Thoroughbred,tvg,https://api.tvg.com/cosmo/v1/graphql,2026-06-06T01:50:49.131261,1.0.0,Curlin,Jacaranda,Congrats,5,G,Repole Stable,122,12/1,13.0,13.0,BE6-3,2026-06-06T19:25:00Z,9
BE6,BEL P6 Fri-Sat,2026-06-06,3,19:25,Stakes 6.5f,Stakes,Dirt,6.5f,"$400,000",8,Illuminare,Franco Manuel,Pletcher Todd A,10/1,False,Thoroughbred,tvg,https://api.tvg.com/cosmo/v1/graphql,2026-06-06T01:50:49.131276,1.0.0,City Of Light,I Still Miss You,Majestic Warrior,5,H,Centennial Farms,120,10/1,11.0,11.0,BE6-3,2026-06-06T19:25:00Z,9
BE6,BEL P6 Fri-Sat,2026-06-06,3,19:25,Stakes 6.5f,Stakes,Dirt,6.5f,"$400,000",9,Pentathlon,Davis Dylan,Mcgaughey Iii C R,12/1,False,Thoroughbred,tvg,https://api.tvg.com/cosmo/v1/graphql,2026-06-06T01:50:49.131289,1.0.0,Speightstown,Parade,Tapit,5,H,"Phipps Stable, St. Elias Stable and",122,12/1,13.0,13.0,BE6-3,2026-06-06T19:25:00Z,9
BE6,BEL P6 Fri-Sat,2026-06-06,4,20:52,Stakes 7f,Stakes,Dirt,7f,"$500,000",1,Gilded Bandit,Alvarado Junior,Mott William I,8/1,False,Thoroughbred,tvg,https://api.tvg.com/cosmo/v1/graphql,2026-06-06T01:50:49.131322,1.0.0,Charlatan,Diamond Ore,Tapit,3,C,Pin Oak Stud LLC,124,8/1,9.0,9.0,BE6-4,2026-06-06T20:52:00Z,9
BE6,BEL P6 Fri-Sat,2026-06-06,4,20:52,Stakes 7f,Stakes,Dirt,7f,"$500,000",2,Obliteration,Velazquez John R,Asmussen Steven M,8/1,False,Thoroughbred,tvg,https://api.tvg.com/cosmo/v1/graphql,2026-06-06T01:50:49.131339,1.0.0,Violence,I'mclassyandsassy,Master Command,3,C,"Leland Ackerley Racing, Sherwood, J",124,8/1,9.0,9.0,BE6-4,2026-06-06T20:52:00Z,9
BE6,BEL P6 Fri-Sat,2026-06-06,4,20:52,Stakes 7f,Stakes,Dirt,7f,"$500,000",3,Six Speed,Ortiz Jr Irad,Weaver George,10/1,False,Thoroughbred,tvg,https://api.tvg.com/cosmo/v1/graphql,2026-06-06T01:50:49.131354,1.0.0,Not This Time,Browse,Medaglia D'oro,3,C,"Black Type Thoroughbreds, Brunetti",124,10/1,11.0,11.0,BE6-4,2026-06-06T20:52:00Z,9
BE6,BEL P6 Fri-Sat,2026-06-06,4,20:52,Stakes 7f,Stakes,Dirt,7f,"$500,000",4,Stradale,Santana Jr Ricardo,Asmussen Steven M,15/1,False,Thoroughbred,tvg,https://api.tvg.com/cosmo/v1/graphql,2026-06-06T01:50:49.131368,1.0.0,Yaupon,Twitterpated,Stormy Atlantic,3,C,"Kaleem Shah, Inc.",124,15/1,16.0,16.0,BE6-4,2026-06-06T20:52:00Z,9
BE6,BEL P6 Fri-Sat,2026-06-06,4,20:52,Stakes 7f,Stakes,Dirt,7f,"$500,000",5,Solitude Dude,Prat Flavien,Joseph Jr Saffie A,6/1,False,Thoroughbred,tvg,https://api.tvg.com/cosmo/v1/graphql,2026-06-06T01:50:49.131394,1.0.0,Yaupon,After The Party,Into Mischief,3,C,Chris Fountoukis,124,6/1,7.0,7.0,BE6-4,2026-06-06T20:52:00Z,9
BE6,BEL P6 Fri-Sat,2026-06-06,4,20:52,Stakes 7f,Stakes,Dirt,7f,"$500,000",6,Crude Velocity,Geroux Florent,Baffert Bob,9/5,False,Thoroughbred,tvg,https://api.tvg.com/cosmo/v1/graphql,2026-06-06T01:50:49.131410,1.0.0,Beau Liam,Sweetnsour Kitty,Lemon Drop Kid,3,C,CSLR Racing Partners,124,9/5,2.8,2.8,BE6-4,2026-06-06T20:52:00Z,9
BE6,BEL P6 Fri-Sat,2026-06-06,4,20:52,Stakes 7f,Stakes,Dirt,7f,"$500,000",7,Englishman,Ortiz Jose L,Devaux Cherie,3/1,False,Thoroughbred,tvg,https://api.tvg.com/cosmo/v1/graphql,2026-06-06T01:50:49.131430,1.0.0,Maxfield,In It For The Gold,Speightstown,3,C,C R K Stable LLC,124,3/1,4.0,4.0,BE6-4,2026-06-06T20:52:00Z,9
BE6,BEL P6 Fri-Sat,2026-06-06,4,20:52,Stakes 7f,Stakes,Dirt,7f,"$500,000",8,Civil Liberty,Fresu Antonio,O'neill Doug F,10/1,False,Thoroughbred,tvg,https://api.tvg.com/cosmo/v1/graphql,2026-06-06T01:50:49.131445,1.0.0,Independence Hall,Love And Respect,Tiznow,3,C,"Dado, Craig and Davis, Mark D.",124,10/1,11.0,11.0,BE6-4,2026-06-06T20:52:00Z,9
BE6,BEL P6 Fri-Sat,2026-06-06,4,20:52,Stakes 7f,Stakes,Dirt,7f,"$500,000",9,Taj Mahal,Franco Manuel,Russell Brittany T,15/1,False,Thoroughbred,tvg,https://api.tvg.com/cosmo/v1/graphql,2026-06-06T01:50:49.131469,1.0.0,Nyquist,Oola Gal,Quality Road,3,C,"SF Racing, LLC, Starlight Racing, M",124,15/1,16.0,16.0,BE6-4,2026-06-06T20:52:00Z,9
BE6,BEL P6 Fri-Sat,2026-06-06,5,21:32,Stakes 8f,Stakes,Dirt,8f,"$1,000,000",1,Nysos,Prat Flavien,Baffert Bob,9/5,False,Thoroughbred,tvg,https://api.tvg.com/cosmo/v1/graphql,2026-06-06T01:50:49.131501,1.0.0,Nyquist,Zetta Z,Bernardini,5,H,Baoma Corp,126,9/5,2.8,2.8,BE6-5,2026-06-06T21:32:00Z,7
BE6,BEL P6 Fri-Sat,2026-06-06,5,21:32,Stakes 8f,Stakes,Dirt,8f,"$1,000,000",2,Vibe,Saez Luis,Pletcher Todd A,15/1,False,Thoroughbred,tvg,https://api.tvg.com/cosmo/v1/graphql,2026-06-06T01:50:49.131513,1.0.0,Into Mischief,Nonna Mia,Empire Maker,4,C,"Repole Stable, West Point Thoroughb",118,15/1,16.0,16.0,BE6-5,2026-06-06T21:32:00Z,7
BE6,BEL P6 Fri-Sat,2026-06-06,5,21:32,Stakes 8f,Stakes,Dirt,8f,"$1,000,000",3,Antiquarian,Velazquez John R,Pletcher Todd A,6/1,False,Thoroughbred,tvg,https://api.tvg.com/cosmo/v1/graphql,2026-06-06T01:50:49.131530,1.0.0,Preservationist,Lifetime Memory,Istan,5,H,Centennial Farms,124,6/1,7.0,7.0,BE6-5,2026-06-06T21:32:00Z,7
BE6,BEL P6 Fri-Sat,2026-06-06,5,21:32,Stakes 8f,Stakes,Dirt,8f,"$1,000,000",4,Saudi Crown,Ortiz Jr Irad,Cox Brad H,8/1,False,Thoroughbred,tvg,https://api.tvg.com/cosmo/v1/graphql,2026-06-06T01:50:49.131542,1.0.0,Always Dreaming,New Narration,Tapit,6,H,FMQ Stables,123,8/1,9.0,9.0,BE6-5,2026-06-06T21:32:00Z,7
BE6,BEL P6 Fri-Sat,2026-06-06,5,21:32,Stakes 8f,Stakes,Dirt,8f,"$1,000,000",5,Rated By Merit,Davis Dylan,Brown Chad C,10/1,False,Thoroughbred,tvg,https://api.tvg.com/cosmo/v1/graphql,2026-06-06T01:50:49.131558,1.0.0,Battalion Runner,Banner Waving,Speightstown,4,C,St. Elias Stable,119,10/1,11.0,11.0,BE6-5,2026-06-06T21:32:00Z,7
BE6,BEL P6 Fri-Sat,2026-06-06,5,21:32,Stakes 8f,Stakes,Dirt,8f,"$1,000,000",6,Knightsbridge,Alvarado Junior,Mott William I,7/2,False,Thoroughbred,tvg,https://api.tvg.com/cosmo/v1/graphql,2026-06-06T01:50:49.131572,1.0.0,Nyquist,Tyburn Brook,Bernardini,5,H,"Godolphin, LLC",121,7/2,4.5,4.5,BE6-5,2026-06-06T21:32:00Z,7
BE6,BEL P6 Fri-Sat,2026-06-06,5,21:32,Stakes 8f,Stakes,Dirt,8f,"$1,000,000",7,Journalism,Ortiz Jose L,Mccarthy Michael W,5/2,False,Thoroughbred,tvg,https://api.tvg.com/cosmo/v1/graphql,2026-06-06T01:50:49.131587,1.0.0,Curlin,Mopotism,Uncle Mo,4,C,"Eclipse Thoroughbred Partners, Brid",125,5/2,3.5,3.5,BE6-5,2026-06-06T21:32:00Z,7
BE6,BEL P6 Fri-Sat,2026-06-06,6,23:04,Stakes 10f,Stakes,Dirt,10f,"$2,000,000",1,Vitruvian Man,Fresu Antonio,O'neill Doug F,30/1,False,Thoroughbred,tvg,https://api.tvg.com/cosmo/v1/graphql,2026-06-06T01:50:49.131612,1.0.0,Vino Rosso,Caradini,Bernardini,3,C,Glenn Sorgenstein WC Racing Inc. an,126,30/1,31.0,31.0,BE6-6,2026-06-06T23:04:00Z,9
BE6,BEL P6 Fri-Sat,2026-06-06,6,23:04,Stakes 10f,Stakes,Dirt,10f,"$2,000,000",2,Powershift,Saez Luis,Pletcher Todd A,12/1,False,Thoroughbred,tvg,https://api.tvg.com/cosmo/v1/graphql,2026-06-06T01:50:49.131625,1.0.0,Constitution,Free Flying Soul,Quiet American,3,C,Repole Stable,126,12/1,13.0,13.0,BE6-6,2026-06-06T23:04:00Z,9
BE6,BEL P6 Fri-Sat,2026-06-06,6,23:04,Stakes 10f,Stakes,Dirt,10f,"$2,000,000",3,Chief Wallabee,Alvarado Junior,Mott William I,3/1,False,Thoroughbred,tvg,https://api.tvg.com/cosmo/v1/graphql,2026-06-06T01:50:49.131641,1.0.0,Constitution,A La Lucie,Medaglia D'oro,3,C,"Ball, Michael and Ball, Katherine G",126,3/1,4.0,4.0,BE6-6,2026-06-06T23:04:00Z,9
BE6,BEL P6 Fri-Sat,2026-06-06,6,23:04,Stakes 10f,Stakes,Dirt,10f,"$2,000,000",4,Renegade,Ortiz Jr Irad,Pletcher Todd A,2/1,False,Thoroughbred,tvg,https://api.tvg.com/cosmo/v1/graphql,2026-06-06T01:50:49.131654,1.0.0,Into Mischief,Spice Is Nice,Curlin,3,C,"Low, Robert, Low, Lawana L. and Rep",126,2/1,3.0,3.0,BE6-6,2026-06-06T23:04:00Z,9
BE6,BEL P6 Fri-Sat,2026-06-06,6,23:04,Stakes 10f,Stakes,Dirt,10f,"$2,000,000",5,Ottinho,Davis Dylan,Brown Chad C,20/1,False,Thoroughbred,tvg,https://api.tvg.com/cosmo/v1/graphql,2026-06-06T01:50:49.131666,1.0.0,Quality Road,Quiet Giant,Giant's Causeway,3,C,"Three Chimneys Farm, LLC (Goncalo B",126,20/1,21.0,21.0,BE6-6,2026-06-06T23:04:00Z,9
BE6,BEL P6 Fri-Sat,2026-06-06,6,23:04,Stakes 10f,Stakes,Dirt,10f,"$2,000,000",6,Growth Equity,Franco Manuel,Brown Chad C,12/1,False,Thoroughbred,tvg,https://api.tvg.com/cosmo/v1/graphql,2026-06-06T01:50:49.131679,1.0.0,Nyquist,My Dear Venezuela,Wildcat Heir,3,C,"Klaravich Stables, Inc.",126,12/1,13.0,13.0,BE6-6,2026-06-06T23:04:00Z,9
BE6,BEL P6 Fri-Sat,2026-06-06,6,23:04,Stakes 10f,Stakes,Dirt,10f,"$2,000,000",7,Commandment,Velazquez John R,Cox Brad H,6/1,False,Thoroughbred,tvg,https://api.tvg.com/cosmo/v1/graphql,2026-06-06T01:50:49.131694,1.0.0,Into Mischief,Sippican Harbor,Orb,3,C,Wathnan Racing,126,6/1,7.0,7.0,BE6-6,2026-06-06T23:04:00Z,9
BE6,BEL P6 Fri-Sat,2026-06-06,6,23:04,Stakes 10f,Stakes,Dirt,10f,"$2,000,000",8,Emerging Market,Prat Flavien,Brown Chad C,6/1,False,Thoroughbred,tvg,https://api.tvg.com/cosmo/v1/graphql,2026-06-06T01:50:49.131709,1.0.0,Candy Ride (Arg),Wild Empress,Empire Maker,3,C,"Klaravich Stables, Inc.",126,6/1,7.0,7.0,BE6-6,2026-06-06T23:04:00Z,9
BE6,BEL P6 Fri-Sat,2026-06-06,6,23:04,Stakes 10f,Stakes,Dirt,10f,"$2,000,000",9,Golden Tempo,Ortiz Jose L,Devaux Cherie,9/2,False,Thoroughbred,tvg,https://api.tvg.com/cosmo/v1/graphql,2026-06-06T01:50:49.131726,1.0.0,Curlin,Carrumba,Bernardini,3,C,Phipps Stable and St. Elias Stable,126,9/2,5.5,5.5,BE6-6,2026-06-06T23:04:00Z,9
BEB,BEL Acorn-Belmont Stakes DD,2026-06-06,1,21:08,Stakes 9f,Stakes,Dirt,9f,"$500,000",1,Prom Queen,Prat Flavien,Cox Brad H,7/2,False,Thoroughbred,tvg,https://api.tvg.com/cosmo/v1/graphql,2026-06-06T01:50:49.147007,1.0.0,Quality Road,Miss Bling Bling,Tapit,3,F,Gary and Mary West,124,7/2,4.5,4.5,BEB-1,2026-06-05T21:08:00Z,5
BEB,BEL Acorn-Belmont Stakes DD,2026-06-06,1,21:08,Stakes 9f,Stakes,Dirt,9f,"$500,000",2,Counting Stars,Ortiz Jr Irad,Casse Mark E,9/2,False,Thoroughbred,tvg,https://api.tvg.com/cosmo/v1/graphql,2026-06-06T01:50:49.147045,1.0.0,Honor A. P.,Paynterbynumbers,Paynter,3,F,West Point Thoroughbreds,124,9/2,5.5,5.5,BEB-1,2026-06-05T21:08:00Z,5
BEB,BEL Acorn-Belmont Stakes DD,2026-06-06,1,21:08,Stakes 9f,Stakes,Dirt,9f,"$500,000",3,Meaning,Hernandez Juan J,Mccarthy Michael W,3/1,False,Thoroughbred,tvg,https://api.tvg.com/cosmo/v1/graphql,2026-06-06T01:50:49.147061,1.0.0,Gun Runner,Figure Of Speech,Into Mischief,3,F,Bridlewood Farm and Eclipse Thoroug,124,3/1,4.0,4.0,BEB-1,2026-06-05T21:08:00Z,5
BEB,BEL Acorn-Belmont Stakes DD,2026-06-06,1,21:08,Stakes 9f,Stakes,Dirt,9f,"$500,000",4,Maximum Offer,Geroux Florent,Mcpeek Kenneth G,15/1,False,Thoroughbred,tvg,https://api.tvg.com/cosmo/v1/graphql,2026-06-06T01:50:49.147087,1.0.0,Maxfield,No Better Terms,Pure Prize,3,F,"Baccari Racing Stable, LLC, Riccio,",124,15/1,16.0,16.0,BEB-1,2026-06-05T21:08:00Z,5
BEB,BEL Acorn-Belmont Stakes DD,2026-06-06,1,21:08,Stakes 9f,Stakes,Dirt,9f,"$500,000",5,Always A Runner,Ortiz Jose L,Brown Chad C,4/5,False,Thoroughbred,tvg,https://api.tvg.com/cosmo/v1/graphql,2026-06-06T01:50:49.147103,1.0.0,Gun Runner,Always Carina,Malibu Moon,3,F,"Scharbauer, Douglas and Three Chimn",124,4/5,1.8,1.8,BEB-1,2026-06-05T21:08:00Z,5
BEB,BEL Acorn-Belmont Stakes DD,2026-06-06,2,23:04,Stakes 10f,Stakes,Dirt,10f,"$2,000,000",1,Vitruvian Man,Fresu Antonio,O'neill Doug F,30/1,False,Thoroughbred,tvg,https://api.tvg.com/cosmo/v1/graphql,2026-06-06T01:50:49.147141,1.0.0,Vino Rosso,Caradini,Bernardini,3,C,Glenn Sorgenstein WC Racing Inc. an,126,30/1,31.0,31.0,BEB-2,2026-06-06T23:04:00Z,9
BEB,BEL Acorn-Belmont Stakes DD,2026-06-06,2,23:04,Stakes 10f,Stakes,Dirt,10f,"$2,000,000",2,Powershift,Saez Luis,Pletcher Todd A,12/1,False,Thoroughbred,tvg,https://api.tvg.com/cosmo/v1/graphql,2026-06-06T01:50:49.147153,1.0.0,Constitution,Free Flying Soul,Quiet American,3,C,Repole Stable,126,12/1,13.0,13.0,BEB-2,2026-06-06T23:04:00Z,9
BEB,BEL Acorn-Belmont Stakes DD,2026-06-06,2,23:04,Stakes 10f,Stakes,Dirt,10f,"$2,000,000",3,Chief Wallabee,Alvarado Junior,Mott William I,3/1,False,Thoroughbred,tvg,https://api.tvg.com/cosmo/v1/graphql,2026-06-06T01:50:49.147163,1.0.0,Constitution,A La Lucie,Medaglia D'oro,3,C,"Ball, Michael and Ball, Katherine G",126,3/1,4.0,4.0,BEB-2,2026-06-06T23:04:00Z,9
BEB,BEL Acorn-Belmont Stakes DD,2026-06-06,2,23:04,Stakes 10f,Stakes,Dirt,10f,"$2,000,000",4,Renegade,Ortiz Jr Irad,Pletcher Todd A,2/1,False,Thoroughbred,tvg,https://api.tvg.com/cosmo/v1/graphql,2026-06-06T01:50:49.147177,1.0.0,Into Mischief,Spice Is Nice,Curlin,3,C,"Low, Robert, Low, Lawana L. and Rep",126,2/1,3.0,3.0,BEB-2,2026-06-06T23:04:00Z,9
BEB,BEL Acorn-Belmont Stakes DD,2026-06-06,2,23:04,Stakes 10f,Stakes,Dirt,10f,"$2,000,000",5,Ottinho,Davis Dylan,Brown Chad C,20/1,False,Thoroughbred,tvg,https://api.tvg.com/cosmo/v1/graphql,2026-06-06T01:50:49.147188,1.0.0,Quality Road,Quiet Giant,Giant's Causeway,3,C,"Three Chimneys Farm, LLC (Goncalo B",126,20/1,21.0,21.0,BEB-2,2026-06-06T23:04:00Z,9
BEB,BEL Acorn-Belmont Stakes DD,2026-06-06,2,23:04,Stakes 10f,Stakes,Dirt,10f,"$2,000,000",6,Growth Equity,Franco Manuel,Brown Chad C,12/1,False,Thoroughbred,tvg,https://api.tvg.com/cosmo/v1/graphql,2026-06-06T01:50:49.147199,1.0.0,Nyquist,My Dear Venezuela,Wildcat Heir,3,C,"Klaravich Stables, Inc.",126,12/1,13.0,13.0,BEB-2,2026-06-06T23:04:00Z,9
BEB,BEL Acorn-Belmont Stakes DD,2026-06-06,2,23:04,Stakes 10f,Stakes,Dirt,10f,"$2,000,000",7,Commandment,Velazquez John R,Cox Brad H,6/1,False,Thoroughbred,tvg,https://api.tvg.com/cosmo/v1/graphql,2026-06-06T01:50:49.147210,1.0.0,Into Mischief,Sippican Harbor,Orb,3,C,Wathnan Racing,126,6/1,7.0,7.0,BEB-2,2026-06-06T23:04:00Z,9
BEB,BEL Acorn-Belmont Stakes DD,2026-06-06,2,23:04,Stakes 10f,Stakes,Dirt,10f,"$2,000,000",8,Emerging Market,Prat Flavien,Brown Chad C,6/1,False,Thoroughbred,tvg,https://api.tvg.com/cosmo/v1/graphql,2026-06-06T01:50:49.147223,1.0.0,Candy Ride (Arg),Wild Empress,Empire Maker,3,C,"Klaravich Stables, Inc.",126,6/1,7.0,7.0,BEB-2,2026-06-06T23:04:00Z,9
BEB,BEL Acorn-Belmont Stakes DD,2026-06-06,2,23:04,Stakes 10f,Stakes,Dirt,10f,"$2,000,000",9,Golden Tempo,Ortiz Jose L,Devaux Cherie,9/2,False,Thoroughbred,tvg,https://api.tvg.com/cosmo/v1/graphql,2026-06-06T01:50:49.147241,1.0.0,Curlin,Carrumba,Bernardini,3,C,Phipps Stable and St. Elias Stable,126,9/2,5.5,5.5,BEB-2,2026-06-06T23:04:00Z,9
BES,BEL Woody Stephens-Belmont Stakes DD,2026-06-06,1,20:52,Stakes 7f,Stakes,Dirt,7f,"$500,000",1,Gilded Bandit,Alvarado Junior,Mott William I,8/1,False,Thoroughbred,tvg,https://api.tvg.com/cosmo/v1/graphql,2026-06-06T01:50:49.152381,1.0.0,Charlatan,Diamond Ore,Tapit,3,C,Pin Oak Stud LLC,124,8/1,9.0,9.0,BES-1,2026-06-06T20:52:00Z,9
BES,BEL Woody Stephens-Belmont Stakes DD,2026-06-06,1,20:52,Stakes 7f,Stakes,Dirt,7f,"$500,000",2,Obliteration,Velazquez John R,Asmussen Steven M,8/1,False,Thoroughbred,tvg,https://api.tvg.com/cosmo/v1/graphql,2026-06-06T01:50:49.152429,1.0.0,Violence,I'mclassyandsassy,Master Command,3,C,"Leland Ackerley Racing, Sherwood, J",124,8/1,9.0,9.0,BES-1,2026-06-06T20:52:00Z,9
BES,BEL Woody Stephens-Belmont Stakes DD,2026-06-06,1,20:52,Stakes 7f,Stakes,Dirt,7f,"$500,000",3,Six Speed,Ortiz Jr Irad,Weaver George,10/1,False,Thoroughbred,tvg,https://api.tvg.com/cosmo/v1/graphql,2026-06-06T01:50:49.152444,1.0.0,Not This Time,Browse,Medaglia D'oro,3,C,"Black Type Thoroughbreds, Brunetti",124,10/1,11.0,11.0,BES-1,2026-06-06T20:52:00Z,9
BES,BEL Woody Stephens-Belmont Stakes DD,2026-06-06,1,20:52,Stakes 7f,Stakes,Dirt,7f,"$500,000",4,Stradale,Santana Jr Ricardo,Asmussen Steven M,15/1,False,Thoroughbred,tvg,https://api.tvg.com/cosmo/v1/graphql,2026-06-06T01:50:49.152460,1.0.0,Yaupon,Twitterpated,Stormy Atlantic,3,C,"Kaleem Shah, Inc.",124,15/1,16.0,16.0,BES-1,2026-06-06T20:52:00Z,9
BES,BEL Woody Stephens-Belmont Stakes DD,2026-06-06,1,20:52,Stakes 7f,Stakes,Dirt,7f,"$500,000",5,Solitude Dude,Prat Flavien,Joseph Jr Saffie A,6/1,False,Thoroughbred,tvg,https://api.tvg.com/cosmo/v1/graphql,2026-06-06T01:50:49.152476,1.0.0,Yaupon,After The Party,Into Mischief,3,C,Chris Fountoukis,124,6/1,7.0,7.0,BES-1,2026-06-06T20:52:00Z,9
BES,BEL Woody Stephens-Belmont Stakes DD,2026-06-06,1,20:52,Stakes 7f,Stakes,Dirt,7f,"$500,000",6,Crude Velocity,Geroux Florent,Baffert Bob,9/5,False,Thoroughbred,tvg,https://api.tvg.com/cosmo/v1/graphql,2026-06-06T01:50:49.152491,1.0.0,Beau Liam,Sweetnsour Kitty,Lemon Drop Kid,3,C,CSLR Racing Partners,124,9/5,2.8,2.8,BES-1,2026-06-06T20:52:00Z,9
BES,BEL Woody Stephens-Belmont Stakes DD,2026-06-06,1,20:52,Stakes 7f,Stakes,Dirt,7f,"$500,000",7,Englishman,Ortiz Jose L,Devaux Cherie,3/1,False,Thoroughbred,tvg,https://api.tvg.com/cosmo/v1/graphql,2026-06-06T01:50:49.152503,1.0.0,Maxfield,In It For The Gold,Speightstown,3,C,C R K Stable LLC,124,3/1,4.0,4.0,BES-1,2026-06-06T20:52:00Z,9
BES,BEL Woody Stephens-Belmont Stakes DD,2026-06-06,1,20:52,Stakes 7f,Stakes,Dirt,7f,"$500,000",8,Civil Liberty,Fresu Antonio,O'neill Doug F,10/1,False,Thoroughbred,tvg,https://api.tvg.com/cosmo/v1/graphql,2026-06-06T01:50:49.152518,1.0.0,Independence Hall,Love And Respect,Tiznow,3,C,"Dado, Craig and Davis, Mark D.",124,10/1,11.0,11.0,BES-1,2026-06-06T20:52:00Z,9
BES,BEL Woody Stephens-Belmont Stakes DD,2026-06-06,1,20:52,Stakes 7f,Stakes,Dirt,7f,"$500,000",9,Taj Mahal,Franco Manuel,Russell Brittany T,15/1,False,Thoroughbred,tvg,https://api.tvg.com/cosmo/v1/graphql,2026-06-06T01:50:49.152528,1.0.0,Nyquist,Oola Gal,Quality Road,3,C,"SF Racing, LLC, Starlight Racing, M",124,15/1,16.0,16.0,BES-1,2026-06-06T20:52:00Z,9
BES,BEL Woody Stephens-Belmont Stakes DD,2026-06-06,2,23:04,Stakes 10f,Stakes,Dirt,10f,"$2,000,000",1,Vitruvian Man,Fresu Antonio,O'neill Doug F,30/1,False,Thoroughbred,tvg,https://api.tvg.com/cosmo/v1/graphql,2026-06-06T01:50:49.152580,1.0.0,Vino Rosso,Caradini,Bernardini,3,C,Glenn Sorgenstein WC Racing Inc. an,126,30/1,31.0,31.0,BES-2,2026-06-06T23:04:00Z,9
BES,BEL Woody Stephens-Belmont Stakes DD,2026-06-06,2,23:04,Stakes 10f,Stakes,Dirt,10f,"$2,000,000",2,Powershift,Saez Luis,Pletcher Todd A,12/1,False,Thoroughbred,tvg,https://api.tvg.com/cosmo/v1/graphql,2026-06-06T01:50:49.152589,1.0.0,Constitution,Free Flying Soul,Quiet American,3,C,Repole Stable,126,12/1,13.0,13.0,BES-2,2026-06-06T23:04:00Z,9
BES,BEL Woody Stephens-Belmont Stakes DD,2026-06-06,2,23:04,Stakes 10f,Stakes,Dirt,10f,"$2,000,000",3,Chief Wallabee,Alvarado Junior,Mott William I,3/1,False,Thoroughbred,tvg,https://api.tvg.com/cosmo/v1/graphql,2026-06-06T01:50:49.152597,1.0.0,Constitution,A La Lucie,Medaglia D'oro,3,C,"Ball, Michael and Ball, Katherine G",126,3/1,4.0,4.0,BES-2,2026-06-06T23:04:00Z,9
BES,BEL Woody Stephens-Belmont Stakes DD,2026-06-06,2,23:04,Stakes 10f,Stakes,Dirt,10f,"$2,000,000",4,Renegade,Ortiz Jr Irad,Pletcher Todd A,2/1,False,Thoroughbred,tvg,https://api.tvg.com/cosmo/v1/graphql,2026-06-06T01:50:49.152607,1.0.0,Into Mischief,Spice Is Nice,Curlin,3,C,"Low, Robert, Low, Lawana L. and Rep",126,2/1,3.0,3.0,BES-2,2026-06-06T23:04:00Z,9
BES,BEL Woody Stephens-Belmont Stakes DD,2026-06-06,2,23:04,Stakes 10f,Stakes,Dirt,10f,"$2,000,000",5,Ottinho,Davis Dylan,Brown Chad C,20/1,False,Thoroughbred,tvg,https://api.tvg.com/cosmo/v1/graphql,2026-06-06T01:50:49.152615,1.0.0,Quality Road,Quiet Giant,Giant's Causeway,3,C,"Three Chimneys Farm, LLC (Goncalo B",126,20/1,21.0,21.0,BES-2,2026-06-06T23:04:00Z,9
BES,BEL Woody Stephens-Belmont Stakes DD,2026-06-06,2,23:04,Stakes 10f,Stakes,Dirt,10f,"$2,000,000",6,Growth Equity,Franco Manuel,Brown Chad C,12/1,False,Thoroughbred,tvg,https://api.tvg.com/cosmo/v1/graphql,2026-06-06T01:50:49.152625,1.0.0,Nyquist,My Dear Venezuela,Wildcat Heir,3,C,"Klaravich Stables, Inc.",126,12/1,13.0,13.0,BES-2,2026-06-06T23:04:00Z,9
BES,BEL Woody Stephens-Belmont Stakes DD,2026-06-06,2,23:04,Stakes 10f,Stakes,Dirt,10f,"$2,000,000",7,Commandment,Velazquez John R,Cox Brad H,6/1,False,Thoroughbred,tvg,https://api.tvg.com/cosmo/v1/graphql,2026-06-06T01:50:49.152635,1.0.0,Into Mischief,Sippican Harbor,Orb,3,C,Wathnan Racing,126,6/1,7.0,7.0,BES-2,2026-06-06T23:04:00Z,9
BES,BEL Woody Stephens-Belmont Stakes DD,2026-06-06,2,23:04,Stakes 10f,Stakes,Dirt,10f,"$2,000,000",8,Emerging Market,Prat Flavien,Brown Chad C,6/1,False,Thoroughbred,tvg,https://api.tvg.com/cosmo/v1/graphql,2026-06-06T01:50:49.152649,1.0.0,Candy Ride (Arg),Wild Empress,Empire Maker,3,C,"Klaravich Stables, Inc.",126,6/1,7.0,7.0,BES-2,2026-06-06T23:04:00Z,9
BES,BEL Woody Stephens-Belmont Stakes DD,2026-06-06,2,23:04,Stakes 10f,Stakes,Dirt,10f,"$2,000,000",9,Golden Tempo,Ortiz Jose L,Devaux Cherie,9/2,False,Thoroughbred,tvg,https://api.tvg.com/cosmo/v1/graphql,2026-06-06T01:50:49.152660,1.0.0,Curlin,Carrumba,Bernardini,3,C,Phipps Stable and St. Elias Stable,126,9/2,5.5,5.5,BES-2,2026-06-06T23:04:00Z,9
BM2,BEL Met Mile-Belmont Stakes DD,2026-06-06,1,21:32,Stakes 8f,Stakes,Dirt,8f,"$1,000,000",1,Nysos,Prat Flavien,Baffert Bob,9/5,False,Thoroughbred,tvg,https://api.tvg.com/cosmo/v1/graphql,2026-06-06T01:50:49.159991,1.0.0,Nyquist,Zetta Z,Bernardini,5,H,Baoma Corp,126,9/5,2.8,2.8,BM2-1,2026-06-06T21:32:00Z,7
BM2,BEL Met Mile-Belmont Stakes DD,2026-06-06,1,21:32,Stakes 8f,Stakes,Dirt,8f,"$1,000,000",2,Vibe,Saez Luis,Pletcher Todd A,15/1,False,Thoroughbred,tvg,https://api.tvg.com/cosmo/v1/graphql,2026-06-06T01:50:49.160071,1.0.0,Into Mischief,Nonna Mia,Empire Maker,4,C,"Repole Stable, West Point Thoroughb",118,15/1,16.0,16.0,BM2-1,2026-06-06T21:32:00Z,7
BM2,BEL Met Mile-Belmont Stakes DD,2026-06-06,1,21:32,Stakes 8f,Stakes,Dirt,8f,"$1,000,000",3,Antiquarian,Velazquez John R,Pletcher Todd A,6/1,False,Thoroughbred,tvg,https://api.tvg.com/cosmo/v1/graphql,2026-06-06T01:50:49.160096,1.0.0,Preservationist,Lifetime Memory,Istan,5,H,Centennial Farms,124,6/1,7.0,7.0,BM2-1,2026-06-06T21:32:00Z,7
BM2,BEL Met Mile-Belmont Stakes DD,2026-06-06,1,21:32,Stakes 8f,Stakes,Dirt,8f,"$1,000,000",4,Saudi Crown,Ortiz Jr Irad,Cox Brad H,8/1,False,Thoroughbred,tvg,https://api.tvg.com/cosmo/v1/graphql,2026-06-06T01:50:49.160119,1.0.0,Always Dreaming,New Narration,Tapit,6,H,FMQ Stables,123,8/1,9.0,9.0,BM2-1,2026-06-06T21:32:00Z,7
BM2,BEL Met Mile-Belmont Stakes DD,2026-06-06,1,21:32,Stakes 8f,Stakes,Dirt,8f,"$1,000,000",5,Rated By Merit,Davis Dylan,Brown Chad C,10/1,False,Thoroughbred,tvg,https://api.tvg.com/cosmo/v1/graphql,2026-06-06T01:50:49.160153,1.0.0,Battalion Runner,Banner Waving,Speightstown,4,C,St. Elias Stable,119,10/1,11.0,11.0,BM2-1,2026-06-06T21:32:00Z,7
BM2,BEL Met Mile-Belmont Stakes DD,2026-06-06,1,21:32,Stakes 8f,Stakes,Dirt,8f,"$1,000,000",6,Knightsbridge,Alvarado Junior,Mott William I,7/2,False,Thoroughbred,tvg,https://api.tvg.com/cosmo/v1/graphql,2026-06-06T01:50:49.160181,1.0.0,Nyquist,Tyburn Brook,Bernardini,5,H,"Godolphin, LLC",121,7/2,4.5,4.5,BM2-1,2026-06-06T21:32:00Z,7
BM2,BEL Met Mile-Belmont Stakes DD,2026-06-06,1,21:32,Stakes 8f,Stakes,Dirt,8f,"$1,000,000",7,Journalism,Ortiz Jose L,Mccarthy Michael W,5/2,False,Thoroughbred,tvg,https://api.tvg.com/cosmo/v1/graphql,2026-06-06T01:50:49.160210,1.0.0,Curlin,Mopotism,Uncle Mo,4,C,"Eclipse Thoroughbred Partners, Brid",125,5/2,3.5,3.5,BM2-1,2026-06-06T21:32:00Z,7
BM2,BEL Met Mile-Belmont Stakes DD,2026-06-06,2,23:04,Stakes 10f,Stakes,Dirt,10f,"$2,000,000",1,Vitruvian Man,Fresu Antonio,O'neill Doug F,30/1,False,Thoroughbred,tvg,https://api.tvg.com/cosmo/v1/graphql,2026-06-06T01:50:49.160794,1.0.0,Vino Rosso,Caradini,Bernardini,3,C,Glenn Sorgenstein WC Racing Inc. an,126,30/1,31.0,31.0,BM2-2,2026-06-06T23:04:00Z,9
BM2,BEL Met Mile-Belmont Stakes DD,2026-06-06,2,23:04,Stakes 10f,Stakes,Dirt,10f,"$2,000,000",2,Powershift,Saez Luis,Pletcher Todd A,12/1,False,Thoroughbred,tvg,https://api.tvg.com/cosmo/v1/graphql,2026-06-06T01:50:49.160815,1.0.0,Constitution,Free Flying Soul,Quiet American,3,C,Repole Stable,126,12/1,13.0,13.0,BM2-2,2026-06-06T23:04:00Z,9
BM2,BEL Met Mile-Belmont Stakes DD,2026-06-06,2,23:04,Stakes 10f,Stakes,Dirt,10f,"$2,000,000",3,Chief Wallabee,Alvarado Junior,Mott William I,3/1,False,Thoroughbred,tvg,https://api.tvg.com/cosmo/v1/graphql,2026-06-06T01:50:49.160832,1.0.0,Constitution,A La Lucie,Medaglia D'oro,3,C,"Ball, Michael and Ball, Katherine G",126,3/1,4.0,4.0,BM2-2,2026-06-06T23:04:00Z,9
BM2,BEL Met Mile-Belmont Stakes DD,2026-06-06,2,23:04,Stakes 10f,Stakes,Dirt,10f,"$2,000,000",4,Renegade,Ortiz Jr Irad,Pletcher Todd A,2/1,False,Thoroughbred,tvg,https://api.tvg.com/cosmo/v1/graphql,2026-06-06T01:50:49.160847,1.0.0,Into Mischief,Spice Is Nice,Curlin,3,C,"Low, Robert, Low, Lawana L. and Rep",126,2/1,3.0,3.0,BM2-2,2026-06-06T23:04:00Z,9
BM2,BEL Met Mile-Belmont Stakes DD,2026-06-06,2,23:04,Stakes 10f,Stakes,Dirt,10f,"$2,000,000",5,Ottinho,Davis Dylan,Brown Chad C,20/1,False,Thoroughbred,tvg,https://api.tvg.com/cosmo/v1/graphql,2026-06-06T01:50:49.160862,1.0.0,Quality Road,Quiet Giant,Giant's Causeway,3,C,"Three Chimneys Farm, LLC (Goncalo B",126,20/1,21.0,21.0,BM2-2,2026-06-06T23:04:00Z,9
BM2,BEL Met Mile-Belmont Stakes DD,2026-06-06,2,23:04,Stakes 10f,Stakes,Dirt,10f,"$2,000,000",6,Growth Equity,Franco Manuel,Brown Chad C,12/1,False,Thoroughbred,tvg,https://api.tvg.com/cosmo/v1/graphql,2026-06-06T01:50:49.160873,1.0.0,Nyquist,My Dear Venezuela,Wildcat Heir,3,C,"Klaravich Stables, Inc.",126,12/1,13.0,13.0,BM2-2,2026-06-06T23:04:00Z,9
BM2,BEL Met Mile-Belmont Stakes DD,2026-06-06,2,23:04,Stakes 10f,Stakes,Dirt,10f,"$2,000,000",7,Commandment,Velazquez John R,Cox Brad H,6/1,False,Thoroughbred,tvg,https://api.tvg.com/cosmo/v1/graphql,2026-06-06T01:50:49.160882,1.0.0,Into Mischief,Sippican Harbor,Orb,3,C,Wathnan Racing,126,6/1,7.0,7.0,BM2-2,2026-06-06T23:04:00Z,9
BM2,BEL Met Mile-Belmont Stakes DD,2026-06-06,2,23:04,Stakes 10f,Stakes,Dirt,10f,"$2,000,000",8,Emerging Market,Prat Flavien,Brown Chad C,6/1,False,Thoroughbred,tvg,https://api.tvg.com/cosmo/v1/graphql,2026-06-06T01:50:49.160889,1.0.0,Candy Ride (Arg),Wild Empress,Empire Maker,3,C,"Klaravich Stables, Inc.",126,6/1,7.0,7.0,BM2-2,2026-06-06T23:04:00Z,9
BM2,BEL Met Mile-Belmont Stakes DD,2026-06-06,2,23:04,Stakes 10f,Stakes,Dirt,10f,"$2,000,000",9,Golden Tempo,Ortiz Jose L,Devaux Cherie,9/2,False,Thoroughbred,tvg,https://api.tvg.com/cosmo/v1/graphql,2026-06-06T01:50:49.160898,1.0.0,Curlin,Carrumba,Bernardini,3,C,Phipps Stable and St. Elias Stable,126,9/2,5.5,5.5,BM2-2,2026-06-06T23:04:00Z,9
BSA,Belmont Stakes Day,2026-06-06,1,15:00,Maiden Special Weight 7f,Maiden Special Weight,Dirt,7f,"$115,000",1,Three Shot Sheryl,Rodriguez Jaime,Green Amelia J,15/1,False,Thoroughbred,tvg,https://api.tvg.com/cosmo/v1/graphql,2026-06-06T01:50:49.166180,1.0.0,Tacitus,Nec Metu,Successful Appeal,3,F,"Dubb, Michael and The Elkstone Group LLC (Stuart Grant)",121,15/1,16.0,16.0,BSA-1,2026-06-06T15:00:00Z,8
BSA,Belmont Stakes Day,2026-06-06,1,15:00,Maiden Special Weight 7f,Maiden Special Weight,Dirt,7f,"$115,000",2,My Gun's Loaded,Franco Manuel,Brown Chad C,15/1,False,Thoroughbred,tvg,https://api.tvg.com/cosmo/v1/graphql,2026-06-06T01:50:49.166248,1.0.0,Gun Runner,Strive,Congrats,3,F,"Scharbauer, Douglas",121,15/1,16.0,16.0,BSA-1,2026-06-06T15:00:00Z,8
BSA,Belmont Stakes Day,2026-06-06,1,15:00,Maiden Special Weight 7f,Maiden Special Weight,Dirt,7f,"$115,000",3,Pippa Adds,"Ortiz, Jr. Irad",Pletcher Todd A,6/1,False,Thoroughbred,tvg,https://api.tvg.com/cosmo/v1/graphql,2026-06-06T01:50:49.166266,1.0.0,Yaupon,Motion Emotion,Take Charge Indy,3,F,Spendthrift Farm LLC,121,6/1,7.0,7.0,BSA-1,2026-06-06T15:00:00Z,8
BSA,Belmont Stakes Day,2026-06-06,1,15:00,Maiden Special Weight 7f,Maiden Special Weight,Dirt,7f,"$115,000",4,Cold Spell,Velazquez John R,Ward Wesley A,3/5,False,Thoroughbred,tvg,https://api.tvg.com/cosmo/v1/graphql,2026-06-06T01:50:49.166290,1.0.0,Gun Runner,Chalon,Dialed In,3,F,Lael Stables,121,3/5,1.6,1.6,BSA-1,2026-06-06T15:00:00Z,8
BSA,Belmont Stakes Day,2026-06-06,1,15:00,Maiden Special Weight 7f,Maiden Special Weight,Dirt,7f,"$115,000",5,Fusion,Prat Flavien,Brown Chad C,10/1,False,Thoroughbred,tvg,https://api.tvg.com/cosmo/v1/graphql,2026-06-06T01:50:49.166310,1.0.0,Into Mischief,Separationofpowers,Candy Ride (Arg),3,F,Qatar Racing and Mountmellick Farm,121,10/1,11.0,11.0,BSA-1,2026-06-06T15:00:00Z,8
BSA,Belmont Stakes Day,2026-06-06,1,15:00,Maiden Special Weight 7f,Maiden Special Weight,Dirt,7f,"$115,000",6,Nakoma,Zayas Edgard J,Antonucci Jena M,10/1,False,Thoroughbred,tvg,https://api.tvg.com/cosmo/v1/graphql,2026-06-06T01:50:49.166329,1.0.0,Vekoma,Rylee's Song,Unbridled's Song,4,F,MyRacehorse and Cerasus Thoroughbreds,126,10/1,11.0,11.0,BSA-1,2026-06-06T15:00:00Z,8
BSA,Belmont Stakes Day,2026-06-06,1,15:00,Maiden Special Weight 7f,Maiden Special Weight,Dirt,7f,"$115,000",7,Crowning Glory,Alvarado Junior,Mott William I,8/1,False,Thoroughbred,tvg,https://api.tvg.com/cosmo/v1/graphql,2026-06-06T01:50:49.166344,1.0.0,Uncle Mo,Close Hatches,First Defence,3,F,Juddmonte,121,8/1,9.0,9.0,BSA-1,2026-06-06T15:00:00Z,8
BSA,Belmont Stakes Day,2026-06-06,1,15:00,Maiden Special Weight 7f,Maiden Special Weight,Dirt,7f,"$115,000",8,My Sherrona,Saez Luis,Mott William I,10/1,False,Thoroughbred,tvg,https://api.tvg.com/cosmo/v1/graphql,2026-06-06T01:50:49.166360,1.0.0,Not This Time,Class Included,Include,4,F,"West Paces Racing LLC, Cypresshead Racing, LLC, Twin Sports Racing, Brown Road R",126,10/1,11.0,11.0,BSA-1,2026-06-06T15:00:00Z,8
BSA,Belmont Stakes Day,2026-06-06,2,15:37,Allowance Optional Claiming 7f,Allowance Optional Claiming,Dirt,7f,"$125,000",1,Paradise Valley,Gonzalez Silvestre,Kantarmaci Ilkay,30/1,False,Thoroughbred,tvg,https://api.tvg.com/cosmo/v1/graphql,2026-06-06T01:50:49.166522,1.0.0,Lookin At Lucky,Puddifoot,Red Giant,6,G,"Kantarmaci, Ilkay, Zilla Racing Stables, Forst, Steven, America's Pastime Stable",126,30/1,31.0,31.0,BSA-2,2026-06-06T15:37:00Z,9
BSA,Belmont Stakes Day,2026-06-06,2,15:37,Allowance Optional Claiming 7f,Allowance Optional Claiming,Dirt,7f,"$125,000",2,Unlimitedpotential,Davis Dylan,Noda Orlando,30/1,False,Thoroughbred,tvg,https://api.tvg.com/cosmo/v1/graphql,2026-06-06T01:50:49.166548,1.0.0,Union Rags,Champagne Ice,Roman Ruler,7,H,Final Turn Racing Stable LLC and PlayingTheField Racing,126,30/1,31.0,31.0,BSA-2,2026-06-06T15:37:00Z,9
BSA,Belmont Stakes Day,2026-06-06,2,15:37,Allowance Optional Claiming 7f,Allowance Optional Claiming,Dirt,7f,"$125,000",3,Life And Times,Prat Flavien,Pletcher Todd A,9/5,False,Thoroughbred,tvg,https://api.tvg.com/cosmo/v1/graphql,2026-06-06T01:50:49.166581,1.0.0,Justify,Silky Serenade,Unbridled's Song,5,G,"Tabor, Michael, B.",126,9/5,2.8,2.8,BSA-2,2026-06-06T15:37:00Z,9
BSA,Belmont Stakes Day,2026-06-06,2,15:37,Allowance Optional Claiming 7f,Allowance Optional Claiming,Dirt,7f,"$125,000",4,Incentive Pay,Franco Manuel,Brown Chad C,5/1,False,Thoroughbred,tvg,https://api.tvg.com/cosmo/v1/graphql,2026-06-06T01:50:49.166610,1.0.0,Volatile,Distinguishable,Distorted Humor,4,C,"Klaravich Stables, Inc.",126,5/1,6.0,6.0,BSA-2,2026-06-06T15:37:00Z,9
BSA,Belmont Stakes Day,2026-06-06,2,15:37,Allowance Optional Claiming 7f,Allowance Optional Claiming,Dirt,7f,"$125,000",5,Resilience,Lezcano Jose,Mott William I,15/1,False,Thoroughbred,tvg,https://api.tvg.com/cosmo/v1/graphql,2026-06-06T01:50:49.166627,1.0.0,Into Mischief,Meadowsweet,Smart Strike,5,H,"Tranquility Lake Farms LLC and Waldman, Ric",126,15/1,16.0,16.0,BSA-2,2026-06-06T15:37:00Z,9
BSA,Belmont Stakes Day,2026-06-06,2,15:37,Allowance Optional Claiming 7f,Allowance Optional Claiming,Dirt,7f,"$125,000",6,Awesome Native,Elliott Christopher,Farone Thomas J,20/1,False,Thoroughbred,tvg,https://api.tvg.com/cosmo/v1/graphql,2026-06-06T01:50:49.166651,1.0.0,Practical Joke,Bella Kateri,Tale Of The Cat,7,H,"Farone, Thomas, Jude",126,20/1,21.0,21.0,BSA-2,2026-06-06T15:37:00Z,9
BSA,Belmont Stakes Day,2026-06-06,2,15:37,Allowance Optional Claiming 7f,Allowance Optional Claiming,Dirt,7f,"$125,000",7,Contrary Thinking,Rodriguez Jaime,Green Amelia J,8/1,False,Thoroughbred,tvg,https://api.tvg.com/cosmo/v1/graphql,2026-06-06T01:50:49.166668,1.0.0,Into Mischief,Valadorna,Curlin,6,G,Lucky Hat Racing LLC and EGL-One Racing,126,8/1,9.0,9.0,BSA-2,2026-06-06T15:37:00Z,9
BSA,Belmont Stakes Day,2026-06-06,2,15:37,Allowance Optional Claiming 7f,Allowance Optional Claiming,Dirt,7f,"$125,000",8,Commuted,"Santana, Jr. Ricardo",Rice Linda,6/1,False,Thoroughbred,tvg,https://api.tvg.com/cosmo/v1/graphql,2026-06-06T01:50:49.166693,1.0.0,Gun Runner,Final Holiday,Harlan's Holiday,5,G,"Rice, Linda",126,6/1,7.0,7.0,BSA-2,2026-06-06T15:37:00Z,9
BSA,Belmont Stakes Day,2026-06-06,2,15:37,Allowance Optional Claiming 7f,Allowance Optional Claiming,Dirt,7f,"$125,000",9,Senior Officer,"Ortiz, Jr. Irad",Cox Brad H,2/1,False,Thoroughbred,tvg,https://api.tvg.com/cosmo/v1/graphql,2026-06-06T01:50:49.166712,1.0.0,Into Mischief,Southern Ring,Speightstown,5,G,Qatar Racing,126,2/1,3.0,3.0,BSA-2,2026-06-06T15:37:00Z,9
BSA,Belmont Stakes Day,2026-06-06,3,16:15,Allowance Optional Claiming 8.5f,Allowance Optional Claiming,Inner Track,8.5f,"$125,000",1,Ejtimaa,Ortiz Jose L,Dini Michael,12/1,False,Thoroughbred,tvg,https://api.tvg.com/cosmo/v1/graphql,2026-06-06T01:50:49.166787,1.0.0,Candy Ride (Arg),Talaaqy,Distorted Humor,5,G,"Dini, Michael",126,12/1,13.0,13.0,BSA-3,2026-06-06T16:15:00Z,15
BSA,Belmont Stakes Day,2026-06-06,3,16:15,Allowance Optional Claiming 8.5f,Allowance Optional Claiming,Inner Track,8.5f,"$125,000",2,Signator,Franco Manuel,Cox Brad H,10/1,False,Thoroughbred,tvg,https://api.tvg.com/cosmo/v1/graphql,2026-06-06T01:50:49.166816,1.0.0,Tapit,Pension,Seeking The Gold,6,H,"Goldfarb, Sanford J., Goldfarb, Irwin, Greenberg Racing, Speranza, Steven and Lu",126,10/1,11.0,11.0,BSA-3,2026-06-06T16:15:00Z,15
BSA,Belmont Stakes Day,2026-06-06,3,16:15,Allowance Optional Claiming 8.5f,Allowance Optional Claiming,Inner Track,8.5f,"$125,000",3,Ciao Chuck,Saez Luis,Abreu Fernando,20/1,False,Thoroughbred,tvg,https://api.tvg.com/cosmo/v1/graphql,2026-06-06T01:50:49.166842,1.0.0,Adios Charlie,Under Over,Patriot Act,5,G,"Paterpop Racing and Abreu, Fernando",126,20/1,21.0,21.0,BSA-3,2026-06-06T16:15:00Z,15
BSA,Belmont Stakes Day,2026-06-06,3,16:15,Allowance Optional Claiming 8.5f,Allowance Optional Claiming,Inner Track,8.5f,"$125,000",4,Two's A Crowd,Lezcano Jose,Ryan Derek S,10/1,False,Thoroughbred,tvg,https://api.tvg.com/cosmo/v1/graphql,2026-06-06T01:50:49.166869,1.0.0,Cloud Computing,Mahabodhi Tree,Into Mischief,5,G,"Atlantic Six Racing, LLC",126,10/1,11.0,11.0,BSA-3,2026-06-06T16:15:00Z,15
BSA,Belmont Stakes Day,2026-06-06,3,16:15,Allowance Optional Claiming 8.5f,Allowance Optional Claiming,Inner Track,8.5f,"$125,000",5,Bonus Move,Lopez Paco,Hennig Mark A,15/1,False,Thoroughbred,tvg,https://api.tvg.com/cosmo/v1/graphql,2026-06-06T01:50:49.166898,1.0.0,Twirling Candy,Lady Mamba,War Front,5,G,"Lewis, R., Lee",126,15/1,16.0,16.0,BSA-3,2026-06-06T16:15:00Z,15
BSA,Belmont Stakes Day,2026-06-06,3,16:15,Allowance Optional Claiming 8.5f,Allowance Optional Claiming,Inner Track,8.5f,"$125,000",6,Tenacious Leader,Velazquez John R,Pletcher Todd A,5/1,False,Thoroughbred,tvg,https://api.tvg.com/cosmo/v1/graphql,2026-06-06T01:50:49.166922,1.0.0,Not This Time,Diamonds And Rust,Curlin,4,C,Spendthrift Farm LLC and Repole Stable,126,5/1,6.0,6.0,BSA-3,2026-06-06T16:15:00Z,15
BSA,Belmont Stakes Day,2026-06-06,3,16:15,Allowance Optional Claiming 8.5f,Allowance Optional Claiming,Inner Track,8.5f,"$125,000",7,Son Of A Birch,Carmouche Kendrick,"Falcone, Jr. Robert N",10/1,False,Thoroughbred,tvg,https://api.tvg.com/cosmo/v1/graphql,2026-06-06T01:50:49.166943,1.0.0,Temple City,Urquia,Scat Daddy,6,G,"Lambe, Robert",126,10/1,11.0,11.0,BSA-3,2026-06-06T16:15:00Z,15
BSA,Belmont Stakes Day,2026-06-06,3,16:15,Allowance Optional Claiming 8.5f,Allowance Optional Claiming,Inner Track,8.5f,"$125,000",8,Intellect (Fr),Prat Flavien,Brown Chad C,6/5,False,Thoroughbred,tvg,https://api.tvg.com/cosmo/v1/graphql,2026-06-06T01:50:49.166972,1.0.0,Intello (Ger),Caldera (Ire),Iffraaj (Gb),5,G,"Madaket Stables, LLC, Dubb, Michael and Bouchey, Steven",126,6/5,2.2,2.2,BSA-3,2026-06-06T16:15:00Z,15
BSA,Belmont Stakes Day,2026-06-06,3,16:15,Allowance Optional Claiming 8.5f,Allowance Optional Claiming,Inner Track,8.5f,"$125,000",9,Candytown,"Ortiz, Jr. Irad",Pletcher Todd A,4/1,False,Thoroughbred,tvg,https://api.tvg.com/cosmo/v1/graphql,2026-06-06T01:50:49.166995,1.0.0,Speightstown,Candymakesmesmile,Candy Ride (Arg),4,C,Calumet Farm,126,4/1,5.0,5.0,BSA-3,2026-06-06T16:15:00Z,15
BSA,Belmont Stakes Day,2026-06-06,3,16:15,Allowance Optional Claiming 8.5f,Allowance Optional Claiming,Inner Track,8.5f,"$125,000",10,Ranger Battalion,"Ortiz, Jr. Irad",Rice Linda,5/2,False,Thoroughbred,tvg,https://api.tvg.com/cosmo/v1/graphql,2026-06-06T01:50:49.167018,1.0.0,Omaha Beach,Pretty Owl,Into Mischief,4,C,"Pezzuti, Robert",126,5/2,3.5,3.5,BSA-3,2026-06-06T16:15:00Z,15
BSA,Belmont Stakes Day,2026-06-06,3,16:15,Allowance Optional Claiming 8.5f,Allowance Optional Claiming,Inner Track,8.5f,"$125,000",11,Le Gris,Rider Tba,Rodriguez Rudy R,3/1,False,Thoroughbred,tvg,https://api.tvg.com/cosmo/v1/graphql,2026-06-06T01:50:49.167063,1.0.0,City Of Light,Chica Boom Chic,Tapit,5,G,"Rodriguez, Rudy R. and Shapiro, Gary I.",126,3/1,4.0,4.0,BSA-3,2026-06-06T16:15:00Z,15
BSA,Belmont Stakes Day,2026-06-06,3,16:15,Allowance Optional Claiming 8.5f,Allowance Optional Claiming,Inner Track,8.5f,"$125,000",12,Otello,Franco Manuel,Atras Rob,5/1,False,Thoroughbred,tvg,https://api.tvg.com/cosmo/v1/graphql,2026-06-06T01:50:49.167092,1.0.0,Curlin,Isabella Sings,Eskendereya,5,H,BellaBlue Racing Stable,126,5/1,6.0,6.0,BSA-3,2026-06-06T16:15:00Z,15
BSA,Belmont Stakes Day,2026-06-06,3,16:15,Allowance Optional Claiming 8.5f,Allowance Optional Claiming,Inner Track,8.5f,"$125,000",13,Sara's Shaman,Gonzalez Silvestre,Kantarmaci Ilkay,20/1,False,Thoroughbred,tvg,https://api.tvg.com/cosmo/v1/graphql,2026-06-06T01:50:49.167125,1.0.0,Shaman Ghost,Chickasaw Gal,Indian Charlie,6,H,"Kantarmaci, Ilkay",126,20/1,21.0,21.0,BSA-3,2026-06-06T16:15:00Z,15
BSA,Belmont Stakes Day,2026-06-06,3,16:15,Allowance Optional Claiming 8.5f,Allowance Optional Claiming,Inner Track,8.5f,"$125,000",14,Big Blue Line,Rider Tba,Abreu Fernando,6/1,False,Thoroughbred,tvg,https://api.tvg.com/cosmo/v1/graphql,2026-06-06T01:50:49.167643,1.0.0,Atreides,Arch Enemy,Arch,7,G,"Paterpop Racing and Penn, John B.",126,6/1,7.0,7.0,BSA-3,2026-06-06T16:15:00Z,15
BSA,Belmont Stakes Day,2026-06-06,3,16:15,Allowance Optional Claiming 8.5f,Allowance Optional Claiming,Inner Track,8.5f,"$125,000",15,Castle Chaos,Rider Tba,Kantarmaci Ilkay,8/1,False,Thoroughbred,tvg,https://api.tvg.com/cosmo/v1/graphql,2026-06-06T01:50:49.167706,1.0.0,Palace Malice,Queen Victoria,Flatter,8,G,"Kantarmaci, Ilkay and Sun-Will Stable LLC",126,8/1,9.0,9.0,BSA-3,2026-06-06T16:15:00Z,15
BSA,Belmont Stakes Day,2026-06-06,4,16:53,Allowance Optional Claiming 6.5f,Allowance Optional Claiming,Dirt,6.5f,"$120,000",1,P Mutter Pickle,Franco Manuel,Green Amelia J,8/1,False,Thoroughbred,tvg,https://api.tvg.com/cosmo/v1/graphql,2026-06-06T01:50:49.167870,1.0.0,Vino Rosso,Lost Raven,Uncle Mo,5,M,The Elkstone Group LLC (Stuart Grant),126,8/1,9.0,9.0,BSA-4,2026-06-06T16:53:00Z,10
BSA,Belmont Stakes Day,2026-06-06,4,16:53,Allowance Optional Claiming 6.5f,Allowance Optional Claiming,Dirt,6.5f,"$120,000",2,Naive Melody,Davis Dylan,Ward Wesley A,3/1,False,Thoroughbred,tvg,https://api.tvg.com/cosmo/v1/graphql,2026-06-06T01:50:49.167914,1.0.0,Complexity,Goods And Services,Paynter,4,F,"Averill Racing, LLC, Cestaro, James and Armbrust, Chris",126,3/1,4.0,4.0,BSA-4,2026-06-06T16:53:00Z,10
BSA,Belmont Stakes Day,2026-06-06,4,16:53,Allowance Optional Claiming 6.5f,Allowance Optional Claiming,Dirt,6.5f,"$120,000",3,Steer Clear,"Ortiz, Jr. Irad",Pletcher Todd A,7/2,False,Thoroughbred,tvg,https://api.tvg.com/cosmo/v1/graphql,2026-06-06T01:50:49.167954,1.0.0,Street Sense,Simply Sunny,Unbridled's Song,3,F,Spendthrift Farm LLC and Repole Stable,121,7/2,4.5,4.5,BSA-4,2026-06-06T16:53:00Z,10
BSA,Belmont Stakes Day,2026-06-06,4,16:53,Allowance Optional Claiming 6.5f,Allowance Optional Claiming,Dirt,6.5f,"$120,000",4,Speightful Lily,Prat Flavien,Abreu Jorge R,6/1,False,Thoroughbred,tvg,https://api.tvg.com/cosmo/v1/graphql,2026-06-06T01:50:49.167988,1.0.0,Union Rags,Speightful Lady,Speightstown,6,M,Avanti Stable,126,6/1,7.0,7.0,BSA-4,2026-06-06T16:53:00Z,10
BSA,Belmont Stakes Day,2026-06-06,4,16:53,Allowance Optional Claiming 6.5f,Allowance Optional Claiming,Dirt,6.5f,"$120,000",5,I'm A Cutie Pie,Rodriguez Jaime,Gorham Michael E,30/1,False,Thoroughbred,tvg,https://api.tvg.com/cosmo/v1/graphql,2026-06-06T01:50:49.168015,1.0.0,Mendelssohn,Adorable,Smart Strike,5,M,Original Six Stable,126,30/1,31.0,31.0,BSA-4,2026-06-06T16:53:00Z,10
BSA,Belmont Stakes Day,2026-06-06,4,16:53,Allowance Optional Claiming 6.5f,Allowance Optional Claiming,Dirt,6.5f,"$120,000",6,Chatter,Ortiz Jose L,"Joseph, Jr. Saffie A",4/1,False,Thoroughbred,tvg,https://api.tvg.com/cosmo/v1/graphql,2026-06-06T01:50:49.168047,1.0.0,Vekoma,Flutterby,Congrats,4,F,WSS Racing,126,4/1,5.0,5.0,BSA-4,2026-06-06T16:53:00Z,10
BSA,Belmont Stakes Day,2026-06-06,4,16:53,Allowance Optional Claiming 6.5f,Allowance Optional Claiming,Dirt,6.5f,"$120,000",7,Helen's Revenge,Lezcano Jose,Rice Linda,8/1,False,Thoroughbred,tvg,https://api.tvg.com/cosmo/v1/graphql,2026-06-06T01:50:49.168070,1.0.0,Solomini,Sign Off,Distorted Humor,4,F,"Blake, Les",126,8/1,9.0,9.0,BSA-4,2026-06-06T16:53:00Z,10
BSA,Belmont Stakes Day,2026-06-06,4,16:53,Allowance Optional Claiming 6.5f,Allowance Optional Claiming,Dirt,6.5f,"$120,000",8,Coach Albert Lady,Castellano Javier,Brisset Rodolphe,8/1,False,Thoroughbred,tvg,https://api.tvg.com/cosmo/v1/graphql,2026-06-06T01:50:49.168088,1.0.0,Mendelssohn,Swan Of The Nile,Pioneerof The Nile,4,F,"Archer, Scott, Yoshida, Naoya and Los Redos Racing Club",126,8/1,9.0,9.0,BSA-4,2026-06-06T16:53:00Z,10
BSA,Belmont Stakes Day,2026-06-06,4,16:53,Allowance Optional Claiming 6.5f,Allowance Optional Claiming,Dirt,6.5f,"$120,000",9,Mila Candy,Gonzalez Silvestre,Kantarmaci Ilkay,30/1,False,Thoroughbred,tvg,https://api.tvg.com/cosmo/v1/graphql,2026-06-06T01:50:49.168111,1.0.0,Twirling Candy,Filia,Fastnet Rock (Aus),4,F,"Kantarmaci, Ilkay, Gaiety Stables LLC and Five Horsemen Stables",126,30/1,31.0,31.0,BSA-4,2026-06-06T16:53:00Z,10
BSA,Belmont Stakes Day,2026-06-06,4,16:53,Allowance Optional Claiming 6.5f,Allowance Optional Claiming,Dirt,6.5f,"$120,000",10,Spectacular Grey,Saez Luis,Pletcher Todd A,12/1,False,Thoroughbred,tvg,https://api.tvg.com/cosmo/v1/graphql,2026-06-06T01:50:49.168136,1.0.0,Not This Time,Rose Grey,The Factor,3,F,Epic Horses LLC,121,12/1,13.0,13.0,BSA-4,2026-06-06T16:53:00Z,10
BSA,Belmont Stakes Day,2026-06-06,5,17:31,Allowance 8.5f,Allowance,Turf,8.5f,"$120,000",1,Etawa (Ire),Castellano Javier,Casse Mark E,8/1,False,Thoroughbred,tvg,https://api.tvg.com/cosmo/v1/graphql,2026-06-06T01:50:49.168217,1.0.0,Kingman (Gb),Etneya (Ire),Siyouni (Fr),4,F,"Barber, Gary",126,8/1,9.0,9.0,BSA-5,2026-06-06T17:31:00Z,15
BSA,Belmont Stakes Day,2026-06-06,5,17:31,Allowance 8.5f,Allowance,Turf,8.5f,"$120,000",2,Eponine (Ire),Ortiz Jose L,Attard Kevin,3/1,False,Thoroughbred,tvg,https://api.tvg.com/cosmo/v1/graphql,2026-06-06T01:50:49.168244,1.0.0,Tamayuz (Gb),Porcelaine (Ire),Kodiac (Gb),4,F,Repole Stable,126,3/1,4.0,4.0,BSA-5,2026-06-06T17:31:00Z,15
BSA,Belmont Stakes Day,2026-06-06,5,17:31,Allowance 8.5f,Allowance,Turf,8.5f,"$120,000",3,Carmensita (Arg),"Santana, Jr. Ricardo",De Paz Horacio,15/1,False,Thoroughbred,tvg,https://api.tvg.com/cosmo/v1/graphql,2026-06-06T01:50:49.168315,1.0.0,Treasure Beach (Gb),Carmelinda (Arg),Editor's Note,4,F,Club Sixty Five Racing,126,15/1,16.0,16.0,BSA-5,2026-06-06T17:31:00Z,15
BSA,Belmont Stakes Day,2026-06-06,5,17:31,Allowance 8.5f,Allowance,Turf,8.5f,"$120,000",4,Sonja Henie,Lezcano Jose,Proctor Thomas F,10/1,False,Thoroughbred,tvg,https://api.tvg.com/cosmo/v1/graphql,2026-06-06T01:50:49.168341,1.0.0,Curlin,Theatre Star,War Front,4,F,Glen Hill Farm,126,10/1,11.0,11.0,BSA-5,2026-06-06T17:31:00Z,15
BSA,Belmont Stakes Day,2026-06-06,5,17:31,Allowance 8.5f,Allowance,Turf,8.5f,"$120,000",5,Starship Athena,Alvarado Junior,Nevin Michelle,20/1,False,Thoroughbred,tvg,https://api.tvg.com/cosmo/v1/graphql,2026-06-06T01:50:49.168372,1.0.0,Street Sense,Callmethesqueeze,Awesome Again,4,F,Starship Stables,126,20/1,21.0,21.0,BSA-5,2026-06-06T17:31:00Z,15
BSA,Belmont Stakes Day,2026-06-06,5,17:31,Allowance 8.5f,Allowance,Turf,8.5f,"$120,000",6,Curlin's Angel,Zayas Edgard J,Abreu Jorge R,5/1,False,Thoroughbred,tvg,https://api.tvg.com/cosmo/v1/graphql,2026-06-06T01:50:49.168395,1.0.0,Curlin,Sabrina's Angel,Scat Daddy,5,M,Parkland Thoroughbreds,126,5/1,6.0,6.0,BSA-5,2026-06-06T17:31:00Z,15
BSA,Belmont Stakes Day,2026-06-06,5,17:31,Allowance 8.5f,Allowance,Turf,8.5f,"$120,000",7,Tiznow Mama,Geroux Florent,Summers Chad,20/1,False,Thoroughbred,tvg,https://api.tvg.com/cosmo/v1/graphql,2026-06-06T01:50:49.168420,1.0.0,Tiznow,Awesome Mama,Awesome Again,6,M,"Ilium Stables, LLC",126,20/1,21.0,21.0,BSA-5,2026-06-06T17:31:00Z,15
BSA,Belmont Stakes Day,2026-06-06,5,17:31,Allowance 8.5f,Allowance,Turf,8.5f,"$120,000",8,Scarlett's Halo,Prat Flavien,Brown Chad C,6/1,False,Thoroughbred,tvg,https://api.tvg.com/cosmo/v1/graphql,2026-06-06T01:50:49.168438,1.0.0,Practical Joke,Fierce Scarlett,Scat Daddy,4,F,CHP Racing,126,6/1,7.0,7.0,BSA-5,2026-06-06T17:31:00Z,15
BSA,Belmont Stakes Day,2026-06-06,5,17:31,Allowance 8.5f,Allowance,Turf,8.5f,"$120,000",9,Marketplaceofideas (Gb),Davis Dylan,Brown Chad C,9/2,False,Thoroughbred,tvg,https://api.tvg.com/cosmo/v1/graphql,2026-06-06T01:50:49.168456,1.0.0,Lope De Vega (Ire),Megan Lily (Ire),Dragon Pulse (Ire),4,F,"Klaravich Stables, Inc.",126,9/2,5.5,5.5,BSA-5,2026-06-06T17:31:00Z,15
BSA,Belmont Stakes Day,2026-06-06,5,17:31,Allowance 8.5f,Allowance,Turf,8.5f,"$120,000",10,Imperatrice,"Ortiz, Jr. Irad",Pletcher Todd A,5/1,False,Thoroughbred,tvg,https://api.tvg.com/cosmo/v1/graphql,2026-06-06T01:50:49.168481,1.0.0,City Of Light,Dolce Lili,Scat Daddy,3,F,Woodland Way,120,5/1,6.0,6.0,BSA-5,2026-06-06T17:31:00Z,15
BSA,Belmont Stakes Day,2026-06-06,5,17:31,Allowance 8.5f,Allowance,Turf,8.5f,"$120,000",11,Y'allreadyforthis,Rivera Dalila A,Arriaga Antonio,50/1,False,Thoroughbred,tvg,https://api.tvg.com/cosmo/v1/graphql,2026-06-06T01:50:49.168512,1.0.0,More Than Ready,Mischievous Maude,Into Mischief,3,F,Next Level Stables,113,50/1,51.0,51.0,BSA-5,2026-06-06T17:31:00Z,15
BSA,Belmont Stakes Day,2026-06-06,5,17:31,Allowance 8.5f,Allowance,Turf,8.5f,"$120,000",12,Kadena,Rider Tba,Abreu Fernando,8/1,False,Thoroughbred,tvg,https://api.tvg.com/cosmo/v1/graphql,2026-06-06T01:50:49.168532,1.0.0,Ghostzapper,Cor Cor,Smoke Glacken,5,M,"PlayingTheField Racing, Final Turn Racing Stable, LLC and Acqua Nova Stable",126,8/1,9.0,9.0,BSA-5,2026-06-06T17:31:00Z,15
BSA,Belmont Stakes Day,2026-06-06,5,17:31,Allowance 8.5f,Allowance,Turf,8.5f,"$120,000",13,Brunch With Amy,Carmouche Kendrick,Rice Linda,4/1,False,Thoroughbred,tvg,https://api.tvg.com/cosmo/v1/graphql,2026-06-06T01:50:49.168544,1.0.0,Bernardini,Bring Joy,Twirling Candy,5,M,"Rice, Linda",126,4/1,5.0,5.0,BSA-5,2026-06-06T17:31:00Z,15
BSA,Belmont Stakes Day,2026-06-06,5,17:31,Allowance 8.5f,Allowance,Turf,8.5f,"$120,000",14,Sparkling Mama,Franco Manuel,Schettino Domenick L,10/1,False,Thoroughbred,tvg,https://api.tvg.com/cosmo/v1/graphql,2026-06-06T01:50:49.168575,1.0.0,Vekoma,Sita,Giant's Causeway,3,F,"Schettino, Domenick L., Weaver, Ann M. and Olson, Donald W.",120,10/1,11.0,11.0,BSA-5,2026-06-06T17:31:00Z,15
BSA,Belmont Stakes Day,2026-06-06,5,17:31,Allowance 8.5f,Allowance,Turf,8.5f,"$120,000",15,Soundbite,Rider Tba,Nevin Michelle,6/1,False,Thoroughbred,tvg,https://api.tvg.com/cosmo/v1/graphql,2026-06-06T01:50:49.168585,1.0.0,Audible,Abtasaamah,Distorted Humor,5,M,"Scuderi, Vincent S. and Horse Shoe Farm",126,6/1,7.0,7.0,BSA-5,2026-06-06T17:31:00Z,15
BSA,Belmont Stakes Day,2026-06-06,6,18:09,Allowance 6.5f,Allowance,Dirt,6.5f,"$120,000",1,Playa Del Mar,Franco Manuel,Rice Linda,6/1,False,Thoroughbred,tvg,https://api.tvg.com/cosmo/v1/graphql,2026-06-06T01:50:49.168614,1.0.0,Into Mischief,Flor De La Mar,Tiznow,4,G,"Rice, Linda",126,6/1,7.0,7.0,BSA-6,2026-06-06T18:09:00Z,14
BSA,Belmont Stakes Day,2026-06-06,6,18:09,Allowance 6.5f,Allowance,Dirt,6.5f,"$120,000",2,Village Person,Carmouche Kendrick,Klesaris Steve,20/1,False,Thoroughbred,tvg,https://api.tvg.com/cosmo/v1/graphql,2026-06-06T01:50:49.168627,1.0.0,Mucho Macho Man,Classic Melody,Maclean's Music,4,G,"Hibiscus Stables LLC, Klesaris, Steve and Fallek, Susan",126,20/1,21.0,21.0,BSA-6,2026-06-06T18:09:00Z,14
BSA,Belmont Stakes Day,2026-06-06,6,18:09,Allowance 6.5f,Allowance,Dirt,6.5f,"$120,000",3,Buttah,Castellano Javier,Kantarmaci Ilkay,15/1,False,Thoroughbred,tvg,https://api.tvg.com/cosmo/v1/graphql,2026-06-06T01:50:49.168641,1.0.0,Leofric,Salty Little Sis,Chief Seattle,4,C,Eddie F's Racing,126,15/1,16.0,16.0,BSA-6,2026-06-06T18:09:00Z,14
BSA,Belmont Stakes Day,2026-06-06,6,18:09,Allowance 6.5f,Allowance,Dirt,6.5f,"$120,000",4,Yo Banana Boy,"Santana, Jr. Ricardo",Maker Michael J,20/1,False,Thoroughbred,tvg,https://api.tvg.com/cosmo/v1/graphql,2026-06-06T01:50:49.168652,1.0.0,Practical Joke,Tizsomethingroyal,Tizway,5,G,"Krattiger, Robert, W.",126,20/1,21.0,21.0,BSA-6,2026-06-06T18:09:00Z,14
BSA,Belmont Stakes Day,2026-06-06,6,18:09,Allowance 6.5f,Allowance,Dirt,6.5f,"$120,000",5,Local Knowledge,Velazquez John R,Pletcher Todd A,5/2,False,Thoroughbred,tvg,https://api.tvg.com/cosmo/v1/graphql,2026-06-06T01:50:49.168661,1.0.0,Yaupon,Chestnut Street,Scat Daddy,3,C,Spendthrift Farm LLC,121,5/2,3.5,3.5,BSA-6,2026-06-06T18:09:00Z,14
BSA,Belmont Stakes Day,2026-06-06,6,18:09,Allowance 6.5f,Allowance,Dirt,6.5f,"$120,000",6,Caldo Candy,"Ortiz, Jr. Irad",Abreu Jorge R,10/1,False,Thoroughbred,tvg,https://api.tvg.com/cosmo/v1/graphql,2026-06-06T01:50:49.168673,1.0.0,Candy Ride (Arg),Tanglewood Tale,Tale Of The Cat,6,G,Avanti Stable,126,10/1,11.0,11.0,BSA-6,2026-06-06T18:09:00Z,14
BSA,Belmont Stakes Day,2026-06-06,6,18:09,Allowance 6.5f,Allowance,Dirt,6.5f,"$120,000",7,Brightline Bullet,Rodriguez Jaime,Clement Miguel,10/1,False,Thoroughbred,tvg,https://api.tvg.com/cosmo/v1/graphql,2026-06-06T01:50:49.168687,1.0.0,Liam's Map,Sense Of War,Street Sense,4,G,"West Point Thoroughbreds, Donarra Thoroughbreds LLC and New Phoenix Stable",126,10/1,11.0,11.0,BSA-6,2026-06-06T18:09:00Z,14
BSA,Belmont Stakes Day,2026-06-06,6,18:09,Allowance 6.5f,Allowance,Dirt,6.5f,"$120,000",8,Sea Strike,Prat Flavien,Brown Chad C,4/1,False,Thoroughbred,tvg,https://api.tvg.com/cosmo/v1/graphql,2026-06-06T01:50:49.168709,1.0.0,Midshipman,Meetmeonline,Line Of David,3,C,Flanagan Racing,121,4/1,5.0,5.0,BSA-6,2026-06-06T18:09:00Z,14
BSA,Belmont Stakes Day,2026-06-06,6,18:09,Allowance 6.5f,Allowance,Dirt,6.5f,"$120,000",9,Mary's Lad (Ire),Ortiz Jose L,Beckman D. Whitworth,15/1,False,Thoroughbred,tvg,https://api.tvg.com/cosmo/v1/graphql,2026-06-06T01:50:49.168763,1.0.0,Earthlight (Ire),Gorges (Fr),Le Havre (Ire),4,G,Graham Grace Stable,126,15/1,16.0,16.0,BSA-6,2026-06-06T18:09:00Z,14
BSA,Belmont Stakes Day,2026-06-06,6,18:09,Allowance 6.5f,Allowance,Dirt,6.5f,"$120,000",10,Imagine John,Zayas Edgard J,Antonucci Jena M,30/1,False,Thoroughbred,tvg,https://api.tvg.com/cosmo/v1/graphql,2026-06-06T01:50:49.168787,1.0.0,Maclean's Music,Lady Azalea,Mineshaft,3,C,"Pure Bred Funding LLC and Lorenz, Jason T.",121,30/1,31.0,31.0,BSA-6,2026-06-06T18:09:00Z,14
BSA,Belmont Stakes Day,2026-06-06,6,18:09,Allowance 6.5f,Allowance,Dirt,6.5f,"$120,000",11,Brazenly,Lezcano Jose,Englehart Chris J,15/1,False,Thoroughbred,tvg,https://api.tvg.com/cosmo/v1/graphql,2026-06-06T01:50:49.168805,1.0.0,Grazen,Sweet Boss,Street Boss,8,G,"Pantofel Stable, LLC, Wachtel Stable, Barber, Gary and Steier, Richard",126,15/1,16.0,16.0,BSA-6,2026-06-06T18:09:00Z,14
BSA,Belmont Stakes Day,2026-06-06,6,18:09,Allowance 6.5f,Allowance,Dirt,6.5f,"$120,000",12,Trust Fund,Davis Dylan,Arriaga Antonio,30/1,False,Thoroughbred,tvg,https://api.tvg.com/cosmo/v1/graphql,2026-06-06T01:50:49.168830,1.0.0,Practical Joke,Mo Savings,Uncle Mo,5,G,Adamo Bros. Thoroughbred Racing LLC,126,30/1,31.0,31.0,BSA-6,2026-06-06T18:09:00Z,14
BSA,Belmont Stakes Day,2026-06-06,6,18:09,Allowance 6.5f,Allowance,Dirt,6.5f,"$120,000",13,Strategicoperation,Rivera Dalila A,Arriaga Antonio,50/1,False,Thoroughbred,tvg,https://api.tvg.com/cosmo/v1/graphql,2026-06-06T01:50:49.168853,1.0.0,Lexitonian,Soul Of Fashion,Perfect Soul (Ire),3,C,Next Level Stables,114,50/1,51.0,51.0,BSA-6,2026-06-06T18:09:00Z,14
BSA,Belmont Stakes Day,2026-06-06,6,18:09,Allowance 6.5f,Allowance,Dirt,6.5f,"$120,000",14,Gun Range,Saez Luis,Ward Wesley A,8/1,False,Thoroughbred,tvg,https://api.tvg.com/cosmo/v1/graphql,2026-06-06T01:50:49.168883,1.0.0,Gun Runner,Bella Carina,War Front,3,C,"Three Chimneys Farm, LLC (Goncalo B. Torrealba)",121,8/1,9.0,9.0,BSA-6,2026-06-06T18:09:00Z,14
BSA,Belmont Stakes Day,2026-06-06,7,18:47,Stakes 8f,Stakes,Inner Track,8f,"$500,000",1,Classic Q,Velazquez John R,Casse Mark E,6/1,False,Thoroughbred,tvg,https://api.tvg.com/cosmo/v1/graphql,2026-06-06T01:50:49.168964,1.0.0,Classic Empire,Lovely Em,Scat Daddy,4,F,"Barber, Gary, Blue Crevalle Racing and Eclipse Thoroughbred Partners",122,6/1,7.0,7.0,BSA-7,2026-06-06T18:47:00Z,8
BSA,Belmont Stakes Day,2026-06-06,7,18:47,Stakes 8f,Stakes,Inner Track,8f,"$500,000",2,Sandtrap (Ire),Franco Manuel,Brown Chad C,3/1,False,Thoroughbred,tvg,https://api.tvg.com/cosmo/v1/graphql,2026-06-06T01:50:49.168993,1.0.0,Lope De Vega (Ire),Zindaya,More Than Ready,4,F,Bridlewood Farm,120,3/1,4.0,4.0,BSA-7,2026-06-06T18:47:00Z,8
BSA,Belmont Stakes Day,2026-06-06,7,18:47,Stakes 8f,Stakes,Inner Track,8f,"$500,000",3,Segesta,Prat Flavien,Brown Chad C,7/5,False,Thoroughbred,tvg,https://api.tvg.com/cosmo/v1/graphql,2026-06-06T01:50:49.169036,1.0.0,Ghostzapper,Antonoe,First Defence,5,M,Juddmonte,124,7/5,2.4,2.4,BSA-7,2026-06-06T18:47:00Z,8
BSA,Belmont Stakes Day,2026-06-06,7,18:47,Stakes 8f,Stakes,Inner Track,8f,"$500,000",4,Mandanaba (Fr),Lecoeuvre Clement,Graffard Francis - Henri,9/2,False,Thoroughbred,tvg,https://api.tvg.com/cosmo/v1/graphql,2026-06-06T01:50:49.169078,1.0.0,Ghaiyyath (Ire),Mandesha (Fr),Desert Style (Ire),4,F,"His Highness the Aga Khan's Studs, Ltd.",122,9/2,5.5,5.5,BSA-7,2026-06-06T18:47:00Z,8
BSA,Belmont Stakes Day,2026-06-06,7,18:47,Stakes 8f,Stakes,Inner Track,8f,"$500,000",5,And One More Time,Castellano Javier,Casse Mark E,8/1,False,Thoroughbred,tvg,https://api.tvg.com/cosmo/v1/graphql,2026-06-06T01:50:49.169124,1.0.0,Omaha Beach,Complicated,Blame,4,F,Live Oak Plantation,120,8/1,9.0,9.0,BSA-7,2026-06-06T18:47:00Z,8
BSA,Belmont Stakes Day,2026-06-06,7,18:47,Stakes 8f,Stakes,Inner Track,8f,"$500,000",6,Fast Market,Davis Dylan,Terranova Ii John P,20/1,False,Thoroughbred,tvg,https://api.tvg.com/cosmo/v1/graphql,2026-06-06T01:50:49.169158,1.0.0,Volatile,Betty Draper,Street Cry (Ire),4,F,Hit The Bid Racing Stable,122,20/1,21.0,21.0,BSA-7,2026-06-06T18:47:00Z,8
BSA,Belmont Stakes Day,2026-06-06,7,18:47,Stakes 8f,Stakes,Inner Track,8f,"$500,000",7,Buttercream Babe,Saez Luis,Arnold Ii George R,15/1,False,Thoroughbred,tvg,https://api.tvg.com/cosmo/v1/graphql,2026-06-06T01:50:49.169217,1.0.0,Twirling Candy,Runway Ready,Mr. Greeley,5,M,Three Diamonds Farm,120,15/1,16.0,16.0,BSA-7,2026-06-06T18:47:00Z,8
BSA,Belmont Stakes Day,2026-06-06,7,18:47,Stakes 8f,Stakes,Inner Track,8f,"$500,000",8,Deep Satin,Ortiz Jose L,Devaux Cherie,12/1,False,Thoroughbred,tvg,https://api.tvg.com/cosmo/v1/graphql,2026-06-06T01:50:49.169241,1.0.0,American Pharoah,Take The Ribbon,Chester House,5,M,"Gunther, John D. and Eurowest Bloodstock Services",120,12/1,13.0,13.0,BSA-7,2026-06-06T18:47:00Z,8
BSA,Belmont Stakes Day,2026-06-06,8,19:25,Stakes 6.5f,Stakes,Dirt,6.5f,"$400,000",1,Acoustic Ave,Lezcano Jose,Rice Linda,30/1,False,Thoroughbred,tvg,https://api.tvg.com/cosmo/v1/graphql,2026-06-06T01:50:49.169356,1.0.0,Maclean's Music,Rock Ave. Road,Street Boss,6,G,A. Bianco Holding Limited,120,30/1,31.0,31.0,BSA-8,2026-06-06T19:25:00Z,9
BSA,Belmont Stakes Day,2026-06-06,8,19:25,Stakes 6.5f,Stakes,Dirt,6.5f,"$400,000",2,Imagination,Prat Flavien,Baffert Bob,4/1,False,Thoroughbred,tvg,https://api.tvg.com/cosmo/v1/graphql,2026-06-06T01:50:49.169384,1.0.0,Into Mischief,Magical Feeling,Empire Maker,5,H,"SF Racing LLC, Starlight Racing, Madaket Stables LLC, Stonestreet Stables LLC, B",124,4/1,5.0,5.0,BSA-8,2026-06-06T19:25:00Z,9
BSA,Belmont Stakes Day,2026-06-06,8,19:25,Stakes 6.5f,Stakes,Dirt,6.5f,"$400,000",3,Bentornato,"Ortiz, Jr. Irad",D'angelo Jose F,8/5,False,Thoroughbred,tvg,https://api.tvg.com/cosmo/v1/graphql,2026-06-06T01:50:49.169409,1.0.0,Valiant Minister,Her Special Way,Put It Back,5,R,Leon King Stable Corp. and TCC Stables LLC,124,8/5,2.6,2.6,BSA-8,2026-06-06T19:25:00Z,9
BSA,Belmont Stakes Day,2026-06-06,8,19:25,Stakes 6.5f,Stakes,Dirt,6.5f,"$400,000",4,Listenupshance,Fresu Antonio,O'neill Doug F,30/1,False,Thoroughbred,tvg,https://api.tvg.com/cosmo/v1/graphql,2026-06-06T01:50:49.169429,1.0.0,Shancelot,Listenupnow,Hard Spun,4,G,Run Fast Racing,120,30/1,31.0,31.0,BSA-8,2026-06-06T19:25:00Z,9
BSA,Belmont Stakes Day,2026-06-06,8,19:25,Stakes 6.5f,Stakes,Dirt,6.5f,"$400,000",5,Faust,Ortiz Jose L,Asmussen Steven M,15/1,False,Thoroughbred,tvg,https://api.tvg.com/cosmo/v1/graphql,2026-06-06T01:50:49.169441,1.0.0,Volatile,Whistling Straits,Scat Daddy,4,C,"Heiligbrodt, Corinne and Heiligbrodt, L. William",120,15/1,16.0,16.0,BSA-8,2026-06-06T19:25:00Z,9
BSA,Belmont Stakes Day,2026-06-06,8,19:25,Stakes 6.5f,Stakes,Dirt,6.5f,"$400,000",6,Book'em Danno,Lopez Paco,Ryan Derek S,2/1,False,Thoroughbred,tvg,https://api.tvg.com/cosmo/v1/graphql,2026-06-06T01:50:49.169459,1.0.0,Bucchero,Adorabella,Ghostzapper,5,G,"Atlantic Six Racing, LLC",124,2/1,3.0,3.0,BSA-8,2026-06-06T19:25:00Z,9
BSA,Belmont Stakes Day,2026-06-06,8,19:25,Stakes 6.5f,Stakes,Dirt,6.5f,"$400,000",7,Be You,Velazquez John R,Pletcher Todd A,12/1,False,Thoroughbred,tvg,https://api.tvg.com/cosmo/v1/graphql,2026-06-06T01:50:49.169479,1.0.0,Curlin,Jacaranda,Congrats,5,G,Repole Stable,122,12/1,13.0,13.0,BSA-8,2026-06-06T19:25:00Z,9
BSA,Belmont Stakes Day,2026-06-06,8,19:25,Stakes 6.5f,Stakes,Dirt,6.5f,"$400,000",8,Illuminare,Franco Manuel,Pletcher Todd A,10/1,False,Thoroughbred,tvg,https://api.tvg.com/cosmo/v1/graphql,2026-06-06T01:50:49.169496,1.0.0,City Of Light,I Still Miss You,Majestic Warrior,5,H,Centennial Farms,120,10/1,11.0,11.0,BSA-8,2026-06-06T19:25:00Z,9
BSA,Belmont Stakes Day,2026-06-06,8,19:25,Stakes 6.5f,Stakes,Dirt,6.5f,"$400,000",9,Pentathlon,Davis Dylan,Mcgaughey Iii Claude R,12/1,False,Thoroughbred,tvg,https://api.tvg.com/cosmo/v1/graphql,2026-06-06T01:50:49.169506,1.0.0,Speightstown,Parade,Tapit,5,H,"Phipps Stable, St. Elias Stable and Woodford Racing LLC",122,12/1,13.0,13.0,BSA-8,2026-06-06T19:25:00Z,9
BSA,Belmont Stakes Day,2026-06-06,9,20:13,Stakes 5.5f,Stakes,Turf,5.5f,"$500,000",1,Governor Sam,Lopez Paco,Weaver George,15/1,False,Thoroughbred,tvg,https://api.tvg.com/cosmo/v1/graphql,2026-06-06T01:50:49.169549,1.0.0,Improbable,I'm Betty G,Into Mischief,4,G,"Bregman Family Racing, LLC and Swinbank Stables, LLC",124,15/1,16.0,16.0,BSA-9,2026-06-06T20:13:00Z,10
BSA,Belmont Stakes Day,2026-06-06,9,20:13,Stakes 5.5f,Stakes,Turf,5.5f,"$500,000",2,Bold Journey,Alvarado Junior,Mott William I,30/1,False,Thoroughbred,tvg,https://api.tvg.com/cosmo/v1/graphql,2026-06-06T01:50:49.169563,1.0.0,Hard Spun,Polly Freeze,Super Saver,7,G,"Pantofel Stable LLC, Wachtel Stable and Barber, Gary",124,30/1,31.0,31.0,BSA-9,2026-06-06T20:13:00Z,10
BSA,Belmont Stakes Day,2026-06-06,9,20:13,Stakes 5.5f,Stakes,Turf,5.5f,"$500,000",3,Litigation,Geroux Florent,Lynch Brian A,7/2,False,Thoroughbred,tvg,https://api.tvg.com/cosmo/v1/graphql,2026-06-06T01:50:49.169573,1.0.0,Twirling Candy,Argue,Storm Cat,4,C,Stone Farm,124,7/2,4.5,4.5,BSA-9,2026-06-06T20:13:00Z,10
BSA,Belmont Stakes Day,2026-06-06,9,20:13,Stakes 5.5f,Stakes,Turf,5.5f,"$500,000",4,Works For Me,Prat Flavien,Lee Joseph R,6/1,False,Thoroughbred,tvg,https://api.tvg.com/cosmo/v1/graphql,2026-06-06T01:50:49.169582,1.0.0,Daddy Long Legs,Bella's Game,Soldat,5,H,"KatieRich Stables LLC, Connors, Christopher G. and Appel, Lawrence J.",124,6/1,7.0,7.0,BSA-9,2026-06-06T20:13:00Z,10
BSA,Belmont Stakes Day,2026-06-06,9,20:13,Stakes 5.5f,Stakes,Turf,5.5f,"$500,000",5,Reef Runner,"Ortiz, Jr. Irad",Fawkes David,4/1,False,Thoroughbred,tvg,https://api.tvg.com/cosmo/v1/graphql,2026-06-06T01:50:49.169593,1.0.0,The Big Beast,Paradise Bay,Blame,5,G,"Lieblong, Alex and Lieblong, JoAnn",126,4/1,5.0,5.0,BSA-9,2026-06-06T20:13:00Z,10
BSA,Belmont Stakes Day,2026-06-06,9,20:13,Stakes 5.5f,Stakes,Turf,5.5f,"$500,000",6,Ag Bullet,Velazquez John R,Baltas Richard,3/1,False,Thoroughbred,tvg,https://api.tvg.com/cosmo/v1/graphql,2026-06-06T01:50:49.169610,1.0.0,Twirling Candy,Noble Grey,Forestry,6,M,"Nguyen, Calvin and Tran, Joey C.",121,3/1,4.0,4.0,BSA-9,2026-06-06T20:13:00Z,10
BSA,Belmont Stakes Day,2026-06-06,9,20:13,Stakes 5.5f,Stakes,Turf,5.5f,"$500,000",7,Clock Tower,Davis Dylan,Ward Wesley A,20/1,False,Thoroughbred,tvg,https://api.tvg.com/cosmo/v1/graphql,2026-06-06T01:50:49.169621,1.0.0,Not This Time,Hot Stones,Bustin Stones,4,G,"Hay, Mrs. Fitriani",124,20/1,21.0,21.0,BSA-9,2026-06-06T20:13:00Z,10
BSA,Belmont Stakes Day,2026-06-06,9,20:13,Stakes 5.5f,Stakes,Turf,5.5f,"$500,000",8,John The Beer Man,Carmouche Kendrick,Atras Rob,10/1,False,Thoroughbred,tvg,https://api.tvg.com/cosmo/v1/graphql,2026-06-06T01:50:49.169669,1.0.0,More Than Ready,Trophy Wife,Giant's Causeway,5,G,"Caruso, Michael J. and Dubb, Michael",124,10/1,11.0,11.0,BSA-9,2026-06-06T20:13:00Z,10
BSA,Belmont Stakes Day,2026-06-06,9,20:13,Stakes 5.5f,Stakes,Turf,5.5f,"$500,000",9,Twenty Six Black,Franco Manuel,De Paz Horacio,12/1,False,Thoroughbred,tvg,https://api.tvg.com/cosmo/v1/graphql,2026-06-06T01:50:49.169688,1.0.0,War Dancer,Brazo De Oro,First Dude,6,G,"Cimbora, Jr., Roger",124,12/1,13.0,13.0,BSA-9,2026-06-06T20:13:00Z,10
BSA,Belmont Stakes Day,2026-06-06,9,20:13,Stakes 5.5f,Stakes,Turf,5.5f,"$500,000",10,My Boy Prince,Ortiz Jose L,Casse Mark E,5/1,False,Thoroughbred,tvg,https://api.tvg.com/cosmo/v1/graphql,2026-06-06T01:50:49.169698,1.0.0,Cairo Prince,Hopping Not Hoping,Silent Name (Jpn),5,G,"Barber, Gary",126,5/1,6.0,6.0,BSA-9,2026-06-06T20:13:00Z,10
BSA,Belmont Stakes Day,2026-06-06,10,20:52,Stakes 7f,Stakes,Dirt,7f,"$500,000",1,Gilded Bandit,Alvarado Junior,Mott William I,8/1,False,Thoroughbred,tvg,https://api.tvg.com/cosmo/v1/graphql,2026-06-06T01:50:49.169733,1.0.0,Charlatan,Diamond Ore,Tapit,3,C,Pin Oak Stud LLC,124,8/1,9.0,9.0,BSA-10,2026-06-06T20:52:00Z,9
BSA,Belmont Stakes Day,2026-06-06,10,20:52,Stakes 7f,Stakes,Dirt,7f,"$500,000",2,Obliteration,Velazquez John R,Asmussen Steven M,8/1,False,Thoroughbred,tvg,https://api.tvg.com/cosmo/v1/graphql,2026-06-06T01:50:49.169743,1.0.0,Violence,I'mclassyandsassy,Master Command,3,C,"Leland Ackerley Racing, Sherwood, James, Shupe, Jode and Cilia, John",124,8/1,9.0,9.0,BSA-10,2026-06-06T20:52:00Z,9
BSA,Belmont Stakes Day,2026-06-06,10,20:52,Stakes 7f,Stakes,Dirt,7f,"$500,000",3,Six Speed,"Ortiz, Jr. Irad",Weaver George,10/1,False,Thoroughbred,tvg,https://api.tvg.com/cosmo/v1/graphql,2026-06-06T01:50:49.169751,1.0.0,Not This Time,Browse,Medaglia D'oro,3,C,"Black Type Thoroughbreds, Brunetti Dugan Stables, Swinbank Stables LLC, Adkisson",124,10/1,11.0,11.0,BSA-10,2026-06-06T20:52:00Z,9
BSA,Belmont Stakes Day,2026-06-06,10,20:52,Stakes 7f,Stakes,Dirt,7f,"$500,000",4,Stradale,"Santana, Jr. Ricardo",Asmussen Steven M,15/1,False,Thoroughbred,tvg,https://api.tvg.com/cosmo/v1/graphql,2026-06-06T01:50:49.169760,1.0.0,Yaupon,Twitterpated,Stormy Atlantic,3,C,"Kaleem Shah, Inc.",124,15/1,16.0,16.0,BSA-10,2026-06-06T20:52:00Z,9
BSA,Belmont Stakes Day,2026-06-06,10,20:52,Stakes 7f,Stakes,Dirt,7f,"$500,000",5,Solitude Dude,Prat Flavien,"Joseph, Jr. Saffie A",6/1,False,Thoroughbred,tvg,https://api.tvg.com/cosmo/v1/graphql,2026-06-06T01:50:49.169769,1.0.0,Yaupon,After The Party,Into Mischief,3,C,"Fountoukis, Chris",124,6/1,7.0,7.0,BSA-10,2026-06-06T20:52:00Z,9
BSA,Belmont Stakes Day,2026-06-06,10,20:52,Stakes 7f,Stakes,Dirt,7f,"$500,000",6,Crude Velocity,Geroux Florent,Baffert Bob,9/5,False,Thoroughbred,tvg,https://api.tvg.com/cosmo/v1/graphql,2026-06-06T01:50:49.169776,1.0.0,Beau Liam,Sweetnsour Kitty,Lemon Drop Kid,3,C,CSLR Racing Partners,124,9/5,2.8,2.8,BSA-10,2026-06-06T20:52:00Z,9
BSA,Belmont Stakes Day,2026-06-06,10,20:52,Stakes 7f,Stakes,Dirt,7f,"$500,000",7,Englishman,Ortiz Jose L,Devaux Cherie,3/1,False,Thoroughbred,tvg,https://api.tvg.com/cosmo/v1/graphql,2026-06-06T01:50:49.169783,1.0.0,Maxfield,In It For The Gold,Speightstown,3,C,C R K Stable LLC,124,3/1,4.0,4.0,BSA-10,2026-06-06T20:52:00Z,9
BSA,Belmont Stakes Day,2026-06-06,10,20:52,Stakes 7f,Stakes,Dirt,7f,"$500,000",8,Civil Liberty,Fresu Antonio,O'neill Doug F,10/1,False,Thoroughbred,tvg,https://api.tvg.com/cosmo/v1/graphql,2026-06-06T01:50:49.169798,1.0.0,Independence Hall,Love And Respect,Tiznow,3,C,"Dado, Craig and Davis, Mark D.",124,10/1,11.0,11.0,BSA-10,2026-06-06T20:52:00Z,9
BSA,Belmont Stakes Day,2026-06-06,10,20:52,Stakes 7f,Stakes,Dirt,7f,"$500,000",9,Taj Mahal,Franco Manuel,Russell Brittany T,15/1,False,Thoroughbred,tvg,https://api.tvg.com/cosmo/v1/graphql,2026-06-06T01:50:49.169804,1.0.0,Nyquist,Oola Gal,Quality Road,3,C,"SF Racing, LLC, Starlight Racing, Madaket Stables, LLC, Stonestreet Stables, LLC",124,15/1,16.0,16.0,BSA-10,2026-06-06T20:52:00Z,9
BSA,Belmont Stakes Day,2026-06-06,11,21:32,Stakes 8f,Stakes,Dirt,8f,"$1,000,000",1,Nysos,Prat Flavien,Baffert Bob,9/5,False,Thoroughbred,tvg,https://api.tvg.com/cosmo/v1/graphql,2026-06-06T01:50:49.169826,1.0.0,Nyquist,Zetta Z,Bernardini,5,H,"Baoma Corp, Magnier, Mrs. John, Tabor, Michael B. and Smith, Derrick",126,9/5,2.8,2.8,BSA-11,2026-06-06T21:32:00Z,7
BSA,Belmont Stakes Day,2026-06-06,11,21:32,Stakes 8f,Stakes,Dirt,8f,"$1,000,000",2,Vibe,Saez Luis,Pletcher Todd A,15/1,False,Thoroughbred,tvg,https://api.tvg.com/cosmo/v1/graphql,2026-06-06T01:50:49.169838,1.0.0,Into Mischief,Nonna Mia,Empire Maker,4,C,"Repole Stable, West Point Thoroughbreds, CJ Stables, Woodford Racing LLC, Lane's",118,15/1,16.0,16.0,BSA-11,2026-06-06T21:32:00Z,7
BSA,Belmont Stakes Day,2026-06-06,11,21:32,Stakes 8f,Stakes,Dirt,8f,"$1,000,000",3,Antiquarian,Velazquez John R,Pletcher Todd A,6/1,False,Thoroughbred,tvg,https://api.tvg.com/cosmo/v1/graphql,2026-06-06T01:50:49.169846,1.0.0,Preservationist,Lifetime Memory,Istan,5,H,Centennial Farms,124,6/1,7.0,7.0,BSA-11,2026-06-06T21:32:00Z,7
BSA,Belmont Stakes Day,2026-06-06,11,21:32,Stakes 8f,Stakes,Dirt,8f,"$1,000,000",4,Saudi Crown,"Ortiz, Jr. Irad",Cox Brad H,8/1,False,Thoroughbred,tvg,https://api.tvg.com/cosmo/v1/graphql,2026-06-06T01:50:49.169855,1.0.0,Always Dreaming,New Narration,Tapit,6,H,FMQ Stables,123,8/1,9.0,9.0,BSA-11,2026-06-06T21:32:00Z,7
BSA,Belmont Stakes Day,2026-06-06,11,21:32,Stakes 8f,Stakes,Dirt,8f,"$1,000,000",5,Rated By Merit,Davis Dylan,Brown Chad C,10/1,False,Thoroughbred,tvg,https://api.tvg.com/cosmo/v1/graphql,2026-06-06T01:50:49.169865,1.0.0,Battalion Runner,Banner Waving,Speightstown,4,C,St. Elias Stable,119,10/1,11.0,11.0,BSA-11,2026-06-06T21:32:00Z,7
BSA,Belmont Stakes Day,2026-06-06,11,21:32,Stakes 8f,Stakes,Dirt,8f,"$1,000,000",6,Knightsbridge,Alvarado Junior,Mott William I,7/2,False,Thoroughbred,tvg,https://api.tvg.com/cosmo/v1/graphql,2026-06-06T01:50:49.169873,1.0.0,Nyquist,Tyburn Brook,Bernardini,5,H,"Godolphin, LLC",121,7/2,4.5,4.5,BSA-11,2026-06-06T21:32:00Z,7
BSA,Belmont Stakes Day,2026-06-06,11,21:32,Stakes 8f,Stakes,Dirt,8f,"$1,000,000",7,Journalism,Ortiz Jose L,Mccarthy Michael W,5/2,False,Thoroughbred,tvg,https://api.tvg.com/cosmo/v1/graphql,2026-06-06T01:50:49.169880,1.0.0,Curlin,Mopotism,Uncle Mo,4,C,"Eclipse Thoroughbred Partners, Bridlewood Farm, Don Alberto Stable, LaPenta, Rob",125,5/2,3.5,3.5,BSA-11,2026-06-06T21:32:00Z,7
BSA,Belmont Stakes Day,2026-06-06,12,22:11,Stakes 9.5f,Stakes,Turf,9.5f,"$1,000,000",1,Tiz Dashing,Castellano Javier,Tagg Barclay,30/1,False,Thoroughbred,tvg,https://api.tvg.com/cosmo/v1/graphql,2026-06-06T01:50:49.169897,1.0.0,Tiz The Law,Breaking Beauty,Into Mischief,4,C,Sackatoga Stable,122,30/1,31.0,31.0,BSA-12,2026-06-06T22:11:00Z,9
BSA,Belmont Stakes Day,2026-06-06,12,22:11,Stakes 9.5f,Stakes,Turf,9.5f,"$1,000,000",2,Test Score,Franco Manuel,Motion H. G,12/1,False,Thoroughbred,tvg,https://api.tvg.com/cosmo/v1/graphql,2026-06-06T01:50:49.169907,1.0.0,Lookin At Lucky,Joy Of Learning,Kitten's Joy,4,C,"Amerman Racing, LLC",124,12/1,13.0,13.0,BSA-12,2026-06-06T22:11:00Z,9
BSA,Belmont Stakes Day,2026-06-06,12,22:11,Stakes 9.5f,Stakes,Turf,9.5f,"$1,000,000",3,Make Me King (Fr),Ortiz Jose L,Al Jehani H.A.,8/1,False,Thoroughbred,tvg,https://api.tvg.com/cosmo/v1/graphql,2026-06-06T01:50:49.169914,1.0.0,Dark Angel (Ire),Miss Infinity (Ire),Rock Of Gibraltar (Ire),6,G,Wathnan Racing,122,8/1,9.0,9.0,BSA-12,2026-06-06T22:11:00Z,9
BSA,Belmont Stakes Day,2026-06-06,12,22:11,Stakes 9.5f,Stakes,Turf,9.5f,"$1,000,000",4,Integration,Velazquez John R,Mcgaughey Iii Claude R,12/1,False,Thoroughbred,tvg,https://api.tvg.com/cosmo/v1/graphql,2026-06-06T01:50:49.169921,1.0.0,Quality Road,Harmonize,Scat Daddy,6,H,West Point Thoroughbreds and Woodford Racing LLC,120,12/1,13.0,13.0,BSA-12,2026-06-06T22:11:00Z,9
BSA,Belmont Stakes Day,2026-06-06,12,22:11,Stakes 9.5f,Stakes,Turf,9.5f,"$1,000,000",5,Deterministic,Carmouche Kendrick,Clement Miguel,7/2,False,Thoroughbred,tvg,https://api.tvg.com/cosmo/v1/graphql,2026-06-06T01:50:49.169928,1.0.0,Liam's Map,Giulio's Jewel,Speightstown,5,H,"St. Elias Stable, Langone, Ken, Duncker, C. Steven and Vicarage Stable",124,7/2,4.5,4.5,BSA-12,2026-06-06T22:11:00Z,9
BSA,Belmont Stakes Day,2026-06-06,12,22:11,Stakes 9.5f,Stakes,Turf,9.5f,"$1,000,000",6,Bright Picture (Fr),Prat Flavien,Fabre Andre,3/1,False,Thoroughbred,tvg,https://api.tvg.com/cosmo/v1/graphql,2026-06-06T01:50:49.169936,1.0.0,Intello (Ger),Lucy The Painter (Ire),Excellent Art (Gb),5,G,Wertheimer and Frere,122,3/1,4.0,4.0,BSA-12,2026-06-06T22:11:00Z,9
BSA,Belmont Stakes Day,2026-06-06,12,22:11,Stakes 9.5f,Stakes,Turf,9.5f,"$1,000,000",7,Rhetorical,"Ortiz, Jr. Irad",Walden William,2/1,False,Thoroughbred,tvg,https://api.tvg.com/cosmo/v1/graphql,2026-06-06T01:50:49.169942,1.0.0,Not This Time,Sheet Humor,Distorted Humor,5,G,"Barber, Gary, Cheyenne Stable, LLC and Wachtel Stable",124,2/1,3.0,3.0,BSA-12,2026-06-06T22:11:00Z,9
BSA,Belmont Stakes Day,2026-06-06,12,22:11,Stakes 9.5f,Stakes,Turf,9.5f,"$1,000,000",8,One Stripe (Saf),Lerena Gavin,Motion H. G,6/1,False,Thoroughbred,tvg,https://api.tvg.com/cosmo/v1/graphql,2026-06-06T01:50:49.169949,1.0.0,One World (Saf),Silver Stripe (Saf),Silvano (Ger),5,H,"Hollywood Racing and Sewgoolam, Rikesh",124,6/1,7.0,7.0,BSA-12,2026-06-06T22:11:00Z,9
BSA,Belmont Stakes Day,2026-06-06,12,22:11,Stakes 9.5f,Stakes,Turf,9.5f,"$1,000,000",9,Battle Of Normandy,Davis Dylan,Mcgaughey Iii Claude R,20/1,False,Thoroughbred,tvg,https://api.tvg.com/cosmo/v1/graphql,2026-06-06T01:50:49.169956,1.0.0,City Of Light,Adorable Miss,Kitten's Joy,6,H,West Point Thoroughbreds and Woodford Racing LLC,120,20/1,21.0,21.0,BSA-12,2026-06-06T22:11:00Z,9
BSA,Belmont Stakes Day,2026-06-06,13,23:04,Stakes 10f,Stakes,Dirt,10f,"$2,000,000",1,Vitruvian Man,Fresu Antonio,O'neill Doug F,30/1,False,Thoroughbred,tvg,https://api.tvg.com/cosmo/v1/graphql,2026-06-06T01:50:49.169973,1.0.0,Vino Rosso,Caradini,Bernardini,3,C,Glenn Sorgenstein WC Racing Inc. and Run Fast Racing,126,21/1,22.0,31.0,BSA-13,2026-06-06T23:04:00Z,9
BSA,Belmont Stakes Day,2026-06-06,13,23:04,Stakes 10f,Stakes,Dirt,10f,"$2,000,000",2,Powershift,Saez Luis,Pletcher Todd A,12/1,False,Thoroughbred,tvg,https://api.tvg.com/cosmo/v1/graphql,2026-06-06T01:50:49.169981,1.0.0,Constitution,Free Flying Soul,Quiet American,3,C,Repole Stable,126,14/1,15.0,13.0,BSA-13,2026-06-06T23:04:00Z,9
BSA,Belmont Stakes Day,2026-06-06,13,23:04,Stakes 10f,Stakes,Dirt,10f,"$2,000,000",3,Chief Wallabee,Alvarado Junior,Mott William I,3/1,False,Thoroughbred,tvg,https://api.tvg.com/cosmo/v1/graphql,2026-06-06T01:50:49.169991,1.0.0,Constitution,A La Lucie,Medaglia D'oro,3,C,"Ball, Michael and Ball, Katherine G.",126,5/1,6.0,4.0,BSA-13,2026-06-06T23:04:00Z,9
BSA,Belmont Stakes Day,2026-06-06,13,23:04,Stakes 10f,Stakes,Dirt,10f,"$2,000,000",4,Renegade,"Ortiz, Jr. Irad",Pletcher Todd A,2/1,False,Thoroughbred,tvg,https://api.tvg.com/cosmo/v1/graphql,2026-06-06T01:50:49.169998,1.0.0,Into Mischief,Spice Is Nice,Curlin,3,C,"Low, Robert, Low, Lawana L. and Repole Stable",126,6/5,2.2,3.0,BSA-13,2026-06-06T23:04:00Z,9
BSA,Belmont Stakes Day,2026-06-06,13,23:04,Stakes 10f,Stakes,Dirt,10f,"$2,000,000",5,Ottinho,Davis Dylan,Brown Chad C,20/1,False,Thoroughbred,tvg,https://api.tvg.com/cosmo/v1/graphql,2026-06-06T01:50:49.170007,1.0.0,Quality Road,Quiet Giant,Giant's Causeway,3,C,"Three Chimneys Farm, LLC (Goncalo B. Torrealba)",126,20/1,21.0,21.0,BSA-13,2026-06-06T23:04:00Z,9
BSA,Belmont Stakes Day,2026-06-06,13,23:04,Stakes 10f,Stakes,Dirt,10f,"$2,000,000",6,Growth Equity,Franco Manuel,Brown Chad C,12/1,False,Thoroughbred,tvg,https://api.tvg.com/cosmo/v1/graphql,2026-06-06T01:50:49.170013,1.0.0,Nyquist,My Dear Venezuela,Wildcat Heir,3,C,"Klaravich Stables, Inc.",126,14/1,15.0,13.0,BSA-13,2026-06-06T23:04:00Z,9
BSA,Belmont Stakes Day,2026-06-06,13,23:04,Stakes 10f,Stakes,Dirt,10f,"$2,000,000",7,Commandment,Velazquez John R,Cox Brad H,6/1,False,Thoroughbred,tvg,https://api.tvg.com/cosmo/v1/graphql,2026-06-06T01:50:49.170021,1.0.0,Into Mischief,Sippican Harbor,Orb,3,C,Wathnan Racing,126,6/1,7.0,7.0,BSA-13,2026-06-06T23:04:00Z,9
BSA,Belmont Stakes Day,2026-06-06,13,23:04,Stakes 10f,Stakes,Dirt,10f,"$2,000,000",8,Emerging Market,Prat Flavien,Brown Chad C,6/1,False,Thoroughbred,tvg,https://api.tvg.com/cosmo/v1/graphql,2026-06-06T01:50:49.170028,1.0.0,Candy Ride (Arg),Wild Empress,Empire Maker,3,C,"Klaravich Stables, Inc.",126,7/1,8.0,7.0,BSA-13,2026-06-06T23:04:00Z,9
BSA,Belmont Stakes Day,2026-06-06,13,23:04,Stakes 10f,Stakes,Dirt,10f,"$2,000,000",9,Golden Tempo,Ortiz Jose L,Devaux Cherie,9/2,False,Thoroughbred,tvg,https://api.tvg.com/cosmo/v1/graphql,2026-06-06T01:50:49.170034,1.0.0,Curlin,Carrumba,Bernardini,3,C,Phipps Stable and St. Elias Stable,126,6/1,7.0,5.5,BSA-13,2026-06-06T23:04:00Z,9
BSA,Belmont Stakes Day,2026-06-06,14,00:02,Allowance 8f,Allowance,Inner Track,8f,"$120,000",1,Double Act,Lezcano Jose,Mott William I,15/1,False,Thoroughbred,tvg,https://api.tvg.com/cosmo/v1/graphql,2026-06-06T01:50:49.170052,1.0.0,Into Mischief,Golden Award,Medaglia D'oro,3,C,Wathnan Racing,120,15/1,16.0,16.0,BSA-14,2026-06-07T00:02:00Z,16
BSA,Belmont Stakes Day,2026-06-06,14,00:02,Allowance 8f,Allowance,Inner Track,8f,"$120,000",2,Noble Factor,Saez Luis,Brion Keri,20/1,False,Thoroughbred,tvg,https://api.tvg.com/cosmo/v1/graphql,2026-06-06T01:50:49.170059,1.0.0,The Factor,Princess Taylor (Gb),Singspiel (Ire),5,G,"July Cavalry Racing and AJ Suited Racing Stable, LLC",126,20/1,21.0,21.0,BSA-14,2026-06-07T00:02:00Z,16
BSA,Belmont Stakes Day,2026-06-06,14,00:02,Allowance 8f,Allowance,Inner Track,8f,"$120,000",3,Winnebago (Ire),Franco Manuel,Clement Miguel,10/1,False,Thoroughbred,tvg,https://api.tvg.com/cosmo/v1/graphql,2026-06-06T01:50:49.170068,1.0.0,Starspangledbanner (Aus),Bitter Lake,Halling,4,G,Dahman,126,10/1,11.0,11.0,BSA-14,2026-06-07T00:02:00Z,16
BSA,Belmont Stakes Day,2026-06-06,14,00:02,Allowance 8f,Allowance,Inner Track,8f,"$120,000",4,First Call Bob,Ortiz Jose L,Brown Chad C,12/1,False,Thoroughbred,tvg,https://api.tvg.com/cosmo/v1/graphql,2026-06-06T01:50:49.170081,1.0.0,Uncle Mo,Walk Close,Tapit,4,G,Flanagan Racing,126,12/1,13.0,13.0,BSA-14,2026-06-07T00:02:00Z,16
BSA,Belmont Stakes Day,2026-06-06,14,00:02,Allowance 8f,Allowance,Inner Track,8f,"$120,000",5,Favorable Scenario,Prat Flavien,Brown Chad C,4/1,False,Thoroughbred,tvg,https://api.tvg.com/cosmo/v1/graphql,2026-06-06T01:50:49.170088,1.0.0,Good Magic,Lemon Gin,First Samurai,6,G,"Klaravich Stables, Inc.",126,4/1,5.0,5.0,BSA-14,2026-06-07T00:02:00Z,16
BSA,Belmont Stakes Day,2026-06-06,14,00:02,Allowance 8f,Allowance,Inner Track,8f,"$120,000",6,Blown Cover,Rodriguez Jaime,Rodriguez Rudy R,15/1,False,Thoroughbred,tvg,https://api.tvg.com/cosmo/v1/graphql,2026-06-06T01:50:49.170096,1.0.0,Gun Runner,Secret No More,Unbridled's Song,5,H,"Rodriguez, Rudy, R.",126,15/1,16.0,16.0,BSA-14,2026-06-07T00:02:00Z,16
BSA,Belmont Stakes Day,2026-06-06,14,00:02,Allowance 8f,Allowance,Inner Track,8f,"$120,000",7,Tiz Trouble,Alvarado Junior,Lewis Lisa L,12/1,False,Thoroughbred,tvg,https://api.tvg.com/cosmo/v1/graphql,2026-06-06T01:50:49.170102,1.0.0,Tiz The Law,Warmhearted Windy,Put It Back,3,G,"Miller, Maurleen",120,12/1,13.0,13.0,BSA-14,2026-06-07T00:02:00Z,16
BSA,Belmont Stakes Day,2026-06-06,14,00:02,Allowance 8f,Allowance,Inner Track,8f,"$120,000",8,Elnajd,"Ortiz, Jr. Irad",Cox Brad H,5/1,False,Thoroughbred,tvg,https://api.tvg.com/cosmo/v1/graphql,2026-06-06T01:50:49.170110,1.0.0,Speightstown,Filfila,Kitten's Joy,4,C,Shadwell Stable,126,5/1,6.0,6.0,BSA-14,2026-06-07T00:02:00Z,16
BSA,Belmont Stakes Day,2026-06-06,14,00:02,Allowance 8f,Allowance,Inner Track,8f,"$120,000",9,Griffin's Wharf,Velazquez John R,Morley Thomas,12/1,False,Thoroughbred,tvg,https://api.tvg.com/cosmo/v1/graphql,2026-06-06T01:50:49.170118,1.0.0,Constitution,Autonomous,Quality Road,4,C,"Rainbow's End Racing Stable LLC, Titletown Racing Stables and West Paces Racing",126,12/1,13.0,13.0,BSA-14,2026-06-07T00:02:00Z,16
BSA,Belmont Stakes Day,2026-06-06,14,00:02,Allowance 8f,Allowance,Inner Track,8f,"$120,000",10,Outrunner,Lopez Paco,"Duarte, Jr. Jorge",5/1,False,Thoroughbred,tvg,https://api.tvg.com/cosmo/v1/graphql,2026-06-06T01:50:49.170126,1.0.0,American Pharoah,Gale Force,Giant's Causeway,4,C,Colts Neck Stables LLC,126,5/1,6.0,6.0,BSA-14,2026-06-07T00:02:00Z,16
BSA,Belmont Stakes Day,2026-06-06,14,00:02,Allowance 8f,Allowance,Inner Track,8f,"$120,000",11,Ramblin' Wreck,Carmouche Kendrick,Gargan Danny,12/1,False,Thoroughbred,tvg,https://api.tvg.com/cosmo/v1/graphql,2026-06-06T01:50:49.170134,1.0.0,Redesdale,Dakota Kid,Lemon Drop Kid,6,G,"Reeves Thoroughbred Racing, Searles, Peter and Searles, Patty",126,12/1,13.0,13.0,BSA-14,2026-06-07T00:02:00Z,16
BSA,Belmont Stakes Day,2026-06-06,14,00:02,Allowance 8f,Allowance,Inner Track,8f,"$120,000",12,Sounds Like A Plan,"Santana, Jr. Ricardo",De Paz Horacio,9/2,False,Thoroughbred,tvg,https://api.tvg.com/cosmo/v1/graphql,2026-06-06T01:50:49.170143,1.0.0,Twirling Candy,Court Dress,Speightstown,4,G,Club Sixty Five Racing,126,9/2,5.5,5.5,BSA-14,2026-06-07T00:02:00Z,16
BSA,Belmont Stakes Day,2026-06-06,14,00:02,Allowance 8f,Allowance,Inner Track,8f,"$120,000",13,Fortune Seller,Ortiz Jose L,Rice Kevin,30/1,False,Thoroughbred,tvg,https://api.tvg.com/cosmo/v1/graphql,2026-06-06T01:50:49.170150,1.0.0,Kitten's Joy,Violinist,Unbridled's Song,5,G,"Bella Mia Stables, LLC",126,30/1,31.0,31.0,BSA-14,2026-06-07T00:02:00Z,16
BSA,Belmont Stakes Day,2026-06-06,14,00:02,Allowance 8f,Allowance,Inner Track,8f,"$120,000",14,Fort Nelson,Carmouche Kendrick,Rice Linda,6/1,False,Thoroughbred,tvg,https://api.tvg.com/cosmo/v1/graphql,2026-06-06T01:50:49.170159,1.0.0,Bernardini,Seventh Street,Street Cry (Ire),4,G,"Valente, Roddy, J.",126,6/1,7.0,7.0,BSA-14,2026-06-07T00:02:00Z,16
BSA,Belmont Stakes Day,2026-06-06,14,00:02,Allowance 8f,Allowance,Inner Track,8f,"$120,000",15,Pagode,Rider Tba,Cox Brad H,2/1,False,Thoroughbred,tvg,https://api.tvg.com/cosmo/v1/graphql,2026-06-06T01:50:49.170166,1.0.0,Constitution,Pretty Girl (Arg),Harlan's Holiday,4,G,"Dubb, Michael, David A. Bernsen LLC and H Third Equine LLC",126,2/1,3.0,3.0,BSA-14,2026-06-07T00:02:00Z,16
BSA,Belmont Stakes Day,2026-06-06,14,00:02,Allowance 8f,Allowance,Inner Track,8f,"$120,000",16,Ambition,Gonzalez Silvestre,Kantarmaci Ilkay,15/1,False,Thoroughbred,tvg,https://api.tvg.com/cosmo/v1/graphql,2026-06-06T01:50:49.170174,1.0.0,Street Sense,Inspired,Unbridled's Song,5,H,"Kantarmaci, Ilkay and Perdikis, Dimitrios",126,15/1,16.0,16.0,BSA-14,2026-06-07T00:02:00Z,16
CHT,Charles Town,2026-06-06,1,23:10,Claiming 4.5f,Claiming,Dirt,4.5f,"$15,700",1,El Lucerito,Davis Jacqueline A,Campbell Marshall T,20/1,False,Thoroughbred,tvg,https://api.tvg.com/cosmo/v1/graphql,2026-06-06T01:50:49.194499,1.0.0,Golden Lad,La Jessica,Ecclesiastic,6,G,Marshall T. Campbell and Donald L. Bentley,124,34/1,35.0,21.0,CHT-1,2026-06-05T23:10:22Z,7
CHT,Charles Town,2026-06-06,1,23:10,Claiming 4.5f,Claiming,Dirt,4.5f,"$15,700",2,Imperial King,Barbosa Jeiron,Mangual Manolo,5/2,False,Thoroughbred,tvg,https://api.tvg.com/cosmo/v1/graphql,2026-06-06T01:50:49.194561,1.0.0,Gemologist,Holy Reina,Macho Uno,8,G,Manolo Mangual,124,4/1,5.0,3.5,CHT-1,2026-06-05T23:10:22Z,7
CHT,Charles Town,2026-06-06,1,23:10,Claiming 4.5f,Claiming,Dirt,4.5f,"$15,700",3,On The Come Up,Bocachica Abnel J,Laguna Homero,2/1,False,Thoroughbred,tvg,https://api.tvg.com/cosmo/v1/graphql,2026-06-06T01:50:49.194581,1.0.0,Mission Impazible,Myprincessallyson,Precise End,7,G,Homero Laguna,122,8/1,9.0,3.0,CHT-1,2026-06-05T23:10:22Z,7
CHT,Charles Town,2026-06-06,1,23:10,Claiming 4.5f,Claiming,Dirt,4.5f,"$15,700",4,Hopping Henry,Araujo Denis V,Sterling Michael E,9/5,False,Thoroughbred,tvg,https://api.tvg.com/cosmo/v1/graphql,2026-06-06T01:50:49.194595,1.0.0,Juba,Phone Jazz,Phone Trick,8,G,Roger B. Sterling,126,4/5,1.8,2.8,CHT-1,2026-06-05T23:10:22Z,7
CHT,Charles Town,2026-06-06,1,23:10,Claiming 4.5f,Claiming,Dirt,4.5f,"$15,700",5,Mon Gateau,Maldonado Christian,Atkins Michael G,15/1,False,Thoroughbred,tvg,https://api.tvg.com/cosmo/v1/graphql,2026-06-06T01:50:49.194613,1.0.0,Mccraken,Hot Fun,Latent Heat,5,G,Michael G. Atkins,124,9/1,10.0,16.0,CHT-1,2026-06-05T23:10:22Z,7
CHT,Charles Town,2026-06-06,1,23:10,Claiming 4.5f,Claiming,Dirt,4.5f,"$15,700",6,Tizafastbullet,Ebow Iii Warren,Walters David,10/1,False,Thoroughbred,tvg,https://api.tvg.com/cosmo/v1/graphql,2026-06-06T01:50:49.194627,1.0.0,Bullet Gone Astray,Tizablizzard,Tizway,5,H,"The Four Horsemen Racing Stable, Inc. (John Kasbar) and Lady Lindsay Racing Stab",117,8/1,9.0,11.0,CHT-1,2026-06-05T23:10:22Z,7
CHT,Charles Town,2026-06-06,1,23:10,Claiming 4.5f,Claiming,Dirt,4.5f,"$15,700",7,Improbable Journey,Espinoza Alexis,Cruz Jaime,10/1,False,Thoroughbred,tvg,https://api.tvg.com/cosmo/v1/graphql,2026-06-06T01:50:49.194644,1.0.0,Majesticperfection,Vivian's Grace,Candy Ride (Arg),7,G,"San Lazaro Stud, LLC (Alejandro Asmar)",124,5/1,6.0,11.0,CHT-1,2026-06-05T23:10:22Z,7
CHT,Charles Town,2026-06-06,2,23:40,Allowance 4.5f,Allowance,Dirt,4.5f,"$34,100",1,Bonds Revenge,Stokes Joe,Rofe Jean L,20/1,False,Thoroughbred,tvg,https://api.tvg.com/cosmo/v1/graphql,2026-06-06T01:50:49.194681,1.0.0,Blofeld,Bank Teller,Banker's Gold,4,G,Jean L. Rofe,122,41/1,42.0,21.0,CHT-2,2026-06-05T23:40:10Z,7
CHT,Charles Town,2026-06-06,2,23:40,Allowance 4.5f,Allowance,Dirt,4.5f,"$34,100",2,Intention To Zip,Montano Jose,Stehr Joseph P,15/1,False,Thoroughbred,tvg,https://api.tvg.com/cosmo/v1/graphql,2026-06-06T01:50:49.194689,1.0.0,Siente El Trueno,Temily,Tenpins,4,G,Joseph P. Stehr,124,56/1,57.0,16.0,CHT-2,2026-06-05T23:40:10Z,7
CHT,Charles Town,2026-06-06,2,23:40,Allowance 4.5f,Allowance,Dirt,4.5f,"$34,100",3,Good Intentions,Latchman Reshawn,Rideoutt Ii Anthony M,12/1,False,Thoroughbred,tvg,https://api.tvg.com/cosmo/v1/graphql,2026-06-06T01:50:49.194696,1.0.0,Bullsbay,Grand Finesse,Grand Slam,4,G,"Ernest F. Wills, Jr.",122,13/1,14.0,13.0,CHT-2,2026-06-05T23:40:10Z,7
CHT,Charles Town,2026-06-06,2,23:40,Allowance 4.5f,Allowance,Dirt,4.5f,"$34,100",4,Don't Get Cute,Araujo Denis V,Keller Christopher M,7/2,False,Thoroughbred,tvg,https://api.tvg.com/cosmo/v1/graphql,2026-06-06T01:50:49.194703,1.0.0,Mr. Prankster,Sofie S,Yankee Gentleman,5,G,Christopher M. Keller,122,4/1,5.0,4.5,CHT-2,2026-06-05T23:40:10Z,7
CHT,Charles Town,2026-06-06,2,23:40,Allowance 4.5f,Allowance,Dirt,4.5f,"$34,100",5,My Max,"Diaz, Jr. Sunday",Mckee Cynthia E,2/1,False,Thoroughbred,tvg,https://api.tvg.com/cosmo/v1/graphql,2026-06-06T01:50:49.194710,1.0.0,Maximus Mischief,Brigintine Island,Jersey Town,3,G,Beau Ridge Farm LLC (Cynthia McKee),118,9/2,5.5,3.0,CHT-2,2026-06-05T23:40:10Z,7
CHT,Charles Town,2026-06-06,2,23:40,Allowance 4.5f,Allowance,Dirt,4.5f,"$34,100",6,Bold Boomer,Mawing Anthony,Wilhelm Tabitha M,5/1,False,Thoroughbred,tvg,https://api.tvg.com/cosmo/v1/graphql,2026-06-06T01:50:49.194716,1.0.0,Mr. Prankster,Enchanted Facts,El Medwar,4,G,Tabitha M. Wilhelm,122,7/1,8.0,6.0,CHT-2,2026-06-05T23:40:10Z,7
CHT,Charles Town,2026-06-06,2,23:40,Allowance 4.5f,Allowance,Dirt,4.5f,"$34,100",7,Fiber Rocks,Chilo Maximo,Grams Timothy C,9/5,False,Thoroughbred,tvg,https://api.tvg.com/cosmo/v1/graphql,2026-06-06T01:50:49.194723,1.0.0,Fiber Sonde,Rock Of Windsor,Windsor Castle,3,G,Grams Racing Stable LLC (Judith Grams),116,3/5,1.6,2.8,CHT-2,2026-06-05T23:40:10Z,7
CHT,Charles Town,2026-06-06,3,00:10,Claiming 8.5f,Claiming,Dirt,8.5f,"$16,200",1,Strollinginthewind,Araujo Denis V,"Jones, Jr. Michael E",15/1,False,Thoroughbred,tvg,https://api.tvg.com/cosmo/v1/graphql,2026-06-06T01:50:49.194739,1.0.0,Windsor Castle,Strolling North,North Light (Ire),6,G,Joe Mascolo Legacy (Danielle Bocachica),124,25/1,26.0,16.0,CHT-3,2026-06-06T00:10:10Z,8
CHT,Charles Town,2026-06-06,3,00:10,Claiming 8.5f,Claiming,Dirt,8.5f,"$16,200",2,Strive For Stride,Hiraldo John,Shanley Timothy,8/1,False,Thoroughbred,tvg,https://api.tvg.com/cosmo/v1/graphql,2026-06-06T01:50:49.194749,1.0.0,Outwork,True Endeavor,After Market,5,G,Kendrick Bullard,124,16/1,17.0,9.0,CHT-3,2026-06-06T00:10:10Z,8
CHT,Charles Town,2026-06-06,3,00:10,Claiming 8.5f,Claiming,Dirt,8.5f,"$16,200",3,Rhumjar,Cullum Walter,Jackson Sherry L,7/2,False,Thoroughbred,tvg,https://api.tvg.com/cosmo/v1/graphql,2026-06-06T01:50:49.194763,1.0.0,Holy Boss,Heart Seeker,Not For Love,7,G,Gerald A. Nuckols,124,5/2,3.5,4.5,CHT-3,2026-06-06T00:10:10Z,8
CHT,Charles Town,2026-06-06,3,00:10,Claiming 8.5f,Claiming,Dirt,8.5f,"$16,200",4,Shady Munni,Espinoza Alexis,Cruz Jaime,30/1,False,Thoroughbred,tvg,https://api.tvg.com/cosmo/v1/graphql,2026-06-06T01:50:49.194778,1.0.0,Friesan Fire,Munning's Favorite,Munnings,7,G,Jaime Cruz,124,78/1,79.0,31.0,CHT-3,2026-06-06T00:10:10Z,8
CHT,Charles Town,2026-06-06,3,00:10,Claiming 8.5f,Claiming,Dirt,8.5f,"$16,200",5,Noble Gentleman,Rodriguez Victor,Joy Kevin J,8/5,False,Thoroughbred,tvg,https://api.tvg.com/cosmo/v1/graphql,2026-06-06T01:50:49.194792,1.0.0,Tamarkuz,Louve Royale (Ire),Peintre Celebre,5,G,Leanne Hester,126,5/2,3.5,2.6,CHT-3,2026-06-06T00:10:10Z,8
CHT,Charles Town,2026-06-06,3,00:10,Claiming 8.5f,Claiming,Dirt,8.5f,"$16,200",6,Workislife,Stokes Joe,Shanley Tyler S,9/2,False,Thoroughbred,tvg,https://api.tvg.com/cosmo/v1/graphql,2026-06-06T01:50:49.194804,1.0.0,Speightster,Nodoubtabouther,Bernardini,5,H,"Marvin R. ""Marty"" Austin",124,9/5,2.8,5.5,CHT-3,2026-06-06T00:10:10Z,8
CHT,Charles Town,2026-06-06,3,00:10,Claiming 8.5f,Claiming,Dirt,8.5f,"$16,200",7,Motskari,Davis Jacqueline A,Armstrong Busanda C,4/1,False,Thoroughbred,tvg,https://api.tvg.com/cosmo/v1/graphql,2026-06-06T01:50:49.194815,1.0.0,Copper Bullet,Battle Angel,Take Charge Indy,5,G,Glenn Rubin Racing Stables LLC (Glenn Rubin),124,9/2,5.5,5.0,CHT-3,2026-06-06T00:10:10Z,8
CHT,Charles Town,2026-06-06,3,00:10,Claiming 8.5f,Claiming,Dirt,8.5f,"$16,200",8,Theo's Thunder,Santaella Moises,Shanley Tyler S,12/1,False,Thoroughbred,tvg,https://api.tvg.com/cosmo/v1/graphql,2026-06-06T01:50:49.194825,1.0.0,Gunnevera,Logan Square,Vicar,4,C,Jeffrey S. Crooks,126,25/1,26.0,13.0,CHT-3,2026-06-06T00:10:10Z,8
CHT,Charles Town,2026-06-06,4,00:40,Claiming 6.5f,Claiming,Dirt,6.5f,"$14,600",1,Centimorgan,Acosta J. D,Viands Stacey R,15/1,False,Thoroughbred,tvg,https://api.tvg.com/cosmo/v1/graphql,2026-06-06T01:50:49.195396,1.0.0,Unified,Genealogist,Street Boss,4,F,Melinda B. Golden,124,26/1,27.0,16.0,CHT-4,2026-06-06T00:40:44Z,9
CHT,Charles Town,2026-06-06,4,00:40,Claiming 6.5f,Claiming,Dirt,6.5f,"$14,600",2,Another Cleeshay,Nunez Juan M,Contreras Javier,8/1,False,Thoroughbred,tvg,https://api.tvg.com/cosmo/v1/graphql,2026-06-06T01:50:49.195429,1.0.0,Volatile,Hummingbird Hill,Tapit,4,F,Alex Kazdan,124,7/2,4.5,9.0,CHT-4,2026-06-06T00:40:44Z,9
CHT,Charles Town,2026-06-06,4,00:40,Claiming 6.5f,Claiming,Dirt,6.5f,"$14,600",3,United Forever,Lewis Justin M,Viands Stacey R,2/1,False,Thoroughbred,tvg,https://api.tvg.com/cosmo/v1/graphql,2026-06-06T01:50:49.195451,1.0.0,Unified,Touch Of Gray,Graydar,4,F,Darren Viands,124,7/2,4.5,3.0,CHT-4,2026-06-06T00:40:44Z,9
CHT,Charles Town,2026-06-06,4,00:40,Claiming 6.5f,Claiming,Dirt,6.5f,"$14,600",4,Sister Winnie,Davis Jacqueline A,Tobin Edwin L,30/1,False,Thoroughbred,tvg,https://api.tvg.com/cosmo/v1/graphql,2026-06-06T01:50:49.195475,1.0.0,Redirect,Aunt Winnie (Ire),Deputy Minister,5,M,C. Herbert Howard,122,67/1,68.0,31.0,CHT-4,2026-06-06T00:40:44Z,9
CHT,Charles Town,2026-06-06,4,00:40,Claiming 6.5f,Claiming,Dirt,6.5f,"$14,600",5,Cicatriz,Stokes Joe,Shanley Timothy,10/1,False,Thoroughbred,tvg,https://api.tvg.com/cosmo/v1/graphql,2026-06-06T01:50:49.195491,1.0.0,Bucchero,Beach Girl,Violence,4,F,Meagon Shanley,126,6/1,7.0,11.0,CHT-4,2026-06-06T00:40:44Z,9
CHT,Charles Town,2026-06-06,4,00:40,Claiming 6.5f,Claiming,Dirt,6.5f,"$14,600",6,Genecho,Santaella Moises,Smith Osborne,5/1,False,Thoroughbred,tvg,https://api.tvg.com/cosmo/v1/graphql,2026-06-06T01:50:49.195510,1.0.0,Echo Town,Genealogist,Street Boss,3,F,Roger B. Sterling,118,5/1,6.0,6.0,CHT-4,2026-06-06T00:40:44Z,9
CHT,Charles Town,2026-06-06,4,00:40,Claiming 6.5f,Claiming,Dirt,6.5f,"$14,600",7,Trouble And Strife,Chilo Maximo,Shanley Mark A,10/1,False,Thoroughbred,tvg,https://api.tvg.com/cosmo/v1/graphql,2026-06-06T01:50:49.195532,1.0.0,I'll Have Another,More Complexity,Square Eddie,3,F,Darrin K. Albert,118,8/1,9.0,11.0,CHT-4,2026-06-06T00:40:44Z,9
CHT,Charles Town,2026-06-06,4,00:40,Claiming 6.5f,Claiming,Dirt,6.5f,"$14,600",8,Makaan,Montano Jose,Soldo Elaine,30/1,False,Thoroughbred,tvg,https://api.tvg.com/cosmo/v1/graphql,2026-06-06T01:50:49.195553,1.0.0,Morning Line,Lotsa Noodles,Mass Media,7,M,Elaine Soldo,124,99/1,100.0,31.0,CHT-4,2026-06-06T00:40:44Z,9
CHT,Charles Town,2026-06-06,4,00:40,Claiming 6.5f,Claiming,Dirt,6.5f,"$14,600",9,Entitled Defense,Arroyo Bueno Nomar,Brown Ronney W,9/5,False,Thoroughbred,tvg,https://api.tvg.com/cosmo/v1/graphql,2026-06-06T01:50:49.195572,1.0.0,Golden Lad,Secret Witness,Tiznow,3,F,Nicole and Ronney W. Brown,111,8/5,2.6,2.8,CHT-4,2026-06-06T00:40:44Z,9
CHT,Charles Town,2026-06-06,5,01:14,Starter Optional Claiming 4.5f,Starter Optional Claiming,Dirt,4.5f,"$24,400",1,Pure Panic,Acosta J. D,Farrior Anthony,5/2,False,Thoroughbred,tvg,https://api.tvg.com/cosmo/v1/graphql,2026-06-06T01:50:49.195640,1.0.0,Summer Front,Shock The World,Hansen,7,G,The Elkstone Group LLC (Stuart M. Grant),122,6/1,7.0,3.5,CHT-5,2026-06-06T01:14:09Z,9
CHT,Charles Town,2026-06-06,5,01:14,Starter Optional Claiming 4.5f,Starter Optional Claiming,Dirt,4.5f,"$24,400",2,Cold As Hell,Barbosa Jeiron,"Jones, Jr. Michael E",10/1,False,Thoroughbred,tvg,https://api.tvg.com/cosmo/v1/graphql,2026-06-06T01:50:49.195661,1.0.0,Frosted,Deja Blu,Seeking The Gold,8,G,Robert Proulx,122,16/1,17.0,11.0,CHT-5,2026-06-06T01:14:09Z,9
CHT,Charles Town,2026-06-06,5,01:14,Starter Optional Claiming 4.5f,Starter Optional Claiming,Dirt,4.5f,"$24,400",3,Uncle Chinito,Bocachica Abnel J,Reynolds Joan A,6/1,False,Thoroughbred,tvg,https://api.tvg.com/cosmo/v1/graphql,2026-06-06T01:50:49.195682,1.0.0,Uncle Lino,Claire's Image,Halo's Image,5,G,Horseplay Racing (James F. Thames),122,3/1,4.0,7.0,CHT-5,2026-06-06T01:14:09Z,9
CHT,Charles Town,2026-06-06,5,01:14,Starter Optional Claiming 4.5f,Starter Optional Claiming,Dirt,4.5f,"$24,400",4,Restless,Santaella Moises,Brown Ronney W,3/1,False,Thoroughbred,tvg,https://api.tvg.com/cosmo/v1/graphql,2026-06-06T01:50:49.195713,1.0.0,Girvin,Prada's Bling,Too Much Bling,5,G,Nicole and Ronney W. Brown,126,7/5,2.4,4.0,CHT-5,2026-06-06T01:14:09Z,9
CHT,Charles Town,2026-06-06,5,01:14,Starter Optional Claiming 4.5f,Starter Optional Claiming,Dirt,4.5f,"$24,400",5,Maximillions Dream,Arroyo Bueno Nomar,Brown Ronney W,5/1,False,Thoroughbred,tvg,https://api.tvg.com/cosmo/v1/graphql,2026-06-06T01:50:49.195731,1.0.0,Maximus Mischief,Denali Tizadream,Colonel John,5,H,Nicole and Ronney W. Brown,115,3/1,4.0,6.0,CHT-5,2026-06-06T01:14:09Z,9
CHT,Charles Town,2026-06-06,5,01:14,Starter Optional Claiming 4.5f,Starter Optional Claiming,Dirt,4.5f,"$24,400",6,Tap In Formation,Almodovar Gerald,Tobin Edwin L,10/1,False,Thoroughbred,tvg,https://api.tvg.com/cosmo/v1/graphql,2026-06-06T01:50:49.195751,1.0.0,Tapiture,Informative Style,Dayjur,6,G,Carl S. Winn,122,24/1,25.0,11.0,CHT-5,2026-06-06T01:14:09Z,9
CHT,Charles Town,2026-06-06,5,01:14,Starter Optional Claiming 4.5f,Starter Optional Claiming,Dirt,4.5f,"$24,400",7,Cajun Joe,"Diaz, Jr. Sunday",Mangual Manolo,15/1,False,Thoroughbred,tvg,https://api.tvg.com/cosmo/v1/graphql,2026-06-06T01:50:49.195769,1.0.0,Cajun Breeze,Concerted Effort,Concerto,5,G,Gabriel Algarin,122,67/1,68.0,16.0,CHT-5,2026-06-06T01:14:09Z,9
CHT,Charles Town,2026-06-06,5,01:14,Starter Optional Claiming 4.5f,Starter Optional Claiming,Dirt,4.5f,"$24,400",8,Thank Ya Pete,Ebow Iii Warren,Cromer Leslie,8/1,False,Thoroughbred,tvg,https://api.tvg.com/cosmo/v1/graphql,2026-06-06T01:50:49.195797,1.0.0,Karakontie (Jpn),Holly Go Lively,Lite The Fuse,6,G,Leslie Cromer,117,10/1,11.0,9.0,CHT-5,2026-06-06T01:14:09Z,9
CHT,Charles Town,2026-06-06,5,01:14,Starter Optional Claiming 4.5f,Starter Optional Claiming,Dirt,4.5f,"$24,400",9,Breezing Up,Araujo Denis V,Walters David,10/1,True,Thoroughbred,tvg,https://api.tvg.com/cosmo/v1/graphql,2026-06-06T01:50:49.195825,1.0.0,Tom's D'etat,Non Negotiable,Distorted Humor,4,G,Michael J. Miller,122,10/1,11.0,11.0,CHT-5,2026-06-06T01:14:09Z,9
CHT,Charles Town,2026-06-06,6,01:46,Allowance 6.5f,Allowance,Dirt,6.5f,"$34,100",1,One Candy Castle,Davis Jacqueline A,Straughn William E,30/1,False,Thoroughbred,tvg,https://api.tvg.com/cosmo/v1/graphql,2026-06-06T01:50:49.195916,1.0.0,Windsor Castle,Candy One,Yankee Victor,6,G,William E. Straughn,122,11/1,12.0,31.0,CHT-6,2026-06-06T01:46:55Z,8
CHT,Charles Town,2026-06-06,6,01:46,Allowance 6.5f,Allowance,Dirt,6.5f,"$34,100",2,Candy Man Can,Bocachica Arnaldo,Jackson Angelo G,8/1,False,Thoroughbred,tvg,https://api.tvg.com/cosmo/v1/graphql,2026-06-06T01:50:49.195941,1.0.0,Candygram,Three Arch Bay,Archarcharch,5,G,Angelo G. Jackson,122,4/1,5.0,9.0,CHT-6,2026-06-06T01:46:55Z,8
CHT,Charles Town,2026-06-06,6,01:46,Allowance 6.5f,Allowance,Dirt,6.5f,"$34,100",3,Bold Desert,Maldonado Christian,Johnson Dewayne C,15/1,True,Thoroughbred,tvg,https://api.tvg.com/cosmo/v1/graphql,2026-06-06T01:50:49.195958,1.0.0,Three Chopt Road,Double Desert,Desert Warrior,4,G,Dewayne C. Johnson,122,15/1,16.0,16.0,CHT-6,2026-06-06T01:46:55Z,8
CHT,Charles Town,2026-06-06,6,01:46,Allowance 6.5f,Allowance,Dirt,6.5f,"$34,100",4,Arie Ferrari,Raspaldo Jahnxander,Runco Jeff C,12/1,False,Thoroughbred,tvg,https://api.tvg.com/cosmo/v1/graphql,2026-06-06T01:50:49.195986,1.0.0,Aldrin,Across,City Zip,4,C,Eric Steinmann,119,22/1,23.0,13.0,CHT-6,2026-06-06T01:46:55Z,8
CHT,Charles Town,2026-06-06,6,01:46,Allowance 6.5f,Allowance,Dirt,6.5f,"$34,100",5,Magical Surprise,Barbosa Jeiron,Walters David,2/1,False,Thoroughbred,tvg,https://api.tvg.com/cosmo/v1/graphql,2026-06-06T01:50:49.196022,1.0.0,Golden Lad,Midway Magic,Street Magician,7,G,Michael J. Miller,122,3/1,4.0,3.0,CHT-6,2026-06-06T01:46:55Z,8
CHT,Charles Town,2026-06-06,6,01:46,Allowance 6.5f,Allowance,Dirt,6.5f,"$34,100",6,Just A Wizard,Santaella Moises,Brown Ronney W,7/5,False,Thoroughbred,tvg,https://api.tvg.com/cosmo/v1/graphql,2026-06-06T01:50:49.196054,1.0.0,Redirect,Wizards Fever,Fiber Sonde,4,G,Richard Eastham and Ronney W. Brown,122,3/5,1.6,2.4,CHT-6,2026-06-06T01:46:55Z,8
CHT,Charles Town,2026-06-06,6,01:46,Allowance 6.5f,Allowance,Dirt,6.5f,"$34,100",7,Ed's Prophecy,Nunez Juan M,Contreras Javier,8/1,False,Thoroughbred,tvg,https://api.tvg.com/cosmo/v1/graphql,2026-06-06T01:50:49.196097,1.0.0,Warrior's Reward,That's Just Dandy,Half Ours,4,G,Jose Rivas,122,27/1,28.0,9.0,CHT-6,2026-06-06T01:46:55Z,8
CHT,Charles Town,2026-06-06,6,01:46,Allowance 6.5f,Allowance,Dirt,6.5f,"$34,100",8,Bold Rock,"Diaz, Jr. Sunday",Figgins Iii Ollie L,6/1,False,Thoroughbred,tvg,https://api.tvg.com/cosmo/v1/graphql,2026-06-06T01:50:49.196122,1.0.0,Capo Bastone,Nashi,E Dubai,4,G,The Estate of Ray M. Pennington III (Patricia Pennington),122,13/1,14.0,7.0,CHT-6,2026-06-06T01:46:55Z,8
CHT,Charles Town,2026-06-06,7,02:10,Allowance 4.5f,Allowance,Dirt,4.5f,"$34,100",1,The Exodus Twist,Araujo Denis V,Dollinger-Stehr Linda,9/2,False,Thoroughbred,tvg,https://api.tvg.com/cosmo/v1/graphql,2026-06-06T01:50:49.196204,1.0.0,Malibu Moon,Celsius,Unbridled's Song,4,G,Juan De la Cruz,126,8/1,9.0,5.5,CHT-7,2026-06-06T02:10:00Z,8
CHT,Charles Town,2026-06-06,7,02:10,Allowance 4.5f,Allowance,Dirt,4.5f,"$34,100",2,Tio Lino,Diaz Jose Y,Pyke Joseph,20/1,False,Thoroughbred,tvg,https://api.tvg.com/cosmo/v1/graphql,2026-06-06T01:50:49.196236,1.0.0,Uncle Lino,Meow,Gio Ponti,3,G,Mark Damann,110,75/1,76.0,21.0,CHT-7,2026-06-06T02:10:00Z,8
CHT,Charles Town,2026-06-06,7,02:10,Allowance 4.5f,Allowance,Dirt,4.5f,"$34,100",3,Pediatrician,Hiraldo Christian,Garrido Raul A,3/1,False,Thoroughbred,tvg,https://api.tvg.com/cosmo/v1/graphql,2026-06-06T01:50:49.196281,1.0.0,Uncle Mo,Corderosa,Aldebaran,4,C,"Garboso, Inc. (Raul A. Garrido)",122,9/2,5.5,4.0,CHT-7,2026-06-06T02:10:00Z,8
CHT,Charles Town,2026-06-06,7,02:10,Allowance 4.5f,Allowance,Dirt,4.5f,"$34,100",4,Wall Art,Arroyo Bueno Nomar,Brown Ronney W,7/2,False,Thoroughbred,tvg,https://api.tvg.com/cosmo/v1/graphql,2026-06-06T01:50:49.196310,1.0.0,Code Of Honor,Twirling Owen,Twirling Candy,3,G,Unbridled Stable LLC (Robert Gryken),109,2/1,3.0,4.5,CHT-7,2026-06-06T02:10:00Z,8
CHT,Charles Town,2026-06-06,7,02:10,Allowance 4.5f,Allowance,Dirt,4.5f,"$34,100",5,Feisty Notion,Acosta J. D,"Williams, Jr. Gary L",10/1,False,Thoroughbred,tvg,https://api.tvg.com/cosmo/v1/graphql,2026-06-06T01:50:49.196344,1.0.0,Great Notion,My Little Josie,Outflanker,3,G,"Gary L. Williams, Jr.",118,10/1,11.0,11.0,CHT-7,2026-06-06T02:10:00Z,8
CHT,Charles Town,2026-06-06,7,02:10,Allowance 4.5f,Allowance,Dirt,4.5f,"$34,100",6,Zapping Strike,Davis Jacqueline A,Dollinger-Stehr Linda,7/2,False,Thoroughbred,tvg,https://api.tvg.com/cosmo/v1/graphql,2026-06-06T01:50:49.196383,1.0.0,Ghostzapper,Striking Beauty,Curlin,5,G,Juan De la Cruz,122,8/1,9.0,4.5,CHT-7,2026-06-06T02:10:00Z,8
CHT,Charles Town,2026-06-06,7,02:10,Allowance 4.5f,Allowance,Dirt,4.5f,"$34,100",7,Titanio,Espinoza Alexis,Cruz Jaime,20/1,False,Thoroughbred,tvg,https://api.tvg.com/cosmo/v1/graphql,2026-06-06T01:50:49.196409,1.0.0,Funtastic,Exotic Storm,Distorted Humor,3,G,"San Lazaro Stud, LLC (Alejandro Asmar)",116,24/1,25.0,21.0,CHT-7,2026-06-06T02:10:00Z,8
CHT,Charles Town,2026-06-06,7,02:10,Allowance 4.5f,Allowance,Dirt,4.5f,"$34,100",8,Go Go Jelly Roll,Lewis Justin M,Haynes Ernest M,4/1,False,Thoroughbred,tvg,https://api.tvg.com/cosmo/v1/graphql,2026-06-06T01:50:49.196446,1.0.0,Summer Front,Hope's Love,Lucky Pulpit,4,G,Ernest M. Haynes,122,8/5,2.6,5.0,CHT-7,2026-06-06T02:10:00Z,8
CHT,Charles Town,2026-06-06,8,02:32,Allowance 6.5f,Allowance,Dirt,6.5f,"$34,100",1,Forever Hustlin,Lewis Justin M,Jackson Angelo G,12/1,False,Thoroughbred,tvg,https://api.tvg.com/cosmo/v1/graphql,2026-06-06T01:50:49.196742,1.0.0,Instagrand,Miss Cobblestone,Afleet Alex,3,F,Mike E. Johnson,118,12/1,13.0,13.0,CHT-8,2026-06-06T02:32:00Z,9
CHT,Charles Town,2026-06-06,8,02:32,Allowance 6.5f,Allowance,Dirt,6.5f,"$34,100",2,Gold Dart,"Diaz, Jr. Sunday",Keller Christopher M,30/1,False,Thoroughbred,tvg,https://api.tvg.com/cosmo/v1/graphql,2026-06-06T01:50:49.196791,1.0.0,Goldencents,Darting,During,4,F,Twin Oaks Bloodstock (Marc Gunderson),122,30/1,31.0,31.0,CHT-8,2026-06-06T02:32:00Z,9
CHT,Charles Town,2026-06-06,8,02:32,Allowance 6.5f,Allowance,Dirt,6.5f,"$34,100",3,Amendment,Rodriguez Victor,Joy Kevin J,8/1,False,Thoroughbred,tvg,https://api.tvg.com/cosmo/v1/graphql,2026-06-06T01:50:49.196824,1.0.0,Constitution,Mo's Love,Uncle Mo,5,M,Bradley J. Lineback,124,8/1,9.0,9.0,CHT-8,2026-06-06T02:32:00Z,9
CHT,Charles Town,2026-06-06,8,02:32,Allowance 6.5f,Allowance,Dirt,6.5f,"$34,100",4,Starship Refund,Arroyo Bueno Nomar,Joy Kevin J,12/1,False,Thoroughbred,tvg,https://api.tvg.com/cosmo/v1/graphql,2026-06-06T01:50:49.196851,1.0.0,Maclean's Music,Tight Lipped,Kissin Kris,4,F,Leanne Hester,115,12/1,13.0,13.0,CHT-8,2026-06-06T02:32:00Z,9
CHT,Charles Town,2026-06-06,8,02:32,Allowance 6.5f,Allowance,Dirt,6.5f,"$34,100",5,Langleyswaterfall,Araujo Denis V,Keller Christopher M,10/1,False,Thoroughbred,tvg,https://api.tvg.com/cosmo/v1/graphql,2026-06-06T01:50:49.196889,1.0.0,Justify,Lightscameraaction,Will Take Charge,4,F,Twin Oaks Bloodstock (Marc Gunderson),122,10/1,11.0,11.0,CHT-8,2026-06-06T02:32:00Z,9
CHT,Charles Town,2026-06-06,8,02:32,Allowance 6.5f,Allowance,Dirt,6.5f,"$34,100",6,Mesa's Spunky Girl,Lopez Antonio,Meyers Shane,12/1,False,Thoroughbred,tvg,https://api.tvg.com/cosmo/v1/graphql,2026-06-06T01:50:49.196926,1.0.0,War Of Will,Jing,Sky Mesa,3,F,Keys to Riches Stable LLC (Bonnie Rogoff) and Shane Meyers,116,12/1,13.0,13.0,CHT-8,2026-06-06T02:32:00Z,9
CHT,Charles Town,2026-06-06,8,02:32,Allowance 6.5f,Allowance,Dirt,6.5f,"$34,100",7,Knock Knock,Ebow Iii Warren,Haynes Ernest M,6/1,False,Thoroughbred,tvg,https://api.tvg.com/cosmo/v1/graphql,2026-06-06T01:50:49.196956,1.0.0,Practical Joke,Cupcake,Munnings,3,F,Ernest M. Haynes,115,6/1,7.0,7.0,CHT-8,2026-06-06T02:32:00Z,9
CHT,Charles Town,2026-06-06,8,02:32,Allowance 6.5f,Allowance,Dirt,6.5f,"$34,100",8,Old Fashion Candy,Acosta J. D,Farrior Anthony,5/1,False,Thoroughbred,tvg,https://api.tvg.com/cosmo/v1/graphql,2026-06-06T01:50:49.197010,1.0.0,Game Winner,Fashion Runaway,Old Fashioned,4,F,Richard Burnsworth,122,5/1,6.0,6.0,CHT-8,2026-06-06T02:32:00Z,9
CHT,Charles Town,2026-06-06,8,02:32,Allowance 6.5f,Allowance,Dirt,6.5f,"$34,100",9,Belle Ofthe Wood,Toledo Jevian,Russell Brittany T,1/1,False,Thoroughbred,tvg,https://api.tvg.com/cosmo/v1/graphql,2026-06-06T01:50:49.197036,1.0.0,Hard Spun,Wychwood,Tale Of The Cat,4,F,Haymarket Farm LLC (Chip Montgomery),124,1/1,2.0,2.0,CHT-8,2026-06-06T02:32:00Z,9
CHT,Charles Town,2026-06-06,9,03:02,Claiming 6.5f,Claiming,Dirt,6.5f,"$14,600",1,Doc Dallas,Davis Jacqueline A,Joy Kevin J,5/1,False,Thoroughbred,tvg,https://api.tvg.com/cosmo/v1/graphql,2026-06-06T01:50:49.197122,1.0.0,Spun To Run,Little Pearl,Constitution,3,G,Gus Pesaturo and Kevin J. Joy,120,5/1,6.0,6.0,CHT-9,2026-06-06T03:02:00Z,10
CHT,Charles Town,2026-06-06,9,03:02,Claiming 6.5f,Claiming,Dirt,6.5f,"$14,600",2,Coolkid,Santaella Moises,Viands Stacey R,20/1,False,Thoroughbred,tvg,https://api.tvg.com/cosmo/v1/graphql,2026-06-06T01:50:49.197150,1.0.0,Hard Spun,Untainted,Speightstown,5,G,Melinda B. Golden,122,20/1,21.0,21.0,CHT-9,2026-06-06T03:02:00Z,10
CHT,Charles Town,2026-06-06,9,03:02,Claiming 6.5f,Claiming,Dirt,6.5f,"$14,600",3,Culminate,Barbosa Jeiron,Wilson Michelle R,6/1,False,Thoroughbred,tvg,https://api.tvg.com/cosmo/v1/graphql,2026-06-06T01:50:49.197227,1.0.0,Complexity,Privy Council,Majesticperfection,4,G,Joshua K. Washington,124,6/1,7.0,7.0,CHT-9,2026-06-06T03:02:00Z,10
CHT,Charles Town,2026-06-06,9,03:02,Claiming 6.5f,Claiming,Dirt,6.5f,"$14,600",4,Mchale,Arroyo Bueno Nomar,Joy Kevin J,3/1,True,Thoroughbred,tvg,https://api.tvg.com/cosmo/v1/graphql,2026-06-06T01:50:49.197254,1.0.0,Maclean's Music,Port Of Indy,Congrats,4,G,Leanne Hester,117,3/1,4.0,4.0,CHT-9,2026-06-06T03:02:00Z,10
CHT,Charles Town,2026-06-06,9,03:02,Claiming 6.5f,Claiming,Dirt,6.5f,"$14,600",5,Daguerre,Stokes Joe,Shanley Timothy,15/1,False,Thoroughbred,tvg,https://api.tvg.com/cosmo/v1/graphql,2026-06-06T01:50:49.197275,1.0.0,Demarchelier (Gb),Samamtha Who,Sultry Song,4,G,Meagon Shanley,122,15/1,16.0,16.0,CHT-9,2026-06-06T03:02:00Z,10
CHT,Charles Town,2026-06-06,9,03:02,Claiming 6.5f,Claiming,Dirt,6.5f,"$14,600",6,Bossme,Espinoza Alexis,Perez Ernesto,20/1,False,Thoroughbred,tvg,https://api.tvg.com/cosmo/v1/graphql,2026-06-06T01:50:49.197294,1.0.0,Holy Boss,Taylor Jagger,Student Council,4,G,Marisol Perez,124,20/1,21.0,21.0,CHT-9,2026-06-06T03:02:00Z,10
CHT,Charles Town,2026-06-06,9,03:02,Claiming 6.5f,Claiming,Dirt,6.5f,"$14,600",7,Happyflyer,"Diaz, Jr. Sunday",Mangual Manolo,8/1,False,Thoroughbred,tvg,https://api.tvg.com/cosmo/v1/graphql,2026-06-06T01:50:49.197318,1.0.0,Runhappy,Lifeflight,Quality Road,4,G,Manolo Mangual,124,8/1,9.0,9.0,CHT-9,2026-06-06T03:02:00Z,10
CHT,Charles Town,2026-06-06,9,03:02,Claiming 6.5f,Claiming,Dirt,6.5f,"$14,600",8,Emirates Honor,Raspaldo Jahnxander,Hanagan Lela G,9/2,False,Thoroughbred,tvg,https://api.tvg.com/cosmo/v1/graphql,2026-06-06T01:50:49.197345,1.0.0,Mastery,Emirates Girl,Unbridled's Song,4,G,Lela G. Hanagan,117,9/2,5.5,5.5,CHT-9,2026-06-06T03:02:00Z,10
CHT,Charles Town,2026-06-06,9,03:02,Claiming 6.5f,Claiming,Dirt,6.5f,"$14,600",9,Tun Tavern,Araujo Denis V,Perez Ernesto,7/2,False,Thoroughbred,tvg,https://api.tvg.com/cosmo/v1/graphql,2026-06-06T01:50:49.197364,1.0.0,Gormley,Alta Love,Gone West,4,G,Kirt Cahill and Sarah Cahill,124,7/2,4.5,4.5,CHT-9,2026-06-06T03:02:00Z,10
CHT,Charles Town,2026-06-06,9,03:02,Claiming 6.5f,Claiming,Dirt,6.5f,"$14,600",10,Singularity,Acosta J. D,Armstrong Busanda C,15/1,False,Thoroughbred,tvg,https://api.tvg.com/cosmo/v1/graphql,2026-06-06T01:50:49.197382,1.0.0,Sky Kingdom,Sultry Start,Jump Start,5,G,Hidden Drive Farm (Justina Yost),124,15/1,16.0,16.0,CHT-9,2026-06-06T03:02:00Z,10
DED,Delta Downs,2026-06-06,1,23:17,Maiden Claiming 250y,Maiden Claiming,Dirt,250y,"$17,000",1,Lisnlinda,Morales Adrian X,Carlos Katie,7/2,False,Quarter Horse,tvg,https://api.tvg.com/cosmo/v1/graphql,2026-06-06T01:50:49.214148,1.0.0,Mr Piloto,Moonlight And You,Coronas Leaving You,2,F,"SF Racing & Enterprises, LLC (Samuel Franco)",124,7/2,4.5,4.5,DED-1,2026-06-05T23:17:00Z,9
DED,Delta Downs,2026-06-06,1,23:17,Maiden Claiming 250y,Maiden Claiming,Dirt,250y,"$17,000",2,Cindrellaachievement,Noe Castaneda,Jeane Emily,10/1,False,Quarter Horse,tvg,https://api.tvg.com/cosmo/v1/graphql,2026-06-06T01:50:49.214172,1.0.0,Mr Einstein,First Achievement,Achievement,2,F,Salvador Ceja,124,22/1,23.0,11.0,DED-1,2026-06-05T23:17:00Z,9
DED,Delta Downs,2026-06-06,1,23:17,Maiden Claiming 250y,Maiden Claiming,Dirt,250y,"$17,000",3,Special Innocence,Blake Donell,Robbins Ray,5/1,False,Quarter Horse,tvg,https://api.tvg.com/cosmo/v1/graphql,2026-06-06T01:50:49.214195,1.0.0,Hes Innocent,Special Last Oak,Oak Tree Special,2,F,Karl H. Smith,124,6/1,7.0,6.0,DED-1,2026-06-05T23:17:00Z,9
DED,Delta Downs,2026-06-06,1,23:17,Maiden Claiming 250y,Maiden Claiming,Dirt,250y,"$17,000",4,Kj Keep Coming,Ransom Bobby,Haywood Vann E,9/2,False,Quarter Horse,tvg,https://api.tvg.com/cosmo/v1/graphql,2026-06-06T01:50:49.214203,1.0.0,Kj Mucho Macho Man,Hits Keep Coming,Walk Thru Fire,2,F,Little Bit  of Luck  Racing  (Jeffery Jones and Myron Lowry),124,2/1,3.0,5.5,DED-1,2026-06-05T23:17:00Z,9
DED,Delta Downs,2026-06-06,1,23:17,Maiden Claiming 250y,Maiden Claiming,Dirt,250y,"$17,000",5,Bb Jess Classified,Garcia Flavio,Orozco Orlando,3/1,False,Quarter Horse,tvg,https://api.tvg.com/cosmo/v1/graphql,2026-06-06T01:50:49.214210,1.0.0,One Sweet Jess,Nez Classified,Hez Our Secret,2,F,Barraza Brothers and Sons Racing LLC (Laura R. Loya-Carrillo),124,8/5,2.6,4.0,DED-1,2026-06-05T23:17:00Z,9
DED,Delta Downs,2026-06-06,1,23:17,Maiden Claiming 250y,Maiden Claiming,Dirt,250y,"$17,000",6,Jrs Shes Mucho Hot,Martinez Eddi E,Lopez Jorge G,6/1,False,Quarter Horse,tvg,https://api.tvg.com/cosmo/v1/graphql,2026-06-06T01:50:49.214220,1.0.0,Kj Mucho Macho Man,Jrs Shes Hot Tonight,Special Crown Royal,2,F,Adelina Rivas,124,31/1,32.0,7.0,DED-1,2026-06-05T23:17:00Z,9
DED,Delta Downs,2026-06-06,1,23:17,Maiden Claiming 250y,Maiden Claiming,Dirt,250y,"$17,000",7,Cindys Last Bux,Cabrera Rolando,Flores Salvador G,20/1,False,Quarter Horse,tvg,https://api.tvg.com/cosmo/v1/graphql,2026-06-06T01:50:49.214226,1.0.0,Zoomin For Bux,Streakin Cindy,Streakin La Jolla,2,F,"Jorge Alan Bazaldua, Jr.",124,42/1,43.0,21.0,DED-1,2026-06-05T23:17:00Z,9
DED,Delta Downs,2026-06-06,1,23:17,Maiden Claiming 250y,Maiden Claiming,Dirt,250y,"$17,000",8,Rh La Diva,Hernandez Rene,Arteaga Erica,8/1,False,Quarter Horse,tvg,https://api.tvg.com/cosmo/v1/graphql,2026-06-06T01:50:49.214235,1.0.0,Rc Me Leaving You,First Little Pilot,Mr Piloto,2,F,"Rancho Herradura, LLC (Barbara J. Ball)",124,22/1,23.0,9.0,DED-1,2026-06-05T23:17:00Z,9
DED,Delta Downs,2026-06-06,1,23:17,Maiden Claiming 250y,Maiden Claiming,Dirt,250y,"$17,000",9,Give Them No Choice,Edison Jr. Randy,Clark Alex P,15/1,False,Quarter Horse,tvg,https://api.tvg.com/cosmo/v1/graphql,2026-06-06T01:50:49.214244,1.0.0,Kj Mucho Macho Man,Ruse Choice,Fast Prize Cartel,2,F,Jose Estrada Quarter Horses (Jose L. Estrada),124,33/1,34.0,16.0,DED-1,2026-06-05T23:17:00Z,9
DED,Delta Downs,2026-06-06,2,23:46,Claiming 550y,Claiming,Dirt,550y,"$13,000",1,Three R One Fire,Reyes Ignacio,Sanchez Noe R,15/1,False,Quarter Horse,tvg,https://api.tvg.com/cosmo/v1/graphql,2026-06-06T01:50:49.214288,1.0.0,One Sweet Jess,Km Dasher,Dashin Bye,4,G,Noe R. Sanchez,128,19/1,20.0,16.0,DED-2,2026-06-05T23:46:08Z,9
DED,Delta Downs,2026-06-06,2,23:46,Claiming 550y,Claiming,Dirt,550y,"$13,000",2,Ms Louisiana,Ramirez Servando,"Ramirez, Jr. Saul",12/1,True,Quarter Horse,tvg,https://api.tvg.com/cosmo/v1/graphql,2026-06-06T01:50:49.214298,1.0.0,Ajs Fast Dash,Wandaslouisianagirl,Jess Louisiana Blue,3,F,Manuel Mendieta,126,12/1,13.0,13.0,DED-2,2026-06-05T23:46:08Z,9
DED,Delta Downs,2026-06-06,2,23:46,Claiming 550y,Claiming,Dirt,550y,"$13,000",3,Hamlet On The Move,Vital Humberto,"Flores, Jr. Mardonio",5/2,False,Quarter Horse,tvg,https://api.tvg.com/cosmo/v1/graphql,2026-06-06T01:50:49.214310,1.0.0,Man On The Move,Royal Fast Dash,Special Crown Royal,3,G,Jerome Lopez,126,6/5,2.2,3.5,DED-2,2026-06-05T23:46:08Z,9
DED,Delta Downs,2026-06-06,2,23:46,Claiming 550y,Claiming,Dirt,550y,"$13,000",4,One Scared Up Hero,Vargas Federico,Morales Eduardo L,7/2,False,Quarter Horse,tvg,https://api.tvg.com/cosmo/v1/graphql,2026-06-06T01:50:49.214323,1.0.0,Jess Bein The Hero,Mi Achievement,Achievement,5,G,Eduardo L. Morales,128,7/2,4.5,4.5,DED-2,2026-06-05T23:46:08Z,9
DED,Delta Downs,2026-06-06,2,23:46,Claiming 550y,Claiming,Dirt,550y,"$13,000",5,Ajs Maxin Out,Blake Donell,Ellis Trey,10/1,False,Quarter Horse,tvg,https://api.tvg.com/cosmo/v1/graphql,2026-06-06T01:50:49.214332,1.0.0,Ajs Fast Dash,Maxed Out Game,Game Patriot,6,G,Arnold J. Trahan,128,21/1,22.0,11.0,DED-2,2026-06-05T23:46:08Z,9
DED,Delta Downs,2026-06-06,2,23:46,Claiming 550y,Claiming,Dirt,550y,"$13,000",6,Too Many Dreams,Randy Edison Jr.,Arey Anthony,8/1,False,Quarter Horse,tvg,https://api.tvg.com/cosmo/v1/graphql,2026-06-06T01:50:49.214342,1.0.0,Azoom Me Too,Dreaming West,Western Acres,4,G,Geral Dewitt,128,5/1,6.0,9.0,DED-2,2026-06-05T23:46:08Z,9
DED,Delta Downs,2026-06-06,2,23:46,Claiming 550y,Claiming,Dirt,550y,"$13,000",7,Tc Mora Mia,"Ramirez, Jr. J.R.",Castillo Ricardo S,6/1,True,Quarter Horse,tvg,https://api.tvg.com/cosmo/v1/graphql,2026-06-06T01:50:49.214351,1.0.0,Lto Thumbs Up,Lizzy 'n D C,Rossini,3,F,Triple C Racing Stables LLC (Ricardo Saul Castillo),126,6/1,7.0,7.0,DED-2,2026-06-05T23:46:08Z,9
DED,Delta Downs,2026-06-06,2,23:46,Claiming 550y,Claiming,Dirt,550y,"$13,000",8,Rip With Effort,Cabrera Rolando,"Campos, Jr Francisco",4/1,False,Quarter Horse,tvg,https://api.tvg.com/cosmo/v1/graphql,2026-06-06T01:50:49.214361,1.0.0,Rip Tide,Effortless Bo,Bodacious Dash,3,F,Fausto G. Mendoza,126,5/2,3.5,5.0,DED-2,2026-06-05T23:46:08Z,9
DED,Delta Downs,2026-06-06,2,23:46,Claiming 550y,Claiming,Dirt,550y,"$13,000",9,Vf Up The Money,Hernandez Rene,Hoda Danny,15/1,False,Quarter Horse,tvg,https://api.tvg.com/cosmo/v1/graphql,2026-06-06T01:50:49.214376,1.0.0,Heza Fast Rogue,Vf Up An Down,Down Home Dash,5,G,Kevin Huguet,128,17/1,18.0,16.0,DED-2,2026-06-05T23:46:08Z,9
DED,Delta Downs,2026-06-06,3,00:13,Maiden Claiming 250y,Maiden Claiming,Dirt,250y,"$17,000",1,First Lady Trump,Ramirez J. R,Robbins Ray,3/1,False,Quarter Horse,tvg,https://api.tvg.com/cosmo/v1/graphql,2026-06-06T01:50:49.214397,1.0.0,Inspyre,Cosino De Oh,Cosino,2,F,Matthew K. Smith,124,1/1,2.0,4.0,DED-3,2026-06-06T00:13:30Z,9
DED,Delta Downs,2026-06-06,3,00:13,Maiden Claiming 250y,Maiden Claiming,Dirt,250y,"$17,000",2,Ajs Touch Of Gray,Hernandez Rene,Hoda Danny,12/1,True,Quarter Horse,tvg,https://api.tvg.com/cosmo/v1/graphql,2026-06-06T01:50:49.214405,1.0.0,Ajs Fast Dash,Chloes Got Game,Game Patriot,2,F,Tara Slade,124,12/1,13.0,13.0,DED-3,2026-06-06T00:13:30Z,9
DED,Delta Downs,2026-06-06,3,00:13,Maiden Claiming 250y,Maiden Claiming,Dirt,250y,"$17,000",3,Suezque Leavingu,Edison Jr. Randy,Bustamante David,20/1,False,Quarter Horse,tvg,https://api.tvg.com/cosmo/v1/graphql,2026-06-06T01:50:49.214415,1.0.0,Rc Me Leaving You,Sue Zq,Mighty Corona,2,F,Rebecca Jameson,124,24/1,25.0,21.0,DED-3,2026-06-06T00:13:30Z,9
DED,Delta Downs,2026-06-06,3,00:13,Maiden Claiming 250y,Maiden Claiming,Dirt,250y,"$17,000",4,Heros Train,Garcia Jorge J,Jeane Emily,10/1,False,Quarter Horse,tvg,https://api.tvg.com/cosmo/v1/graphql,2026-06-06T01:50:49.214421,1.0.0,Freighttrain B,Vitex,Valiant Hero,2,F,R C Stables LLC (Roberto Rosales),124,19/1,20.0,11.0,DED-3,2026-06-06T00:13:30Z,9
DED,Delta Downs,2026-06-06,3,00:13,Maiden Claiming 250y,Maiden Claiming,Dirt,250y,"$17,000",5,Blood Policy,Blake Donell,Hall Iii Wade L,8/1,False,Quarter Horse,tvg,https://api.tvg.com/cosmo/v1/graphql,2026-06-06T01:50:49.214430,1.0.0,Gold Heart Eagle V,Ms Southern Policy,Apollitical Jess,2,F,Tanesha Hall,124,10/1,11.0,9.0,DED-3,2026-06-06T00:13:30Z,9
DED,Delta Downs,2026-06-06,3,00:13,Maiden Claiming 250y,Maiden Claiming,Dirt,250y,"$17,000",6,Epiphone,Morales Adrian X,Clark Alex P,20/1,False,Quarter Horse,tvg,https://api.tvg.com/cosmo/v1/graphql,2026-06-06T01:50:49.214436,1.0.0,The Louisiana Cartel,Sally Soul Smasher,Mr Jess Perry,2,F,Jose Estrada Quarter Horses (Jose L. Estrada),124,37/1,38.0,21.0,DED-3,2026-06-06T00:13:30Z,9
DED,Delta Downs,2026-06-06,3,00:13,Maiden Claiming 250y,Maiden Claiming,Dirt,250y,"$17,000",7,One Fabulous Lady,Edison Randy B,Orozco Orlando,4/1,False,Quarter Horse,tvg,https://api.tvg.com/cosmo/v1/graphql,2026-06-06T01:50:49.214443,1.0.0,One Fabulous Eagle,Fdds Sweet Vengence,Fdd Dynasty,2,F,Brittney Devillier,124,9/2,5.5,5.0,DED-3,2026-06-06T00:13:30Z,9
DED,Delta Downs,2026-06-06,3,00:13,Maiden Claiming 250y,Maiden Claiming,Dirt,250y,"$17,000",8,Mucho Man Route,Palomo Leonardo,Davila Gregorio,5/2,False,Quarter Horse,tvg,https://api.tvg.com/cosmo/v1/graphql,2026-06-06T01:50:49.214458,1.0.0,Kj Mucho Macho Man,En Route,Corona Cartel,2,F,"MTZ and Ruse Ranch Holdings, LLC (Leila Cantu and Ezequiel Villareal)",124,5/1,6.0,3.5,DED-3,2026-06-06T00:13:30Z,9
DED,Delta Downs,2026-06-06,3,00:13,Maiden Claiming 250y,Maiden Claiming,Dirt,250y,"$17,000",9,Sweet Secret,Luna Ubaldo,Jourdan Preston,6/1,False,Quarter Horse,tvg,https://api.tvg.com/cosmo/v1/graphql,2026-06-06T01:50:49.214469,1.0.0,One Sweet Jess,Secrets Five Bar,Five Bar Cartel,2,F,Preston Jourdan,124,9/2,5.5,7.0,DED-3,2026-06-06T00:13:30Z,9
DED,Delta Downs,2026-06-06,4,00:36,Allowance 300y,Allowance,Dirt,300y,"$14,500",1,Rich Strike,Alvarez Arturo,"Rodriguez, Jr. Raul",8/1,False,Quarter Horse,tvg,https://api.tvg.com/cosmo/v1/graphql,2026-06-06T01:50:49.214495,1.0.0,Capo De Capi,One Famous Class,One Famous Eagle,4,G,Hector C. Garcia,128,25/1,26.0,9.0,DED-4,2026-06-06T00:36:40Z,7
DED,Delta Downs,2026-06-06,4,00:36,Allowance 300y,Allowance,Dirt,300y,"$14,500",2,G Amtrak B,Cabrera Rolando,"Campos, Jr Francisco",6/1,False,Quarter Horse,tvg,https://api.tvg.com/cosmo/v1/graphql,2026-06-06T01:50:49.214504,1.0.0,Freighttrain B,Jess Tempting To Fly,Tempting Dash,4,C,Fausto G. Mendoza,128,5/1,6.0,7.0,DED-4,2026-06-06T00:36:40Z,7
DED,Delta Downs,2026-06-06,4,00:36,Allowance 300y,Allowance,Dirt,300y,"$14,500",3,Xdw Jess A Rogue,Luna Ubaldo,"Martinez, Jr. Luis R",9/2,False,Quarter Horse,tvg,https://api.tvg.com/cosmo/v1/graphql,2026-06-06T01:50:49.214514,1.0.0,Heza Fast Rogue,Catchmeifucandarlin,Too Tough To Catch,4,G,Rene Adan Rodriguez,128,2/1,3.0,5.5,DED-4,2026-06-06T00:36:40Z,7
DED,Delta Downs,2026-06-06,4,00:36,Allowance 300y,Allowance,Dirt,300y,"$14,500",4,The Legend Of Corona,Edison Jr. Randy,Bustamante David,3/1,False,Quarter Horse,tvg,https://api.tvg.com/cosmo/v1/graphql,2026-06-06T01:50:49.214522,1.0.0,Coronas Leaving You,Legendary Seis,Tres Seis,4,C,David Bustamante,128,8/1,9.0,4.0,DED-4,2026-06-06T00:36:40Z,7
DED,Delta Downs,2026-06-06,4,00:36,Allowance 300y,Allowance,Dirt,300y,"$14,500",5,Marfalous,Garcia Jorge J,Pizana Miguel,6/1,False,Quarter Horse,tvg,https://api.tvg.com/cosmo/v1/graphql,2026-06-06T01:50:49.214534,1.0.0,The Marfa Lights,Mystical Desire,Desirio,4,G,"Leviram Racing, LLC (Juan, Jairo and Jasio Lozano)",128,3/1,4.0,7.0,DED-4,2026-06-06T00:36:40Z,7
DED,Delta Downs,2026-06-06,4,00:36,Allowance 300y,Allowance,Dirt,300y,"$14,500",6,Jessapilottrain,Hernandez H. J,Oviedo Victor,2/1,False,Quarter Horse,tvg,https://api.tvg.com/cosmo/v1/graphql,2026-06-06T01:50:49.214546,1.0.0,Freighttrain B,Miss Jess Lady Pilot,Mr Jess Perry,3,G,Mario Jaimes,126,9/5,2.8,3.0,DED-4,2026-06-06T00:36:40Z,7
DED,Delta Downs,2026-06-06,4,00:36,Allowance 300y,Allowance,Dirt,300y,"$14,500",7,My Lil Blue Beauty,Ransom Bobby,Chavira Anireal,12/1,False,Quarter Horse,tvg,https://api.tvg.com/cosmo/v1/graphql,2026-06-06T01:50:49.214559,1.0.0,Open Me A Corona,A Blue Beauty,Jess Louisiana Blue,4,F,Isidro D Maltos,128,23/1,24.0,13.0,DED-4,2026-06-06T00:36:40Z,7
DED,Delta Downs,2026-06-06,5,01:01,Maiden Claiming 330y,Maiden Claiming,Dirt,330y,"$12,500",1,Jtf Rubi,Vargas Federico,Huitron Lira Jesus,12/1,False,Quarter Horse,tvg,https://api.tvg.com/cosmo/v1/graphql,2026-06-06T01:50:49.214583,1.0.0,Love You Blue,Pita Chick,Wave Carver,2,F,Esteban G. Lopez,124,16/1,17.0,13.0,DED-5,2026-06-06T01:01:29Z,7
DED,Delta Downs,2026-06-06,5,01:01,Maiden Claiming 330y,Maiden Claiming,Dirt,330y,"$12,500",2,Mi Luci 123,Palomo Leonardo,"Roberts, Sr. Kenneth L",5/1,False,Quarter Horse,tvg,https://api.tvg.com/cosmo/v1/graphql,2026-06-06T01:50:49.214592,1.0.0,Open Me A Corona,Luci 123,Fdd Dynasty,2,F,"Ray, Todd and Ray, Denise",124,15/1,16.0,6.0,DED-5,2026-06-06T01:01:29Z,7
DED,Delta Downs,2026-06-06,5,01:01,Maiden Claiming 330y,Maiden Claiming,Dirt,330y,"$12,500",3,Hp Stoli The Goods,Rodriguez Leonardo,Hill Viviane,2/1,False,Quarter Horse,tvg,https://api.tvg.com/cosmo/v1/graphql,2026-06-06T01:50:49.214605,1.0.0,First Moonflash,Im Chica Stoli,Stoli,2,F,"Cole, Charlie and Martin, Jason",124,8/5,2.6,3.0,DED-5,2026-06-06T01:01:29Z,7
DED,Delta Downs,2026-06-06,5,01:01,Maiden Claiming 330y,Maiden Claiming,Dirt,330y,"$12,500",4,Coronagirllizzie,Edison Jr. Randy,Clark Alex P,3/1,False,Quarter Horse,tvg,https://api.tvg.com/cosmo/v1/graphql,2026-06-06T01:50:49.214615,1.0.0,Coronas Leaving You,Shake Up The Game,Game Patriot,2,F,"Abrin L. Rougeau, Jr.",124,6/1,7.0,4.0,DED-5,2026-06-06T01:01:29Z,7
DED,Delta Downs,2026-06-06,5,01:01,Maiden Claiming 330y,Maiden Claiming,Dirt,330y,"$12,500",5,Jlsnottouchvalentina,Luna Ubaldo,Brooks Andre,6/1,False,Quarter Horse,tvg,https://api.tvg.com/cosmo/v1/graphql,2026-06-06T01:50:49.214629,1.0.0,Freighttrain B,Jls Tohottotouch,Jls Party Wagon,2,F,Felipe Amaro,124,4/1,5.0,7.0,DED-5,2026-06-06T01:01:29Z,7
DED,Delta Downs,2026-06-06,5,01:01,Maiden Claiming 330y,Maiden Claiming,Dirt,330y,"$12,500",6,Executive Sassy,Hernandez Rene,Campos Sr. Francisco,12/1,True,Quarter Horse,tvg,https://api.tvg.com/cosmo/v1/graphql,2026-06-06T01:50:49.214641,1.0.0,Kvn Corona,Rc Shake A Moneytree,Royal Shake Em,2,F,Jorge Eduardo Galvan,124,12/1,13.0,13.0,DED-5,2026-06-06T01:01:29Z,7
DED,Delta Downs,2026-06-06,5,01:01,Maiden Claiming 330y,Maiden Claiming,Dirt,330y,"$12,500",7,Tha Duchess,Morales Adrian X,Clark Alex P,4/1,False,Quarter Horse,tvg,https://api.tvg.com/cosmo/v1/graphql,2026-06-06T01:50:49.214650,1.0.0,Rc Me Leaving You,Dasha Blue,Jess Louisiana Blue,2,F,Jorge Antonio Silva,124,8/5,2.6,5.0,DED-5,2026-06-06T01:01:29Z,7
DED,Delta Downs,2026-06-06,6,01:25,Allowance 300y,Allowance,Dirt,300y,"$14,500",1,Ll I Dont Know,Morales Adrian X,Clark Alex P,6/1,False,Quarter Horse,tvg,https://api.tvg.com/cosmo/v1/graphql,2026-06-06T01:50:49.214674,1.0.0,Ivan James,Eysa Jumpn Fast,Heza Fast Dash,4,G,Josh Landry,128,7/2,4.5,7.0,DED-6,2026-06-06T01:25:42Z,8
DED,Delta Downs,2026-06-06,6,01:25,Allowance 300y,Allowance,Dirt,300y,"$14,500",2,Flying Lil Sashay,Ramirez Servando,"Ramirez, Jr. Saul",7/2,False,Quarter Horse,tvg,https://api.tvg.com/cosmo/v1/graphql,2026-06-06T01:50:49.214699,1.0.0,Flying Cowboy 123,Sashay Hot,Walk Thru Fire,4,F,Fanni Denise Gomez,128,5/2,3.5,4.5,DED-6,2026-06-06T01:25:42Z,8
DED,Delta Downs,2026-06-06,6,01:25,Allowance 300y,Allowance,Dirt,300y,"$14,500",3,Jess Dynasty,Vital Humberto,"Montoya, Jr. Juan M",12/1,True,Quarter Horse,tvg,https://api.tvg.com/cosmo/v1/graphql,2026-06-06T01:50:49.214719,1.0.0,Mr Jess Perry,Takiana Romanova B,Fdd Dynasty,5,M,"Juan M. Montoya, Sr.",128,12/1,13.0,13.0,DED-6,2026-06-06T01:25:42Z,8
DED,Delta Downs,2026-06-06,6,01:25,Allowance 300y,Allowance,Dirt,300y,"$14,500",4,Mda Demand By Tlc,Edison Randy B,Orozco Orlando,15/1,False,Quarter Horse,tvg,https://api.tvg.com/cosmo/v1/graphql,2026-06-06T01:50:49.214752,1.0.0,The Louisiana Cartel,Bac By Demand,Mr Eye Opener,4,C,M and M Stables LLC (Manuel Alvarez),128,25/1,26.0,16.0,DED-6,2026-06-06T01:25:42Z,8
DED,Delta Downs,2026-06-06,6,01:25,Allowance 300y,Allowance,Dirt,300y,"$14,500",5,Dress Me In Blue,Alvarez Arturo,"Calais, Jr. Phillip",5/1,False,Quarter Horse,tvg,https://api.tvg.com/cosmo/v1/graphql,2026-06-06T01:50:49.214769,1.0.0,Jess Louisiana Blue,Tete File,Game Patriot,7,G,Paul Daigle,128,6/1,7.0,6.0,DED-6,2026-06-06T01:25:42Z,8
DED,Delta Downs,2026-06-06,6,01:25,Allowance 300y,Allowance,Dirt,300y,"$14,500",6,A Secret To Catch,Rodriguez Yaidel,Gonzalez Jaime E,8/1,False,Quarter Horse,tvg,https://api.tvg.com/cosmo/v1/graphql,2026-06-06T01:50:49.214789,1.0.0,Hez Our Secret,Too Tiny To Quit,Corona Cartel,6,G,J. W. Owens,128,7/1,8.0,9.0,DED-6,2026-06-06T01:25:42Z,8
DED,Delta Downs,2026-06-06,6,01:25,Allowance 300y,Allowance,Dirt,300y,"$14,500",7,Akiles,Constantin Lucas,Flores Salvador G,4/1,False,Quarter Horse,tvg,https://api.tvg.com/cosmo/v1/graphql,2026-06-06T01:50:49.214817,1.0.0,Glimpse Of Greatness,First Girl Ever,Favorite Cartel,4,G,Ricardo Mendoza,128,13/1,14.0,5.0,DED-6,2026-06-06T01:25:42Z,8
DED,Delta Downs,2026-06-06,6,01:25,Allowance 300y,Allowance,Dirt,300y,"$14,500",8,Jrs Jeeses Cartel,Edison Jr. Randy,Bustamante David,5/2,False,Quarter Horse,tvg,https://api.tvg.com/cosmo/v1/graphql,2026-06-06T01:50:49.214853,1.0.0,Majestic Cartel,Ms Jesse Belle,Mr Jess Perry,3,F,David Bustamante and John A. Obregon,126,8/5,2.6,3.5,DED-6,2026-06-06T01:25:42Z,8
DED,Delta Downs,2026-06-06,7,01:51,Maiden 220y,Maiden,Dirt,220y,"$13,000",1,Mo Jetta,Cabrera Rolando,Richey Tony J,7/2,False,Quarter Horse,tvg,https://api.tvg.com/cosmo/v1/graphql,2026-06-06T01:50:49.214904,1.0.0,Ec Jet One,Dash Patriot,Game Patriot,3,F,Israel Flores,126,2/1,3.0,4.5,DED-7,2026-06-06T01:51:00Z,8
DED,Delta Downs,2026-06-06,7,01:51,Maiden 220y,Maiden,Dirt,220y,"$13,000",2,Jess Send Me Ill Fly,Rodriguez Everardo,Huitron Rogelio,6/1,True,Quarter Horse,tvg,https://api.tvg.com/cosmo/v1/graphql,2026-06-06T01:50:49.214923,1.0.0,Carters Cartel,Jess Turner Loose,Valiant Hero,3,G,Monica Cruz Bautista,126,6/1,7.0,7.0,DED-7,2026-06-06T01:51:00Z,8
DED,Delta Downs,2026-06-06,7,01:51,Maiden 220y,Maiden,Dirt,220y,"$13,000",3,All Politics Astride,"Juan Francisco Garcia, Jr.","Roberts, Sr. Kenneth L",5/2,False,Quarter Horse,tvg,https://api.tvg.com/cosmo/v1/graphql,2026-06-06T01:50:49.214947,1.0.0,Apollitical Blood,Lett Her Zoom,Shazoom,3,F,Rogue Equine LLC ( Bruce T. Salard and Barbara D. Nunneley),126,1/1,2.0,3.5,DED-7,2026-06-06T01:51:00Z,8
DED,Delta Downs,2026-06-06,7,01:51,Maiden 220y,Maiden,Dirt,220y,"$13,000",4,Rp Eagle Kisses,Rodriguez Yaidel,Rubio Jorge E,10/1,False,Quarter Horse,tvg,https://api.tvg.com/cosmo/v1/graphql,2026-06-06T01:50:49.214967,1.0.0,One Dashing Eagle,Candie Kisses,Separatist,3,F,Juan Galicia,126,8/1,9.0,11.0,DED-7,2026-06-06T01:51:00Z,8
DED,Delta Downs,2026-06-06,7,01:51,Maiden 220y,Maiden,Dirt,220y,"$13,000",5,Swig Of A Prize,Morales Adrian X,Hernandez Esau H,12/1,False,Quarter Horse,tvg,https://api.tvg.com/cosmo/v1/graphql,2026-06-06T01:50:49.214978,1.0.0,One Famous Eagle,Pyc Prize Doll,Pyc Paint Your Wagon,3,C,JC Ranch LLC (Jose Carlos Lopez and Juan Manuel Lopez),126,21/1,22.0,13.0,DED-7,2026-06-06T01:51:00Z,8
DED,Delta Downs,2026-06-06,7,01:51,Maiden 220y,Maiden,Dirt,220y,"$13,000",6,Cryptonyte,Rodriguez Leonardo,Huitron Rogelio,9/2,False,Quarter Horse,tvg,https://api.tvg.com/cosmo/v1/graphql,2026-06-06T01:50:49.214987,1.0.0,Hes Relentless,Sandys Jesse,Jesse James Jr,3,C,Jose Delaluz Mascorro,126,7/1,8.0,5.5,DED-7,2026-06-06T01:51:00Z,8
DED,Delta Downs,2026-06-06,7,01:51,Maiden 220y,Maiden,Dirt,220y,"$13,000",7,Bp Flingin Checks,Palomo Leonardo,Davila Gregorio,5/1,True,Quarter Horse,tvg,https://api.tvg.com/cosmo/v1/graphql,2026-06-06T01:50:49.214997,1.0.0,Fdd Dynasty,Southern Fling,Southern Cartel,3,F,"Davila, Jr, Gregorio and Silva, David",126,5/1,6.0,6.0,DED-7,2026-06-06T01:51:00Z,8
DED,Delta Downs,2026-06-06,7,01:51,Maiden 220y,Maiden,Dirt,220y,"$13,000",8,Reina Mariela,Castaneda Noe,Macias Manuel H,8/1,False,Quarter Horse,tvg,https://api.tvg.com/cosmo/v1/graphql,2026-06-06T01:50:49.215012,1.0.0,Pyc Paint Your Wagon,Nodiminkim,Apollitical Jess,3,F,Martin Vargas,126,5/1,6.0,9.0,DED-7,2026-06-06T01:51:00Z,8
DED,Delta Downs,2026-06-06,8,02:10,Optional Claiming 440y,Optional Claiming,Dirt,440y,"$27,000",1,Never Bleu,Luna Ubaldo,Jourdan Preston,7/2,False,Quarter Horse,tvg,https://api.tvg.com/cosmo/v1/graphql,2026-06-06T01:50:49.215033,1.0.0,Jess Louisiana Blue,Never Neutral,Mr Eye Opener,9,G,Preston Jourdan and Tina Palermo,128,7/2,4.5,4.5,DED-8,2026-06-06T02:10:00Z,8
DED,Delta Downs,2026-06-06,8,02:10,Optional Claiming 440y,Optional Claiming,Dirt,440y,"$27,000",2,Lets Go Two,Blake Donell,Robbins Ray,10/1,False,Quarter Horse,tvg,https://api.tvg.com/cosmo/v1/graphql,2026-06-06T01:50:49.215043,1.0.0,Freighttrain B,Quick Lady Patriot,Quick To Flare Up,4,F,Karl H. Smith,128,10/1,11.0,11.0,DED-8,2026-06-06T02:10:00Z,8
DED,Delta Downs,2026-06-06,8,02:10,Optional Claiming 440y,Optional Claiming,Dirt,440y,"$27,000",3,Payasito Dream,Cabrera Rolando,Morales Eduardo L,15/1,False,Quarter Horse,tvg,https://api.tvg.com/cosmo/v1/graphql,2026-06-06T01:50:49.215058,1.0.0,One Dashing Eagle,A Bankers Dream,Look Forward,3,C,Kasey Mendoza,126,15/1,16.0,16.0,DED-8,2026-06-06T02:10:00Z,8
DED,Delta Downs,2026-06-06,8,02:10,Optional Claiming 440y,Optional Claiming,Dirt,440y,"$27,000",4,Fast Dashin Lou,Rodriguez Leonardo,Keith Larry D,5/2,False,Quarter Horse,tvg,https://api.tvg.com/cosmo/v1/graphql,2026-06-06T01:50:49.215068,1.0.0,The Louisiana Cartel,Mcm Fast Dashin Blue,Jess Louisiana Blue,4,G,Blackmon Quarter Horses LLC (Kimberly Blackmon and Jerry D Blackmon),128,5/2,3.5,3.5,DED-8,2026-06-06T02:10:00Z,8
DED,Delta Downs,2026-06-06,8,02:10,Optional Claiming 440y,Optional Claiming,Dirt,440y,"$27,000",5,Angel 70805,"Ramirez, Jr. J.R.",Flores Salvador G,4/1,False,Quarter Horse,tvg,https://api.tvg.com/cosmo/v1/graphql,2026-06-06T01:50:49.215078,1.0.0,You Drive I Fly,Eyesa Victory Pop,Eyesa Special,3,F,"SG Rainmaker Enterprises, LLC ( Selipe R. Gonzalez and Erasmo Salinas, Jr.)",126,4/1,5.0,5.0,DED-8,2026-06-06T02:10:00Z,8
DED,Delta Downs,2026-06-06,8,02:10,Optional Claiming 440y,Optional Claiming,Dirt,440y,"$27,000",6,Ttt Run James Run,Ransom Bobby,Orozco Orlando,6/1,False,Quarter Horse,tvg,https://api.tvg.com/cosmo/v1/graphql,2026-06-06T01:50:49.215093,1.0.0,Ivan James,Runaway Angie,Sir Runaway Dash,4,C,Joshua Barrett and Dwain Boullard,128,6/1,7.0,7.0,DED-8,2026-06-06T02:10:00Z,8
DED,Delta Downs,2026-06-06,8,02:10,Optional Claiming 440y,Optional Claiming,Dirt,440y,"$27,000",7,Scoop Of Power,Hernandez Rene,Hoda Danny,8/1,False,Quarter Horse,tvg,https://api.tvg.com/cosmo/v1/graphql,2026-06-06T01:50:49.215102,1.0.0,Power Jam,Scoop There It Is,Corona Cartel,5,G,Jerr-Wood Ranch (Mary Garner and Jerry Sumrall),128,8/1,9.0,9.0,DED-8,2026-06-06T02:10:00Z,8
DED,Delta Downs,2026-06-06,8,02:10,Optional Claiming 440y,Optional Claiming,Dirt,440y,"$27,000",8,Mda One Eye Cartel,Garcia Flavio,Orozco Orlando,6/1,False,Quarter Horse,tvg,https://api.tvg.com/cosmo/v1/graphql,2026-06-06T01:50:49.215114,1.0.0,Carters Cartel,One Sweet Tay,One Sweet Jess,3,G,M and M Stables LLC (Manuel Alvarez),126,6/1,7.0,7.0,DED-8,2026-06-06T02:10:00Z,8
DED,Delta Downs,2026-06-06,9,02:35,Claiming 250y,Claiming,Dirt,250y,"$14,500",1,Bugs Gone Rogue,Martinez Eddi E,"Martinez, Jr. Luis R",20/1,False,Quarter Horse,tvg,https://api.tvg.com/cosmo/v1/graphql,2026-06-06T01:50:49.215141,1.0.0,Heza Fast Rogue,Merci Bugs,Game Patriot,6,G,Maria Guadalupe Rivera,128,20/1,21.0,21.0,DED-9,2026-06-06T02:35:00Z,10
DED,Delta Downs,2026-06-06,9,02:35,Claiming 250y,Claiming,Dirt,250y,"$14,500",2,Jrs Majestic Brees,Luna Ubaldo,Rosales Gilberto,4/1,False,Quarter Horse,tvg,https://api.tvg.com/cosmo/v1/graphql,2026-06-06T01:50:49.215152,1.0.0,Majestic Cartel,Brees Bayou,Special Crown Royal,3,F,"Cuadra Santa Cruz, LLC (Emeterio Mendez)",126,4/1,5.0,5.0,DED-9,2026-06-06T02:35:00Z,10
DED,Delta Downs,2026-06-06,9,02:35,Claiming 250y,Claiming,Dirt,250y,"$14,500",3,Jessadifferentdolly,Palomo Leonardo,Meche Robert,10/1,False,Quarter Horse,tvg,https://api.tvg.com/cosmo/v1/graphql,2026-06-06T01:50:49.215163,1.0.0,Jess Different,Sheza Dashin Dolly,Heza Fast Dash,4,F,Iris C. Dugas,128,10/1,11.0,11.0,DED-9,2026-06-06T02:35:00Z,10
DED,Delta Downs,2026-06-06,9,02:35,Claiming 250y,Claiming,Dirt,250y,"$14,500",4,Dukes Heir,Castaneda Noe,Thomas William B,6/1,False,Quarter Horse,tvg,https://api.tvg.com/cosmo/v1/graphql,2026-06-06T01:50:49.215180,1.0.0,Eagles Fly Higher,Precious Perry Girl,Jess Louisiana Blue,3,G,Layne Verdine,126,6/1,7.0,7.0,DED-9,2026-06-06T02:35:00Z,10
DED,Delta Downs,2026-06-06,9,02:35,Claiming 250y,Claiming,Dirt,250y,"$14,500",5,Tates Tee Cos,Hernandez Rene,Barron Jose D,12/1,False,Quarter Horse,tvg,https://api.tvg.com/cosmo/v1/graphql,2026-06-06T01:50:49.215190,1.0.0,Tee Cos,Courts American High,Jess Mr Perry,4,G,Eduardo Blanco,128,12/1,13.0,13.0,DED-9,2026-06-06T02:35:00Z,10
DED,Delta Downs,2026-06-06,9,02:35,Claiming 250y,Claiming,Dirt,250y,"$14,500",6,Jrs Hiclass Cartel,Vital Humberto,"Flores, Jr. Mardonio",8/1,False,Quarter Horse,tvg,https://api.tvg.com/cosmo/v1/graphql,2026-06-06T01:50:49.215200,1.0.0,Majestic Cartel,Hiclass Huntress,Hiclass La Jolla,5,M,Julien R. Stevens III,128,8/1,9.0,9.0,DED-9,2026-06-06T02:35:00Z,10
DED,Delta Downs,2026-06-06,9,02:35,Claiming 250y,Claiming,Dirt,250y,"$14,500",7,Bp Que,Ramirez Servando,Bustamante David,6/1,False,Quarter Horse,tvg,https://api.tvg.com/cosmo/v1/graphql,2026-06-06T01:50:49.215210,1.0.0,Bp Wagon Train,Sue Zq,Mighty Corona,3,G,Rebecca Jameson,126,6/1,7.0,7.0,DED-9,2026-06-06T02:35:00Z,10
DED,Delta Downs,2026-06-06,9,02:35,Claiming 250y,Claiming,Dirt,250y,"$14,500",8,Fur Elise Tlc,Baca Edgar R,Arey Anthony,3/1,True,Quarter Horse,tvg,https://api.tvg.com/cosmo/v1/graphql,2026-06-06T01:50:49.215227,1.0.0,The Louisiana Cartel,Dee Dee Perry,Mr Jess Perry,3,F,Geral Dewitt,126,3/1,4.0,4.0,DED-9,2026-06-06T02:35:00Z,10
DED,Delta Downs,2026-06-06,9,02:35,Claiming 250y,Claiming,Dirt,250y,"$14,500",9,Billies Runnin Gold,Edison Jr. Randy,Huitron Lira Jesus,5/1,False,Quarter Horse,tvg,https://api.tvg.com/cosmo/v1/graphql,2026-06-06T01:50:49.215237,1.0.0,Gold Heart Eagle V,Rt Runnin To Achieve,Achievement,4,F,Jose Avila,128,5/1,6.0,6.0,DED-9,2026-06-06T02:35:00Z,10
DED,Delta Downs,2026-06-06,9,02:35,Claiming 250y,Claiming,Dirt,250y,"$14,500",10,Rh Marie Flash,Garcia Flavio,Arteaga Erica,20/1,False,Quarter Horse,tvg,https://api.tvg.com/cosmo/v1/graphql,2026-06-06T01:50:49.215247,1.0.0,Sixes Flash,Miss Mandy Marie,Jet Black Patriot,3,F,"Rancho Herradura, LLC (Barbara J. Ball)",126,20/1,21.0,21.0,DED-9,2026-06-06T02:35:00Z,10
EMD,Emerald Downs,2026-06-06,1,02:00,Claiming 6f,Claiming,Dirt,6f,"$9,500",1,Chokechery Shari,Lopez Karlo,Gilmour James L,8/5,True,Thoroughbred,tvg,https://api.tvg.com/cosmo/v1/graphql,2026-06-06T01:50:49.236310,1.0.0,Stay Thirsty,Chokecherymary,Capsized,4,F,Sue M. Gilmour,122,8/5,2.6,2.6,EMD-1,2026-06-06T02:00:00Z,6
EMD,Emerald Downs,2026-06-06,1,02:00,Claiming 6f,Claiming,Dirt,6f,"$9,500",2,Drewy,Amador Silvio R,Koler Dale,15/1,False,Thoroughbred,tvg,https://api.tvg.com/cosmo/v1/graphql,2026-06-06T01:50:49.236358,1.0.0,Tapizar,Racy Rascal,Into Mischief,5,M,Cinbar Stables,122,6/1,7.0,16.0,EMD-1,2026-06-06T02:00:00Z,6
EMD,Emerald Downs,2026-06-06,1,02:00,Claiming 6f,Claiming,Dirt,6f,"$9,500",3,Rabble,Nunnally Blake,Gibson Howard F,5/2,False,Thoroughbred,tvg,https://api.tvg.com/cosmo/v1/graphql,2026-06-06T01:50:49.236377,1.0.0,Mastery,Mystery Tale,Medaglia D'oro,4,F,Kevin Chavarria,125,2/1,3.0,3.5,EMD-1,2026-06-06T02:00:00Z,6
EMD,Emerald Downs,2026-06-06,1,02:00,Claiming 6f,Claiming,Dirt,6f,"$9,500",4,Daddys Nina,Castellanos Adrian,Trujillo Marcelino,6/1,False,Thoroughbred,tvg,https://api.tvg.com/cosmo/v1/graphql,2026-06-06T01:50:49.236399,1.0.0,Dads Caps,Restricted Access,Spensive,7,M,Floriberta Trujillo,122,6/1,7.0,7.0,EMD-1,2026-06-06T02:00:00Z,6
EMD,Emerald Downs,2026-06-06,1,02:00,Claiming 6f,Claiming,Dirt,6f,"$9,500",5,Winanywayucan,Rodriguez Jose E,Velasquez Rigoberto,8/1,False,Thoroughbred,tvg,https://api.tvg.com/cosmo/v1/graphql,2026-06-06T01:50:49.236833,1.0.0,Harbor The Gold,Winninginfashion,In Excess (Ire),5,M,Rancho Viejo & Lisa Baze,122,8/1,9.0,9.0,EMD-1,2026-06-06T02:00:00Z,6
EMD,Emerald Downs,2026-06-06,1,02:00,Claiming 6f,Claiming,Dirt,6f,"$9,500",6,Shadowed Thoughts,Krigger Kevin,Kum Hon Cheung J,7/2,False,Thoroughbred,tvg,https://api.tvg.com/cosmo/v1/graphql,2026-06-06T01:50:49.236886,1.0.0,Rumpus Cat,Medicine Gal,Tribal Rule,5,M,Hon Cheung Kum,122,4/5,1.8,4.5,EMD-1,2026-06-06T02:00:00Z,6
EMD,Emerald Downs,2026-06-06,2,02:27,Maiden Claiming 5.5f,Maiden Claiming,Dirt,5.5f,"$16,000",1,Exactamundo,Montalvo Carlos,Patino Faustino,6/1,False,Thoroughbred,tvg,https://api.tvg.com/cosmo/v1/graphql,2026-06-06T01:50:49.237039,1.0.0,Rise Up,Spectacular Sue,Grindstone,3,G,Lee Erickson and Connie Erickson,122,6/1,7.0,7.0,EMD-2,2026-06-06T02:27:00Z,7
EMD,Emerald Downs,2026-06-06,2,02:27,Maiden Claiming 5.5f,Maiden Claiming,Dirt,5.5f,"$16,000",2,Three Putt,Orozco Kevin E,Wright Blaine D,4/1,False,Thoroughbred,tvg,https://api.tvg.com/cosmo/v1/graphql,2026-06-06T01:50:49.237116,1.0.0,Tap Back,Paladin Bay,Sligo Bay (Ire),3,G,"BDW Racing, LLC, Anthony S. George and John O'Keefe",122,4/1,5.0,5.0,EMD-2,2026-06-06T02:27:00Z,7
EMD,Emerald Downs,2026-06-06,2,02:27,Maiden Claiming 5.5f,Maiden Claiming,Dirt,5.5f,"$16,000",3,Cozmic Brownie,Amador Silvio R,Toye Joe,8/1,False,Thoroughbred,tvg,https://api.tvg.com/cosmo/v1/graphql,2026-06-06T01:50:49.237151,1.0.0,Runhappy,Back To Mischief,Curlin To Mischief,3,G,Terra Firma Farm and Sara Edwards,122,8/1,9.0,9.0,EMD-2,2026-06-06T02:27:00Z,7
EMD,Emerald Downs,2026-06-06,2,02:27,Maiden Claiming 5.5f,Maiden Claiming,Dirt,5.5f,"$16,000",4,Silicon Native,Lopez Karlo,Peery Debbie,7/2,False,Thoroughbred,tvg,https://api.tvg.com/cosmo/v1/graphql,2026-06-06T01:50:49.237178,1.0.0,Stanford,Settle Down Eileen,First Samurai,3,G,Jeff Jacobs,122,7/2,4.5,4.5,EMD-2,2026-06-06T02:27:00Z,7
EMD,Emerald Downs,2026-06-06,2,02:27,Maiden Claiming 5.5f,Maiden Claiming,Dirt,5.5f,"$16,000",5,Big Wheelz,Nunnally Blake,Van Horne Debbie,15/1,False,Thoroughbred,tvg,https://api.tvg.com/cosmo/v1/graphql,2026-06-06T01:50:49.237207,1.0.0,Acclamation,Sioux Zen,Tiznow,3,G,WilWin Stable,122,15/1,16.0,16.0,EMD-2,2026-06-06T02:27:00Z,7
EMD,Emerald Downs,2026-06-06,2,02:27,Maiden Claiming 5.5f,Maiden Claiming,Dirt,5.5f,"$16,000",6,Glorious Run,Castellanos Adrian,Wenzel Tom,5/1,False,Thoroughbred,tvg,https://api.tvg.com/cosmo/v1/graphql,2026-06-06T01:50:49.237230,1.0.0,Runhappy,Happyandglorious,Palace Malice,3,G,Fleur De Lis Stable,119,5/1,6.0,6.0,EMD-2,2026-06-06T02:27:00Z,7
EMD,Emerald Downs,2026-06-06,2,02:27,Maiden Claiming 5.5f,Maiden Claiming,Dirt,5.5f,"$16,000",7,Oregonian,Krigger Kevin,Patino Faustino,5/2,False,Thoroughbred,tvg,https://api.tvg.com/cosmo/v1/graphql,2026-06-06T01:50:49.237255,1.0.0,Rise Up,Grand Yodeler,Swiss Yodeler,3,G,Lee Erickson and Connie Erickson,122,5/2,3.5,3.5,EMD-2,2026-06-06T02:27:00Z,7
EMD,Emerald Downs,2026-06-06,3,02:54,Claiming 5.5f,Claiming,Dirt,5.5f,"$18,000",1,Aloha Chrome,Orozco Kevin E,Rodriguez Francisco,8/1,True,Thoroughbred,tvg,https://api.tvg.com/cosmo/v1/graphql,2026-06-06T01:50:49.237437,1.0.0,California Chrome,Honeymoon Cruise,Archarcharch,6,G,"Robert Hunter, William Madden and Brian Richards",122,8/1,9.0,9.0,EMD-3,2026-06-06T02:54:00Z,5
EMD,Emerald Downs,2026-06-06,3,02:54,Claiming 5.5f,Claiming,Dirt,5.5f,"$18,000",2,Elder Mack,Amador Silvio R,Wright Blaine D,2/1,True,Thoroughbred,tvg,https://api.tvg.com/cosmo/v1/graphql,2026-06-06T01:50:49.237476,1.0.0,Lord Nelson,Promise To Peg,Mineshaft,5,G,"Chappell Alpine Farms, LLC",122,2/1,3.0,3.0,EMD-3,2026-06-06T02:54:00Z,5
EMD,Emerald Downs,2026-06-06,3,02:54,Claiming 5.5f,Claiming,Dirt,5.5f,"$18,000",3,Baby Waylon,Cruz Alex M,Rodriguez Francisco,9/5,False,Thoroughbred,tvg,https://api.tvg.com/cosmo/v1/graphql,2026-06-06T01:50:49.237510,1.0.0,Clubhouse Ride,Ju Ju Baby,Snow Ridge,5,H,Hat Trick Racing,125,9/5,2.8,2.8,EMD-3,2026-06-06T02:54:00Z,5
EMD,Emerald Downs,2026-06-06,3,02:54,Claiming 5.5f,Claiming,Dirt,5.5f,"$18,000",4,Counteract,Lopez Karlo,Cloutier Mark,5/2,False,Thoroughbred,tvg,https://api.tvg.com/cosmo/v1/graphql,2026-06-06T01:50:49.237536,1.0.0,Counterforce,Northern Storm,Rosberg,6,G,"Roy and Dixie Jacobson, Maureen Goss and Adrian Trombley",122,5/2,3.5,3.5,EMD-3,2026-06-06T02:54:00Z,5
EMD,Emerald Downs,2026-06-06,3,02:54,Claiming 5.5f,Claiming,Dirt,5.5f,"$18,000",5,Rhodium Runner,Nunnally Blake,Carlson Doug A,6/1,False,Thoroughbred,tvg,https://api.tvg.com/cosmo/v1/graphql,2026-06-06T01:50:49.237602,1.0.0,Speightster,Caseys Irish Pride,Salt Lake,7,G,Billy Christian and Shawna Christian,119,6/1,7.0,7.0,EMD-3,2026-06-06T02:54:00Z,5
EMD,Emerald Downs,2026-06-06,4,03:21,Claiming 8f,Claiming,Dirt,8f,"$20,000",1,Seas Of Normandy,Krigger Kevin,Jewell Ian,5/2,False,Thoroughbred,tvg,https://api.tvg.com/cosmo/v1/graphql,2026-06-06T01:50:49.237673,1.0.0,Normandy Invasion,Sapphire Seas,Proud Citizen,6,G,WYN Racing Stables Corp.,122,5/2,3.5,3.5,EMD-4,2026-06-06T03:21:00Z,5
EMD,Emerald Downs,2026-06-06,4,03:21,Claiming 8f,Claiming,Dirt,8f,"$20,000",2,Background,Enriquez Isaias D,Puhich Michael,2/1,False,Thoroughbred,tvg,https://api.tvg.com/cosmo/v1/graphql,2026-06-06T01:50:49.237706,1.0.0,Khozan,Ephyra,Corinthian,9,G,Mike Puhich,122,2/1,3.0,3.0,EMD-4,2026-06-06T03:21:00Z,5
EMD,Emerald Downs,2026-06-06,4,03:21,Claiming 8f,Claiming,Dirt,8f,"$20,000",3,Elegant Boy,Alvarado Frank T,Perez Sergio S,10/1,False,Thoroughbred,tvg,https://api.tvg.com/cosmo/v1/graphql,2026-06-06T01:50:49.237737,1.0.0,Big Bad Leroybrown,Trappers Magic,Trapper,5,G,Sergio S. Perez,122,10/1,11.0,11.0,EMD-4,2026-06-06T03:21:00Z,5
EMD,Emerald Downs,2026-06-06,4,03:21,Claiming 8f,Claiming,Dirt,8f,"$20,000",4,Afjan,Lopez Karlo,Crowe Shelly,8/5,False,Thoroughbred,tvg,https://api.tvg.com/cosmo/v1/graphql,2026-06-06T01:50:49.237773,1.0.0,Uncle Mo,Scarlet Strike,Smart Strike,7,G,Joseph A. Budinich,122,8/5,2.6,2.6,EMD-4,2026-06-06T03:21:00Z,5
EMD,Emerald Downs,2026-06-06,4,03:21,Claiming 8f,Claiming,Dirt,8f,"$20,000",5,The Black Strat,Amador Silvio R,Toye Joe,5/1,False,Thoroughbred,tvg,https://api.tvg.com/cosmo/v1/graphql,2026-06-06T01:50:49.237845,1.0.0,Star Guitar,Monkah,Distorted Humor,7,G,Terra Firma Too and Mitch Cohen,122,5/1,6.0,6.0,EMD-4,2026-06-06T03:21:00Z,5
EMD,Emerald Downs,2026-06-06,5,03:48,Claiming 6f,Claiming,Dirt,6f,"$16,000",1,Peso,Montalvo Carlos,Peery Debbie,10/1,False,Thoroughbred,tvg,https://api.tvg.com/cosmo/v1/graphql,2026-06-06T01:50:49.237916,1.0.0,Pioneerof The Nile,Intangaroo,Orientate,7,G,Carl & Debbi Seymour,122,10/1,11.0,11.0,EMD-5,2026-06-06T03:48:00Z,8
EMD,Emerald Downs,2026-06-06,5,03:48,Claiming 6f,Claiming,Dirt,6f,"$16,000",2,Royal Halo,Orozco Kevin E,Pirone Mary E,20/1,False,Thoroughbred,tvg,https://api.tvg.com/cosmo/v1/graphql,2026-06-06T01:50:49.237961,1.0.0,Curlin To Mischief,Sunpenny,Good Reward,6,G,Win for Fun,122,20/1,21.0,21.0,EMD-5,2026-06-06T03:48:00Z,8
EMD,Emerald Downs,2026-06-06,5,03:48,Claiming 6f,Claiming,Dirt,6f,"$16,000",3,Winds Of Freedom,Krigger Kevin,Wright Blaine D,5/2,False,Thoroughbred,tvg,https://api.tvg.com/cosmo/v1/graphql,2026-06-06T01:50:49.238007,1.0.0,Stanford,Lemon Drop Sis,Lemon Drop Kid,4,G,Raymond Brogliatti and Michael Fried,122,5/2,3.5,3.5,EMD-5,2026-06-06T03:48:00Z,8
EMD,Emerald Downs,2026-06-06,5,03:48,Claiming 6f,Claiming,Dirt,6f,"$16,000",4,Handsome Ticket,Lopez Karlo,Rodriguez Francisco,6/1,False,Thoroughbred,tvg,https://api.tvg.com/cosmo/v1/graphql,2026-06-06T01:50:49.238028,1.0.0,Speightstown,Marwa (Gb),Exceed And Excel (Aus),7,G,Hat Trick Racing and Rodriguez Racing Stable,125,6/1,7.0,7.0,EMD-5,2026-06-06T03:48:00Z,8
EMD,Emerald Downs,2026-06-06,5,03:48,Claiming 6f,Claiming,Dirt,6f,"$16,000",5,Hawker,Enriquez Isaias D,Lucarelli Frank,7/2,False,Thoroughbred,tvg,https://api.tvg.com/cosmo/v1/graphql,2026-06-06T01:50:49.238097,1.0.0,Justify,Flaming Heart,Touch Gold,6,G,"TVAL Racing, LLC and Aaron Bresko",122,7/2,4.5,4.5,EMD-5,2026-06-06T03:48:00Z,8
EMD,Emerald Downs,2026-06-06,5,03:48,Claiming 6f,Claiming,Dirt,6f,"$16,000",6,Whiskey Harbor,Nunnally Blake,Harwood Ryland M,15/1,False,Thoroughbred,tvg,https://api.tvg.com/cosmo/v1/graphql,2026-06-06T01:50:49.238154,1.0.0,Rise Up,Ruby Romance,Grindstone,5,G,Lee Erickson and Connie Erickson,122,15/1,16.0,16.0,EMD-5,2026-06-06T03:48:00Z,8
EMD,Emerald Downs,2026-06-06,5,03:48,Claiming 6f,Claiming,Dirt,6f,"$16,000",7,A Skip In The Park,Alvarado Frank T,Wenzel Tom,9/2,False,Thoroughbred,tvg,https://api.tvg.com/cosmo/v1/graphql,2026-06-06T01:50:49.238199,1.0.0,Prospect Park,You Me And Ema B,You And I,6,G,Round Table Stable #2,122,9/2,5.5,5.5,EMD-5,2026-06-06T03:48:00Z,8
EMD,Emerald Downs,2026-06-06,5,03:48,Claiming 6f,Claiming,Dirt,6f,"$16,000",8,Barrister Proof,Amador Silvio R,Gilmour James L,5/1,False,Thoroughbred,tvg,https://api.tvg.com/cosmo/v1/graphql,2026-06-06T01:50:49.238235,1.0.0,Idiot Proof,Red Barris,The Green Monkey,5,G,Sue M. Gilmour,125,5/1,6.0,6.0,EMD-5,2026-06-06T03:48:00Z,8
EMD,Emerald Downs,2026-06-06,6,04:15,Starter Allowance 6f,Starter Allowance,Dirt,6f,"$10,000",1,Naval Harbor,Cruz Alex M,Rodriguez Francisco,12/1,False,Thoroughbred,tvg,https://api.tvg.com/cosmo/v1/graphql,2026-06-06T01:50:49.238336,1.0.0,Gig Harbor,Wavy Lass,Helmsman,4,G,Alberto Ruvalcaba,122,12/1,13.0,13.0,EMD-6,2026-06-06T04:15:00Z,10
EMD,Emerald Downs,2026-06-06,6,04:15,Starter Allowance 6f,Starter Allowance,Dirt,6f,"$10,000",2,A View From Above,Amador Silvio R,Silva-Martinez Alexis,4/1,False,Thoroughbred,tvg,https://api.tvg.com/cosmo/v1/graphql,2026-06-06T01:50:49.238373,1.0.0,Abraaj,Deja Views,Forest Camp,7,G,Gary Lusk and Alexis Silva-Martinez,122,4/1,5.0,5.0,EMD-6,2026-06-06T04:15:00Z,10
EMD,Emerald Downs,2026-06-06,6,04:15,Starter Allowance 6f,Starter Allowance,Dirt,6f,"$10,000",3,Cause For Divorce,Orozco Kevin E,Bozell Alan,12/1,True,Thoroughbred,tvg,https://api.tvg.com/cosmo/v1/graphql,2026-06-06T01:50:49.238398,1.0.0,Creative Cause,Soundwave,Friends Lake,6,G,Jim Nunnally,122,12/1,13.0,13.0,EMD-6,2026-06-06T04:15:00Z,10
EMD,Emerald Downs,2026-06-06,6,04:15,Starter Allowance 6f,Starter Allowance,Dirt,6f,"$10,000",4,Cane Creek Road,Timentwa Talliyah,Nunnally Jennifer,15/1,False,Thoroughbred,tvg,https://api.tvg.com/cosmo/v1/graphql,2026-06-06T01:50:49.238420,1.0.0,Bayern,Jera,Jeblar,8,G,Jennifer Nunnally,117,15/1,16.0,16.0,EMD-6,2026-06-06T04:15:00Z,10
EMD,Emerald Downs,2026-06-06,6,04:15,Starter Allowance 6f,Starter Allowance,Dirt,6f,"$10,000",5,Fordy G,Lopez Karlo,Lyons Kendra S,5/1,False,Thoroughbred,tvg,https://api.tvg.com/cosmo/v1/graphql,2026-06-06T01:50:49.238442,1.0.0,American Freedom,Sherika,Fusaichi Pegasus,6,G,Steve Mayotte,122,5/1,6.0,6.0,EMD-6,2026-06-06T04:15:00Z,10
EMD,Emerald Downs,2026-06-06,6,04:15,Starter Allowance 6f,Starter Allowance,Dirt,6f,"$10,000",6,Blazing Peme,Nunnally Blake,Maravilla Jorge,6/1,False,Thoroughbred,tvg,https://api.tvg.com/cosmo/v1/graphql,2026-06-06T01:50:49.238459,1.0.0,Vronsky,Just Lookn Again,Tizbud,6,G,Irma Esmeralda Angel,125,6/1,7.0,7.0,EMD-6,2026-06-06T04:15:00Z,10
EMD,Emerald Downs,2026-06-06,6,04:15,Starter Allowance 6f,Starter Allowance,Dirt,6f,"$10,000",7,Fraser Landing,Castillo Pablo E,Henson Steve,6/1,False,Thoroughbred,tvg,https://api.tvg.com/cosmo/v1/graphql,2026-06-06T01:50:49.238522,1.0.0,Smiling Tiger,Meet The Queen,Strong Hope,5,G,Last Call Racing Stable and Cathy Bornn,117,6/1,7.0,7.0,EMD-6,2026-06-06T04:15:00Z,10
EMD,Emerald Downs,2026-06-06,6,04:15,Starter Allowance 6f,Starter Allowance,Dirt,6f,"$10,000",8,Olympic Legend,Castellanos Adrian,Cryderman Candice S,6/1,False,Thoroughbred,tvg,https://api.tvg.com/cosmo/v1/graphql,2026-06-06T01:50:49.238590,1.0.0,Street Boss,Brilliant Future,Mingun,7,G,"Sauvageau Equestrian, LLC",122,6/1,7.0,7.0,EMD-6,2026-06-06T04:15:00Z,10
EMD,Emerald Downs,2026-06-06,6,04:15,Starter Allowance 6f,Starter Allowance,Dirt,6f,"$10,000",9,Tex Hanley,Krigger Kevin,Gilker Robert,5/1,False,Thoroughbred,tvg,https://api.tvg.com/cosmo/v1/graphql,2026-06-06T01:50:49.238608,1.0.0,Texas Ryano,Twinkle Toes,Awesome Again,7,G,TC Racing,122,5/1,6.0,6.0,EMD-6,2026-06-06T04:15:00Z,10
EMD,Emerald Downs,2026-06-06,6,04:15,Starter Allowance 6f,Starter Allowance,Dirt,6f,"$10,000",10,Good Focus,Morales Allyssa,Gilmour James L,8/1,False,Thoroughbred,tvg,https://api.tvg.com/cosmo/v1/graphql,2026-06-06T01:50:49.238619,1.0.0,Dialed In,Everything Good,Giant's Causeway,7,G,Sue M. Gilmour,125,8/1,9.0,9.0,EMD-6,2026-06-06T04:15:00Z,10
EMD,Emerald Downs,2026-06-06,7,04:41,Claiming 6f,Claiming,Dirt,6f,"$9,000",1,In Without Knockin,Amador Silvio R,Lyons Kendra S,3/1,False,Thoroughbred,tvg,https://api.tvg.com/cosmo/v1/graphql,2026-06-06T01:50:49.238677,1.0.0,Jeranimo,Madame Forbes,Tiznow,5,M,Kendra S. Lyons,125,3/1,4.0,4.0,EMD-7,2026-06-06T04:41:00Z,6
EMD,Emerald Downs,2026-06-06,7,04:41,Claiming 6f,Claiming,Dirt,6f,"$9,000",2,Union Coach,Castellanos Adrian,Velasquez Rigoberto,5/2,False,Thoroughbred,tvg,https://api.tvg.com/cosmo/v1/graphql,2026-06-06T01:50:49.238687,1.0.0,Coach Bob,Union Twist,Unionize,5,M,Rancho Viejo & J. Carmody,125,5/2,3.5,3.5,EMD-7,2026-06-06T04:41:00Z,6
EMD,Emerald Downs,2026-06-06,7,04:41,Claiming 6f,Claiming,Dirt,6f,"$9,000",3,Solo Un Beso,Rodriguez Jose E,Velasquez Rigoberto,5/1,False,Thoroughbred,tvg,https://api.tvg.com/cosmo/v1/graphql,2026-06-06T01:50:49.238700,1.0.0,Dynamic Impact,Arlington Getaway,Speightstown,5,M,Rancho Viejo & Lisa Baze,125,5/1,6.0,6.0,EMD-7,2026-06-06T04:41:00Z,6
EMD,Emerald Downs,2026-06-06,7,04:41,Claiming 6f,Claiming,Dirt,6f,"$9,000",4,Shanghai Barbie,Timentwa Talliyah,Puentes Jose,10/1,False,Thoroughbred,tvg,https://api.tvg.com/cosmo/v1/graphql,2026-06-06T01:50:49.238710,1.0.0,Shanghai Bobby,Sacharissa,Memo (Chi),10,M,Jose Puentes,120,10/1,11.0,11.0,EMD-7,2026-06-06T04:41:00Z,6
EMD,Emerald Downs,2026-06-06,7,04:41,Claiming 6f,Claiming,Dirt,6f,"$9,000",5,Ginger In Charge,Lopez Karlo,Gilmour James L,2/1,False,Thoroughbred,tvg,https://api.tvg.com/cosmo/v1/graphql,2026-06-06T01:50:49.238719,1.0.0,Barkley,Sarah In Charge,High Brite,4,F,Sue M. Gilmour,125,2/1,3.0,3.0,EMD-7,2026-06-06T04:41:00Z,6
EMD,Emerald Downs,2026-06-06,7,04:41,Claiming 6f,Claiming,Dirt,6f,"$9,000",6,Roses R Blue,Nunnally Blake,Puentes Jose,6/1,False,Thoroughbred,tvg,https://api.tvg.com/cosmo/v1/graphql,2026-06-06T01:50:49.238728,1.0.0,Bluegrass Cat,Run Rosie Run,Forefathers,8,M,Leon Scott,125,6/1,7.0,7.0,EMD-7,2026-06-06T04:41:00Z,6
NY5,BEL Turf P5 Fri-Sat,2026-06-06,1,20:28,Stakes 8.5f,Stakes,Inner Track,8.5f,"$300,000",1,Quiet Street,Alvarado Junior,Mott William I,8/1,False,Thoroughbred,tvg,https://api.tvg.com/cosmo/v1/graphql,2026-06-06T01:50:49.251595,1.0.0,Street Boss,Serene,Tapit,3,F,"Godolphin, LLC",122,8/1,9.0,9.0,NY5-1,2026-06-05T20:28:00Z,9
NY5,BEL Turf P5 Fri-Sat,2026-06-06,1,20:28,Stakes 8.5f,Stakes,Inner Track,8.5f,"$300,000",2,Fitz Right,Prat Flavien,Brown Chad C,4/1,False,Thoroughbred,tvg,https://api.tvg.com/cosmo/v1/graphql,2026-06-06T01:50:49.251624,1.0.0,Charlatan,I'm A Looker,Henny Hughes,3,F,"Dubb, Michael, Lawrence, William H.",122,4/1,5.0,5.0,NY5-1,2026-06-05T20:28:00Z,9
NY5,BEL Turf P5 Fri-Sat,2026-06-06,1,20:28,Stakes 8.5f,Stakes,Inner Track,8.5f,"$300,000",3,Coach Mazzula,Franco Manuel,Russell Brittany T,6/1,False,Thoroughbred,tvg,https://api.tvg.com/cosmo/v1/graphql,2026-06-06T01:50:49.251639,1.0.0,Authentic,Crown And Sugar,Crown Of Thorns,3,F,Madaket Stables LLC,122,6/1,7.0,7.0,NY5-1,2026-06-05T20:28:00Z,9
NY5,BEL Turf P5 Fri-Sat,2026-06-06,1,20:28,Stakes 8.5f,Stakes,Inner Track,8.5f,"$300,000",4,Tax Holiday (Gb),Davis Dylan,Brown Chad C,12/1,False,Thoroughbred,tvg,https://api.tvg.com/cosmo/v1/graphql,2026-06-06T01:50:49.251650,1.0.0,Kingman (Gb),Secret Soul (Gb),Street Cry (Ire),3,F,"Klaravich Stables, Inc.",120,12/1,13.0,13.0,NY5-1,2026-06-05T20:28:00Z,9
NY5,BEL Turf P5 Fri-Sat,2026-06-06,1,20:28,Stakes 8.5f,Stakes,Inner Track,8.5f,"$300,000",5,Time To Dream,Ortiz Jr Irad,Pletcher Todd A,9/2,False,Thoroughbred,tvg,https://api.tvg.com/cosmo/v1/graphql,2026-06-06T01:50:49.251662,1.0.0,Not This Time,Wild Silk,Street Sense,3,F,Repole Stable,122,9/2,5.5,5.5,NY5-1,2026-06-05T20:28:00Z,9
NY5,BEL Turf P5 Fri-Sat,2026-06-06,1,20:28,Stakes 8.5f,Stakes,Inner Track,8.5f,"$300,000",6,Soloist,Ortiz Jose L,Mcpeek Kenneth G,12/1,True,Thoroughbred,tvg,https://api.tvg.com/cosmo/v1/graphql,2026-06-06T01:50:49.251672,1.0.0,Into Mischief,Daddys Lil Darling,Scat Daddy,3,F,"Tabor, Michael B., Smith, Derrick a",120,12/1,13.0,13.0,NY5-1,2026-06-05T20:28:00Z,9
NY5,BEL Turf P5 Fri-Sat,2026-06-06,1,20:28,Stakes 8.5f,Stakes,Inner Track,8.5f,"$300,000",7,Call On Me,Saez Luis,Arnold Ii George R,8/1,False,Thoroughbred,tvg,https://api.tvg.com/cosmo/v1/graphql,2026-06-06T01:50:49.251681,1.0.0,Twirling Candy,Hana Road,Quality Road,3,F,"Bromagen, Glenn S., Bromagen, Sandr",120,8/1,9.0,9.0,NY5-1,2026-06-05T20:28:00Z,9
NY5,BEL Turf P5 Fri-Sat,2026-06-06,1,20:28,Stakes 8.5f,Stakes,Inner Track,8.5f,"$300,000",8,Lion Lake (Ire),Velazquez John R,Walsh Brendan P,8/5,False,Thoroughbred,tvg,https://api.tvg.com/cosmo/v1/graphql,2026-06-06T01:50:49.251692,1.0.0,Dark Angel (Ire),Urjuwaan (Gb),Cape Cross (Ire),3,F,Emcee Stable LLC,124,8/5,2.6,2.6,NY5-1,2026-06-05T20:28:00Z,9
NY5,BEL Turf P5 Fri-Sat,2026-06-06,1,20:28,Stakes 8.5f,Stakes,Inner Track,8.5f,"$300,000",9,Pashmina,Ortiz Jr Irad,Atras Rob,1/1,True,Thoroughbred,tvg,https://api.tvg.com/cosmo/v1/graphql,2026-06-06T01:50:49.251702,1.0.0,Constitution,Panthera Onca,Super Saver,3,F,Red White and Blue Racing LLC,124,1/1,2.0,2.0,NY5-1,2026-06-05T20:28:00Z,9
NY5,BEL Turf P5 Fri-Sat,2026-06-06,2,21:46,Stakes 9.5f,Stakes,Turf,9.5f,"$750,000",1,Portfolio Duration (Gb),Prat Flavien,Brown Chad C,9/2,False,Thoroughbred,tvg,https://api.tvg.com/cosmo/v1/graphql,2026-06-06T01:50:49.251730,1.0.0,Night Of Thunder (,Shemya (Fr),Dansili (Gb),4,F,"Klaravich Stables, Inc.",120,9/2,5.5,5.5,NY5-2,2026-06-05T21:46:00Z,9
NY5,BEL Turf P5 Fri-Sat,2026-06-06,2,21:46,Stakes 9.5f,Stakes,Turf,9.5f,"$750,000",2,Bellezza (Ire),Rodriguez Jaime,Clement Miguel,12/1,True,Thoroughbred,tvg,https://api.tvg.com/cosmo/v1/graphql,2026-06-06T01:50:49.251740,1.0.0,Siyouni (Fr),Terrific (Ire),Galileo (Ire),5,M,"Moyglare Stud Farm, Ltd.",122,12/1,13.0,13.0,NY5-2,2026-06-05T21:46:00Z,9
NY5,BEL Turf P5 Fri-Sat,2026-06-06,2,21:46,Stakes 9.5f,Stakes,Turf,9.5f,"$750,000",3,Speed Shopper,Franco Manuel,Walden William,8/1,False,Thoroughbred,tvg,https://api.tvg.com/cosmo/v1/graphql,2026-06-06T01:50:49.251750,1.0.0,Quality Road,Fast Retailing,Malibu Moon,5,M,"Barber, Gary, Bridlewood Farm and E",122,8/1,9.0,9.0,NY5-2,2026-06-05T21:46:00Z,9
NY5,BEL Turf P5 Fri-Sat,2026-06-06,2,21:46,Stakes 9.5f,Stakes,Turf,9.5f,"$750,000",4,Laurelin (Ire),Carmouche Kendrick,Motion H Graham,8/1,False,Thoroughbred,tvg,https://api.tvg.com/cosmo/v1/graphql,2026-06-06T01:50:49.251759,1.0.0,Zarak (Fr),Bari (Ire),Cape Cross (Ire),4,F,Newstead Stables LLC,122,8/1,9.0,9.0,NY5-2,2026-06-05T21:46:00Z,9
NY5,BEL Turf P5 Fri-Sat,2026-06-06,2,21:46,Stakes 9.5f,Stakes,Turf,9.5f,"$750,000",5,Pretty Picture,Davis Dylan,Brown Chad C,15/1,False,Thoroughbred,tvg,https://api.tvg.com/cosmo/v1/graphql,2026-06-06T01:50:49.251769,1.0.0,Munnings,Farofa,Tiznow,4,F,"Three Chimneys Farm, LLC (Goncalo B",120,15/1,16.0,16.0,NY5-2,2026-06-05T21:46:00Z,9
NY5,BEL Turf P5 Fri-Sat,2026-06-06,2,21:46,Stakes 9.5f,Stakes,Turf,9.5f,"$750,000",6,Cankoura (Fr),Lecoeuvre Clement,Graffard F,10/1,False,Thoroughbred,tvg,https://api.tvg.com/cosmo/v1/graphql,2026-06-06T01:50:49.251778,1.0.0,Persian King (Ire),Candarliya (Fr),Dalakhani (Ire),4,F,"His Highness the Aga Khan's Studs,",122,10/1,11.0,11.0,NY5-2,2026-06-05T21:46:00Z,9
NY5,BEL Turf P5 Fri-Sat,2026-06-06,2,21:46,Stakes 9.5f,Stakes,Turf,9.5f,"$750,000",7,City Girl (Fr),Ortiz Jr Irad,Brown Chad C,8/1,False,Thoroughbred,tvg,https://api.tvg.com/cosmo/v1/graphql,2026-06-06T01:50:49.251788,1.0.0,City Light (Fr),Nimpheas,Smart Strike,5,M,"Madaket Stables, LLC, Dubb, Michael",122,8/1,9.0,9.0,NY5-2,2026-06-05T21:46:00Z,9
NY5,BEL Turf P5 Fri-Sat,2026-06-06,2,21:46,Stakes 9.5f,Stakes,Turf,9.5f,"$750,000",8,Kathynmarissa,Ortiz Jose L,Brown Chad C,5/2,False,Thoroughbred,tvg,https://api.tvg.com/cosmo/v1/graphql,2026-06-06T01:50:49.251798,1.0.0,American Pharoah,La Dalila (Chi),Milt's Overture,5,M,"Caruso, Michael J. and Dubb, Michae",122,5/2,3.5,3.5,NY5-2,2026-06-05T21:46:00Z,9
NY5,BEL Turf P5 Fri-Sat,2026-06-06,2,21:46,Stakes 9.5f,Stakes,Turf,9.5f,"$750,000",9,Gezora (Fr),Velazquez John R,Mott William I,3/1,False,Thoroughbred,tvg,https://api.tvg.com/cosmo/v1/graphql,2026-06-06T01:50:49.251809,1.0.0,Almanzor (Fr),Germance,Silver Hawk,4,F,Peter M. Brant,124,3/1,4.0,4.0,NY5-2,2026-06-05T21:46:00Z,9
NY5,BEL Turf P5 Fri-Sat,2026-06-06,3,18:47,Stakes 8f,Stakes,Inner Track,8f,"$500,000",1,Classic Q,Velazquez John R,Casse Mark E,6/1,False,Thoroughbred,tvg,https://api.tvg.com/cosmo/v1/graphql,2026-06-06T01:50:49.251843,1.0.0,Classic Empire,Lovely Em,Scat Daddy,4,F,"Barber, Gary, Blue Crevalle Racing",122,6/1,7.0,7.0,NY5-3,2026-06-06T18:47:00Z,8
NY5,BEL Turf P5 Fri-Sat,2026-06-06,3,18:47,Stakes 8f,Stakes,Inner Track,8f,"$500,000",2,Sandtrap (Ire),Franco Manuel,Brown Chad C,3/1,False,Thoroughbred,tvg,https://api.tvg.com/cosmo/v1/graphql,2026-06-06T01:50:49.251852,1.0.0,Lope De Vega (Ire),Zindaya,More Than Ready,4,F,Bridlewood Farm,120,3/1,4.0,4.0,NY5-3,2026-06-06T18:47:00Z,8
NY5,BEL Turf P5 Fri-Sat,2026-06-06,3,18:47,Stakes 8f,Stakes,Inner Track,8f,"$500,000",3,Segesta,Prat Flavien,Brown Chad C,7/5,False,Thoroughbred,tvg,https://api.tvg.com/cosmo/v1/graphql,2026-06-06T01:50:49.251863,1.0.0,Ghostzapper,Antonoe,First Defence,5,M,Juddmonte,124,7/5,2.4,2.4,NY5-3,2026-06-06T18:47:00Z,8
NY5,BEL Turf P5 Fri-Sat,2026-06-06,3,18:47,Stakes 8f,Stakes,Inner Track,8f,"$500,000",4,Mandanaba (Fr),Lecoeuvre Clement,Graffard F,9/2,False,Thoroughbred,tvg,https://api.tvg.com/cosmo/v1/graphql,2026-06-06T01:50:49.251874,1.0.0,Ghaiyyath (Ire),Mandesha (Fr),Desert Style (Ire),4,F,"His Highness the Aga Khan's Studs,",122,9/2,5.5,5.5,NY5-3,2026-06-06T18:47:00Z,8
NY5,BEL Turf P5 Fri-Sat,2026-06-06,3,18:47,Stakes 8f,Stakes,Inner Track,8f,"$500,000",5,And One More Time,Castellano Javier,Casse Mark E,8/1,False,Thoroughbred,tvg,https://api.tvg.com/cosmo/v1/graphql,2026-06-06T01:50:49.251884,1.0.0,Omaha Beach,Complicated,Blame,4,F,Live Oak Plantation,120,8/1,9.0,9.0,NY5-3,2026-06-06T18:47:00Z,8
NY5,BEL Turf P5 Fri-Sat,2026-06-06,3,18:47,Stakes 8f,Stakes,Inner Track,8f,"$500,000",6,Fast Market,Davis Dylan,Terranova Ii John P,20/1,False,Thoroughbred,tvg,https://api.tvg.com/cosmo/v1/graphql,2026-06-06T01:50:49.251895,1.0.0,Volatile,Betty Draper,Street Cry (Ire),4,F,Hit The Bid Racing Stable,122,20/1,21.0,21.0,NY5-3,2026-06-06T18:47:00Z,8
NY5,BEL Turf P5 Fri-Sat,2026-06-06,3,18:47,Stakes 8f,Stakes,Inner Track,8f,"$500,000",7,Buttercream Babe,Saez Luis,Arnold Ii George R,15/1,False,Thoroughbred,tvg,https://api.tvg.com/cosmo/v1/graphql,2026-06-06T01:50:49.251905,1.0.0,Twirling Candy,Runway Ready,Mr. Greeley,5,M,Three Diamonds Farm,120,15/1,16.0,16.0,NY5-3,2026-06-06T18:47:00Z,8
NY5,BEL Turf P5 Fri-Sat,2026-06-06,3,18:47,Stakes 8f,Stakes,Inner Track,8f,"$500,000",8,Deep Satin,Ortiz Jose L,Devaux Cherie,12/1,False,Thoroughbred,tvg,https://api.tvg.com/cosmo/v1/graphql,2026-06-06T01:50:49.251915,1.0.0,American Pharoah,Take The Ribbon,Chester House,5,M,"Gunther, John D. and Eurowest Blood",120,12/1,13.0,13.0,NY5-3,2026-06-06T18:47:00Z,8
NY5,BEL Turf P5 Fri-Sat,2026-06-06,4,20:13,Stakes 5.5f,Stakes,Turf,5.5f,"$500,000",1,Governor Sam,Lopez Paco,Weaver George,15/1,False,Thoroughbred,tvg,https://api.tvg.com/cosmo/v1/graphql,2026-06-06T01:50:49.251932,1.0.0,Improbable,I'm Betty G,Into Mischief,4,G,"Bregman Family Racing, LLC and Swin",124,15/1,16.0,16.0,NY5-4,2026-06-06T20:13:00Z,10
NY5,BEL Turf P5 Fri-Sat,2026-06-06,4,20:13,Stakes 5.5f,Stakes,Turf,5.5f,"$500,000",2,Bold Journey,Alvarado Junior,Mott William I,30/1,False,Thoroughbred,tvg,https://api.tvg.com/cosmo/v1/graphql,2026-06-06T01:50:49.251942,1.0.0,Hard Spun,Polly Freeze,Super Saver,7,G,"Pantofel Stable LLC, Wachtel Stable",124,30/1,31.0,31.0,NY5-4,2026-06-06T20:13:00Z,10
NY5,BEL Turf P5 Fri-Sat,2026-06-06,4,20:13,Stakes 5.5f,Stakes,Turf,5.5f,"$500,000",3,Litigation,Geroux Florent,Lynch Brian A,7/2,False,Thoroughbred,tvg,https://api.tvg.com/cosmo/v1/graphql,2026-06-06T01:50:49.251954,1.0.0,Twirling Candy,Argue,Storm Cat,4,C,Stone Farm,124,7/2,4.5,4.5,NY5-4,2026-06-06T20:13:00Z,10
NY5,BEL Turf P5 Fri-Sat,2026-06-06,4,20:13,Stakes 5.5f,Stakes,Turf,5.5f,"$500,000",4,Works For Me,Prat Flavien,Lee Joseph R,6/1,False,Thoroughbred,tvg,https://api.tvg.com/cosmo/v1/graphql,2026-06-06T01:50:49.251963,1.0.0,Daddy Long Legs,Bella's Game,Soldat,5,H,"KatieRich Stables LLC, Connors, Chr",124,6/1,7.0,7.0,NY5-4,2026-06-06T20:13:00Z,10
NY5,BEL Turf P5 Fri-Sat,2026-06-06,4,20:13,Stakes 5.5f,Stakes,Turf,5.5f,"$500,000",5,Reef Runner,Ortiz Jr Irad,Fawkes David,4/1,False,Thoroughbred,tvg,https://api.tvg.com/cosmo/v1/graphql,2026-06-06T01:50:49.251973,1.0.0,The Big Beast,Paradise Bay,Blame,5,G,"Lieblong, Alex and Lieblong, JoAnn",126,4/1,5.0,5.0,NY5-4,2026-06-06T20:13:00Z,10
NY5,BEL Turf P5 Fri-Sat,2026-06-06,4,20:13,Stakes 5.5f,Stakes,Turf,5.5f,"$500,000",6,Ag Bullet,Velazquez John R,Baltas Richard,3/1,False,Thoroughbred,tvg,https://api.tvg.com/cosmo/v1/graphql,2026-06-06T01:50:49.251983,1.0.0,Twirling Candy,Noble Grey,Forestry,6,M,"Nguyen, Calvin and Tran, Joey C.",121,3/1,4.0,4.0,NY5-4,2026-06-06T20:13:00Z,10
NY5,BEL Turf P5 Fri-Sat,2026-06-06,4,20:13,Stakes 5.5f,Stakes,Turf,5.5f,"$500,000",7,Clock Tower,Davis Dylan,Ward Wesley A,20/1,False,Thoroughbred,tvg,https://api.tvg.com/cosmo/v1/graphql,2026-06-06T01:50:49.251992,1.0.0,Not This Time,Hot Stones,Bustin Stones,4,G,Mrs. Fitriani Hay,124,20/1,21.0,21.0,NY5-4,2026-06-06T20:13:00Z,10
NY5,BEL Turf P5 Fri-Sat,2026-06-06,4,20:13,Stakes 5.5f,Stakes,Turf,5.5f,"$500,000",8,John The Beer Man,Carmouche Kendrick,Atras Rob,10/1,False,Thoroughbred,tvg,https://api.tvg.com/cosmo/v1/graphql,2026-06-06T01:50:49.252002,1.0.0,More Than Ready,Trophy Wife,Giant's Causeway,5,G,"Caruso, Michael J. and Dubb, Michae",124,10/1,11.0,11.0,NY5-4,2026-06-06T20:13:00Z,10
NY5,BEL Turf P5 Fri-Sat,2026-06-06,4,20:13,Stakes 5.5f,Stakes,Turf,5.5f,"$500,000",9,Twenty Six Black,Franco Manuel,De Paz Horacio,12/1,False,Thoroughbred,tvg,https://api.tvg.com/cosmo/v1/graphql,2026-06-06T01:50:49.252011,1.0.0,War Dancer,Brazo De Oro,First Dude,6,G,"Roger Cimbora, Jr.",124,12/1,13.0,13.0,NY5-4,2026-06-06T20:13:00Z,10
NY5,BEL Turf P5 Fri-Sat,2026-06-06,4,20:13,Stakes 5.5f,Stakes,Turf,5.5f,"$500,000",10,My Boy Prince,Ortiz Jose L,Casse Mark E,5/1,False,Thoroughbred,tvg,https://api.tvg.com/cosmo/v1/graphql,2026-06-06T01:50:49.252020,1.0.0,Cairo Prince,Hopping Not Hoping,Silent Name (Jpn),5,G,Gary Barber,126,5/1,6.0,6.0,NY5-4,2026-06-06T20:13:00Z,10
NY5,BEL Turf P5 Fri-Sat,2026-06-06,5,22:11,Stakes 9.5f,Stakes,Turf,9.5f,"$1,000,000",1,Tiz Dashing,Castellano Javier,Tagg Barclay,30/1,False,Thoroughbred,tvg,https://api.tvg.com/cosmo/v1/graphql,2026-06-06T01:50:49.252041,1.0.0,Tiz The Law,Breaking Beauty,Into Mischief,4,C,Sackatoga Stable,122,30/1,31.0,31.0,NY5-5,2026-06-06T22:11:00Z,9
NY5,BEL Turf P5 Fri-Sat,2026-06-06,5,22:11,Stakes 9.5f,Stakes,Turf,9.5f,"$1,000,000",2,Test Score,Franco Manuel,Motion H Graham,12/1,False,Thoroughbred,tvg,https://api.tvg.com/cosmo/v1/graphql,2026-06-06T01:50:49.252049,1.0.0,Lookin At Lucky,Joy Of Learning,Kitten's Joy,4,C,"Amerman Racing, LLC",124,12/1,13.0,13.0,NY5-5,2026-06-06T22:11:00Z,9
NY5,BEL Turf P5 Fri-Sat,2026-06-06,5,22:11,Stakes 9.5f,Stakes,Turf,9.5f,"$1,000,000",3,Make Me King (Fr),Ortiz Jose L,Al Jehani Ha,8/1,False,Thoroughbred,tvg,https://api.tvg.com/cosmo/v1/graphql,2026-06-06T01:50:49.252057,1.0.0,Dark Angel (Ire),Miss Infinity (Ire),Rock Of Gibraltar (Ire),6,G,Wathnan Racing,122,8/1,9.0,9.0,NY5-5,2026-06-06T22:11:00Z,9
NY5,BEL Turf P5 Fri-Sat,2026-06-06,5,22:11,Stakes 9.5f,Stakes,Turf,9.5f,"$1,000,000",4,Integration,Velazquez John R,Mcgaughey Iii C R,12/1,False,Thoroughbred,tvg,https://api.tvg.com/cosmo/v1/graphql,2026-06-06T01:50:49.252065,1.0.0,Quality Road,Harmonize,Scat Daddy,6,H,West Point Thoroughbreds and Woodfo,120,12/1,13.0,13.0,NY5-5,2026-06-06T22:11:00Z,9
NY5,BEL Turf P5 Fri-Sat,2026-06-06,5,22:11,Stakes 9.5f,Stakes,Turf,9.5f,"$1,000,000",5,Deterministic,Carmouche Kendrick,Clement Miguel,7/2,False,Thoroughbred,tvg,https://api.tvg.com/cosmo/v1/graphql,2026-06-06T01:50:49.252080,1.0.0,Liam's Map,Giulio's Jewel,Speightstown,5,H,"St. Elias Stable, Langone, Ken, Dun",124,7/2,4.5,4.5,NY5-5,2026-06-06T22:11:00Z,9
NY5,BEL Turf P5 Fri-Sat,2026-06-06,5,22:11,Stakes 9.5f,Stakes,Turf,9.5f,"$1,000,000",6,Bright Picture (Fr),Prat Flavien,Fabre Andre,3/1,False,Thoroughbred,tvg,https://api.tvg.com/cosmo/v1/graphql,2026-06-06T01:50:49.252091,1.0.0,Intello (Ger),Lucy The Painter (Ire),Excellent Art (Gb),5,G,Wertheimer and Frere,122,3/1,4.0,4.0,NY5-5,2026-06-06T22:11:00Z,9
NY5,BEL Turf P5 Fri-Sat,2026-06-06,5,22:11,Stakes 9.5f,Stakes,Turf,9.5f,"$1,000,000",7,Rhetorical,Ortiz Jr Irad,Walden William,2/1,False,Thoroughbred,tvg,https://api.tvg.com/cosmo/v1/graphql,2026-06-06T01:50:49.252100,1.0.0,Not This Time,Sheet Humor,Distorted Humor,5,G,"Barber, Gary, Cheyenne Stable, LLC",124,2/1,3.0,3.0,NY5-5,2026-06-06T22:11:00Z,9
NY5,BEL Turf P5 Fri-Sat,2026-06-06,5,22:11,Stakes 9.5f,Stakes,Turf,9.5f,"$1,000,000",8,One Stripe (Saf),Lerena Gavin,Motion H Graham,6/1,False,Thoroughbred,tvg,https://api.tvg.com/cosmo/v1/graphql,2026-06-06T01:50:49.252109,1.0.0,One World (Saf),Silver Stripe (Saf),Silvano (Ger),5,H,"Hollywood Racing and Sewgoolam, Rik",124,6/1,7.0,7.0,NY5-5,2026-06-06T22:11:00Z,9
NY5,BEL Turf P5 Fri-Sat,2026-06-06,5,22:11,Stakes 9.5f,Stakes,Turf,9.5f,"$1,000,000",9,Battle Of Normandy,Davis Dylan,Mcgaughey Iii C R,20/1,False,Thoroughbred,tvg,https://api.tvg.com/cosmo/v1/graphql,2026-06-06T01:50:49.252118,1.0.0,City Of Light,Adorable Miss,Kitten's Joy,6,H,West Point Thoroughbreds and Woodfo,120,20/1,21.0,21.0,NY5-5,2026-06-06T22:11:00Z,9
TND,BEL NY-Belmont Stakes DD,2026-06-06,1,21:46,Stakes 9.5f,Stakes,Turf,9.5f,"$750,000",1,Portfolio Duration (Gb),Prat Flavien,Brown Chad C,9/2,False,Thoroughbred,tvg,https://api.tvg.com/cosmo/v1/graphql,2026-06-06T01:50:49.262375,1.0.0,Night Of Thunder (,Shemya (Fr),Dansili (Gb),4,F,"Klaravich Stables, Inc.",120,9/2,5.5,5.5,TND-1,2026-06-05T21:46:00Z,9
TND,BEL NY-Belmont Stakes DD,2026-06-06,1,21:46,Stakes 9.5f,Stakes,Turf,9.5f,"$750,000",2,Bellezza (Ire),Rodriguez Jaime,Clement Miguel,12/1,True,Thoroughbred,tvg,https://api.tvg.com/cosmo/v1/graphql,2026-06-06T01:50:49.262408,1.0.0,Siyouni (Fr),Terrific (Ire),Galileo (Ire),5,M,"Moyglare Stud Farm, Ltd.",122,12/1,13.0,13.0,TND-1,2026-06-05T21:46:00Z,9
TND,BEL NY-Belmont Stakes DD,2026-06-06,1,21:46,Stakes 9.5f,Stakes,Turf,9.5f,"$750,000",3,Speed Shopper,Franco Manuel,Walden William,8/1,False,Thoroughbred,tvg,https://api.tvg.com/cosmo/v1/graphql,2026-06-06T01:50:49.262421,1.0.0,Quality Road,Fast Retailing,Malibu Moon,5,M,"Barber, Gary, Bridlewood Farm and E",122,8/1,9.0,9.0,TND-1,2026-06-05T21:46:00Z,9
TND,BEL NY-Belmont Stakes DD,2026-06-06,1,21:46,Stakes 9.5f,Stakes,Turf,9.5f,"$750,000",4,Laurelin (Ire),Carmouche Kendrick,Motion H Graham,8/1,False,Thoroughbred,tvg,https://api.tvg.com/cosmo/v1/graphql,2026-06-06T01:50:49.262433,1.0.0,Zarak (Fr),Bari (Ire),Cape Cross (Ire),4,F,Newstead Stables LLC,122,8/1,9.0,9.0,TND-1,2026-06-05T21:46:00Z,9
TND,BEL NY-Belmont Stakes DD,2026-06-06,1,21:46,Stakes 9.5f,Stakes,Turf,9.5f,"$750,000",5,Pretty Picture,Davis Dylan,Brown Chad C,15/1,False,Thoroughbred,tvg,https://api.tvg.com/cosmo/v1/graphql,2026-06-06T01:50:49.262443,1.0.0,Munnings,Farofa,Tiznow,4,F,"Three Chimneys Farm, LLC (Goncalo B",120,15/1,16.0,16.0,TND-1,2026-06-05T21:46:00Z,9
TND,BEL NY-Belmont Stakes DD,2026-06-06,1,21:46,Stakes 9.5f,Stakes,Turf,9.5f,"$750,000",6,Cankoura (Fr),Lecoeuvre Clement,Graffard F,10/1,False,Thoroughbred,tvg,https://api.tvg.com/cosmo/v1/graphql,2026-06-06T01:50:49.262452,1.0.0,Persian King (Ire),Candarliya (Fr),Dalakhani (Ire),4,F,"His Highness the Aga Khan's Studs,",122,10/1,11.0,11.0,TND-1,2026-06-05T21:46:00Z,9
TND,BEL NY-Belmont Stakes DD,2026-06-06,1,21:46,Stakes 9.5f,Stakes,Turf,9.5f,"$750,000",7,City Girl (Fr),Ortiz Jr Irad,Brown Chad C,8/1,False,Thoroughbred,tvg,https://api.tvg.com/cosmo/v1/graphql,2026-06-06T01:50:49.262465,1.0.0,City Light (Fr),Nimpheas,Smart Strike,5,M,"Madaket Stables, LLC, Dubb, Michael",122,8/1,9.0,9.0,TND-1,2026-06-05T21:46:00Z,9
TND,BEL NY-Belmont Stakes DD,2026-06-06,1,21:46,Stakes 9.5f,Stakes,Turf,9.5f,"$750,000",8,Kathynmarissa,Ortiz Jose L,Brown Chad C,5/2,False,Thoroughbred,tvg,https://api.tvg.com/cosmo/v1/graphql,2026-06-06T01:50:49.262472,1.0.0,American Pharoah,La Dalila (Chi),Milt's Overture,5,M,"Caruso, Michael J. and Dubb, Michae",122,5/2,3.5,3.5,TND-1,2026-06-05T21:46:00Z,9
TND,BEL NY-Belmont Stakes DD,2026-06-06,1,21:46,Stakes 9.5f,Stakes,Turf,9.5f,"$750,000",9,Gezora (Fr),Velazquez John R,Mott William I,3/1,False,Thoroughbred,tvg,https://api.tvg.com/cosmo/v1/graphql,2026-06-06T01:50:49.262480,1.0.0,Almanzor (Fr),Germance,Silver Hawk,4,F,Peter M. Brant,124,3/1,4.0,4.0,TND-1,2026-06-05T21:46:00Z,9
TND,BEL NY-Belmont Stakes DD,2026-06-06,2,23:04,Stakes 10f,Stakes,Dirt,10f,"$2,000,000",1,Vitruvian Man,Fresu Antonio,O'neill Doug F,30/1,False,Thoroughbred,tvg,https://api.tvg.com/cosmo/v1/graphql,2026-06-06T01:50:49.262531,1.0.0,Vino Rosso,Caradini,Bernardini,3,C,Glenn Sorgenstein WC Racing Inc. an,126,30/1,31.0,31.0,TND-2,2026-06-06T23:04:00Z,9
TND,BEL NY-Belmont Stakes DD,2026-06-06,2,23:04,Stakes 10f,Stakes,Dirt,10f,"$2,000,000",2,Powershift,Saez Luis,Pletcher Todd A,12/1,False,Thoroughbred,tvg,https://api.tvg.com/cosmo/v1/graphql,2026-06-06T01:50:49.262539,1.0.0,Constitution,Free Flying Soul,Quiet American,3,C,Repole Stable,126,12/1,13.0,13.0,TND-2,2026-06-06T23:04:00Z,9
TND,BEL NY-Belmont Stakes DD,2026-06-06,2,23:04,Stakes 10f,Stakes,Dirt,10f,"$2,000,000",3,Chief Wallabee,Alvarado Junior,Mott William I,3/1,False,Thoroughbred,tvg,https://api.tvg.com/cosmo/v1/graphql,2026-06-06T01:50:49.262545,1.0.0,Constitution,A La Lucie,Medaglia D'oro,3,C,"Ball, Michael and Ball, Katherine G",126,3/1,4.0,4.0,TND-2,2026-06-06T23:04:00Z,9
TND,BEL NY-Belmont Stakes DD,2026-06-06,2,23:04,Stakes 10f,Stakes,Dirt,10f,"$2,000,000",4,Renegade,Ortiz Jr Irad,Pletcher Todd A,2/1,False,Thoroughbred,tvg,https://api.tvg.com/cosmo/v1/graphql,2026-06-06T01:50:49.262557,1.0.0,Into Mischief,Spice Is Nice,Curlin,3,C,"Low, Robert, Low, Lawana L. and Rep",126,2/1,3.0,3.0,TND-2,2026-06-06T23:04:00Z,9
TND,BEL NY-Belmont Stakes DD,2026-06-06,2,23:04,Stakes 10f,Stakes,Dirt,10f,"$2,000,000",5,Ottinho,Davis Dylan,Brown Chad C,20/1,False,Thoroughbred,tvg,https://api.tvg.com/cosmo/v1/graphql,2026-06-06T01:50:49.262563,1.0.0,Quality Road,Quiet Giant,Giant's Causeway,3,C,"Three Chimneys Farm, LLC (Goncalo B",126,20/1,21.0,21.0,TND-2,2026-06-06T23:04:00Z,9
TND,BEL NY-Belmont Stakes DD,2026-06-06,2,23:04,Stakes 10f,Stakes,Dirt,10f,"$2,000,000",6,Growth Equity,Franco Manuel,Brown Chad C,12/1,False,Thoroughbred,tvg,https://api.tvg.com/cosmo/v1/graphql,2026-06-06T01:50:49.262571,1.0.0,Nyquist,My Dear Venezuela,Wildcat Heir,3,C,"Klaravich Stables, Inc.",126,12/1,13.0,13.0,TND-2,2026-06-06T23:04:00Z,9
TND,BEL NY-Belmont Stakes DD,2026-06-06,2,23:04,Stakes 10f,Stakes,Dirt,10f,"$2,000,000",7,Commandment,Velazquez John R,Cox Brad H,6/1,False,Thoroughbred,tvg,https://api.tvg.com/cosmo/v1/graphql,2026-06-06T01:50:49.262577,1.0.0,Into Mischief,Sippican Harbor,Orb,3,C,Wathnan Racing,126,6/1,7.0,7.0,TND-2,2026-06-06T23:04:00Z,9
TND,BEL NY-Belmont Stakes DD,2026-06-06,2,23:04,Stakes 10f,Stakes,Dirt,10f,"$2,000,000",8,Emerging Market,Prat Flavien,Brown Chad C,6/1,False,Thoroughbred,tvg,https://api.tvg.com/cosmo/v1/graphql,2026-06-06T01:50:49.262584,1.0.0,Candy Ride (Arg),Wild Empress,Empire Maker,3,C,"Klaravich Stables, Inc.",126,6/1,7.0,7.0,TND-2,2026-06-06T23:04:00Z,9
TND,BEL NY-Belmont Stakes DD,2026-06-06,2,23:04,Stakes 10f,Stakes,Dirt,10f,"$2,000,000",9,Golden Tempo,Ortiz Jose L,Devaux Cherie,9/2,False,Thoroughbred,tvg,https://api.tvg.com/cosmo/v1/graphql,2026-06-06T01:50:49.262595,1.0.0,Curlin,Carrumba,Bernardini,3,C,Phipps Stable and St. Elias Stable,126,9/2,5.5,5.5,TND-2,2026-06-06T23:04:00Z,9
EVD,Evangeline Downs,2026-06-06,1,22:33,Claiming 7f,Claiming,Dirt,7f,"$15,000",1,Native Requite,Vargas Juan P,Ward Ronnie P,15/1,False,Thoroughbred,tvg,https://api.tvg.com/cosmo/v1/graphql,2026-06-06T01:50:50.346806,1.0.0,Requite,Native Trinket,Dove Hunt,5,G,Mike Oney,124,18/1,19.0,16.0,EVD-1,2026-06-05T22:33:41Z,10
EVD,Evangeline Downs,2026-06-06,1,22:33,Claiming 7f,Claiming,Dirt,7f,"$15,000",2,Parole Drama,Castillo Isaac,Pomier Chasey D,5/2,False,Thoroughbred,tvg,https://api.tvg.com/cosmo/v1/graphql,2026-06-06T01:50:50.346822,1.0.0,No Parole,Mum,Tapit,3,G,"Carl J. Deville, Kyle Deville, Chasey Deville Pomier, Gerald Bruno, Jr., Jermery",121,7/2,4.5,3.5,EVD-1,2026-06-05T22:33:41Z,10
EVD,Evangeline Downs,2026-06-06,1,22:33,Claiming 7f,Claiming,Dirt,7f,"$15,000",3,Awesome William,"Ramirez, Jr. Julio",Govea Cesar,8/1,False,Thoroughbred,tvg,https://api.tvg.com/cosmo/v1/graphql,2026-06-06T01:50:50.346830,1.0.0,Taylor's Sense,Awesome Holiday,Awesome Again,4,G,L and G Racing Stables (Joe Alfredo Castillo),124,20/1,21.0,9.0,EVD-1,2026-06-05T22:33:41Z,10
EVD,Evangeline Downs,2026-06-06,1,22:33,Claiming 7f,Claiming,Dirt,7f,"$15,000",4,Jayjayjay,Hernandez Harry,Jeansonne Justin,10/1,False,Thoroughbred,tvg,https://api.tvg.com/cosmo/v1/graphql,2026-06-06T01:50:50.346836,1.0.0,Astrology,Debbie Ann,Posse,4,G,Riley Blanchet,124,5/1,6.0,11.0,EVD-1,2026-06-05T22:33:41Z,10
EVD,Evangeline Downs,2026-06-06,1,22:33,Claiming 7f,Claiming,Dirt,7f,"$15,000",5,About The Business,Santiago Edward,Zenon Charles,9/2,False,Thoroughbred,tvg,https://api.tvg.com/cosmo/v1/graphql,2026-06-06T01:50:50.346842,1.0.0,Bobby's Wicked One,Ritzy Lass,Old Forester,4,G,James Livings,124,24/1,25.0,5.5,EVD-1,2026-06-05T22:33:41Z,10
EVD,Evangeline Downs,2026-06-06,1,22:33,Claiming 7f,Claiming,Dirt,7f,"$15,000",6,Bellamy Brother,Javier Antonio Hernandez,Ramirez Rosa E,20/1,False,Thoroughbred,tvg,https://api.tvg.com/cosmo/v1/graphql,2026-06-06T01:50:50.346849,1.0.0,Takeover Target,Bellamy Roadster,Bellamy Road,6,G,Ramirez Racing (Rosa E. Ramirez),124,35/1,36.0,21.0,EVD-1,2026-06-05T22:33:41Z,10
EVD,Evangeline Downs,2026-06-06,1,22:33,Claiming 7f,Claiming,Dirt,7f,"$15,000",7,Seizethedaydude,Hernandez Colby J,Terre David,5/1,False,Thoroughbred,tvg,https://api.tvg.com/cosmo/v1/graphql,2026-06-06T01:50:50.346855,1.0.0,Carpe Diem,Sentimental Gal,More Than Ready,3,G,Picard Thoroughbreds Racing Stable LLC  (Dawn and Jeffery Picard),121,4/5,1.8,6.0,EVD-1,2026-06-05T22:33:41Z,10
EVD,Evangeline Downs,2026-06-06,1,22:33,Claiming 7f,Claiming,Dirt,7f,"$15,000",8,Wicked Punches,Perez Carlos,Breaux Samuel,7/2,False,Thoroughbred,tvg,https://api.tvg.com/cosmo/v1/graphql,2026-06-06T01:50:50.346860,1.0.0,Wicked Strong,Pinot Pals,Pulling Punches,5,G,Donald V. Umphries,124,22/1,23.0,4.5,EVD-1,2026-06-05T22:33:41Z,10
EVD,Evangeline Downs,2026-06-06,1,22:33,Claiming 7f,Claiming,Dirt,7f,"$15,000",9,A True Target,Mudd Jamison,"Patt, Jr. Roland",20/1,False,Thoroughbred,tvg,https://api.tvg.com/cosmo/v1/graphql,2026-06-06T01:50:50.346867,1.0.0,Takeover Target,A True Star,Yes It's True,5,G,Jason Rossyion,119,99/1,100.0,21.0,EVD-1,2026-06-05T22:33:41Z,10
EVD,Evangeline Downs,2026-06-06,1,22:33,Claiming 7f,Claiming,Dirt,7f,"$15,000",10,Tincan Cat,Nava-Marin Jose,Ramirez Rosa E,12/1,False,Thoroughbred,tvg,https://api.tvg.com/cosmo/v1/graphql,2026-06-06T01:50:50.346872,1.0.0,Mister Dance,Tincan Too,Barkerville,6,G,Erika N. Turrubiates Lopez,124,11/1,12.0,13.0,EVD-1,2026-06-05T22:33:41Z,10
EVD,Evangeline Downs,2026-06-06,2,23:00,Claiming 6f,Claiming,Dirt,6f,"$11,000",1,Stable Agent,Edward Santiago,Broussard Jarmondrick J,20/1,False,Thoroughbred,tvg,https://api.tvg.com/cosmo/v1/graphql,2026-06-06T01:50:50.346887,1.0.0,Bucchero,Renovation,Alternation,4,G,John R. Golden,124,94/1,95.0,21.0,EVD-2,2026-06-05T23:00:04Z,9
EVD,Evangeline Downs,2026-06-06,2,23:00,Claiming 6f,Claiming,Dirt,6f,"$11,000",2,Jamesy's Empire,"Ramirez, Jr. Julio",Brinkman Brett A,2/1,False,Thoroughbred,tvg,https://api.tvg.com/cosmo/v1/graphql,2026-06-06T01:50:50.346893,1.0.0,Union Rags,Tiptoe,Tiz Wonderful,4,G,Francis B. DeLuca,124,4/5,1.8,3.0,EVD-2,2026-06-05T23:00:04Z,9
EVD,Evangeline Downs,2026-06-06,2,23:00,Claiming 6f,Claiming,Dirt,6f,"$11,000",3,Rancho,Perez Carlos,Cano Juan M,4/1,False,Thoroughbred,tvg,https://api.tvg.com/cosmo/v1/graphql,2026-06-06T01:50:50.346899,1.0.0,Candy Ride (Arg),Miss Julia Star (Fr),Never On Sunday (Fr),4,G,Juan Munoz Cano,124,4/1,5.0,5.0,EVD-2,2026-06-05T23:00:04Z,9
EVD,Evangeline Downs,2026-06-06,2,23:00,Claiming 6f,Claiming,Dirt,6f,"$11,000",4,Jamaican Me,Hernandez Javier A,Govea Cesar,15/1,False,Thoroughbred,tvg,https://api.tvg.com/cosmo/v1/graphql,2026-06-06T01:50:50.346904,1.0.0,Orthodox,Great Movie,Silver Ghost,9,G,L and G Racing Stables (Joe Alfredo Castillo),116,86/1,87.0,16.0,EVD-2,2026-06-05T23:00:04Z,9
EVD,Evangeline Downs,2026-06-06,2,23:00,Claiming 6f,Claiming,Dirt,6f,"$11,000",5,U Rascal U,Nava-Marin Jose,"Zenon, Sr. Shelton J",20/1,False,Thoroughbred,tvg,https://api.tvg.com/cosmo/v1/graphql,2026-06-06T01:50:50.346909,1.0.0,Palace Malice,Limari,Medaglia D'oro,5,G,Ovidio Del Cid Orantes,124,18/1,19.0,21.0,EVD-2,2026-06-05T23:00:04Z,9
EVD,Evangeline Downs,2026-06-06,2,23:00,Claiming 6f,Claiming,Dirt,6f,"$11,000",6,Donegal Dreamer,Mudd Jamison,Noel Dane,5/2,False,Thoroughbred,tvg,https://api.tvg.com/cosmo/v1/graphql,2026-06-06T01:50:50.346915,1.0.0,Twirling Candy,Sunset Starlet,Malibu Moon,5,G,Donegal Racing (Gerald W. Crawford),119,13/1,14.0,3.5,EVD-2,2026-06-05T23:00:04Z,9
EVD,Evangeline Downs,2026-06-06,2,23:00,Claiming 6f,Claiming,Dirt,6f,"$11,000",7,The Big Ben,Roman Kevin,"Tillis, Jr. Jerry E",12/1,True,Thoroughbred,tvg,https://api.tvg.com/cosmo/v1/graphql,2026-06-06T01:50:50.346920,1.0.0,Jimmy Creed,Amazing Peyton,Unbridled's Song,3,G,Madel Consuelo Gonzalez,121,12/1,13.0,13.0,EVD-2,2026-06-05T23:00:04Z,9
EVD,Evangeline Downs,2026-06-06,2,23:00,Claiming 6f,Claiming,Dirt,6f,"$11,000",8,Louisiana Wildlife,Barrera Elio J,Alberto Antonio,10/1,False,Thoroughbred,tvg,https://api.tvg.com/cosmo/v1/graphql,2026-06-06T01:50:50.346926,1.0.0,Star Guitar,Wild About Marie,Wildcat Heir,5,G,Jason Lovern and Pamela Belk Lovern,121,4/1,5.0,11.0,EVD-2,2026-06-05T23:00:04Z,9
EVD,Evangeline Downs,2026-06-06,2,23:00,Claiming 6f,Claiming,Dirt,6f,"$11,000",9,Gypsy Squall,Pompell Thomas L,Thomas Lee,6/1,False,Thoroughbred,tvg,https://api.tvg.com/cosmo/v1/graphql,2026-06-06T01:50:50.346932,1.0.0,Apriority,Irish Gypsy,Hennessy,4,G,"Elite Thoroughbred Racing, LLC ( Michele Rodriguez )",121,7/1,8.0,7.0,EVD-2,2026-06-05T23:00:04Z,9
EVD,Evangeline Downs,2026-06-06,3,23:26,Claiming 6f,Claiming,Dirt,6f,"$11,500",1,Tough Love Torres,Hernandez Harry,Alberto Antonio,2/1,False,Thoroughbred,tvg,https://api.tvg.com/cosmo/v1/graphql,2026-06-06T01:50:50.346944,1.0.0,Kantharos,Moment Of Speight (Ire),Speightstown,5,M,Jason Lovern and Pamela Belk Lovern,122,2/5,1.4,3.0,EVD-3,2026-06-05T23:26:24Z,7
EVD,Evangeline Downs,2026-06-06,3,23:26,Claiming 6f,Claiming,Dirt,6f,"$11,500",2,Yuma's Shadow,Castillo Isaac,Wong Jonathan,5/2,False,Thoroughbred,tvg,https://api.tvg.com/cosmo/v1/graphql,2026-06-06T01:50:50.346949,1.0.0,Outwork,Nitta Yuma,Quality Road,5,M,10S Racing LLC (Mark R. Tichenor) and Brent Malmstrom,122,5/2,3.5,3.5,EVD-3,2026-06-05T23:26:24Z,7
EVD,Evangeline Downs,2026-06-06,3,23:26,Claiming 6f,Claiming,Dirt,6f,"$11,500",3,Takeittothehouse,Hernandez Javier A,Ramirez Eduardo,3/1,False,Thoroughbred,tvg,https://api.tvg.com/cosmo/v1/graphql,2026-06-06T01:50:50.346955,1.0.0,Country House,Touchdown Trojans,Shanghai Bobby,4,F,Sandy Badeaux,114,6/1,7.0,4.0,EVD-3,2026-06-05T23:26:24Z,7
EVD,Evangeline Downs,2026-06-06,3,23:26,Claiming 6f,Claiming,Dirt,6f,"$11,500",4,Goldzone,Barrera Elio J,Gonzalez Isai V,8/1,False,Thoroughbred,tvg,https://api.tvg.com/cosmo/v1/graphql,2026-06-06T01:50:50.346960,1.0.0,Goldencents,Tujuacagofast,Bwana Charlie,5,M,Dan Sears,119,21/1,22.0,9.0,EVD-3,2026-06-05T23:26:24Z,7
EVD,Evangeline Downs,2026-06-06,3,23:26,Claiming 6f,Claiming,Dirt,6f,"$11,500",5,Crawfish Burl,Melancon Jansen,Alberto Antonio,20/1,True,Thoroughbred,tvg,https://api.tvg.com/cosmo/v1/graphql,2026-06-06T01:50:50.346966,1.0.0,Clearly Now,Spartanburg,Sharp Humor,4,F,Jason Lovern and Pamela Belk Lovern,119,20/1,21.0,21.0,EVD-3,2026-06-05T23:26:24Z,7
EVD,Evangeline Downs,2026-06-06,3,23:26,Claiming 6f,Claiming,Dirt,6f,"$11,500",6,Lil Temptation,Nieves Emanuel,Quinones Raul,5/1,False,Thoroughbred,tvg,https://api.tvg.com/cosmo/v1/graphql,2026-06-06T01:50:50.346972,1.0.0,Enticed,Lil Bess,In Summation,5,M,"Adonai Quninones Stable, LLC (Raul Quinones)",122,22/1,23.0,6.0,EVD-3,2026-06-05T23:26:24Z,7
EVD,Evangeline Downs,2026-06-06,3,23:26,Claiming 6f,Claiming,Dirt,6f,"$11,500",7,Taken It,Devin H. Magnon,Chevis Vincent A,12/1,False,Thoroughbred,tvg,https://api.tvg.com/cosmo/v1/graphql,2026-06-06T01:50:50.346978,1.0.0,Mo Tom,Conspired,Zensational,6,M,John W. Soileau,119,82/1,83.0,13.0,EVD-3,2026-06-05T23:26:24Z,7
EVD,Evangeline Downs,2026-06-06,4,23:53,Claiming 8f,Claiming,Dirt,8f,"$10,000",1,B Minor,"Ramirez, Jr. Julio",Eschete Nason,15/1,False,Thoroughbred,tvg,https://api.tvg.com/cosmo/v1/graphql,2026-06-06T01:50:50.346994,1.0.0,Mendelssohn,Tocame Linda,Speightstown,6,G,Timothy Vincent,120,10/1,11.0,16.0,EVD-4,2026-06-05T23:53:40Z,14
EVD,Evangeline Downs,2026-06-06,4,23:53,Claiming 8f,Claiming,Dirt,8f,"$10,000",2,Uxmal,Castillo Isaac,Wong Jonathan,6/1,False,Thoroughbred,tvg,https://api.tvg.com/cosmo/v1/graphql,2026-06-06T01:50:50.347000,1.0.0,Exaggerator,Bonita,Bluegrass Cat,6,G,M and M Racing (Mike Sisk),122,7/2,4.5,7.0,EVD-4,2026-06-05T23:53:40Z,14
EVD,Evangeline Downs,2026-06-06,4,23:53,Claiming 8f,Claiming,Dirt,8f,"$10,000",3,Golden Glider,Barrera Elio J,Cano Juan M,2/1,False,Thoroughbred,tvg,https://api.tvg.com/cosmo/v1/graphql,2026-06-06T01:50:50.347006,1.0.0,Ghostzapper,Golden Scarf,Orientate,7,G,Juan Munoz Cano,120,3/5,1.6,3.0,EVD-4,2026-06-05T23:53:40Z,14
EVD,Evangeline Downs,2026-06-06,4,23:53,Claiming 8f,Claiming,Dirt,8f,"$10,000",4,Crimson Storm,Rodriguez Jose L,Mojica Edith A,20/1,False,Thoroughbred,tvg,https://api.tvg.com/cosmo/v1/graphql,2026-06-06T01:50:50.347011,1.0.0,Tamarkuz,Separate Storm,Stormy Atlantic,8,G,"Mojica Stables, Inc. (Edith Mojica and Alfredo Mojica)",120,64/1,65.0,21.0,EVD-4,2026-06-05T23:53:40Z,14
EVD,Evangeline Downs,2026-06-06,4,23:53,Claiming 8f,Claiming,Dirt,8f,"$10,000",5,Khozy My Boy,Hernandez Harry,Woodley Carl J,8/1,False,Thoroughbred,tvg,https://api.tvg.com/cosmo/v1/graphql,2026-06-06T01:50:50.347017,1.0.0,Khozan,Improvised,Dove Hunt,9,G,"Cowboys and Razorbacks Racing Stables, LLC (David Workman and Ellis Naifeh) and",120,5/1,6.0,9.0,EVD-4,2026-06-05T23:53:40Z,14
EVD,Evangeline Downs,2026-06-06,4,23:53,Claiming 8f,Claiming,Dirt,8f,"$10,000",6,Sophie's Painter,Perez Carlos,Larrosa Juan A,9/2,False,Thoroughbred,tvg,https://api.tvg.com/cosmo/v1/graphql,2026-06-06T01:50:50.347023,1.0.0,Klimt,Sophie Germain,Algorithms,4,G,"5 Star Racing, LLC (Martin Dischler, Cody Guidry, Mark Veillon, Frank Bergeron &",117,13/1,14.0,5.5,EVD-4,2026-06-05T23:53:40Z,14
EVD,Evangeline Downs,2026-06-06,4,23:53,Claiming 8f,Claiming,Dirt,8f,"$10,000",7,Seehoss,Vargas Juan P,Larrosa Juan A,12/1,False,Thoroughbred,tvg,https://api.tvg.com/cosmo/v1/graphql,2026-06-06T01:50:50.347028,1.0.0,Awesome Bet,Edacious Reality,Eddington,8,G,LJ Racing Stables LLC (Juan A. Larrosa),117,51/1,52.0,13.0,EVD-4,2026-06-05T23:53:40Z,14
EVD,Evangeline Downs,2026-06-06,4,23:53,Claiming 8f,Claiming,Dirt,8f,"$10,000",8,Birthday Party,Fusilier Casey,Fuselier Jonah,20/1,False,Thoroughbred,tvg,https://api.tvg.com/cosmo/v1/graphql,2026-06-06T01:50:50.347034,1.0.0,Bernardini,Birthday Bash,Medaglia D'oro,8,G,BTO Racing Stable (Dentzel D. Brown and Dennis D. Thibodeaux),120,35/1,36.0,21.0,EVD-4,2026-06-05T23:53:40Z,14
EVD,Evangeline Downs,2026-06-06,4,23:53,Claiming 8f,Claiming,Dirt,8f,"$10,000",9,Tappin Fora Dance,Pompell Thomas L,Romero Alvin,3/1,False,Thoroughbred,tvg,https://api.tvg.com/cosmo/v1/graphql,2026-06-06T01:50:50.347040,1.0.0,Tapiture,Silk Sails,Ocean Crest,9,G,Danny Bone,120,26/1,27.0,4.0,EVD-4,2026-06-05T23:53:40Z,14
EVD,Evangeline Downs,2026-06-06,4,23:53,Claiming 8f,Claiming,Dirt,8f,"$10,000",10,Pinedale,Nava-Marin Jose,Cano Juan M,20/1,True,Thoroughbred,tvg,https://api.tvg.com/cosmo/v1/graphql,2026-06-06T01:50:50.347046,1.0.0,Perfect Timber,Danish Wildcat,Danehill,7,G,Louisiana Rocks Racing Stable LLC (Mohammed T. Islam),120,20/1,21.0,21.0,EVD-4,2026-06-05T23:53:40Z,14
EVD,Evangeline Downs,2026-06-06,4,23:53,Claiming 8f,Claiming,Dirt,8f,"$10,000",11,Samurai's Grandson,Thornton Timothy,Ducoing Sturges J,15/1,False,Thoroughbred,tvg,https://api.tvg.com/cosmo/v1/graphql,2026-06-06T01:50:50.347051,1.0.0,Star Guitar,Elle Les Yu,First Samurai,6,G,Thomas Ajubita,117,99/1,100.0,16.0,EVD-4,2026-06-05T23:53:40Z,14
EVD,Evangeline Downs,2026-06-06,4,23:53,Claiming 8f,Claiming,Dirt,8f,"$10,000",12,Duvee,Thornton Timothy,"David, Jr. Sam B",8/1,True,Thoroughbred,tvg,https://api.tvg.com/cosmo/v1/graphql,2026-06-06T01:50:50.347057,1.0.0,Half Ours,Hot Tempo,Heatseeker (Ire),8,G,"Keith Hernandez, Earl Hernandez, Steve Landry and John Duvieilh",117,8/1,9.0,9.0,EVD-4,2026-06-05T23:53:40Z,14
EVD,Evangeline Downs,2026-06-06,4,23:53,Claiming 8f,Claiming,Dirt,8f,"$10,000",13,Saint Peter's Bay,Rodriguez Jose L,Gonzalez Isai V,8/1,True,Thoroughbred,tvg,https://api.tvg.com/cosmo/v1/graphql,2026-06-06T01:50:50.347062,1.0.0,Speightstown,Criminal Mischief,Into Mischief,5,G,Hiram J. Gonzalez,120,8/1,9.0,9.0,EVD-4,2026-06-05T23:53:40Z,14
EVD,Evangeline Downs,2026-06-06,4,23:53,Claiming 8f,Claiming,Dirt,8f,"$10,000",14,Smoothdini,Melancon Jansen,"Degeyter, Jr. Randy",10/1,True,Thoroughbred,tvg,https://api.tvg.com/cosmo/v1/graphql,2026-06-06T01:50:50.347067,1.0.0,Alternation,Ballitini,Bernardini,5,G,Lacey N. Artigue,120,10/1,11.0,11.0,EVD-4,2026-06-05T23:53:40Z,14
EVD,Evangeline Downs,2026-06-06,5,00:21,Claiming 8f,Claiming,Dirt,8f,"$19,000",1,Traitour,Barrera Elio J,Leonard Iii George,15/1,False,Thoroughbred,tvg,https://api.tvg.com/cosmo/v1/graphql,2026-06-06T01:50:50.347079,1.0.0,Malibu Moon,Lou Doctor Lou,Quiet American,4,G,George Leonard III,124,3/1,4.0,16.0,EVD-5,2026-06-06T00:21:50Z,9
EVD,Evangeline Downs,2026-06-06,5,00:21,Claiming 8f,Claiming,Dirt,8f,"$19,000",2,Interlude,Rodriguez Jose L,Mojica Edith A,8/1,False,Thoroughbred,tvg,https://api.tvg.com/cosmo/v1/graphql,2026-06-06T01:50:50.347085,1.0.0,Mendelssohn,Interrupted,Broken Vow,5,H,Redwood QH Racing LLC (Jose Barrientos),124,7/1,8.0,9.0,EVD-5,2026-06-06T00:21:50Z,9
EVD,Evangeline Downs,2026-06-06,5,00:21,Claiming 8f,Claiming,Dirt,8f,"$19,000",3,Bons Temps Roule,Perez Carlos,Larrosa Juan A,4/1,False,Thoroughbred,tvg,https://api.tvg.com/cosmo/v1/graphql,2026-06-06T01:50:50.347090,1.0.0,Clearly Now,Supreme Bean,Super Saver,5,G,Bankroll Racing Stables LLC (Jason S. Guidry and Juan A. Larrosa),121,7/2,4.5,5.0,EVD-5,2026-06-06T00:21:50Z,9
EVD,Evangeline Downs,2026-06-06,5,00:21,Claiming 8f,Claiming,Dirt,8f,"$19,000",4,Dixie Doctor,Hernandez Harry,Alberto Antonio,9/2,False,Thoroughbred,tvg,https://api.tvg.com/cosmo/v1/graphql,2026-06-06T01:50:50.347096,1.0.0,The Factor,Bound For Dixie,Unbridled's Song,4,G,Jason Lovern and Pamela Belk Lovern,124,4/1,5.0,5.5,EVD-5,2026-06-06T00:21:50Z,9
EVD,Evangeline Downs,2026-06-06,5,00:21,Claiming 8f,Claiming,Dirt,8f,"$19,000",5,Ready Shoes,Hernandez Colby J,Wilson Melton,10/1,False,Thoroughbred,tvg,https://api.tvg.com/cosmo/v1/graphql,2026-06-06T01:50:50.347103,1.0.0,Prom Shoes,More Than Crafty,More Than Ready,6,G,Byron Brockman,124,5/1,6.0,11.0,EVD-5,2026-06-06T00:21:50Z,9
EVD,Evangeline Downs,2026-06-06,5,00:21,Claiming 8f,Claiming,Dirt,8f,"$19,000",6,Chenti,Santiago Edward,Escobar Alison,6/1,False,Thoroughbred,tvg,https://api.tvg.com/cosmo/v1/graphql,2026-06-06T01:50:50.347109,1.0.0,War Front,Munasara,Bernardini,8,H,Lisa Pagan,124,52/1,53.0,7.0,EVD-5,2026-06-06T00:21:50Z,9
EVD,Evangeline Downs,2026-06-06,5,00:21,Claiming 8f,Claiming,Dirt,8f,"$19,000",7,Southscape,Castillo Isaac,Breaux Samuel,2/1,True,Thoroughbred,tvg,https://api.tvg.com/cosmo/v1/graphql,2026-06-06T01:50:50.347114,1.0.0,Apriority,On Her Terms,Mizzen Mast,5,G,Todd G. Citron,121,2/1,3.0,3.0,EVD-5,2026-06-06T00:21:50Z,9
EVD,Evangeline Downs,2026-06-06,5,00:21,Claiming 8f,Claiming,Dirt,8f,"$19,000",8,Primo Canary,Hernandez Javier A,Alberto Antonio,12/1,False,Thoroughbred,tvg,https://api.tvg.com/cosmo/v1/graphql,2026-06-06T01:50:50.347120,1.0.0,Vino Rosso,Canary Diamond,Alphabet Soup,4,G,"Scott Dickerman, Betty Kay Dickerman and Tanner Dickerman",119,7/2,4.5,13.0,EVD-5,2026-06-06T00:21:50Z,9
EVD,Evangeline Downs,2026-06-06,5,00:21,Claiming 8f,Claiming,Dirt,8f,"$19,000",9,Tango Mike Mike,Roman Kevin,Gonzalez Isai V,20/1,False,Thoroughbred,tvg,https://api.tvg.com/cosmo/v1/graphql,2026-06-06T01:50:50.347125,1.0.0,Enticed,Lady Rushmoore,Wild Rush,4,G,Rick L. Olson,124,24/1,25.0,21.0,EVD-5,2026-06-06T00:21:50Z,9
EVD,Evangeline Downs,2026-06-06,6,00:51,Allowance Optional Claiming 7f,Allowance Optional Claiming,Dirt,7f,"$34,000",1,Two Dollars,Mudd Jamison,Noel Dane,15/1,False,Thoroughbred,tvg,https://api.tvg.com/cosmo/v1/graphql,2026-06-06T01:50:50.347136,1.0.0,Volatile,Exclude (Gb),Include,4,G,Brooke Guidry,117,32/1,33.0,16.0,EVD-6,2026-06-06T00:51:44Z,7
EVD,Evangeline Downs,2026-06-06,6,00:51,Allowance Optional Claiming 7f,Allowance Optional Claiming,Dirt,7f,"$34,000",2,Sweet Fantasy,Melancon Jansen,Landry Allen,8/1,False,Thoroughbred,tvg,https://api.tvg.com/cosmo/v1/graphql,2026-06-06T01:50:50.347141,1.0.0,Cross Traffic,Sweet Jackie Jo,Stormy Atlantic,4,G,Hat Racing LLC (Henry Latiolais and Todd Stelly),122,7/1,8.0,9.0,EVD-6,2026-06-06T00:51:44Z,7
EVD,Evangeline Downs,2026-06-06,6,00:51,Allowance Optional Claiming 7f,Allowance Optional Claiming,Dirt,7f,"$34,000",3,Tickle Me Unclemo,Thornton Timothy,Duhon Joe O,9/2,True,Thoroughbred,tvg,https://api.tvg.com/cosmo/v1/graphql,2026-06-06T01:50:50.347147,1.0.0,Uncle Mo,Tickled Pink,Shackleford,5,G,Robert Joseph Salome and Dana Salome,124,9/2,5.5,5.5,EVD-6,2026-06-06T00:51:44Z,7
EVD,Evangeline Downs,2026-06-06,6,00:51,Allowance Optional Claiming 7f,Allowance Optional Claiming,Dirt,7f,"$34,000",4,Payne,Fusilier Casey,Landry Allen,5/2,False,Thoroughbred,tvg,https://api.tvg.com/cosmo/v1/graphql,2026-06-06T01:50:50.347152,1.0.0,Paynter,Vertical Vision,Pollard's Vision,11,G,"Foster Family Racing (Ron Foster), Darris J. Willams, Mackle Caves and Bobby Oli",122,3/1,4.0,3.5,EVD-6,2026-06-06T00:51:44Z,7
EVD,Evangeline Downs,2026-06-06,6,00:51,Allowance Optional Claiming 7f,Allowance Optional Claiming,Dirt,7f,"$34,000",5,Pineapple Willy,Mcmahon C.J.,"Journet, Jr. Albert",5/1,False,Thoroughbred,tvg,https://api.tvg.com/cosmo/v1/graphql,2026-06-06T01:50:50.347158,1.0.0,El Deal,Aife,Paddy O'prado,3,G,"Calais Trucking, LLC (Harold Jamel Calais)",116,16/1,17.0,6.0,EVD-6,2026-06-06T00:51:44Z,7
EVD,Evangeline Downs,2026-06-06,6,00:51,Allowance Optional Claiming 7f,Allowance Optional Claiming,Dirt,7f,"$34,000",6,Mazing Mark,"Ramirez, Jr. Julio",Briley Lonnie,12/1,False,Thoroughbred,tvg,https://api.tvg.com/cosmo/v1/graphql,2026-06-06T01:50:50.347165,1.0.0,Mo Town,Moon Meeting Too,Malibu Moon,6,G,"Norman Stables, LLC ( Robert A. Norman )",122,23/1,24.0,13.0,EVD-6,2026-06-06T00:51:44Z,7
EVD,Evangeline Downs,2026-06-06,6,00:51,Allowance Optional Claiming 7f,Allowance Optional Claiming,Dirt,7f,"$34,000",7,Lambo,Barrera Elio J,Cano Juan M,8/5,False,Thoroughbred,tvg,https://api.tvg.com/cosmo/v1/graphql,2026-06-06T01:50:50.347171,1.0.0,Uncle Mo,Sunshiny Day,Bernardini,5,H,Mary Anne Howard,122,2/5,1.4,2.6,EVD-6,2026-06-06T00:51:44Z,7
EVD,Evangeline Downs,2026-06-06,7,01:17,Maiden Special Weight 8f,Maiden Special Weight,Dirt,8f,"$40,000",1,Gem Sauce,Vargas Juan P,Breaux Samuel,5/1,False,Thoroughbred,tvg,https://api.tvg.com/cosmo/v1/graphql,2026-06-06T01:50:50.347182,1.0.0,Gemologist,Sauce,Great Divide,4,F,Teche Equine Stables LLC (Byron J. Decuir ),124,3/1,4.0,6.0,EVD-7,2026-06-06T01:17:07Z,8
EVD,Evangeline Downs,2026-06-06,7,01:17,Maiden Special Weight 8f,Maiden Special Weight,Dirt,8f,"$40,000",2,Metallic Maid,Hernandez Javier A,Mouton Chadwick J,15/1,False,Thoroughbred,tvg,https://api.tvg.com/cosmo/v1/graphql,2026-06-06T01:50:50.347187,1.0.0,Iron Fist,Maid For Mischief,Into Mischief,3,F,Sara Louise Fox,116,39/1,40.0,16.0,EVD-7,2026-06-06T01:17:07Z,8
EVD,Evangeline Downs,2026-06-06,7,01:17,Maiden Special Weight 8f,Maiden Special Weight,Dirt,8f,"$40,000",3,Mojane Metal,Castillo Isaac,Jeansonne Justin,3/1,False,Thoroughbred,tvg,https://api.tvg.com/cosmo/v1/graphql,2026-06-06T01:50:50.347193,1.0.0,Mo Tom,Titanium Jane,Harlan's Holiday,3,F,David Thomas Rogers,121,9/2,5.5,4.0,EVD-7,2026-06-06T01:17:07Z,8
EVD,Evangeline Downs,2026-06-06,7,01:17,Maiden Special Weight 8f,Maiden Special Weight,Dirt,8f,"$40,000",4,All Star Tout,Mcmahon C.J.,Calhoun W. B,4/1,False,Thoroughbred,tvg,https://api.tvg.com/cosmo/v1/graphql,2026-06-06T01:50:50.347198,1.0.0,Liam's Map,Charming Lady,Ghostzapper,4,F,Mansfield Racing (Landon Jordan),124,3/1,4.0,5.0,EVD-7,2026-06-06T01:17:07Z,8
EVD,Evangeline Downs,2026-06-06,7,01:17,Maiden Special Weight 8f,Maiden Special Weight,Dirt,8f,"$40,000",5,Restless Mind,Hernandez Harry,Wilson Shane,5/2,False,Thoroughbred,tvg,https://api.tvg.com/cosmo/v1/graphql,2026-06-06T01:50:50.347204,1.0.0,Star Guitar,Catoria,Wildcat Heir,3,F,Brittlyn Stable Inc. (Evelyn Benoit),121,7/2,4.5,3.5,EVD-7,2026-06-06T01:17:07Z,8
EVD,Evangeline Downs,2026-06-06,7,01:17,Maiden Special Weight 8f,Maiden Special Weight,Dirt,8f,"$40,000",6,Perfect Dixie Lady,Barrera Elio J,Duhon Joe O,10/1,True,Thoroughbred,tvg,https://api.tvg.com/cosmo/v1/graphql,2026-06-06T01:50:50.347210,1.0.0,Takeover Target,Perfect Southerner,Dixieland Band,4,F,Gretchen Oney,124,10/1,11.0,11.0,EVD-7,2026-06-06T01:17:07Z,8
EVD,Evangeline Downs,2026-06-06,7,01:17,Maiden Special Weight 8f,Maiden Special Weight,Dirt,8f,"$40,000",7,Mae's Majesty,Melancon Jansen,Alberto Antonio,6/1,False,Thoroughbred,tvg,https://api.tvg.com/cosmo/v1/graphql,2026-06-06T01:50:50.347215,1.0.0,Hard Aces,I'm Wild,Precocity,3,F,Scotty James Robin and Jamie Paul Robin,121,6/1,7.0,7.0,EVD-7,2026-06-06T01:17:07Z,8
EVD,Evangeline Downs,2026-06-06,7,01:17,Maiden Special Weight 8f,Maiden Special Weight,Dirt,8f,"$40,000",8,Eskenforave And Ak,Perez Carlos,Brinkman Brett A,12/1,False,Thoroughbred,tvg,https://api.tvg.com/cosmo/v1/graphql,2026-06-06T01:50:50.347442,1.0.0,Catalina Cruiser,Eskenformore,Eskendereya,4,F,"Sugarland Thoroughbreds LLC (Harvey A. Peltier, III and Linda T. Peltier)",124,4/1,5.0,13.0,EVD-7,2026-06-06T01:17:07Z,8
EVD,Evangeline Downs,2026-06-06,8,01:42,Allowance 8f,Allowance,Dirt,8f,"$41,000",1,Treasure Me,Melancon Jansen,Landry Allen,2/1,False,Thoroughbred,tvg,https://api.tvg.com/cosmo/v1/graphql,2026-06-06T01:50:50.347466,1.0.0,Midshipman,Treasured Up,Medaglia D'oro,3,F,"Jim Montgomery, Natalie Montgomery and Jay Adcock",119,9/5,2.8,3.0,EVD-8,2026-06-06T01:42:56Z,7
EVD,Evangeline Downs,2026-06-06,8,01:42,Allowance 8f,Allowance,Dirt,8f,"$41,000",2,Rileys Empire,Mcmahon C.J.,Breaux Samuel,5/1,False,Thoroughbred,tvg,https://api.tvg.com/cosmo/v1/graphql,2026-06-06T01:50:50.347473,1.0.0,Classic Empire,Rileys Monarch,Monarchos,4,F,"TK Riley Farms LLC (Todd M. Gachassin, and Kip A White) and Doug Ashy, Jr",122,5/2,3.5,6.0,EVD-8,2026-06-06T01:42:56Z,7
EVD,Evangeline Downs,2026-06-06,8,01:42,Allowance 8f,Allowance,Dirt,8f,"$41,000",3,Marlin Darlin,Hernandez Javier A,Flugence Henry,10/1,False,Thoroughbred,tvg,https://api.tvg.com/cosmo/v1/graphql,2026-06-06T01:50:50.347551,1.0.0,One Liner,Aljariah,Sahm,4,F,Shamika Zeno,117,64/1,65.0,11.0,EVD-8,2026-06-06T01:42:56Z,7
EVD,Evangeline Downs,2026-06-06,8,01:42,Allowance 8f,Allowance,Dirt,8f,"$41,000",4,Sweet Iron,Mudd Jamison,Dodson Clifford,12/1,False,Thoroughbred,tvg,https://api.tvg.com/cosmo/v1/graphql,2026-06-06T01:50:50.347586,1.0.0,Iron Fist,Sweet Summer Sun,Quiet American,5,M,Clifford Dodson,117,20/1,21.0,13.0,EVD-8,2026-06-06T01:42:56Z,7
EVD,Evangeline Downs,2026-06-06,8,01:42,Allowance 8f,Allowance,Dirt,8f,"$41,000",5,Factor Of Time,Thornton Timothy,Castille Carrol,5/2,False,Thoroughbred,tvg,https://api.tvg.com/cosmo/v1/graphql,2026-06-06T01:50:50.347598,1.0.0,The Factor,Sweet Dreams Diva,Rockport Harbor,4,F,"Whispering Oaks Farm, LLC (Carrol Castille)",122,2/1,3.0,3.5,EVD-8,2026-06-06T01:42:56Z,7
EVD,Evangeline Downs,2026-06-06,8,01:42,Allowance 8f,Allowance,Dirt,8f,"$41,000",6,Eve Of Eve,Hernandez Colby J,Arey Anthony,4/1,False,Thoroughbred,tvg,https://api.tvg.com/cosmo/v1/graphql,2026-06-06T01:50:50.347626,1.0.0,Spun To Run,Bella Medaglia,Medaglia D'oro,4,F,Geral Dewitt,122,5/1,6.0,5.0,EVD-8,2026-06-06T01:42:56Z,7
EVD,Evangeline Downs,2026-06-06,8,01:42,Allowance 8f,Allowance,Dirt,8f,"$41,000",7,Plum Wine,Barrera Elio J,"Johnson, Jr. Henry B",8/1,False,Thoroughbred,tvg,https://api.tvg.com/cosmo/v1/graphql,2026-06-06T01:50:50.347645,1.0.0,Race Day,Ms. Jean Elizabeth,Old Fashioned,5,M,"Henry B. Johnson, Jr. and Jose Gomez",122,16/1,17.0,9.0,EVD-8,2026-06-06T01:42:56Z,7
EVD,Evangeline Downs,2026-06-06,9,02:07,Maiden Claiming 6f,Maiden Claiming,Dirt,6f,"$10,000",1,La Boucane,Santiago Edward,Zenon Charles,20/1,False,Thoroughbred,tvg,https://api.tvg.com/cosmo/v1/graphql,2026-06-06T01:50:50.347695,1.0.0,Exaggerator,Sutton's Smile,Paddy O'prado,6,H,Ryde R Die Racing (Kizzy Willis),124,21/1,22.0,21.0,EVD-9,2026-06-06T02:07:00Z,13
EVD,Evangeline Downs,2026-06-06,9,02:07,Maiden Claiming 6f,Maiden Claiming,Dirt,6f,"$10,000",2,Big Roux,Ledet Theodrick,Romero Terry J,15/1,True,Thoroughbred,tvg,https://api.tvg.com/cosmo/v1/graphql,2026-06-06T01:50:50.347706,1.0.0,Nownownow,Dixie Valentine,Half Ours,4,G,Gloria Henry,121,15/1,16.0,16.0,EVD-9,2026-06-06T02:07:00Z,13
EVD,Evangeline Downs,2026-06-06,9,02:07,Maiden Claiming 6f,Maiden Claiming,Dirt,6f,"$10,000",3,Howiewin,Perez Carlos,Breaux Samuel,12/1,False,Thoroughbred,tvg,https://api.tvg.com/cosmo/v1/graphql,2026-06-06T01:50:50.347713,1.0.0,Whence,Livvyinthefastlane,Ballado's Devil,3,G,Ray Desloover,121,3/1,4.0,13.0,EVD-9,2026-06-06T02:07:00Z,13
EVD,Evangeline Downs,2026-06-06,9,02:07,Maiden Claiming 6f,Maiden Claiming,Dirt,6f,"$10,000",4,Roman Honor,Castillo Isaac,Pomier Chasey D,10/1,False,Thoroughbred,tvg,https://api.tvg.com/cosmo/v1/graphql,2026-06-06T01:50:50.347724,1.0.0,Honor Code,Castellani,Quality Road,3,C,"Jarvis Racing Stable, LLC (Ronnie W. Jarvis)",121,15/1,16.0,11.0,EVD-9,2026-06-06T02:07:00Z,13
EVD,Evangeline Downs,2026-06-06,9,02:07,Maiden Claiming 6f,Maiden Claiming,Dirt,6f,"$10,000",5,Campanario,"Ramirez, Jr. Julio",Sanchez Juan C,6/1,False,Thoroughbred,tvg,https://api.tvg.com/cosmo/v1/graphql,2026-06-06T01:50:50.347730,1.0.0,Cairo Prince,Apple Down Under,Lonhro (Aus),3,G,Juan C. Sanchez,121,7/1,8.0,7.0,EVD-9,2026-06-06T02:07:00Z,13
EVD,Evangeline Downs,2026-06-06,9,02:07,Maiden Claiming 6f,Maiden Claiming,Dirt,6f,"$10,000",6,Gloryland Band,Misael Alvarez,Dison Phillip M,20/1,False,Thoroughbred,tvg,https://api.tvg.com/cosmo/v1/graphql,2026-06-06T01:50:50.347736,1.0.0,Call Me George,Judy,Aldebaran,4,G,Crystal Dawn Dison,124,18/1,19.0,21.0,EVD-9,2026-06-06T02:07:00Z,13
EVD,Evangeline Downs,2026-06-06,9,02:07,Maiden Claiming 6f,Maiden Claiming,Dirt,6f,"$10,000",7,Youcandoitboy,Hernandez Javier A,Klanfer Alan,15/1,False,Thoroughbred,tvg,https://api.tvg.com/cosmo/v1/graphql,2026-06-06T01:50:50.347749,1.0.0,Joevia,Untruthful Sonnet,Broken Vow,3,C,Wilzer Mendez,116,7/1,8.0,16.0,EVD-9,2026-06-06T02:07:00Z,13
EVD,Evangeline Downs,2026-06-06,9,02:07,Maiden Claiming 6f,Maiden Claiming,Dirt,6f,"$10,000",8,King Jules,Barrera Elio J,Mojica Edith A,12/1,False,Thoroughbred,tvg,https://api.tvg.com/cosmo/v1/graphql,2026-06-06T01:50:50.347754,1.0.0,Ocean Knight,Cajun Martini,Notional,3,G,Louisiana Rocks Racing Stable LLC (Mohammed T. Islam),118,7/1,8.0,13.0,EVD-9,2026-06-06T02:07:00Z,13
EVD,Evangeline Downs,2026-06-06,9,02:07,Maiden Claiming 6f,Maiden Claiming,Dirt,6f,"$10,000",9,Sherkhan,Arana Kelvin,Gelner Scott,4/1,False,Thoroughbred,tvg,https://api.tvg.com/cosmo/v1/graphql,2026-06-06T01:50:50.347761,1.0.0,Mucho Macho Man,Chaparella,Service Stripe,3,G,Naukabena Farms LLC (Sandeep Patel),116,14/1,15.0,5.0,EVD-9,2026-06-06T02:07:00Z,13
EVD,Evangeline Downs,2026-06-06,9,02:07,Maiden Claiming 6f,Maiden Claiming,Dirt,6f,"$10,000",10,Zong's To Blame,Alvarez Misael,Dison Phillip M,20/1,True,Thoroughbred,tvg,https://api.tvg.com/cosmo/v1/graphql,2026-06-06T01:50:50.347767,1.0.0,Zong,Ruby's To Blame,Blame,4,G,"Indian Creek Thoroughbred Farm, LLC (Phillip Mark Dison)",119,20/1,21.0,21.0,EVD-9,2026-06-06T02:07:00Z,13
EVD,Evangeline Downs,2026-06-06,9,02:07,Maiden Claiming 6f,Maiden Claiming,Dirt,6f,"$10,000",11,All Honors,Rodriguez Jose L,Gonzalez Isai V,9/2,False,Thoroughbred,tvg,https://api.tvg.com/cosmo/v1/graphql,2026-06-06T01:50:50.347774,1.0.0,Honor A. P.,Tabarin,El Prado (Ire),3,G,E and G Stable LLC (Evenlyn J Sanchez),121,6/1,7.0,5.5,EVD-9,2026-06-06T02:07:00Z,13
EVD,Evangeline Downs,2026-06-06,9,02:07,Maiden Claiming 6f,Maiden Claiming,Dirt,6f,"$10,000",12,Arnie,Hernandez Harry,Jeansonne Justin,5/2,False,Thoroughbred,tvg,https://api.tvg.com/cosmo/v1/graphql,2026-06-06T01:50:50.347780,1.0.0,City Of Light,Youcan'tcatchme,The Daddy,5,G,Charles Kevin Warner,124,5/2,3.5,3.5,EVD-9,2026-06-06T02:07:00Z,13
EVD,Evangeline Downs,2026-06-06,9,02:07,Maiden Claiming 6f,Maiden Claiming,Dirt,6f,"$10,000",13,Zavioro,Nava-Marin Jose,"Patt, Jr. Roland",20/1,True,Thoroughbred,tvg,https://api.tvg.com/cosmo/v1/graphql,2026-06-06T01:50:50.347787,1.0.0,Zong,Avalanche Girl,Bernstein,4,C,Blakeston Noel,124,20/1,21.0,21.0,EVD-9,2026-06-06T02:07:00Z,13
HOO,Hoosier Park,2026-06-06,1,21:44,Pace 1m,Pace,Dirt,1m,"$22,000",1,Sanday A,"Bender, Atlee","Kay, John",8/1,False,Harness,tvg,https://api.tvg.com/cosmo/v1/graphql,2026-06-06T01:50:50.354196,1.0.0,Western Terror,Ezee Duzit Lombo,Million To One,10,G,"Castaldo Racing Stable,Addison,IL",0,38/1,39.0,9.0,HOO-1,2026-06-05T21:44:32Z,7
HOO,Hoosier Park,2026-06-06,1,21:44,Pace 1m,Pace,Dirt,1m,"$22,000",2,Shooting In Place,"Ross, Jordan","Quevedo, Luis",10/1,False,Harness,tvg,https://api.tvg.com/cosmo/v1/graphql,2026-06-06T01:50:50.354214,1.0.0,Straight Shooting,Helen's Place Girl,Park Place,5,G,"John E Barnard,Miami,FL",0,39/1,40.0,11.0,HOO-1,2026-06-05T21:44:32Z,7
HOO,Hoosier Park,2026-06-06,1,21:44,Pace 1m,Pace,Dirt,1m,"$22,000",3,Rip Wheeler,"Bates, Brandon","Haynes, Walter",7/1,False,Harness,tvg,https://api.tvg.com/cosmo/v1/graphql,2026-06-06T01:50:50.354220,1.0.0,Rockin Image,Novascotia Hanover,Somebeachsomewhere,7,G,"Jeff Fought Rcg,E Brnstdt,KY;B Cars",0,9/1,10.0,8.0,HOO-1,2026-06-05T21:44:32Z,7
HOO,Hoosier Park,2026-06-06,1,21:44,Pace 1m,Pace,Dirt,1m,"$22,000",4,Fox Valley Kodiak,"Wilfong, Kyle","Willis, Nelson",8/1,False,Harness,tvg,https://api.tvg.com/cosmo/v1/graphql,2026-06-06T01:50:50.354226,1.0.0,Time To Roll,Palen Power,Art's Conquest,5,G,"Nelson Willis,Beecher,IL;Donna Kaye",0,17/1,18.0,9.0,HOO-1,2026-06-05T21:44:32Z,7
HOO,Hoosier Park,2026-06-06,1,21:44,Pace 1m,Pace,Dirt,1m,"$22,000",5,Golden Bay N,"Tetrick, Trace","George, Tyler",3/1,False,Harness,tvg,https://api.tvg.com/cosmo/v1/graphql,2026-06-06T01:50:50.354234,1.0.0,Downbytheseaside,Hug Me Squeeze Me,Real Desire,7,G,"Castaldo Racing Stable,Addison,IL;T",0,4/5,1.8,4.0,HOO-1,2026-06-05T21:44:32Z,7
HOO,Hoosier Park,2026-06-06,1,21:44,Pace 1m,Pace,Dirt,1m,"$22,000",6,Coach Stefanos,"Miller, Marcus","Miller, Erv",3/1,False,Harness,tvg,https://api.tvg.com/cosmo/v1/graphql,2026-06-06T01:50:50.354239,1.0.0,Tellitlikeitis,Watch N Be Watched,Rocknroll Hanover,6,G,"K W Duffy,Orland Pk,IL;D& M Trading",0,5/2,3.5,4.0,HOO-1,2026-06-05T21:44:32Z,7
HOO,Hoosier Park,2026-06-06,1,21:44,Pace 1m,Pace,Dirt,1m,"$22,000",7,M-M-S Bud,"De Long, John","Miller, Alvin",5/2,False,Harness,tvg,https://api.tvg.com/cosmo/v1/graphql,2026-06-06T01:50:50.354246,1.0.0,Tellitlikeitis,Climate Hanover,Western Ideal,5,G,"Ted D Comerford,Peru,IN;Alvin R Mil",0,5/2,3.5,3.5,HOO-1,2026-06-05T21:44:32Z,7
HOO,Hoosier Park,2026-06-06,2,22:15,Pace 1m,Pace,Dirt,1m,"$13,500",1,Backstreet Gambler,"Husted, Kyle","Husted, Amy",15/1,False,Harness,tvg,https://api.tvg.com/cosmo/v1/graphql,2026-06-06T01:50:50.354264,1.0.0,Betting Line,Backstreet Sweetie,Dragon Again,8,G,"Husted Racing LLC,Altamont,IL;John",0,48/1,49.0,16.0,HOO-2,2026-06-05T22:15:34Z,8
HOO,Hoosier Park,2026-06-06,2,22:15,Pace 1m,Pace,Dirt,1m,"$13,500",2,Always-A-Laser,"Miller, Marcus","Stewart, Charl",7/1,False,Harness,tvg,https://api.tvg.com/cosmo/v1/graphql,2026-06-06T01:50:50.354270,1.0.0,Always A Virgin,Lindwood Rosa,The Panderosa,7,G,"Caldwell Mamie Racing LLC,Bellaire,",0,1/1,2.0,8.0,HOO-2,2026-06-05T22:15:34Z,8
HOO,Hoosier Park,2026-06-06,2,22:15,Pace 1m,Pace,Dirt,1m,"$13,500",3,Crown Hanover,"Wilfong, Kyle","Bellamy, Ryan",6/1,False,Harness,tvg,https://api.tvg.com/cosmo/v1/graphql,2026-06-06T01:50:50.354275,1.0.0,Jk Endofanera,Calgary Hanover,Western Ideal,6,G,"William A Hartt,Carmel,ME",0,7/1,8.0,7.0,HOO-2,2026-06-05T22:15:34Z,8
HOO,Hoosier Park,2026-06-06,2,22:15,Pace 1m,Pace,Dirt,1m,"$13,500",4,Fade To Light,"Ross, Jordan","Smith, Dee",5/2,False,Harness,tvg,https://api.tvg.com/cosmo/v1/graphql,2026-06-06T01:50:50.354280,1.0.0,Bettor's Delight,Fade,Shadow Play,6,G,"Perry W Smith,Crete,IL",0,2/1,3.0,3.5,HOO-2,2026-06-05T22:15:34Z,8
HOO,Hoosier Park,2026-06-06,2,22:15,Pace 1m,Pace,Dirt,1m,"$13,500",5,Anotherstatement A,"De Long, John","Stewart, Charl",6/1,False,Harness,tvg,https://api.tvg.com/cosmo/v1/graphql,2026-06-06T01:50:50.354285,1.0.0,Bettor's Delight,Elle M Aye,Christian Cullen,10,G,"Caldwell Mamie Racing LLC,Bellaire,",0,7/1,8.0,7.0,HOO-2,2026-06-05T22:15:34Z,8
HOO,Hoosier Park,2026-06-06,2,22:15,Pace 1m,Pace,Dirt,1m,"$13,500",6,Odds On Alpha Male,"Seekman, Travi","Groen, Chuck",7/1,False,Harness,tvg,https://api.tvg.com/cosmo/v1/graphql,2026-06-06T01:50:50.354292,1.0.0,Odds On Equuleus,Wildflower Hanover,Western Ideal,7,G,"Lucky Label Stable LLC,Grove City,O",0,63/1,64.0,8.0,HOO-2,2026-06-05T22:15:34Z,8
HOO,Hoosier Park,2026-06-06,2,22:15,Pace 1m,Pace,Dirt,1m,"$13,500",7,Tickertape Hanover,"Tetrick, Trace","Leonard, Ross",3/1,False,Harness,tvg,https://api.tvg.com/cosmo/v1/graphql,2026-06-06T01:50:50.354297,1.0.0,Huntsville,Time Saver Hanover,Well Said,6,G,"Redracer LLC,Arcanum,OH;Redline Rac",0,5/1,6.0,4.0,HOO-2,2026-06-05T22:15:34Z,8
HOO,Hoosier Park,2026-06-06,2,22:15,Pace 1m,Pace,Dirt,1m,"$13,500",8,Big Skewy N,"Miller, Lewayn","Herrera, Hecto",7/1,False,Harness,tvg,https://api.tvg.com/cosmo/v1/graphql,2026-06-06T01:50:50.354303,1.0.0,Sportswriter,Serenas Whisper,Mach Three,9,G,"Garcia Power Inc,Crete,IL",0,48/1,49.0,8.0,HOO-2,2026-06-05T22:15:34Z,8
HOO,Hoosier Park,2026-06-06,3,22:41,Pace 1m,Pace,Dirt,1m,"$16,000",1,Ponda Ferarri,"Bender, Atlee","Cullipher, Jef",9/1,False,Harness,tvg,https://api.tvg.com/cosmo/v1/graphql,2026-06-06T01:50:50.354314,1.0.0,Jk Endofanera,Sweetnsinful,American Ideal,4,G,"Pollack Racing LLC,Venetia,PA;Jeffr",0,15/1,16.0,10.0,HOO-3,2026-06-05T22:41:09Z,9
HOO,Hoosier Park,2026-06-06,3,22:41,Pace 1m,Pace,Dirt,1m,"$16,000",2,General Dolan,"Tetrick, Trace","George, Tyler",12/1,False,Harness,tvg,https://api.tvg.com/cosmo/v1/graphql,2026-06-06T01:50:50.354320,1.0.0,Rockin Image,Townes Party Girl,Ideal Towne,11,G,"John A Esposito,Evergreen Park,IL;R",0,27/1,28.0,13.0,HOO-3,2026-06-05T22:41:09Z,9
HOO,Hoosier Park,2026-06-06,3,22:41,Pace 1m,Pace,Dirt,1m,"$16,000",3,Chandler Bing,"Cross, Jay","Miller, Alvin",5/1,False,Harness,tvg,https://api.tvg.com/cosmo/v1/graphql,2026-06-06T01:50:50.354325,1.0.0,Tellitlikeitis,Northern Beauty,Sportswriter,4,G,"Alvin R Miller,Bunker Hill,IN;Twila",0,6/1,7.0,6.0,HOO-3,2026-06-05T22:41:09Z,9
HOO,Hoosier Park,2026-06-06,3,22:41,Pace 1m,Pace,Dirt,1m,"$16,000",4,Yourwishisgranted,"Lambright, Kev","Rheinheimer, M",6/1,False,Harness,tvg,https://api.tvg.com/cosmo/v1/graphql,2026-06-06T01:50:50.354420,1.0.0,Jk Endofanera,Onawish Hanover,The Panderosa,7,G,"Ruby M Huggins,Wolcottville,IN",0,4/1,5.0,7.0,HOO-3,2026-06-05T22:41:09Z,9
HOO,Hoosier Park,2026-06-06,3,22:41,Pace 1m,Pace,Dirt,1m,"$16,000",5,Tellmeaboutit,"De Long, John","Miller, Alvin",7/2,False,Harness,tvg,https://api.tvg.com/cosmo/v1/graphql,2026-06-06T01:50:50.354463,1.0.0,Tellitlikeitis,Portia Blue Chip,Bettor's Delight,10,G,"Twila A Harts,Amboy,IN;Alvin R Mill",0,6/5,2.2,4.5,HOO-3,2026-06-05T22:41:09Z,9
HOO,Hoosier Park,2026-06-06,3,22:41,Pace 1m,Pace,Dirt,1m,"$16,000",6,Gorgeous Big Guy,"Miller, Marcus","Burke, Ron",3/1,False,Harness,tvg,https://api.tvg.com/cosmo/v1/graphql,2026-06-06T01:50:50.354476,1.0.0,Ashlee's Big Guy,Gorgeous Ranger,Palone Ranger,5,G,"Burke Racing Stable LLC,Frederickto",0,7/2,4.5,4.0,HOO-3,2026-06-05T22:41:09Z,9
HOO,Hoosier Park,2026-06-06,3,22:41,Pace 1m,Pace,Dirt,1m,"$16,000",7,Premier Romeo,"Wilfong, Kyle","Smith, Dee",20/1,False,Harness,tvg,https://api.tvg.com/cosmo/v1/graphql,2026-06-06T01:50:50.354485,1.0.0,Rockin Image,Kaitlyn Akeeper,American Ideal,5,G,"Perry W Smith,Crete,IL",0,64/1,65.0,21.0,HOO-3,2026-06-05T22:41:09Z,9
HOO,Hoosier Park,2026-06-06,3,22:41,Pace 1m,Pace,Dirt,1m,"$16,000",8,Steely Knife,"Seekman, Travi","Wilson, Timoth",9/1,False,Harness,tvg,https://api.tvg.com/cosmo/v1/graphql,2026-06-06T01:50:50.354495,1.0.0,Always B Miki,Cuts Like A Knife,A Rocknroll Dance,5,G,"Wilson Racing Stable Inc,Martinsvil",0,43/1,44.0,10.0,HOO-3,2026-06-05T22:41:09Z,9
HOO,Hoosier Park,2026-06-06,3,22:41,Pace 1m,Pace,Dirt,1m,"$16,000",9,Ardens Ace N,"Miller, Lewayn","Miller, Lewayn",6/1,False,Harness,tvg,https://api.tvg.com/cosmo/v1/graphql,2026-06-06T01:50:50.354505,1.0.0,Art Major,Venus Serena,Mach Three,9,G,"Kap Singh Rcg Stb,Yorktown Hgts,NY;",0,8/1,9.0,7.0,HOO-3,2026-06-05T22:41:09Z,9
HOO,Hoosier Park,2026-06-06,4,22:59,Pace 1m,Pace,Dirt,1m,"$8,000",1,Class Factor,"Miller, Lewayn","Essig, Melissa",10/1,False,Harness,tvg,https://api.tvg.com/cosmo/v1/graphql,2026-06-06T01:50:50.354556,1.0.0,Rockin Image,Double Dog Dare Ya,Cole Muffler,4,G,"Padjen Associates,Cincinnati,OH",0,86/1,87.0,11.0,HOO-4,2026-06-05T22:59:36Z,7
HOO,Hoosier Park,2026-06-06,4,22:59,Pace 1m,Pace,Dirt,1m,"$8,000",2,Quixote,"Bates, Brandon","Haynes, Walter",7/1,False,Harness,tvg,https://api.tvg.com/cosmo/v1/graphql,2026-06-06T01:50:50.354566,1.0.0,Captaintreacherous,Love Canal,Badlands Hanover,6,G,"Mike S Brink,Springfield,IL;Jeffrey",0,23/1,24.0,8.0,HOO-4,2026-06-05T22:59:36Z,7
HOO,Hoosier Park,2026-06-06,4,22:59,Pace 1m,Pace,Dirt,1m,"$8,000",3,Major Attribute,"Seekman, Travi","Seekman, Desir",7/1,False,Harness,tvg,https://api.tvg.com/cosmo/v1/graphql,2026-06-06T01:50:50.354575,1.0.0,Fred And Ginger,Final Attribute,Final Cheers,11,G,"Michael J Letton,Custer Park,IL",0,25/1,26.0,8.0,HOO-4,2026-06-05T22:59:36Z,7
HOO,Hoosier Park,2026-06-06,4,22:59,Pace 1m,Pace,Dirt,1m,"$8,000",4,Play Me Rock,"De Long, John","Smith, Dee",5/2,False,Harness,tvg,https://api.tvg.com/cosmo/v1/graphql,2026-06-06T01:50:50.354584,1.0.0,Rockin Image,Play Good,Shadow Play,8,G,"Perry W Smith,Crete,IL",0,1/2,1.5,3.5,HOO-4,2026-06-05T22:59:36Z,7
HOO,Hoosier Park,2026-06-06,4,22:59,Pace 1m,Pace,Dirt,1m,"$8,000",5,American Classic,"Miller, Marcus","Burke, Ron",3/1,False,Harness,tvg,https://api.tvg.com/cosmo/v1/graphql,2026-06-06T01:50:50.354594,1.0.0,American Ideal,Tori Hanover,Somebeachsomewhere,7,G,"Burke Racing Stable LLC,Frederickto",0,4/1,5.0,4.0,HOO-4,2026-06-05T22:59:36Z,7
HOO,Hoosier Park,2026-06-06,4,22:59,Pace 1m,Pace,Dirt,1m,"$8,000",6,Dancin Lance,"Pacheco, Crist","Pacheco, Crist",20/1,False,Harness,tvg,https://api.tvg.com/cosmo/v1/graphql,2026-06-06T01:50:50.354604,1.0.0,Always A Virgin,Happy Tears,Dr Drew,10,G,"Cristian & Christopher J Pacheco,An",0,58/1,59.0,21.0,HOO-4,2026-06-05T22:59:36Z,7
HOO,Hoosier Park,2026-06-06,4,22:59,Pace 1m,Pace,Dirt,1m,"$8,000",7,Rolling Image,"Tetrick, Trace","George, Tyler",2/1,False,Harness,tvg,https://api.tvg.com/cosmo/v1/graphql,2026-06-06T01:50:50.354615,1.0.0,Rockin Image,Rolling Delight,Bettor's Delight,5,G,"J Esposito,Evrgrn Pk,IL;R Esposito,",0,2/1,3.0,3.0,HOO-4,2026-06-05T22:59:36Z,7
HOO,Hoosier Park,2026-06-06,5,23:22,Pace 1m,Pace,Dirt,1m,"$10,000",1,Amazon,"Melloy, Pat Jr","Melloy, Pat Jr",20/1,False,Harness,tvg,https://api.tvg.com/cosmo/v1/graphql,2026-06-06T01:50:50.354645,1.0.0,Somebeachsomewhere,Tug River Princess,Badlands Hanover,9,G,"Patrick M Melloy Jr,Eaton,OH;Lisa M",0,58/1,59.0,21.0,HOO-5,2026-06-05T23:22:18Z,9
HOO,Hoosier Park,2026-06-06,5,23:22,Pace 1m,Pace,Dirt,1m,"$10,000",2,Brake Ahead,"Lambright, Kev","Rucker, Ken",9/1,False,Harness,tvg,https://api.tvg.com/cosmo/v1/graphql,2026-06-06T01:50:50.354655,1.0.0,Nob Hill High,Got No Brakes,Artsplace,6,G,"Sandy Drew,Muncie,IN",0,34/1,35.0,10.0,HOO-5,2026-06-05T23:22:18Z,9
HOO,Hoosier Park,2026-06-06,5,23:22,Pace 1m,Pace,Dirt,1m,"$10,000",3,Mr Ds Rock,"De Long, John","Stewart, Charl",4/1,False,Harness,tvg,https://api.tvg.com/cosmo/v1/graphql,2026-06-06T01:50:50.354665,1.0.0,Pet Rock,Cotton Candy,Sportsmaster,9,G,"Angela Nicole Stewart,Muncie,IN",0,6/1,7.0,5.0,HOO-5,2026-06-05T23:22:18Z,9
HOO,Hoosier Park,2026-06-06,5,23:22,Pace 1m,Pace,Dirt,1m,"$10,000",4,Classifiedmaterial,"Wilfong, Kyle","Dillon, Britne",7/2,False,Harness,tvg,https://api.tvg.com/cosmo/v1/graphql,2026-06-06T01:50:50.354675,1.0.0,Bettor's Delight,L A Confidential,Ponder,10,G,"Britney L Dillon,Greenville,MI",0,6/1,7.0,4.5,HOO-5,2026-06-05T23:22:18Z,9
HOO,Hoosier Park,2026-06-06,5,23:22,Pace 1m,Pace,Dirt,1m,"$10,000",5,Mayhem Hanover,"Bender, Atlee","Cullipher, Jef",9/2,False,Harness,tvg,https://api.tvg.com/cosmo/v1/graphql,2026-06-06T01:50:50.354686,1.0.0,Sportswriter,Musicale Hanover,Rocknroll Hanover,9,G,"Pollack Racing LLC,Venetia,PA;Jeffr",0,7/1,8.0,5.5,HOO-5,2026-06-05T23:22:18Z,9
HOO,Hoosier Park,2026-06-06,5,23:22,Pace 1m,Pace,Dirt,1m,"$10,000",6,Sectionlinetwister,"Husted, Kyle","Coleman, Neil",20/1,False,Harness,tvg,https://api.tvg.com/cosmo/v1/graphql,2026-06-06T01:50:50.354695,1.0.0,Well Said,Sectionline Aqua,Major In Art,8,G,"Stan P Sheputis,Romeoville,IL",0,62/1,63.0,21.0,HOO-5,2026-06-05T23:22:18Z,9
HOO,Hoosier Park,2026-06-06,5,23:22,Pace 1m,Pace,Dirt,1m,"$10,000",7,Codys Watching,"Tetrick, Trace","George, Tyler",5/2,False,Harness,tvg,https://api.tvg.com/cosmo/v1/graphql,2026-06-06T01:50:50.354704,1.0.0,He's Watching,Shellyssilvermoon,Mach Three,8,G,"T G Stable LLC,Anderson,IN",0,3/5,1.6,3.5,HOO-5,2026-06-05T23:22:18Z,9
HOO,Hoosier Park,2026-06-06,5,23:22,Pace 1m,Pace,Dirt,1m,"$10,000",8,Dreamfair Arnie B,"Bates, Brandon","Miller, Luke",8/1,False,Harness,tvg,https://api.tvg.com/cosmo/v1/graphql,2026-06-06T01:50:50.354714,1.0.0,Sportswriter,Dreamfair Eternal,Camluck,7,H,"Luke D Miller,Middlebury,IN",0,5/1,6.0,9.0,HOO-5,2026-06-05T23:22:18Z,9
HOO,Hoosier Park,2026-06-06,5,23:22,Pace 1m,Pace,Dirt,1m,"$10,000",9,Revelry,"Stewart, Corda",Stevens-Clemon,20/1,False,Harness,tvg,https://api.tvg.com/cosmo/v1/graphql,2026-06-06T01:50:50.354723,1.0.0,Captaintreacherous,Platinum Hanover,Western Ideal,10,G,"Jackson M Loy,Beecher City,IL",0,39/1,40.0,21.0,HOO-5,2026-06-05T23:22:18Z,9
HOO,Hoosier Park,2026-06-06,6,23:49,Pace 1m,Pace,Dirt,1m,"$15,000",1,Gullfaxi,"De Long, John","Stewart, Charl",5/2,False,Harness,tvg,https://api.tvg.com/cosmo/v1/graphql,2026-06-06T01:50:50.354739,1.0.0,Rockin Image,Jamie Sue,Art Major,7,G,"Caldwell Mamie Racing LLC,Bellaire,",0,3/1,4.0,3.5,HOO-6,2026-06-05T23:49:02Z,6
HOO,Hoosier Park,2026-06-06,6,23:49,Pace 1m,Pace,Dirt,1m,"$15,000",2,On Time Ted,"Tetrick, Trace","George, Tyler",7/1,False,Harness,tvg,https://api.tvg.com/cosmo/v1/graphql,2026-06-06T01:50:50.354747,1.0.0,Lost In Time,Angel From Above,Bettor's Delight,5,G,"Jeffrey R Eckburg,Rockford,IL",0,12/1,13.0,8.0,HOO-6,2026-06-05T23:49:02Z,6
HOO,Hoosier Park,2026-06-06,6,23:49,Pace 1m,Pace,Dirt,1m,"$15,000",3,Ponda Executive,"Miller, Lewayn","Smith, Dee",6/1,False,Harness,tvg,https://api.tvg.com/cosmo/v1/graphql,2026-06-06T01:50:50.354755,1.0.0,Check Six,Sweetnsinful,American Ideal,6,G,"Perry W Smith,Crete,IL",0,16/1,17.0,7.0,HOO-6,2026-06-05T23:49:02Z,6
HOO,Hoosier Park,2026-06-06,6,23:49,Pace 1m,Pace,Dirt,1m,"$15,000",4,Captain Taylor,"Wilfong, Kyle","Rucker, Ken",7/2,False,Harness,tvg,https://api.tvg.com/cosmo/v1/graphql,2026-06-06T01:50:50.354763,1.0.0,Captaintreacherous,Higher And Higher,Western Terror,6,G,"J Penrod,Fx Rvr Grv,IL;J Freeman,An",0,2/1,3.0,4.5,HOO-6,2026-06-05T23:49:02Z,6
HOO,Hoosier Park,2026-06-06,6,23:49,Pace 1m,Pace,Dirt,1m,"$15,000",5,Leave It To Leo,"Miller, Marcus","Davis, Dylan",3/1,False,Harness,tvg,https://api.tvg.com/cosmo/v1/graphql,2026-06-06T01:50:50.354772,1.0.0,Bettor's Delight,Sunshine Patriot,Dragon Again,6,G,"Stephen R Messick,Laurel,DE;Michael",0,5/2,3.5,4.0,HOO-6,2026-06-05T23:49:02Z,6
HOO,Hoosier Park,2026-06-06,6,23:49,Pace 1m,Pace,Dirt,1m,"$15,000",6,Mustang Beach,"Bates, Brandon","Smith, Dee",7/2,False,Harness,tvg,https://api.tvg.com/cosmo/v1/graphql,2026-06-06T01:50:50.354781,1.0.0,Sunshine Beach,Heavens Best Angel,Rock N Roll Heaven,8,G,"Perry W Smith,Crete,IL",0,2/1,3.0,4.5,HOO-6,2026-06-05T23:49:02Z,6
HOO,Hoosier Park,2026-06-06,7,00:13,Pace 1m,Pace,Dirt,1m,"$10,000",1,Imalwaysclassy,"Stewart, Corda",Stevens-Clemon,20/1,False,Harness,tvg,https://api.tvg.com/cosmo/v1/graphql,2026-06-06T01:50:50.354795,1.0.0,Always A Virgin,Fox Valley Touche,Sportsmaster,7,G,"Jackson M Loy,Beecher City,IL",0,46/1,47.0,21.0,HOO-7,2026-06-06T00:13:18Z,10
HOO,Hoosier Park,2026-06-06,7,00:13,Pace 1m,Pace,Dirt,1m,"$10,000",2,Cool Blues Man,"Smith, Gale","Smith, Gale",20/1,False,Harness,tvg,https://api.tvg.com/cosmo/v1/graphql,2026-06-06T01:50:50.354801,1.0.0,Art Major,Dontcrymetheblues,Western Ideal,11,G,"Gale S Smith,Anderson,IN",0,99/1,100.0,21.0,HOO-7,2026-06-06T00:13:18Z,10
HOO,Hoosier Park,2026-06-06,7,00:13,Pace 1m,Pace,Dirt,1m,"$10,000",3,Fox Valley Bruin,"Bates, Brandon","Crisler, Randy",10/1,False,Harness,tvg,https://api.tvg.com/cosmo/v1/graphql,2026-06-06T01:50:50.354808,1.0.0,Yankee Skyscaper,Epona,Cole Muffler,5,G,"Therl L Hensley,Yorktown,IN",0,9/1,10.0,11.0,HOO-7,2026-06-06T00:13:18Z,10
HOO,Hoosier Park,2026-06-06,7,00:13,Pace 1m,Pace,Dirt,1m,"$10,000",4,Alwaysonetwomany A,"Miller, Marcus","Redder, Peter",2/1,False,Harness,tvg,https://api.tvg.com/cosmo/v1/graphql,2026-06-06T01:50:50.354814,1.0.0,Captaintreacherous,Always Lacking,The Wrath Of Pan,9,G,"Redder Racing LLC,Pendleton,IN",0,3/2,2.5,3.0,HOO-7,2026-06-06T00:13:18Z,10
HOO,Hoosier Park,2026-06-06,7,00:13,Pace 1m,Pace,Dirt,1m,"$10,000",5,The Golden Jet,"Bender, Atlee","Sarkine, Alexa",7/2,False,Harness,tvg,https://api.tvg.com/cosmo/v1/graphql,2026-06-06T01:50:50.354820,1.0.0,Shadow Play,Tremendous,Oxford Fella,6,G,"George P Dremonas,Burr Ridge,IL",0,9/5,2.8,4.5,HOO-7,2026-06-06T00:13:18Z,10
HOO,Hoosier Park,2026-06-06,7,00:13,Pace 1m,Pace,Dirt,1m,"$10,000",6,Vettel N,"Tetrick, Trace","George, Tyler",4/1,False,Harness,tvg,https://api.tvg.com/cosmo/v1/graphql,2026-06-06T01:50:50.354825,1.0.0,American Ideal,Talk To Angels,Bettor's Delight,13,G,"Cassie L George,Anderson,IN",0,7/2,4.5,5.0,HOO-7,2026-06-06T00:13:18Z,10
HOO,Hoosier Park,2026-06-06,7,00:13,Pace 1m,Pace,Dirt,1m,"$10,000",7,Real Cool Cole,"Miller, Lewayn","Herrera, Hecto",10/1,False,Harness,tvg,https://api.tvg.com/cosmo/v1/graphql,2026-06-06T01:50:50.354831,1.0.0,Real Desire,Annie Your Cool,Cole Muffler,6,G,"Misael Garcia Herrera,Crete,IL",0,49/1,50.0,11.0,HOO-7,2026-06-06T00:13:18Z,10
HOO,Hoosier Park,2026-06-06,7,00:13,Pace 1m,Pace,Dirt,1m,"$10,000",8,Captain Sleaze,"Wilfong, Kyle","Miller, Zachar",12/1,False,Harness,tvg,https://api.tvg.com/cosmo/v1/graphql,2026-06-06T01:50:50.354837,1.0.0,A Rocknroll Dance,Da Sleazy One,Sportsmaster,8,G,"Richard Barone,Rosemont,IL",0,12/1,13.0,13.0,HOO-7,2026-06-06T00:13:18Z,10
HOO,Hoosier Park,2026-06-06,7,00:13,Pace 1m,Pace,Dirt,1m,"$10,000",9,Topville Rustler,"De Long, John","Stewart, Charl",6/1,False,Harness,tvg,https://api.tvg.com/cosmo/v1/graphql,2026-06-06T01:50:50.354843,1.0.0,Always A Virgin,Rock Me Mama,Dontgetinmyway,9,H,"Caldwell Mamie Racing LLC,Bellaire,",0,20/1,21.0,7.0,HOO-7,2026-06-06T00:13:18Z,10
HOO,Hoosier Park,2026-06-06,7,00:13,Pace 1m,Pace,Dirt,1m,"$10,000",10,Away We Go A,"Peterson, Mike","Peterson, Mike",20/1,False,Harness,tvg,https://api.tvg.com/cosmo/v1/graphql,2026-06-06T01:50:50.354849,1.0.0,Sunshine Beach,Washington Lass,Washington Vc,8,G,"Michael G Peterson,Anderson,IN;Jare",0,99/1,100.0,21.0,HOO-7,2026-06-06T00:13:18Z,10
HOO,Hoosier Park,2026-06-06,8,00:38,Pace 1m,Pace,Dirt,1m,"$12,500",1,An Angel Somewhere,"Husted, Kyle","Husted, Amy",10/1,False,Harness,tvg,https://api.tvg.com/cosmo/v1/graphql,2026-06-06T01:50:50.354860,1.0.0,Somestarsomewhere,Campside Angel,Cambest,4,M,"Husted Rcg LLC,Altamont,IL;J R Schw",0,5/2,3.5,11.0,HOO-8,2026-06-06T00:38:36Z,8
HOO,Hoosier Park,2026-06-06,8,00:38,Pace 1m,Pace,Dirt,1m,"$12,500",2,Midnight's Wish,"De Long, John","Dubeansky, Dan",5/2,False,Harness,tvg,https://api.tvg.com/cosmo/v1/graphql,2026-06-06T01:50:50.354866,1.0.0,Capt Midnight,Play For Pay,Tellitlikeitis,3,F,"Brian Witt,Cedarville,OH",0,9/1,10.0,3.5,HOO-8,2026-06-06T00:38:36Z,8
HOO,Hoosier Park,2026-06-06,8,00:38,Pace 1m,Pace,Dirt,1m,"$12,500",3,Peachy Girl,"Wilfong, Kyle","Dillon, Britne",3/1,False,Harness,tvg,https://api.tvg.com/cosmo/v1/graphql,2026-06-06T01:50:50.354873,1.0.0,Jk Endofanera,This Peach Rocks,Rockin Image,3,F,"William A Hartt,Carmel,ME;Britney L",0,4/1,5.0,4.0,HOO-8,2026-06-06T00:38:36Z,8
HOO,Hoosier Park,2026-06-06,8,00:38,Pace 1m,Pace,Dirt,1m,"$12,500",4,In The Passing Ln,"Ross, Jordan","Graber, Henry",4/1,False,Harness,tvg,https://api.tvg.com/cosmo/v1/graphql,2026-06-06T01:50:50.354879,1.0.0,Tellitlikeitis,Alwaysinthfastlane,Always A Virgin,3,F,"Kenneth B Weckstein,Oxon Hill,MD",0,7/2,4.5,5.0,HOO-8,2026-06-06T00:38:36Z,8
HOO,Hoosier Park,2026-06-06,8,00:38,Pace 1m,Pace,Dirt,1m,"$12,500",5,Beautiful Mistake,"Bates, Brandon","Sarkine, Alexa",20/1,False,Harness,tvg,https://api.tvg.com/cosmo/v1/graphql,2026-06-06T01:50:50.354885,1.0.0,Freaky Feet Pete,Goose's Weedie,Dontgetinmyway,3,F,"Alexandra L Sarkine,Daleville,IN;Ge",0,35/1,36.0,21.0,HOO-8,2026-06-06T00:38:36Z,8
HOO,Hoosier Park,2026-06-06,8,00:38,Pace 1m,Pace,Dirt,1m,"$12,500",6,Flouzzy,"Miller, Marcus","Tetrick, Tom T",20/1,False,Harness,tvg,https://api.tvg.com/cosmo/v1/graphql,2026-06-06T01:50:50.354892,1.0.0,Sweet Lou,Fashion Fluzzy,Real Artist,4,M,"T J Stable,Salem,IL",0,85/1,86.0,21.0,HOO-8,2026-06-06T00:38:36Z,8
HOO,Hoosier Park,2026-06-06,8,00:38,Pace 1m,Pace,Dirt,1m,"$12,500",7,Red Clover,"Tetrick, Trace","Hays, Carroll",7/1,False,Harness,tvg,https://api.tvg.com/cosmo/v1/graphql,2026-06-06T01:50:50.354910,1.0.0,Luck Be Withyou,Fox Valley Praline,Sportsmaster,6,M,"Mr Carroll A. & Diane Hays,Williams",0,16/1,17.0,8.0,HOO-8,2026-06-06T00:38:36Z,8
HOO,Hoosier Park,2026-06-06,8,00:38,Pace 1m,Pace,Dirt,1m,"$12,500",8,Princess In Pink,"Miller, Lewayn","Miller, Lewayn",7/2,False,Harness,tvg,https://api.tvg.com/cosmo/v1/graphql,2026-06-06T01:50:50.354917,1.0.0,Capt Midnight,Music Matters,Art Major,4,M,"Lewayne L Miller,Daleville,IN;Lynda",0,9/5,2.8,4.5,HOO-8,2026-06-06T00:38:36Z,8
HOO,Hoosier Park,2026-06-06,9,01:06,Pace 1m,Pace,Dirt,1m,"$7,000",1,Low Rider,"Bates, Brandon","Haynes, Walter",2/1,False,Harness,tvg,https://api.tvg.com/cosmo/v1/graphql,2026-06-06T01:50:50.354933,1.0.0,Downbytheseaside,Warrawee Kay,Real Desire,6,G,"Jeff Fought Rcg,E Bernstadt,KY;B K",0,3/5,1.6,3.0,HOO-9,2026-06-06T01:06:02Z,8
HOO,Hoosier Park,2026-06-06,9,01:06,Pace 1m,Pace,Dirt,1m,"$7,000",2,Semicolon,"Bender, Atlee","Smith, Dee",5/1,False,Harness,tvg,https://api.tvg.com/cosmo/v1/graphql,2026-06-06T01:50:50.354941,1.0.0,Aracache Hanover,Dangerous Years,Western Hanover,5,G,"Perry W Smith,Crete,IL",0,13/1,14.0,6.0,HOO-9,2026-06-06T01:06:02Z,8
HOO,Hoosier Park,2026-06-06,9,01:06,Pace 1m,Pace,Dirt,1m,"$7,000",3,Joker Rockwell,"Ross, Jordan","Stewart, Charl",9/1,False,Harness,tvg,https://api.tvg.com/cosmo/v1/graphql,2026-06-06T01:50:50.354949,1.0.0,Jk Endofanera,Nora Rockwell,Palone Ranger,6,G,"Caldwell Mamie Racing LLC,Bellaire,",0,18/1,19.0,10.0,HOO-9,2026-06-06T01:06:02Z,8
HOO,Hoosier Park,2026-06-06,9,01:06,Pace 1m,Pace,Dirt,1m,"$7,000",4,Packedwithluck,"Tetrick, Trace","George, Tyler",5/2,False,Harness,tvg,https://api.tvg.com/cosmo/v1/graphql,2026-06-06T01:50:50.354956,1.0.0,Luck Be Withyou,Pacabel Hanover,Somebeachsomewhere,5,G,"Thunder Racing Stables Inc,Brecksvi",0,9/5,2.8,3.5,HOO-9,2026-06-06T01:06:02Z,8
HOO,Hoosier Park,2026-06-06,9,01:06,Pace 1m,Pace,Dirt,1m,"$7,000",5,Aye Aye Capt Russ,"Lambright, Kev","Roth, Kimberly",6/1,False,Harness,tvg,https://api.tvg.com/cosmo/v1/graphql,2026-06-06T01:50:50.354964,1.0.0,Capt Midnight,Erma La Em,Cam's Card Shark,4,G,"Mini Acre Racing,Monroe,IN",0,16/1,17.0,7.0,HOO-9,2026-06-06T01:06:02Z,8
HOO,Hoosier Park,2026-06-06,9,01:06,Pace 1m,Pace,Dirt,1m,"$7,000",6,Boundtobefearless,"Miller, Marcus","Leonard, Ross",4/1,False,Harness,tvg,https://api.tvg.com/cosmo/v1/graphql,2026-06-06T01:50:50.354970,1.0.0,Fear The Dragon,Bound To Rock,Rocknroll Hanover,6,G,"Michael R & Laura Lee,Bridgeview,IL",0,10/1,11.0,5.0,HOO-9,2026-06-06T01:06:02Z,8
HOO,Hoosier Park,2026-06-06,9,01:06,Pace 1m,Pace,Dirt,1m,"$7,000",7,Doctor Cruise,"Husted, Kyle","Husted, Amy",20/1,False,Harness,tvg,https://api.tvg.com/cosmo/v1/graphql,2026-06-06T01:50:50.354978,1.0.0,Somestarsomewhere,Aries Angel,Western Ideal,5,G,"Husted Racing LLC,Altamont,IL;John",0,74/1,75.0,21.0,HOO-9,2026-06-06T01:06:02Z,8
HOO,Hoosier Park,2026-06-06,9,01:06,Pace 1m,Pace,Dirt,1m,"$7,000",8,Grigoriev,"Taylor, Robert","Flommersfeld,",20/1,False,Harness,tvg,https://api.tvg.com/cosmo/v1/graphql,2026-06-06T01:50:50.354985,1.0.0,Jk Endofanera,So Long My Love,American Ideal,7,G,"Dave L Gamble,Bradford,OH",0,99/1,100.0,21.0,HOO-9,2026-06-06T01:06:02Z,8
HOO,Hoosier Park,2026-06-06,10,01:40,Pace 1m,Pace,Dirt,1m,"$10,000",1,Er Rambo,"Miller, Lewayn","Eash, Don",20/1,False,Harness,tvg,https://api.tvg.com/cosmo/v1/graphql,2026-06-06T01:50:50.355000,1.0.0,Jk Endofanera,Rock Ann Rolling,Rocknroll Hanover,5,G,"Eash Racing Stable Inc,Anderson,IN",0,40/1,41.0,21.0,HOO-10,2026-06-06T01:40:46Z,7
HOO,Hoosier Park,2026-06-06,10,01:40,Pace 1m,Pace,Dirt,1m,"$10,000",2,Pinebushdragonroll,"Miller, Marcus","Luther, Tom",20/1,False,Harness,tvg,https://api.tvg.com/cosmo/v1/graphql,2026-06-06T01:50:50.355007,1.0.0,Rock N Roll Heaven,Upfront Dragon Gal,Dragon Again,8,G,"Jennifer L Redmond,Spiceland,IN",0,54/1,55.0,21.0,HOO-10,2026-06-06T01:40:46Z,7
HOO,Hoosier Park,2026-06-06,10,01:40,Pace 1m,Pace,Dirt,1m,"$10,000",3,Downbytheocean,"Wilfong, Kyle","Wilfong, Brett",9/2,False,Harness,tvg,https://api.tvg.com/cosmo/v1/graphql,2026-06-06T01:50:50.355013,1.0.0,Downbytheseaside,Mamas Little Angel,Rocknroll Hanover,7,G,"Brett H Wilfong,Pendleton,IN;Harold",0,7/2,4.5,5.5,HOO-10,2026-06-06T01:40:46Z,7
HOO,Hoosier Park,2026-06-06,10,01:40,Pace 1m,Pace,Dirt,1m,"$10,000",4,Book The Fight,"Ross, Jordan","Smith, Dee",3/1,False,Harness,tvg,https://api.tvg.com/cosmo/v1/graphql,2026-06-06T01:50:50.355019,1.0.0,Jk Endofanera,Black Jack Pat,Well Said,4,G,"Perry W Smith,Crete,IL",0,7/2,4.5,4.0,HOO-10,2026-06-06T01:40:46Z,7
HOO,Hoosier Park,2026-06-06,10,01:40,Pace 1m,Pace,Dirt,1m,"$10,000",5,Blaze On N,"Tetrick, Trace","George, Tyler",4/1,False,Harness,tvg,https://api.tvg.com/cosmo/v1/graphql,2026-06-06T01:50:50.355025,1.0.0,Sweet Lou,Victors Delight,Bettor's Delight,7,G,"David Linker,Delray Beach,FL;Brian",0,7/5,2.4,5.0,HOO-10,2026-06-06T01:40:46Z,7
HOO,Hoosier Park,2026-06-06,10,01:40,Pace 1m,Pace,Dirt,1m,"$10,000",6,Play Action Pass,"De Long, John","Burke, Ron",7/2,False,Harness,tvg,https://api.tvg.com/cosmo/v1/graphql,2026-06-06T01:50:50.355034,1.0.0,Jk Endofanera,Cinnamon Girl,Rocknroll Hanover,5,G,"Burke Rcg Stb,Frdrcktwn,PA;Weaver B",0,7/1,8.0,4.5,HOO-10,2026-06-06T01:40:46Z,7
HOO,Hoosier Park,2026-06-06,10,01:40,Pace 1m,Pace,Dirt,1m,"$10,000",7,Round Here Buzz,"Bender, Atlee","Smith, Dee",5/2,False,Harness,tvg,https://api.tvg.com/cosmo/v1/graphql,2026-06-06T01:50:50.355044,1.0.0,Aracache Hanover,Pride Park,Park Place,8,G,"Perry W Smith,Crete,IL",0,3/1,4.0,3.5,HOO-10,2026-06-06T01:40:46Z,7
HOO,Hoosier Park,2026-06-06,11,01:53,Pace 1m,Pace,Dirt,1m,"$11,000",1,Bro Romey,"Bates, Brandon","Ricks, Jacquel",8/1,False,Harness,tvg,https://api.tvg.com/cosmo/v1/graphql,2026-06-06T01:50:50.355060,1.0.0,Rockin Image,Layer Cake,Armbro Dynamic,3,G,"Alvin R Miller,Bunker Hill,IN;Mike",0,7/2,4.5,9.0,HOO-11,2026-06-06T01:53:00Z,10
HOO,Hoosier Park,2026-06-06,11,01:53,Pace 1m,Pace,Dirt,1m,"$11,000",2,Assistant Coach,"Bender, Atlee","Miller, Erv",6/1,False,Harness,tvg,https://api.tvg.com/cosmo/v1/graphql,2026-06-06T01:50:50.355066,1.0.0,Tellitlikeitis,Watch N Be Watched,Rocknroll Hanover,3,G,"K Duffy & Mr J Stefanos,IL;D Overhi",0,2/1,3.0,7.0,HOO-11,2026-06-06T01:53:00Z,10
HOO,Hoosier Park,2026-06-06,11,01:53,Pace 1m,Pace,Dirt,1m,"$11,000",3,Timber Man,"De Long, John","Rucker, Ken",5/1,False,Harness,tvg,https://api.tvg.com/cosmo/v1/graphql,2026-06-06T01:50:50.355072,1.0.0,Rockin Image,Odds On Hemera,Western Ideal,3,G,"Russell E Beeman,Anderson,IN;Jack A",0,7/2,4.5,6.0,HOO-11,2026-06-06T01:53:00Z,10
HOO,Hoosier Park,2026-06-06,11,01:53,Pace 1m,Pace,Dirt,1m,"$11,000",4,O So Strait,"Coy, Clint","Schwartz, Ben",8/1,False,Harness,tvg,https://api.tvg.com/cosmo/v1/graphql,2026-06-06T01:50:50.355079,1.0.0,Straight Shooting,O Solo Trio,Real Desire,3,G,"Jacob E Schwartz,Geneva,IN",0,15/1,16.0,9.0,HOO-11,2026-06-06T01:53:00Z,10
HOO,Hoosier Park,2026-06-06,11,01:53,Pace 1m,Pace,Dirt,1m,"$11,000",5,Ponda Thirty,"Wilfong, Kyle","Hochstetler, J",7/1,False,Harness,tvg,https://api.tvg.com/cosmo/v1/graphql,2026-06-06T01:50:50.355085,1.0.0,American Ideal,Fresh Model,Always B Miki,3,G,"C Hochstetler,Pnhrst,NC;R Buddig,Hn",0,9/1,10.0,8.0,HOO-11,2026-06-06T01:53:00Z,10
HOO,Hoosier Park,2026-06-06,11,01:53,Pace 1m,Pace,Dirt,1m,"$11,000",6,Great Pretender,"Seekman, Travi","Roth, Kimberly",12/1,False,Harness,tvg,https://api.tvg.com/cosmo/v1/graphql,2026-06-06T01:50:50.355091,1.0.0,Tellitlikeitis,Faith Ann,Incredible Finale,3,G,"Bart M Seales,Mason,IL;Kimberly P R",0,17/1,18.0,13.0,HOO-11,2026-06-06T01:53:00Z,10
HOO,Hoosier Park,2026-06-06,11,01:53,Pace 1m,Pace,Dirt,1m,"$11,000",7,Like A Doctor,"Husted, Kyle","Husted, Amy",10/1,False,Harness,tvg,https://api.tvg.com/cosmo/v1/graphql,2026-06-06T01:50:50.355097,1.0.0,Dragonstone,Aries Angel,Western Ideal,3,G,"Husted Racing LLC,Altamont,IL;John",0,41/1,42.0,11.0,HOO-11,2026-06-06T01:53:00Z,10
HOO,Hoosier Park,2026-06-06,11,01:53,Pace 1m,Pace,Dirt,1m,"$11,000",8,Darknstormy Deo,"Miller, Lewayn","Dillon, Britne",5/1,False,Harness,tvg,https://api.tvg.com/cosmo/v1/graphql,2026-06-06T01:50:50.355107,1.0.0,Tall Dark Stranger,Lisjune,Camluck,4,G,"Scott A Berquist,Dexter,MI;Rudy L M",0,7/1,8.0,6.0,HOO-11,2026-06-06T01:53:00Z,10
HOO,Hoosier Park,2026-06-06,11,01:53,Pace 1m,Pace,Dirt,1m,"$11,000",9,Talk Softly,"Miller, Marcus","Miller, Erv",7/2,False,Harness,tvg,https://api.tvg.com/cosmo/v1/graphql,2026-06-06T01:50:50.355114,1.0.0,Jk Endofanera,Stolen Kisses,Always B Miki,3,G,"Jerry D Graham,Salem,IL;Kenneth W D",0,7/1,8.0,4.5,HOO-11,2026-06-06T01:53:00Z,10
HOO,Hoosier Park,2026-06-06,11,01:53,Pace 1m,Pace,Dirt,1m,"$11,000",10,Midnight Closer,"Tetrick, Trace","Schwartz, Jerr",20/1,False,Harness,tvg,https://api.tvg.com/cosmo/v1/graphql,2026-06-06T01:50:50.355124,1.0.0,Capt Midnight,Twin B Friendly,Sportswriter,3,G,"Buckeye Stables,Willshire,OH",0,42/1,43.0,21.0,HOO-11,2026-06-06T01:53:00Z,10
HOO,Hoosier Park,2026-06-06,12,01:43,Pace 1m,Pace,Dirt,1m,"$6,000",1,Henry The Horse,"Wilfong, Kyle","Hochstetler, J",5/2,False,Harness,tvg,https://api.tvg.com/cosmo/v1/graphql,2026-06-06T01:50:50.355142,1.0.0,Real Desire,Just By Design,Sportsmaster,6,G,"Joshua David Carter,Williamsville,I",0,5/2,3.5,3.5,HOO-12,2026-06-06T01:43:00Z,8
HOO,Hoosier Park,2026-06-06,12,01:43,Pace 1m,Pace,Dirt,1m,"$6,000",2,Fox Valley Jasper,"Ross, Jordan","Melloy, Pat Jr",20/1,False,Harness,tvg,https://api.tvg.com/cosmo/v1/graphql,2026-06-06T01:50:50.355148,1.0.0,Somestarsomewhere,Subway Hanover,Yankee Cruiser,6,G,"Patrick M Melloy Jr,Eaton,OH;Lisa M",0,20/1,21.0,21.0,HOO-12,2026-06-06T01:43:00Z,8
HOO,Hoosier Park,2026-06-06,12,01:43,Pace 1m,Pace,Dirt,1m,"$6,000",3,Fox Valley Sampson,"Tetrick, Trace","Melloy, Pat Jr",8/1,False,Harness,tvg,https://api.tvg.com/cosmo/v1/graphql,2026-06-06T01:50:50.355155,1.0.0,Jk Endofanera,Lr Dancing Dream,Ft Apache Hanover,8,G,"Patrick M Melloy Jr,Eaton,OH;Lisa M",0,8/1,9.0,9.0,HOO-12,2026-06-06T01:43:00Z,8
HOO,Hoosier Park,2026-06-06,12,01:43,Pace 1m,Pace,Dirt,1m,"$6,000",4,Rockpaperscissors,"Lambright, Kev","Stohler, Trent",15/1,False,Harness,tvg,https://api.tvg.com/cosmo/v1/graphql,2026-06-06T01:50:50.355162,1.0.0,Rockin Image,Viva Velocity,No Pan Intended,4,G,"Trent Stohler Stable Inc,Marklevill",0,15/1,16.0,16.0,HOO-12,2026-06-06T01:43:00Z,8
HOO,Hoosier Park,2026-06-06,12,01:43,Pace 1m,Pace,Dirt,1m,"$6,000",5,Go Pikachu Go,"Miller, Marcus","Burke, Ron",6/1,False,Harness,tvg,https://api.tvg.com/cosmo/v1/graphql,2026-06-06T01:50:50.355169,1.0.0,Heston Blue Chip,Totally Rusty,Rusty's For Real,6,G,"Dylan Davis Racing,Harrington,DE",0,6/1,7.0,7.0,HOO-12,2026-06-06T01:43:00Z,8
HOO,Hoosier Park,2026-06-06,12,01:43,Pace 1m,Pace,Dirt,1m,"$6,000",6,Er Rookie,"Husted, Kyle","Eash, Don",6/1,False,Harness,tvg,https://api.tvg.com/cosmo/v1/graphql,2026-06-06T01:50:50.355176,1.0.0,Hypnotic Blue Chip,Rock Ann Rolling,Rocknroll Hanover,7,G,"Eash Racing Stable Inc,Anderson,IN",0,6/1,7.0,7.0,HOO-12,2026-06-06T01:43:00Z,8
HOO,Hoosier Park,2026-06-06,12,01:43,Pace 1m,Pace,Dirt,1m,"$6,000",7,Town Gossip,"Bender, Atlee","Smith, Dee",8/1,False,Harness,tvg,https://api.tvg.com/cosmo/v1/graphql,2026-06-06T01:50:50.355183,1.0.0,American Ideal,Flibbertigibbet,Albert Albert,8,G,"Perry W Smith,Crete,IL",0,8/1,9.0,9.0,HOO-12,2026-06-06T01:43:00Z,8
HOO,Hoosier Park,2026-06-06,12,01:43,Pace 1m,Pace,Dirt,1m,"$6,000",8,Diego N,"Miller, Lewayn","Miller, Lewayn",2/1,False,Harness,tvg,https://api.tvg.com/cosmo/v1/graphql,2026-06-06T01:50:50.355191,1.0.0,Bettor's Delight,Sakura,Christian Cullen,11,G,"Kap Singh Racing Stable,Yorktown Hg",0,2/1,3.0,3.0,HOO-12,2026-06-06T01:43:00Z,8
HOO,Hoosier Park,2026-06-06,13,02:06,Pace 1m,Pace,Dirt,1m,"$12,500",1,Sierra Shooter,"Bates, Brandon","Quevedo, Luis",20/1,False,Harness,tvg,https://api.tvg.com/cosmo/v1/graphql,2026-06-06T01:50:50.355207,1.0.0,Straight Shooting,Sierra Blue Chip,Bettor's Delight,4,G,"John E Barnard,Miami,FL",0,20/1,21.0,21.0,HOO-13,2026-06-06T02:06:00Z,10
HOO,Hoosier Park,2026-06-06,13,02:06,Pace 1m,Pace,Dirt,1m,"$12,500",2,Quantum,"Seekman, Travi","Sundeen, Jace",10/1,False,Harness,tvg,https://api.tvg.com/cosmo/v1/graphql,2026-06-06T01:50:50.355217,1.0.0,Lather Up,Mystical Bay,Panspacificflight,4,G,"J C Austin,Winner,SD",0,10/1,11.0,11.0,HOO-13,2026-06-06T02:06:00Z,10
HOO,Hoosier Park,2026-06-06,13,02:06,Pace 1m,Pace,Dirt,1m,"$12,500",3,Bluebird Capt Pj,"Wilfong, Kyle","Macomber, Rick",5/1,False,Harness,tvg,https://api.tvg.com/cosmo/v1/graphql,2026-06-06T01:50:50.355244,1.0.0,Capt Midnight,Sealark Hanover,Rocknroll Hanover,3,G,"Macomber Racing,Fishers,IN;Kelly J",0,5/1,6.0,6.0,HOO-13,2026-06-06T02:06:00Z,10
HOO,Hoosier Park,2026-06-06,13,02:06,Pace 1m,Pace,Dirt,1m,"$12,500",4,Steel Cowboy,"Bender, Atlee","P'pool, Mark",20/1,False,Harness,tvg,https://api.tvg.com/cosmo/v1/graphql,2026-06-06T01:50:50.355257,1.0.0,Bettor's Delight,Dismissal,Western Terror,6,G,"Jose Cervantes,Nazareth,PA",0,20/1,21.0,21.0,HOO-13,2026-06-06T02:06:00Z,10
HOO,Hoosier Park,2026-06-06,13,02:06,Pace 1m,Pace,Dirt,1m,"$12,500",5,Albany Blue Chip,"Miller, Marcus","Tetrick, Tom T",2/1,False,Harness,tvg,https://api.tvg.com/cosmo/v1/graphql,2026-06-06T01:50:50.355265,1.0.0,Sweet Lou,Heavenly Bride,Rock N Roll Heaven,3,G,"Jerry D Graham,Salem,IL",0,2/1,3.0,3.0,HOO-13,2026-06-06T02:06:00Z,10
HOO,Hoosier Park,2026-06-06,13,02:06,Pace 1m,Pace,Dirt,1m,"$12,500",6,Cowboy Show,"De Long, John","Roth, Kimberly",9/2,False,Harness,tvg,https://api.tvg.com/cosmo/v1/graphql,2026-06-06T01:50:50.355274,1.0.0,Best In Show,Kissimmee Beach,Somebeachsomewhere,3,G,"Kimberly P Roth,Peotone,IL",0,9/2,5.5,5.5,HOO-13,2026-06-06T02:06:00Z,10
HOO,Hoosier Park,2026-06-06,13,02:06,Pace 1m,Pace,Dirt,1m,"$12,500",7,Chanceyfascination,"Ross, Jordan","Quevedo, Luis",8/1,False,Harness,tvg,https://api.tvg.com/cosmo/v1/graphql,2026-06-06T01:50:50.355280,1.0.0,Capt Midnight,Designer Gal,Cambest,4,H,"John E Barnard,Miami,FL;Alagna Raci",0,8/1,9.0,9.0,HOO-13,2026-06-06T02:06:00Z,10
HOO,Hoosier Park,2026-06-06,13,02:06,Pace 1m,Pace,Dirt,1m,"$12,500",8,Tell's Pure Power,"Waldron, Kiwon","Macomber, Rick",20/1,False,Harness,tvg,https://api.tvg.com/cosmo/v1/graphql,2026-06-06T01:50:50.355288,1.0.0,Tellitlikeitis,Sweet Electric,Electric Yankee,3,G,"D Overhiser,Nw Smyrn Bch,FL;M& M Rc",0,20/1,21.0,21.0,HOO-13,2026-06-06T02:06:00Z,10
HOO,Hoosier Park,2026-06-06,13,02:06,Pace 1m,Pace,Dirt,1m,"$12,500",9,Crescentroller,"Ferguson, Brad","Hatton, Randy",20/1,False,Harness,tvg,https://api.tvg.com/cosmo/v1/graphql,2026-06-06T01:50:50.355296,1.0.0,Time To Roll,Abriella,Bettor's Delight,5,G,"Catherine J Ritzel,St Jacob,IL",0,20/1,21.0,21.0,HOO-13,2026-06-06T02:06:00Z,10
HOO,Hoosier Park,2026-06-06,13,02:06,Pace 1m,Pace,Dirt,1m,"$12,500",10,Somemore Soaring,"Tetrick, Trace","George, Tyler",5/2,False,Harness,tvg,https://api.tvg.com/cosmo/v1/graphql,2026-06-06T01:50:50.355305,1.0.0,Luck Be Withyou,Sunflower,Mach Three,4,G,"Cassie L George,Anderson,IN",0,5/2,3.5,3.5,HOO-13,2026-06-06T02:06:00Z,10
HOU,Sam Houston Race Park,2026-06-06,1,23:31,Maiden Claiming 350y,Maiden Claiming,Dirt,350y,"$10,500",1,Jm Rose,"Delarosa, Jr. Ruben",Chapa Joe,6/1,False,Quarter Horse,tvg,https://api.tvg.com/cosmo/v1/graphql,2026-06-06T01:50:50.363968,1.0.0,Bar Struck,Fast Lane Rose,Feature Mr Jess,3,F,Joe Chapa,125,5/1,6.0,7.0,HOU-1,2026-06-05T23:31:41Z,10
HOU,Sam Houston Race Park,2026-06-06,1,23:31,Maiden Claiming 350y,Maiden Claiming,Dirt,350y,"$10,500",2,Mud Muscle,Vera Eliazar T,"Uriegas, Jr. Jose",30/1,False,Quarter Horse,tvg,https://api.tvg.com/cosmo/v1/graphql,2026-06-06T01:50:50.364004,1.0.0,First Valentime,I Like Green,Takin On The Cash,3,C,Ray Vincent Rivas,125,27/1,28.0,31.0,HOU-1,2026-06-05T23:31:41Z,10
HOU,Sam Houston Race Park,2026-06-06,1,23:31,Maiden Claiming 350y,Maiden Claiming,Dirt,350y,"$10,500",3,Giorgina F,Murgia Pragedis J,Huerta Joanna,15/1,False,Quarter Horse,tvg,https://api.tvg.com/cosmo/v1/graphql,2026-06-06T01:50:50.364020,1.0.0,Giorgino,My Sis Is A Toole,Sis B Gol,3,F,Julian Flores,125,22/1,23.0,16.0,HOU-1,2026-06-05T23:31:41Z,10
HOU,Sam Houston Race Park,2026-06-06,1,23:31,Maiden Claiming 350y,Maiden Claiming,Dirt,350y,"$10,500",4,Dc Is A Jeez,Fierro Angel A,Rodriguez Martin,10/1,False,Quarter Horse,tvg,https://api.tvg.com/cosmo/v1/graphql,2026-06-06T01:50:50.364030,1.0.0,This Is An Eagle,Jeez,Oak Tree Special,3,G,Francisco Guadalupe Guerrero,125,10/1,11.0,11.0,HOU-1,2026-06-05T23:31:41Z,10
HOU,Sam Houston Race Park,2026-06-06,1,23:31,Maiden Claiming 350y,Maiden Claiming,Dirt,350y,"$10,500",5,Trs Ash,Luviano Eduardo,Hernandez Javier N,20/1,False,Quarter Horse,tvg,https://api.tvg.com/cosmo/v1/graphql,2026-06-06T01:50:50.364039,1.0.0,Bolt Of Fire,Wn Lilly,Dale Badon,3,F,Baudelio Gonzalez,125,15/1,16.0,21.0,HOU-1,2026-06-05T23:31:41Z,10
HOU,Sam Houston Race Park,2026-06-06,1,23:31,Maiden Claiming 350y,Maiden Claiming,Dirt,350y,"$10,500",6,Apolitical Effort,Herbert Jose R,Magana-Padilla Francisco J,7/2,False,Quarter Horse,tvg,https://api.tvg.com/cosmo/v1/graphql,2026-06-06T01:50:50.364050,1.0.0,Political Kash,Mb Cash Iform,The Informant,5,G,Francisco J. Magana-Lizardi,128,3/1,4.0,4.5,HOU-1,2026-06-05T23:31:41Z,10
HOU,Sam Houston Race Park,2026-06-06,1,23:31,Maiden Claiming 350y,Maiden Claiming,Dirt,350y,"$10,500",7,Eagle Lady,Garza Alfredo,Manucy Joseph D,15/1,False,Quarter Horse,tvg,https://api.tvg.com/cosmo/v1/graphql,2026-06-06T01:50:50.364060,1.0.0,This Is An Eagle,Lusi,Azoom,3,F,Jesus A. Molina,125,23/1,24.0,16.0,HOU-1,2026-06-05T23:31:41Z,10
HOU,Sam Houston Race Park,2026-06-06,1,23:31,Maiden Claiming 350y,Maiden Claiming,Dirt,350y,"$10,500",8,Lota More Things,Zuniga Alejandro L,Mancillas-Lopez Isidro,4/1,False,Quarter Horse,tvg,https://api.tvg.com/cosmo/v1/graphql,2026-06-06T01:50:50.364067,1.0.0,Lota Pyc,Jess One More Thing,Fly Jess Fly,3,F,Isidro Mancillas-Lopez,125,4/1,5.0,5.0,HOU-1,2026-06-05T23:31:41Z,10
HOU,Sam Houston Race Park,2026-06-06,1,23:31,Maiden Claiming 350y,Maiden Claiming,Dirt,350y,"$10,500",9,Rolands Cartel,Vivanco Luis L,"Ramirez, Jr. Saul",2/1,False,Quarter Horse,tvg,https://api.tvg.com/cosmo/v1/graphql,2026-06-06T01:50:50.364077,1.0.0,Big Daddy Cartel,Cold Stone Sissy,Brookstone Bay,3,G,Nicole Cari Barefoot,125,3/2,2.5,3.0,HOU-1,2026-06-05T23:31:41Z,10
HOU,Sam Houston Race Park,2026-06-06,1,23:31,Maiden Claiming 350y,Maiden Claiming,Dirt,350y,"$10,500",10,Fancy Look,Villatoro Noe,Mejia Aracely,20/1,True,Quarter Horse,tvg,https://api.tvg.com/cosmo/v1/graphql,2026-06-06T01:50:50.364087,1.0.0,Pyc Fun N Fancy,Tomatoe Dream Pie,Al Tomatoes,3,F,Minnie Deleon,125,20/1,21.0,21.0,HOU-1,2026-06-05T23:31:41Z,10
HOU,Sam Houston Race Park,2026-06-06,2,23:58,Starter Optional Claiming 550y,Starter Optional Claiming,Dirt,550y,"$15,000",1,Wicked And Fast,Linares Gilberto,Villarreal Ramiro B,8/1,False,Quarter Horse,tvg,https://api.tvg.com/cosmo/v1/graphql,2026-06-06T01:50:50.364115,1.0.0,Fast Prize Jordan,Sweet But Wicked,One Sweet Jess,6,M,Veyda Fuentes Hadley,128,10/1,11.0,9.0,HOU-2,2026-06-05T23:58:23Z,9
HOU,Sam Houston Race Park,2026-06-06,2,23:58,Starter Optional Claiming 550y,Starter Optional Claiming,Dirt,550y,"$15,000",2,High Tales It,Ortega Miguel,Ortega Juan C,15/1,False,Quarter Horse,tvg,https://api.tvg.com/cosmo/v1/graphql,2026-06-06T01:50:50.364125,1.0.0,Wagon Tales,Special High Fashion,Streak And Dash,3,G,Manuel Armendariz,125,20/1,21.0,16.0,HOU-2,2026-06-05T23:58:23Z,9
HOU,Sam Houston Race Park,2026-06-06,2,23:58,Starter Optional Claiming 550y,Starter Optional Claiming,Dirt,550y,"$15,000",3,Jess Jj Watt Aw,"Delarosa, Jr. Ruben",Aguirre Ricardo,9/2,False,Quarter Horse,tvg,https://api.tvg.com/cosmo/v1/graphql,2026-06-06T01:50:50.364135,1.0.0,Mr Jess Perry,Allurist,Strawfly Special,10,G,Barbara Hieden Seber,128,6/1,7.0,5.5,HOU-2,2026-06-05T23:58:23Z,9
HOU,Sam Houston Race Park,2026-06-06,2,23:58,Starter Optional Claiming 550y,Starter Optional Claiming,Dirt,550y,"$15,000",4,Vp Rocket Ryon,Herbert Jose R,Rios Zackery N,20/1,False,Quarter Horse,tvg,https://api.tvg.com/cosmo/v1/graphql,2026-06-06T01:50:50.364145,1.0.0,Dos Poruno,Call Her Awesome,Awesome Chrome,5,G,Victor R. Villarreal M.D.,128,8/1,9.0,21.0,HOU-2,2026-06-05T23:58:23Z,9
HOU,Sam Houston Race Park,2026-06-06,2,23:58,Starter Optional Claiming 550y,Starter Optional Claiming,Dirt,550y,"$15,000",5,Jess Perfect Moon,Villatoro Noe,Almaguer Angel,3/1,False,Quarter Horse,tvg,https://api.tvg.com/cosmo/v1/graphql,2026-06-06T01:50:50.364169,1.0.0,Ja Jess Perfect,Dash N To The Moon,Reckless Dash,7,G,"Cheryl Hausman and Carey P. Hausman, DVM",128,9/5,2.8,4.0,HOU-2,2026-06-05T23:58:23Z,9
HOU,Sam Houston Race Park,2026-06-06,2,23:58,Starter Optional Claiming 550y,Starter Optional Claiming,Dirt,550y,"$15,000",6,Big Contract,Ramirez Froylan T,Tellez Brittany N,6/1,False,Quarter Horse,tvg,https://api.tvg.com/cosmo/v1/graphql,2026-06-06T01:50:50.364180,1.0.0,One Famous Eagle,Louisana Corona,Jess Louisiana Blue,6,G,Thomas D. Tiller,128,5/1,6.0,7.0,HOU-2,2026-06-05T23:58:23Z,9
HOU,Sam Houston Race Park,2026-06-06,2,23:58,Starter Optional Claiming 550y,Starter Optional Claiming,Dirt,550y,"$15,000",7,Corona Tres Eagle,Vera Eliazar T,Lewis Arnold,8/1,False,Quarter Horse,tvg,https://api.tvg.com/cosmo/v1/graphql,2026-06-06T01:50:50.364189,1.0.0,This Is An Eagle,Corona Tres Cash,Tres Seis,5,G,David Mira Stiles,128,5/1,6.0,9.0,HOU-2,2026-06-05T23:58:23Z,9
HOU,Sam Houston Race Park,2026-06-06,2,23:58,Starter Optional Claiming 550y,Starter Optional Claiming,Dirt,550y,"$15,000",8,Rock Solid Stones,Vivanco Luis L,Rubio Esteban,12/1,False,Quarter Horse,tvg,https://api.tvg.com/cosmo/v1/graphql,2026-06-06T01:50:50.364197,1.0.0,Rock Solid Jess,Precious Serendipity,Behold A Beduino,7,G,Kriziana Marie Rubio,128,12/1,13.0,13.0,HOU-2,2026-06-05T23:58:23Z,9
HOU,Sam Houston Race Park,2026-06-06,2,23:58,Starter Optional Claiming 550y,Starter Optional Claiming,Dirt,550y,"$15,000",9,Ivory In The Wind,Zuniga Alejandro L,Mancillas-Lopez Isidro,5/2,False,Quarter Horse,tvg,https://api.tvg.com/cosmo/v1/graphql,2026-06-06T01:50:50.364209,1.0.0,Ivory James,Southside Of Heaven,Furyofthewind,3,G,Isidro Mancillas-Lopez,125,10/1,11.0,3.5,HOU-2,2026-06-05T23:58:23Z,9
HOU,Sam Houston Race Park,2026-06-06,3,00:26,Maiden Claiming 330y,Maiden Claiming,Dirt,330y,"$13,000",1,Dashing Lil Patty,Aquino Vidal M,Sanchez Angel,30/1,False,Quarter Horse,tvg,https://api.tvg.com/cosmo/v1/graphql,2026-06-06T01:50:50.364228,1.0.0,Dash Master Jess,Flattering Pat,Tempting Dash,4,F,"Antonio Cruz, Jr.",128,24/1,25.0,31.0,HOU-3,2026-06-06T00:26:56Z,10
HOU,Sam Houston Race Park,2026-06-06,3,00:26,Maiden Claiming 330y,Maiden Claiming,Dirt,330y,"$13,000",2,Pre Mo Wagon,"Delarosa, Jr. Ruben","Saenz, Jr. Octavio",12/1,False,Quarter Horse,tvg,https://api.tvg.com/cosmo/v1/graphql,2026-06-06T01:50:50.364238,1.0.0,Wagon Tales,Cash And More Cash,Dash To First Place,5,G,Val Gonzalez and Tonya Trower Gonzalez,128,6/1,7.0,13.0,HOU-3,2026-06-06T00:26:56Z,10
HOU,Sam Houston Race Park,2026-06-06,3,00:26,Maiden Claiming 330y,Maiden Claiming,Dirt,330y,"$13,000",3,Easy D,Martinez Oliver E,Pena Samantha A,20/1,False,Quarter Horse,tvg,https://api.tvg.com/cosmo/v1/graphql,2026-06-06T01:50:50.364260,1.0.0,Uncle D,Ifoolmeneasy,Dashin Is Easy,4,G,Jason R. Eberle,128,30/1,31.0,21.0,HOU-3,2026-06-06T00:26:56Z,10
HOU,Sam Houston Race Park,2026-06-06,3,00:26,Maiden Claiming 330y,Maiden Claiming,Dirt,330y,"$13,000",4,Dulces Hero,Linares Gilberto,Stinebaugh Zackary,7/2,False,Quarter Horse,tvg,https://api.tvg.com/cosmo/v1/graphql,2026-06-06T01:50:50.364271,1.0.0,Dulce Sin Tacha,Ashlynns Disco Hero,Valiant Hero,3,F,RDS Legacy Racing LLC,125,4/1,5.0,4.5,HOU-3,2026-06-06T00:26:56Z,10
HOU,Sam Houston Race Park,2026-06-06,3,00:26,Maiden Claiming 330y,Maiden Claiming,Dirt,330y,"$13,000",5,Tempting Hussy,Ortega Miguel,Salazar Steven,10/1,False,Quarter Horse,tvg,https://api.tvg.com/cosmo/v1/graphql,2026-06-06T01:50:50.364281,1.0.0,Tempting Dash,Hawks Dancing Straw,Hawkinson,4,F,Steven Salazar,128,14/1,15.0,11.0,HOU-3,2026-06-06T00:26:56Z,10
HOU,Sam Houston Race Park,2026-06-06,3,00:26,Maiden Claiming 330y,Maiden Claiming,Dirt,330y,"$13,000",6,Fourl Corazonzita,"Hernandez, Jr. Raul P",Muniz Janessa L,8/1,False,Quarter Horse,tvg,https://api.tvg.com/cosmo/v1/graphql,2026-06-06T01:50:50.364290,1.0.0,This Is An Eagle,Lil Executive Dash,Executive Menace,3,F,"4L Ranch and Stables, LLC",125,13/1,14.0,9.0,HOU-3,2026-06-06T00:26:56Z,10
HOU,Sam Houston Race Park,2026-06-06,3,00:26,Maiden Claiming 330y,Maiden Claiming,Dirt,330y,"$13,000",7,Kaviar,Fierro Angel A,Munoz Jr Sergio,15/1,False,Quarter Horse,tvg,https://api.tvg.com/cosmo/v1/graphql,2026-06-06T01:50:50.364300,1.0.0,Kvn Corona,Sheza Dashin Lil Pop,Dashin Is Easy,3,G,Rebecca Ann Preston,125,43/1,44.0,16.0,HOU-3,2026-06-06T00:26:56Z,10
HOU,Sam Houston Race Park,2026-06-06,3,00:26,Maiden Claiming 330y,Maiden Claiming,Dirt,330y,"$13,000",8,Jjs Eagle,Mata Edgar U,Rivera-Antopia Leonardo,6/1,False,Quarter Horse,tvg,https://api.tvg.com/cosmo/v1/graphql,2026-06-06T01:50:50.364310,1.0.0,This Is An Eagle,Lil Foxy Chic,Jumpn Chic,3,G,Martin Azua,125,9/2,5.5,7.0,HOU-3,2026-06-06T00:26:56Z,10
HOU,Sam Houston Race Park,2026-06-06,3,00:26,Maiden Claiming 330y,Maiden Claiming,Dirt,330y,"$13,000",9,Sgbabydoll,Villatoro Noe,Guzman Adan,4/1,False,Quarter Horse,tvg,https://api.tvg.com/cosmo/v1/graphql,2026-06-06T01:50:50.364320,1.0.0,Hawkeye,Tinys First Separate,Tinys First Corona,4,F,Sidney E. Grisham,128,17/1,18.0,5.0,HOU-3,2026-06-06T00:26:56Z,10
HOU,Sam Houston Race Park,2026-06-06,3,00:26,Maiden Claiming 330y,Maiden Claiming,Dirt,330y,"$13,000",10,Pyc Dash Ta Phoebe,Vivanco Luis L,Olaveson Ben,5/2,False,Quarter Horse,tvg,https://api.tvg.com/cosmo/v1/graphql,2026-06-06T01:50:50.364329,1.0.0,Pyc Paint Your Wagon,Famous Phoebe,Dash Ta Fame,3,G,Three Bar T Quarter Horses,125,1/1,2.0,3.5,HOU-3,2026-06-06T00:26:56Z,10
HOU,Sam Houston Race Park,2026-06-06,4,00:52,Claiming 250y,Claiming,Dirt,250y,"$14,500",1,Jjs Dashin Perry,Villatoro Noe,Rivera-Antopia Leonardo,20/1,False,Quarter Horse,tvg,https://api.tvg.com/cosmo/v1/graphql,2026-06-06T01:50:50.364349,1.0.0,Paint Me Perry,Dashin To Enjoy,Dashin Bye,4,F,Martin Azua,128,21/1,22.0,21.0,HOU-4,2026-06-06T00:52:02Z,10
HOU,Sam Houston Race Park,2026-06-06,4,00:52,Claiming 250y,Claiming,Dirt,250y,"$14,500",2,Good Friday Patrona,Vivanco Luis L,Rangel Abraham,30/1,False,Quarter Horse,tvg,https://api.tvg.com/cosmo/v1/graphql,2026-06-06T01:50:50.364359,1.0.0,Down N Dash,Ourglasse,Dominyun,5,M,Jesus Brayen Martinez,128,24/1,25.0,31.0,HOU-4,2026-06-06T00:52:02Z,10
HOU,Sam Houston Race Park,2026-06-06,4,00:52,Claiming 250y,Claiming,Dirt,250y,"$14,500",3,Cr Cheetah Fein,Ortega Miguel,Ortega Juan C,9/2,False,Quarter Horse,tvg,https://api.tvg.com/cosmo/v1/graphql,2026-06-06T01:50:50.364369,1.0.0,Tarzanito,Shesofein,Ivory James,4,F,Juan Carlos Ortega,128,3/1,4.0,5.5,HOU-4,2026-06-06T00:52:02Z,10
HOU,Sam Houston Race Park,2026-06-06,4,00:52,Claiming 250y,Claiming,Dirt,250y,"$14,500",4,Cholulaa,Herbert Jose R,Gonzalez Gilberto,3/1,False,Quarter Horse,tvg,https://api.tvg.com/cosmo/v1/graphql,2026-06-06T01:50:50.364379,1.0.0,Chilitos,Valiant Felicity,Valiant Hero,3,F,Guerras Racing Stables,125,7/1,8.0,4.0,HOU-4,2026-06-06T00:52:02Z,10
HOU,Sam Houston Race Park,2026-06-06,4,00:52,Claiming 250y,Claiming,Dirt,250y,"$14,500",5,The Cartel Master,Medina Alejandro,Bolen Bradley C,2/1,False,Quarter Horse,tvg,https://api.tvg.com/cosmo/v1/graphql,2026-06-06T01:50:50.364388,1.0.0,Carters Cartel,Roughian,Valiant Hero,5,G,Debra M. Gotovac,128,7/2,4.5,3.0,HOU-4,2026-06-06T00:52:02Z,10
HOU,Sam Houston Race Park,2026-06-06,4,00:52,Claiming 250y,Claiming,Dirt,250y,"$14,500",6,One Fine Wine,Fierro Angel A,Rodriguez Martin,8/1,False,Quarter Horse,tvg,https://api.tvg.com/cosmo/v1/graphql,2026-06-06T01:50:50.364395,1.0.0,Hawkeye,Shezawinesnob,Heza Fast Dash,4,G,Victor R. Villarreal M.D.,128,11/1,12.0,9.0,HOU-4,2026-06-06T00:52:02Z,10
HOU,Sam Houston Race Park,2026-06-06,4,00:52,Claiming 250y,Claiming,Dirt,250y,"$14,500",7,Di The Peytons Kiss,Martinez Oliver E,Martinez Jose I,6/1,False,Quarter Horse,tvg,https://api.tvg.com/cosmo/v1/graphql,2026-06-06T01:50:50.364403,1.0.0,Kiss My Hocks,Peytons Jazzin Hi,Mr Piloto,3,F,Jacobo Garza,125,3/1,4.0,7.0,HOU-4,2026-06-06T00:52:02Z,10
HOU,Sam Houston Race Park,2026-06-06,4,00:52,Claiming 250y,Claiming,Dirt,250y,"$14,500",8,Trs Lumbre,Luviano Eduardo,Hernandez Javier N,15/1,False,Quarter Horse,tvg,https://api.tvg.com/cosmo/v1/graphql,2026-06-06T01:50:50.364413,1.0.0,Bolt Of Fire,Wn Lilly,Dale Badon,4,F,Baudelio Gonzalez,128,37/1,38.0,16.0,HOU-4,2026-06-06T00:52:02Z,10
HOU,Sam Houston Race Park,2026-06-06,4,00:52,Claiming 250y,Claiming,Dirt,250y,"$14,500",9,Tunda Mighty Bug,Maldonado Luis A,Fuentes Sergio,12/1,False,Quarter Horse,tvg,https://api.tvg.com/cosmo/v1/graphql,2026-06-06T01:50:50.364422,1.0.0,Thunder Mighty Bug,Marys Corazon,Azoom,3,F,Fernando Soto and Rolando Soto,125,6/1,7.0,13.0,HOU-4,2026-06-06T00:52:02Z,10
HOU,Sam Houston Race Park,2026-06-06,4,00:52,Claiming 250y,Claiming,Dirt,250y,"$14,500",10,Kings Volcom Yg,Mata Edgar U,Mendoza Edgar V,20/1,False,Quarter Horse,tvg,https://api.tvg.com/cosmo/v1/graphql,2026-06-06T01:50:50.364431,1.0.0,Volcoms Weapon,Coronas Heartbeat Yg,Class King,4,G,Elizabeth Navarro,128,14/1,15.0,21.0,HOU-4,2026-06-06T00:52:02Z,10
HOU,Sam Houston Race Park,2026-06-06,5,01:15,Maiden 300y,Maiden,Dirt,300y,"$17,000",1,Zipporah Stone,Pina Garcia Rosendo E,Garcia Wendy A,12/1,True,Quarter Horse,tvg,https://api.tvg.com/cosmo/v1/graphql,2026-06-06T01:50:50.364449,1.0.0,Hes Innocent,Sc South Sixteen,Pyc Paint Your Wagon,2,F,Rancho La Cobra,124,12/1,13.0,13.0,HOU-5,2026-06-06T01:15:53Z,10
HOU,Sam Houston Race Park,2026-06-06,5,01:15,Maiden 300y,Maiden,Dirt,300y,"$17,000",2,Cold Hearted Cowgirl,Herbert Jose R,Stroud Brian,9/2,False,Quarter Horse,tvg,https://api.tvg.com/cosmo/v1/graphql,2026-06-06T01:50:50.364459,1.0.0,This Is An Eagle,Felony Fashion,Bodacious Dash,2,F,Alan M. and Tawn F. Perkins,124,2/1,3.0,5.5,HOU-5,2026-06-06T01:15:53Z,10
HOU,Sam Houston Race Park,2026-06-06,5,01:15,Maiden 300y,Maiden,Dirt,300y,"$17,000",3,Chikana,Pragedis J. Murgia,Munoz Jr Sergio,20/1,False,Quarter Horse,tvg,https://api.tvg.com/cosmo/v1/graphql,2026-06-06T01:50:50.364468,1.0.0,Mental Error,Blondies Leaving You,Coronas Leaving You,2,F,Rebecca Ann Preston,124,20/1,21.0,21.0,HOU-5,2026-06-06T01:15:53Z,10
HOU,Sam Houston Race Park,2026-06-06,5,01:15,Maiden 300y,Maiden,Dirt,300y,"$17,000",4,Nl Chilitas Cartel,"Delarosa, Jr. Ruben","Campos, Jr Francisco",7/2,False,Quarter Horse,tvg,https://api.tvg.com/cosmo/v1/graphql,2026-06-06T01:50:50.364477,1.0.0,Chilitos,Roll Model,No Secrets Here,2,F,Salvador Olvera,124,2/1,3.0,4.5,HOU-5,2026-06-06T01:15:53Z,10
HOU,Sam Houston Race Park,2026-06-06,5,01:15,Maiden 300y,Maiden,Dirt,300y,"$17,000",5,My Fierce Lady,"Hernandez, Jr. Raul P",Garcia Juan I,10/1,False,Quarter Horse,tvg,https://api.tvg.com/cosmo/v1/graphql,2026-06-06T01:50:50.364485,1.0.0,Pyc Paint Your Wagon,Ec Five,Valiant Hero,2,F,Jennifer Lynn Lozano,124,7/1,8.0,11.0,HOU-5,2026-06-06T01:15:53Z,10
HOU,Sam Houston Race Park,2026-06-06,5,01:15,Maiden 300y,Maiden,Dirt,300y,"$17,000",6,Pocket Fulla Money,Alvarez Jose A,Boegner John,15/1,False,Quarter Horse,tvg,https://api.tvg.com/cosmo/v1/graphql,2026-06-06T01:50:50.364493,1.0.0,Boknaai,Streakin N Dancin,Streakin La Jolla,2,F,John Boegner,124,22/1,23.0,16.0,HOU-5,2026-06-06T01:15:53Z,10
HOU,Sam Houston Race Park,2026-06-06,5,01:15,Maiden 300y,Maiden,Dirt,300y,"$17,000",7,Apollitical Racey,Zuniga Alejandro L,Mejia Jacobo,12/1,False,Quarter Horse,tvg,https://api.tvg.com/cosmo/v1/graphql,2026-06-06T01:50:50.364502,1.0.0,Ajesster,Racey Stacey,Corona Cocktail,2,F,Edgar A. Molina,124,18/1,19.0,13.0,HOU-5,2026-06-06T01:15:53Z,10
HOU,Sam Houston Race Park,2026-06-06,5,01:15,Maiden 300y,Maiden,Dirt,300y,"$17,000",8,Marthas First Rock,Vivanco Luis L,Rubio Esteban,8/1,False,Quarter Horse,tvg,https://api.tvg.com/cosmo/v1/graphql,2026-06-06T01:50:50.364510,1.0.0,Rock Solid Jess,Marthas First Corona,Tinys First Corona,2,F,Sarah Huskey,124,10/1,11.0,9.0,HOU-5,2026-06-06T01:15:53Z,10
HOU,Sam Houston Race Park,2026-06-06,5,01:15,Maiden 300y,Maiden,Dirt,300y,"$17,000",9,Fearless Family,Linares Gilberto,Stinebaugh John A,2/1,False,Quarter Horse,tvg,https://api.tvg.com/cosmo/v1/graphql,2026-06-06T01:50:50.364521,1.0.0,Tempting,Family Dynasty,Fdd Dynasty,2,F,Gentry Farms (Robert Kirk Gentry) and Jackpot Farms,124,7/2,4.5,3.0,HOU-5,2026-06-06T01:15:53Z,10
HOU,Sam Houston Race Park,2026-06-06,5,01:15,Maiden 300y,Maiden,Dirt,300y,"$17,000",10,Go Bold Eagle Gol,Fierro Angel A,Rodriguez Martin,20/1,False,Quarter Horse,tvg,https://api.tvg.com/cosmo/v1/graphql,2026-06-06T01:50:50.364530,1.0.0,This Is An Eagle,Sweet Liza Red,Gol,2,F,Javier Lujan,124,59/1,60.0,21.0,HOU-5,2026-06-06T01:15:53Z,10
HOU,Sam Houston Race Park,2026-06-06,6,01:41,Maiden 300y,Maiden,Dirt,300y,"$17,000",1,Denhawken,"Delarosa, Jr. Ruben",Villarreal Ramiro B,5/2,False,Quarter Horse,tvg,https://api.tvg.com/cosmo/v1/graphql,2026-06-06T01:50:50.364552,1.0.0,This Is An Eagle,Ms Annas Courage,Captain Courage,2,G,John A. Obregon,124,1/5,1.2,3.5,HOU-6,2026-06-06T01:41:38Z,10
HOU,Sam Houston Race Park,2026-06-06,6,01:41,Maiden 300y,Maiden,Dirt,300y,"$17,000",2,Pikkon,Linares Gilberto,Flores Pedro,15/1,False,Quarter Horse,tvg,https://api.tvg.com/cosmo/v1/graphql,2026-06-06T01:50:50.364561,1.0.0,Freighttrain B,Landaulette,Mr Jess Perry,2,G,Pedro Flores,124,34/1,35.0,16.0,HOU-6,2026-06-06T01:41:38Z,10
HOU,Sam Houston Race Park,2026-06-06,6,01:41,Maiden 300y,Maiden,Dirt,300y,"$17,000",3,Rr Coronas Rocket,Villatoro Noe,Sanchez Rodolfo,6/1,False,Quarter Horse,tvg,https://api.tvg.com/cosmo/v1/graphql,2026-06-06T01:50:50.364569,1.0.0,First Down Dash,Absolutely Brilliant,Corona Cartel,2,C,"AA Farms, LLC",124,4/1,5.0,7.0,HOU-6,2026-06-06T01:41:38Z,10
HOU,Sam Houston Race Park,2026-06-06,6,01:41,Maiden 300y,Maiden,Dirt,300y,"$17,000",4,Emergenz,Medina Alejandro,Gonzalez Gilberto,12/1,False,Quarter Horse,tvg,https://api.tvg.com/cosmo/v1/graphql,2026-06-06T01:50:50.364579,1.0.0,Hawkeye,Bac In Front,Foose,2,G,Guerras Racing Stables,124,11/1,12.0,13.0,HOU-6,2026-06-06T01:41:38Z,10
HOU,Sam Houston Race Park,2026-06-06,6,01:41,Maiden 300y,Maiden,Dirt,300y,"$17,000",5,Nl Ivory Cartel,Villarreal Jose E,"Perez, Jr. Francisco",20/1,False,Quarter Horse,tvg,https://api.tvg.com/cosmo/v1/graphql,2026-06-06T01:50:50.364586,1.0.0,Ivory James,Secret Prize V,Hez Our Secret,2,C,Jose Antonio Jimenez,124,40/1,41.0,21.0,HOU-6,2026-06-06T01:41:38Z,10
HOU,Sam Houston Race Park,2026-06-06,6,01:41,Maiden 300y,Maiden,Dirt,300y,"$17,000",6,Tac It Or Leave It,Ramirez Froylan T,Bolen Bradley C,8/1,False,Quarter Horse,tvg,https://api.tvg.com/cosmo/v1/graphql,2026-06-06T01:50:50.364594,1.0.0,Rc Me Leaving You,Tac It Bac,Tac It Like A Man,2,G,Debra M. Gotovac,124,15/1,16.0,9.0,HOU-6,2026-06-06T01:41:38Z,10
HOU,Sam Houston Race Park,2026-06-06,6,01:41,Maiden 300y,Maiden,Dirt,300y,"$17,000",7,Mister Carter,Pina Garcia Rosendo E,Talamantes Rene,8/5,True,Quarter Horse,tvg,https://api.tvg.com/cosmo/v1/graphql,2026-06-06T01:50:50.364602,1.0.0,Carters Cartel,Game Dreamer,Game Patriot,2,G,"AA Farms, LLC",124,8/5,2.6,2.6,HOU-6,2026-06-06T01:41:38Z,10
HOU,Sam Houston Race Park,2026-06-06,6,01:41,Maiden 300y,Maiden,Dirt,300y,"$17,000",8,Hi Priority,Martinez Olvin J,Martinez Jose I,15/1,False,Quarter Horse,tvg,https://api.tvg.com/cosmo/v1/graphql,2026-06-06T01:50:50.364611,1.0.0,Tres Seis,Paloma Blanca B,Prospect To The Top,2,G,Jose Luis Salazar,124,14/1,15.0,16.0,HOU-6,2026-06-06T01:41:38Z,10
HOU,Sam Houston Race Park,2026-06-06,6,01:41,Maiden 300y,Maiden,Dirt,300y,"$17,000",9,Warrior Stone,Martinez Oliver E,Garcia Wendy A,20/1,True,Quarter Horse,tvg,https://api.tvg.com/cosmo/v1/graphql,2026-06-06T01:50:50.364620,1.0.0,Favorite Cartel,First Prize Corina,Spit Curl Jess,2,G,Rancho La Cobra,124,20/1,21.0,21.0,HOU-6,2026-06-06T01:41:38Z,10
HOU,Sam Houston Race Park,2026-06-06,6,01:41,Maiden 300y,Maiden,Dirt,300y,"$17,000",10,Asc Cartels Banker,Herbert Jose R,Stroud Brian,20/1,False,Quarter Horse,tvg,https://api.tvg.com/cosmo/v1/graphql,2026-06-06T01:50:50.364627,1.0.0,Carters Cartel,Bank Onit Betsy,Valiant Hero,2,G,Alan and Sharon Colley,124,23/1,24.0,21.0,HOU-6,2026-06-06T01:41:38Z,10
HOU,Sam Houston Race Park,2026-06-06,7,02:06,Maiden 300y,Maiden,Dirt,300y,"$17,000",1,Dulce Gone Wild,Linares Gilberto,Loza Mario J,9/2,False,Quarter Horse,tvg,https://api.tvg.com/cosmo/v1/graphql,2026-06-06T01:50:50.364645,1.0.0,Dulce Sin Tacha,Famous Wildthang,Corona Cartel,3,C,Lou Ann Amis,125,12/1,13.0,5.5,HOU-7,2026-06-06T02:06:00Z,10
HOU,Sam Houston Race Park,2026-06-06,7,02:06,Maiden 300y,Maiden,Dirt,300y,"$17,000",2,Jess Good As Gold,"Hernandez, Jr. Raul P",Jungers Marc E,7/2,False,Quarter Horse,tvg,https://api.tvg.com/cosmo/v1/graphql,2026-06-06T01:50:50.364654,1.0.0,Jess Good Candy,Goldy,Favorite Cartel,3,F,Jerry Windham,125,3/1,4.0,4.5,HOU-7,2026-06-06T02:06:00Z,10
HOU,Sam Houston Race Park,2026-06-06,7,02:06,Maiden 300y,Maiden,Dirt,300y,"$17,000",3,Got Cartel Cowboy,Villatoro Noe,Guzman Adan,5/2,False,Quarter Horse,tvg,https://api.tvg.com/cosmo/v1/graphql,2026-06-06T01:50:50.364664,1.0.0,Flying Cowboy 123,Gotcha Cartel,Corona Cartel,3,G,"Jesus Maria Alvarez, Jr.",125,9/5,2.8,3.5,HOU-7,2026-06-06T02:06:00Z,10
HOU,Sam Houston Race Park,2026-06-06,7,02:06,Maiden 300y,Maiden,Dirt,300y,"$17,000",4,Sheruningoutmoonlite,Vivanco Luis L,Birdow Oscar,8/1,False,Quarter Horse,tvg,https://api.tvg.com/cosmo/v1/graphql,2026-06-06T01:50:50.364673,1.0.0,Lethal Corona,Ms Zip Cash,Ej Cash Lad,3,F,Singletary Clemons Family,125,8/1,9.0,9.0,HOU-7,2026-06-06T02:06:00Z,10
HOU,Sam Houston Race Park,2026-06-06,7,02:06,Maiden 300y,Maiden,Dirt,300y,"$17,000",5,Ms Easter Deb,Martinez Olvin J,Bustos Bonifacio,10/1,False,Quarter Horse,tvg,https://api.tvg.com/cosmo/v1/graphql,2026-06-06T01:50:50.364684,1.0.0,Lil Kool Wagon,Easter Debbie,Fiend,3,F,Minnie Deleon,125,9/1,10.0,11.0,HOU-7,2026-06-06T02:06:00Z,10
HOU,Sam Houston Race Park,2026-06-06,7,02:06,Maiden 300y,Maiden,Dirt,300y,"$17,000",6,Big Sky Cowboy,Medina Alejandro,Bolen Bradley C,6/1,False,Quarter Horse,tvg,https://api.tvg.com/cosmo/v1/graphql,2026-06-06T01:50:50.364692,1.0.0,Flying Cowboy 123,Newport Lily,Stoli,3,G,Debra M. Gotovac,125,5/1,6.0,7.0,HOU-7,2026-06-06T02:06:00Z,10
HOU,Sam Houston Race Park,2026-06-06,7,02:06,Maiden 300y,Maiden,Dirt,300y,"$17,000",7,Jessastreakineffort,Fierro Angel A,Rivas Correa Jorge,20/1,False,Quarter Horse,tvg,https://api.tvg.com/cosmo/v1/graphql,2026-06-06T01:50:50.364702,1.0.0,Flattery Swinginjess,Full Moon Perry,Pretty Boy Perry,3,F,Todd and Shanna Venson,125,6/1,7.0,21.0,HOU-7,2026-06-06T02:06:00Z,10
HOU,Sam Houston Race Park,2026-06-06,7,02:06,Maiden 300y,Maiden,Dirt,300y,"$17,000",8,Krashotoole,Hernandez Eleazar R,Sanchez Carlos B,15/1,False,Quarter Horse,tvg,https://api.tvg.com/cosmo/v1/graphql,2026-06-06T01:50:50.364713,1.0.0,Krash Course,Cartel M,The Louisiana Cartel,3,C,Sergio Mendez,125,99/1,100.0,16.0,HOU-7,2026-06-06T02:06:00Z,10
HOU,Sam Houston Race Park,2026-06-06,7,02:06,Maiden 300y,Maiden,Dirt,300y,"$17,000",9,Sovereignti,Herbert Jose R,Gonzalez Gilberto,15/1,False,Quarter Horse,tvg,https://api.tvg.com/cosmo/v1/graphql,2026-06-06T01:50:50.364721,1.0.0,Favorite Cartel,Ancient Empress,Stoli,3,F,Guerras Racing Stables,125,99/1,100.0,16.0,HOU-7,2026-06-06T02:06:00Z,10
HOU,Sam Houston Race Park,2026-06-06,7,02:06,Maiden 300y,Maiden,Dirt,300y,"$17,000",10,Famous Moon Risen,"Delarosa, Jr. Ruben","Saenz, Jr. Octavio",20/1,False,Quarter Horse,tvg,https://api.tvg.com/cosmo/v1/graphql,2026-06-06T01:50:50.364729,1.0.0,Separatist,Risen Eagle,One Famous Eagle,3,F,Val Gonzalez and Tonya Trower Gonzalez,125,14/1,15.0,21.0,HOU-7,2026-06-06T02:06:00Z,10
HOU,Sam Houston Race Park,2026-06-06,8,02:32,Maiden 300y,Maiden,Dirt,300y,"$17,000",1,Rock Solid Cowgirl,Martinez Oliver E,Rubio Esteban,20/1,False,Quarter Horse,tvg,https://api.tvg.com/cosmo/v1/graphql,2026-06-06T01:50:50.364747,1.0.0,Flying Cowboy 123,Cmc Rock Solid Chick,Rock Solid Jess,2,F,Sarah Huskey,124,20/1,21.0,21.0,HOU-8,2026-06-06T02:32:00Z,10
HOU,Sam Houston Race Park,2026-06-06,8,02:32,Maiden 300y,Maiden,Dirt,300y,"$17,000",2,Karlees Kool Wagon,"Hernandez, Jr. Raul P",Muniz Janessa L,7/2,False,Quarter Horse,tvg,https://api.tvg.com/cosmo/v1/graphql,2026-06-06T01:50:50.364755,1.0.0,Lil Kool Wagon,Two Karlees,Sean Roy,2,F,Shane and Brooke Snow,124,7/2,4.5,4.5,HOU-8,2026-06-06T02:32:00Z,10
HOU,Sam Houston Race Park,2026-06-06,8,02:32,Maiden 300y,Maiden,Dirt,300y,"$17,000",3,Ms Tres Seis Oro,Fierro Angel A,Stroud Brian,2/1,False,Quarter Horse,tvg,https://api.tvg.com/cosmo/v1/graphql,2026-06-06T01:50:50.364764,1.0.0,Tres Seis,Rrunaway Chick,Ocean Runaway,2,F,James R. Hrabovsky and Joye Leann Nalls,124,2/1,3.0,3.0,HOU-8,2026-06-06T02:32:00Z,10
HOU,Sam Houston Race Park,2026-06-06,8,02:32,Maiden 300y,Maiden,Dirt,300y,"$17,000",4,Sassy Wagon,Linares Gilberto,Stinebaugh John A,9/2,False,Quarter Horse,tvg,https://api.tvg.com/cosmo/v1/graphql,2026-06-06T01:50:50.364773,1.0.0,Pyc Paint Your Wagon,Sassafire,Walk Thru Fire,2,F,RDS Legacy Racing LLC,124,9/2,5.5,5.5,HOU-8,2026-06-06T02:32:00Z,10
HOU,Sam Houston Race Park,2026-06-06,8,02:32,Maiden 300y,Maiden,Dirt,300y,"$17,000",5,Spitfire Cowgirl 123,Vivanco Luis L,Jungers Marc E,6/1,False,Quarter Horse,tvg,https://api.tvg.com/cosmo/v1/graphql,2026-06-06T01:50:50.364781,1.0.0,Flying Cowboy 123,Sheza Rusty Lady,Heza Fast Dash,2,F,Bob and Jerry Ann Gaston,124,6/1,7.0,7.0,HOU-8,2026-06-06T02:32:00Z,10
HOU,Sam Houston Race Park,2026-06-06,8,02:32,Maiden 300y,Maiden,Dirt,300y,"$17,000",6,Flying Eagle V,Ramirez Froylan T,Cantu Juan I,15/1,False,Quarter Horse,tvg,https://api.tvg.com/cosmo/v1/graphql,2026-06-06T01:50:50.364789,1.0.0,Gold Heart Eagle V,Rf My Special Duck,Oak Tree Special,2,F,Gregorio Garcia,124,15/1,16.0,16.0,HOU-8,2026-06-06T02:32:00Z,10
HOU,Sam Houston Race Park,2026-06-06,8,02:32,Maiden 300y,Maiden,Dirt,300y,"$17,000",7,Cowgirl Fantasy,"Delarosa, Jr. Ruben","Campos, Jr Francisco",20/1,True,Quarter Horse,tvg,https://api.tvg.com/cosmo/v1/graphql,2026-06-06T01:50:50.364798,1.0.0,Flying Cowboy 123,Dashformoomoo,Fast Prize Dash,2,F,Jesus E. Longoria,124,20/1,21.0,21.0,HOU-8,2026-06-06T02:32:00Z,10
HOU,Sam Houston Race Park,2026-06-06,8,02:32,Maiden 300y,Maiden,Dirt,300y,"$17,000",8,Divina Tres Seis,Pina Garcia Rosendo E,Talamantes Rene,10/1,False,Quarter Horse,tvg,https://api.tvg.com/cosmo/v1/graphql,2026-06-06T01:50:50.364806,1.0.0,Tres Seis,Looking Executive,First Down Dash,2,F,Emmanuel Villarreal,124,10/1,11.0,11.0,HOU-8,2026-06-06T02:32:00Z,10
HOU,Sam Houston Race Park,2026-06-06,8,02:32,Maiden 300y,Maiden,Dirt,300y,"$17,000",9,Sanlorenzita On Fire,Scratched,,99/1,True,Quarter Horse,tvg,https://api.tvg.com/cosmo/v1/graphql,2026-06-06T01:50:50.364817,1.0.0,San Lorenzo,Fire Out The Box,Highest Fire,2,F,,0,99/1,100.0,100.0,HOU-8,2026-06-06T02:32:00Z,10
HOU,Sam Houston Race Park,2026-06-06,8,02:32,Maiden 300y,Maiden,Dirt,300y,"$17,000",10,Nicki Nicole,Zuniga Alejandro L,Mejia Jacobo,8/1,False,Quarter Horse,tvg,https://api.tvg.com/cosmo/v1/graphql,2026-06-06T01:50:50.364826,1.0.0,A Dashing Valentine,Killistos Classic,Time Bandit,2,F,Jacobo Mejia,124,8/1,9.0,9.0,HOU-8,2026-06-06T02:32:00Z,10
HOU,Sam Houston Race Park,2026-06-06,9,02:58,Maiden 300y,Maiden,Dirt,300y,"$17,000",1,Cowboy Cumbia,Maldonado Luis A,Fuentes Sergio,10/1,False,Quarter Horse,tvg,https://api.tvg.com/cosmo/v1/graphql,2026-06-06T01:50:50.364842,1.0.0,Flying Cowboy 123,Coronas Runaway,Coronas Fast Dash,2,G,Gaston Rodriguez,124,10/1,11.0,11.0,HOU-9,2026-06-06T02:58:00Z,10
HOU,Sam Houston Race Park,2026-06-06,9,02:58,Maiden 300y,Maiden,Dirt,300y,"$17,000",2,Mallboro Rojo,Pina Garcia Rosendo E,Talamantes Rene,7/5,False,Quarter Horse,tvg,https://api.tvg.com/cosmo/v1/graphql,2026-06-06T01:50:50.364850,1.0.0,This Is An Eagle,Gbh Zippy,Feature Mr Jess,2,G,"AA Farms, LLC",124,7/5,2.4,2.4,HOU-9,2026-06-06T02:58:00Z,10
HOU,Sam Houston Race Park,2026-06-06,9,02:58,Maiden 300y,Maiden,Dirt,300y,"$17,000",3,Justa Perfect Cowboy,Martinez Oliver E,Flores Manuel,20/1,False,Quarter Horse,tvg,https://api.tvg.com/cosmo/v1/graphql,2026-06-06T01:50:50.364860,1.0.0,Flying Cowboy 123,Just A Perfect Grace,Ja Jess Perfect,2,C,Shirley Flores,124,20/1,21.0,21.0,HOU-9,2026-06-06T02:58:00Z,10
HOU,Sam Houston Race Park,2026-06-06,9,02:58,Maiden 300y,Maiden,Dirt,300y,"$17,000",4,Seaductive Pursuit,Linares Gilberto,Loza Mario J,15/1,False,Quarter Horse,tvg,https://api.tvg.com/cosmo/v1/graphql,2026-06-06T01:50:50.364867,1.0.0,In Hott Pursuit,Seaduction,Foose,2,G,Lou Ann Amis,124,15/1,16.0,16.0,HOU-9,2026-06-06T02:58:00Z,10
HOU,Sam Houston Race Park,2026-06-06,9,02:58,Maiden 300y,Maiden,Dirt,300y,"$17,000",5,Bessotheangel,Herbert Jose R,Osorio Hector R,8/1,False,Quarter Horse,tvg,https://api.tvg.com/cosmo/v1/graphql,2026-06-06T01:50:50.364874,1.0.0,Kiss My Hocks,Kappucino Angel,Proudest Effort,2,G,Jose Alfredo Rodriguez,124,8/1,9.0,9.0,HOU-9,2026-06-06T02:58:00Z,10
HOU,Sam Houston Race Park,2026-06-06,9,02:58,Maiden 300y,Maiden,Dirt,300y,"$17,000",6,Favorite Blood,Fierro Angel A,"Reyes, Jr. Marcelo",9/2,False,Quarter Horse,tvg,https://api.tvg.com/cosmo/v1/graphql,2026-06-06T01:50:50.364882,1.0.0,Social Distance,Apollitical Follie,Apollitical Blood,2,C,Sheri and Jack Rosinski,124,9/2,5.5,5.5,HOU-9,2026-06-06T02:58:00Z,10
HOU,Sam Houston Race Park,2026-06-06,9,02:58,Maiden 300y,Maiden,Dirt,300y,"$17,000",7,Fidelio,Ramirez Froylan T,Tellez Brittany N,10/1,False,Quarter Horse,tvg,https://api.tvg.com/cosmo/v1/graphql,2026-06-06T01:50:50.364890,1.0.0,Golden Boi,Dee Dee Perry,Mr Jess Perry,2,C,"Ubaldo Fuentes, Jr.",124,10/1,11.0,11.0,HOU-9,2026-06-06T02:58:00Z,10
HOU,Sam Houston Race Park,2026-06-06,9,02:58,Maiden 300y,Maiden,Dirt,300y,"$17,000",8,Eagle Desire,"Delarosa, Jr. Ruben",Manucy Joseph D,12/1,False,Quarter Horse,tvg,https://api.tvg.com/cosmo/v1/graphql,2026-06-06T01:50:50.364899,1.0.0,This Is An Eagle,Desire Astoli,Desirio,2,G,"Jesus Molina, Jr.",124,12/1,13.0,13.0,HOU-9,2026-06-06T02:58:00Z,10
HOU,Sam Houston Race Park,2026-06-06,9,02:58,Maiden 300y,Maiden,Dirt,300y,"$17,000",9,Kj Money Maker,Vivanco Luis L,Jungers Marc E,6/1,False,Quarter Horse,tvg,https://api.tvg.com/cosmo/v1/graphql,2026-06-06T01:50:50.364907,1.0.0,Kj Mucho Macho Man,Mystical Desire,Desirio,2,G,Gary Lee,124,6/1,7.0,7.0,HOU-9,2026-06-06T02:58:00Z,10
HOU,Sam Houston Race Park,2026-06-06,9,02:58,Maiden 300y,Maiden,Dirt,300y,"$17,000",10,Eagle F15,"Hernandez, Jr. Raul P",Muniz Janessa L,15/1,True,Quarter Horse,tvg,https://api.tvg.com/cosmo/v1/graphql,2026-06-06T01:50:50.364915,1.0.0,One Famous Eagle,Riskee Chic,Tinys First Corona,2,G,Shane and Brooke Snow,124,15/1,16.0,16.0,HOU-9,2026-06-06T02:58:00Z,10
HOU,Sam Houston Race Park,2026-06-06,10,03:24,Allowance 330y,Allowance,Dirt,330y,"$21,000",1,El Princpe Carlos,Fierro Angel A,Rodriguez Martin,3/1,False,Quarter Horse,tvg,https://api.tvg.com/cosmo/v1/graphql,2026-06-06T01:50:50.364933,1.0.0,The Marfa Lights,Sheza Cool Wagon,Pyc Paint Your Wagon,3,G,Carlos Arturo Lopez,125,3/1,4.0,4.0,HOU-10,2026-06-06T03:24:00Z,10
HOU,Sam Houston Race Park,2026-06-06,10,03:24,Allowance 330y,Allowance,Dirt,330y,"$21,000",2,Giocosa,Zuniga Alejandro L,Basham J. R,12/1,False,Quarter Horse,tvg,https://api.tvg.com/cosmo/v1/graphql,2026-06-06T01:50:50.364941,1.0.0,Bogart,Honeys Goldmine,Ninety Nine Goldmine,3,F,Gary Easley,125,12/1,13.0,13.0,HOU-10,2026-06-06T03:24:00Z,10
HOU,Sam Houston Race Park,2026-06-06,10,03:24,Allowance 330y,Allowance,Dirt,330y,"$21,000",3,Chasing Glory,Vivanco Luis L,Olaveson Ben,4/1,False,Quarter Horse,tvg,https://api.tvg.com/cosmo/v1/graphql,2026-06-06T01:50:50.364951,1.0.0,Apollitical Jess,Sera Jess Fine V,Jess Lips,3,F,"Don C. Griffin, Jr.",125,4/1,5.0,5.0,HOU-10,2026-06-06T03:24:00Z,10
HOU,Sam Houston Race Park,2026-06-06,10,03:24,Allowance 330y,Allowance,Dirt,330y,"$21,000",4,Shes My Bias,"Hernandez, Jr. Raul P",Alvarado Enrique,6/1,False,Quarter Horse,tvg,https://api.tvg.com/cosmo/v1/graphql,2026-06-06T01:50:50.364959,1.0.0,Desirio,Vf My Favorite Chick,Favorite Cartel,3,F,Manuel Ortiz,125,6/1,7.0,7.0,HOU-10,2026-06-06T03:24:00Z,10
HOU,Sam Houston Race Park,2026-06-06,10,03:24,Allowance 330y,Allowance,Dirt,330y,"$21,000",5,Shesaquickchilitos,Herbert Jose R,Sanchez Rodolfo,15/1,False,Quarter Horse,tvg,https://api.tvg.com/cosmo/v1/graphql,2026-06-06T01:50:50.364968,1.0.0,Chilitos,My Quick Fun,Shazoom,4,F,Quetitas Racing Stables,128,15/1,16.0,16.0,HOU-10,2026-06-06T03:24:00Z,10
HOU,Sam Houston Race Park,2026-06-06,10,03:24,Allowance 330y,Allowance,Dirt,330y,"$21,000",6,Apollitical Lelo,Ramirez Froylan T,Cantu Juan I,5/1,False,Quarter Horse,tvg,https://api.tvg.com/cosmo/v1/graphql,2026-06-06T01:50:50.364976,1.0.0,Apollitical Spirit,Cosmo Lela,Cosmograph,4,G,"Jose Edelio Cantu, Jr.",128,5/1,6.0,6.0,HOU-10,2026-06-06T03:24:00Z,10
HOU,Sam Houston Race Park,2026-06-06,10,03:24,Allowance 330y,Allowance,Dirt,330y,"$21,000",7,Jetblack Corona Chic,Vera Eliazar T,Pena Arnoldo L,12/1,False,Quarter Horse,tvg,https://api.tvg.com/cosmo/v1/graphql,2026-06-06T01:50:50.364983,1.0.0,Ec Jet One,Patriots Chic,Jet Black Patriot,3,F,Gerardo Perez,125,12/1,13.0,13.0,HOU-10,2026-06-06T03:24:00Z,10
HOU,Sam Houston Race Park,2026-06-06,10,03:24,Allowance 330y,Allowance,Dirt,330y,"$21,000",8,Otts Moore,Villatoro Noe,Sanchez Iii Jose L,15/1,False,Quarter Horse,tvg,https://api.tvg.com/cosmo/v1/graphql,2026-06-06T01:50:50.364991,1.0.0,Mr Ottyes,Lovely Legs,Strawflyin Buds,3,G,Luke R. Goebel,125,15/1,16.0,16.0,HOU-10,2026-06-06T03:24:00Z,10
HOU,Sam Houston Race Park,2026-06-06,10,03:24,Allowance 330y,Allowance,Dirt,330y,"$21,000",9,Grand Charming Elan,Linares Gilberto,Lopez Jose U,9/2,False,Quarter Horse,tvg,https://api.tvg.com/cosmo/v1/graphql,2026-06-06T01:50:50.364999,1.0.0,Fdd Going Grand,Charming Money Pop,Jodys Money Pop,4,F,Santos Martinez,128,9/2,5.5,5.5,HOU-10,2026-06-06T03:24:00Z,10
HOU,Sam Houston Race Park,2026-06-06,10,03:24,Allowance 330y,Allowance,Dirt,330y,"$21,000",10,Deleon Bay,Martinez Olvin J,Bustos Bonifacio,30/1,False,Quarter Horse,tvg,https://api.tvg.com/cosmo/v1/graphql,2026-06-06T01:50:50.365007,1.0.0,Jr Dynasty Mountain,Seis Of Hearts,Sixes Royal,3,C,Minnie Deleon,125,30/1,31.0,31.0,HOU-10,2026-06-06T03:24:00Z,10
MED,Meadowlands,2026-06-06,1,22:48,Pace 1m,Pace,Dirt,1m,"$11,500",1,Rockabilly Charm,"Baker, Bruce","D'alessandro,",20/1,False,Harness,tvg,https://api.tvg.com/cosmo/v1/graphql,2026-06-06T01:50:50.373497,1.0.0,Rock N Roll Heaven,Keystone Mystique,Camluck,11,G,"Victoria K D'Alessandro,Cranford,NJ",0,67/1,68.0,21.0,MED-1,2026-06-05T22:48:31Z,10
MED,Meadowlands,2026-06-06,1,22:48,Pace 1m,Pace,Dirt,1m,"$11,500",2,Lincoln Boulevard,"Beltrami, Tony","Czermann, Juli",15/1,False,Harness,tvg,https://api.tvg.com/cosmo/v1/graphql,2026-06-06T01:50:50.373512,1.0.0,Sportswriter,Trama Unit,Mach Three,8,H,"Joseph Loprete,Clark,NJ",0,44/1,45.0,16.0,MED-1,2026-06-05T22:48:31Z,10
MED,Meadowlands,2026-06-06,1,22:48,Pace 1m,Pace,Dirt,1m,"$11,500",3,Whammer Jammer,"Slendorn, Jame","Harrison, Kelv",6/1,False,Harness,tvg,https://api.tvg.com/cosmo/v1/graphql,2026-06-06T01:50:50.373526,1.0.0,Always B Miki,Somesleazetoplease,Somebeachsomewhere,7,G,"James B Slendorn,Howell,NJ",0,4/1,5.0,7.0,MED-1,2026-06-05T22:48:31Z,10
MED,Meadowlands,2026-06-06,1,22:48,Pace 1m,Pace,Dirt,1m,"$11,500",4,Muscle Factory A,"Sheridan, N. (","Tritton, Shane",7/2,False,Harness,tvg,https://api.tvg.com/cosmo/v1/graphql,2026-06-06T01:50:50.373532,1.0.0,Roll With Joe,Malena,Jereme's Jet,11,H,"Newton M Sheridan,Manchester,NJ;Tea",0,2/1,3.0,4.5,MED-1,2026-06-05T22:48:31Z,10
MED,Meadowlands,2026-06-06,1,22:48,Pace 1m,Pace,Dirt,1m,"$11,500",5,Warrawee Yankee,"Silva, Mark","Silva, Mark",3/1,False,Harness,tvg,https://api.tvg.com/cosmo/v1/graphql,2026-06-06T01:50:50.373539,1.0.0,Sweet Lou,Warrawee Quick,Sportswriter,6,G,"Mark A Silva,Millstone Township,NJ",0,5/2,3.5,4.0,MED-1,2026-06-05T22:48:31Z,10
MED,Meadowlands,2026-06-06,1,22:48,Pace 1m,Pace,Dirt,1m,"$11,500",6,Master Miki,"Hernandez, Geo","Hernandez, Geo",10/1,False,Harness,tvg,https://api.tvg.com/cosmo/v1/graphql,2026-06-06T01:50:50.373545,1.0.0,Always B Miki,Mastery Blue Chip,Shadow Play,8,G,"Geovany Hernandez,Wrightstown,NJ",0,8/1,9.0,11.0,MED-1,2026-06-05T22:48:31Z,10
MED,Meadowlands,2026-06-06,1,22:48,Pace 1m,Pace,Dirt,1m,"$11,500",7,Hungryhungry Hippo,"Cassar, Darran","Magie, Brian J",4/1,False,Harness,tvg,https://api.tvg.com/cosmo/v1/graphql,2026-06-06T01:50:50.373550,1.0.0,Stay Hungry,Breezy De Vie,Bettor's Delight,6,G,"S& S Equine LLC,Atco,NJ",0,9/2,5.5,5.0,MED-1,2026-06-05T22:48:31Z,10
MED,Meadowlands,2026-06-06,1,22:48,Pace 1m,Pace,Dirt,1m,"$11,500",8,Yer So Bad,"Harrison, Will","Taft, Karen",10/1,False,Harness,tvg,https://api.tvg.com/cosmo/v1/graphql,2026-06-06T01:50:50.373556,1.0.0,Roll With Joe,Vanite Semalu,Chief Marty,9,G,"Karen A Taft,Bradley Beach,NJ",0,23/1,24.0,11.0,MED-1,2026-06-05T22:48:31Z,10
MED,Meadowlands,2026-06-06,1,22:48,Pace 1m,Pace,Dirt,1m,"$11,500",9,Rock On Line,"Verruso, Antho","Spicer, Veroni",8/1,False,Harness,tvg,https://api.tvg.com/cosmo/v1/graphql,2026-06-06T01:50:50.373562,1.0.0,Rock N Roll Heaven,Kandy's Delight,Bettor's Delight,12,H,"Anthony John Verruso,Whitestone,NY",0,12/1,13.0,9.0,MED-1,2026-06-05T22:48:31Z,10
MED,Meadowlands,2026-06-06,1,22:48,Pace 1m,Pace,Dirt,1m,"$11,500",10,Duddie's Lor,"Calabrese, Joh","Posner, Michae",12/1,False,Harness,tvg,https://api.tvg.com/cosmo/v1/graphql,2026-06-06T01:50:50.373568,1.0.0,Somebeachsomewhere,Kiss Dont Bite,Four Starzzz Shark,10,G,"Michael D Posner,Jackson,NJ;Bruce &",0,53/1,54.0,13.0,MED-1,2026-06-05T22:48:31Z,10
MED,Meadowlands,2026-06-06,2,23:09,Trot 1m,Trot,Dirt,1m,"$10,000",1,Muscle Maximus,"Tetrick, Tim","Burke, Ron",8/1,False,Harness,tvg,https://api.tvg.com/cosmo/v1/graphql,2026-06-06T01:50:50.373585,1.0.0,Muscle Hill,Sette Deo,Chapter Seven,3,C,"Burke Rcg Stb,Frdrcktwn,PA;Weaver B",0,27/1,28.0,9.0,MED-2,2026-06-05T23:09:21Z,7
MED,Meadowlands,2026-06-06,2,23:09,Trot 1m,Trot,Dirt,1m,"$10,000",2,King Of The Wind,"Bongiorno, Joe","Bongiorno, Joe",5/2,False,Harness,tvg,https://api.tvg.com/cosmo/v1/graphql,2026-06-06T01:50:50.373592,1.0.0,Walner,Wind Stroll,Muscle Mass,3,G,"El Dorado Stables,Ft Myers,FL",0,5/2,3.5,3.5,MED-2,2026-06-05T23:09:21Z,7
MED,Meadowlands,2026-06-06,2,23:09,Trot 1m,Trot,Dirt,1m,"$10,000",3,Southwind Gallatin,"Miller, Tyler","Miller, Julie",9/2,False,Harness,tvg,https://api.tvg.com/cosmo/v1/graphql,2026-06-06T01:50:50.373599,1.0.0,Walner,Gotta Believe,Donato Hanover,3,C,"Andy Miller Stb,Crm Rdg,NJ;P Hoopes",0,18/1,19.0,5.5,MED-2,2026-06-05T23:09:21Z,7
MED,Meadowlands,2026-06-06,2,23:09,Trot 1m,Trot,Dirt,1m,"$10,000",4,Nix Nacken,"Dunn, Dexter","Melander, Marc",2/1,False,Harness,tvg,https://api.tvg.com/cosmo/v1/graphql,2026-06-06T01:50:50.373606,1.0.0,Muscle Hill,Nixie Volo,Yankee Glide,3,G,"Courant Inc,Delray Beach,FL",0,1/2,1.5,3.0,MED-2,2026-06-05T23:09:21Z,7
MED,Meadowlands,2026-06-06,2,23:09,Trot 1m,Trot,Dirt,1m,"$10,000",5,Foreign Xchange,"Bartlett, Jaso","Kiefer, Jacob",15/1,False,Harness,tvg,https://api.tvg.com/cosmo/v1/graphql,2026-06-06T01:50:50.373611,1.0.0,Six Pack,Romana S,Enjoy Lavec,3,G,"Kiefer Elite Bldstock LLC,Campbell",0,88/1,89.0,16.0,MED-2,2026-06-05T23:09:21Z,7
MED,Meadowlands,2026-06-06,2,23:09,Trot 1m,Trot,Dirt,1m,"$10,000",6,Classic Pickle,"Mccarthy, Todd","Stoebe, Annie",8/1,False,Harness,tvg,https://api.tvg.com/cosmo/v1/graphql,2026-06-06T01:50:50.373616,1.0.0,Tactical Landing,Classic Martine,Classic Photo,3,G,"C Annie Stoebe,New Egypt,NJ",0,15/1,16.0,9.0,MED-2,2026-06-05T23:09:21Z,7
MED,Meadowlands,2026-06-06,2,23:09,Trot 1m,Trot,Dirt,1m,"$10,000",7,Nordic Dancer S,"Svanstedt, Ake","Svanstedt, Ake",4/1,False,Harness,tvg,https://api.tvg.com/cosmo/v1/graphql,2026-06-06T01:50:50.373621,1.0.0,Six Pack,That Woman Hanover,Somebeachsomewhere,3,C,"Flygind Gaard Inc,Delray Beach,FL",0,6/1,7.0,5.0,MED-2,2026-06-05T23:09:21Z,7
MED,Meadowlands,2026-06-06,3,23:31,Trot 1m,Trot,Dirt,1m,"$25,000",1,Naked And Famous,"Mccarthy, Todd","Daley, Noel",5/2,False,Harness,tvg,https://api.tvg.com/cosmo/v1/graphql,2026-06-06T01:50:50.373634,1.0.0,Six Pack,Sleep Tight My Luv,Credit Winner,3,F,"Ctc Stable,Chestnut Ridge,NY",0,3/5,1.6,3.5,MED-3,2026-06-05T23:31:33Z,7
MED,Meadowlands,2026-06-06,3,23:31,Trot 1m,Trot,Dirt,1m,"$25,000",2,Respect N Honor,"Dunn, Dexter","Norman, R. Nif",5/1,False,Harness,tvg,https://api.tvg.com/cosmo/v1/graphql,2026-06-06T01:50:50.373640,1.0.0,Muscle Hill,Honor Thy Daughter,Donato Hanover,3,F,"David H Mc Duffee,Rye,NH;Melvin Har",0,15/1,16.0,6.0,MED-3,2026-06-05T23:31:33Z,7
MED,Meadowlands,2026-06-06,3,23:31,Trot 1m,Trot,Dirt,1m,"$25,000",3,Madam Cheval,"Tetrick, Tim","Takter, Nancy",3/1,False,Harness,tvg,https://api.tvg.com/cosmo/v1/graphql,2026-06-06T01:50:50.373646,1.0.0,Walner,Shake It Cerry,Donato Hanover,3,F,"M Biasuzzi Stable Inc,Pompano Beach",0,5/1,6.0,4.0,MED-3,2026-06-05T23:31:33Z,7
MED,Meadowlands,2026-06-06,3,23:31,Trot 1m,Trot,Dirt,1m,"$25,000",4,Diamond Bay,"Bongiorno, Joe","Daley, Noel",8/1,False,Harness,tvg,https://api.tvg.com/cosmo/v1/graphql,2026-06-06T01:50:50.373651,1.0.0,Six Pack,Tactical Caviar,Sj's Caviar,3,F,"Patricia Stbs,Mspq,NY;Caviart Fms,V",0,75/1,76.0,9.0,MED-3,2026-06-05T23:31:33Z,7
MED,Meadowlands,2026-06-06,3,23:31,Trot 1m,Trot,Dirt,1m,"$25,000",5,R Candy,"Zeron, Scott","Toscano, Linda",6/1,False,Harness,tvg,https://api.tvg.com/cosmo/v1/graphql,2026-06-06T01:50:50.373656,1.0.0,Walner,Lovely Lindy,Cantab Hall,3,F,"M& L De/Armitage Farm,Wilmington,DE",0,19/1,20.0,7.0,MED-3,2026-06-05T23:31:33Z,7
MED,Meadowlands,2026-06-06,3,23:31,Trot 1m,Trot,Dirt,1m,"$25,000",6,Isabella Bi,"Svanstedt, Ake","Svanstedt, Ake",7/2,False,Harness,tvg,https://api.tvg.com/cosmo/v1/graphql,2026-06-06T01:50:50.373663,1.0.0,Tactical Landing,Call Me Bi It,Ready Cash,3,F,"Ake Svanstedt,NJ;Joe Sbrocco& Jaf R",0,2/1,3.0,4.5,MED-3,2026-06-05T23:31:33Z,7
MED,Meadowlands,2026-06-06,3,23:31,Trot 1m,Trot,Dirt,1m,"$25,000",7,Days Away,"Bartlett, Jaso","Engblom, Per",8/1,False,Harness,tvg,https://api.tvg.com/cosmo/v1/graphql,2026-06-06T01:50:50.373670,1.0.0,Muscle Hill,Danae,Andover Hall,3,F,"Fredericka V Caldwell,Georgetown,KY",0,18/1,19.0,9.0,MED-3,2026-06-05T23:31:33Z,7
MED,Meadowlands,2026-06-06,4,23:53,Pace 1m,Pace,Dirt,1m,"$8,000",1,Mare Of The City,"Martin, Joe","Tirella, Carl",12/1,False,Harness,tvg,https://api.tvg.com/cosmo/v1/graphql,2026-06-06T01:50:50.373685,1.0.0,Always B Miki,Music City,Bettor's Delight,6,M,"Ramesh B Pitti,New York,NY",0,99/1,100.0,13.0,MED-4,2026-06-05T23:53:03Z,9
MED,Meadowlands,2026-06-06,4,23:53,Pace 1m,Pace,Dirt,1m,"$8,000",2,Wishin For Kisses,"Bongiorno, Joe","Austin, Michae",4/1,False,Harness,tvg,https://api.tvg.com/cosmo/v1/graphql,2026-06-06T01:50:50.373690,1.0.0,Dude's The Man,Thirsty For Kisses,Artsplace,4,M,"Michael Dale Austin,Pine Bush,NY",0,4/1,5.0,5.0,MED-4,2026-06-05T23:53:03Z,9
MED,Meadowlands,2026-06-06,4,23:53,Pace 1m,Pace,Dirt,1m,"$8,000",3,Woodmere Leah,"Herschberger,","Dunning, Jody",5/2,False,Harness,tvg,https://api.tvg.com/cosmo/v1/graphql,2026-06-06T01:50:50.373696,1.0.0,Rollwithitharry,Oh Pretty Leigh,Western Ideal,8,M,"Edward M Gutin,Massapequa,NY",0,7/2,4.5,3.5,MED-4,2026-06-05T23:53:03Z,9
MED,Meadowlands,2026-06-06,4,23:53,Pace 1m,Pace,Dirt,1m,"$8,000",4,Cutting Humor,"Sheridan, N. (","Iordan, Leo",15/1,False,Harness,tvg,https://api.tvg.com/cosmo/v1/graphql,2026-06-06T01:50:50.373701,1.0.0,Heston Blue Chip,Latin Liftoff,Shotgun Scott,7,M,"Leo T Iordan,Millstone Twp,NJ",0,99/1,100.0,16.0,MED-4,2026-06-05T23:53:03Z,9
MED,Meadowlands,2026-06-06,4,23:53,Pace 1m,Pace,Dirt,1m,"$8,000",5,Santafe's Mj,"Hernandez, Geo","Polhemus, Mich",15/1,False,Harness,tvg,https://api.tvg.com/cosmo/v1/graphql,2026-06-06T01:50:50.373708,1.0.0,Bettor's Delight,Thesantafe Express,Western Hanover,8,M,"Backstreet Racing LLC,Baltic,OH",0,85/1,86.0,16.0,MED-4,2026-06-05T23:53:03Z,9
MED,Meadowlands,2026-06-06,4,23:53,Pace 1m,Pace,Dirt,1m,"$8,000",6,Lovely Lady May,"Miller, Tyler","Urbanski, John",9/2,False,Harness,tvg,https://api.tvg.com/cosmo/v1/graphql,2026-06-06T01:50:50.373714,1.0.0,Always A Virgin,Odds On Cygnus,Art Major,8,M,"John Joseph Urbanski,Bridgeton,NJ",0,13/1,14.0,5.5,MED-4,2026-06-05T23:53:03Z,9
MED,Meadowlands,2026-06-06,4,23:53,Pace 1m,Pace,Dirt,1m,"$8,000",7,Pull Me Through,"Bartlett, Jaso","Lauer, Bruce",3/1,False,Harness,tvg,https://api.tvg.com/cosmo/v1/graphql,2026-06-06T01:50:50.373719,1.0.0,Westwardho Hanover,Charter Flight,Mattduff,8,M,"Klis Brothers Stable,E Northport,NY",0,1/2,1.5,4.0,MED-4,2026-06-05T23:53:03Z,9
MED,Meadowlands,2026-06-06,4,23:53,Pace 1m,Pace,Dirt,1m,"$8,000",8,Baby Doll Jen,"Borjas, Anibal","Nunes, Lewis",6/1,False,Harness,tvg,https://api.tvg.com/cosmo/v1/graphql,2026-06-06T01:50:50.373724,1.0.0,Rusty's For Real,Change Maker,Art's Conquest,7,M,"John A Bosch,Clarksboro,NJ",0,17/1,18.0,7.0,MED-4,2026-06-05T23:53:03Z,9
MED,Meadowlands,2026-06-06,4,23:53,Pace 1m,Pace,Dirt,1m,"$8,000",9,Surreal Reflection,"Darish, Shane","Darish, Shane",20/1,False,Harness,tvg,https://api.tvg.com/cosmo/v1/graphql,2026-06-06T01:50:50.373744,1.0.0,So Surreal,Upfront Secret,The Panderosa,5,M,"Shane R Darish,Bloomingburg,NY",0,87/1,88.0,21.0,MED-4,2026-06-05T23:53:03Z,9
MED,Meadowlands,2026-06-06,5,00:17,Trot 1m,Trot,Dirt,1m,"$9,500",1,Gillys De Vie,"Martin, Joe","Martin, Joe",6/1,False,Harness,tvg,https://api.tvg.com/cosmo/v1/graphql,2026-06-06T01:50:50.373760,1.0.0,Bar Hopping,Fan Favourite,Angus Hall,5,G,"Beauty Bridle Rac Stb Inc,South Amb",0,9/1,10.0,7.0,MED-5,2026-06-06T00:17:15Z,9
MED,Meadowlands,2026-06-06,5,00:17,Trot 1m,Trot,Dirt,1m,"$9,500",2,Hoofbeats De Vie,"Ahle, Johnatha","Lakata, Christ",6/1,False,Harness,tvg,https://api.tvg.com/cosmo/v1/graphql,2026-06-06T01:50:50.373765,1.0.0,Charlie De Vie,Velma K,Conway Hall,7,G,"Joie De Vie Farm LLC,Jobstown,NJ",0,6/1,7.0,7.0,MED-5,2026-06-06T00:17:15Z,9
MED,Meadowlands,2026-06-06,5,00:17,Trot 1m,Trot,Dirt,1m,"$9,500",3,What A Buckeye,"Bartlett, Jaso","Alvarez, Maria",9/2,False,Harness,tvg,https://api.tvg.com/cosmo/v1/graphql,2026-06-06T01:50:50.373771,1.0.0,What The Hill,Broadway Fantasy,Broadway Hall,4,G,"Friendship Stables LLC,Mountain Lak",0,3/1,4.0,5.5,MED-5,2026-06-06T00:17:15Z,9
MED,Meadowlands,2026-06-06,5,00:17,Trot 1m,Trot,Dirt,1m,"$9,500",4,Fashion Forever,"Bongiorno, Joe","Garland, Karen",8/1,False,Harness,tvg,https://api.tvg.com/cosmo/v1/graphql,2026-06-06T01:50:50.373777,1.0.0,Credit Winner,Yalta Hanover,Andover Hall,11,G,"George Bullukian,Franklin,MA;Charle",0,16/1,17.0,9.0,MED-5,2026-06-06T00:17:15Z,9
MED,Meadowlands,2026-06-06,5,00:17,Trot 1m,Trot,Dirt,1m,"$9,500",5,Checkmate Hall,"Dupont, Donald","Dupont, Marie",12/1,False,Harness,tvg,https://api.tvg.com/cosmo/v1/graphql,2026-06-06T01:50:50.373782,1.0.0,Cantab Hall,Checkmate Time,Muscle Hill,5,M,"Marie B Dupont,Howell,NJ",0,46/1,47.0,13.0,MED-5,2026-06-06T00:17:15Z,9
MED,Meadowlands,2026-06-06,5,00:17,Trot 1m,Trot,Dirt,1m,"$9,500",6,Rock My Universe,"Miller, Tyler","Harmon, Rob",7/2,False,Harness,tvg,https://api.tvg.com/cosmo/v1/graphql,2026-06-06T01:50:50.373788,1.0.0,Walner,Youlightupmyworld,Explosive Matter,5,G,"A P Racing,West Chester,PA",0,9/1,10.0,4.5,MED-5,2026-06-06T00:17:15Z,9
MED,Meadowlands,2026-06-06,5,00:17,Trot 1m,Trot,Dirt,1m,"$9,500",7,Airmans Jackpot,"Tetrick, Tim","Lachance, Pat",3/1,False,Harness,tvg,https://api.tvg.com/cosmo/v1/graphql,2026-06-06T01:50:50.373794,1.0.0,Airman Batten,Cannot Tell A Lie,Glidemaster,6,M,"Thomas Ceraso Jr,Stamford,CT",0,4/5,1.8,4.0,MED-5,2026-06-06T00:17:15Z,9
MED,Meadowlands,2026-06-06,5,00:17,Trot 1m,Trot,Dirt,1m,"$9,500",8,Melissa P,"Zeron, Scott","Ginsburg, Vinc",8/1,False,Harness,tvg,https://api.tvg.com/cosmo/v1/graphql,2026-06-06T01:50:50.373801,1.0.0,Swan In A Million,Fortuona K,Muscle Massive,4,M,"Jaypaul R Hoover,Ephrata,PA",0,25/1,26.0,9.0,MED-5,2026-06-06T00:17:15Z,9
MED,Meadowlands,2026-06-06,5,00:17,Trot 1m,Trot,Dirt,1m,"$9,500",9,Chiplosive,"Herschberger,","Alvarez, Maria",12/1,False,Harness,tvg,https://api.tvg.com/cosmo/v1/graphql,2026-06-06T01:50:50.373806,1.0.0,Explosive Matter,Brooke Blue Chip,Credit Winner,10,G,"Terrence D Smith,Lancaster,TX",0,82/1,83.0,13.0,MED-5,2026-06-06T00:17:15Z,9
MED,Meadowlands,2026-06-06,6,00:46,Trot 1m,Trot,Dirt,1m,"$10,000",1,Nightcap Mearas S,"Bongiorno, Joe","Andersen, Nick",6/1,False,Harness,tvg,https://api.tvg.com/cosmo/v1/graphql,2026-06-06T01:50:50.373818,1.0.0,Walner,Morningstar,Cantab Hall,3,F,"Snogarps Gard Inc,Delray Beach,FL",0,10/1,11.0,7.0,MED-6,2026-06-06T00:46:32Z,7
MED,Meadowlands,2026-06-06,6,00:46,Trot 1m,Trot,Dirt,1m,"$10,000",2,Lady On The Hill,"Svanstedt, Ake","Svanstedt, Ake",5/1,False,Harness,tvg,https://api.tvg.com/cosmo/v1/graphql,2026-06-06T01:50:50.373823,1.0.0,Muscle Hill,Seventimesalady,Chapter Seven,3,F,"Ake Svanstedt Inc,Wrightstown,NJ;Li",0,6/1,7.0,6.0,MED-6,2026-06-06T00:46:32Z,7
MED,Meadowlands,2026-06-06,6,00:46,Trot 1m,Trot,Dirt,1m,"$10,000",3,Brattitude,"Dunn, Dexter","Pinske, Carter",7/2,False,Harness,tvg,https://api.tvg.com/cosmo/v1/graphql,2026-06-06T01:50:50.373829,1.0.0,Tactical Landing,Love Muffin,Andover Hall,3,F,"Robert J Leblanc,NY,NY;David H Ande",0,6/5,2.2,4.5,MED-6,2026-06-06T00:46:32Z,7
MED,Meadowlands,2026-06-06,6,00:46,Trot 1m,Trot,Dirt,1m,"$10,000",4,Kickan,"Tetrick, Tim","Norman, R. Nif",4/1,False,Harness,tvg,https://api.tvg.com/cosmo/v1/graphql,2026-06-06T01:50:50.373835,1.0.0,Walner,You Ato Dream,Donato Hanover,3,F,"David H Mc Duffee,Rye,NH;Melvin Har",0,14/1,15.0,5.0,MED-6,2026-06-06T00:46:32Z,7
MED,Meadowlands,2026-06-06,6,00:46,Trot 1m,Trot,Dirt,1m,"$10,000",5,R Gem,"Bartlett, Jaso","Toscano, Linda",3/1,False,Harness,tvg,https://api.tvg.com/cosmo/v1/graphql,2026-06-06T01:50:50.373841,1.0.0,Propulsion,Jewels In Hock,Credit Winner,3,F,"M& L De/Armitage Farm,Wilmington,DE",0,5/2,3.5,4.0,MED-6,2026-06-06T00:46:32Z,7
MED,Meadowlands,2026-06-06,6,00:46,Trot 1m,Trot,Dirt,1m,"$10,000",6,Zuzu Zoom,"Mccarthy, Todd","Daley, Noel",20/1,False,Harness,tvg,https://api.tvg.com/cosmo/v1/graphql,2026-06-06T01:50:50.373847,1.0.0,Walner,Zoes Choice,Muscle Hill,3,F,"Patricia Stbl& Laexpress,NJ;Joe Sbr",0,73/1,74.0,21.0,MED-6,2026-06-06T00:46:32Z,7
MED,Meadowlands,2026-06-06,6,00:46,Trot 1m,Trot,Dirt,1m,"$10,000",7,Rani Hanover,"Zeron, Scott","Alagna, Tony",5/2,False,Harness,tvg,https://api.tvg.com/cosmo/v1/graphql,2026-06-06T01:50:50.373853,1.0.0,Walner,Ramona Hill,Muscle Hill,3,F,"Kenneth E Jacobs,Baldwinsville,NY",0,7/2,4.5,3.5,MED-6,2026-06-06T00:46:32Z,7
MED,Meadowlands,2026-06-06,7,01:08,Pace 1m,Pace,Dirt,1m,"$11,500",1,The Opener,"Baker, Bruce","Williams, Kare",8/1,False,Harness,tvg,https://api.tvg.com/cosmo/v1/graphql,2026-06-06T01:50:50.373864,1.0.0,Lazarus N,Dallas Jones,Sportsmaster,6,G,"Beverly Schiffman,Wayne,NJ",0,9/1,10.0,9.0,MED-7,2026-06-06T01:08:07Z,10
MED,Meadowlands,2026-06-06,7,01:08,Pace 1m,Pace,Dirt,1m,"$11,500",2,Uilliam,"Urbanski, John","Urbanski, Alex",15/1,False,Harness,tvg,https://api.tvg.com/cosmo/v1/graphql,2026-06-06T01:50:50.373870,1.0.0,Sunfire Blue Chip,Uilleann,Mcardle,5,H,"Alexandra M Urbanski,Allentown,NJ",0,80/1,81.0,16.0,MED-7,2026-06-06T01:08:07Z,10
MED,Meadowlands,2026-06-06,7,01:08,Pace 1m,Pace,Dirt,1m,"$11,500",3,Count Mara,"Sheridan, N. (","Pyott, John",15/1,False,Harness,tvg,https://api.tvg.com/cosmo/v1/graphql,2026-06-06T01:50:50.373875,1.0.0,Lis Mara,Madam Countess,Art Major,7,G,"John R Pyott,Vineland,NJ",0,99/1,100.0,16.0,MED-7,2026-06-06T01:08:07Z,10
MED,Meadowlands,2026-06-06,7,01:08,Pace 1m,Pace,Dirt,1m,"$11,500",4,Cole On The Beach,"Cassar, Darran","Erzene, Kubi",20/1,False,Harness,tvg,https://api.tvg.com/cosmo/v1/graphql,2026-06-06T01:50:50.373881,1.0.0,Somebeachsomewhere,Talkative,Well Said,10,G,"Kubi Michael Erzene,Pemberton,NJ",0,65/1,66.0,21.0,MED-7,2026-06-06T01:08:07Z,10
MED,Meadowlands,2026-06-06,7,01:08,Pace 1m,Pace,Dirt,1m,"$11,500",5,Star X,"Silva, Mark","Silva, Mark",3/1,False,Harness,tvg,https://api.tvg.com/cosmo/v1/graphql,2026-06-06T01:50:50.373887,1.0.0,Downbytheseaside,Higher And Higher,Western Terror,3,G,"All Star Racing Inc,Towaco,NJ",0,2/1,3.0,4.0,MED-7,2026-06-06T01:08:07Z,10
MED,Meadowlands,2026-06-06,7,01:08,Pace 1m,Pace,Dirt,1m,"$11,500",6,Always A Way,"Beltrami, Tony","Czermann, Juli",5/1,False,Harness,tvg,https://api.tvg.com/cosmo/v1/graphql,2026-06-06T01:50:50.373893,1.0.0,Always A Virgin,Ladybones,Bettor's Delight,6,G,"Joseph Loprete,Clark,NJ",0,3/1,4.0,6.0,MED-7,2026-06-06T01:08:07Z,10
MED,Meadowlands,2026-06-06,7,01:08,Pace 1m,Pace,Dirt,1m,"$11,500",7,Meet The Creeper,"Chiodo, Bruno","Chiodo, Stacy",6/1,False,Harness,tvg,https://api.tvg.com/cosmo/v1/graphql,2026-06-06T01:50:50.373898,1.0.0,Well Said,Real Comfort,Real Desire,9,G,"Chiodo Racing LLC,Jackson,NJ",0,8/1,9.0,7.0,MED-7,2026-06-06T01:08:07Z,10
MED,Meadowlands,2026-06-06,7,01:08,Pace 1m,Pace,Dirt,1m,"$11,500",8,Seize Control,"Glasser, Neil","Sager, Eddie",6/1,False,Harness,tvg,https://api.tvg.com/cosmo/v1/graphql,2026-06-06T01:50:50.373904,1.0.0,Control The Moment,Art Instructor,Art Major,8,G,"Neil A Glasser,Manalapan,NJ",0,9/2,5.5,7.0,MED-7,2026-06-06T01:08:07Z,10
MED,Meadowlands,2026-06-06,7,01:08,Pace 1m,Pace,Dirt,1m,"$11,500",9,Tricky Captain N,"Hernandez, Geo","Hernandez, Geo",8/1,False,Harness,tvg,https://api.tvg.com/cosmo/v1/graphql,2026-06-06T01:50:50.373909,1.0.0,Captaintreacherous,Tricky Woman,In The Pocket,5,G,"Geovany Hernandez,Wrightstown,NJ",0,12/1,13.0,9.0,MED-7,2026-06-06T01:08:07Z,10
MED,Meadowlands,2026-06-06,7,01:08,Pace 1m,Pace,Dirt,1m,"$11,500",10,Squankum Lady,"Slendorn, Jame","Height, Chris",7/2,False,Harness,tvg,https://api.tvg.com/cosmo/v1/graphql,2026-06-06T01:50:50.373914,1.0.0,Always B Miki,Legio X Equestris,Roll With Joe,3,F,"James B Slendorn,Howell,NJ",0,9/2,5.5,4.5,MED-7,2026-06-06T01:08:07Z,10
MED,Meadowlands,2026-06-06,8,01:30,Trot 1m,Trot,Dirt,1m,"$25,000",1,Diabolic Hill,"Mccarthy, Todd","Stoebe, Annie",4/1,False,Harness,tvg,https://api.tvg.com/cosmo/v1/graphql,2026-06-06T01:50:50.373926,1.0.0,Muscle Hill,Crysti Dream,Infinitif,3,C,"M Mazza,Lxhtch,FL;C Stoebe,Nw Egypt",0,1/1,2.0,5.0,MED-8,2026-06-06T01:30:49Z,11
MED,Meadowlands,2026-06-06,8,01:30,Trot 1m,Trot,Dirt,1m,"$25,000",2,Southwind Fargo,"Svanstedt, Ake","Svanstedt, Ake",12/1,False,Harness,tvg,https://api.tvg.com/cosmo/v1/graphql,2026-06-06T01:50:50.373932,1.0.0,Tactical Landing,Fillyanthropy,Donato Hanover,3,G,"Rivers Stable Inc,Aalborg,DE",0,99/1,100.0,13.0,MED-8,2026-06-06T01:30:49Z,11
MED,Meadowlands,2026-06-06,8,01:30,Trot 1m,Trot,Dirt,1m,"$25,000",3,American Power,"Melander, Matt","Melander, Marc",5/1,False,Harness,tvg,https://api.tvg.com/cosmo/v1/graphql,2026-06-06T01:50:50.373937,1.0.0,Walner,Ariana G,Muscle Hill,3,C,"M Biasuzzi Stable Inc,Pompano Beach",0,14/1,15.0,6.0,MED-8,2026-06-06T01:30:49Z,11
MED,Meadowlands,2026-06-06,8,01:30,Trot 1m,Trot,Dirt,1m,"$25,000",4,Southwind Alamo,"Ahle, Johnatha","Coyne, Ron Jr",12/1,False,Harness,tvg,https://api.tvg.com/cosmo/v1/graphql,2026-06-06T01:50:50.373943,1.0.0,Tactical Landing,Amber Ella,Chapter Seven,3,C,"Coyne& Pachuta Stb,Allentown,NJ; B",0,99/1,100.0,13.0,MED-8,2026-06-06T01:30:49Z,11
MED,Meadowlands,2026-06-06,8,01:30,Trot 1m,Trot,Dirt,1m,"$25,000",5,Practical Man,"Stratton, Jord","Fanning, Tom",10/1,False,Harness,tvg,https://api.tvg.com/cosmo/v1/graphql,2026-06-06T01:50:50.373948,1.0.0,Tactical Landing,Fashion Athena,Broadway Hall,3,C,"Joseph E Smith,Vero Beach,FL",0,79/1,80.0,11.0,MED-8,2026-06-06T01:30:49Z,11
MED,Meadowlands,2026-06-06,8,01:30,Trot 1m,Trot,Dirt,1m,"$25,000",6,Mega Shark,"Tetrick, Tim","Stoebe, Annie",8/1,False,Harness,tvg,https://api.tvg.com/cosmo/v1/graphql,2026-06-06T01:50:50.373954,1.0.0,Tactical Landing,Megadolce,Cantab Hall,3,C,"Mazza Racing Stables LLC,Loxahatche",0,19/1,20.0,9.0,MED-8,2026-06-06T01:30:49Z,11
MED,Meadowlands,2026-06-06,8,01:30,Trot 1m,Trot,Dirt,1m,"$25,000",7,Kingmen,"Bartlett, Jaso","Engblom, Per",8/1,False,Harness,tvg,https://api.tvg.com/cosmo/v1/graphql,2026-06-06T01:50:50.373960,1.0.0,Walner,Pats Inspiration,Credit Winner,3,C,"Peaceful Acre Farm,Litiitz,PA;Klee",0,47/1,48.0,9.0,MED-8,2026-06-06T01:30:49Z,11
MED,Meadowlands,2026-06-06,8,01:30,Trot 1m,Trot,Dirt,1m,"$25,000",8,Gustav,"Bongiorno, Joe","Takter, Nancy",10/1,False,Harness,tvg,https://api.tvg.com/cosmo/v1/graphql,2026-06-06T01:50:50.373966,1.0.0,Tactical Landing,Orange Bigi,Sj's Caviar,3,G,"N C Takter,Allentown,NJ;C Takter,E",0,83/1,84.0,11.0,MED-8,2026-06-06T01:30:49Z,11
MED,Meadowlands,2026-06-06,8,01:30,Trot 1m,Trot,Dirt,1m,"$25,000",9,Ardonne,"Zeron, Scott","Scran, Megan",12/1,False,Harness,tvg,https://api.tvg.com/cosmo/v1/graphql,2026-06-06T01:50:50.373971,1.0.0,Tactical Landing,Burberry,Father Patrick,3,C,"Philip S Steinberg,Weston,FL",0,61/1,62.0,13.0,MED-8,2026-06-06T01:30:49Z,11
MED,Meadowlands,2026-06-06,8,01:30,Trot 1m,Trot,Dirt,1m,"$25,000",10,Gabes Luck,"Tritton, Laure","Takter, Nancy",10/1,False,Harness,tvg,https://api.tvg.com/cosmo/v1/graphql,2026-06-06T01:50:50.373978,1.0.0,Walner,Born Lindy,Cantab Hall,3,C,"E Five Racing,Boca Raton,FL;John D",0,33/1,34.0,11.0,MED-8,2026-06-06T01:30:49Z,11
MED,Meadowlands,2026-06-06,8,01:30,Trot 1m,Trot,Dirt,1m,"$25,000",11,Apex,"Dunn, Dexter","Melander, Marc",3/1,False,Harness,tvg,https://api.tvg.com/cosmo/v1/graphql,2026-06-06T01:50:50.373983,1.0.0,Walner,Mission Brief,Muscle Hill,3,C,"Jeffrey S Snyder,New York,NY;S R F",0,4/5,1.8,4.0,MED-8,2026-06-06T01:30:49Z,11
MED,Meadowlands,2026-06-06,9,01:41,Pace 1m,Pace,Dirt,1m,"$20,000",1,Iscah Hanover,"Dauplaise, Jef","Bavosi, John",6/1,False,Harness,tvg,https://api.tvg.com/cosmo/v1/graphql,2026-06-06T01:50:50.373994,1.0.0,Stay Hungry,Ideal Weather,Western Ideal,3,G,"Jeffrey T Dauplaise,West Orange,NJ",0,11/1,12.0,7.0,MED-9,2026-06-06T01:41:00Z,9
MED,Meadowlands,2026-06-06,9,01:41,Pace 1m,Pace,Dirt,1m,"$20,000",2,Corvette Stingray,"Bartlett, Jaso","Toscano, Linda",9/2,False,Harness,tvg,https://api.tvg.com/cosmo/v1/graphql,2026-06-06T01:50:50.374000,1.0.0,Perfect Sting,Cheyenne Trish,Artiscape,3,G,"GRJ Partners LLC,Port Washington,NY",0,6/5,2.2,5.5,MED-9,2026-06-06T01:41:00Z,9
MED,Meadowlands,2026-06-06,9,01:41,Pace 1m,Pace,Dirt,1m,"$20,000",3,George's Wish,"Tetrick, Tim","Warren, Todd",8/1,False,Harness,tvg,https://api.tvg.com/cosmo/v1/graphql,2026-06-06T01:50:50.374005,1.0.0,Lazarus N,Keystone I Wish,Art Official,3,G,"Todd E Warren,Monee,IL;Lester R Pet",0,19/1,20.0,9.0,MED-9,2026-06-06T01:41:00Z,9
MED,Meadowlands,2026-06-06,9,01:41,Pace 1m,Pace,Dirt,1m,"$20,000",4,Captain Brunson,"Herschberger,","Harris, Andrew",10/1,False,Harness,tvg,https://api.tvg.com/cosmo/v1/graphql,2026-06-06T01:50:50.374011,1.0.0,Captaintreacherous,Sweet Diamond,Sweet Lou,3,C,"Punisher 11 Stable LLC,Freehold,NJ",0,34/1,35.0,11.0,MED-9,2026-06-06T01:41:00Z,9
MED,Meadowlands,2026-06-06,9,01:41,Pace 1m,Pace,Dirt,1m,"$20,000",5,Obliterate,"Ryder, Patrick","Ryder, Chris",3/1,False,Harness,tvg,https://api.tvg.com/cosmo/v1/graphql,2026-06-06T01:50:50.374016,1.0.0,Perfect Sting,Triple V Hanover,Somebeachsomewhere,3,C,"Robert A Mondillo,Delaware,OH;Craig",0,5/2,3.5,4.0,MED-9,2026-06-06T01:41:00Z,9
MED,Meadowlands,2026-06-06,9,01:41,Pace 1m,Pace,Dirt,1m,"$20,000",6,Thisbeestings Deo,"Bongiorno, Joe","Burke, Ron",7/2,False,Harness,tvg,https://api.tvg.com/cosmo/v1/graphql,2026-06-06T01:50:50.374023,1.0.0,Perfect Sting,Stephanie Deo,American Ideal,3,G,"Burke Rcg Stb,Frdrcktwn,PA;L Karr,B",0,7/2,4.5,4.5,MED-9,2026-06-06T01:41:00Z,9
MED,Meadowlands,2026-06-06,9,01:41,Pace 1m,Pace,Dirt,1m,"$20,000",7,Gunmetal,"Mccarthy, Todd","Pelling, Brett",6/1,False,Harness,tvg,https://api.tvg.com/cosmo/v1/graphql,2026-06-06T01:50:50.374029,1.0.0,Always B Miki,No More Losses,A Rocknroll Dance,3,G,"Diamond Creek Racing,Lexington,KY",0,11/1,12.0,7.0,MED-9,2026-06-06T01:41:00Z,9
MED,Meadowlands,2026-06-06,9,01:41,Pace 1m,Pace,Dirt,1m,"$20,000",8,Cloud Monster,"Ahle, Johnatha","Daley, Noel",15/1,False,Harness,tvg,https://api.tvg.com/cosmo/v1/graphql,2026-06-06T01:50:50.374036,1.0.0,Huntsville,Krispy Ginger,Always B Miki,3,G,"Ctc Stable,Chestnut Ridge,NY;Kdp St",0,62/1,63.0,16.0,MED-9,2026-06-06T01:41:00Z,9
MED,Meadowlands,2026-06-06,9,01:41,Pace 1m,Pace,Dirt,1m,"$20,000",9,Captain Underhand,"Zeron, Scott","Alagna, Tony",8/1,False,Harness,tvg,https://api.tvg.com/cosmo/v1/graphql,2026-06-06T01:50:50.374042,1.0.0,Captaintreacherous,Tall Glass Hanover,Betting Line,3,C,"Brittany Fms,Vrsls,KY;Marvin Katz,V",0,22/1,23.0,9.0,MED-9,2026-06-06T01:41:00Z,9
MED,Meadowlands,2026-06-06,10,02:20,Trot 1m,Trot,Dirt,1m,"$25,000",1,Jailbird Jog,"Macdonald, Ant","Mcginnis, Jaso",5/2,False,Harness,tvg,https://api.tvg.com/cosmo/v1/graphql,2026-06-06T01:50:50.374052,1.0.0,Tactical Landing,Miss Don Fanucci S,Sj's Caviar,3,F,"Thestable Jailbird Jog,Brunswick,OH",0,5/2,3.5,3.5,MED-10,2026-06-06T02:20:00Z,8
MED,Meadowlands,2026-06-06,10,02:20,Trot 1m,Trot,Dirt,1m,"$25,000",2,Southwind Chaska,"Tetrick, Tim","Oscarsson, Jim",4/1,False,Harness,tvg,https://api.tvg.com/cosmo/v1/graphql,2026-06-06T01:50:50.374058,1.0.0,Tactical Landing,Southwind Chai,Chapter Seven,3,F,"Oscarsson Rcg Stbl Inc,Delray Bch,F",0,4/1,5.0,5.0,MED-10,2026-06-06T02:20:00Z,8
MED,Meadowlands,2026-06-06,10,02:20,Trot 1m,Trot,Dirt,1m,"$25,000",3,Sugar Packet,"Bongiorno, Joe","Macintosh, Bla",6/1,False,Harness,tvg,https://api.tvg.com/cosmo/v1/graphql,2026-06-06T01:50:50.374064,1.0.0,Six Pack,Sugarcane Yankee,Windsong's Legacy,3,F,"Bay Pond Racing Stable,Malvern,PA;B",0,6/1,7.0,7.0,MED-10,2026-06-06T02:20:00Z,8
MED,Meadowlands,2026-06-06,10,02:20,Trot 1m,Trot,Dirt,1m,"$25,000",4,Night French Girl,"Ahle, Johnatha","Daley, Noel",15/1,False,Harness,tvg,https://api.tvg.com/cosmo/v1/graphql,2026-06-06T01:50:50.374069,1.0.0,Muscle Hill,Golden Girl Fr,Ready Cash,3,F,"Noel M Daley,Chesterfield,NJ",0,15/1,16.0,16.0,MED-10,2026-06-06T02:20:00Z,8
MED,Meadowlands,2026-06-06,10,02:20,Trot 1m,Trot,Dirt,1m,"$25,000",5,Leading Lady,"Zeron, Scott","Takter, Nancy",3/1,False,Harness,tvg,https://api.tvg.com/cosmo/v1/graphql,2026-06-06T01:50:50.374075,1.0.0,Walner,Muscle Dolly,Muscle Hill,3,F,"Black Horse Racing,Pompano Bch,FL;M",0,3/1,4.0,4.0,MED-10,2026-06-06T02:20:00Z,8
MED,Meadowlands,2026-06-06,10,02:20,Trot 1m,Trot,Dirt,1m,"$25,000",6,Sparks,"Svanstedt, Ake","Svanstedt, Ake",12/1,False,Harness,tvg,https://api.tvg.com/cosmo/v1/graphql,2026-06-06T01:50:50.374080,1.0.0,Walner,Sheer Energy,Muscle Mass,3,F,"Ake Svanstedt,NJ;Journey Hrss,FL;Gr",0,12/1,13.0,13.0,MED-10,2026-06-06T02:20:00Z,8
MED,Meadowlands,2026-06-06,10,02:20,Trot 1m,Trot,Dirt,1m,"$25,000",7,Whatarace Hanover,"Dunn, Dexter","Svanstedt, Ake",8/1,False,Harness,tvg,https://api.tvg.com/cosmo/v1/graphql,2026-06-06T01:50:50.374085,1.0.0,Walner,What A Knockout,Donato Hanover,3,F,"Ake Svanstedt Inc,Wrightstown,NJ;S",0,8/1,9.0,9.0,MED-10,2026-06-06T02:20:00Z,8
MED,Meadowlands,2026-06-06,10,02:20,Trot 1m,Trot,Dirt,1m,"$25,000",8,Emmas Mystery Ccl,"Mccarthy, Todd","Daley, Noel",9/2,False,Harness,tvg,https://api.tvg.com/cosmo/v1/graphql,2026-06-06T01:50:50.374091,1.0.0,Muscle Hill,Mistery Woman,Donato Hanover,3,F,"Winning Key Inc,Leechburg,PA",0,9/2,5.5,5.5,MED-10,2026-06-06T02:20:00Z,8
MED,Meadowlands,2026-06-06,11,02:45,Trot 1m,Trot,Dirt,1m,"$10,000",1,Ice Fall,"Zeron, Scott","Harris, Andrew",5/1,False,Harness,tvg,https://api.tvg.com/cosmo/v1/graphql,2026-06-06T01:50:50.374104,1.0.0,Walner,Ice Attraction,Muscle Hill,3,C,"Punisher 11 Stable LLC,Freehold,NJ",0,5/1,6.0,6.0,MED-11,2026-06-06T02:45:00Z,8
MED,Meadowlands,2026-06-06,11,02:45,Trot 1m,Trot,Dirt,1m,"$10,000",2,Skillful Tactics,"Tetrick, Tim","Takter, Nancy",3/1,False,Harness,tvg,https://api.tvg.com/cosmo/v1/graphql,2026-06-06T01:50:50.374109,1.0.0,Tactical Landing,Summers Windsong,Rc Royalty,3,C,"Leblanc& Kribbs,NY,NY;Pryde Stbs In",0,3/1,4.0,4.0,MED-11,2026-06-06T02:45:00Z,8
MED,Meadowlands,2026-06-06,11,02:45,Trot 1m,Trot,Dirt,1m,"$10,000",3,Trillion Times,"Bartlett, Jaso","Engblom, Per",9/2,False,Harness,tvg,https://api.tvg.com/cosmo/v1/graphql,2026-06-06T01:50:50.374115,1.0.0,Tactical Landing,Insurrection Fr,Prodigious,3,C,"Engblom Farm LLC,Wrightstown,NJ;Kri",0,9/2,5.5,5.5,MED-11,2026-06-06T02:45:00Z,8
MED,Meadowlands,2026-06-06,11,02:45,Trot 1m,Trot,Dirt,1m,"$10,000",4,Never Say Die,"Dunn, Dexter","Melander, Marc",5/2,False,Harness,tvg,https://api.tvg.com/cosmo/v1/graphql,2026-06-06T01:50:50.374121,1.0.0,Muscle Hill,Fuel Her Flame,Cantab Hall,3,C,"Courant Inc,Delray Beach,FL",0,5/2,3.5,3.5,MED-11,2026-06-06T02:45:00Z,8
MED,Meadowlands,2026-06-06,11,02:45,Trot 1m,Trot,Dirt,1m,"$10,000",5,Dynamo,"Ahle, Johnatha","Morford, Norma",30/1,False,Harness,tvg,https://api.tvg.com/cosmo/v1/graphql,2026-06-06T01:50:50.374128,1.0.0,Walner,Marion Missamerica,Andover Hall,3,G,"Royal Sun Farms,Shickshinny,PA",0,30/1,31.0,31.0,MED-11,2026-06-06T02:45:00Z,8
MED,Meadowlands,2026-06-06,11,02:45,Trot 1m,Trot,Dirt,1m,"$10,000",6,Bee Positive,"Mccarthy, Todd","Norman, R. Nif",4/1,False,Harness,tvg,https://api.tvg.com/cosmo/v1/graphql,2026-06-06T01:50:50.374134,1.0.0,Walner,Bee A Magician,Kadabra,3,G,"Dr Michael Venneri,St Catharines,ON",0,4/1,5.0,5.0,MED-11,2026-06-06T02:45:00Z,8
MED,Meadowlands,2026-06-06,11,02:45,Trot 1m,Trot,Dirt,1m,"$10,000",7,Steelworkers Story,"Bongiorno, Joe","Burke, Ron",30/1,False,Harness,tvg,https://api.tvg.com/cosmo/v1/graphql,2026-06-06T01:50:50.374140,1.0.0,Walner,Hippie Bourbon Fr,Ready Cash,3,G,"Burke Rcg Stb & Weaver Bruscemi,PA;",0,30/1,31.0,31.0,MED-11,2026-06-06T02:45:00Z,8
MED,Meadowlands,2026-06-06,11,02:45,Trot 1m,Trot,Dirt,1m,"$10,000",8,David Seaman S,"Svanstedt, Ake","Svanstedt, Ake",5/1,False,Harness,tvg,https://api.tvg.com/cosmo/v1/graphql,2026-06-06T01:50:50.374146,1.0.0,Six Pack,Dreamgirl Hornline,Ready Cash,3,C,"Stall Arsenal Ab,Delray Beach,FL;Ak",0,5/1,6.0,6.0,MED-11,2026-06-06T02:45:00Z,8
MED,Meadowlands,2026-06-06,12,03:10,Trot 1m,Trot,Dirt,1m,"$8,500",1,All Too Well,"Mccarthy, Todd","Bucci, Ricky",5/2,False,Harness,tvg,https://api.tvg.com/cosmo/v1/graphql,2026-06-06T01:50:50.374157,1.0.0,Muscle Hill,Order By Wish,Cantab Hall,5,G,"Flatland Racing,Campbell Hall,NY",0,5/2,3.5,3.5,MED-12,2026-06-06T03:10:00Z,8
MED,Meadowlands,2026-06-06,12,03:10,Trot 1m,Trot,Dirt,1m,"$8,500",2,Calgarian,"Tetrick, Tim","Sejthen, Rene",7/2,False,Harness,tvg,https://api.tvg.com/cosmo/v1/graphql,2026-06-06T01:50:50.374163,1.0.0,Calgary Games,Blessed,Muscle Hill,3,C,"Sejthen Racing Stable,Delray Bch,FL",0,7/2,4.5,4.5,MED-12,2026-06-06T03:10:00Z,8
MED,Meadowlands,2026-06-06,12,03:10,Trot 1m,Trot,Dirt,1m,"$8,500",3,Im The Muscle,"Herschberger,","Spicer, Veroni",12/1,False,Harness,tvg,https://api.tvg.com/cosmo/v1/graphql,2026-06-06T01:50:50.374169,1.0.0,Muscle Mass,Lady Bling,Striking Sahbra,11,G,"Veronica M Spicer,Manalapan,NJ",0,12/1,13.0,13.0,MED-12,2026-06-06T03:10:00Z,8
MED,Meadowlands,2026-06-06,12,03:10,Trot 1m,Trot,Dirt,1m,"$8,500",4,Landia,"Dunn, Dexter","Maiorano, Dona",4/1,False,Harness,tvg,https://api.tvg.com/cosmo/v1/graphql,2026-06-06T01:50:50.374175,1.0.0,Yankee Glide,Lady Andi,Andover Hall,7,M,"Donald C Maiorano,Edison,NJ",0,4/1,5.0,5.0,MED-12,2026-06-06T03:10:00Z,8
MED,Meadowlands,2026-06-06,12,03:10,Trot 1m,Trot,Dirt,1m,"$8,500",5,Delgado,"Borjas, Anibal","Terpolilli, Mi",10/1,False,Harness,tvg,https://api.tvg.com/cosmo/v1/graphql,2026-06-06T01:50:50.374180,1.0.0,Trixton,Ruling Class,Angus Hall,7,G,"Mike A Terpolilli,Woodstown,NJ",0,10/1,11.0,11.0,MED-12,2026-06-06T03:10:00Z,8
MED,Meadowlands,2026-06-06,12,03:10,Trot 1m,Trot,Dirt,1m,"$8,500",6,Masster Blue,"Bongiorno, Joe","Novello, John",9/2,False,Harness,tvg,https://api.tvg.com/cosmo/v1/graphql,2026-06-06T01:50:50.374185,1.0.0,Muscle Mass,Opulent Bluestone,Conway Hall,12,G,"John M Novello,Linden,NJ",0,9/2,5.5,5.5,MED-12,2026-06-06T03:10:00Z,8
MED,Meadowlands,2026-06-06,12,03:10,Trot 1m,Trot,Dirt,1m,"$8,500",7,Mr Instigator,"Ahle, Johnatha","Tirella, Carl",8/1,False,Harness,tvg,https://api.tvg.com/cosmo/v1/graphql,2026-06-06T01:50:50.374191,1.0.0,Pastor Stephen,All Set Lets Go,Donato Hanover,4,G,"Devin C Gilbert,Phillipsburg,NJ",0,8/1,9.0,9.0,MED-12,2026-06-06T03:10:00Z,8
MED,Meadowlands,2026-06-06,12,03:10,Trot 1m,Trot,Dirt,1m,"$8,500",8,Jakey Jumpup,"Bartlett, Jaso","Kiefer, Jacob",6/1,False,Harness,tvg,https://api.tvg.com/cosmo/v1/graphql,2026-06-06T01:50:50.374196,1.0.0,E L Titan,Richesse Oblige S,Varenne,5,G,"Kiefer Elite Bldstock LLC,Campbell",0,6/1,7.0,7.0,MED-12,2026-06-06T03:10:00Z,8
MED,Meadowlands,2026-06-06,13,03:35,Pace 1m,Pace,Dirt,1m,"$8,000",1,Tuapeka Jessie N,"Herschberger,","Pellegrino, Pe",3/1,False,Harness,tvg,https://api.tvg.com/cosmo/v1/graphql,2026-06-06T01:50:50.374207,1.0.0,Bettor's Delight,Tuapeka Maddy,Christian Cullen,10,M,"Peter P Pellegrino,Montague,NJ",0,3/1,4.0,4.0,MED-13,2026-06-06T03:35:00Z,9
MED,Meadowlands,2026-06-06,13,03:35,Pace 1m,Pace,Dirt,1m,"$8,000",2,Countess Mara,"Borjas, Anibal","Pyott, John",10/1,False,Harness,tvg,https://api.tvg.com/cosmo/v1/graphql,2026-06-06T01:50:50.374212,1.0.0,Lis Mara,Madam Countess,Art Major,6,M,"John R Pyott,Vineland,NJ",0,10/1,11.0,11.0,MED-13,2026-06-06T03:35:00Z,9
MED,Meadowlands,2026-06-06,13,03:35,Pace 1m,Pace,Dirt,1m,"$8,000",3,Thaneeya,"Ahle, Johnatha","Nunes, Lewis",10/1,False,Harness,tvg,https://api.tvg.com/cosmo/v1/graphql,2026-06-06T01:50:50.374218,1.0.0,Mcardle,Nuke's Last Dream,No Nukes,10,M,"Janet M Burris,West Deptford,NJ",0,10/1,11.0,11.0,MED-13,2026-06-06T03:35:00Z,9
MED,Meadowlands,2026-06-06,13,03:35,Pace 1m,Pace,Dirt,1m,"$8,000",4,Rona Mae,"Bartlett, Jaso","Height, Chris",4/1,False,Harness,tvg,https://api.tvg.com/cosmo/v1/graphql,2026-06-06T01:50:50.374223,1.0.0,Time To Roll,Leah Mae,Sportsmaster,6,M,"James B Slendorn,Howell,NJ;Christop",0,4/1,5.0,5.0,MED-13,2026-06-06T03:35:00Z,9
MED,Meadowlands,2026-06-06,13,03:35,Pace 1m,Pace,Dirt,1m,"$8,000",5,Kentucky Moonshine,"Zeron, Scott","Fusco, Paul",5/1,False,Harness,tvg,https://api.tvg.com/cosmo/v1/graphql,2026-06-06T01:50:50.374229,1.0.0,Bit Of A Legend N,Economic Clout,Artsplace,4,M,"Fun Time Racing,Middlesex,NJ",0,5/1,6.0,6.0,MED-13,2026-06-06T03:35:00Z,9
MED,Meadowlands,2026-06-06,13,03:35,Pace 1m,Pace,Dirt,1m,"$8,000",6,Just My Mama,"Ginsburg, Vinc","Ginsburg, Vinc",6/1,False,Harness,tvg,https://api.tvg.com/cosmo/v1/graphql,2026-06-06T01:50:50.374234,1.0.0,Lazarus N,Just My Type,American Ideal,6,M,"Eugene W Landy,Rumson,NJ",0,6/1,7.0,7.0,MED-13,2026-06-06T03:35:00Z,9
MED,Meadowlands,2026-06-06,13,03:35,Pace 1m,Pace,Dirt,1m,"$8,000",7,Almost Karen,"Miller, Tyler","Reid, Maria",8/1,False,Harness,tvg,https://api.tvg.com/cosmo/v1/graphql,2026-06-06T01:50:50.374240,1.0.0,Millionaire Cam,Almost Exactly,Cole Muffler,8,M,"Fusco Strong LLC,Millstone,NJ",0,8/1,9.0,9.0,MED-13,2026-06-06T03:35:00Z,9
MED,Meadowlands,2026-06-06,13,03:35,Pace 1m,Pace,Dirt,1m,"$8,000",8,Sheishungry,"Bongiorno, Joe",Lancaster-Dail,9/2,False,Harness,tvg,https://api.tvg.com/cosmo/v1/graphql,2026-06-06T01:50:50.374246,1.0.0,Stay Hungry,Asset Management,Western Hanover,6,M,"Kelly A Lancaster-Dailey,Columbus,N",0,9/2,5.5,5.5,MED-13,2026-06-06T03:35:00Z,9
MED,Meadowlands,2026-06-06,13,03:35,Pace 1m,Pace,Dirt,1m,"$8,000",9,Ea Mushu,"Ryder, Patrick","D'alessandro,",12/1,False,Harness,tvg,https://api.tvg.com/cosmo/v1/graphql,2026-06-06T01:50:50.374251,1.0.0,Fear The Dragon,Right Stuff,American Ideal,6,M,"Victoria K D'Alessandro,Cranford,NJ",0,12/1,13.0,13.0,MED-13,2026-06-06T03:35:00Z,9
MED,Meadowlands,2026-06-06,14,04:00,Trot 1m,Trot,Dirt,1m,"$10,000",1,Wishuponastar Deo,"Bartlett, Jaso","Engblom, Per",2/1,False,Harness,tvg,https://api.tvg.com/cosmo/v1/graphql,2026-06-06T01:50:50.374262,1.0.0,Six Pack,Wish I Was There,Wishing Stone,3,F,"Engblom Fm LLC,Wrightstown,NJ;Evans",0,2/1,3.0,3.0,MED-14,2026-06-06T04:00:00Z,7
MED,Meadowlands,2026-06-06,14,04:00,Trot 1m,Trot,Dirt,1m,"$10,000",2,Adios My Lindy,"Zeron, Scott","Kelley, Paul",8/1,False,Harness,tvg,https://api.tvg.com/cosmo/v1/graphql,2026-06-06T01:50:50.374268,1.0.0,Walner,Adios Lindy,Love You,3,F,"Kelley Lamont Rcg,FL;Go For Glory S",0,8/1,9.0,9.0,MED-14,2026-06-06T04:00:00Z,7
MED,Meadowlands,2026-06-06,14,04:00,Trot 1m,Trot,Dirt,1m,"$10,000",3,Jula Priceless,"Dunn, Dexter","Melander, Marc",4/1,False,Harness,tvg,https://api.tvg.com/cosmo/v1/graphql,2026-06-06T01:50:50.374273,1.0.0,Muscle Hill,Jula Shes Magic,Kadabra,3,F,"Jula Racing Inc,Delray Beach,FL",0,4/1,5.0,5.0,MED-14,2026-06-06T04:00:00Z,7
MED,Meadowlands,2026-06-06,14,04:00,Trot 1m,Trot,Dirt,1m,"$10,000",4,Land Of Queens,"Ahle, Johnatha","Alagna, Tony",6/1,False,Harness,tvg,https://api.tvg.com/cosmo/v1/graphql,2026-06-06T01:50:50.374279,1.0.0,Tactical Landing,Queen Serene,Dream Vacation,3,F,"M Biasuzzi Stable Inc,Pompano Beach",0,6/1,7.0,7.0,MED-14,2026-06-06T04:00:00Z,7
MED,Meadowlands,2026-06-06,14,04:00,Trot 1m,Trot,Dirt,1m,"$10,000",5,Grand Prix Deo,"Mccarthy, Todd","Harris, Andrew",8/1,False,Harness,tvg,https://api.tvg.com/cosmo/v1/graphql,2026-06-06T01:50:50.374286,1.0.0,Muscle Hill,Grand Stand,Cantab Hall,3,F,"Punisher 11 Stable LLC,Freehold,NJ",0,8/1,9.0,9.0,MED-14,2026-06-06T04:00:00Z,7
MED,Meadowlands,2026-06-06,14,04:00,Trot 1m,Trot,Dirt,1m,"$10,000",6,Royal Patti,"Tetrick, Tim","Norman, R. Nif",9/2,False,Harness,tvg,https://api.tvg.com/cosmo/v1/graphql,2026-06-06T01:50:50.374291,1.0.0,Walner,Serenity Joy,Muscle Hill,3,F,"J Gregory,Nw Smyrn Bch,FL;M Garey,V",0,9/2,5.5,5.5,MED-14,2026-06-06T04:00:00Z,7
MED,Meadowlands,2026-06-06,14,04:00,Trot 1m,Trot,Dirt,1m,"$10,000",7,No Promises,"Bongiorno, Joe","Burke, Ron",5/1,False,Harness,tvg,https://api.tvg.com/cosmo/v1/graphql,2026-06-06T01:50:50.374297,1.0.0,Tactical Landing,It's Hallright,Cantab Hall,3,F,"William L Switala,Clarence Center,N",0,5/1,6.0,6.0,MED-14,2026-06-06T04:00:00Z,7
MED,Meadowlands,2026-06-06,15,04:25,Pace 1m,Pace,Dirt,1m,"$10,500",1,Roma Amor,"Borjas, Anibal","Posner, Michae",12/1,False,Harness,tvg,https://api.tvg.com/cosmo/v1/graphql,2026-06-06T01:50:50.374308,1.0.0,Lazarus N,Full Explosion,Neutralize,6,M,"Michael D Posner,Jackson,NJ;Red Sky",0,12/1,13.0,13.0,MED-15,2026-06-06T04:25:00Z,10
MED,Meadowlands,2026-06-06,15,04:25,Pace 1m,Pace,Dirt,1m,"$10,500",2,Alwayswithyou,"Herschberger,","Stratton, Cory",6/1,False,Harness,tvg,https://api.tvg.com/cosmo/v1/graphql,2026-06-06T01:50:50.374313,1.0.0,Always B Miki,Where's Alice,Somebeachsomewhere,4,M,"Howard S Jacobs,West Orange,NJ",0,6/1,7.0,7.0,MED-15,2026-06-06T04:25:00Z,10
MED,Meadowlands,2026-06-06,15,04:25,Pace 1m,Pace,Dirt,1m,"$10,500",3,Going Away,"Ginsburg, Vinc","Bavosi, John",8/1,False,Harness,tvg,https://api.tvg.com/cosmo/v1/graphql,2026-06-06T01:50:50.374319,1.0.0,So Surreal,Long Gone,American Ideal,5,M,"Louis G Legregin,Jackson,NJ;Frank A",0,8/1,9.0,9.0,MED-15,2026-06-06T04:25:00Z,10
MED,Meadowlands,2026-06-06,15,04:25,Pace 1m,Pace,Dirt,1m,"$10,500",4,Ms Frances Assisi,"Bartlett, Jaso","Keim, Cote",20/1,False,Harness,tvg,https://api.tvg.com/cosmo/v1/graphql,2026-06-06T01:50:50.374324,1.0.0,American Ideal,V String,Somebeachsomewhere,4,M,"Cote J Keim,Cream Ridge,NJ;Craig S",0,20/1,21.0,21.0,MED-15,2026-06-06T04:25:00Z,10
MED,Meadowlands,2026-06-06,15,04:25,Pace 1m,Pace,Dirt,1m,"$10,500",5,Lastchanceforlove,"Ahle, Johnatha","Daley, Noel",8/1,False,Harness,tvg,https://api.tvg.com/cosmo/v1/graphql,2026-06-06T01:50:50.374329,1.0.0,Capt Midnight,Kiss Me Once Again,Jenna's Beach Boy,4,M,"Andrew P Berg,River Edge,NJ;In The",0,8/1,9.0,9.0,MED-15,2026-06-06T04:25:00Z,10
MED,Meadowlands,2026-06-06,15,04:25,Pace 1m,Pace,Dirt,1m,"$10,500",6,Stay Happy,"Ryder, Patrick","Bucci, Ricky",20/1,False,Harness,tvg,https://api.tvg.com/cosmo/v1/graphql,2026-06-06T01:50:50.374335,1.0.0,Stay Hungry,Sara Diamond,Allamerican Native,6,M,"Flatland Racing,Campbell Hall,NY",0,20/1,21.0,21.0,MED-15,2026-06-06T04:25:00Z,10
MED,Meadowlands,2026-06-06,15,04:25,Pace 1m,Pace,Dirt,1m,"$10,500",7,Muse La Rouge,"Dunn, Dexter","Proctor, Kirst",3/1,False,Harness,tvg,https://api.tvg.com/cosmo/v1/graphql,2026-06-06T01:50:50.374340,1.0.0,Captaintreacherous,Modern Muse,American Ideal,5,M,"Kirsten M Proctor,Charlton,NY",0,3/1,4.0,4.0,MED-15,2026-06-06T04:25:00Z,10
MED,Meadowlands,2026-06-06,15,04:25,Pace 1m,Pace,Dirt,1m,"$10,500",8,Hers Hungry,"Zeron, Scott","Kolaczynski, T",7/2,False,Harness,tvg,https://api.tvg.com/cosmo/v1/graphql,2026-06-06T01:50:50.374345,1.0.0,Stay Hungry,Injeanous Style,Western Ideal,6,M,"Jeffrey T Dauplaise,West Orange,NJ;",0,7/2,4.5,4.5,MED-15,2026-06-06T04:25:00Z,10
MED,Meadowlands,2026-06-06,15,04:25,Pace 1m,Pace,Dirt,1m,"$10,500",9,Remi Lou A,"Bongiorno, Joe","Bongiorno, Joe",4/1,False,Harness,tvg,https://api.tvg.com/cosmo/v1/graphql,2026-06-06T01:50:50.374351,1.0.0,Sweet Lou,Rosharni,Blissfull Hall,6,M,"El Dorado Stables,Ft Myers,FL",0,4/1,5.0,5.0,MED-15,2026-06-06T04:25:00Z,10
MED,Meadowlands,2026-06-06,15,04:25,Pace 1m,Pace,Dirt,1m,"$10,500",10,Twin B Sunkissed,"Mccarthy, Todd","Robinson, Enri",6/1,False,Harness,tvg,https://api.tvg.com/cosmo/v1/graphql,2026-06-06T01:50:50.374357,1.0.0,Sunshine Beach,Western Heat,Western Hanover,8,M,"Pollack Racing LLC,Venetia,PA",0,6/1,7.0,7.0,MED-15,2026-06-06T04:25:00Z,10
SCD,Scioto Downs,2026-06-06,1,21:28,Pace 1m,Pace,Dirt,1m,"$15,000",1,Squaawww,"Page, Chris","Steck, Ron",4/1,False,Harness,tvg,https://api.tvg.com/cosmo/v1/graphql,2026-06-06T01:50:50.383617,1.0.0,Lather Up,Gammys Rock Star,Pet Rock,3,F,"Frederick A Reed IV,Delaware,OH",0,9/2,5.5,5.0,SCD-1,2026-06-05T21:28:21Z,7
SCD,Scioto Downs,2026-06-06,1,21:28,Pace 1m,Pace,Dirt,1m,"$15,000",2,Same Girl Same,"St Louis, Marc","Currie, Stacey",3/1,False,Harness,tvg,https://api.tvg.com/cosmo/v1/graphql,2026-06-06T01:50:50.383634,1.0.0,Catch The Fire,Kak's Little Sis,Rockin Image,3,F,"Stacey L Currie,Thornville,OH",0,6/5,2.2,4.0,SCD-1,2026-06-05T21:28:21Z,7
SCD,Scioto Downs,2026-06-06,1,21:28,Pace 1m,Pace,Dirt,1m,"$15,000",3,Billboard Model,"Luna, Marvin","Kauffman, Kayn",2/1,True,Harness,tvg,https://api.tvg.com/cosmo/v1/graphql,2026-06-06T01:50:50.383641,1.0.0,Catch The Fire,Wanna B Covergirl,Racing Hill,3,F,"Redline Racing Stables LLC,Troy,OH;",0,2/1,3.0,3.0,SCD-1,2026-06-05T21:28:21Z,7
SCD,Scioto Downs,2026-06-06,1,21:28,Pace 1m,Pace,Dirt,1m,"$15,000",4,Tippin Tequila,"Ebersole, Luke","Jones, Tommie",7/1,False,Harness,tvg,https://api.tvg.com/cosmo/v1/graphql,2026-06-06T01:50:50.383647,1.0.0,Downbytheseaside,No Tippin Pippin,Betting Line,3,F,"Tommie L Jones,Germantown,OH",0,13/1,14.0,8.0,SCD-1,2026-06-05T21:28:21Z,7
SCD,Scioto Downs,2026-06-06,1,21:28,Pace 1m,Pace,Dirt,1m,"$15,000",5,Laughing Two,"Irvine, Justin","Graham, Jim",9/2,False,Harness,tvg,https://api.tvg.com/cosmo/v1/graphql,2026-06-06T01:50:50.383654,1.0.0,Lather Up,Lioness Hanover,Somebeachsomewhere,3,F,"James P Graham,Hamburg,NY;Timothy W",0,8/5,2.6,5.5,SCD-1,2026-06-05T21:28:21Z,7
SCD,Scioto Downs,2026-06-06,1,21:28,Pace 1m,Pace,Dirt,1m,"$15,000",6,Lightning Fury,"Brown, Beau","Brown, Beau",12/1,False,Harness,tvg,https://api.tvg.com/cosmo/v1/graphql,2026-06-06T01:50:50.383660,1.0.0,Racing Hill,Odds On Vero Beach,Bettor's Delight,3,F,"T D Symes,Ostrander,OH;Taddeo Sieni",0,71/1,72.0,13.0,SCD-1,2026-06-05T21:28:21Z,7
SCD,Scioto Downs,2026-06-06,1,21:28,Pace 1m,Pace,Dirt,1m,"$15,000",7,Fool Me Twice,"Miller, Brett","Galliers, Brad",10/1,False,Harness,tvg,https://api.tvg.com/cosmo/v1/graphql,2026-06-06T01:50:50.383665,1.0.0,Fool Me Once,Jackie's Rocket,American Ideal,3,F,"Galliers Racing LLC,Defiance,OH",0,6/1,7.0,11.0,SCD-1,2026-06-05T21:28:21Z,7
SCD,Scioto Downs,2026-06-06,2,21:55,Trot 1m,Trot,Dirt,1m,"$17,500",1,Send Rip,"Beatty, Hugh","Beatty, Hugh",10/1,False,Harness,tvg,https://api.tvg.com/cosmo/v1/graphql,2026-06-06T01:50:50.383682,1.0.0,Triumphant Caviar,Carrie The Torch,Muscle Mass,6,G,"R Wallace & Hrsplay Rcg Stb,OH;S Ai",0,8/1,9.0,11.0,SCD-2,2026-06-05T21:55:07Z,9
SCD,Scioto Downs,2026-06-06,2,21:55,Trot 1m,Trot,Dirt,1m,"$17,500",2,My Next Chapter,"Luna, Marvin","Miller, J H",12/1,False,Harness,tvg,https://api.tvg.com/cosmo/v1/graphql,2026-06-06T01:50:50.383688,1.0.0,Uncle Peter,Tribute To Seven,Chapter Seven,4,G,"Powerline Racing Stable,Salesville,",0,24/1,25.0,13.0,SCD-2,2026-06-05T21:55:07Z,9
SCD,Scioto Downs,2026-06-06,2,21:55,Trot 1m,Trot,Dirt,1m,"$17,500",3,Caviar Creek,"Irvine, Justin","Neil, Danielle",9/2,False,Harness,tvg,https://api.tvg.com/cosmo/v1/graphql,2026-06-06T01:50:50.383694,1.0.0,Triumphant Caviar,Box Cars,Manofmanymissions,4,G,"Dr Joshua D Tanis,South Lyon,MI",0,6/1,7.0,5.5,SCD-2,2026-06-05T21:55:07Z,9
SCD,Scioto Downs,2026-06-06,2,21:55,Trot 1m,Trot,Dirt,1m,"$17,500",4,Crista K,"Hanners, Luke","Lems, Tessa",8/1,False,Harness,tvg,https://api.tvg.com/cosmo/v1/graphql,2026-06-06T01:50:50.383699,1.0.0,Swan In A Million,Misslarose,Majestic Son,4,M,"Christopher E Lems,Stow,OH",0,21/1,22.0,9.0,SCD-2,2026-06-05T21:55:07Z,9
SCD,Scioto Downs,2026-06-06,2,21:55,Trot 1m,Trot,Dirt,1m,"$17,500",5,Full Moon Howl,"Smith, Jeremy","Smith, Jessica",12/1,False,Harness,tvg,https://api.tvg.com/cosmo/v1/graphql,2026-06-06T01:50:50.383705,1.0.0,Full Count,Howl Me In,Dontyouforgetit,4,G,"Madisyn R & Jessica A Smith,Xenia,O",0,20/1,21.0,13.0,SCD-2,2026-06-05T21:55:07Z,9
SCD,Scioto Downs,2026-06-06,2,21:55,Trot 1m,Trot,Dirt,1m,"$17,500",6,Ahadi As,"Hanners, Austi","Lorentzon, Ane",15/1,False,Harness,tvg,https://api.tvg.com/cosmo/v1/graphql,2026-06-06T01:50:50.383710,1.0.0,Lionhunter,Nice And Shiny As,Stormin Normand,6,G,"Acl Stuteri Ab,Paris,KY",0,83/1,84.0,16.0,SCD-2,2026-06-05T21:55:07Z,9
SCD,Scioto Downs,2026-06-06,2,21:55,Trot 1m,Trot,Dirt,1m,"$17,500",7,Kansas Boy,"Miller, Brett","Van Huizen, St",2/1,False,Harness,tvg,https://api.tvg.com/cosmo/v1/graphql,2026-06-06T01:50:50.383716,1.0.0,You Know You Do,Seven Roses,Chapter Seven,4,G,"Kenny T Collier,Ellery,IL;Otto P &",0,3/5,1.6,3.0,SCD-2,2026-06-05T21:55:07Z,9
SCD,Scioto Downs,2026-06-06,2,21:55,Trot 1m,Trot,Dirt,1m,"$17,500",8,Uncle Moneybags,"Smith, Tyler","France, Heathe",15/1,False,Harness,tvg,https://api.tvg.com/cosmo/v1/graphql,2026-06-06T01:50:50.383721,1.0.0,Uncle Peter,Moolah Begonia,Cash Hall,4,G,"Heather Lynn France,Obetz,OH;Sara E",0,21/1,22.0,16.0,SCD-2,2026-06-05T21:55:07Z,9
SCD,Scioto Downs,2026-06-06,2,21:55,Trot 1m,Trot,Dirt,1m,"$17,500",9,Theobald,"Page, Chris","Burke, Ron",7/2,False,Harness,tvg,https://api.tvg.com/cosmo/v1/graphql,2026-06-06T01:50:50.383727,1.0.0,Six Pack,Michele's Baby,Chapter Seven,4,G,"Burke Rcg Stb,Frdrcktwn,PA;F Canzon",0,4/1,5.0,4.5,SCD-2,2026-06-05T21:55:07Z,9
SCD,Scioto Downs,2026-06-06,3,22:22,Pace 1m,Pace,Dirt,1m,"$15,000",1,Barefootonthebeach,"Miller, Brett","Smith, Randy",12/1,False,Harness,tvg,https://api.tvg.com/cosmo/v1/graphql,2026-06-06T01:50:50.383740,1.0.0,Catch The Fire,Dancin Barefoot,Rocknroll Hanover,3,F,"Jessica A Smith,Xenia,OH",0,29/1,30.0,13.0,SCD-3,2026-06-05T22:22:00Z,8
SCD,Scioto Downs,2026-06-06,3,22:22,Pace 1m,Pace,Dirt,1m,"$15,000",2,Rose Run Bristol,"Luna, Marvin","Roth, Mike",5/1,False,Harness,tvg,https://api.tvg.com/cosmo/v1/graphql,2026-06-06T01:50:50.383746,1.0.0,Summa Cum Laude,Jet Wash,Jereme's Jet,3,F,"W J Rufenacht,Archbold,OH;P A Roth,",0,7/2,4.5,6.0,SCD-3,2026-06-05T22:22:00Z,8
SCD,Scioto Downs,2026-06-06,3,22:22,Pace 1m,Pace,Dirt,1m,"$15,000",3,Twoplustwo,"Hanners, Austi","Schwartz, Bret",15/1,False,Harness,tvg,https://api.tvg.com/cosmo/v1/graphql,2026-06-06T01:50:50.383751,1.0.0,Catch The Fire,Boomers Sidekick,Sportswriter,3,F,"Hired Gun Rcg Stb,Wshngtn C H,OH;Ra",0,74/1,75.0,16.0,SCD-3,2026-06-05T22:22:00Z,8
SCD,Scioto Downs,2026-06-06,3,22:22,Pace 1m,Pace,Dirt,1m,"$15,000",4,Imgunnabfamous,"Smith, Tyler","Henry, Pierce",3/1,False,Harness,tvg,https://api.tvg.com/cosmo/v1/graphql,2026-06-06T01:50:50.383757,1.0.0,Western Fame,Sectionline Yankee,Yankee Cruiser,3,F,"Harold Lee Bauder,Delaware,OH;Cool",0,10/1,11.0,4.0,SCD-3,2026-06-05T22:22:00Z,8
SCD,Scioto Downs,2026-06-06,3,22:22,Pace 1m,Pace,Dirt,1m,"$15,000",5,Fire Country,"Smith, Jeremy","Rowe, Joshua",3/1,False,Harness,tvg,https://api.tvg.com/cosmo/v1/graphql,2026-06-06T01:50:50.383762,1.0.0,Catch The Fire,Face To Face,Camluck,3,F,"Matt E Rowe,Urbana,OH",0,2/5,1.4,4.0,SCD-3,2026-06-05T22:22:00Z,8
SCD,Scioto Downs,2026-06-06,3,22:22,Pace 1m,Pace,Dirt,1m,"$15,000",6,Gordys Last Chance,"Page, Chris","Steck, Ron",12/1,False,Harness,tvg,https://api.tvg.com/cosmo/v1/graphql,2026-06-06T01:50:50.383778,1.0.0,Catch The Fire,Gordyyy's Pet,Four Starzzz Shark,3,F,"Frederick A Reed IV,Delaware,OH",0,16/1,17.0,13.0,SCD-3,2026-06-05T22:22:00Z,8
SCD,Scioto Downs,2026-06-06,3,22:22,Pace 1m,Pace,Dirt,1m,"$15,000",7,War Cry,"Conrad, Carson","Conrad, Charli",9/5,False,Harness,tvg,https://api.tvg.com/cosmo/v1/graphql,2026-06-06T01:50:50.383783,1.0.0,Summa Cum Laude,Vid Call,Always B Miki,3,F,"Charles M Conrad,South Bloomfield,O",0,8/1,9.0,2.8,SCD-3,2026-06-05T22:22:00Z,8
SCD,Scioto Downs,2026-06-06,3,22:22,Pace 1m,Pace,Dirt,1m,"$15,000",8,Debra L,"Le Van, Hank","Le Van, Hank",15/1,False,Harness,tvg,https://api.tvg.com/cosmo/v1/graphql,2026-06-06T01:50:50.383789,1.0.0,Racing Hill,Private Performanc,Western Terror,3,F,"Le Van Stbs,Wdstck,OH;Hurley Rcg,Db",0,70/1,71.0,16.0,SCD-3,2026-06-05T22:22:00Z,8
SCD,Scioto Downs,2026-06-06,4,22:43,Trot 1m,Trot,Dirt,1m,"$15,000",1,Flight Of Fritz,"Widger, Sam","Hitchcock, Mic",6/1,False,Harness,tvg,https://api.tvg.com/cosmo/v1/graphql,2026-06-06T01:50:50.383800,1.0.0,Pilot Discretion,Little Miss Herbie,Here Comes Herbie,4,G,"Uhrin Harness Racing LLC,Grove City",0,5/1,6.0,7.0,SCD-4,2026-06-05T22:43:42Z,9
SCD,Scioto Downs,2026-06-06,4,22:43,Trot 1m,Trot,Dirt,1m,"$15,000",2,Reggianito,"Beatty, Hugh","Beatty, Hugh",5/2,False,Harness,tvg,https://api.tvg.com/cosmo/v1/graphql,2026-06-06T01:50:50.383806,1.0.0,Tactical Landing,Pure Barre,Classic Photo,5,G,"Berg Bros Racing LLC,San Mateo,FL",0,4/5,1.8,3.5,SCD-4,2026-06-05T22:43:42Z,9
SCD,Scioto Downs,2026-06-06,4,22:43,Trot 1m,Trot,Dirt,1m,"$15,000",3,Four Sixes,"Page, Chris","France, Heathe",3/1,False,Harness,tvg,https://api.tvg.com/cosmo/v1/graphql,2026-06-06T01:50:50.383811,1.0.0,Six Pack,Highland Glider,Yankee Glide,5,H,"Sara E Potts,Grant Park,IL",0,2/1,3.0,4.0,SCD-4,2026-06-05T22:43:42Z,9
SCD,Scioto Downs,2026-06-06,4,22:43,Trot 1m,Trot,Dirt,1m,"$15,000",4,Skyway Kon Man,"Smith, Tyler","Davis, Lorie",7/1,False,Harness,tvg,https://api.tvg.com/cosmo/v1/graphql,2026-06-06T01:50:50.383816,1.0.0,Conway Hall,Keystone Sadie,Yankee Glide,10,G,"Lorie S Davis,South Vienna,OH",0,13/1,14.0,8.0,SCD-4,2026-06-05T22:43:42Z,9
SCD,Scioto Downs,2026-06-06,4,22:43,Trot 1m,Trot,Dirt,1m,"$15,000",5,Poisonpoke,"Smith, Jeremy","Brewer, Daniel",7/1,False,Harness,tvg,https://api.tvg.com/cosmo/v1/graphql,2026-06-06T01:50:50.383822,1.0.0,Greenshoe,Columbia,Muscle Massive,5,G,"Daniel J Brewer,Oregonia,OH",0,18/1,19.0,8.0,SCD-4,2026-06-05T22:43:42Z,9
SCD,Scioto Downs,2026-06-06,4,22:43,Trot 1m,Trot,Dirt,1m,"$15,000",6,Elegant Resolve,"Smith, Trevor","Carter, Steve",7/1,False,Harness,tvg,https://api.tvg.com/cosmo/v1/graphql,2026-06-06T01:50:50.383827,1.0.0,Resolve,Elegant Serenity,Kadabra,5,G,"Thomas Ceraso Jr,Stamford,CT",0,55/1,56.0,8.0,SCD-4,2026-06-05T22:43:42Z,9
SCD,Scioto Downs,2026-06-06,4,22:43,Trot 1m,Trot,Dirt,1m,"$15,000",7,Vel Jail Bondsman,"Luna, Marvin","Mogan, Zach",15/1,False,Harness,tvg,https://api.tvg.com/cosmo/v1/graphql,2026-06-06T01:50:50.383832,1.0.0,Jailhouse Jesse,Jeanie Marie,Famously,7,G,"Rushcreek Stables,Rushsylvania,OH",0,91/1,92.0,16.0,SCD-4,2026-06-05T22:43:42Z,9
SCD,Scioto Downs,2026-06-06,4,22:43,Trot 1m,Trot,Dirt,1m,"$15,000",8,World By Storm,"Hanners, Austi","Lorentzon, Ane",7/1,False,Harness,tvg,https://api.tvg.com/cosmo/v1/graphql,2026-06-06T01:50:50.383837,1.0.0,Tactical Landing,Womans Will,Donato Hanover,4,G,"Acl Stuteri Ab,Paris,KY",0,22/1,23.0,8.0,SCD-4,2026-06-05T22:43:42Z,9
SCD,Scioto Downs,2026-06-06,4,22:43,Trot 1m,Trot,Dirt,1m,"$15,000",9,Yo Mister,"Miller, Brett","Davidson, Scot",12/1,False,Harness,tvg,https://api.tvg.com/cosmo/v1/graphql,2026-06-06T01:50:50.383843,1.0.0,Dover Dan,My Lady Lindy,Conway Hall,7,G,"Thestable Yo Mister Group,Brunswick",0,26/1,27.0,13.0,SCD-4,2026-06-05T22:43:42Z,9
SCD,Scioto Downs,2026-06-06,5,23:06,Pace 1m,Pace,Dirt,1m,"$20,000",1,Jamie Amanda,"Hanners, Luke","Morgan, Virgil",3/1,False,Harness,tvg,https://api.tvg.com/cosmo/v1/graphql,2026-06-06T01:50:50.383853,1.0.0,Downbytheseaside,Omen Hanover,Western Hanover,3,F,"Let It Ride Stbs Inc,Boca Raton,FL;",0,9/2,5.5,4.0,SCD-5,2026-06-05T23:06:39Z,9
SCD,Scioto Downs,2026-06-06,5,23:06,Pace 1m,Pace,Dirt,1m,"$20,000",2,Cruzin Tothe Pier,"Page, Chris","Steck, Ron",9/2,False,Harness,tvg,https://api.tvg.com/cosmo/v1/graphql,2026-06-06T01:50:50.383858,1.0.0,Downbytheseaside,Cruzin Tothe Dance,Yankee Cruiser,3,F,"R Steck,Mrng,OH;Anvil& Lace Fm,Prs,",0,4/1,5.0,5.5,SCD-5,2026-06-05T23:06:39Z,9
SCD,Scioto Downs,2026-06-06,5,23:06,Pace 1m,Pace,Dirt,1m,"$20,000",3,Takeaway Hanover,"Smith, Jeremy","Deyermand, Cor",10/1,False,Harness,tvg,https://api.tvg.com/cosmo/v1/graphql,2026-06-06T01:50:50.383863,1.0.0,Downbytheseaside,Take Into Account,The Panderosa,3,F,"Kapp Equine Estates,Youngstown,OH",0,44/1,45.0,11.0,SCD-5,2026-06-05T23:06:39Z,9
SCD,Scioto Downs,2026-06-06,5,23:06,Pace 1m,Pace,Dirt,1m,"$20,000",4,Shehasaway,"Miller, Brett","Bauder, Steve",5/2,False,Harness,tvg,https://api.tvg.com/cosmo/v1/graphql,2026-06-06T01:50:50.383869,1.0.0,Summa Cum Laude,Town Temptress,Artiscape,3,F,"Douglas J Swihart,Marion,OH;Steve K",0,1/2,1.5,3.5,SCD-5,2026-06-05T23:06:39Z,9
SCD,Scioto Downs,2026-06-06,5,23:06,Pace 1m,Pace,Dirt,1m,"$20,000",5,Moonlight Ride,"Hanners, Austi","Bates, Tyler",7/1,False,Harness,tvg,https://api.tvg.com/cosmo/v1/graphql,2026-06-06T01:50:50.383874,1.0.0,Downbytheseaside,Blazin Grace,Sweet Lou,3,F,"Suzanne M Bates,Gibsonburg,OH;Chad",0,9/1,10.0,8.0,SCD-5,2026-06-05T23:06:39Z,9
SCD,Scioto Downs,2026-06-06,5,23:06,Pace 1m,Pace,Dirt,1m,"$20,000",6,Eyes Up,"Smith, Tyler","Oenema, Rachel",12/1,False,Harness,tvg,https://api.tvg.com/cosmo/v1/graphql,2026-06-06T01:50:50.383879,1.0.0,Lather Up,Dazzling Rockette,Rocknroll Hanover,3,F,"Harry M & Darlene L Alltop,Urbana,O",0,51/1,52.0,13.0,SCD-5,2026-06-05T23:06:39Z,9
SCD,Scioto Downs,2026-06-06,5,23:06,Pace 1m,Pace,Dirt,1m,"$20,000",7,Foolish Beetrayal,"Irvine, Justin","Miller, Susan",15/1,False,Harness,tvg,https://api.tvg.com/cosmo/v1/graphql,2026-06-06T01:50:50.383884,1.0.0,Fool Me Once,Just A Bee,Mr Feelgood,3,F,"Anthony J Formosa,Southgate,MI",0,99/1,100.0,16.0,SCD-5,2026-06-05T23:06:39Z,9
SCD,Scioto Downs,2026-06-06,5,23:06,Pace 1m,Pace,Dirt,1m,"$20,000",8,I Want Mo,"Smith, Trevor","Dailey, Kimber",15/1,False,Harness,tvg,https://api.tvg.com/cosmo/v1/graphql,2026-06-06T01:50:50.383889,1.0.0,Fool Me Once,Mach Mae Over,Mach Three,3,F,"Kimberly A Dailey,Mechanicsburg,OH",0,99/1,100.0,16.0,SCD-5,2026-06-05T23:06:39Z,9
SCD,Scioto Downs,2026-06-06,5,23:06,Pace 1m,Pace,Dirt,1m,"$20,000",9,Pina Cum Laude,"Luna, Marvin","Carter, Steve",5/1,False,Harness,tvg,https://api.tvg.com/cosmo/v1/graphql,2026-06-06T01:50:50.383895,1.0.0,Summa Cum Laude,Peanutbettor Shake,Bettor's Delight,3,F,"Adam Friedland,Brooklyn,NY;Jacob M",0,22/1,23.0,6.0,SCD-5,2026-06-05T23:06:39Z,9
SCD,Scioto Downs,2026-06-06,6,23:33,Pace 1m,Pace,Dirt,1m,"$20,000",1,Captiva Seaside,"Page, Chris","Winters, Mark",7/2,False,Harness,tvg,https://api.tvg.com/cosmo/v1/graphql,2026-06-06T01:50:50.383905,1.0.0,Downbytheseaside,Bad Girls Rule,World Of Rocknroll,3,F,"3Rd Floor Stables LLC,Miamisburg,OH",0,23/1,24.0,4.5,SCD-6,2026-06-05T23:33:29Z,9
SCD,Scioto Downs,2026-06-06,6,23:33,Pace 1m,Pace,Dirt,1m,"$20,000",2,Odds On Dividend,"Hanners, Luke","Morgan, Virgil",7/2,False,Harness,tvg,https://api.tvg.com/cosmo/v1/graphql,2026-06-06T01:50:50.383910,1.0.0,Downbytheseaside,Rose Run Ultimate,Western Vintage,3,F,"Odds On Racing,Boca Raton,FL",0,3/1,4.0,4.5,SCD-6,2026-06-05T23:33:29Z,9
SCD,Scioto Downs,2026-06-06,6,23:33,Pace 1m,Pace,Dirt,1m,"$20,000",3,Beach Babe Hanover,"Irvine, Justin","Schillaci, Sam",2/1,False,Harness,tvg,https://api.tvg.com/cosmo/v1/graphql,2026-06-06T01:50:50.383915,1.0.0,Downbytheseaside,Bittorsweet Terror,Western Terror,3,F,"Schillaci Stbs,Mcdn,OH;J Manning,Sl",0,1/1,2.0,3.0,SCD-6,2026-06-05T23:33:29Z,9
SCD,Scioto Downs,2026-06-06,6,23:33,Pace 1m,Pace,Dirt,1m,"$20,000",4,Delta Lady,"Le Van, Hank","Le Van, Hank",12/1,True,Harness,tvg,https://api.tvg.com/cosmo/v1/graphql,2026-06-06T01:50:50.383921,1.0.0,Catch The Fire,Sugaronthebeach,Roll With Joe,3,F,"Jeff Fought Rcg,E Bernstadt,KY;B K",0,12/1,13.0,13.0,SCD-6,2026-06-05T23:33:29Z,9
SCD,Scioto Downs,2026-06-06,6,23:33,Pace 1m,Pace,Dirt,1m,"$20,000",5,Lil Miss Sureshot,"Miller, Brett","Livingston, St",10/1,False,Harness,tvg,https://api.tvg.com/cosmo/v1/graphql,2026-06-06T01:50:50.383926,1.0.0,Fear The Dragon,A Little Starstruk,Well Said,3,F,"Full Tilt Farms LLC,Union City,OH",0,29/1,30.0,11.0,SCD-6,2026-06-05T23:33:29Z,9
SCD,Scioto Downs,2026-06-06,6,23:33,Pace 1m,Pace,Dirt,1m,"$20,000",6,Wishing For Gold,"Hanners, Austi","Morgan, Virgil",12/1,False,Harness,tvg,https://api.tvg.com/cosmo/v1/graphql,2026-06-06T01:50:50.383931,1.0.0,Downbytheseaside,So In Love,American Ideal,3,F,"Let It Ride Stables Inc,Boca Raton,",0,10/1,11.0,13.0,SCD-6,2026-06-05T23:33:29Z,9
SCD,Scioto Downs,2026-06-06,6,23:33,Pace 1m,Pace,Dirt,1m,"$20,000",7,Racing Artist,"Luna, Marvin","Webb, Bill",15/1,False,Harness,tvg,https://api.tvg.com/cosmo/v1/graphql,2026-06-06T01:50:50.383936,1.0.0,Racing Hill,Little Miss Artist,Artistic Fella,3,F,"William J Webb,Defiance,OH;Denny Mi",0,5/2,3.5,16.0,SCD-6,2026-06-05T23:33:29Z,9
SCD,Scioto Downs,2026-06-06,6,23:33,Pace 1m,Pace,Dirt,1m,"$20,000",8,Prolific Shark,"Smith, Jeremy","Hagerman, Herm",15/1,False,Harness,tvg,https://api.tvg.com/cosmo/v1/graphql,2026-06-06T01:50:50.383942,1.0.0,Downbytheseaside,Shark Lightning,Four Starzzz Shark,3,F,"Spring Haven Farm,Utica,OH",0,99/1,100.0,16.0,SCD-6,2026-06-05T23:33:29Z,9
SCD,Scioto Downs,2026-06-06,6,23:33,Pace 1m,Pace,Dirt,1m,"$20,000",9,Baxter Tough,"Smith, Tyler","Rowe, Joshua",8/1,False,Harness,tvg,https://api.tvg.com/cosmo/v1/graphql,2026-06-06T01:50:50.383947,1.0.0,Dancin Yankee,Opie's Girl,Art Official,3,F,"Matt E Rowe,Urbana,OH",0,10/1,11.0,9.0,SCD-6,2026-06-05T23:33:29Z,9
SCD,Scioto Downs,2026-06-06,7,00:02,Trot 1m,Trot,Dirt,1m,"$20,000",1,Royal Precedent,"Irvine, Justin","Schillaci, Sam",12/1,False,Harness,tvg,https://api.tvg.com/cosmo/v1/graphql,2026-06-06T01:50:50.383957,1.0.0,Creatine,Royal Tabs,Cantab Hall,5,G,"Claude Gendreau Stb Inc,Deerfield,I",0,64/1,65.0,13.0,SCD-7,2026-06-06T00:02:33Z,8
SCD,Scioto Downs,2026-06-06,7,00:02,Trot 1m,Trot,Dirt,1m,"$20,000",2,Golden Wall As,"Page, Chris","Lorentzon, Ane",6/1,False,Harness,tvg,https://api.tvg.com/cosmo/v1/graphql,2026-06-06T01:50:50.383962,1.0.0,Walner,Golden Door Lindy,Cambest,7,H,"Acl Stuteri Ab,Paris,KY;Kjell Johan",0,18/1,19.0,7.0,SCD-7,2026-06-06T00:02:33Z,8
SCD,Scioto Downs,2026-06-06,7,00:02,Trot 1m,Trot,Dirt,1m,"$20,000",3,Bargain,"Hanners, Luke","Morgan, Virgil",5/2,False,Harness,tvg,https://api.tvg.com/cosmo/v1/graphql,2026-06-06T01:50:50.383968,1.0.0,Chapter Seven,Batoutahill,Muscle Hill,5,G,"Ct Stables LLC,Washington C H,OH",0,9/2,5.5,3.5,SCD-7,2026-06-06T00:02:33Z,8
SCD,Scioto Downs,2026-06-06,7,00:02,Trot 1m,Trot,Dirt,1m,"$20,000",4,Sayinwhatimthinkin,"Smith, Trevor","Smith, Jeff",4/1,False,Harness,tvg,https://api.tvg.com/cosmo/v1/graphql,2026-06-06T01:50:50.383973,1.0.0,Swan For All,Special Interest,Cantab Hall,6,G,"Tdtrot LLC,Hallandale Beach,FL",0,2/1,3.0,5.0,SCD-7,2026-06-06T00:02:33Z,8
SCD,Scioto Downs,2026-06-06,7,00:02,Trot 1m,Trot,Dirt,1m,"$20,000",5,Nickel And Dime,"Smith, Tyler","Hitchcock, Mic",7/2,False,Harness,tvg,https://api.tvg.com/cosmo/v1/graphql,2026-06-06T01:50:50.383978,1.0.0,Resolve,Parkhill Nocredit,Federal Flex,4,G,"William A Hartt,Carmel,ME;H& H Stab",0,1/1,2.0,4.5,SCD-7,2026-06-06T00:02:33Z,8
SCD,Scioto Downs,2026-06-06,7,00:02,Trot 1m,Trot,Dirt,1m,"$20,000",6,Angel Nation,"Smith, Jeremy","Storer, Antoni",12/1,False,Harness,tvg,https://api.tvg.com/cosmo/v1/graphql,2026-06-06T01:50:50.383984,1.0.0,Archangel,Seawind Pascale,Deweycheatumnhowe,9,G,"J M F Racing LLC,Freehold,NJ;Friend",0,52/1,53.0,13.0,SCD-7,2026-06-06T00:02:33Z,8
SCD,Scioto Downs,2026-06-06,7,00:02,Trot 1m,Trot,Dirt,1m,"$20,000",7,Rose Run Valor,"Hanners, Austi","Kauffman, Kayn",15/1,False,Harness,tvg,https://api.tvg.com/cosmo/v1/graphql,2026-06-06T01:50:50.383989,1.0.0,Uncle Peter,Donven Promise,Promising Catch,9,G,"Natalie A Kauffman,Lebanon,OH",0,34/1,35.0,16.0,SCD-7,2026-06-06T00:02:33Z,8
SCD,Scioto Downs,2026-06-06,7,00:02,Trot 1m,Trot,Dirt,1m,"$20,000",8,Woman Of Passion,"Luna, Marvin","Pinske, Carter",9/2,False,Harness,tvg,https://api.tvg.com/cosmo/v1/graphql,2026-06-06T01:50:50.383994,1.0.0,Walner,Womans Will,Donato Hanover,5,M,"Al J Libfeld,Pickering,ON, CA",0,5/1,6.0,5.5,SCD-7,2026-06-06T00:02:33Z,8
SCD,Scioto Downs,2026-06-06,8,00:27,Pace 1m,Pace,Dirt,1m,"$20,000",1,Blood Queen,"Luna, Marvin","Miller, Ryan",8/5,False,Harness,tvg,https://api.tvg.com/cosmo/v1/graphql,2026-06-06T01:50:50.384004,1.0.0,Downbytheseaside,Blood Diamond,Western Ideal,3,F,"Miller Rcg Stb Inc,Greenville,OH;Re",0,1/2,1.5,2.6,SCD-8,2026-06-06T00:27:08Z,9
SCD,Scioto Downs,2026-06-06,8,00:27,Pace 1m,Pace,Dirt,1m,"$20,000",2,Platinums Rosa,"Irvine, Justin","Miller, Susan",9/2,False,Harness,tvg,https://api.tvg.com/cosmo/v1/graphql,2026-06-06T01:50:50.384009,1.0.0,Downbytheseaside,Bettor's Up,Bettor's Delight,3,F,"Platinum Stables,Grabill,IN;L& S Ra",0,6/1,7.0,5.5,SCD-8,2026-06-06T00:27:08Z,9
SCD,Scioto Downs,2026-06-06,8,00:27,Pace 1m,Pace,Dirt,1m,"$20,000",3,Magical Evening,"Hanners, Austi","Dailey, Kimber",15/1,False,Harness,tvg,https://api.tvg.com/cosmo/v1/graphql,2026-06-06T01:50:50.384015,1.0.0,Summa Cum Laude,Autumn Magic,Jenna's Beach Boy,3,F,"Jerry Zosel,Columbus,OH;Kimberly A",0,99/1,100.0,16.0,SCD-8,2026-06-06T00:27:08Z,9
SCD,Scioto Downs,2026-06-06,8,00:27,Pace 1m,Pace,Dirt,1m,"$20,000",4,Odds On Catherine,"Hanners, Luke","Morgan, Virgil",12/1,False,Harness,tvg,https://api.tvg.com/cosmo/v1/graphql,2026-06-06T01:50:50.384020,1.0.0,Downbytheseaside,Miss L A,Bettor's Delight,3,F,"Odds On Racing,Boca Raton,FL",0,65/1,66.0,13.0,SCD-8,2026-06-06T00:27:08Z,9
SCD,Scioto Downs,2026-06-06,8,00:27,Pace 1m,Pace,Dirt,1m,"$20,000",5,Juliet Capulet,"Widger, Sam","Miller, Uriah",7/2,False,Harness,tvg,https://api.tvg.com/cosmo/v1/graphql,2026-06-06T01:50:50.384025,1.0.0,Fear The Dragon,Lady Capulet,Always A Virgin,3,F,"Samuel D Widger,Clarksville,OH",0,6/1,7.0,4.5,SCD-8,2026-06-06T00:27:08Z,9
SCD,Scioto Downs,2026-06-06,8,00:27,Pace 1m,Pace,Dirt,1m,"$20,000",6,Rhodena Blue,"Smith, Tyler","Mac Innis, Nei",12/1,False,Harness,tvg,https://api.tvg.com/cosmo/v1/graphql,2026-06-06T01:50:50.384031,1.0.0,Lather Up,Mc Taylor,Camluck,3,F,"Neil F Mac Innis,Mono,ON, CA;Rory M",0,3/1,4.0,13.0,SCD-8,2026-06-06T00:27:08Z,9
SCD,Scioto Downs,2026-06-06,8,00:27,Pace 1m,Pace,Dirt,1m,"$20,000",7,Nancy Jane,"Smith, Trevor","Beaver, Christ",15/1,False,Harness,tvg,https://api.tvg.com/cosmo/v1/graphql,2026-06-06T01:50:50.384038,1.0.0,Dancin Yankee,Big Bad Jane,Big Bad John,3,F,"Jim S Burnett,Wilmington,OH",0,99/1,100.0,16.0,SCD-8,2026-06-06T00:27:08Z,9
SCD,Scioto Downs,2026-06-06,8,00:27,Pace 1m,Pace,Dirt,1m,"$20,000",8,Extra Sweet,"Page, Chris","Deyermand, Cor",7/1,False,Harness,tvg,https://api.tvg.com/cosmo/v1/graphql,2026-06-06T01:50:50.384043,1.0.0,Downbytheseaside,Tea Time,Camluck,3,F,"Kapp Equine Estates,Youngstown,OH",0,39/1,40.0,8.0,SCD-8,2026-06-06T00:27:08Z,9
SCD,Scioto Downs,2026-06-06,8,00:27,Pace 1m,Pace,Dirt,1m,"$20,000",9,Filly Cum Laude,"Miller, Brett","Neff, Charles",15/1,False,Harness,tvg,https://api.tvg.com/cosmo/v1/graphql,2026-06-06T01:50:50.384049,1.0.0,Summa Cum Laude,Charade,Western Vintage,3,F,"Charles R Neff,Commercial Point,OH;",0,47/1,48.0,16.0,SCD-8,2026-06-06T00:27:08Z,9
SCD,Scioto Downs,2026-06-06,9,00:55,Pace 1m,Pace,Dirt,1m,"$16,500",1,Fear Our Fayth,"Noble, Koltin","Smith, Randy",9/1,False,Harness,tvg,https://api.tvg.com/cosmo/v1/graphql,2026-06-06T01:50:50.384059,1.0.0,Fear The Dragon,Maggys Art,Art Major,7,M,"Jessica A & Amelia J Smith,Xenia,OH",0,18/1,19.0,10.0,SCD-9,2026-06-06T00:55:03Z,10
SCD,Scioto Downs,2026-06-06,9,00:55,Pace 1m,Pace,Dirt,1m,"$16,500",2,Jillian B Miki,"Smith, Jeremy","Tatham, Brian",6/1,False,Harness,tvg,https://api.tvg.com/cosmo/v1/graphql,2026-06-06T01:50:50.384065,1.0.0,Always B Miki,Sir Jillian Z Tam,Bettor's Delight,7,M,"Tatham Racing Stable LLC,Mt Sterlin",0,2/1,3.0,7.0,SCD-9,2026-06-06T00:55:03Z,10
SCD,Scioto Downs,2026-06-06,9,00:55,Pace 1m,Pace,Dirt,1m,"$16,500",3,Feetmadefordancin,"Smith, Trevor","Di Cicco, Terr",8/1,False,Harness,tvg,https://api.tvg.com/cosmo/v1/graphql,2026-06-06T01:50:50.384070,1.0.0,Jk Endofanera,Feetonthedashboard,Panspacificflight,6,M,"William E Emmons,Farmingdale,NJ",0,30/1,31.0,9.0,SCD-9,2026-06-06T00:55:03Z,10
SCD,Scioto Downs,2026-06-06,9,00:55,Pace 1m,Pace,Dirt,1m,"$16,500",4,Nase Vira A,"Widger, Sam","George, Tyler",6/1,False,Harness,tvg,https://api.tvg.com/cosmo/v1/graphql,2026-06-06T01:50:50.384075,1.0.0,Alta Christiano,Sovereign Faith,Live Or Die,6,M,"Martin A Valentic,Canonsburg,PA",0,5/2,3.5,7.0,SCD-9,2026-06-06T00:55:03Z,10
SCD,Scioto Downs,2026-06-06,9,00:55,Pace 1m,Pace,Dirt,1m,"$16,500",5,Racing For Three,"Hanners, Austi","Carlo, Aj",5/1,False,Harness,tvg,https://api.tvg.com/cosmo/v1/graphql,2026-06-06T01:50:50.384081,1.0.0,Western Terror,Boocat,Allamerican Native,6,M,"Carlo Racing LLC,Lebanon,OH;C2G Sta",0,7/1,8.0,6.0,SCD-9,2026-06-06T00:55:03Z,10
SCD,Scioto Downs,2026-06-06,9,00:55,Pace 1m,Pace,Dirt,1m,"$16,500",6,Flossy Hill,"Miller, Brett","Husted, Amy",12/1,False,Harness,tvg,https://api.tvg.com/cosmo/v1/graphql,2026-06-06T01:50:50.384086,1.0.0,Tall Dark Stranger,Party Girl Hill,Captaintreacherous,4,M,"Husted Rcg,Altmnt,IL;J Schwarz Jr,W",0,6/1,7.0,13.0,SCD-9,2026-06-06T00:55:03Z,10
SCD,Scioto Downs,2026-06-06,9,00:55,Pace 1m,Pace,Dirt,1m,"$16,500",7,Foxy Hill,"Hanners, Luke","Morgan, Virgil",7/2,False,Harness,tvg,https://api.tvg.com/cosmo/v1/graphql,2026-06-06T01:50:50.384092,1.0.0,Captaintreacherous,My Little Delight,Bettor's Delight,5,M,"Odds On Racing,Boca Raton,FL",0,7/2,4.5,4.5,SCD-9,2026-06-06T00:55:03Z,10
SCD,Scioto Downs,2026-06-06,9,00:55,Pace 1m,Pace,Dirt,1m,"$16,500",8,Dragon By The Sea,"Smith, Tyler","Smith, Jeff",8/1,False,Harness,tvg,https://api.tvg.com/cosmo/v1/graphql,2026-06-06T01:50:50.384097,1.0.0,Downbytheseaside,Prima Dragon,Dragon Again,6,M,"John F Van Horn,Germantown,OH",0,12/1,13.0,9.0,SCD-9,2026-06-06T00:55:03Z,10
SCD,Scioto Downs,2026-06-06,9,00:55,Pace 1m,Pace,Dirt,1m,"$16,500",9,A Special Dance,"Luna, Marvin","Ater, Kyle",12/1,False,Harness,tvg,https://api.tvg.com/cosmo/v1/graphql,2026-06-06T01:50:50.384102,1.0.0,Dancin Yankee,Fine Art Mindale,Modern Art,5,M,"Kyle Ater,Clarksburg,OH",0,84/1,85.0,13.0,SCD-9,2026-06-06T00:55:03Z,10
SCD,Scioto Downs,2026-06-06,9,00:55,Pace 1m,Pace,Dirt,1m,"$16,500",10,Alwaysanun,"Irvine, Justin","Irwin, Jason",9/1,False,Harness,tvg,https://api.tvg.com/cosmo/v1/graphql,2026-06-06T01:50:50.384110,1.0.0,Always A Virgin,Singit Like Aretha,Somebeachsomewhere,6,M,"Jack B Piatt III,Washington,PA;Howa",0,34/1,35.0,10.0,SCD-9,2026-06-06T00:55:03Z,10
SCD,Scioto Downs,2026-06-06,10,01:22,Pace 1m,Pace,Dirt,1m,"$20,000",1,Ima Beach Girl,"Irvine, Justin","Schillaci, Sam",9/1,False,Harness,tvg,https://api.tvg.com/cosmo/v1/graphql,2026-06-06T01:50:50.384121,1.0.0,Downbytheseaside,Tea Pot Hanover,Western Hanover,3,F,"Schillaci Stables LLC,Macedonia,OH;",0,25/1,26.0,10.0,SCD-10,2026-06-06T01:22:37Z,9
SCD,Scioto Downs,2026-06-06,10,01:22,Pace 1m,Pace,Dirt,1m,"$20,000",2,Adeline Blue Chip,"Brown, Beau","Brown, Beau",12/1,False,Harness,tvg,https://api.tvg.com/cosmo/v1/graphql,2026-06-06T01:50:50.384127,1.0.0,Downbytheseaside,Onassis Blue Chip,American Ideal,3,F,"Beau M Brown,Ostrander,OH;Taddeo Si",0,56/1,57.0,13.0,SCD-10,2026-06-06T01:22:37Z,9
SCD,Scioto Downs,2026-06-06,10,01:22,Pace 1m,Pace,Dirt,1m,"$20,000",3,Zooom Call,"Hanners, Luke","Morgan, Virgil",2/1,False,Harness,tvg,https://api.tvg.com/cosmo/v1/graphql,2026-06-06T01:50:50.384132,1.0.0,Summa Cum Laude,Rememberthedragon,Fear The Dragon,3,F,"Hutchison Hrns,N Rdgvl,OH;B Hopper,",0,1/1,2.0,3.0,SCD-10,2026-06-06T01:22:37Z,9
SCD,Scioto Downs,2026-06-06,10,01:22,Pace 1m,Pace,Dirt,1m,"$20,000",4,Bad Girl Up,"Smith, Tyler","Potter, Ron",5/2,False,Harness,tvg,https://api.tvg.com/cosmo/v1/graphql,2026-06-06T01:50:50.384137,1.0.0,Lather Up,Bad Girls Club,Allamerican Native,3,F,"Last Laugh LLC,Bucyrus,OH;Spring Ha",0,4/5,1.8,3.5,SCD-10,2026-06-06T01:22:37Z,9
SCD,Scioto Downs,2026-06-06,10,01:22,Pace 1m,Pace,Dirt,1m,"$20,000",5,Liberty Biberty,"Mccown, Camero","Mccown, Jessic",12/1,False,Harness,tvg,https://api.tvg.com/cosmo/v1/graphql,2026-06-06T01:50:50.384142,1.0.0,Summa Cum Laude,America Rocks,Rocknroll Hanover,3,F,"Heerzthestock Inc,Bucyrus,OH;Shawn",0,57/1,58.0,13.0,SCD-10,2026-06-06T01:22:37Z,9
SCD,Scioto Downs,2026-06-06,10,01:22,Pace 1m,Pace,Dirt,1m,"$20,000",6,Hold On Tight,"Miller, Brett","Hennessey, San",15/1,False,Harness,tvg,https://api.tvg.com/cosmo/v1/graphql,2026-06-06T01:50:50.384148,1.0.0,Well Said,Queens Highway,Blissfull Hall,3,F,"Sandra D Hennessey,Grand Blanc,MI;P",0,81/1,82.0,16.0,SCD-10,2026-06-06T01:22:37Z,9
SCD,Scioto Downs,2026-06-06,10,01:22,Pace 1m,Pace,Dirt,1m,"$20,000",7,High Seas,"Hanners, Austi","Morgan, Virgil",15/1,False,Harness,tvg,https://api.tvg.com/cosmo/v1/graphql,2026-06-06T01:50:50.384153,1.0.0,Downbytheseaside,Member Berry,Art Major,3,F,"Let It Ride Stables Inc,Boca Raton,",0,46/1,47.0,16.0,SCD-10,2026-06-06T01:22:37Z,9
SCD,Scioto Downs,2026-06-06,10,01:22,Pace 1m,Pace,Dirt,1m,"$20,000",8,Bethany Beach,"Smith, Jeremy","Steck, Ron",6/1,False,Harness,tvg,https://api.tvg.com/cosmo/v1/graphql,2026-06-06T01:50:50.384159,1.0.0,Downbytheseaside,Clear Idea,American Ideal,3,F,"Bootville Stables LLC,Avon,IN;Ronal",0,17/1,18.0,7.0,SCD-10,2026-06-06T01:22:37Z,9
SCD,Scioto Downs,2026-06-06,10,01:22,Pace 1m,Pace,Dirt,1m,"$20,000",9,Deep Satin,"Micallef, Mike","Micallef, Mike",7/1,False,Harness,tvg,https://api.tvg.com/cosmo/v1/graphql,2026-06-06T01:50:50.384165,1.0.0,Downbytheseaside,Rewind Again,Dragon Again,3,F,"Bet The House LLC,St Petersburg,FL",0,17/1,18.0,8.0,SCD-10,2026-06-06T01:22:37Z,9
SCD,Scioto Downs,2026-06-06,11,01:47,Pace 1m,Pace,Dirt,1m,"$15,000",1,Camden,"Hanners, Luke","Hanners, Alici",12/1,False,Harness,tvg,https://api.tvg.com/cosmo/v1/graphql,2026-06-06T01:50:50.384176,1.0.0,Downbytheseaside,Hollyrocker,Rocknroll Hanover,3,F,"Hanners Racing,New Holland,OH",0,11/1,12.0,13.0,SCD-11,2026-06-06T01:47:17Z,7
SCD,Scioto Downs,2026-06-06,11,01:47,Pace 1m,Pace,Dirt,1m,"$15,000",2,Elle Woods,"Ebersole, Luke","Hope, Christop",9/1,False,Harness,tvg,https://api.tvg.com/cosmo/v1/graphql,2026-06-06T01:50:50.384181,1.0.0,Summa Cum Laude,Eagle Yankee,Art Major,3,F,"T S Baker,Greenville,OH;G A Loy,Bry",0,10/1,11.0,10.0,SCD-11,2026-06-06T01:47:17Z,7
SCD,Scioto Downs,2026-06-06,11,01:47,Pace 1m,Pace,Dirt,1m,"$15,000",3,Tenille Towns,"Luna, Marvin","Kauffman, Kayn",2/1,False,Harness,tvg,https://api.tvg.com/cosmo/v1/graphql,2026-06-06T01:50:50.384187,1.0.0,Lather Up,Tura Lura Lural,The Panderosa,3,F,"Douglas W Millard,Woodstock,ON, CA;",0,13/1,14.0,3.0,SCD-11,2026-06-06T01:47:17Z,7
SCD,Scioto Downs,2026-06-06,11,01:47,Pace 1m,Pace,Dirt,1m,"$15,000",4,Sumbadgirl,"Page, Chris","Harvey, Daren",9/5,False,Harness,tvg,https://api.tvg.com/cosmo/v1/graphql,2026-06-06T01:50:50.384192,1.0.0,Summa Cum Laude,Johnsbadgirl,Big Bad John,3,F,"Allen J Miller,Millersburg,OH",0,6/5,2.2,2.8,SCD-11,2026-06-06T01:47:17Z,7
SCD,Scioto Downs,2026-06-06,11,01:47,Pace 1m,Pace,Dirt,1m,"$15,000",5,Its Nacho Turn,"Hanners, Austi","Luther, Todd",7/2,False,Harness,tvg,https://api.tvg.com/cosmo/v1/graphql,2026-06-06T01:50:50.384197,1.0.0,Summa Cum Laude,Nachomama Bluechip,Rock N Roll Heaven,3,F,"Greg Luther Racing LLC,Blacklick,OH",0,6/5,2.2,4.5,SCD-11,2026-06-06T01:47:17Z,7
SCD,Scioto Downs,2026-06-06,11,01:47,Pace 1m,Pace,Dirt,1m,"$15,000",6,Burning Spirit,"Miller, Brett","Schwartz, Bret",7/1,False,Harness,tvg,https://api.tvg.com/cosmo/v1/graphql,2026-06-06T01:50:50.384202,1.0.0,Catch The Fire,Shesagamemajor,Art Major,3,F,"Hired Gun Racing Stable,Washington",0,13/1,14.0,8.0,SCD-11,2026-06-06T01:47:17Z,7
SCD,Scioto Downs,2026-06-06,11,01:47,Pace 1m,Pace,Dirt,1m,"$15,000",7,I Aint A Fool,"Nisonger, Jeff","Winters, Mark",12/1,False,Harness,tvg,https://api.tvg.com/cosmo/v1/graphql,2026-06-06T01:50:50.384211,1.0.0,Fool Me Once,Myell,The Panderosa,3,F,"Scott W Hagemeyer,Clarksville,OH",0,22/1,23.0,13.0,SCD-11,2026-06-06T01:47:17Z,7
SCD,Scioto Downs,2026-06-06,12,01:33,Trot 1m,Trot,Dirt,1m,"$14,500",1,Fiftyfour K,"Miller, Brett","Steck, Ron",10/1,False,Harness,tvg,https://api.tvg.com/cosmo/v1/graphql,2026-06-06T01:50:50.384222,1.0.0,Sebastian K S,Westfiftyfirst,Broadway Hall,7,G,"Here's To Us Stable,Dublin,OH;Amand",0,10/1,11.0,11.0,SCD-12,2026-06-06T01:33:00Z,8
SCD,Scioto Downs,2026-06-06,12,01:33,Trot 1m,Trot,Dirt,1m,"$14,500",2,Long Highway,"Beatty, Hugh","Beatty, Hugh",9/2,False,Harness,tvg,https://api.tvg.com/cosmo/v1/graphql,2026-06-06T01:50:50.384228,1.0.0,Long Tom,My Way The Highway,Muscle Massive,4,G,"Frank James Cautela,Dublin,OH;John",0,9/2,5.5,5.5,SCD-12,2026-06-06T01:33:00Z,8
SCD,Scioto Downs,2026-06-06,12,01:33,Trot 1m,Trot,Dirt,1m,"$14,500",3,Kildare King,"Smith, Tyler","Beaver, Christ",7/1,False,Harness,tvg,https://api.tvg.com/cosmo/v1/graphql,2026-06-06T01:50:50.384233,1.0.0,Trixton,Exclusivity,Yankee Glide,8,G,"Christopher F Beaver,Radnor,OH(L)",0,7/1,8.0,8.0,SCD-12,2026-06-06T01:33:00Z,8
SCD,Scioto Downs,2026-06-06,12,01:33,Trot 1m,Trot,Dirt,1m,"$14,500",4,Nelli Up,"Luna, Marvin","Miller, Ryan",6/1,False,Harness,tvg,https://api.tvg.com/cosmo/v1/graphql,2026-06-06T01:50:50.384239,1.0.0,Muscle Up The Goal,Ornellaia Dream,Fortuna Winner,4,G,"Miller Rcg Stb & Hrsplay Rcg Stb,OH",0,6/1,7.0,7.0,SCD-12,2026-06-06T01:33:00Z,8
SCD,Scioto Downs,2026-06-06,12,01:33,Trot 1m,Trot,Dirt,1m,"$14,500",5,Taipan As,"Hanners, Austi","Lorentzon, Ane",3/1,False,Harness,tvg,https://api.tvg.com/cosmo/v1/graphql,2026-06-06T01:50:50.384245,1.0.0,Walner,Black Mamba As,Lionhunter,4,G,"Acl Stuteri Ab,Paris,KY",0,3/1,4.0,4.0,SCD-12,2026-06-06T01:33:00Z,8
SCD,Scioto Downs,2026-06-06,12,01:33,Trot 1m,Trot,Dirt,1m,"$14,500",6,Royaltimestwo,"Smith, Trevor","Chupp, Marion",12/1,False,Harness,tvg,https://api.tvg.com/cosmo/v1/graphql,2026-06-06T01:50:50.384250,1.0.0,What The Hill,Like Old Times,Chip Chip Hooray,4,G,"Marlin D Miller,Middlefield,OH",0,12/1,13.0,13.0,SCD-12,2026-06-06T01:33:00Z,8
SCD,Scioto Downs,2026-06-06,12,01:33,Trot 1m,Trot,Dirt,1m,"$14,500",7,Tennessee Tom,"Page, Chris","Burke, Ron",5/2,False,Harness,tvg,https://api.tvg.com/cosmo/v1/graphql,2026-06-06T01:50:50.384256,1.0.0,Long Tom,Missive,Muscle Massive,5,G,"Burke Rcg Stb & Weaver Bruscemi,PA;",0,5/2,3.5,3.5,SCD-12,2026-06-06T01:33:00Z,8
SCD,Scioto Downs,2026-06-06,12,01:33,Trot 1m,Trot,Dirt,1m,"$14,500",8,Jet Wings,"Hanners, Luke","Morgan, Virgil",7/1,False,Harness,tvg,https://api.tvg.com/cosmo/v1/graphql,2026-06-06T01:50:50.384261,1.0.0,What The Hill,Schlim Schlamma,Lear Jetta,4,G,"Joyce A McClelland Stb LLC,Zanesvil",0,7/1,8.0,8.0,SCD-12,2026-06-06T01:33:00Z,8
SCD,Scioto Downs,2026-06-06,13,01:55,Pace 1m,Pace,Dirt,1m,"$20,000",1,She's Lit,"Smith, Tyler","Mogan, Scott",3/1,False,Harness,tvg,https://api.tvg.com/cosmo/v1/graphql,2026-06-06T01:50:50.384272,1.0.0,Catch The Fire,Hope For Pot Gold,Panspacificflight,3,F,"Linda E Van Camp,Circleville,OH",0,3/1,4.0,4.0,SCD-13,2026-06-06T01:55:00Z,9
SCD,Scioto Downs,2026-06-06,13,01:55,Pace 1m,Pace,Dirt,1m,"$20,000",2,Rose Run Bella,"Miller, Brett","Hagerman, Herm",10/1,False,Harness,tvg,https://api.tvg.com/cosmo/v1/graphql,2026-06-06T01:50:50.384277,1.0.0,Downbytheseaside,Rose Run Uptowngal,Dragon Again,3,F,"Hagerman Racing,Mt Vernon,OH;Martin",0,10/1,11.0,11.0,SCD-13,2026-06-06T01:55:00Z,9
SCD,Scioto Downs,2026-06-06,13,01:55,Pace 1m,Pace,Dirt,1m,"$20,000",3,Sea Me,"Hanners, Luke","Morgan, Virgil",3/1,False,Harness,tvg,https://api.tvg.com/cosmo/v1/graphql,2026-06-06T01:50:50.384282,1.0.0,Downbytheseaside,Single Me,Bettor's Delight,3,F,"Let It Ride Stbs Inc,Boca Raton,FL;",0,3/1,4.0,4.0,SCD-13,2026-06-06T01:55:00Z,9
SCD,Scioto Downs,2026-06-06,13,01:55,Pace 1m,Pace,Dirt,1m,"$20,000",4,Climate,"Luna, Marvin","Seekman, Joe",5/2,False,Harness,tvg,https://api.tvg.com/cosmo/v1/graphql,2026-06-06T01:50:50.384288,1.0.0,Downbytheseaside,Compass,A Rocknroll Dance,3,F,"L& L Devisser LLC,Holland,MI",0,5/2,3.5,3.5,SCD-13,2026-06-06T01:55:00Z,9
SCD,Scioto Downs,2026-06-06,13,01:55,Pace 1m,Pace,Dirt,1m,"$20,000",5,Mandaloun,"Page, Chris","Burke, Ron",4/1,False,Harness,tvg,https://api.tvg.com/cosmo/v1/graphql,2026-06-06T01:50:50.384293,1.0.0,Downbytheseaside,Loreenas Ruffian,Mcardle,3,F,"Burke Rcg Stb,Frdrcktwn,PA;Weaver B",0,4/1,5.0,5.0,SCD-13,2026-06-06T01:55:00Z,9
SCD,Scioto Downs,2026-06-06,13,01:55,Pace 1m,Pace,Dirt,1m,"$20,000",6,I Love Desi,"Irvine, Justin","Winters, Mark",8/1,False,Harness,tvg,https://api.tvg.com/cosmo/v1/graphql,2026-06-06T01:50:50.384299,1.0.0,Bit Of A Legend N,Igottadesirefran,Real Desire,3,F,"Jr Stable Llp,Orient,OH",0,8/1,9.0,9.0,SCD-13,2026-06-06T01:55:00Z,9
SCD,Scioto Downs,2026-06-06,13,01:55,Pace 1m,Pace,Dirt,1m,"$20,000",7,Dolly Jean,"Smith, Trevor","Richardson, La",10/1,False,Harness,tvg,https://api.tvg.com/cosmo/v1/graphql,2026-06-06T01:50:50.384305,1.0.0,Pet Rock,Aliveah Snowangel,Somebeachsomewhere,3,F,"John H Fitzwater,Miamisburg,OH",0,10/1,11.0,11.0,SCD-13,2026-06-06T01:55:00Z,9
SCD,Scioto Downs,2026-06-06,13,01:55,Pace 1m,Pace,Dirt,1m,"$20,000",8,Sando,"Hanners, Austi","Schwartz, Bret",12/1,False,Harness,tvg,https://api.tvg.com/cosmo/v1/graphql,2026-06-06T01:50:50.384311,1.0.0,Pet Rock,Shakin Friskie,Feelin Friskie,3,F,"Hired Gun Rcg Stb,Washington C H,OH",0,12/1,13.0,13.0,SCD-13,2026-06-06T01:55:00Z,9
SCD,Scioto Downs,2026-06-06,13,01:55,Pace 1m,Pace,Dirt,1m,"$20,000",9,Twin B Malibu,"Smith, Jeremy","Miller, Ryan",12/1,False,Harness,tvg,https://api.tvg.com/cosmo/v1/graphql,2026-06-06T01:50:50.384316,1.0.0,Downbytheseaside,Paisley Hanover,Western Ideal,3,F,"Miller Rcg Stb,Grnvl,OH;R Miller,Ar",0,12/1,13.0,13.0,SCD-13,2026-06-06T01:55:00Z,9
SCD,Scioto Downs,2026-06-06,14,02:17,Trot 1m,Trot,Dirt,1m,"$14,500",1,Global Sensation,"Miller, Brett","Hitchcock, Mic",6/1,False,Harness,tvg,https://api.tvg.com/cosmo/v1/graphql,2026-06-06T01:50:50.384327,1.0.0,Chapter Seven,Fly Angel Fly,Cantab Hall,4,G,"William A Hartt,Carmel,ME;H& H Stab",0,6/1,7.0,7.0,SCD-14,2026-06-06T02:17:00Z,9
SCD,Scioto Downs,2026-06-06,14,02:17,Trot 1m,Trot,Dirt,1m,"$14,500",2,Floyd Of Rosedale,"Smith, Tyler","Myrick, Charli",12/1,False,Harness,tvg,https://api.tvg.com/cosmo/v1/graphql,2026-06-06T01:50:50.384332,1.0.0,Southwind Spirit,Puffed-Up,Donerail,7,G,"Second Chance Stable Inc,Ravenna,OH",0,12/1,13.0,13.0,SCD-14,2026-06-06T02:17:00Z,9
SCD,Scioto Downs,2026-06-06,14,02:17,Trot 1m,Trot,Dirt,1m,"$14,500",3,Militant,"Beatty, Hugh","Beatty, Hugh",15/1,False,Harness,tvg,https://api.tvg.com/cosmo/v1/graphql,2026-06-06T01:50:50.384338,1.0.0,Six Pack,Christina M,Muscles Yankee,5,G,"Caldwell Mamie Racing LLC,Bellaire,",0,15/1,16.0,16.0,SCD-14,2026-06-06T02:17:00Z,9
SCD,Scioto Downs,2026-06-06,14,02:17,Trot 1m,Trot,Dirt,1m,"$14,500",4,Caviar Gold,"Smith, Jeremy","Beaver, Christ",3/1,False,Harness,tvg,https://api.tvg.com/cosmo/v1/graphql,2026-06-06T01:50:50.384343,1.0.0,Triumphant Caviar,Gee O'keeffe,Holiday Road,7,G,"C F Beaver,Radnor,OH;B G Manes,ON;L",0,3/1,4.0,4.0,SCD-14,2026-06-06T02:17:00Z,9
SCD,Scioto Downs,2026-06-06,14,02:17,Trot 1m,Trot,Dirt,1m,"$14,500",5,Amazing Catch,"Hanners, Austi","Luther, Todd",7/2,False,Harness,tvg,https://api.tvg.com/cosmo/v1/graphql,2026-06-06T01:50:50.384349,1.0.0,Walner,Mets Life,Kadabra,5,H,"Greg Luther Racing LLC,Blacklick,OH",0,7/2,4.5,4.5,SCD-14,2026-06-06T02:17:00Z,9
SCD,Scioto Downs,2026-06-06,14,02:17,Trot 1m,Trot,Dirt,1m,"$14,500",6,Macmorris Hanover,"St Louis, Marc","Currie, Stacey",10/1,False,Harness,tvg,https://api.tvg.com/cosmo/v1/graphql,2026-06-06T01:50:50.384355,1.0.0,Cantab Hall,My America Bi,Donato Hanover,10,G,"Stacey L Currie,Thornville,OH",0,10/1,11.0,11.0,SCD-14,2026-06-06T02:17:00Z,9
SCD,Scioto Downs,2026-06-06,14,02:17,Trot 1m,Trot,Dirt,1m,"$14,500",7,Sugar Instead,"Hanners, Luke","Morgan, Virgil",7/2,False,Harness,tvg,https://api.tvg.com/cosmo/v1/graphql,2026-06-06T01:50:50.384360,1.0.0,Volstead,Sugar Pop,Windsong's Legacy,5,M,"Joyce A McClelland Stb LLC,Zanesvil",0,7/2,4.5,4.5,SCD-14,2026-06-06T02:17:00Z,9
SCD,Scioto Downs,2026-06-06,14,02:17,Trot 1m,Trot,Dirt,1m,"$14,500",8,Lane Of Stone,"Nisonger, Jeff","Winters, Mark",15/1,False,Harness,tvg,https://api.tvg.com/cosmo/v1/graphql,2026-06-06T01:50:50.384366,1.0.0,Wishing Stone,Wisteria Lane,Lindy Lane,10,H,"Harry Horowitz Estate,Brooklyn,NY",0,15/1,16.0,16.0,SCD-14,2026-06-06T02:17:00Z,9
SCD,Scioto Downs,2026-06-06,14,02:17,Trot 1m,Trot,Dirt,1m,"$14,500",9,Hilltop Sonar,"Page, Chris","Burke, Ron",6/1,False,Harness,tvg,https://api.tvg.com/cosmo/v1/graphql,2026-06-06T01:50:50.384371,1.0.0,What The Hill,Mariah De Vie,Cantab Hall,4,G,"Burke Rcg Stb & Weaver Bruscemi,PA;",0,6/1,7.0,7.0,SCD-14,2026-06-06T02:17:00Z,9
SCD,Scioto Downs,2026-06-06,15,02:39,Pace 1m,Pace,Dirt,1m,"$17,500",1,Beckoning Yankee,"Page, Chris","Hitchcock, Mic",3/1,False,Harness,tvg,https://api.tvg.com/cosmo/v1/graphql,2026-06-06T01:50:50.384381,1.0.0,Tall Dark Stranger,A Beach Cowgirl,Somebeachsomewhere,4,M,"William A Hartt,Carmel,ME;H& H Stab",0,3/1,4.0,4.0,SCD-15,2026-06-06T02:39:00Z,9
SCD,Scioto Downs,2026-06-06,15,02:39,Pace 1m,Pace,Dirt,1m,"$17,500",2,Rumor Has It,"Hanners, Luke","Sweeney, Mike",9/2,False,Harness,tvg,https://api.tvg.com/cosmo/v1/graphql,2026-06-06T01:50:50.384386,1.0.0,Well Said,Here And Now,Bettor's Delight,6,M,"Patrick M Sweeney,Delaware,OH;John",0,9/2,5.5,5.5,SCD-15,2026-06-06T02:39:00Z,9
SCD,Scioto Downs,2026-06-06,15,02:39,Pace 1m,Pace,Dirt,1m,"$17,500",3,Kountry Carrots,"Hanners, Austi","Miller, Erv",12/1,False,Harness,tvg,https://api.tvg.com/cosmo/v1/graphql,2026-06-06T01:50:50.384392,1.0.0,Capt Midnight,Bettor Joy N,Bettor's Delight,4,M,"Ervin Miller Stable Inc,Debary,FL;L",0,12/1,13.0,13.0,SCD-15,2026-06-06T02:39:00Z,9
SCD,Scioto Downs,2026-06-06,15,02:39,Pace 1m,Pace,Dirt,1m,"$17,500",4,Survivin Fire,"Widger, Sam","Davis, Lorie",12/1,False,Harness,tvg,https://api.tvg.com/cosmo/v1/graphql,2026-06-06T01:50:50.384397,1.0.0,Catch The Fire,Lyons Mandi,The Panderosa,4,M,"David K Hanauer,Lebanon,OH",0,12/1,13.0,13.0,SCD-15,2026-06-06T02:39:00Z,9
SCD,Scioto Downs,2026-06-06,15,02:39,Pace 1m,Pace,Dirt,1m,"$17,500",5,Look At Me,"Smith, Tyler","Putnam, Joe",5/2,False,Harness,tvg,https://api.tvg.com/cosmo/v1/graphql,2026-06-06T01:50:50.384403,1.0.0,Jk Endofanera,Rock The Look,Rockin Image,4,M,"J P Racing, LLC,Pendleton,IN",0,5/2,3.5,3.5,SCD-15,2026-06-06T02:39:00Z,9
SCD,Scioto Downs,2026-06-06,15,02:39,Pace 1m,Pace,Dirt,1m,"$17,500",6,Kobra Kate,"Smith, Jeremy","Storer, Antoni",15/1,True,Harness,tvg,https://api.tvg.com/cosmo/v1/graphql,2026-06-06T01:50:50.384408,1.0.0,Big Bad John,Hnt Angel,Mach Three,4,M,"J M F Racing LLC,Freehold,NJ;Friend",0,15/1,16.0,16.0,SCD-15,2026-06-06T02:39:00Z,9
SCD,Scioto Downs,2026-06-06,15,02:39,Pace 1m,Pace,Dirt,1m,"$17,500",7,Downthejerseyshore,"Irvine, Justin","Presto, Brando",9/2,False,Harness,tvg,https://api.tvg.com/cosmo/v1/graphql,2026-06-06T01:50:50.384414,1.0.0,Downbytheseaside,Gravity,Dragon Again,4,M,"Rocco J Stebbins,Rochester,NY",0,9/2,5.5,5.5,SCD-15,2026-06-06T02:39:00Z,9
SCD,Scioto Downs,2026-06-06,15,02:39,Pace 1m,Pace,Dirt,1m,"$17,500",8,Pirate Princess,"Luna, Marvin","Cleary, Robert",6/1,False,Harness,tvg,https://api.tvg.com/cosmo/v1/graphql,2026-06-06T01:50:50.384419,1.0.0,Captaintreacherous,Fool Me Again,Roll With Joe,4,M,"Royal Wire Products Inc,North Royal",0,6/1,7.0,7.0,SCD-15,2026-06-06T02:39:00Z,9
SCD,Scioto Downs,2026-06-06,15,02:39,Pace 1m,Pace,Dirt,1m,"$17,500",9,Racin Like A Star,"Miller, Brett","Holton, Ryan",15/1,False,Harness,tvg,https://api.tvg.com/cosmo/v1/graphql,2026-06-06T01:50:50.384424,1.0.0,Racing Hill,Joe's Miss Daisy,Jenna's Beach Boy,4,M,"Holton Racing LLC,Etna,OH;Scp Stabl",0,15/1,16.0,16.0,SCD-15,2026-06-06T02:39:00Z,9
SCD,Scioto Downs,2026-06-06,16,03:05,Pace 1m,Pace,Dirt,1m,"$14,500",1,Dixie Dream,"Miller, Brett","Davidson, Scot",10/1,False,Harness,tvg,https://api.tvg.com/cosmo/v1/graphql,2026-06-06T01:50:50.384436,1.0.0,Always A Virgin,Yes We Did,Four Starzzz Shark,6,M,"Thestable Dixie Dream,Brunswick,OH",0,10/1,11.0,11.0,SCD-16,2026-06-06T03:05:00Z,10
SCD,Scioto Downs,2026-06-06,16,03:05,Pace 1m,Pace,Dirt,1m,"$14,500",2,Sweet N Speedy,"Smith, Trevor","Seekman, Joe",2/1,False,Harness,tvg,https://api.tvg.com/cosmo/v1/graphql,2026-06-06T01:50:50.384441,1.0.0,Odds On Equuleus,Ghost Like,Bettor's Delight,4,M,"Larry G Bond,Frankfort,IN",0,2/1,3.0,3.0,SCD-16,2026-06-06T03:05:00Z,10
SCD,Scioto Downs,2026-06-06,16,03:05,Pace 1m,Pace,Dirt,1m,"$14,500",3,Caviart Maria,"Mccown, Camero","Mccown, Jessic",10/1,False,Harness,tvg,https://api.tvg.com/cosmo/v1/graphql,2026-06-06T01:50:50.384447,1.0.0,Downbytheseaside,Caviart Molly,World Of Rocknroll,4,M,"D R Thompson,Crestwood,KY;A L Steph",0,10/1,11.0,11.0,SCD-16,2026-06-06T03:05:00Z,10
SCD,Scioto Downs,2026-06-06,16,03:05,Pace 1m,Pace,Dirt,1m,"$14,500",4,Creme Delight,"Widger, Sam","Brewer, Jeff",12/1,False,Harness,tvg,https://api.tvg.com/cosmo/v1/graphql,2026-06-06T01:50:50.384452,1.0.0,Bettor's Delight,Creme Fraiche,Western Hanover,7,M,"Caldwell Mamie Racing LLC,Bellaire,",0,12/1,13.0,13.0,SCD-16,2026-06-06T03:05:00Z,10
SCD,Scioto Downs,2026-06-06,16,03:05,Pace 1m,Pace,Dirt,1m,"$14,500",5,A Girl That Twirls,"Smith, Tyler","George, Tyler",7/2,False,Harness,tvg,https://api.tvg.com/cosmo/v1/graphql,2026-06-06T01:50:50.384457,1.0.0,American Ideal,Heels On The Beach,Somebeachsomewhere,7,M,"Thunder Racing Stables Inc,Brecksvi",0,7/2,4.5,4.5,SCD-16,2026-06-06T03:05:00Z,10
SCD,Scioto Downs,2026-06-06,16,03:05,Pace 1m,Pace,Dirt,1m,"$14,500",6,My Hare Legend,"Luna, Marvin","Ebersole, Loga",12/1,False,Harness,tvg,https://api.tvg.com/cosmo/v1/graphql,2026-06-06T01:50:50.384463,1.0.0,Bit Of A Legend N,My Hare Lady,Jereme's Jet,4,M,"Ronald Rust,Sagamore Hills,OH",0,12/1,13.0,13.0,SCD-16,2026-06-06T03:05:00Z,10
SCD,Scioto Downs,2026-06-06,16,03:05,Pace 1m,Pace,Dirt,1m,"$14,500",7,Victorious Farah,"Smith, Jeremy","Polhamus, Mike",15/1,False,Harness,tvg,https://api.tvg.com/cosmo/v1/graphql,2026-06-06T01:50:50.384469,1.0.0,Pet Rock,Always About Farah,Always A Virgin,5,M,"Charles W Hartzell,Greenville,OH",0,15/1,16.0,16.0,SCD-16,2026-06-06T03:05:00Z,10
SCD,Scioto Downs,2026-06-06,16,03:05,Pace 1m,Pace,Dirt,1m,"$14,500",8,Sweet Mama Drama N,"Micallef, Mike","Micallef, Mike",6/1,False,Harness,tvg,https://api.tvg.com/cosmo/v1/graphql,2026-06-06T01:50:50.384474,1.0.0,Sweet Lou,Pistol Packing Mama,Presidential Ball,6,M,"Bet The House LLC,St Petersburg,FL",0,6/1,7.0,7.0,SCD-16,2026-06-06T03:05:00Z,10
SCD,Scioto Downs,2026-06-06,16,03:05,Pace 1m,Pace,Dirt,1m,"$14,500",9,Shortys Girl,"Irvine, Justin","Swartz, Debora",15/1,False,Harness,tvg,https://api.tvg.com/cosmo/v1/graphql,2026-06-06T01:50:50.384479,1.0.0,Sportswriter,Machet Rocket,Mach Three,7,M,"Bradley N Delaney,Wilmington,OH;Mar",0,15/1,16.0,16.0,SCD-16,2026-06-06T03:05:00Z,10
SCD,Scioto Downs,2026-06-06,16,03:05,Pace 1m,Pace,Dirt,1m,"$14,500",10,Shadows Dancers,"Page, Chris","Tatham, Brian",4/1,False,Harness,tvg,https://api.tvg.com/cosmo/v1/graphql,2026-06-06T01:50:50.384485,1.0.0,Always B Miki,Dancing Shadows K,Shadow Play,7,M,"Tatham Racing Stable LLC,Mt Sterlin",0,4/1,5.0,5.0,SCD-16,2026-06-06T03:05:00Z,10
TGD,Tioga Downs,2026-06-06,1,22:15,Trot 1m,Trot,Dirt,1m,"$20,000",1,Ctm,"Gregory, Jeff","Gregory, Jeff",3/1,False,Harness,tvg,https://api.tvg.com/cosmo/v1/graphql,2026-06-06T01:50:50.395877,1.0.0,Chapter Seven,Aunt Irene,Trixton,3,G,"Jesmeral Stable,New Rochelle,NY",0,5/2,3.5,4.0,TGD-1,2026-06-05T22:15:53Z,7
TGD,Tioga Downs,2026-06-06,1,22:15,Trot 1m,Trot,Dirt,1m,"$20,000",2,Acoustic Blue Chip,"Buter, Tyler","Bako, Jared",3/1,False,Harness,tvg,https://api.tvg.com/cosmo/v1/graphql,2026-06-06T01:50:50.395892,1.0.0,Devious Man,Tangible Blue Chip,E L Titan,3,G,"Blue Chip Bloodstock Inc,Wallkill,N",0,5/2,3.5,4.0,TGD-1,2026-06-05T22:15:53Z,7
TGD,Tioga Downs,2026-06-06,1,22:15,Trot 1m,Trot,Dirt,1m,"$20,000",3,June From Dunoon,"Pantaleano, Ji","Gilbert, Sally",30/1,False,Harness,tvg,https://api.tvg.com/cosmo/v1/graphql,2026-06-06T01:50:50.395899,1.0.0,Hill I Am,Ruby Ruby Who,Turbonator,3,G,"June M Hamerla,Brunswick,GA",0,60/1,61.0,31.0,TGD-1,2026-06-05T22:15:53Z,7
TGD,Tioga Downs,2026-06-06,1,22:15,Trot 1m,Trot,Dirt,1m,"$20,000",4,Dustbin Spy,Huckabone-Mill,Huckabone-Mill,7/1,False,Harness,tvg,https://api.tvg.com/cosmo/v1/graphql,2026-06-06T01:50:50.395905,1.0.0,Chapter Seven,Hemi Blue Chip,Cantab Hall,3,G,"James A Crawford IV,Erieville,NY;Ti",0,7/1,8.0,8.0,TGD-1,2026-06-05T22:15:53Z,7
TGD,Tioga Downs,2026-06-06,1,22:15,Trot 1m,Trot,Dirt,1m,"$20,000",5,Dw's Cha-Ching,"Kakaley, Matt","Alexander, Tra",5/2,False,Harness,tvg,https://api.tvg.com/cosmo/v1/graphql,2026-06-06T01:50:50.395911,1.0.0,Devious Man,Yankeedoodlecandy,Muscles Yankee,3,C,"Stranger Stable,Millersburg,OH",0,3/2,2.5,3.5,TGD-1,2026-06-05T22:15:53Z,7
TGD,Tioga Downs,2026-06-06,1,22:15,Trot 1m,Trot,Dirt,1m,"$20,000",6,Chapter Of Life,"Bailey, Leon","Gardner, Andy",7/2,False,Harness,tvg,https://api.tvg.com/cosmo/v1/graphql,2026-06-06T01:50:50.395918,1.0.0,Chapter Seven,Private Life,Muscle Hill,3,G,"Todd M Lapage,Moira,NY",0,13/1,14.0,4.5,TGD-1,2026-06-05T22:15:53Z,7
TGD,Tioga Downs,2026-06-06,1,22:15,Trot 1m,Trot,Dirt,1m,"$20,000",7,Chaparista,"Boyd, Braxten","Okusko, Jessic",30/1,False,Harness,tvg,https://api.tvg.com/cosmo/v1/graphql,2026-06-06T01:50:50.395924,1.0.0,Chapter Seven,Princess Arista,Cantab Hall,3,C,"Purple Haze Stables LLC,Fairport,NY",0,36/1,37.0,31.0,TGD-1,2026-06-05T22:15:53Z,7
TGD,Tioga Downs,2026-06-06,2,22:36,Trot 1m,Trot,Dirt,1m,"$20,000",1,Dress Shoes,"Dibenedetto, K","Lum, Kayla",12/1,False,Harness,tvg,https://api.tvg.com/cosmo/v1/graphql,2026-06-06T01:50:50.395939,1.0.0,The Veteran,Easter Leggs,Malabar Millennium,3,G,"Ann A Yurenka,Burlington Flats,NY;P",0,58/1,59.0,13.0,TGD-2,2026-06-05T22:36:30Z,7
TGD,Tioga Downs,2026-06-06,2,22:36,Trot 1m,Trot,Dirt,1m,"$20,000",2,Muir Woods,"Bailey, Leon","Gardner, Andy",7/2,False,Harness,tvg,https://api.tvg.com/cosmo/v1/graphql,2026-06-06T01:50:50.395945,1.0.0,E L Titan,Sausalito,Donato Hanover,3,G,"Exceed Stables LLC,Lamar,PA",0,6/1,7.0,4.5,TGD-2,2026-06-05T22:36:30Z,7
TGD,Tioga Downs,2026-06-06,2,22:36,Trot 1m,Trot,Dirt,1m,"$20,000",3,Lil Checkmate,"Pantaleano, Ji","Gilbert, Sally",12/1,False,Harness,tvg,https://api.tvg.com/cosmo/v1/graphql,2026-06-06T01:50:50.395951,1.0.0,Hill I Am,Salesoffice Lillie,Yankee Glide,3,G,"Sally J Gilbert,Cochran,GA;Doug Sha",0,10/1,11.0,13.0,TGD-2,2026-06-05T22:36:30Z,7
TGD,Tioga Downs,2026-06-06,2,22:36,Trot 1m,Trot,Dirt,1m,"$20,000",4,Flex Up,"Miller, Andy","Miller, Julie",9/5,False,Harness,tvg,https://api.tvg.com/cosmo/v1/graphql,2026-06-06T01:50:50.395956,1.0.0,Chapter Seven,Fade Into You,Cantab Hall,3,C,"Miller Iannacone,NJ;J Goehlen,NH;Ac",0,3/5,1.6,2.8,TGD-2,2026-06-05T22:36:30Z,7
TGD,Tioga Downs,2026-06-06,2,22:36,Trot 1m,Trot,Dirt,1m,"$20,000",5,Riskybiznes De Vie,"Boyd, Braxten","Rothfuss, Jame",20/1,False,Harness,tvg,https://api.tvg.com/cosmo/v1/graphql,2026-06-06T01:50:50.395964,1.0.0,Devious Man,Jazebel De Vie,Muscles Yankee,3,C,"Out In The Country Stb,Darien Ctr,N",0,31/1,32.0,21.0,TGD-2,2026-06-05T22:36:30Z,7
TGD,Tioga Downs,2026-06-06,2,22:36,Trot 1m,Trot,Dirt,1m,"$20,000",6,Number Seven,"Gregory, Jeff","Okusko, Jessic",9/2,False,Harness,tvg,https://api.tvg.com/cosmo/v1/graphql,2026-06-06T01:50:50.395969,1.0.0,Chapter Seven,Empressive Hill,Muscle Hill,3,G,"Paul M O'Neil,Saratoga Springs,NY;J",0,5/1,6.0,5.5,TGD-2,2026-06-05T22:36:30Z,7
TGD,Tioga Downs,2026-06-06,2,22:36,Trot 1m,Trot,Dirt,1m,"$20,000",7,Rubens,"Daley, Dan","Daley, Dan",4/1,False,Harness,tvg,https://api.tvg.com/cosmo/v1/graphql,2026-06-06T01:50:50.395975,1.0.0,Chapter Seven,Got You Br No,Love You,3,G,"J Crawford IV,Ervl,NY;T Drag,Chstr,",0,5/1,6.0,5.0,TGD-2,2026-06-05T22:36:30Z,7
TGD,Tioga Downs,2026-06-06,3,22:58,Trot 1m,Trot,Dirt,1m,"$20,000",1,Coya,"Morrison, Jere","Stoebe, Annie",3/1,False,Harness,tvg,https://api.tvg.com/cosmo/v1/graphql,2026-06-06T01:50:50.395992,1.0.0,Chapter Seven,Munis Blue Chip,Credit Winner,3,F,"Ac Crawford Farms LLC,Fort Lauderda",0,7/1,8.0,4.0,TGD-3,2026-06-05T22:58:31Z,5
TGD,Tioga Downs,2026-06-06,3,22:58,Trot 1m,Trot,Dirt,1m,"$20,000",2,Sc Thats My Wife,"Boyd, Braxten","Stratton, Cory",9/1,False,Harness,tvg,https://api.tvg.com/cosmo/v1/graphql,2026-06-06T01:50:50.396000,1.0.0,Devious Man,Cc Hill,What The Hill,3,F,"Vip Internet Stable LLC,Piscataway,",0,7/2,4.5,10.0,TGD-3,2026-06-05T22:58:31Z,5
TGD,Tioga Downs,2026-06-06,3,22:58,Trot 1m,Trot,Dirt,1m,"$20,000",3,Myths And Legends,"Kakaley, Matt","Melander, Marc",6/5,False,Harness,tvg,https://api.tvg.com/cosmo/v1/graphql,2026-06-06T01:50:50.396010,1.0.0,Chapter Seven,Steamy Windows,Muscle Massive,3,F,"S R F Stable,Del Ray Beach,FL",0,3/5,1.6,2.2,TGD-3,2026-06-05T22:58:31Z,5
TGD,Tioga Downs,2026-06-06,3,22:58,Trot 1m,Trot,Dirt,1m,"$20,000",4,Met's Tour,"Gregory, Jeff","Rothfuss, Jame",15/1,False,Harness,tvg,https://api.tvg.com/cosmo/v1/graphql,2026-06-06T01:50:50.396018,1.0.0,Met's Hall,Tourin The Town,Glidemaster,3,F,"Out In The Country Stb,Darien Ctr,N",0,21/1,22.0,16.0,TGD-3,2026-06-05T22:58:31Z,5
TGD,Tioga Downs,2026-06-06,3,22:58,Trot 1m,Trot,Dirt,1m,"$20,000",5,Saparilla Sal,"Daley, Dan","Daley, Dan",2/1,False,Harness,tvg,https://api.tvg.com/cosmo/v1/graphql,2026-06-06T01:50:50.396027,1.0.0,Devious Man,Miss Conway,Conway Hall,3,F,"Ann-Mari Daley,Astor,FL;Jlrl LLC,Yo",0,9/2,5.5,3.0,TGD-3,2026-06-05T22:58:31Z,5
TGD,Tioga Downs,2026-06-06,4,23:18,Trot 1m,Trot,Dirt,1m,"$20,000",1,Stealing Banksy,"Kakaley, Matt","Melander, Marc",2/1,False,Harness,tvg,https://api.tvg.com/cosmo/v1/graphql,2026-06-06T01:50:50.396169,1.0.0,Chapter Seven,White Cheetah,Muscle Mass,3,F,"S R F Stable,Del Ray Beach,FL",0,3/1,4.0,3.0,TGD-4,2026-06-05T23:18:19Z,6
TGD,Tioga Downs,2026-06-06,4,23:18,Trot 1m,Trot,Dirt,1m,"$20,000",1,Modesty Blaise,"Svanstedt, Sar","Svanstedt, Ake",2/1,False,Harness,tvg,https://api.tvg.com/cosmo/v1/graphql,2026-06-06T01:50:50.396183,1.0.0,Chapter Seven,Diffident,Father Patrick,3,F,"S R F Stable,Del Ray Beach,FL",0,3/1,4.0,3.0,TGD-4,2026-06-05T23:18:19Z,6
TGD,Tioga Downs,2026-06-06,4,23:18,Trot 1m,Trot,Dirt,1m,"$20,000",2,Trinitys Diamond,"Ratchford, Tod","Bax, Matthew",4/1,False,Harness,tvg,https://api.tvg.com/cosmo/v1/graphql,2026-06-06T01:50:50.396195,1.0.0,Chapter Seven,On The Wild Side,Muscle Hill,3,F,"Al J Libfeld,Pickering,ON, CA",0,5/2,3.5,5.0,TGD-4,2026-06-05T23:18:19Z,6
TGD,Tioga Downs,2026-06-06,4,23:18,Trot 1m,Trot,Dirt,1m,"$20,000",3,Shoppin For Gucci,"Morrison, Jere","Stoebe, Annie",20/1,False,Harness,tvg,https://api.tvg.com/cosmo/v1/graphql,2026-06-06T01:50:50.396210,1.0.0,Chapter Seven,Born On Third Base,Donato Hanover,3,F,"Mazza Racing Stables LLC,Loxahatche",0,19/1,20.0,21.0,TGD-4,2026-06-05T23:18:19Z,6
TGD,Tioga Downs,2026-06-06,4,23:18,Trot 1m,Trot,Dirt,1m,"$20,000",4,Aviatrix Blue Chip,"Buter, Tyler","Bako, Jared",7/5,False,Harness,tvg,https://api.tvg.com/cosmo/v1/graphql,2026-06-06T01:50:50.396224,1.0.0,Chapter Seven,Oh My Goodness,Andover Hall,3,F,"Blue Chip Bloodstock Inc,Wallkill,N",0,1/1,2.0,2.4,TGD-4,2026-06-05T23:18:19Z,6
TGD,Tioga Downs,2026-06-06,4,23:18,Trot 1m,Trot,Dirt,1m,"$20,000",5,Overalls,"Boyd, Braxten","Stratton, Cory",9/2,False,Harness,tvg,https://api.tvg.com/cosmo/v1/graphql,2026-06-06T01:50:50.396236,1.0.0,Devious Man,Over Joyed,Conway Hall,3,F,"Our Three Sons Stb,Atlnt,GA;Stratto",0,6/1,7.0,5.5,TGD-4,2026-06-05T23:18:19Z,6
TGD,Tioga Downs,2026-06-06,5,23:39,Trot 1m,Trot,Dirt,1m,"$59,100",1,Read The Room,"Svanstedt, Sar","Svanstedt, Ake",3/1,False,Harness,tvg,https://api.tvg.com/cosmo/v1/graphql,2026-06-06T01:50:50.396278,1.0.0,Chapter Seven,Debra Hall,Cash Hall,3,C,"Ake Svanstedt,Wrghtstwn,NJ;Little E",0,5/1,6.0,4.0,TGD-5,2026-06-05T23:39:09Z,6
TGD,Tioga Downs,2026-06-06,5,23:39,Trot 1m,Trot,Dirt,1m,"$59,100",1,Secured,Huckabone-Mill,"Svanstedt, Ake",3/1,False,Harness,tvg,https://api.tvg.com/cosmo/v1/graphql,2026-06-06T01:50:50.396284,1.0.0,Chapter Seven,Frannie Hanover,Muscle Hill,3,G,"Obm Stable,Delray Beach,FL;Ake Svan",0,5/1,6.0,4.0,TGD-5,2026-06-05T23:39:09Z,6
TGD,Tioga Downs,2026-06-06,5,23:39,Trot 1m,Trot,Dirt,1m,"$59,100",2,Who's Eyes Blues,"Buter, Tyler","Burke, Ron",2/1,False,Harness,tvg,https://api.tvg.com/cosmo/v1/graphql,2026-06-06T01:50:50.396294,1.0.0,Chapter Seven,Behindblueyes,Southwind Frank,3,C,"Burke Rcg Stb,PA;F Baldachino,NJ;Ha",0,5/2,3.5,3.0,TGD-5,2026-06-05T23:39:09Z,6
TGD,Tioga Downs,2026-06-06,5,23:39,Trot 1m,Trot,Dirt,1m,"$59,100",3,Highway Six,"Gregory, Jeff","Gregory, Jeff",6/1,False,Harness,tvg,https://api.tvg.com/cosmo/v1/graphql,2026-06-06T01:50:50.396304,1.0.0,Met's Hall,Highway Cash,Cash Hall,3,C,"Jeffrey M Gregory,New Smyrna Beach,",0,5/2,3.5,7.0,TGD-5,2026-06-05T23:39:09Z,6
TGD,Tioga Downs,2026-06-06,5,23:39,Trot 1m,Trot,Dirt,1m,"$59,100",4,Titans Mischief,"Kakaley, Matt","Clarke, Bruce",9/5,False,Harness,tvg,https://api.tvg.com/cosmo/v1/graphql,2026-06-06T01:50:50.396314,1.0.0,E L Titan,Morosita Bi,Equinox Bi,3,C,"B Clarke Racing LLC,Harvys Lake,PA;",0,7/5,2.4,2.8,TGD-5,2026-06-05T23:39:09Z,6
TGD,Tioga Downs,2026-06-06,5,23:39,Trot 1m,Trot,Dirt,1m,"$59,100",5,Twin B Seven Sins,"Karna, Niko","Daley, Noel",7/1,False,Harness,tvg,https://api.tvg.com/cosmo/v1/graphql,2026-06-06T01:50:50.396325,1.0.0,Chapter Seven,Affair Hall,Deweycheatumnhowe,3,C,"Patricia Stbs,NY;Allister Stbs & L",0,10/1,11.0,8.0,TGD-5,2026-06-05T23:39:09Z,6
TGD,Tioga Downs,2026-06-06,6,00:00,Trot 1m,Trot,Dirt,1m,"$59,100",1,Saint Patrick,"Boyd, Braxten","Leamon, Jake",12/1,False,Harness,tvg,https://api.tvg.com/cosmo/v1/graphql,2026-06-06T01:50:50.396346,1.0.0,Credit Winner,Country Chic,Conway Hall,3,C,"Patrick Mc Cann,Poughkeepsie,NY",0,41/1,42.0,13.0,TGD-6,2026-06-06T00:00:01Z,6
TGD,Tioga Downs,2026-06-06,6,00:00,Trot 1m,Trot,Dirt,1m,"$59,100",2,Ai,"Buter, Tyler","Burke, Ron",8/5,False,Harness,tvg,https://api.tvg.com/cosmo/v1/graphql,2026-06-06T01:50:50.396356,1.0.0,Chapter Seven,Image Of Bee,Muscle Hill,3,C,"Burke Rcg Stb,PA;Hatfield Stbs & Kn",0,5/2,3.5,2.6,TGD-6,2026-06-06T00:00:01Z,6
TGD,Tioga Downs,2026-06-06,6,00:00,Trot 1m,Trot,Dirt,1m,"$59,100",3,Seven Grand,"Svanstedt, Sar","Svanstedt, Ake",8/1,False,Harness,tvg,https://api.tvg.com/cosmo/v1/graphql,2026-06-06T01:50:50.396365,1.0.0,Chapter Seven,My Abigail,Bar Hopping,3,C,"Ake Svanstedt,NJ;Little E,NY;Soderb",0,23/1,24.0,9.0,TGD-6,2026-06-06T00:00:01Z,6
TGD,Tioga Downs,2026-06-06,6,00:00,Trot 1m,Trot,Dirt,1m,"$59,100",4,Silverstein,"Kakaley, Matt","Burkholder, Ma",5/2,False,Harness,tvg,https://api.tvg.com/cosmo/v1/graphql,2026-06-06T01:50:50.396373,1.0.0,Chapter Seven,Shining Brightly,Muscle Hill,3,G,"Dark Horse Farm LLC,Vienna,OH",0,1/5,1.2,3.5,TGD-6,2026-06-06T00:00:01Z,6
TGD,Tioga Downs,2026-06-06,6,00:00,Trot 1m,Trot,Dirt,1m,"$59,100",5,Sevenato,"Smedshammer, T","Smedshammer, T",3/1,False,Harness,tvg,https://api.tvg.com/cosmo/v1/graphql,2026-06-06T01:50:50.396380,1.0.0,Chapter Seven,Tamgo Donato,Donato Hanover,3,G,"Purple Haze Stables LLC,Fairport,NY",0,11/1,12.0,4.0,TGD-6,2026-06-06T00:00:01Z,6
TGD,Tioga Downs,2026-06-06,6,00:00,Trot 1m,Trot,Dirt,1m,"$59,100",6,Lou John's Action,"Bailey, Leon","Grasso, John",12/1,False,Harness,tvg,https://api.tvg.com/cosmo/v1/graphql,2026-06-06T01:50:50.396390,1.0.0,Chapter Seven,Magic Carpet Glide,Kadabra,3,G,"John Grasso Stable Inc,Hawthorne,NY",0,66/1,67.0,13.0,TGD-6,2026-06-06T00:00:01Z,6
TGD,Tioga Downs,2026-06-06,7,00:24,Trot 1m,Trot,Dirt,1m,"$123,900",1,Chant,"Smedshammer, T","Smedshammer, T",20/1,False,Harness,tvg,https://api.tvg.com/cosmo/v1/graphql,2026-06-06T01:50:50.396409,1.0.0,Chapter Seven,Rebel Girl,Cantab Hall,3,F,"M3 Racing Stable,Berlin,OH",0,65/1,66.0,21.0,TGD-7,2026-06-06T00:24:09Z,9
TGD,Tioga Downs,2026-06-06,7,00:24,Trot 1m,Trot,Dirt,1m,"$123,900",2,Jula Hot To Chill,"Kakaley, Matt","Melander, Marc",12/1,False,Harness,tvg,https://api.tvg.com/cosmo/v1/graphql,2026-06-06T01:50:50.396420,1.0.0,Chapter Seven,Jula Champagne,Trixton,3,F,"Jula Racing Inc,Delray Beach,FL",0,43/1,44.0,13.0,TGD-7,2026-06-06T00:24:09Z,9
TGD,Tioga Downs,2026-06-06,7,00:24,Trot 1m,Trot,Dirt,1m,"$123,900",3,Bar Hall Beauty,"Miller, Andy","Devita, Nichol",5/2,False,Harness,tvg,https://api.tvg.com/cosmo/v1/graphql,2026-06-06T01:50:50.396431,1.0.0,Met's Hall,Bar Bar,Bar Hopping,3,F,"David R Hamm,Dagsboro,DE;Glenn R Ph",0,10/1,11.0,3.5,TGD-7,2026-06-06T00:24:09Z,9
TGD,Tioga Downs,2026-06-06,7,00:24,Trot 1m,Trot,Dirt,1m,"$123,900",4,B Eyelash,"Boyd, Braxten","Melander, Jenn",12/1,False,Harness,tvg,https://api.tvg.com/cosmo/v1/graphql,2026-06-06T01:50:50.396440,1.0.0,E L Titan,Dr Sandy,Devious Man,3,F,"Exceed Stables LLC,Lamar,PA",0,29/1,30.0,13.0,TGD-7,2026-06-06T00:24:09Z,9
TGD,Tioga Downs,2026-06-06,7,00:24,Trot 1m,Trot,Dirt,1m,"$123,900",5,Who Dares Wins,"Svanstedt, Sar","Svanstedt, Ake",9/1,False,Harness,tvg,https://api.tvg.com/cosmo/v1/graphql,2026-06-06T01:50:50.396451,1.0.0,Chapter Seven,Inspired By Life,Muscle Massive,3,F,"Order By Stable Ab,Boras,SD",0,20/1,21.0,10.0,TGD-7,2026-06-06T00:24:09Z,9
TGD,Tioga Downs,2026-06-06,7,00:24,Trot 1m,Trot,Dirt,1m,"$123,900",6,Lauren's Chapter,"Karna, Niko","Daley, Noel",12/1,False,Harness,tvg,https://api.tvg.com/cosmo/v1/graphql,2026-06-06T01:50:50.396458,1.0.0,Chapter Seven,A Hopeful Prayer,Father Patrick,3,F,Patricia Stbl& Laexpress & Sjoblom,0,26/1,27.0,13.0,TGD-7,2026-06-06T00:24:09Z,9
TGD,Tioga Downs,2026-06-06,7,00:24,Trot 1m,Trot,Dirt,1m,"$123,900",7,Sharp Seven,"Gregory, Jeff","Ducharme, Geor",3/1,False,Harness,tvg,https://api.tvg.com/cosmo/v1/graphql,2026-06-06T01:50:50.396467,1.0.0,Chapter Seven,Lookin Sharp,Andover Hall,3,F,"Purple Haze Stables LLC,Fairport,NY",0,2/1,3.0,4.0,TGD-7,2026-06-06T00:24:09Z,9
TGD,Tioga Downs,2026-06-06,7,00:24,Trot 1m,Trot,Dirt,1m,"$123,900",8,R Ro,"Buter, Tyler","Butenschoen, J",9/1,False,Harness,tvg,https://api.tvg.com/cosmo/v1/graphql,2026-06-06T01:50:50.396476,1.0.0,Chapter Seven,Barn Girl,Cash Hall,3,F,"M& L De/Armitage Farm,Wilmington,DE",0,5/2,3.5,10.0,TGD-7,2026-06-06T00:24:09Z,9
TGD,Tioga Downs,2026-06-06,7,00:24,Trot 1m,Trot,Dirt,1m,"$123,900",9,Storybook Love,"Ratchford, Tod","Bax, Matthew",4/1,False,Harness,tvg,https://api.tvg.com/cosmo/v1/graphql,2026-06-06T01:50:50.396503,1.0.0,Chapter Seven,Stirling Debutant,Credit Winner,3,F,"Al J Libfeld,Pickering,ON, CA;Bradl",0,2/1,3.0,5.0,TGD-7,2026-06-06T00:24:09Z,9
TGD,Tioga Downs,2026-06-06,8,00:46,Pace 1m,Pace,Dirt,1m,"$7,000",1,Bluebird Time,"Pantaleano, Ji","Deters, Michae",7/1,False,Harness,tvg,https://api.tvg.com/cosmo/v1/graphql,2026-06-06T01:50:50.396529,1.0.0,Lost In Time,Love You Always,Village Jolt,5,G,"Jody F Warner,Belvidere,IL;Peggy S",0,8/1,9.0,8.0,TGD-8,2026-06-06T00:46:59Z,8
TGD,Tioga Downs,2026-06-06,8,00:46,Pace 1m,Pace,Dirt,1m,"$7,000",2,Loorrim Lake A,"Ratchford, Tod","Blumenfeld, Pa",15/1,False,Harness,tvg,https://api.tvg.com/cosmo/v1/graphql,2026-06-06T01:50:50.396541,1.0.0,Roll With Joe,Jethros Madam,Fake Left,10,G,"Jersey Shore Stables LLC,Belmar,NJ",0,47/1,48.0,16.0,TGD-8,2026-06-06T00:46:59Z,8
TGD,Tioga Downs,2026-06-06,8,00:46,Pace 1m,Pace,Dirt,1m,"$7,000",3,Lets Go Balze,"Merton, Michae","Wright, Courtn",8/1,False,Harness,tvg,https://api.tvg.com/cosmo/v1/graphql,2026-06-06T01:50:50.396552,1.0.0,American Ideal,Southinkucandance,Somebeachsomewhere,5,G,"Courtney A Wright,West Seneca,NY",0,22/1,23.0,9.0,TGD-8,2026-06-06T00:46:59Z,8
TGD,Tioga Downs,2026-06-06,8,00:46,Pace 1m,Pace,Dirt,1m,"$7,000",4,Miki Ray,"Boyd, Braxten","Wine, Tee",2/1,False,Harness,tvg,https://api.tvg.com/cosmo/v1/graphql,2026-06-06T01:50:50.396564,1.0.0,Always B Miki,Victoria Semalu,American Ideal,5,G,"Wine Stable,Wilkes Barre,PA",0,1/5,1.2,3.0,TGD-8,2026-06-06T00:46:59Z,8
TGD,Tioga Downs,2026-06-06,8,00:46,Pace 1m,Pace,Dirt,1m,"$7,000",5,Shane Adam,"Paquet, Fern J","Lafreniere, El",3/1,False,Harness,tvg,https://api.tvg.com/cosmo/v1/graphql,2026-06-06T01:50:50.396574,1.0.0,Western Ideal,Cheyenne Ava,Camluck,14,G,"Kelsey N Paquet,Northeast,MD",0,12/1,13.0,4.0,TGD-8,2026-06-06T00:46:59Z,8
TGD,Tioga Downs,2026-06-06,8,00:46,Pace 1m,Pace,Dirt,1m,"$7,000",6,Stabler,"Dibenedetto, K","Kolesar, Allis",30/1,False,Harness,tvg,https://api.tvg.com/cosmo/v1/graphql,2026-06-06T01:50:50.396582,1.0.0,Always A Virgin,Didrickson,Keystone Raider,6,G,"Michael J Ohol Jr,Lockport,NY;Steve",0,99/1,100.0,31.0,TGD-8,2026-06-06T00:46:59Z,8
TGD,Tioga Downs,2026-06-06,8,00:46,Pace 1m,Pace,Dirt,1m,"$7,000",7,So Many Roads,"Merton, Thomas","Gill, Daniel",5/1,False,Harness,tvg,https://api.tvg.com/cosmo/v1/graphql,2026-06-06T01:50:50.396590,1.0.0,Captaintreacherous,City Delight,Bettor's Delight,9,G,"Adam Friedland,Brooklyn,NY",0,12/1,13.0,6.0,TGD-8,2026-06-06T00:46:59Z,8
TGD,Tioga Downs,2026-06-06,8,00:46,Pace 1m,Pace,Dirt,1m,"$7,000",8,Weekend Atnannies,"Aldrich, Bruce","Aldrich, Bruce",9/1,False,Harness,tvg,https://api.tvg.com/cosmo/v1/graphql,2026-06-06T01:50:50.396598,1.0.0,Western Paradise,Lacoste Gal,Northern Luck,11,G,"Bruce A Aldrich Jr,Thompson Ridge,N",0,42/1,43.0,10.0,TGD-8,2026-06-06T00:46:59Z,8
TGD,Tioga Downs,2026-06-06,9,01:07,Pace 1m,Pace,Dirt,1m,"$7,000",1,Sharp Razor,"Merton, Thomas","Gill, Daniel",20/1,False,Harness,tvg,https://api.tvg.com/cosmo/v1/graphql,2026-06-06T01:50:50.396619,1.0.0,Well Said,Mcgrin N Mcbare It,Mcardle,9,G,"Adam Friedland,Brooklyn,NY",0,8/1,9.0,21.0,TGD-9,2026-06-06T01:07:33Z,8
TGD,Tioga Downs,2026-06-06,9,01:07,Pace 1m,Pace,Dirt,1m,"$7,000",2,Starlit Jackson,"Bailey, Leon","Dewhurst, Davi",12/1,False,Harness,tvg,https://api.tvg.com/cosmo/v1/graphql,2026-06-06T01:50:50.396625,1.0.0,Always A Virgin,Darling Angel,Artsplace,5,G,"Bruce J Berg,Norwich,NY;David M Dew",0,34/1,35.0,13.0,TGD-9,2026-06-06T01:07:33Z,8
TGD,Tioga Downs,2026-06-06,9,01:07,Pace 1m,Pace,Dirt,1m,"$7,000",3,Call Me Lightning,"Ratchford, Tod","Campolong, Vin",15/1,False,Harness,tvg,https://api.tvg.com/cosmo/v1/graphql,2026-06-06T01:50:50.396631,1.0.0,Jk Endofanera,Brown Magic Woman,Yankee Cruiser,4,G,"Vincent J Campolong,Fishkill,NY;Mad",0,17/1,18.0,16.0,TGD-9,2026-06-06T01:07:33Z,8
TGD,Tioga Downs,2026-06-06,9,01:07,Pace 1m,Pace,Dirt,1m,"$7,000",4,Real Lucky N,"Kakaley, Matt","Reynolds, Kevi",5/1,False,Harness,tvg,https://api.tvg.com/cosmo/v1/graphql,2026-06-06T01:50:50.396677,1.0.0,Real Desire,Lucky Pocket,In The Pocket,14,G,"Julianna Sue Edwards,Pittston,PA;Ke",0,9/2,5.5,6.0,TGD-9,2026-06-06T01:07:33Z,8
TGD,Tioga Downs,2026-06-06,9,01:07,Pace 1m,Pace,Dirt,1m,"$7,000",5,Swifty Lazar,"Dibenedetto, K","Sowers, Mckenz",7/2,False,Harness,tvg,https://api.tvg.com/cosmo/v1/graphql,2026-06-06T01:50:50.396690,1.0.0,Sweet Lou,Cam Swifty,Cambest,5,G,"Valentina Jade Racing,Toms River,NJ",0,7/1,8.0,4.5,TGD-9,2026-06-06T01:07:33Z,8
TGD,Tioga Downs,2026-06-06,9,01:07,Pace 1m,Pace,Dirt,1m,"$7,000",6,Stretch The Line,"Boyd, Braxten","Wine, Tee",9/5,False,Harness,tvg,https://api.tvg.com/cosmo/v1/graphql,2026-06-06T01:50:50.396698,1.0.0,Huntsville,Jessalilmixup,Little Steven,7,G,"Tee Wine,Pittston,PA;Michael J & Ki",0,7/5,2.4,2.8,TGD-9,2026-06-06T01:07:33Z,8
TGD,Tioga Downs,2026-06-06,9,01:07,Pace 1m,Pace,Dirt,1m,"$7,000",7,Entrench,"Pantaleano, Ji","Deters, Michae",5/1,False,Harness,tvg,https://api.tvg.com/cosmo/v1/graphql,2026-06-06T01:50:50.396705,1.0.0,Huntsville,Ooh Shesa Badlands,Badlands Hanover,5,G,"Michael D Deters,Coconut Creek,FL",0,5/2,3.5,6.0,TGD-9,2026-06-06T01:07:33Z,8
TGD,Tioga Downs,2026-06-06,9,01:07,Pace 1m,Pace,Dirt,1m,"$7,000",8,Kokanee Seelster,"Merton, Michae","Dessureault, D",10/1,False,Harness,tvg,https://api.tvg.com/cosmo/v1/graphql,2026-06-06T01:50:50.396712,1.0.0,Camluck,Kiddie Cocktail,Bettor's Delight,13,G,"Desiree J Dessureault,Pompano Beach",0,40/1,41.0,11.0,TGD-9,2026-06-06T01:07:33Z,8
TGD,Tioga Downs,2026-06-06,10,01:23,Pace 1m,Pace,Dirt,1m,"$8,500",1,Bad Boy Too,"Dibenedetto, K","Sowers, Mckenz",6/5,False,Harness,tvg,https://api.tvg.com/cosmo/v1/graphql,2026-06-06T01:50:50.396732,1.0.0,Badlands Hanover,Donna Lee,Real Artist,6,G,"McKenzie I Sowers,Monticello,NY",0,3/2,2.5,2.2,TGD-10,2026-06-06T01:23:56Z,6
TGD,Tioga Downs,2026-06-06,10,01:23,Pace 1m,Pace,Dirt,1m,"$8,500",2,Park Street Blues,"Boyd, Braxten","Wine, Tee",4/1,False,Harness,tvg,https://api.tvg.com/cosmo/v1/graphql,2026-06-06T01:50:50.396739,1.0.0,Heston Blue Chip,Treasure Valley,Roddy's Bags Again,6,G,"Wine Stable,Wilkes Barre,PA",0,3/1,4.0,5.0,TGD-10,2026-06-06T01:23:56Z,6
TGD,Tioga Downs,2026-06-06,10,01:23,Pace 1m,Pace,Dirt,1m,"$8,500",3,Ginger Tree Pete,"Merton, Thomas","Blumenfeld, Pa",7/1,False,Harness,tvg,https://api.tvg.com/cosmo/v1/graphql,2026-06-06T01:50:50.396746,1.0.0,Captaintreacherous,Good News Lady,Western Ideal,10,G,"Jersey Shore Stables LLC,Belmar,NJ",0,3/1,4.0,8.0,TGD-10,2026-06-06T01:23:56Z,6
TGD,Tioga Downs,2026-06-06,10,01:23,Pace 1m,Pace,Dirt,1m,"$8,500",4,Warrawee Xtreme,"Pantaleano, Ji","Skowyra, Josep",6/1,False,Harness,tvg,https://api.tvg.com/cosmo/v1/graphql,2026-06-06T01:50:50.396754,1.0.0,Sweet Lou,Queen Fourteen,Camluck,7,G,"Rocco J Stebbins,Rochester,NY",0,16/1,17.0,7.0,TGD-10,2026-06-06T01:23:56Z,6
TGD,Tioga Downs,2026-06-06,10,01:23,Pace 1m,Pace,Dirt,1m,"$8,500",5,Ship Disturber,"Merton, Michae","Daley, Jamie",8/1,False,Harness,tvg,https://api.tvg.com/cosmo/v1/graphql,2026-06-06T01:50:50.396761,1.0.0,Sunshine Beach,Stunning Beauty,Camluck,7,G,"Michael C & Diane N Norcross,Barton",0,16/1,17.0,9.0,TGD-10,2026-06-06T01:23:56Z,6
TGD,Tioga Downs,2026-06-06,10,01:23,Pace 1m,Pace,Dirt,1m,"$8,500",6,Enforcer,"Kakaley, Matt","Calcagni, Fran",5/1,False,Harness,tvg,https://api.tvg.com/cosmo/v1/graphql,2026-06-06T01:50:50.396769,1.0.0,Big Jim,Rough N Ready,Bettor's Delight,5,G,"Frank Calcagni,Montague,NJ",0,4/1,5.0,6.0,TGD-10,2026-06-06T01:23:56Z,6
TGD,Tioga Downs,2026-06-06,11,01:40,Pace 1m,Pace,Dirt,1m,"$7,000",1,Silencethewitness,"Kakaley, Matt","Mcassey, Jesse",9/1,False,Harness,tvg,https://api.tvg.com/cosmo/v1/graphql,2026-06-06T01:50:50.396784,1.0.0,Artspeak,The Assassinator,Richess Hanover,6,G,"Adam Friedland,Brooklyn,NY",0,7/2,4.5,10.0,TGD-11,2026-06-06T01:40:57Z,9
TGD,Tioga Downs,2026-06-06,11,01:40,Pace 1m,Pace,Dirt,1m,"$7,000",2,Tenacious Ted,"Paquet, Fern J","Lafreniere, El",10/1,False,Harness,tvg,https://api.tvg.com/cosmo/v1/graphql,2026-06-06T01:50:50.396791,1.0.0,Pang Shui,Keystone Treasure,Western Hanover,4,G,"William H Mc Elvain Jr,Hermon,ME",0,31/1,32.0,11.0,TGD-11,2026-06-06T01:40:57Z,9
TGD,Tioga Downs,2026-06-06,11,01:40,Pace 1m,Pace,Dirt,1m,"$7,000",3,Kd's Mik,"Boyd, Braxten","Rothfuss, Jame",15/1,False,Harness,tvg,https://api.tvg.com/cosmo/v1/graphql,2026-06-06T01:50:50.396798,1.0.0,Western Terror,Cams Starry Night,Art Official,5,G,"Curtis Edholm,West Seneca,NY",0,5/1,6.0,16.0,TGD-11,2026-06-06T01:40:57Z,9
TGD,Tioga Downs,2026-06-06,11,01:40,Pace 1m,Pace,Dirt,1m,"$7,000",4,Hudsen A,"Aldrich, Bruce","Aldrich, Bruce",9/5,False,Harness,tvg,https://api.tvg.com/cosmo/v1/graphql,2026-06-06T01:50:50.396805,1.0.0,Art Major,Miss Trickin Lombo,Blissfull Hall,11,G,"Caeleo Enterprises LLC,Eden,NY",0,8/5,2.6,2.8,TGD-11,2026-06-06T01:40:57Z,9
TGD,Tioga Downs,2026-06-06,11,01:40,Pace 1m,Pace,Dirt,1m,"$7,000",5,Lyons Night Hawk,"Pantaleano, Ji","Byron, Jeffrey",25/1,False,Harness,tvg,https://api.tvg.com/cosmo/v1/graphql,2026-06-06T01:50:50.396811,1.0.0,Sweet Lou,Weapons Against,Western Terror,10,G,"Chris M James,Sayre,PA",0,45/1,46.0,26.0,TGD-11,2026-06-06T01:40:57Z,9
TGD,Tioga Downs,2026-06-06,11,01:40,Pace 1m,Pace,Dirt,1m,"$7,000",6,Majestic Kiwi N,"Merton, Thomas","Blumenfeld, Pa",20/1,False,Harness,tvg,https://api.tvg.com/cosmo/v1/graphql,2026-06-06T01:50:50.396819,1.0.0,Bettor's Delight,All The Way Home,Holmes Hanover,12,G,"Jordan Schafer,Winter Haven,FL",0,33/1,34.0,21.0,TGD-11,2026-06-06T01:40:57Z,9
TGD,Tioga Downs,2026-06-06,11,01:40,Pace 1m,Pace,Dirt,1m,"$7,000",7,Olive And A Twist,"Dibenedetto, K","Sowers, Mckenz",7/1,False,Harness,tvg,https://api.tvg.com/cosmo/v1/graphql,2026-06-06T01:50:50.396829,1.0.0,Always B Miki,In Other Words,Captaintreacherous,5,G,"Louis A Di Tullio,Glenside,PA;Louis",0,7/1,8.0,8.0,TGD-11,2026-06-06T01:40:57Z,9
TGD,Tioga Downs,2026-06-06,11,01:40,Pace 1m,Pace,Dirt,1m,"$7,000",8,Rockadoodledoo,"Bailey, Leon","Dewhurst, Davi",25/1,False,Harness,tvg,https://api.tvg.com/cosmo/v1/graphql,2026-06-06T01:50:50.396836,1.0.0,Pet Rock,Cambest Girl,Cambest,6,G,"Bruce J Berg,Norwich,NY;David M Dew",0,22/1,23.0,26.0,TGD-11,2026-06-06T01:40:57Z,9
TGD,Tioga Downs,2026-06-06,11,01:40,Pace 1m,Pace,Dirt,1m,"$7,000",9,Hunt For Cash,"Merton, Michae","Wright, Courtn",5/2,False,Harness,tvg,https://api.tvg.com/cosmo/v1/graphql,2026-06-06T01:50:50.396843,1.0.0,Huntsville,L Dees Val,Dream Away,7,G,"Leslie Shafer,Batavia,NY",0,9/2,5.5,3.5,TGD-11,2026-06-06T01:40:57Z,9
TGD,Tioga Downs,2026-06-06,12,01:56,Pace 1m,Pace,Dirt,1m,"$8,500",1,P L Quesadilla,"Merton, Michae","Daley, Jamie",8/1,False,Harness,tvg,https://api.tvg.com/cosmo/v1/graphql,2026-06-06T01:50:50.396873,1.0.0,Shadow Play,P L Emily,Real Artist,6,G,"Jamie M Daley,Owego,NY",0,3/1,4.0,9.0,TGD-12,2026-06-06T01:56:00Z,6
TGD,Tioga Downs,2026-06-06,12,01:56,Pace 1m,Pace,Dirt,1m,"$8,500",2,Through The Storm,"Boyd, Braxten","Austin, Michae",15/1,False,Harness,tvg,https://api.tvg.com/cosmo/v1/graphql,2026-06-06T01:50:50.396880,1.0.0,Stevensville,Tropical Breeze,Canyon Wind,5,G,"Raymond Schiaroli,Rock Tavern,NY",0,7/2,4.5,16.0,TGD-12,2026-06-06T01:56:00Z,6
TGD,Tioga Downs,2026-06-06,12,01:56,Pace 1m,Pace,Dirt,1m,"$8,500",3,Gotta Go Gram,"Pantaleano, Ji","Warner, Michel",4/1,False,Harness,tvg,https://api.tvg.com/cosmo/v1/graphql,2026-06-06T01:50:50.396885,1.0.0,Fort Knox,Lotus Gram,Lexington Legend,5,G,"Michelle Warner,Cazenovia,NY",0,3/1,4.0,5.0,TGD-12,2026-06-06T01:56:00Z,6
TGD,Tioga Downs,2026-06-06,12,01:56,Pace 1m,Pace,Dirt,1m,"$8,500",4,Beggin For Bacon,"Merton, Thomas","Smith, Vern",2/1,False,Harness,tvg,https://api.tvg.com/cosmo/v1/graphql,2026-06-06T01:50:50.396891,1.0.0,Heston Blue Chip,Mcsauna,Mcardle,6,G,"Lee A Clarke,Buxton,ME",0,10/1,11.0,3.0,TGD-12,2026-06-06T01:56:00Z,6
TGD,Tioga Downs,2026-06-06,12,01:56,Pace 1m,Pace,Dirt,1m,"$8,500",5,Double Up N,"Kakaley, Matt","Reynolds, Kevi",6/1,False,Harness,tvg,https://api.tvg.com/cosmo/v1/graphql,2026-06-06T01:50:50.396897,1.0.0,American Ideal,Vegas Delight,Bettor's Delight,10,G,"Lucky Label Stable LLC,Grove City,O",0,9/2,5.5,7.0,TGD-12,2026-06-06T01:56:00Z,6
TGD,Tioga Downs,2026-06-06,12,01:56,Pace 1m,Pace,Dirt,1m,"$8,500",6,Dontlikeitleave,"Dibenedetto, K","Sowers, Mckenz",5/2,False,Harness,tvg,https://api.tvg.com/cosmo/v1/graphql,2026-06-06T01:50:50.396905,1.0.0,A Rocknroll Dance,Presidential Lady,Presidential Ball,7,G,"Paul R Lang,Paramus,NJ",0,3/1,4.0,3.5,TGD-12,2026-06-06T01:56:00Z,6
YON,Yonkers Raceway,2026-06-06,1,22:52,Trot 1m,Trot,Dirt,1m,"$17,000",1,Vinny De Vie,"Holland, Brent","Fanning, Tom",5/2,False,Harness,tvg,https://api.tvg.com/cosmo/v1/graphql,2026-06-06T01:50:50.404917,1.0.0,Muscle Hill,So You De Vie,Yankee Glide,9,G,"Joseph E Smith,Vero Beach,FL",0,5/1,6.0,3.5,YON-1,2026-06-05T22:52:11Z,7
YON,Yonkers Raceway,2026-06-06,1,22:52,Trot 1m,Trot,Dirt,1m,"$17,000",2,My Man Peter,"Kelly, Colin","Engblom, Per",9/5,False,Harness,tvg,https://api.tvg.com/cosmo/v1/graphql,2026-06-06T01:50:50.404953,1.0.0,Uncle Peter,Trot To The Macs,Bj's Mac,6,G,"Morrison Racing Stables,Indiana,PA",0,3/2,2.5,2.8,YON-1,2026-06-05T22:52:11Z,7
YON,Yonkers Raceway,2026-06-06,1,22:52,Trot 1m,Trot,Dirt,1m,"$17,000",3,Hat Trick Marleau,"Siegelman, Aus","Stratton, Cory",8/1,False,Harness,tvg,https://api.tvg.com/cosmo/v1/graphql,2026-06-06T01:50:50.404970,1.0.0,Crazed,Catch Some Zs,Self Possessed,10,G,"Caldwell Mamie Racing LLC,Bellaire,",0,8/1,9.0,9.0,YON-1,2026-06-05T22:52:11Z,7
YON,Yonkers Raceway,2026-06-06,1,22:52,Trot 1m,Trot,Dirt,1m,"$17,000",4,I'm Out,"Stratton, Jord","Di Domenico, S",5/2,False,Harness,tvg,https://api.tvg.com/cosmo/v1/graphql,2026-06-06T01:50:50.404986,1.0.0,Father Patrick,Bundle Of Energy,Credit Winner,5,G,"Triple D Stables Inc,Jamesburg,NJ;J",0,1/1,2.0,3.5,YON-1,2026-06-05T22:52:11Z,7
YON,Yonkers Raceway,2026-06-06,1,22:52,Trot 1m,Trot,Dirt,1m,"$17,000",5,Bontoni Degato S,"Dube, Daniel","Ford, Mark",20/1,False,Harness,tvg,https://api.tvg.com/cosmo/v1/graphql,2026-06-06T01:50:50.405007,1.0.0,The Bank,Miss America,Lindy Lane,8,G,"George A & Rose Bonomo,Naperville,I",0,86/1,87.0,21.0,YON-1,2026-06-05T22:52:11Z,7
YON,Yonkers Raceway,2026-06-06,1,22:52,Trot 1m,Trot,Dirt,1m,"$17,000",6,Credit To Frank,"Brennan, Georg","Burke, Ron",15/1,False,Harness,tvg,https://api.tvg.com/cosmo/v1/graphql,2026-06-06T01:50:50.405024,1.0.0,Southwind Frank,Panamera,Credit Winner,4,G,"Burke Racing Stable LLC,Frederickto",0,42/1,43.0,16.0,YON-1,2026-06-05T22:52:11Z,7
YON,Yonkers Raceway,2026-06-06,1,22:52,Trot 1m,Trot,Dirt,1m,"$17,000",7,Tachyon,"Ginsburg, Vinc","Bucci, Ricky",20/1,False,Harness,tvg,https://api.tvg.com/cosmo/v1/graphql,2026-06-06T01:50:50.405065,1.0.0,Muscle Hill,Ava Marion,Cantab Hall,7,G,"Flatland Racing,Campbell Hall,NY",0,25/1,26.0,21.0,YON-1,2026-06-05T22:52:11Z,7
YON,Yonkers Raceway,2026-06-06,2,23:16,Trot 1m,Trot,Dirt,1m,"$19,000",1,Sensi Amnesia,"Ginsburg, Vinc","Alvarez, Maria",6/1,False,Harness,tvg,https://api.tvg.com/cosmo/v1/graphql,2026-06-06T01:50:50.405158,1.0.0,Muscle Mass,Torches Angel,Angus Hall,5,M,"Terrence D Smith,Lancaster,TX",0,28/1,29.0,7.0,YON-2,2026-06-05T23:16:04Z,7
YON,Yonkers Raceway,2026-06-06,2,23:16,Trot 1m,Trot,Dirt,1m,"$19,000",2,Musical Ride,"Lachance, Pat","Lachance, Pat",5/2,False,Harness,tvg,https://api.tvg.com/cosmo/v1/graphql,2026-06-06T01:50:50.405178,1.0.0,Musical Rhythm,Miss Adam T,Adam T,6,G,"Thomas A Rankin,St Catharines,ON, C",0,8/5,2.6,3.5,YON-2,2026-06-05T23:16:04Z,7
YON,Yonkers Raceway,2026-06-06,2,23:16,Trot 1m,Trot,Dirt,1m,"$19,000",3,E-Pass,"Holland, Brent","Stafford, Paul",4/1,False,Harness,tvg,https://api.tvg.com/cosmo/v1/graphql,2026-06-06T01:50:50.405200,1.0.0,Uncle Peter,Lady Glider,Glidemaster,5,G,"Thomas Ceraso Jr,Stamford,CT",0,3/2,2.5,5.0,YON-2,2026-06-05T23:16:04Z,7
YON,Yonkers Raceway,2026-06-06,2,23:16,Trot 1m,Trot,Dirt,1m,"$19,000",4,Barn Credit,"Kelly, Colin","Guevara, Luis",8/1,False,Harness,tvg,https://api.tvg.com/cosmo/v1/graphql,2026-06-06T01:50:50.405216,1.0.0,Credit Winner,Nothing But Nice,Abc Garland,5,H,"Luis M Guevara,Middletown,NY",0,34/1,35.0,9.0,YON-2,2026-06-05T23:16:04Z,7
YON,Yonkers Raceway,2026-06-06,2,23:16,Trot 1m,Trot,Dirt,1m,"$19,000",5,Ritson,"Stratton, Jord","Daley, Noel",7/2,False,Harness,tvg,https://api.tvg.com/cosmo/v1/graphql,2026-06-06T01:50:50.405236,1.0.0,Cantab Hall,Sheena's Shadow,Yankee Glide,8,H,"Allister Stables LLC,Monroe Twp,NJ",0,3/1,4.0,4.5,YON-2,2026-06-05T23:16:04Z,7
YON,Yonkers Raceway,2026-06-06,2,23:16,Trot 1m,Trot,Dirt,1m,"$19,000",6,Radio Lab,"Brennan, Georg","Di Domenico, S",20/1,False,Harness,tvg,https://api.tvg.com/cosmo/v1/graphql,2026-06-06T01:50:50.405256,1.0.0,Crazed,Warrawee Jade,Angus Hall,7,G,"Joseph A Faraldo,Kew Gardens,NY;Tri",0,26/1,27.0,21.0,YON-2,2026-06-05T23:16:04Z,7
YON,Yonkers Raceway,2026-06-06,2,23:16,Trot 1m,Trot,Dirt,1m,"$19,000",7,Lucky Mum N,"Siegelman, Aus","Bucci, Ricky",5/1,False,Harness,tvg,https://api.tvg.com/cosmo/v1/graphql,2026-06-06T01:50:50.405271,1.0.0,Father Patrick,Girls On Film,Muscle Hill,6,M,"Flatland Racing,Campbell Hall,NY",0,7/1,8.0,6.0,YON-2,2026-06-05T23:16:04Z,7
YON,Yonkers Raceway,2026-06-06,3,23:39,Pace 1m,Pace,Dirt,1m,"$21,000",1,Ambushed,"Holland, Brent","Stratton, Cory",2/1,False,Harness,tvg,https://api.tvg.com/cosmo/v1/graphql,2026-06-06T01:50:50.405321,1.0.0,Always B Miki,Sweet Body,Sweet Lou,6,M,"Caldwell Mamie Racing LLC,Bellaire,",0,2/5,1.4,3.0,YON-3,2026-06-05T23:39:59Z,7
YON,Yonkers Raceway,2026-06-06,3,23:39,Pace 1m,Pace,Dirt,1m,"$21,000",2,Hunting Hula,"Lachance, Pat","Lachance, Pat",3/1,False,Harness,tvg,https://api.tvg.com/cosmo/v1/graphql,2026-06-06T01:50:50.405339,1.0.0,Huntsville,Hula's Z Tam,Bettor's Delight,5,M,"It's All Good Racing LLC,Lancaster,",0,8/1,9.0,4.0,YON-3,2026-06-05T23:39:59Z,7
YON,Yonkers Raceway,2026-06-06,3,23:39,Pace 1m,Pace,Dirt,1m,"$21,000",3,Elektra A,"Stratton, Jord","Robinson, Enri",10/1,False,Harness,tvg,https://api.tvg.com/cosmo/v1/graphql,2026-06-06T01:50:50.405356,1.0.0,Four Starzzz Shark,Protikori,Sokys Atom,9,M,"Pollack Racing LLC,Venetia,PA",0,56/1,57.0,11.0,YON-3,2026-06-05T23:39:59Z,7
YON,Yonkers Raceway,2026-06-06,3,23:39,Pace 1m,Pace,Dirt,1m,"$21,000",4,Elusive A,"Siegelman, Aus","Harmon, Rob",7/2,False,Harness,tvg,https://api.tvg.com/cosmo/v1/graphql,2026-06-06T01:50:50.405374,1.0.0,Million Dollar Cam,Endeared,Albert Albert,6,M,"Jesmeral Stable,New Rochelle,NY",0,5/1,6.0,4.5,YON-3,2026-06-05T23:39:59Z,7
YON,Yonkers Raceway,2026-06-06,3,23:39,Pace 1m,Pace,Dirt,1m,"$21,000",5,Sweetnikkilou A,"Brennan, Georg","Norman, R. Nif",4/1,False,Harness,tvg,https://api.tvg.com/cosmo/v1/graphql,2026-06-06T01:50:50.405391,1.0.0,Sweet Lou,Nikkibadwagon,Shadow Play,6,M,"Enzed Racing Stable Inc,Allentown,N",0,3/1,4.0,5.0,YON-3,2026-06-05T23:39:59Z,7
YON,Yonkers Raceway,2026-06-06,3,23:39,Pace 1m,Pace,Dirt,1m,"$21,000",6,Ideal Cover,"Ginsburg, Vinc","Blumenfeld, Pa",15/1,False,Harness,tvg,https://api.tvg.com/cosmo/v1/graphql,2026-06-06T01:50:50.405405,1.0.0,American Ideal,Always Covers,Bettor's Delight,6,M,"Stacia D Taylor,Haines City,FL",0,78/1,79.0,16.0,YON-3,2026-06-05T23:39:59Z,7
YON,Yonkers Raceway,2026-06-06,3,23:39,Pace 1m,Pace,Dirt,1m,"$21,000",7,Time To Strike,"Kelly, Colin","Alexander, Tra",20/1,False,Harness,tvg,https://api.tvg.com/cosmo/v1/graphql,2026-06-06T01:50:50.405421,1.0.0,American Ideal,Striking Terror,Western Terror,4,M,"Fiddler's Creek Stables LLC,Naples,",0,99/1,100.0,21.0,YON-3,2026-06-05T23:39:59Z,7
YON,Yonkers Raceway,2026-06-06,4,00:03,Pace 1m,Pace,Dirt,1m,"$39,000",1,Front Page Story,"Lachance, Pat","Lachance, Pat",8/1,False,Harness,tvg,https://api.tvg.com/cosmo/v1/graphql,2026-06-06T01:50:50.405461,1.0.0,Captaintreacherous,Wenditions,Rocknroll Hanover,6,M,"Hudson Standrdbrd Stb Inc,Hudson,QC",0,9/2,5.5,9.0,YON-4,2026-06-06T00:03:31Z,6
YON,Yonkers Raceway,2026-06-06,4,00:03,Pace 1m,Pace,Dirt,1m,"$39,000",2,Seaside Diva,"Stratton, Jord","Burke, Ron",9/2,False,Harness,tvg,https://api.tvg.com/cosmo/v1/graphql,2026-06-06T01:50:50.405482,1.0.0,Downbytheseaside,Real Diva,Real Desire,5,M,"Burke Rcg Stb & Weaver Bruscemi,PA;",0,4/1,5.0,5.5,YON-4,2026-06-06T00:03:31Z,6
YON,Yonkers Raceway,2026-06-06,4,00:03,Pace 1m,Pace,Dirt,1m,"$39,000",3,Silk Cloud A,"Tritton, Laure","Tritton, Peter",5/2,False,Harness,tvg,https://api.tvg.com/cosmo/v1/graphql,2026-06-06T01:50:50.405498,1.0.0,Shadow Play,Modern Babe,Modern Art,8,M,"David C Kryway,Amherstburg,ON, CA;D",0,2/1,3.0,3.5,YON-4,2026-06-06T00:03:31Z,6
YON,Yonkers Raceway,2026-06-06,4,00:03,Pace 1m,Pace,Dirt,1m,"$39,000",4,Raspalia N,"Kelly, Colin","Abbatiello, Ag",2/1,False,Harness,tvg,https://api.tvg.com/cosmo/v1/graphql,2026-06-06T01:50:50.405515,1.0.0,Johny Rock,Fun Sponge,Mach Three,5,M,"Durazzano Stable LLC,Pine Bush,NY",0,3/1,4.0,3.0,YON-4,2026-06-06T00:03:31Z,6
YON,Yonkers Raceway,2026-06-06,4,00:03,Pace 1m,Pace,Dirt,1m,"$39,000",5,Millwood Bliss N,"Brennan, Georg","Norman, R. Nif",10/1,False,Harness,tvg,https://api.tvg.com/cosmo/v1/graphql,2026-06-06T01:50:50.405532,1.0.0,Sweet Lou,Millwood Ivy,Bettor's Delight,6,M,"T Vassiliou,Hawley,PA;Cool Cat Raci",0,29/1,30.0,11.0,YON-4,2026-06-06T00:03:31Z,6
YON,Yonkers Raceway,2026-06-06,4,00:03,Pace 1m,Pace,Dirt,1m,"$39,000",6,Jensville A,"Holland, Brent","Height, Chris",3/1,False,Harness,tvg,https://api.tvg.com/cosmo/v1/graphql,2026-06-06T01:50:50.405551,1.0.0,Huntsville,Burston Holme,Holmes Hanover,7,M,"Michael Casalino Jr,Freehold,NJ",0,2/1,3.0,4.0,YON-4,2026-06-06T00:03:31Z,6
YON,Yonkers Raceway,2026-06-06,5,00:28,Trot 1m,Trot,Dirt,1m,"$15,000",1,Alimony Mike,"Brennan, Georg","Di Domenico, S",9/5,False,Harness,tvg,https://api.tvg.com/cosmo/v1/graphql,2026-06-06T01:50:50.405586,1.0.0,Royalty For Life,Color Me Pretty,Muscles Yankee,4,G,"R Cahn,NY;L Cahn,FL;Triple D Stbs,N",0,2/1,3.0,2.8,YON-5,2026-06-06T00:28:02Z,8
YON,Yonkers Raceway,2026-06-06,5,00:28,Trot 1m,Trot,Dirt,1m,"$15,000",2,Jeannie's Action,"Lachance, Pat","Grasso, John",8/1,False,Harness,tvg,https://api.tvg.com/cosmo/v1/graphql,2026-06-06T01:50:50.405604,1.0.0,E L Titan,Sweet Jesse T,Cash Hall,5,M,"John Grasso Stable Inc,Hawthorne,NY",0,15/1,16.0,9.0,YON-5,2026-06-06T00:28:02Z,8
YON,Yonkers Raceway,2026-06-06,5,00:28,Trot 1m,Trot,Dirt,1m,"$15,000",3,Belmondo,"Dube, Daniel","Daguet, Debora",5/1,False,Harness,tvg,https://api.tvg.com/cosmo/v1/graphql,2026-06-06T01:50:50.405620,1.0.0,Walner,Love Lockdown,Cantab Hall,4,G,"Michael Cote Gagnon,Laval,QC, CA;Da",0,7/1,8.0,6.0,YON-5,2026-06-06T00:28:02Z,8
YON,Yonkers Raceway,2026-06-06,5,00:28,Trot 1m,Trot,Dirt,1m,"$15,000",4,Drop The Mic,"Ginsburg, Vinc","Fusco, Paul",20/1,True,Harness,tvg,https://api.tvg.com/cosmo/v1/graphql,2026-06-06T01:50:50.405634,1.0.0,Chapter Seven,Tweet Me,Andover Hall,8,G,"Robert J Arzano,Colonia,NJ",0,20/1,21.0,21.0,YON-5,2026-06-06T00:28:02Z,8
YON,Yonkers Raceway,2026-06-06,5,00:28,Trot 1m,Trot,Dirt,1m,"$15,000",5,Stmikes Kerryblues,"Siegelman, Aus","Godinez, Jose",8/1,False,Harness,tvg,https://api.tvg.com/cosmo/v1/graphql,2026-06-06T01:50:50.405649,1.0.0,Green Manalishi S,Wilsonator,Kadabra,4,G,"Godinez Racing Stable LLC,Bullville",0,4/1,5.0,9.0,YON-5,2026-06-06T00:28:02Z,8
YON,Yonkers Raceway,2026-06-06,5,00:28,Trot 1m,Trot,Dirt,1m,"$15,000",6,Sevenshadesofgrey,"Holland, Brent","Bucci, Ricky",2/1,False,Harness,tvg,https://api.tvg.com/cosmo/v1/graphql,2026-06-06T01:50:50.405666,1.0.0,Chapter Seven,Ms Naughty,Kadabra,8,G,"Flatland Racing,Campbell Hall,NY",0,1/1,2.0,3.0,YON-5,2026-06-06T00:28:02Z,8
YON,Yonkers Raceway,2026-06-06,5,00:28,Trot 1m,Trot,Dirt,1m,"$15,000",7,Lionheart Hanover,"Kelly, Colin","Schadel, Tony",20/1,False,Harness,tvg,https://api.tvg.com/cosmo/v1/graphql,2026-06-06T01:50:50.405684,1.0.0,Greenshoe,Lady Riviera,Sand Vic,4,G,"Tony B & Linda J. Schadel,Sacrament",0,70/1,71.0,21.0,YON-5,2026-06-06T00:28:02Z,8
YON,Yonkers Raceway,2026-06-06,5,00:28,Trot 1m,Trot,Dirt,1m,"$15,000",8,Father Mike,"Smith, Steve","Ford, Mark",20/1,False,Harness,tvg,https://api.tvg.com/cosmo/v1/graphql,2026-06-06T01:50:50.405736,1.0.0,Father Patrick,Ready Any Time,Kadabra,5,G,"Hero Stables,Goshen,NY",0,28/1,29.0,21.0,YON-5,2026-06-06T00:28:02Z,8
YON,Yonkers Raceway,2026-06-06,6,00:51,Trot 1m,Trot,Dirt,1m,"$21,000",1,Incantation,"Lachance, Pat","Lachance, Pat",5/1,False,Harness,tvg,https://api.tvg.com/cosmo/v1/graphql,2026-06-06T01:50:50.405774,1.0.0,Muscle Mass,More Magic,Kadabra,4,M,"Ecurie Csl,Sorel-Tracy,QC, CA",0,7/1,8.0,6.0,YON-6,2026-06-06T00:51:04Z,7
YON,Yonkers Raceway,2026-06-06,6,00:51,Trot 1m,Trot,Dirt,1m,"$21,000",2,Hand Dover Dan,"Dube, Daniel","Hudson, Lance",12/1,False,Harness,tvg,https://api.tvg.com/cosmo/v1/graphql,2026-06-06T01:50:50.405787,1.0.0,Dover Dan,My Taylor's Ham,Donerail,7,G,"William A Hartt,Carmel,ME",0,17/1,18.0,13.0,YON-6,2026-06-06T00:51:04Z,7
YON,Yonkers Raceway,2026-06-06,6,00:51,Trot 1m,Trot,Dirt,1m,"$21,000",3,Optrix,"Smith, Steve","Jackson, Tom",20/1,False,Harness,tvg,https://api.tvg.com/cosmo/v1/graphql,2026-06-06T01:50:50.405802,1.0.0,Trixton,Ophelia,Broadway Hall,6,G,"Thomas H Jackson,Pittston,PA;Howard",0,45/1,46.0,21.0,YON-6,2026-06-06T00:51:04Z,7
YON,Yonkers Raceway,2026-06-06,6,00:51,Trot 1m,Trot,Dirt,1m,"$21,000",4,Scudo Hanover,"Brennan, Georg","Baggitt, Rober",2/1,False,Harness,tvg,https://api.tvg.com/cosmo/v1/graphql,2026-06-06T01:50:50.405817,1.0.0,International Moni,Shared Past,Chocolatier,4,G,"J L Sadowsky LLC,Bonita Sprgs,FL;R",0,4/5,1.8,3.0,YON-6,2026-06-06T00:51:04Z,7
YON,Yonkers Raceway,2026-06-06,6,00:51,Trot 1m,Trot,Dirt,1m,"$21,000",5,Goo For Broke,"Kelly, Colin","Engblom, Per",3/1,False,Harness,tvg,https://api.tvg.com/cosmo/v1/graphql,2026-06-06T01:50:50.405833,1.0.0,Googoo Gaagaa,Hs Carry On,Donato Hanover,6,M,"Timothy G Betts,Canonsburg,PA",0,2/1,3.0,4.0,YON-6,2026-06-06T00:51:04Z,7
YON,Yonkers Raceway,2026-06-06,6,00:51,Trot 1m,Trot,Dirt,1m,"$21,000",6,P L Oscar,"Holland, Brent","Bucci, Ricky",4/1,False,Harness,tvg,https://api.tvg.com/cosmo/v1/graphql,2026-06-06T01:50:50.405851,1.0.0,Archangel,Corinas Mission,Mr Lavec,8,G,"Flatland Racing,Campbell Hall,NY",0,5/1,6.0,5.0,YON-6,2026-06-06T00:51:04Z,7
YON,Yonkers Raceway,2026-06-06,6,00:51,Trot 1m,Trot,Dirt,1m,"$21,000",7,Durante Hanover,"Siegelman, Aus","Burke, Ron",6/1,False,Harness,tvg,https://api.tvg.com/cosmo/v1/graphql,2026-06-06T01:50:50.405875,1.0.0,Walner,Dancing For Money,Muscles Yankee,4,G,"Burke Rcg Stb,Frdrcktwn,PA;Weaver B",0,23/1,24.0,7.0,YON-6,2026-06-06T00:51:04Z,7
YON,Yonkers Raceway,2026-06-06,7,01:15,Pace 1m,Pace,Dirt,1m,"$19,000",1,Jordanna Hanover,"Holland, Brent","Fanning, Tom",2/1,False,Harness,tvg,https://api.tvg.com/cosmo/v1/graphql,2026-06-06T01:50:50.405900,1.0.0,Captaintreacherous,Jk Mollys Delight,Bettor's Delight,4,M,"Fanning Racing LLC,Jackson,NJ",0,1/1,2.0,3.0,YON-7,2026-06-06T01:15:11Z,8
YON,Yonkers Raceway,2026-06-06,7,01:15,Pace 1m,Pace,Dirt,1m,"$19,000",2,Cheryls Shadow,"Kelly, Colin","Dilloian, Doug",5/2,False,Harness,tvg,https://api.tvg.com/cosmo/v1/graphql,2026-06-06T01:50:50.405915,1.0.0,Shadow Play,Astrmowin,Astreos,7,M,"Kyle james Warren,Oceanport,NJ;Bria",0,6/5,2.2,3.5,YON-7,2026-06-06T01:15:11Z,8
YON,Yonkers Raceway,2026-06-06,7,01:15,Pace 1m,Pace,Dirt,1m,"$19,000",3,Lucky Artist A,"Siegelman, Aus","Bucci, Ricky",12/1,False,Harness,tvg,https://api.tvg.com/cosmo/v1/graphql,2026-06-06T01:50:50.405926,1.0.0,Artistic Fella,Corella Magic,Ultimate Falcon,13,M,"Flatland Racing,Campbell Hall,NY",0,10/1,11.0,13.0,YON-7,2026-06-06T01:15:11Z,8
YON,Yonkers Raceway,2026-06-06,7,01:15,Pace 1m,Pace,Dirt,1m,"$19,000",4,Anna Loves Bananas,"Ginsburg, Vinc","Engblom, Per",8/1,False,Harness,tvg,https://api.tvg.com/cosmo/v1/graphql,2026-06-06T01:50:50.405938,1.0.0,Well Said,Sweet Anna Banana,Sweet Lou,4,M,"Timothy G Betts,Canonsburg,PA",0,16/1,17.0,9.0,YON-7,2026-06-06T01:15:11Z,8
YON,Yonkers Raceway,2026-06-06,7,01:15,Pace 1m,Pace,Dirt,1m,"$19,000",5,Fashion Terror,"Smith, Steve","Ford, Mark",15/1,False,Harness,tvg,https://api.tvg.com/cosmo/v1/graphql,2026-06-06T01:50:50.405949,1.0.0,Huntsville,High Fashion Model,Western Terror,4,M,"All Star Racing Inc,Towaco,NJ",0,50/1,51.0,16.0,YON-7,2026-06-06T01:15:11Z,8
YON,Yonkers Raceway,2026-06-06,7,01:15,Pace 1m,Pace,Dirt,1m,"$19,000",6,Alwaysbpuffing Ir,"Brennan, Georg","Burke, Ron",6/1,False,Harness,tvg,https://api.tvg.com/cosmo/v1/graphql,2026-06-06T01:50:50.405964,1.0.0,Always B Miki,Hufflepuff,Dragon Again,5,M,"Burke Rcg Stb,Frdrcktwn,PA;Weaver B",0,16/1,17.0,7.0,YON-7,2026-06-06T01:15:11Z,8
YON,Yonkers Raceway,2026-06-06,7,01:15,Pace 1m,Pace,Dirt,1m,"$19,000",7,Dougs Babe A,"Lachance, Pat","Norman, R. Nif",5/1,False,Harness,tvg,https://api.tvg.com/cosmo/v1/graphql,2026-06-06T01:50:50.405976,1.0.0,Western Terror,Dougs Courage,Courage Under Fire,9,M,"Tom Vassiliou,Hawley,PA;Nicholas J",0,17/1,18.0,6.0,YON-7,2026-06-06T01:15:11Z,8
YON,Yonkers Raceway,2026-06-06,7,01:15,Pace 1m,Pace,Dirt,1m,"$19,000",8,Chanceoflightning,"Dube, Daniel","Stratton, Cory",12/1,False,Harness,tvg,https://api.tvg.com/cosmo/v1/graphql,2026-06-06T01:50:50.405988,1.0.0,Courtly Choice,Admirals Chance,Admirals Galley,4,M,"Vip Internet Stb,Psctwy,NJ;Taddeo S",0,42/1,43.0,13.0,YON-7,2026-06-06T01:15:11Z,8
YON,Yonkers Raceway,2026-06-06,8,01:39,Trot 1m,Trot,Dirt,1m,"$21,000",1,Bronzer,"Brennan, Georg","Fine, Amanda",3/1,False,Harness,tvg,https://api.tvg.com/cosmo/v1/graphql,2026-06-06T01:50:50.406013,1.0.0,Muscle Hill,Win Missy B,Conway Hall,5,H,"Amanda M Fine,Pine Bush,NY",0,5/1,6.0,4.0,YON-8,2026-06-06T01:39:04Z,7
YON,Yonkers Raceway,2026-06-06,8,01:39,Trot 1m,Trot,Dirt,1m,"$21,000",2,Street Gossip,"Siegelman, Aus","Harmon, Rob",6/1,False,Harness,tvg,https://api.tvg.com/cosmo/v1/graphql,2026-06-06T01:50:50.406030,1.0.0,Cash Hall,The Young Princess,Yankee Glide,8,G,"Jesmeral Stable,New Rochelle,NY",0,9/1,10.0,7.0,YON-8,2026-06-06T01:39:04Z,7
YON,Yonkers Raceway,2026-06-06,8,01:39,Trot 1m,Trot,Dirt,1m,"$21,000",3,Hot Flash Kimmy,"Ginsburg, Vinc","Stratton, Cory",9/2,False,Harness,tvg,https://api.tvg.com/cosmo/v1/graphql,2026-06-06T01:50:50.406042,1.0.0,Lookslikeachpndale,Hortop Temper,E L Titan,6,M,"Caldwell Mamie Racing LLC,Bellaire,",0,4/1,5.0,5.5,YON-8,2026-06-06T01:39:04Z,7
YON,Yonkers Raceway,2026-06-06,8,01:39,Trot 1m,Trot,Dirt,1m,"$21,000",4,Bestfriend Volo,"Dube, Daniel","Takter, Nancy",7/2,False,Harness,tvg,https://api.tvg.com/cosmo/v1/graphql,2026-06-06T01:50:50.406055,1.0.0,Walner,Bank Of Newport,Tagliabue,6,G,"C Takter,E Wndsr,NJ;N Takter,Alntwn",0,6/5,2.2,4.5,YON-8,2026-06-06T01:39:04Z,7
YON,Yonkers Raceway,2026-06-06,8,01:39,Trot 1m,Trot,Dirt,1m,"$21,000",5,Oliver The Great,"Lachance, Pat","Baggitt, Rober",5/1,False,Harness,tvg,https://api.tvg.com/cosmo/v1/graphql,2026-06-06T01:50:50.406067,1.0.0,Bar Hopping,Baby Chey,Andover Hall,5,G,"J L Sadowsky LLC,Bonita Sprgs,FL;R",0,7/2,4.5,6.0,YON-8,2026-06-06T01:39:04Z,7
YON,Yonkers Raceway,2026-06-06,8,01:39,Trot 1m,Trot,Dirt,1m,"$21,000",6,Torrone,"Holland, Brent","Fanning, Tom",20/1,False,Harness,tvg,https://api.tvg.com/cosmo/v1/graphql,2026-06-06T01:50:50.406082,1.0.0,Father Patrick,With Sugar,Muscles Yankee,7,G,"Joseph E Smith,Vero Beach,FL",0,17/1,18.0,21.0,YON-8,2026-06-06T01:39:04Z,7
YON,Yonkers Raceway,2026-06-06,8,01:39,Trot 1m,Trot,Dirt,1m,"$21,000",7,Aquarius Face S,"Kelly, Colin","Engblom, Per",4/1,False,Harness,tvg,https://api.tvg.com/cosmo/v1/graphql,2026-06-06T01:50:50.406174,1.0.0,Mosaique Face,Babsane Face,Look De Star,8,G,"Engblom Farm LLC,Wrightstown,NJ;Ell",0,11/1,12.0,5.0,YON-8,2026-06-06T01:39:04Z,7
YON,Yonkers Raceway,2026-06-06,9,01:57,Pace 1m,Pace,Dirt,1m,"$17,000",1,Bronx Mixer,"Dube, Daniel","Schnittker, Ra",2/1,False,Harness,tvg,https://api.tvg.com/cosmo/v1/graphql,2026-06-06T01:50:50.406230,1.0.0,Huntsville,Apricot Sour,Well Said,4,M,"Raymond W Schnittker,Middletown,NY;",0,9/1,10.0,3.0,YON-9,2026-06-06T01:57:00Z,8
YON,Yonkers Raceway,2026-06-06,9,01:57,Pace 1m,Pace,Dirt,1m,"$17,000",2,Coachellabound N,"Holland, Brent","Bucci, Ricky",4/1,False,Harness,tvg,https://api.tvg.com/cosmo/v1/graphql,2026-06-06T01:50:50.406238,1.0.0,Sweet Lou,We Love To Party,Fake Left,8,M,"Flatland Racing,Campbell Hall,NY",0,8/5,2.6,5.0,YON-9,2026-06-06T01:57:00Z,8
YON,Yonkers Raceway,2026-06-06,9,01:57,Pace 1m,Pace,Dirt,1m,"$17,000",3,Shez The Reason A,"Smith, Steve","Garland, Karen",3/1,False,Harness,tvg,https://api.tvg.com/cosmo/v1/graphql,2026-06-06T01:50:50.406244,1.0.0,For A Reason,Sheza Sharpie,Mcardle,7,M,"Richard Pantano,Manalapan,NJ;Gregor",0,5/1,6.0,4.0,YON-9,2026-06-06T01:57:00Z,8
YON,Yonkers Raceway,2026-06-06,9,01:57,Pace 1m,Pace,Dirt,1m,"$17,000",4,You Beda Rock,"Siegelman, Aus","Stratton, Cory",20/1,False,Harness,tvg,https://api.tvg.com/cosmo/v1/graphql,2026-06-06T01:50:50.406250,1.0.0,Rock N Roll Heaven,Beda Hanover,Cam's Card Shark,9,M,"Howard S Jacobs,West Orange,NJ",0,11/1,12.0,21.0,YON-9,2026-06-06T01:57:00Z,8
YON,Yonkers Raceway,2026-06-06,9,01:57,Pace 1m,Pace,Dirt,1m,"$17,000",5,Ys Sensationalcity,"Kelly, Colin","Alexander, Tra",7/2,False,Harness,tvg,https://api.tvg.com/cosmo/v1/graphql,2026-06-06T01:50:50.406264,1.0.0,Keystone Velocity,Sensationalgabby A,Yankee Sensation,6,M,"Scott A Berquist,Dexter,MI",0,9/5,2.8,4.5,YON-9,2026-06-06T01:57:00Z,8
YON,Yonkers Raceway,2026-06-06,9,01:57,Pace 1m,Pace,Dirt,1m,"$17,000",6,Bubble Lou,"Ginsburg, Vinc","Estrada, Izzy",20/1,False,Harness,tvg,https://api.tvg.com/cosmo/v1/graphql,2026-06-06T01:50:50.406270,1.0.0,Lather Up,Sweet Sissy Lou,Sweet Lou,4,M,"Estrada Racing LLC,Cranbury,NJ",0,13/1,14.0,21.0,YON-9,2026-06-06T01:57:00Z,8
YON,Yonkers Raceway,2026-06-06,9,01:57,Pace 1m,Pace,Dirt,1m,"$17,000",7,Odds On Aces Full,"Brennan, Georg","Di Domenico, S",12/1,False,Harness,tvg,https://api.tvg.com/cosmo/v1/graphql,2026-06-06T01:50:50.406275,1.0.0,Stay Hungry,Odds On Palm Beach,Western Ideal,4,M,"Odds On Racing,Boca Raton,FL",0,12/1,13.0,13.0,YON-9,2026-06-06T01:57:00Z,8
YON,Yonkers Raceway,2026-06-06,9,01:57,Pace 1m,Pace,Dirt,1m,"$17,000",8,Promising Moment,"Lachance, Pat","Fanning, Tom",20/1,False,Harness,tvg,https://api.tvg.com/cosmo/v1/graphql,2026-06-06T01:50:50.406281,1.0.0,Control The Moment,Unspoken Promise,Somebeachsomewhere,4,M,"Howard A Taylor,Philadelphia,PA;Fal",0,27/1,28.0,21.0,YON-9,2026-06-06T01:57:00Z,8
