horse,jockey,trainer,ofr,age,weight_lbs,form,draw,ml_odds,win_probability,win_odds_fractional,win_odds_decimal,place_probability,place_odds_fractional,show_probability,show_odds_fractional,region,date,source_model,model_artifact,model_feature_count,course,race_time,race_name,race_class,race_type,purse,surface,going,distance_f,distance_str,distance_band
Prom Queen,Prat Flavien,Cox Brad H,-,3,124.0,,1,7/2,0.19437551695616215,4/1,5.14,0.3196504572475116,2/1,0.3666285598567677,3/2,US,2026-06-05,US,us_horse_model.pkl,75,BEL P6 Fri-Sat,21:08,Stakes 9f,Stakes,Thoroughbred,500000.0,Dirt,,9.0,9f,Route
Counting Stars,Ortiz Jr Irad,Casse Mark E,-,3,124.0,,2,9/2,0.18731734215605184,9/2,5.34,0.30910098654296736,2/1,0.3547698531880607,2/1,US,2026-06-05,US,us_horse_model.pkl,75,BEL P6 Fri-Sat,21:08,Stakes 9f,Stakes,Thoroughbred,500000.0,Dirt,,9.0,9f,Route
Meaning,Hernandez Juan J,Mccarthy Michael W,-,3,124.0,,3,3/1,0.19922801213123795,4/1,5.02,0.32685698118201656,2/1,0.37471784457605856,3/2,US,2026-06-05,US,us_horse_model.pkl,75,BEL P6 Fri-Sat,21:08,Stakes 9f,Stakes,Thoroughbred,500000.0,Dirt,,9.0,9f,Route
Maximum Offer,Geroux Florent,Mcpeek Kenneth G,-,3,124.0,,4,15/1,0.16647366969947616,5/1,6.01,0.27748181929648885,5/2,0.3191098753953686,2/1,US,2026-06-05,US,us_horse_model.pkl,75,BEL P6 Fri-Sat,21:08,Stakes 9f,Stakes,Thoroughbred,500000.0,Dirt,,9.0,9f,Route
Always A Runner,Ortiz Jose L,Brown Chad C,-,3,124.0,,5,4/5,0.252605459057072,3/1,3.96,0.40364221194638233,3/2,0.4602809942798737,1/1,US,2026-06-05,US,us_horse_model.pkl,75,BEL P6 Fri-Sat,21:08,Stakes 9f,Stakes,Thoroughbred,500000.0,Dirt,,9.0,9f,Route
Fully Subscribed,Prat Flavien,Brown Chad C,-,4,122.0,,1,5/2,0.17945058556922172,9/2,5.57,0.29724904389568985,5/2,0.3414234657681154,2/1,US,2026-06-05,US,us_horse_model.pkl,75,BEL P6 Fri-Sat,22:25,Stakes 9f,Stakes,Thoroughbred,500000.0,Dirt,,9.0,9f,Route
Regaled,Ramos Joseph D,Beckman D Whitworth,-,5,122.0,,2,5/1,0.158691853927725,11/2,6.3,0.26549885346749025,3/1,0.3055514782949022,5/2,US,2026-06-05,US,us_horse_model.pkl,75,BEL P6 Fri-Sat,22:25,Stakes 9f,Stakes,Thoroughbred,500000.0,Dirt,,9.0,9f,Route
Alpine Princess,Ortiz Jr Irad,Cox Brad H,-,5,122.0,,3,4/1,0.16450429878734407,5/1,6.08,0.27445840636160673,5/2,0.3156911967019552,2/1,US,2026-06-05,US,us_horse_model.pkl,75,BEL P6 Fri-Sat,22:25,Stakes 9f,Stakes,Thoroughbred,500000.0,Dirt,,9.0,9f,Route
Cassiar,Davis Dylan,Mcgaughey Iii C R,-,4,120.0,,4,15/1,0.14052796374141538,6/1,7.12,0.23715184785990084,3/1,0.2733858044043329,5/2,US,2026-06-05,US,us_horse_model.pkl,75,BEL P6 Fri-Sat,22:25,Stakes 9f,Stakes,Thoroughbred,500000.0,Dirt,,9.0,9f,Route
Nitrogen,Ortiz Jose L,Casse Mark E,-,4,124.0,,5,7/5,0.20228519037486808,4/1,4.94,0.3313779040787652,2/1,0.37978767171772665,3/2,US,2026-06-05,US,us_horse_model.pkl,75,BEL P6 Fri-Sat,22:25,Stakes 9f,Stakes,Thoroughbred,500000.0,Dirt,,9.0,9f,Route
Bless The Broken,Geroux Florent,Cox Brad H,-,4,120.0,,6,6/1,0.15454010759942566,11/2,6.47,0.25906607779349256,3/1,0.29826331661626765,5/2,US,2026-06-05,US,us_horse_model.pkl,75,BEL P6 Fri-Sat,22:25,Stakes 9f,Stakes,Thoroughbred,500000.0,Dirt,,9.0,9f,Route
Acoustic Ave,Lezcano Jose,Rice Linda,-,6,120.0,,1,30/1,0.09197790390324684,10/1,10.87,0.15879227918069638,11/2,0.18384766990973997,9/2,US,2026-06-05,US,us_horse_model.pkl,75,BEL P6 Fri-Sat,19:25,Stakes 6.5f,Stakes,Thoroughbred,400000.0,Dirt,,6.5,6.5f,One-Turn Mile
Imagination,Prat Flavien,Baffert Bob,-,5,124.0,,2,4/1,0.1208802881507478,15/2,8.27,0.2058948834206198,4/1,0.23777535664682178,3/1,US,2026-06-05,US,us_horse_model.pkl,75,BEL P6 Fri-Sat,19:25,Stakes 6.5f,Stakes,Thoroughbred,400000.0,Dirt,,6.5,6.5f,One-Turn Mile
Bentornato,Ortiz Jr Irad,D'angelo Jose F,-,5,124.0,,3,8/5,0.15269001282551217,11/2,6.55,0.2561906310725979,3/1,0.295003362915255,5/2,US,2026-06-05,US,us_horse_model.pkl,75,BEL P6 Fri-Sat,19:25,Stakes 6.5f,Stakes,Thoroughbred,400000.0,Dirt,,6.5,6.5f,One-Turn Mile
Listenupshance,Fresu Antonio,O'neill Doug F,-,4,120.0,,4,30/1,0.09197790390324684,10/1,10.87,0.15879227918069638,11/2,0.18384766990973997,9/2,US,2026-06-05,US,us_horse_model.pkl,75,BEL P6 Fri-Sat,19:25,Stakes 6.5f,Stakes,Thoroughbred,400000.0,Dirt,,6.5,6.5f,One-Turn Mile
Faust,Ortiz Jose L,Asmussen Steven M,-,4,120.0,,5,15/1,0.09718867029402227,19/2,10.29,0.16738309642242397,5/1,0.1937060062205746,4/1,US,2026-06-05,US,us_horse_model.pkl,75,BEL P6 Fri-Sat,19:25,Stakes 6.5f,Stakes,Thoroughbred,400000.0,Dirt,,6.5,6.5f,One-Turn Mile
Book'em Danno,Lopez Paco,Ryan Derek S,-,5,124.0,,6,2/1,0.14385397819363316,6/1,6.95,0.24238198711483228,3/1,0.27932999046028195,5/2,US,2026-06-05,US,us_horse_model.pkl,75,BEL P6 Fri-Sat,19:25,Stakes 6.5f,Stakes,Thoroughbred,400000.0,Dirt,,6.5,6.5f,One-Turn Mile
Be You,Velazquez John R,Pletcher Todd A,-,5,122.0,,7,12/1,0.09967380503423823,9/1,10.03,0.17146495513362614,5/1,0.1983866364208966,4/1,US,2026-06-05,US,us_horse_model.pkl,75,BEL P6 Fri-Sat,19:25,Stakes 6.5f,Stakes,Thoroughbred,400000.0,Dirt,,6.5,6.5f,One-Turn Mile
Illuminare,Franco Manuel,Pletcher Todd A,-,5,120.0,,8,10/1,0.10208363266111431,9/1,9.8,0.17541368434417431,9/2,0.20291245372532182,4/1,US,2026-06-05,US,us_horse_model.pkl,75,BEL P6 Fri-Sat,19:25,Stakes 6.5f,Stakes,Thoroughbred,400000.0,Dirt,,6.5,6.5f,One-Turn Mile
Pentathlon,Davis Dylan,Mcgaughey Iii C R,-,5,122.0,,9,12/1,0.09967380503423823,9/1,10.03,0.17146495513362614,5/1,0.1983866364208966,4/1,US,2026-06-05,US,us_horse_model.pkl,75,BEL P6 Fri-Sat,19:25,Stakes 6.5f,Stakes,Thoroughbred,400000.0,Dirt,,6.5,6.5f,One-Turn Mile
Gilded Bandit,Alvarado Junior,Mott William I,-,3,124.0,,1,8/1,0.10572434889644497,17/2,9.46,0.18136171765393916,9/2,0.20972573093799948,4/1,US,2026-06-05,US,us_horse_model.pkl,75,BEL P6 Fri-Sat,20:52,Stakes 7f,Stakes,Thoroughbred,500000.0,Dirt,,7.0,7f,One-Turn Mile
Obliteration,Velazquez John R,Asmussen Steven M,-,3,124.0,,2,8/1,0.10572434889644497,17/2,9.46,0.18136171765393916,9/2,0.20972573093799948,4/1,US,2026-06-05,US,us_horse_model.pkl,75,BEL P6 Fri-Sat,20:52,Stakes 7f,Stakes,Thoroughbred,500000.0,Dirt,,7.0,7f,One-Turn Mile
Six Speed,Ortiz Jr Irad,Weaver George,-,3,124.0,,3,10/1,0.1022144223855313,9/1,9.78,0.1756277297790701,9/2,0.20315772005164714,4/1,US,2026-06-05,US,us_horse_model.pkl,75,BEL P6 Fri-Sat,20:52,Stakes 7f,Stakes,Thoroughbred,500000.0,Dirt,,7.0,7f,One-Turn Mile
Stradale,Santana Jr Ricardo,Asmussen Steven M,-,3,124.0,,4,15/1,0.09727858822955894,19/2,10.28,0.16753095983085725,5/1,0.19387559918134412,4/1,US,2026-06-05,US,us_horse_model.pkl,75,BEL P6 Fri-Sat,20:52,Stakes 7f,Stakes,Thoroughbred,500000.0,Dirt,,7.0,7f,One-Turn Mile
Solitude Dude,Prat Flavien,Joseph Jr Saffie A,-,3,124.0,,5,6/1,0.11123994769930931,8/1,8.99,0.1903324450874407,9/2,0.21999213160798997,7/2,US,2026-06-05,US,us_horse_model.pkl,75,BEL P6 Fri-Sat,20:52,Stakes 7f,Stakes,Thoroughbred,500000.0,Dirt,,7.0,7f,One-Turn Mile
Crude Velocity,Geroux Florent,Baffert Bob,-,3,124.0,,6,9/5,0.1484702396186437,11/2,6.74,0.24961170167162466,3/1,0.2875397499414925,5/2,US,2026-06-05,US,us_horse_model.pkl,75,BEL P6 Fri-Sat,20:52,Stakes 7f,Stakes,Thoroughbred,500000.0,Dirt,,7.0,7f,One-Turn Mile
Englishman,Ortiz Jose L,Devaux Cherie,-,3,124.0,,7,3/1,0.12985509365897652,13/2,7.7,0.2202492923068125,7/2,0.254147116799751,3/1,US,2026-06-05,US,us_horse_model.pkl,75,BEL P6 Fri-Sat,20:52,Stakes 7f,Stakes,Thoroughbred,500000.0,Dirt,,7.0,7f,One-Turn Mile
Civil Liberty,Fresu Antonio,O'neill Doug F,-,3,124.0,,8,10/1,0.1022144223855313,9/1,9.78,0.1756277297790701,9/2,0.20315772005164714,4/1,US,2026-06-05,US,us_horse_model.pkl,75,BEL P6 Fri-Sat,20:52,Stakes 7f,Stakes,Thoroughbred,500000.0,Dirt,,7.0,7f,One-Turn Mile
Taj Mahal,Franco Manuel,Russell Brittany T,-,3,124.0,,9,15/1,0.09727858822955894,19/2,10.28,0.16753095983085725,5/1,0.19387559918134412,4/1,US,2026-06-05,US,us_horse_model.pkl,75,BEL P6 Fri-Sat,20:52,Stakes 7f,Stakes,Thoroughbred,500000.0,Dirt,,7.0,7f,One-Turn Mile
Nysos,Prat Flavien,Baffert Bob,-,5,126.0,,1,9/5,0.17348264701018262,5/1,5.76,0.288191781567401,5/2,0.3312077070263579,2/1,US,2026-06-05,US,us_horse_model.pkl,75,BEL P6 Fri-Sat,21:32,Stakes 8f,Stakes,Thoroughbred,1000000.0,Dirt,,8.0,8f,Classic
Vibe,Saez Luis,Pletcher Todd A,-,4,118.0,,2,15/1,0.12202612989344863,7/1,8.19,0.2077347327067893,4/1,0.23987545876179206,3/1,US,2026-06-05,US,us_horse_model.pkl,75,BEL P6 Fri-Sat,21:32,Stakes 8f,Stakes,Thoroughbred,1000000.0,Dirt,,8.0,8f,Classic
Antiquarian,Velazquez John R,Pletcher Todd A,-,5,124.0,,3,6/1,0.13605972547073972,13/2,7.35,0.23009770673119306,7/2,0.26536194970386306,3/1,US,2026-06-05,US,us_horse_model.pkl,75,BEL P6 Fri-Sat,21:32,Stakes 8f,Stakes,Thoroughbred,1000000.0,Dirt,,8.0,8f,Classic
Saudi Crown,Ortiz Jr Irad,Cox Brad H,-,6,123.0,,4,8/1,0.1305155889463778,13/2,7.66,0.22130060493706416,7/2,0.2553449859335715,3/1,US,2026-06-05,US,us_horse_model.pkl,75,BEL P6 Fri-Sat,21:32,Stakes 8f,Stakes,Thoroughbred,1000000.0,Dirt,,8.0,8f,Classic
Rated By Merit,Davis Dylan,Brown Chad C,-,4,119.0,,5,10/1,0.1269875020672384,7/1,7.87,0.21567684317600766,7/2,0.24893534609179613,3/1,US,2026-06-05,US,us_horse_model.pkl,75,BEL P6 Fri-Sat,21:32,Stakes 8f,Stakes,Thoroughbred,1000000.0,Dirt,,8.0,8f,Classic
Knightsbridge,Alvarado Junior,Mott William I,-,5,121.0,,6,7/2,0.1499200667816445,11/2,6.67,0.2518752990679099,3/1,0.29010851117525943,5/2,US,2026-06-05,US,us_horse_model.pkl,75,BEL P6 Fri-Sat,21:32,Stakes 8f,Stakes,Thoroughbred,1000000.0,Dirt,,8.0,8f,Classic
Journalism,Ortiz Jose L,Mccarthy Michael W,-,4,125.0,,7,5/2,0.16100833983036833,5/1,6.21,0.2690760632987179,5/2,0.309601459599349,2/1,US,2026-06-05,US,us_horse_model.pkl,75,BEL P6 Fri-Sat,21:32,Stakes 8f,Stakes,Thoroughbred,1000000.0,Dirt,,8.0,8f,Classic
Vitruvian Man,Fresu Antonio,O'neill Doug F,-,3,126.0,,1,30/1,0.0920001047851588,10/1,10.87,0.15882897318890168,11/2,0.18388979884030526,9/2,US,2026-06-05,US,us_horse_model.pkl,75,BEL P6 Fri-Sat,23:04,Stakes 10f,Stakes,Thoroughbred,2000000.0,Dirt,,10.0,10f,Route
Powershift,Saez Luis,Pletcher Todd A,-,3,126.0,,2,12/1,0.09972674559879749,9/1,10.03,0.17155180304765366,5/1,0.19848619959097472,4/1,US,2026-06-05,US,us_horse_model.pkl,75,BEL P6 Fri-Sat,23:04,Stakes 10f,Stakes,Thoroughbred,2000000.0,Dirt,,10.0,10f,Route
Chief Wallabee,Alvarado Junior,Mott William I,-,3,126.0,,3,3/1,0.1296674787516474,13/2,7.71,0.2199505377163182,7/2,0.25380668482806973,3/1,US,2026-06-05,US,us_horse_model.pkl,75,BEL P6 Fri-Sat,23:04,Stakes 10f,Stakes,Thoroughbred,2000000.0,Dirt,,10.0,10f,Route
Renegade,Ortiz Jr Irad,Pletcher Todd A,-,3,126.0,,4,2/1,0.14408338730672332,6/1,6.94,0.24274207915387858,3/1,0.2797390885965618,5/2,US,2026-06-05,US,us_horse_model.pkl,75,BEL P6 Fri-Sat,23:04,Stakes 10f,Stakes,Thoroughbred,2000000.0,Dirt,,10.0,10f,Route
Ottinho,Davis Dylan,Brown Chad C,-,3,126.0,,5,20/1,0.09465741511789168,19/2,10.56,0.16321532622276433,5/1,0.18892454288709157,9/2,US,2026-06-05,US,us_horse_model.pkl,75,BEL P6 Fri-Sat,23:04,Stakes 10f,Stakes,Thoroughbred,2000000.0,Dirt,,10.0,10f,Route
Growth Equity,Franco Manuel,Brown Chad C,-,3,126.0,,6,12/1,0.09972674559879749,9/1,10.03,0.17155180304765366,5/1,0.19848619959097472,4/1,US,2026-06-05,US,us_horse_model.pkl,75,BEL P6 Fri-Sat,23:04,Stakes 10f,Stakes,Thoroughbred,2000000.0,Dirt,,10.0,10f,Route
Commandment,Velazquez John R,Cox Brad H,-,3,126.0,,7,6/1,0.11113273918083556,8/1,9.0,0.19015854195123552,9/2,0.21979321799013551,7/2,US,2026-06-05,US,us_horse_model.pkl,75,BEL P6 Fri-Sat,23:04,Stakes 10f,Stakes,Thoroughbred,2000000.0,Dirt,,10.0,10f,Route
Emerging Market,Prat Flavien,Brown Chad C,-,3,126.0,,8,6/1,0.11113273918083556,8/1,9.0,0.19015854195123552,9/2,0.21979321799013551,7/2,US,2026-06-05,US,us_horse_model.pkl,75,BEL P6 Fri-Sat,23:04,Stakes 10f,Stakes,Thoroughbred,2000000.0,Dirt,,10.0,10f,Route
Golden Tempo,Ortiz Jose L,Devaux Cherie,-,3,126.0,,9,9/2,0.11787264447931259,15/2,8.48,0.20105559180952554,4/1,0.2322491970583554,7/2,US,2026-06-05,US,us_horse_model.pkl,75,BEL P6 Fri-Sat,23:04,Stakes 10f,Stakes,Thoroughbred,2000000.0,Dirt,,10.0,10f,Route
Prom Queen,Prat Flavien,Cox Brad H,-,3,124.0,,1,7/2,0.19437551695616215,4/1,5.14,0.3196504572475116,2/1,0.3666285598567677,3/2,US,2026-06-05,US,us_horse_model.pkl,75,BEL Acorn-Belmont Stakes DD,21:08,Stakes 9f,Stakes,Thoroughbred,500000.0,Dirt,,9.0,9f,Route
Counting Stars,Ortiz Jr Irad,Casse Mark E,-,3,124.0,,2,9/2,0.18731734215605184,9/2,5.34,0.30910098654296736,2/1,0.3547698531880607,2/1,US,2026-06-05,US,us_horse_model.pkl,75,BEL Acorn-Belmont Stakes DD,21:08,Stakes 9f,Stakes,Thoroughbred,500000.0,Dirt,,9.0,9f,Route
Meaning,Hernandez Juan J,Mccarthy Michael W,-,3,124.0,,3,3/1,0.19922801213123795,4/1,5.02,0.32685698118201656,2/1,0.37471784457605856,3/2,US,2026-06-05,US,us_horse_model.pkl,75,BEL Acorn-Belmont Stakes DD,21:08,Stakes 9f,Stakes,Thoroughbred,500000.0,Dirt,,9.0,9f,Route
Maximum Offer,Geroux Florent,Mcpeek Kenneth G,-,3,124.0,,4,15/1,0.16647366969947616,5/1,6.01,0.27748181929648885,5/2,0.3191098753953686,2/1,US,2026-06-05,US,us_horse_model.pkl,75,BEL Acorn-Belmont Stakes DD,21:08,Stakes 9f,Stakes,Thoroughbred,500000.0,Dirt,,9.0,9f,Route
Always A Runner,Ortiz Jose L,Brown Chad C,-,3,124.0,,5,4/5,0.252605459057072,3/1,3.96,0.40364221194638233,3/2,0.4602809942798737,1/1,US,2026-06-05,US,us_horse_model.pkl,75,BEL Acorn-Belmont Stakes DD,21:08,Stakes 9f,Stakes,Thoroughbred,500000.0,Dirt,,9.0,9f,Route
Vitruvian Man,Fresu Antonio,O'neill Doug F,-,3,126.0,,1,30/1,0.0920001047851588,10/1,10.87,0.15882897318890168,11/2,0.18388979884030526,9/2,US,2026-06-05,US,us_horse_model.pkl,75,BEL Acorn-Belmont Stakes DD,23:04,Stakes 10f,Stakes,Thoroughbred,2000000.0,Dirt,,10.0,10f,Route
Powershift,Saez Luis,Pletcher Todd A,-,3,126.0,,2,12/1,0.09972674559879749,9/1,10.03,0.17155180304765366,5/1,0.19848619959097472,4/1,US,2026-06-05,US,us_horse_model.pkl,75,BEL Acorn-Belmont Stakes DD,23:04,Stakes 10f,Stakes,Thoroughbred,2000000.0,Dirt,,10.0,10f,Route
Chief Wallabee,Alvarado Junior,Mott William I,-,3,126.0,,3,3/1,0.1296674787516474,13/2,7.71,0.2199505377163182,7/2,0.25380668482806973,3/1,US,2026-06-05,US,us_horse_model.pkl,75,BEL Acorn-Belmont Stakes DD,23:04,Stakes 10f,Stakes,Thoroughbred,2000000.0,Dirt,,10.0,10f,Route
Renegade,Ortiz Jr Irad,Pletcher Todd A,-,3,126.0,,4,2/1,0.14408338730672332,6/1,6.94,0.24274207915387858,3/1,0.2797390885965618,5/2,US,2026-06-05,US,us_horse_model.pkl,75,BEL Acorn-Belmont Stakes DD,23:04,Stakes 10f,Stakes,Thoroughbred,2000000.0,Dirt,,10.0,10f,Route
Ottinho,Davis Dylan,Brown Chad C,-,3,126.0,,5,20/1,0.09465741511789168,19/2,10.56,0.16321532622276433,5/1,0.18892454288709157,9/2,US,2026-06-05,US,us_horse_model.pkl,75,BEL Acorn-Belmont Stakes DD,23:04,Stakes 10f,Stakes,Thoroughbred,2000000.0,Dirt,,10.0,10f,Route
Growth Equity,Franco Manuel,Brown Chad C,-,3,126.0,,6,12/1,0.09972674559879749,9/1,10.03,0.17155180304765366,5/1,0.19848619959097472,4/1,US,2026-06-05,US,us_horse_model.pkl,75,BEL Acorn-Belmont Stakes DD,23:04,Stakes 10f,Stakes,Thoroughbred,2000000.0,Dirt,,10.0,10f,Route
Commandment,Velazquez John R,Cox Brad H,-,3,126.0,,7,6/1,0.11113273918083556,8/1,9.0,0.19015854195123552,9/2,0.21979321799013551,7/2,US,2026-06-05,US,us_horse_model.pkl,75,BEL Acorn-Belmont Stakes DD,23:04,Stakes 10f,Stakes,Thoroughbred,2000000.0,Dirt,,10.0,10f,Route
Emerging Market,Prat Flavien,Brown Chad C,-,3,126.0,,8,6/1,0.11113273918083556,8/1,9.0,0.19015854195123552,9/2,0.21979321799013551,7/2,US,2026-06-05,US,us_horse_model.pkl,75,BEL Acorn-Belmont Stakes DD,23:04,Stakes 10f,Stakes,Thoroughbred,2000000.0,Dirt,,10.0,10f,Route
Golden Tempo,Ortiz Jose L,Devaux Cherie,-,3,126.0,,9,9/2,0.11787264447931259,15/2,8.48,0.20105559180952554,4/1,0.2322491970583554,7/2,US,2026-06-05,US,us_horse_model.pkl,75,BEL Acorn-Belmont Stakes DD,23:04,Stakes 10f,Stakes,Thoroughbred,2000000.0,Dirt,,10.0,10f,Route
Gilded Bandit,Alvarado Junior,Mott William I,-,3,124.0,,1,8/1,0.10572434889644497,17/2,9.46,0.18136171765393916,9/2,0.20972573093799948,4/1,US,2026-06-05,US,us_horse_model.pkl,75,BEL Woody Stephens-Belmont Stakes DD,20:52,Stakes 7f,Stakes,Thoroughbred,500000.0,Dirt,,7.0,7f,One-Turn Mile
Obliteration,Velazquez John R,Asmussen Steven M,-,3,124.0,,2,8/1,0.10572434889644497,17/2,9.46,0.18136171765393916,9/2,0.20972573093799948,4/1,US,2026-06-05,US,us_horse_model.pkl,75,BEL Woody Stephens-Belmont Stakes DD,20:52,Stakes 7f,Stakes,Thoroughbred,500000.0,Dirt,,7.0,7f,One-Turn Mile
Six Speed,Ortiz Jr Irad,Weaver George,-,3,124.0,,3,10/1,0.1022144223855313,9/1,9.78,0.1756277297790701,9/2,0.20315772005164714,4/1,US,2026-06-05,US,us_horse_model.pkl,75,BEL Woody Stephens-Belmont Stakes DD,20:52,Stakes 7f,Stakes,Thoroughbred,500000.0,Dirt,,7.0,7f,One-Turn Mile
Stradale,Santana Jr Ricardo,Asmussen Steven M,-,3,124.0,,4,15/1,0.09727858822955894,19/2,10.28,0.16753095983085725,5/1,0.19387559918134412,4/1,US,2026-06-05,US,us_horse_model.pkl,75,BEL Woody Stephens-Belmont Stakes DD,20:52,Stakes 7f,Stakes,Thoroughbred,500000.0,Dirt,,7.0,7f,One-Turn Mile
Solitude Dude,Prat Flavien,Joseph Jr Saffie A,-,3,124.0,,5,6/1,0.11123994769930931,8/1,8.99,0.1903324450874407,9/2,0.21999213160798997,7/2,US,2026-06-05,US,us_horse_model.pkl,75,BEL Woody Stephens-Belmont Stakes DD,20:52,Stakes 7f,Stakes,Thoroughbred,500000.0,Dirt,,7.0,7f,One-Turn Mile
Crude Velocity,Geroux Florent,Baffert Bob,-,3,124.0,,6,9/5,0.1484702396186437,11/2,6.74,0.24961170167162466,3/1,0.2875397499414925,5/2,US,2026-06-05,US,us_horse_model.pkl,75,BEL Woody Stephens-Belmont Stakes DD,20:52,Stakes 7f,Stakes,Thoroughbred,500000.0,Dirt,,7.0,7f,One-Turn Mile
Englishman,Ortiz Jose L,Devaux Cherie,-,3,124.0,,7,3/1,0.12985509365897652,13/2,7.7,0.2202492923068125,7/2,0.254147116799751,3/1,US,2026-06-05,US,us_horse_model.pkl,75,BEL Woody Stephens-Belmont Stakes DD,20:52,Stakes 7f,Stakes,Thoroughbred,500000.0,Dirt,,7.0,7f,One-Turn Mile
Civil Liberty,Fresu Antonio,O'neill Doug F,-,3,124.0,,8,10/1,0.1022144223855313,9/1,9.78,0.1756277297790701,9/2,0.20315772005164714,4/1,US,2026-06-05,US,us_horse_model.pkl,75,BEL Woody Stephens-Belmont Stakes DD,20:52,Stakes 7f,Stakes,Thoroughbred,500000.0,Dirt,,7.0,7f,One-Turn Mile
Taj Mahal,Franco Manuel,Russell Brittany T,-,3,124.0,,9,15/1,0.09727858822955894,19/2,10.28,0.16753095983085725,5/1,0.19387559918134412,4/1,US,2026-06-05,US,us_horse_model.pkl,75,BEL Woody Stephens-Belmont Stakes DD,20:52,Stakes 7f,Stakes,Thoroughbred,500000.0,Dirt,,7.0,7f,One-Turn Mile
Vitruvian Man,Fresu Antonio,O'neill Doug F,-,3,126.0,,1,30/1,0.0920001047851588,10/1,10.87,0.15882897318890168,11/2,0.18388979884030526,9/2,US,2026-06-05,US,us_horse_model.pkl,75,BEL Woody Stephens-Belmont Stakes DD,23:04,Stakes 10f,Stakes,Thoroughbred,2000000.0,Dirt,,10.0,10f,Route
Powershift,Saez Luis,Pletcher Todd A,-,3,126.0,,2,12/1,0.09972674559879749,9/1,10.03,0.17155180304765366,5/1,0.19848619959097472,4/1,US,2026-06-05,US,us_horse_model.pkl,75,BEL Woody Stephens-Belmont Stakes DD,23:04,Stakes 10f,Stakes,Thoroughbred,2000000.0,Dirt,,10.0,10f,Route
Chief Wallabee,Alvarado Junior,Mott William I,-,3,126.0,,3,3/1,0.1296674787516474,13/2,7.71,0.2199505377163182,7/2,0.25380668482806973,3/1,US,2026-06-05,US,us_horse_model.pkl,75,BEL Woody Stephens-Belmont Stakes DD,23:04,Stakes 10f,Stakes,Thoroughbred,2000000.0,Dirt,,10.0,10f,Route
Renegade,Ortiz Jr Irad,Pletcher Todd A,-,3,126.0,,4,2/1,0.14408338730672332,6/1,6.94,0.24274207915387858,3/1,0.2797390885965618,5/2,US,2026-06-05,US,us_horse_model.pkl,75,BEL Woody Stephens-Belmont Stakes DD,23:04,Stakes 10f,Stakes,Thoroughbred,2000000.0,Dirt,,10.0,10f,Route
Ottinho,Davis Dylan,Brown Chad C,-,3,126.0,,5,20/1,0.09465741511789168,19/2,10.56,0.16321532622276433,5/1,0.18892454288709157,9/2,US,2026-06-05,US,us_horse_model.pkl,75,BEL Woody Stephens-Belmont Stakes DD,23:04,Stakes 10f,Stakes,Thoroughbred,2000000.0,Dirt,,10.0,10f,Route
Growth Equity,Franco Manuel,Brown Chad C,-,3,126.0,,6,12/1,0.09972674559879749,9/1,10.03,0.17155180304765366,5/1,0.19848619959097472,4/1,US,2026-06-05,US,us_horse_model.pkl,75,BEL Woody Stephens-Belmont Stakes DD,23:04,Stakes 10f,Stakes,Thoroughbred,2000000.0,Dirt,,10.0,10f,Route
Commandment,Velazquez John R,Cox Brad H,-,3,126.0,,7,6/1,0.11113273918083556,8/1,9.0,0.19015854195123552,9/2,0.21979321799013551,7/2,US,2026-06-05,US,us_horse_model.pkl,75,BEL Woody Stephens-Belmont Stakes DD,23:04,Stakes 10f,Stakes,Thoroughbred,2000000.0,Dirt,,10.0,10f,Route
Emerging Market,Prat Flavien,Brown Chad C,-,3,126.0,,8,6/1,0.11113273918083556,8/1,9.0,0.19015854195123552,9/2,0.21979321799013551,7/2,US,2026-06-05,US,us_horse_model.pkl,75,BEL Woody Stephens-Belmont Stakes DD,23:04,Stakes 10f,Stakes,Thoroughbred,2000000.0,Dirt,,10.0,10f,Route
Golden Tempo,Ortiz Jose L,Devaux Cherie,-,3,126.0,,9,9/2,0.11787264447931259,15/2,8.48,0.20105559180952554,4/1,0.2322491970583554,7/2,US,2026-06-05,US,us_horse_model.pkl,75,BEL Woody Stephens-Belmont Stakes DD,23:04,Stakes 10f,Stakes,Thoroughbred,2000000.0,Dirt,,10.0,10f,Route
Nysos,Prat Flavien,Baffert Bob,-,5,126.0,,1,9/5,0.17348264701018262,5/1,5.76,0.288191781567401,5/2,0.3312077070263579,2/1,US,2026-06-05,US,us_horse_model.pkl,75,BEL Met Mile-Belmont Stakes DD,21:32,Stakes 8f,Stakes,Thoroughbred,1000000.0,Dirt,,8.0,8f,Classic
Vibe,Saez Luis,Pletcher Todd A,-,4,118.0,,2,15/1,0.12202612989344863,7/1,8.19,0.2077347327067893,4/1,0.23987545876179206,3/1,US,2026-06-05,US,us_horse_model.pkl,75,BEL Met Mile-Belmont Stakes DD,21:32,Stakes 8f,Stakes,Thoroughbred,1000000.0,Dirt,,8.0,8f,Classic
Antiquarian,Velazquez John R,Pletcher Todd A,-,5,124.0,,3,6/1,0.13605972547073972,13/2,7.35,0.23009770673119306,7/2,0.26536194970386306,3/1,US,2026-06-05,US,us_horse_model.pkl,75,BEL Met Mile-Belmont Stakes DD,21:32,Stakes 8f,Stakes,Thoroughbred,1000000.0,Dirt,,8.0,8f,Classic
Saudi Crown,Ortiz Jr Irad,Cox Brad H,-,6,123.0,,4,8/1,0.1305155889463778,13/2,7.66,0.22130060493706416,7/2,0.2553449859335715,3/1,US,2026-06-05,US,us_horse_model.pkl,75,BEL Met Mile-Belmont Stakes DD,21:32,Stakes 8f,Stakes,Thoroughbred,1000000.0,Dirt,,8.0,8f,Classic
Rated By Merit,Davis Dylan,Brown Chad C,-,4,119.0,,5,10/1,0.1269875020672384,7/1,7.87,0.21567684317600766,7/2,0.24893534609179613,3/1,US,2026-06-05,US,us_horse_model.pkl,75,BEL Met Mile-Belmont Stakes DD,21:32,Stakes 8f,Stakes,Thoroughbred,1000000.0,Dirt,,8.0,8f,Classic
Knightsbridge,Alvarado Junior,Mott William I,-,5,121.0,,6,7/2,0.1499200667816445,11/2,6.67,0.2518752990679099,3/1,0.29010851117525943,5/2,US,2026-06-05,US,us_horse_model.pkl,75,BEL Met Mile-Belmont Stakes DD,21:32,Stakes 8f,Stakes,Thoroughbred,1000000.0,Dirt,,8.0,8f,Classic
Journalism,Ortiz Jose L,Mccarthy Michael W,-,4,125.0,,7,5/2,0.16100833983036833,5/1,6.21,0.2690760632987179,5/2,0.309601459599349,2/1,US,2026-06-05,US,us_horse_model.pkl,75,BEL Met Mile-Belmont Stakes DD,21:32,Stakes 8f,Stakes,Thoroughbred,1000000.0,Dirt,,8.0,8f,Classic
Vitruvian Man,Fresu Antonio,O'neill Doug F,-,3,126.0,,1,30/1,0.0920001047851588,10/1,10.87,0.15882897318890168,11/2,0.18388979884030526,9/2,US,2026-06-05,US,us_horse_model.pkl,75,BEL Met Mile-Belmont Stakes DD,23:04,Stakes 10f,Stakes,Thoroughbred,2000000.0,Dirt,,10.0,10f,Route
Powershift,Saez Luis,Pletcher Todd A,-,3,126.0,,2,12/1,0.09972674559879749,9/1,10.03,0.17155180304765366,5/1,0.19848619959097472,4/1,US,2026-06-05,US,us_horse_model.pkl,75,BEL Met Mile-Belmont Stakes DD,23:04,Stakes 10f,Stakes,Thoroughbred,2000000.0,Dirt,,10.0,10f,Route
Chief Wallabee,Alvarado Junior,Mott William I,-,3,126.0,,3,3/1,0.1296674787516474,13/2,7.71,0.2199505377163182,7/2,0.25380668482806973,3/1,US,2026-06-05,US,us_horse_model.pkl,75,BEL Met Mile-Belmont Stakes DD,23:04,Stakes 10f,Stakes,Thoroughbred,2000000.0,Dirt,,10.0,10f,Route
Renegade,Ortiz Jr Irad,Pletcher Todd A,-,3,126.0,,4,2/1,0.14408338730672332,6/1,6.94,0.24274207915387858,3/1,0.2797390885965618,5/2,US,2026-06-05,US,us_horse_model.pkl,75,BEL Met Mile-Belmont Stakes DD,23:04,Stakes 10f,Stakes,Thoroughbred,2000000.0,Dirt,,10.0,10f,Route
Ottinho,Davis Dylan,Brown Chad C,-,3,126.0,,5,20/1,0.09465741511789168,19/2,10.56,0.16321532622276433,5/1,0.18892454288709157,9/2,US,2026-06-05,US,us_horse_model.pkl,75,BEL Met Mile-Belmont Stakes DD,23:04,Stakes 10f,Stakes,Thoroughbred,2000000.0,Dirt,,10.0,10f,Route
Growth Equity,Franco Manuel,Brown Chad C,-,3,126.0,,6,12/1,0.09972674559879749,9/1,10.03,0.17155180304765366,5/1,0.19848619959097472,4/1,US,2026-06-05,US,us_horse_model.pkl,75,BEL Met Mile-Belmont Stakes DD,23:04,Stakes 10f,Stakes,Thoroughbred,2000000.0,Dirt,,10.0,10f,Route
Commandment,Velazquez John R,Cox Brad H,-,3,126.0,,7,6/1,0.11113273918083556,8/1,9.0,0.19015854195123552,9/2,0.21979321799013551,7/2,US,2026-06-05,US,us_horse_model.pkl,75,BEL Met Mile-Belmont Stakes DD,23:04,Stakes 10f,Stakes,Thoroughbred,2000000.0,Dirt,,10.0,10f,Route
Emerging Market,Prat Flavien,Brown Chad C,-,3,126.0,,8,6/1,0.11113273918083556,8/1,9.0,0.19015854195123552,9/2,0.21979321799013551,7/2,US,2026-06-05,US,us_horse_model.pkl,75,BEL Met Mile-Belmont Stakes DD,23:04,Stakes 10f,Stakes,Thoroughbred,2000000.0,Dirt,,10.0,10f,Route
Golden Tempo,Ortiz Jose L,Devaux Cherie,-,3,126.0,,9,9/2,0.11787264447931259,15/2,8.48,0.20105559180952554,4/1,0.2322491970583554,7/2,US,2026-06-05,US,us_horse_model.pkl,75,BEL Met Mile-Belmont Stakes DD,23:04,Stakes 10f,Stakes,Thoroughbred,2000000.0,Dirt,,10.0,10f,Route
Three Shot Sheryl,Rodriguez Jaime,Green Amelia J,-,3,121.0,,1,15/1,0.10810100153841323,17/2,9.25,0.1852331415422574,9/2,0.21415769404369897,7/2,US,2026-06-05,US,us_horse_model.pkl,75,Belmont Stakes Day,15:00,Maiden Special Weight 7f,Maiden Special Weight,Thoroughbred,115000.0,Dirt,,7.0,7f,One-Turn Mile
My Gun's Loaded,Franco Manuel,Brown Chad C,-,3,121.0,,2,15/1,0.10810100153841323,17/2,9.25,0.1852331415422574,9/2,0.21415769404369897,7/2,US,2026-06-05,US,us_horse_model.pkl,75,Belmont Stakes Day,15:00,Maiden Special Weight 7f,Maiden Special Weight,Thoroughbred,115000.0,Dirt,,7.0,7f,One-Turn Mile
Pippa Adds,"Ortiz, Jr. Irad",Pletcher Todd A,-,3,121.0,,3,6/1,0.12208800351637311,7/1,8.19,0.20783402184738045,4/1,0.2399887787215082,3/1,US,2026-06-05,US,us_horse_model.pkl,75,Belmont Stakes Day,15:00,Maiden Special Weight 7f,Maiden Special Weight,Thoroughbred,115000.0,Dirt,,7.0,7f,One-Turn Mile
Cold Spell,Velazquez John R,Ward Wesley A,-,3,121.0,,4,3/5,0.20601001538413236,4/1,4.85,0.3368659265405819,2/1,0.38593689322425045,3/2,US,2026-06-05,US,us_horse_model.pkl,75,Belmont Stakes Day,15:00,Maiden Special Weight 7f,Maiden Special Weight,Thoroughbred,115000.0,Dirt,,7.0,7f,One-Turn Mile
Fusion,Prat Flavien,Brown Chad C,-,3,121.0,,5,10/1,0.11304590122759096,8/1,8.85,0.19325912158217712,4/1,0.22333907921514692,7/2,US,2026-06-05,US,us_horse_model.pkl,75,Belmont Stakes Day,15:00,Maiden Special Weight 7f,Maiden Special Weight,Thoroughbred,115000.0,Dirt,,7.0,7f,One-Turn Mile
Nakoma,Zayas Edgard J,Antonucci Jena M,-,4,126.0,,6,10/1,0.11304590122759096,8/1,8.85,0.19325912158217712,4/1,0.22333907921514692,7/2,US,2026-06-05,US,us_horse_model.pkl,75,Belmont Stakes Day,15:00,Maiden Special Weight 7f,Maiden Special Weight,Thoroughbred,115000.0,Dirt,,7.0,7f,One-Turn Mile
Crowning Glory,Alvarado Junior,Mott William I,-,3,121.0,,7,8/1,0.11656227433989513,15/2,8.58,0.1989426827723801,4/1,0.22983533593456193,7/2,US,2026-06-05,US,us_horse_model.pkl,75,Belmont Stakes Day,15:00,Maiden Special Weight 7f,Maiden Special Weight,Thoroughbred,115000.0,Dirt,,7.0,7f,One-Turn Mile
My Sherrona,Saez Luis,Mott William I,-,4,126.0,,8,10/1,0.11304590122759096,8/1,8.85,0.19325912158217712,4/1,0.22333907921514692,7/2,US,2026-06-05,US,us_horse_model.pkl,75,Belmont Stakes Day,15:00,Maiden Special Weight 7f,Maiden Special Weight,Thoroughbred,115000.0,Dirt,,7.0,7f,One-Turn Mile
Paradise Valley,Gonzalez Silvestre,Kantarmaci Ilkay,-,6,126.0,,1,30/1,0.09199508225484944,10/1,10.87,0.15882067193146776,11/2,0.18388026806019964,9/2,US,2026-06-05,US,us_horse_model.pkl,75,Belmont Stakes Day,15:37,Allowance Optional Claiming 7f,Allowance Optional Claiming,Thoroughbred,125000.0,Dirt,,7.0,7f,One-Turn Mile
Unlimitedpotential,Davis Dylan,Noda Orlando,-,7,126.0,,2,30/1,0.09199508225484944,10/1,10.87,0.15882067193146776,11/2,0.18388026806019964,9/2,US,2026-06-05,US,us_horse_model.pkl,75,Belmont Stakes Day,15:37,Allowance Optional Claiming 7f,Allowance Optional Claiming,Thoroughbred,125000.0,Dirt,,7.0,7f,One-Turn Mile
Life And Times,Prat Flavien,Pletcher Todd A,-,5,126.0,,3,9/5,0.1481466117368914,6/1,6.75,0.2491059662711075,3/1,0.28696572422143857,5/2,US,2026-06-05,US,us_horse_model.pkl,75,Belmont Stakes Day,15:37,Allowance Optional Claiming 7f,Allowance Optional Claiming,Thoroughbred,125000.0,Dirt,,7.0,7f,One-Turn Mile
Incentive Pay,Franco Manuel,Brown Chad C,-,4,126.0,,4,5/1,0.11522562045663985,15/2,8.68,0.19678456193425764,4/1,0.22736916498836432,7/2,US,2026-06-05,US,us_horse_model.pkl,75,Belmont Stakes Day,15:37,Allowance Optional Claiming 7f,Allowance Optional Claiming,Thoroughbred,125000.0,Dirt,,7.0,7f,One-Turn Mile
Resilience,Lezcano Jose,Mott William I,-,5,126.0,,5,15/1,0.09722195335025229,19/2,10.29,0.1674378294598632,5/1,0.1937687830009673,4/1,US,2026-06-05,US,us_horse_model.pkl,75,Belmont Stakes Day,15:37,Allowance Optional Claiming 7f,Allowance Optional Claiming,Thoroughbred,125000.0,Dirt,,7.0,7f,One-Turn Mile
Awesome Native,Elliott Christopher,Farone Thomas J,-,7,126.0,,6,20/1,0.09465000090648262,19/2,10.57,0.163203103494391,5/1,0.18891051696485664,9/2,US,2026-06-05,US,us_horse_model.pkl,75,Belmont Stakes Day,15:37,Allowance Optional Claiming 7f,Allowance Optional Claiming,Thoroughbred,125000.0,Dirt,,7.0,7f,One-Turn Mile
Contrary Thinking,Rodriguez Jaime,Green Amelia J,-,6,126.0,,7,8/1,0.10562366466656647,17/2,9.47,0.18119750956974345,9/2,0.2095377014084348,4/1,US,2026-06-05,US,us_horse_model.pkl,75,Belmont Stakes Day,15:37,Allowance Optional Claiming 7f,Allowance Optional Claiming,Thoroughbred,125000.0,Dirt,,7.0,7f,One-Turn Mile
Commuted,"Santana, Jr. Ricardo",Rice Linda,-,5,126.0,,8,6/1,0.1111104965466084,8/1,9.0,0.19012245982962803,9/2,0.21975194606076037,7/2,US,2026-06-05,US,us_horse_model.pkl,75,Belmont Stakes Day,15:37,Allowance Optional Claiming 7f,Allowance Optional Claiming,Thoroughbred,125000.0,Dirt,,7.0,7f,One-Turn Mile
Senior Officer,"Ortiz, Jr. Irad",Cox Brad H,-,5,126.0,,9,2/1,0.14403148782685996,6/1,6.94,0.24266062249985282,3/1,0.2796465480022251,5/2,US,2026-06-05,US,us_horse_model.pkl,75,Belmont Stakes Day,15:37,Allowance Optional Claiming 7f,Allowance Optional Claiming,Thoroughbred,125000.0,Dirt,,7.0,7f,One-Turn Mile
Ejtimaa,Ortiz Jose L,Dini Michael,-,5,126.0,,1,12/1,0.05933298657968004,16/1,16.85,0.10398305320625248,17/2,0.12072682819121715,15/2,US,2026-06-05,US,us_horse_model.pkl,75,Belmont Stakes Day,16:15,Allowance Optional Claiming 8.5f,Allowance Optional Claiming,Thoroughbred,125000.0,Inner Track,,8.5,8.5f,Classic
Signator,Franco Manuel,Cox Brad H,-,6,126.0,,2,10/1,0.06069319289383061,31/2,16.48,0.10630081627797691,17/2,0.12340367504703177,7/1,US,2026-06-05,US,us_horse_model.pkl,75,Belmont Stakes Day,16:15,Allowance Optional Claiming 8.5f,Allowance Optional Claiming,Thoroughbred,125000.0,Inner Track,,8.5,8.5f,Classic
Ciao Chuck,Saez Luis,Abreu Fernando,-,5,126.0,,3,20/1,0.05648303049288835,33/2,17.7,0.09911718870027059,9/1,0.11510499802803892,15/2,US,2026-06-05,US,us_horse_model.pkl,75,Belmont Stakes Day,16:15,Allowance Optional Claiming 8.5f,Allowance Optional Claiming,Thoroughbred,125000.0,Inner Track,,8.5,8.5f,Classic
Two's A Crowd,Lezcano Jose,Ryan Derek S,-,5,126.0,,4,10/1,0.06069319289383061,31/2,16.48,0.10630081627797691,17/2,0.12340367504703177,7/1,US,2026-06-05,US,us_horse_model.pkl,75,Belmont Stakes Day,16:15,Allowance Optional Claiming 8.5f,Allowance Optional Claiming,Thoroughbred,125000.0,Inner Track,,8.5,8.5f,Classic
Bonus Move,Lopez Paco,Hennig Mark A,-,5,126.0,,5,15/1,0.05793027381821225,33/2,17.26,0.10158975957305963,9/1,0.11796206673112739,15/2,US,2026-06-05,US,us_horse_model.pkl,75,Belmont Stakes Day,16:15,Allowance Optional Claiming 8.5f,Allowance Optional Claiming,Thoroughbred,125000.0,Inner Track,,8.5,8.5f,Classic
Tenacious Leader,Velazquez John R,Pletcher Todd A,-,4,126.0,,6,5/1,0.06806097709547958,27/2,14.69,0.11880392148931013,15/2,0.13783252563699658,13/2,US,2026-06-05,US,us_horse_model.pkl,75,Belmont Stakes Day,16:15,Allowance Optional Claiming 8.5f,Allowance Optional Claiming,Thoroughbred,125000.0,Inner Track,,8.5,8.5f,Classic
Son Of A Birch,Carmouche Kendrick,"Falcone, Jr. Robert N",-,6,126.0,,7,10/1,0.06069319289383061,31/2,16.48,0.10630081627797691,17/2,0.12340367504703177,7/1,US,2026-06-05,US,us_horse_model.pkl,75,Belmont Stakes Day,16:15,Allowance Optional Claiming 8.5f,Allowance Optional Claiming,Thoroughbred,125000.0,Inner Track,,8.5,8.5f,Classic
Intellect (Fr),Prat Flavien,Brown Chad C,-,5,126.0,,8,6/5,0.09605855706174565,19/2,10.41,0.16552360560331447,5/1,0.19157299880640277,4/1,US,2026-06-05,US,us_horse_model.pkl,75,Belmont Stakes Day,16:15,Allowance Optional Claiming 8.5f,Allowance Optional Claiming,Thoroughbred,125000.0,Inner Track,,8.5,8.5f,Classic
Candytown,"Ortiz, Jr. Irad",Pletcher Todd A,-,4,126.0,,9,4/1,0.07130280214420513,13/1,14.02,0.1242777721846767,7/1,0.14414338594985354,6/1,US,2026-06-05,US,us_horse_model.pkl,75,Belmont Stakes Day,16:15,Allowance Optional Claiming 8.5f,Allowance Optional Claiming,Thoroughbred,125000.0,Inner Track,,8.5,8.5f,Classic
Ranger Battalion,"Ortiz, Jr. Irad",Rice Linda,-,4,126.0,,10,5/2,0.07963892369807082,23/2,12.56,0.13827617612229778,6/1,0.1602651457813829,5/1,US,2026-06-05,US,us_horse_model.pkl,75,Belmont Stakes Day,16:15,Allowance Optional Claiming 8.5f,Allowance Optional Claiming,Thoroughbred,125000.0,Inner Track,,8.5,8.5f,Classic
Le Gris,Rider Tba,Rodriguez Rudy R,-,5,126.0,,11,3/1,0.07616553971729344,12/1,13.13,0.1324570199387869,13/2,0.15356632502184694,11/2,US,2026-06-05,US,us_horse_model.pkl,75,Belmont Stakes Day,16:15,Allowance Optional Claiming 8.5f,Allowance Optional Claiming,Thoroughbred,125000.0,Inner Track,,8.5,8.5f,Classic
Otello,Franco Manuel,Atras Rob,-,5,126.0,,12,5/1,0.06806097709547958,27/2,14.69,0.11880392148931013,15/2,0.13783252563699658,13/2,US,2026-06-05,US,us_horse_model.pkl,75,Belmont Stakes Day,16:15,Allowance Optional Claiming 8.5f,Allowance Optional Claiming,Thoroughbred,125000.0,Inner Track,,8.5,8.5f,Classic
Sara's Shaman,Gonzalez Silvestre,Kantarmaci Ilkay,-,6,126.0,,13,20/1,0.05648303049288835,33/2,17.7,0.09911718870027059,9/1,0.11510499802803892,15/2,US,2026-06-05,US,us_horse_model.pkl,75,Belmont Stakes Day,16:15,Allowance Optional Claiming 8.5f,Allowance Optional Claiming,Thoroughbred,125000.0,Inner Track,,8.5,8.5f,Classic
Big Blue Line,Rider Tba,Abreu Fernando,-,7,126.0,,14,6/1,0.06574538777496133,14/1,15.21,0.11488373318398637,15/2,0.13331061271237077,13/2,US,2026-06-05,US,us_horse_model.pkl,75,Belmont Stakes Day,16:15,Allowance Optional Claiming 8.5f,Allowance Optional Claiming,Thoroughbred,125000.0,Inner Track,,8.5,8.5f,Classic
Castle Chaos,Rider Tba,Kantarmaci Ilkay,-,8,126.0,,15,8/1,0.06265793534760367,15/1,15.96,0.10964347013606701,8/1,0.12726304568174077,7/1,US,2026-06-05,US,us_horse_model.pkl,75,Belmont Stakes Day,16:15,Allowance Optional Claiming 8.5f,Allowance Optional Claiming,Thoroughbred,125000.0,Inner Track,,8.5,8.5f,Classic
P Mutter Pickle,Franco Manuel,Green Amelia J,-,5,126.0,,1,8/1,0.09692056303946173,19/2,10.32,0.16694213703912208,5/1,0.19320022728899472,4/1,US,2026-06-05,US,us_horse_model.pkl,75,Belmont Stakes Day,16:53,Allowance Optional Claiming 6.5f,Allowance Optional Claiming,Thoroughbred,120000.0,Dirt,,6.5,6.5f,One-Turn Mile
Naive Melody,Davis Dylan,Ward Wesley A,-,4,126.0,,2,3/1,0.12084904461656665,15/2,8.27,0.20584468704203043,4/1,0.23771805295157936,3/1,US,2026-06-05,US,us_horse_model.pkl,75,Belmont Stakes Day,16:53,Allowance Optional Claiming 6.5f,Allowance Optional Claiming,Thoroughbred,120000.0,Dirt,,6.5,6.5f,One-Turn Mile
Steer Clear,"Ortiz, Jr. Irad",Pletcher Todd A,-,3,121.0,,3,7/2,0.11606334830114567,15/2,8.62,0.19813746628696377,4/1,0.22891526053164557,7/2,US,2026-06-05,US,us_horse_model.pkl,75,Belmont Stakes Day,16:53,Allowance Optional Claiming 6.5f,Allowance Optional Claiming,Thoroughbred,120000.0,Dirt,,6.5,6.5f,One-Turn Mile
Speightful Lily,Prat Flavien,Abreu Jorge R,-,6,126.0,,4,6/1,0.1023899302570857,9/1,9.77,0.17591491620831357,9/2,0.203486785940024,4/1,US,2026-06-05,US,us_horse_model.pkl,75,Belmont Stakes Day,16:53,Allowance Optional Claiming 6.5f,Allowance Optional Claiming,Thoroughbred,120000.0,Dirt,,6.5,6.5f,One-Turn Mile
I'm A Cutie Pie,Rodriguez Jaime,Gorham Michael E,-,5,126.0,,5,30/1,0.08333536059568603,11/1,12.0,0.14444782321174443,6/1,0.16736499669276633,5/1,US,2026-06-05,US,us_horse_model.pkl,75,Belmont Stakes Day,16:53,Allowance Optional Claiming 6.5f,Allowance Optional Claiming,Thoroughbred,120000.0,Dirt,,6.5,6.5f,One-Turn Mile
Chatter,Ortiz Jose L,"Joseph, Jr. Saffie A",-,4,126.0,,6,4/1,0.11223479124880889,8/1,8.91,0.19194530555452505,4/1,0.22183674841916862,7/2,US,2026-06-05,US,us_horse_model.pkl,75,Belmont Stakes Day,16:53,Allowance Optional Claiming 6.5f,Allowance Optional Claiming,Thoroughbred,120000.0,Dirt,,6.5,6.5f,One-Turn Mile
Helen's Revenge,Lezcano Jose,Rice Linda,-,4,126.0,,7,8/1,0.09692056303946173,19/2,10.32,0.16694213703912208,5/1,0.19320022728899472,4/1,US,2026-06-05,US,us_horse_model.pkl,75,Belmont Stakes Day,16:53,Allowance Optional Claiming 6.5f,Allowance Optional Claiming,Thoroughbred,120000.0,Dirt,,6.5,6.5f,One-Turn Mile
Coach Albert Lady,Castellano Javier,Brisset Rodolphe,-,4,126.0,,8,8/1,0.09692056303946173,19/2,10.32,0.16694213703912208,5/1,0.19320022728899472,4/1,US,2026-06-05,US,us_horse_model.pkl,75,Belmont Stakes Day,16:53,Allowance Optional Claiming 6.5f,Allowance Optional Claiming,Thoroughbred,120000.0,Dirt,,6.5,6.5f,One-Turn Mile
Mila Candy,Gonzalez Silvestre,Kantarmaci Ilkay,-,4,126.0,,9,30/1,0.08333536059568603,11/1,12.0,0.14444782321174443,6/1,0.16736499669276633,5/1,US,2026-06-05,US,us_horse_model.pkl,75,Belmont Stakes Day,16:53,Allowance Optional Claiming 6.5f,Allowance Optional Claiming,Thoroughbred,120000.0,Dirt,,6.5,6.5f,One-Turn Mile
Spectacular Grey,Saez Luis,Pletcher Todd A,-,3,121.0,,10,12/1,0.09103047526663591,10/1,10.99,0.15722561753812894,11/2,0.18204879588993883,9/2,US,2026-06-05,US,us_horse_model.pkl,75,Belmont Stakes Day,16:53,Allowance Optional Claiming 6.5f,Allowance Optional Claiming,Thoroughbred,120000.0,Dirt,,6.5,6.5f,One-Turn Mile
Etawa (Ire),Castellano Javier,Casse Mark E,-,4,126.0,,1,8/1,0.0653278126333572,29/2,15.31,0.11417588425727575,8/1,0.1324939111162452,13/2,US,2026-06-05,US,us_horse_model.pkl,75,Belmont Stakes Day,17:31,Allowance 8.5f,Allowance,Thoroughbred,120000.0,Turf,,8.5,8.5f,Classic
Eponine (Ire),Ortiz Jose L,Attard Kevin,-,4,126.0,,2,3/1,0.0821727636102389,11/1,12.17,0.14250908403495466,6/1,0.16513520419422306,5/1,US,2026-06-05,US,us_horse_model.pkl,75,Belmont Stakes Day,17:31,Allowance 8.5f,Allowance,Thoroughbred,120000.0,Turf,,8.5,8.5f,Classic
Carmensita (Arg),"Santana, Jr. Ricardo",De Paz Horacio,-,4,126.0,,3,15/1,0.059432079791448614,16/1,16.83,0.10415200593793782,17/2,0.12092197824287126,15/2,US,2026-06-05,US,us_horse_model.pkl,75,Belmont Stakes Day,17:31,Allowance 8.5f,Allowance,Thoroughbred,120000.0,Turf,,8.5,8.5f,Classic
Sonja Henie,Lezcano Jose,Proctor Thomas F,-,4,126.0,,4,10/1,0.06287763794581078,15/1,15.9,0.11001687041954383,8/1,0.12769408259719373,7/1,US,2026-06-05,US,us_horse_model.pkl,75,Belmont Stakes Day,17:31,Allowance 8.5f,Allowance,Thoroughbred,120000.0,Turf,,8.5,8.5f,Classic
Starship Athena,Alvarado Junior,Nevin Michelle,-,4,126.0,,5,20/1,0.05762726361535415,33/2,17.35,0.10107235329820265,9/1,0.11736426192927082,15/2,US,2026-06-05,US,us_horse_model.pkl,75,Belmont Stakes Day,17:31,Allowance 8.5f,Allowance,Thoroughbred,120000.0,Turf,,8.5,8.5f,Classic
Curlin's Angel,Zayas Edgard J,Abreu Jorge R,-,5,126.0,,6,5/1,0.07206579302410988,13/1,13.88,0.12556364462404274,7/1,0.14562533897401755,6/1,US,2026-06-05,US,us_horse_model.pkl,75,Belmont Stakes Day,17:31,Allowance 8.5f,Allowance,Thoroughbred,120000.0,Turf,,8.5,8.5f,Classic
Tiznow Mama,Geroux Florent,Summers Chad,-,6,126.0,,7,20/1,0.05762726361535415,33/2,17.35,0.10107235329820265,9/1,0.11736426192927082,15/2,US,2026-06-05,US,us_horse_model.pkl,75,Belmont Stakes Day,17:31,Allowance 8.5f,Allowance,Thoroughbred,120000.0,Turf,,8.5,8.5f,Classic
Scarlett's Halo,Prat Flavien,Brown Chad C,-,4,126.0,,8,6/1,0.06917808714235874,27/2,14.46,0.1206920706637051,15/2,0.14000981448421,6/1,US,2026-06-05,US,us_horse_model.pkl,75,Belmont Stakes Day,17:31,Allowance 8.5f,Allowance,Thoroughbred,120000.0,Turf,,8.5,8.5f,Classic
Marketplaceofideas (Gb),Davis Dylan,Brown Chad C,-,4,126.0,,9,9/2,0.0739034240397697,25/2,13.53,0.12865679040374384,7/1,0.14918930279023415,11/2,US,2026-06-05,US,us_horse_model.pkl,75,Belmont Stakes Day,17:31,Allowance 8.5f,Allowance,Thoroughbred,120000.0,Turf,,8.5,8.5f,Classic
Imperatrice,"Ortiz, Jr. Irad",Pletcher Todd A,-,3,120.0,,10,5/1,0.07206579302410988,13/1,13.88,0.12556364462404274,7/1,0.14562533897401755,6/1,US,2026-06-05,US,us_horse_model.pkl,75,Belmont Stakes Day,17:31,Allowance 8.5f,Allowance,Thoroughbred,120000.0,Turf,,8.5,8.5f,Classic
Y'allreadyforthis,Rivera Dalila A,Arriaga Antonio,-,3,113.0,,11,50/1,0.054229962577999856,35/2,18.44,0.09526122156743073,19/2,0.11064794368846731,8/1,US,2026-06-05,US,us_horse_model.pkl,75,Belmont Stakes Day,17:31,Allowance 8.5f,Allowance,Thoroughbred,120000.0,Turf,,8.5,8.5f,Classic
Kadena,Rider Tba,Abreu Fernando,-,5,126.0,,12,8/1,0.0653278126333572,29/2,15.31,0.11417588425727575,8/1,0.1324939111162452,13/2,US,2026-06-05,US,us_horse_model.pkl,75,Belmont Stakes Day,17:31,Allowance 8.5f,Allowance,Thoroughbred,120000.0,Turf,,8.5,8.5f,Classic
Brunch With Amy,Carmouche Kendrick,Rice Linda,-,5,126.0,,13,4/1,0.07610858125856149,12/1,13.14,0.13236143335245784,13/2,0.15345625288766898,11/2,US,2026-06-05,US,us_horse_model.pkl,75,Belmont Stakes Day,17:31,Allowance 8.5f,Allowance,Thoroughbred,120000.0,Turf,,8.5,8.5f,Classic
Sparkling Mama,Franco Manuel,Schettino Domenick L,-,3,120.0,,14,10/1,0.06287763794581078,15/1,15.9,0.11001687041954383,8/1,0.12769408259719373,7/1,US,2026-06-05,US,us_horse_model.pkl,75,Belmont Stakes Day,17:31,Allowance 8.5f,Allowance,Thoroughbred,120000.0,Turf,,8.5,8.5f,Classic
Soundbite,Rider Tba,Nevin Michelle,-,5,126.0,,15,6/1,0.06917808714235874,27/2,14.46,0.1206920706637051,15/2,0.14000981448421,6/1,US,2026-06-05,US,us_horse_model.pkl,75,Belmont Stakes Day,17:31,Allowance 8.5f,Allowance,Thoroughbred,120000.0,Turf,,8.5,8.5f,Classic
Playa Del Mar,Franco Manuel,Rice Linda,-,4,126.0,,1,6/1,0.08019615525257967,23/2,12.47,0.13920794080080673,6/1,0.16133736038139188,5/1,US,2026-06-05,US,us_horse_model.pkl,75,Belmont Stakes Day,18:09,Allowance 6.5f,Allowance,Thoroughbred,120000.0,Dirt,,6.5,6.5f,One-Turn Mile
Village Person,Carmouche Kendrick,Klesaris Steve,-,4,126.0,,2,20/1,0.06376908878789693,29/2,15.68,0.11153116247034353,8/1,0.129441940101261,13/2,US,2026-06-05,US,us_horse_model.pkl,75,Belmont Stakes Day,18:09,Allowance 6.5f,Allowance,Thoroughbred,120000.0,Dirt,,6.5,6.5f,One-Turn Mile
Buttah,Castellano Javier,Kantarmaci Ilkay,-,4,126.0,,3,15/1,0.06633581792300361,14/1,15.07,0.1158841196697954,15/2,0.1344647328248423,13/2,US,2026-06-05,US,us_horse_model.pkl,75,Belmont Stakes Day,18:09,Allowance 6.5f,Allowance,Thoroughbred,120000.0,Dirt,,6.5,6.5f,One-Turn Mile
Yo Banana Boy,"Santana, Jr. Ricardo",Maker Michael J,-,5,126.0,,4,20/1,0.06376908878789693,29/2,15.68,0.11153116247034353,8/1,0.129441940101261,13/2,US,2026-06-05,US,us_horse_model.pkl,75,Belmont Stakes Day,18:09,Allowance 6.5f,Allowance,Thoroughbred,120000.0,Dirt,,6.5,6.5f,One-Turn Mile
Local Knowledge,Velazquez John R,Pletcher Todd A,-,3,121.0,,5,5/2,0.1048367549496038,17/2,9.54,0.1799135627585962,9/2,0.20806736568696838,4/1,US,2026-06-05,US,us_horse_model.pkl,75,Belmont Stakes Day,18:09,Allowance 6.5f,Allowance,Thoroughbred,120000.0,Dirt,,6.5,6.5f,One-Turn Mile
Caldo Candy,"Ortiz, Jr. Irad",Abreu Jorge R,-,6,126.0,,6,10/1,0.07123593718093454,13/1,14.04,0.12416503992884534,7/1,0.14401345345931188,6/1,US,2026-06-05,US,us_horse_model.pkl,75,Belmont Stakes Day,18:09,Allowance 6.5f,Allowance,Thoroughbred,120000.0,Dirt,,6.5,6.5f,One-Turn Mile
Brightline Bullet,Rodriguez Jaime,Clement Miguel,-,4,126.0,,7,10/1,0.07123593718093454,13/1,14.04,0.12416503992884534,7/1,0.14401345345931188,6/1,US,2026-06-05,US,us_horse_model.pkl,75,Belmont Stakes Day,18:09,Allowance 6.5f,Allowance,Thoroughbred,120000.0,Dirt,,6.5,6.5f,One-Turn Mile
Sea Strike,Prat Flavien,Brown Chad C,-,3,121.0,,8,4/1,0.09005239513138934,10/1,11.1,0.15560676414138092,11/2,0.18018965252012775,9/2,US,2026-06-05,US,us_horse_model.pkl,75,Belmont Stakes Day,18:09,Allowance 6.5f,Allowance,Thoroughbred,120000.0,Dirt,,6.5,6.5f,One-Turn Mile
Mary's Lad (Ire),Ortiz Jose L,Beckman D. Whitworth,-,4,126.0,,9,15/1,0.06633581792300361,14/1,15.07,0.1158841196697954,15/2,0.1344647328248423,13/2,US,2026-06-05,US,us_horse_model.pkl,75,Belmont Stakes Day,18:09,Allowance 6.5f,Allowance,Thoroughbred,120000.0,Dirt,,6.5,6.5f,One-Turn Mile
Imagine John,Zayas Edgard J,Antonucci Jena M,-,3,121.0,,10,30/1,0.06111956193875455,31/2,16.36,0.10702673080848998,17/2,0.12424191913464078,7/1,US,2026-06-05,US,us_horse_model.pkl,75,Belmont Stakes Day,18:09,Allowance 6.5f,Allowance,Thoroughbred,120000.0,Dirt,,6.5,6.5f,One-Turn Mile
Brazenly,Lezcano Jose,Englehart Chris J,-,8,126.0,,11,15/1,0.06633581792300361,14/1,15.07,0.1158841196697954,15/2,0.1344647328248423,13/2,US,2026-06-05,US,us_horse_model.pkl,75,Belmont Stakes Day,18:09,Allowance 6.5f,Allowance,Thoroughbred,120000.0,Dirt,,6.5,6.5f,One-Turn Mile
Trust Fund,Davis Dylan,Arriaga Antonio,-,5,126.0,,12,30/1,0.06111956193875455,31/2,16.36,0.10702673080848998,17/2,0.12424191913464078,7/1,US,2026-06-05,US,us_horse_model.pkl,75,Belmont Stakes Day,18:09,Allowance 6.5f,Allowance,Thoroughbred,120000.0,Dirt,,6.5,6.5f,One-Turn Mile
Strategicoperation,Rivera Dalila A,Arriaga Antonio,-,3,114.0,,13,50/1,0.05893759865122553,16/1,16.97,0.10330876514438761,17/2,0.11994795257932339,15/2,US,2026-06-05,US,us_horse_model.pkl,75,Belmont Stakes Day,18:09,Allowance 6.5f,Allowance,Thoroughbred,120000.0,Dirt,,6.5,6.5f,One-Turn Mile
Gun Range,Saez Luis,Ward Wesley A,-,3,121.0,,14,8/1,0.07472046643101876,25/2,13.38,0.13003032109289858,13/2,0.15077151659110352,11/2,US,2026-06-05,US,us_horse_model.pkl,75,Belmont Stakes Day,18:09,Allowance 6.5f,Allowance,Thoroughbred,120000.0,Dirt,,6.5,6.5f,One-Turn Mile
Classic Q,Velazquez John R,Casse Mark E,-,4,122.0,,1,6/1,0.12184118248003266,7/1,8.21,0.20743790946555268,4/1,0.2395366820851227,3/1,US,2026-06-05,US,us_horse_model.pkl,75,Belmont Stakes Day,18:47,Stakes 8f,Stakes,Thoroughbred,500000.0,Inner Track,,8.0,8f,Classic
Sandtrap (Ire),Franco Manuel,Brown Chad C,-,4,120.0,,2,3/1,0.14030540267339048,6/1,7.13,0.23680123999662905,3/1,0.2729871789928435,5/2,US,2026-06-05,US,us_horse_model.pkl,75,Belmont Stakes Day,18:47,Stakes 8f,Stakes,Thoroughbred,500000.0,Inner Track,,8.0,8f,Classic
Segesta,Prat Flavien,Brown Chad C,-,5,124.0,,3,7/5,0.16902752297416934,5/1,5.92,0.28139329853527817,5/2,0.323530464370694,2/1,US,2026-06-05,US,us_horse_model.pkl,75,Belmont Stakes Day,18:47,Stakes 8f,Stakes,Thoroughbred,500000.0,Inner Track,,8.0,8f,Classic
Mandanaba (Fr),Lecoeuvre Clement,Graffard Francis - Henri,-,4,122.0,,4,9/2,0.12855544436852642,7/1,7.78,0.21817859804191614,7/2,0.2517872806694373,3/1,US,2026-06-05,US,us_horse_model.pkl,75,Belmont Stakes Day,18:47,Stakes 8f,Stakes,Thoroughbred,500000.0,Inner Track,,8.0,8f,Classic
And One More Time,Castellano Javier,Casse Mark E,-,4,120.0,,5,8/1,0.11637030242274145,15/2,8.59,0.19863290653216636,4/1,0.2294813830732007,7/2,US,2026-06-05,US,us_horse_model.pkl,75,Belmont Stakes Day,18:47,Stakes 8f,Stakes,Thoroughbred,500000.0,Inner Track,,8.0,8f,Classic
Fast Market,Davis Dylan,Terranova Ii John P,-,4,122.0,,6,20/1,0.10542854230815904,17/2,9.49,0.18087923412810766,9/2,0.2091732435605884,4/1,US,2026-06-05,US,us_horse_model.pkl,75,Belmont Stakes Day,18:47,Stakes 8f,Stakes,Thoroughbred,500000.0,Inner Track,,8.0,8f,Classic
Buttercream Babe,Saez Luis,Arnold Ii George R,-,5,120.0,,7,15/1,0.10799301733501429,17/2,9.26,0.18505743776852918,9/2,0.21395659543109724,7/2,US,2026-06-05,US,us_horse_model.pkl,75,Belmont Stakes Day,18:47,Stakes 8f,Stakes,Thoroughbred,500000.0,Inner Track,,8.0,8f,Classic
Deep Satin,Ortiz Jose L,Devaux Cherie,-,5,120.0,,8,12/1,0.1104785854379663,8/1,9.05,0.18909703951604012,9/2,0.2185789597953178,7/2,US,2026-06-05,US,us_horse_model.pkl,75,Belmont Stakes Day,18:47,Stakes 8f,Stakes,Thoroughbred,500000.0,Inner Track,,8.0,8f,Classic
Acoustic Ave,Lezcano Jose,Rice Linda,-,6,120.0,,1,30/1,0.09197790390324684,10/1,10.87,0.15879227918069638,11/2,0.18384766990973997,9/2,US,2026-06-05,US,us_horse_model.pkl,75,Belmont Stakes Day,19:25,Stakes 6.5f,Stakes,Thoroughbred,400000.0,Dirt,,6.5,6.5f,One-Turn Mile
Imagination,Prat Flavien,Baffert Bob,-,5,124.0,,2,4/1,0.1208802881507478,15/2,8.27,0.2058948834206198,4/1,0.23777535664682178,3/1,US,2026-06-05,US,us_horse_model.pkl,75,Belmont Stakes Day,19:25,Stakes 6.5f,Stakes,Thoroughbred,400000.0,Dirt,,6.5,6.5f,One-Turn Mile
Bentornato,"Ortiz, Jr. Irad",D'angelo Jose F,-,5,124.0,,3,8/5,0.15269001282551217,11/2,6.55,0.2561906310725979,3/1,0.295003362915255,5/2,US,2026-06-05,US,us_horse_model.pkl,75,Belmont Stakes Day,19:25,Stakes 6.5f,Stakes,Thoroughbred,400000.0,Dirt,,6.5,6.5f,One-Turn Mile
Listenupshance,Fresu Antonio,O'neill Doug F,-,4,120.0,,4,30/1,0.09197790390324684,10/1,10.87,0.15879227918069638,11/2,0.18384766990973997,9/2,US,2026-06-05,US,us_horse_model.pkl,75,Belmont Stakes Day,19:25,Stakes 6.5f,Stakes,Thoroughbred,400000.0,Dirt,,6.5,6.5f,One-Turn Mile
Faust,Ortiz Jose L,Asmussen Steven M,-,4,120.0,,5,15/1,0.09718867029402227,19/2,10.29,0.16738309642242397,5/1,0.1937060062205746,4/1,US,2026-06-05,US,us_horse_model.pkl,75,Belmont Stakes Day,19:25,Stakes 6.5f,Stakes,Thoroughbred,400000.0,Dirt,,6.5,6.5f,One-Turn Mile
Book'em Danno,Lopez Paco,Ryan Derek S,-,5,124.0,,6,2/1,0.14385397819363316,6/1,6.95,0.24238198711483228,3/1,0.27932999046028195,5/2,US,2026-06-05,US,us_horse_model.pkl,75,Belmont Stakes Day,19:25,Stakes 6.5f,Stakes,Thoroughbred,400000.0,Dirt,,6.5,6.5f,One-Turn Mile
Be You,Velazquez John R,Pletcher Todd A,-,5,122.0,,7,12/1,0.09967380503423823,9/1,10.03,0.17146495513362614,5/1,0.1983866364208966,4/1,US,2026-06-05,US,us_horse_model.pkl,75,Belmont Stakes Day,19:25,Stakes 6.5f,Stakes,Thoroughbred,400000.0,Dirt,,6.5,6.5f,One-Turn Mile
Illuminare,Franco Manuel,Pletcher Todd A,-,5,120.0,,8,10/1,0.10208363266111431,9/1,9.8,0.17541368434417431,9/2,0.20291245372532182,4/1,US,2026-06-05,US,us_horse_model.pkl,75,Belmont Stakes Day,19:25,Stakes 6.5f,Stakes,Thoroughbred,400000.0,Dirt,,6.5,6.5f,One-Turn Mile
Pentathlon,Davis Dylan,Mcgaughey Iii Claude R,-,5,122.0,,9,12/1,0.09967380503423823,9/1,10.03,0.17146495513362614,5/1,0.1983866364208966,4/1,US,2026-06-05,US,us_horse_model.pkl,75,Belmont Stakes Day,19:25,Stakes 6.5f,Stakes,Thoroughbred,400000.0,Dirt,,6.5,6.5f,One-Turn Mile
Governor Sam,Lopez Paco,Weaver George,-,4,124.0,,1,15/1,0.08852806361426667,21/2,11.3,0.1530807400678467,11/2,0.1772879937379392,9/2,US,2026-06-05,US,us_horse_model.pkl,75,Belmont Stakes Day,20:13,Stakes 5.5f,Stakes,Thoroughbred,500000.0,Turf,,5.5,5.5f,Sprint
Bold Journey,Alvarado Junior,Mott William I,-,7,124.0,,2,30/1,0.08332631240306237,11/1,12.0,0.1444327428545581,6/1,0.167347654273869,5/1,US,2026-06-05,US,us_horse_model.pkl,75,Belmont Stakes Day,20:13,Stakes 5.5f,Stakes,Thoroughbred,500000.0,Turf,,5.5,5.5f,Sprint
Litigation,Geroux Florent,Lynch Brian A,-,4,124.0,,3,7/2,0.11600101630751602,15/2,8.62,0.19803684072602756,4/1,0.2288002748829694,7/2,US,2026-06-05,US,us_horse_model.pkl,75,Belmont Stakes Day,20:13,Stakes 5.5f,Stakes,Thoroughbred,500000.0,Turf,,5.5,5.5f,Sprint
Works For Me,Prat Flavien,Lee Joseph R,-,5,124.0,,4,6/1,0.10234985968975237,9/1,9.77,0.17584935241874466,9/2,0.20341166219211676,4/1,US,2026-06-05,US,us_horse_model.pkl,75,Belmont Stakes Day,20:13,Stakes 5.5f,Stakes,Thoroughbred,500000.0,Turf,,5.5,5.5f,Sprint
Reef Runner,"Ortiz, Jr. Irad",Fawkes David,-,5,126.0,,5,4/1,0.1121786924545422,8/1,8.91,0.19185439918552738,4/1,0.2217327892096468,7/2,US,2026-06-05,US,us_horse_model.pkl,75,Belmont Stakes Day,20:13,Stakes 5.5f,Stakes,Thoroughbred,500000.0,Turf,,5.5,5.5f,Sprint
Ag Bullet,Velazquez John R,Baltas Richard,-,6,121.0,,6,3/1,0.12077892112373331,15/2,8.28,0.20573201979246958,4/1,0.23758943179324565,3/1,US,2026-06-05,US,us_horse_model.pkl,75,Belmont Stakes Day,20:13,Stakes 5.5f,Stakes,Thoroughbred,500000.0,Turf,,5.5,5.5f,Sprint
Clock Tower,Davis Dylan,Ward Wesley A,-,4,124.0,,7,20/1,0.08596847174843597,21/2,11.63,0.14883078663937543,11/2,0.17240415472347773,5/1,US,2026-06-05,US,us_horse_model.pkl,75,Belmont Stakes Day,20:13,Stakes 5.5f,Stakes,Thoroughbred,500000.0,Turf,,5.5,5.5f,Sprint
John The Beer Man,Carmouche Kendrick,Atras Rob,-,5,124.0,,8,10/1,0.09341455717630708,19/2,10.7,0.1611651793233963,5/1,0.18657166262855476,9/2,US,2026-06-05,US,us_horse_model.pkl,75,Belmont Stakes Day,20:13,Stakes 5.5f,Stakes,Thoroughbred,500000.0,Turf,,5.5,5.5f,Sprint
Twenty Six Black,Franco Manuel,De Paz Horacio,-,6,124.0,,9,12/1,0.09100889880730256,10/1,10.99,0.15718992212345034,11/2,0.18200780586700577,9/2,US,2026-06-05,US,us_horse_model.pkl,75,Belmont Stakes Day,20:13,Stakes 5.5f,Stakes,Thoroughbred,500000.0,Turf,,5.5,5.5f,Sprint
My Boy Prince,Ortiz Jose L,Casse Mark E,-,5,126.0,,10,5/1,0.10644520667508146,17/2,9.39,0.182536906395866,9/2,0.21107129379116019,7/2,US,2026-06-05,US,us_horse_model.pkl,75,Belmont Stakes Day,20:13,Stakes 5.5f,Stakes,Thoroughbred,500000.0,Turf,,5.5,5.5f,Sprint
Gilded Bandit,Alvarado Junior,Mott William I,-,3,124.0,,1,8/1,0.10572434889644497,17/2,9.46,0.18136171765393916,9/2,0.20972573093799948,4/1,US,2026-06-05,US,us_horse_model.pkl,75,Belmont Stakes Day,20:52,Stakes 7f,Stakes,Thoroughbred,500000.0,Dirt,,7.0,7f,One-Turn Mile
Obliteration,Velazquez John R,Asmussen Steven M,-,3,124.0,,2,8/1,0.10572434889644497,17/2,9.46,0.18136171765393916,9/2,0.20972573093799948,4/1,US,2026-06-05,US,us_horse_model.pkl,75,Belmont Stakes Day,20:52,Stakes 7f,Stakes,Thoroughbred,500000.0,Dirt,,7.0,7f,One-Turn Mile
Six Speed,"Ortiz, Jr. Irad",Weaver George,-,3,124.0,,3,10/1,0.1022144223855313,9/1,9.78,0.1756277297790701,9/2,0.20315772005164714,4/1,US,2026-06-05,US,us_horse_model.pkl,75,Belmont Stakes Day,20:52,Stakes 7f,Stakes,Thoroughbred,500000.0,Dirt,,7.0,7f,One-Turn Mile
Stradale,"Santana, Jr. Ricardo",Asmussen Steven M,-,3,124.0,,4,15/1,0.09727858822955894,19/2,10.28,0.16753095983085725,5/1,0.19387559918134412,4/1,US,2026-06-05,US,us_horse_model.pkl,75,Belmont Stakes Day,20:52,Stakes 7f,Stakes,Thoroughbred,500000.0,Dirt,,7.0,7f,One-Turn Mile
Solitude Dude,Prat Flavien,"Joseph, Jr. Saffie A",-,3,124.0,,5,6/1,0.11123994769930931,8/1,8.99,0.1903324450874407,9/2,0.21999213160798997,7/2,US,2026-06-05,US,us_horse_model.pkl,75,Belmont Stakes Day,20:52,Stakes 7f,Stakes,Thoroughbred,500000.0,Dirt,,7.0,7f,One-Turn Mile
Crude Velocity,Geroux Florent,Baffert Bob,-,3,124.0,,6,9/5,0.1484702396186437,11/2,6.74,0.24961170167162466,3/1,0.2875397499414925,5/2,US,2026-06-05,US,us_horse_model.pkl,75,Belmont Stakes Day,20:52,Stakes 7f,Stakes,Thoroughbred,500000.0,Dirt,,7.0,7f,One-Turn Mile
Englishman,Ortiz Jose L,Devaux Cherie,-,3,124.0,,7,3/1,0.12985509365897652,13/2,7.7,0.2202492923068125,7/2,0.254147116799751,3/1,US,2026-06-05,US,us_horse_model.pkl,75,Belmont Stakes Day,20:52,Stakes 7f,Stakes,Thoroughbred,500000.0,Dirt,,7.0,7f,One-Turn Mile
Civil Liberty,Fresu Antonio,O'neill Doug F,-,3,124.0,,8,10/1,0.1022144223855313,9/1,9.78,0.1756277297790701,9/2,0.20315772005164714,4/1,US,2026-06-05,US,us_horse_model.pkl,75,Belmont Stakes Day,20:52,Stakes 7f,Stakes,Thoroughbred,500000.0,Dirt,,7.0,7f,One-Turn Mile
Taj Mahal,Franco Manuel,Russell Brittany T,-,3,124.0,,9,15/1,0.09727858822955894,19/2,10.28,0.16753095983085725,5/1,0.19387559918134412,4/1,US,2026-06-05,US,us_horse_model.pkl,75,Belmont Stakes Day,20:52,Stakes 7f,Stakes,Thoroughbred,500000.0,Dirt,,7.0,7f,One-Turn Mile
Nysos,Prat Flavien,Baffert Bob,-,5,126.0,,1,9/5,0.17348264701018262,5/1,5.76,0.288191781567401,5/2,0.3312077070263579,2/1,US,2026-06-05,US,us_horse_model.pkl,75,Belmont Stakes Day,21:32,Stakes 8f,Stakes,Thoroughbred,1000000.0,Dirt,,8.0,8f,Classic
Vibe,Saez Luis,Pletcher Todd A,-,4,118.0,,2,15/1,0.12202612989344863,7/1,8.19,0.2077347327067893,4/1,0.23987545876179206,3/1,US,2026-06-05,US,us_horse_model.pkl,75,Belmont Stakes Day,21:32,Stakes 8f,Stakes,Thoroughbred,1000000.0,Dirt,,8.0,8f,Classic
Antiquarian,Velazquez John R,Pletcher Todd A,-,5,124.0,,3,6/1,0.13605972547073972,13/2,7.35,0.23009770673119306,7/2,0.26536194970386306,3/1,US,2026-06-05,US,us_horse_model.pkl,75,Belmont Stakes Day,21:32,Stakes 8f,Stakes,Thoroughbred,1000000.0,Dirt,,8.0,8f,Classic
Saudi Crown,"Ortiz, Jr. Irad",Cox Brad H,-,6,123.0,,4,8/1,0.1305155889463778,13/2,7.66,0.22130060493706416,7/2,0.2553449859335715,3/1,US,2026-06-05,US,us_horse_model.pkl,75,Belmont Stakes Day,21:32,Stakes 8f,Stakes,Thoroughbred,1000000.0,Dirt,,8.0,8f,Classic
Rated By Merit,Davis Dylan,Brown Chad C,-,4,119.0,,5,10/1,0.1269875020672384,7/1,7.87,0.21567684317600766,7/2,0.24893534609179613,3/1,US,2026-06-05,US,us_horse_model.pkl,75,Belmont Stakes Day,21:32,Stakes 8f,Stakes,Thoroughbred,1000000.0,Dirt,,8.0,8f,Classic
Knightsbridge,Alvarado Junior,Mott William I,-,5,121.0,,6,7/2,0.1499200667816445,11/2,6.67,0.2518752990679099,3/1,0.29010851117525943,5/2,US,2026-06-05,US,us_horse_model.pkl,75,Belmont Stakes Day,21:32,Stakes 8f,Stakes,Thoroughbred,1000000.0,Dirt,,8.0,8f,Classic
Journalism,Ortiz Jose L,Mccarthy Michael W,-,4,125.0,,7,5/2,0.16100833983036833,5/1,6.21,0.2690760632987179,5/2,0.309601459599349,2/1,US,2026-06-05,US,us_horse_model.pkl,75,Belmont Stakes Day,21:32,Stakes 8f,Stakes,Thoroughbred,1000000.0,Dirt,,8.0,8f,Classic
Tiz Dashing,Castellano Javier,Tagg Barclay,-,4,122.0,,1,30/1,0.09196274554094513,10/1,10.87,0.15876722471975835,11/2,0.1838189044118133,9/2,US,2026-06-05,US,us_horse_model.pkl,75,Belmont Stakes Day,22:11,Stakes 9.5f,Stakes,Thoroughbred,1000000.0,Turf,,9.5,9.5f,Route
Test Score,Franco Manuel,Motion H. G,-,4,124.0,,2,12/1,0.09963765817028797,9/1,10.04,0.17140565436599103,5/1,0.19831865293937967,4/1,US,2026-06-05,US,us_horse_model.pkl,75,Belmont Stakes Day,22:11,Stakes 9.5f,Stakes,Thoroughbred,1000000.0,Turf,,9.5,9.5f,Route
Make Me King (Fr),Ortiz Jose L,Al Jehani H.A.,-,6,122.0,,3,8/1,0.10551228265200717,17/2,9.48,0.18101583534126325,9/2,0.2093296675997343,4/1,US,2026-06-05,US,us_horse_model.pkl,75,Belmont Stakes Day,22:11,Stakes 9.5f,Stakes,Thoroughbred,1000000.0,Turf,,9.5,9.5f,Route
Integration,Velazquez John R,Mcgaughey Iii Claude R,-,6,120.0,,4,12/1,0.09963765817028797,9/1,10.04,0.17140565436599103,5/1,0.19831865293937967,4/1,US,2026-06-05,US,us_horse_model.pkl,75,Belmont Stakes Day,22:11,Stakes 9.5f,Stakes,Thoroughbred,1000000.0,Turf,,9.5,9.5f,Route
Deterministic,Carmouche Kendrick,Clement Miguel,-,5,124.0,,5,7/2,0.1246048122175946,7/1,8.03,0.2118675746094447,7/2,0.2445911105063885,3/1,US,2026-06-05,US,us_horse_model.pkl,75,Belmont Stakes Day,22:11,Stakes 9.5f,Stakes,Thoroughbred,1000000.0,Turf,,9.5,9.5f,Route
Bright Picture (Fr),Prat Flavien,Fabre Andre,-,5,122.0,,6,3/1,0.12937794460899144,13/2,7.73,0.21948937825518677,7/2,0.25328116587251004,3/1,US,2026-06-05,US,us_horse_model.pkl,75,Belmont Stakes Day,22:11,Stakes 9.5f,Stakes,Thoroughbred,1000000.0,Turf,,9.5,9.5f,Route
Rhetorical,"Ortiz, Jr. Irad",Walden William,-,5,124.0,,7,2/1,0.14369734178318203,6/1,6.96,0.24213607438128554,3/1,0.27905059910557434,5/2,US,2026-06-05,US,us_horse_model.pkl,75,Belmont Stakes Day,22:11,Stakes 9.5f,Stakes,Thoroughbred,1000000.0,Turf,,9.5,9.5f,Route
One Stripe (Saf),Lerena Gavin,Motion H. G,-,5,124.0,,8,6/1,0.11096729109931786,8/1,9.01,0.18989013222363554,9/2,0.21948619764525468,7/2,US,2026-06-05,US,us_horse_model.pkl,75,Belmont Stakes Day,22:11,Stakes 9.5f,Stakes,Thoroughbred,1000000.0,Turf,,9.5,9.5f,Route
Battle Of Normandy,Davis Dylan,Mcgaughey Iii Claude R,-,6,120.0,,9,20/1,0.09460226575738578,19/2,10.57,0.16312440741414957,5/1,0.188820210535436,9/2,US,2026-06-05,US,us_horse_model.pkl,75,Belmont Stakes Day,22:11,Stakes 9.5f,Stakes,Thoroughbred,1000000.0,Turf,,9.5,9.5f,Route
Vitruvian Man,Fresu Antonio,O'neill Doug F,-,3,126.0,,1,30/1,0.0920001047851588,10/1,10.87,0.15882897318890168,11/2,0.18388979884030526,9/2,US,2026-06-05,US,us_horse_model.pkl,75,Belmont Stakes Day,23:04,Stakes 10f,Stakes,Thoroughbred,2000000.0,Dirt,,10.0,10f,Route
Powershift,Saez Luis,Pletcher Todd A,-,3,126.0,,2,12/1,0.09972674559879749,9/1,10.03,0.17155180304765366,5/1,0.19848619959097472,4/1,US,2026-06-05,US,us_horse_model.pkl,75,Belmont Stakes Day,23:04,Stakes 10f,Stakes,Thoroughbred,2000000.0,Dirt,,10.0,10f,Route
Chief Wallabee,Alvarado Junior,Mott William I,-,3,126.0,,3,3/1,0.1296674787516474,13/2,7.71,0.2199505377163182,7/2,0.25380668482806973,3/1,US,2026-06-05,US,us_horse_model.pkl,75,Belmont Stakes Day,23:04,Stakes 10f,Stakes,Thoroughbred,2000000.0,Dirt,,10.0,10f,Route
Renegade,"Ortiz, Jr. Irad",Pletcher Todd A,-,3,126.0,,4,2/1,0.14408338730672332,6/1,6.94,0.24274207915387858,3/1,0.2797390885965618,5/2,US,2026-06-05,US,us_horse_model.pkl,75,Belmont Stakes Day,23:04,Stakes 10f,Stakes,Thoroughbred,2000000.0,Dirt,,10.0,10f,Route
Ottinho,Davis Dylan,Brown Chad C,-,3,126.0,,5,20/1,0.09465741511789168,19/2,10.56,0.16321532622276433,5/1,0.18892454288709157,9/2,US,2026-06-05,US,us_horse_model.pkl,75,Belmont Stakes Day,23:04,Stakes 10f,Stakes,Thoroughbred,2000000.0,Dirt,,10.0,10f,Route
Growth Equity,Franco Manuel,Brown Chad C,-,3,126.0,,6,12/1,0.09972674559879749,9/1,10.03,0.17155180304765366,5/1,0.19848619959097472,4/1,US,2026-06-05,US,us_horse_model.pkl,75,Belmont Stakes Day,23:04,Stakes 10f,Stakes,Thoroughbred,2000000.0,Dirt,,10.0,10f,Route
Commandment,Velazquez John R,Cox Brad H,-,3,126.0,,7,6/1,0.11113273918083556,8/1,9.0,0.19015854195123552,9/2,0.21979321799013551,7/2,US,2026-06-05,US,us_horse_model.pkl,75,Belmont Stakes Day,23:04,Stakes 10f,Stakes,Thoroughbred,2000000.0,Dirt,,10.0,10f,Route
Emerging Market,Prat Flavien,Brown Chad C,-,3,126.0,,8,6/1,0.11113273918083556,8/1,9.0,0.19015854195123552,9/2,0.21979321799013551,7/2,US,2026-06-05,US,us_horse_model.pkl,75,Belmont Stakes Day,23:04,Stakes 10f,Stakes,Thoroughbred,2000000.0,Dirt,,10.0,10f,Route
Golden Tempo,Ortiz Jose L,Devaux Cherie,-,3,126.0,,9,9/2,0.11787264447931259,15/2,8.48,0.20105559180952554,4/1,0.2322491970583554,7/2,US,2026-06-05,US,us_horse_model.pkl,75,Belmont Stakes Day,23:04,Stakes 10f,Stakes,Thoroughbred,2000000.0,Dirt,,10.0,10f,Route
Double Act,Lezcano Jose,Mott William I,-,3,120.0,,1,15/1,0.056089028289834725,17/1,17.83,0.0984434676461042,9/1,0.11432638240470526,15/2,US,2026-06-05,US,us_horse_model.pkl,75,Belmont Stakes Day,00:02,Allowance 8f,Allowance,Thoroughbred,120000.0,Inner Track,,8.0,8f,Classic
Noble Factor,Saez Luis,Brion Keri,-,5,126.0,,2,20/1,0.05430857181871006,35/2,18.41,0.09539589249528771,19/2,0.11080363774900433,8/1,US,2026-06-05,US,us_horse_model.pkl,75,Belmont Stakes Day,00:02,Allowance 8f,Allowance,Thoroughbred,120000.0,Inner Track,,8.0,8f,Classic
Winnebago (Ire),Franco Manuel,Clement Miguel,-,4,126.0,,3,10/1,0.05948808155289092,16/1,16.81,0.10424748131772893,17/2,0.12103225622954318,15/2,US,2026-06-05,US,us_horse_model.pkl,75,Belmont Stakes Day,00:02,Allowance 8f,Allowance,Thoroughbred,120000.0,Inner Track,,8.0,8f,Classic
First Call Bob,Ortiz Jose L,Brown Chad C,-,4,126.0,,4,12/1,0.0578147014849248,33/2,17.3,0.10139243090663186,9/1,0.117734079439772,15/2,US,2026-06-05,US,us_horse_model.pkl,75,Belmont Stakes Day,00:02,Allowance 8f,Allowance,Thoroughbred,120000.0,Inner Track,,8.0,8f,Classic
Favorable Scenario,Prat Flavien,Brown Chad C,-,6,126.0,,5,4/1,0.07254044608302669,13/1,13.79,0.12636310989510846,7/1,0.1465466088246391,6/1,US,2026-06-05,US,us_horse_model.pkl,75,Belmont Stakes Day,00:02,Allowance 8f,Allowance,Thoroughbred,120000.0,Inner Track,,8.0,8f,Classic
Blown Cover,Rodriguez Jaime,Rodriguez Rudy R,-,5,126.0,,6,15/1,0.056089028289834725,17/1,17.83,0.0984434676461042,9/1,0.11432638240470526,15/2,US,2026-06-05,US,us_horse_model.pkl,75,Belmont Stakes Day,00:02,Allowance 8f,Allowance,Thoroughbred,120000.0,Inner Track,,8.0,8f,Classic
Tiz Trouble,Alvarado Junior,Lewis Lisa L,-,3,120.0,,7,12/1,0.0578147014849248,33/2,17.3,0.10139243090663186,9/1,0.117734079439772,15/2,US,2026-06-05,US,us_horse_model.pkl,75,Belmont Stakes Day,00:02,Allowance 8f,Allowance,Thoroughbred,120000.0,Inner Track,,8.0,8f,Classic
Elnajd,"Ortiz, Jr. Irad",Cox Brad H,-,4,126.0,,8,5/1,0.06855222358770743,27/2,14.59,0.11963447657081816,15/2,0.13879032143948467,6/1,US,2026-06-05,US,us_horse_model.pkl,75,Belmont Stakes Day,00:02,Allowance 8f,Allowance,Thoroughbred,120000.0,Inner Track,,8.0,8f,Classic
Griffin's Wharf,Velazquez John R,Morley Thomas,-,4,126.0,,9,12/1,0.0578147014849248,33/2,17.3,0.10139243090663186,9/1,0.117734079439772,15/2,US,2026-06-05,US,us_horse_model.pkl,75,Belmont Stakes Day,00:02,Allowance 8f,Allowance,Thoroughbred,120000.0,Inner Track,,8.0,8f,Classic
Outrunner,Lopez Paco,"Duarte, Jr. Jorge",-,4,126.0,,10,5/1,0.06855222358770743,27/2,14.59,0.11963447657081816,15/2,0.13879032143948467,6/1,US,2026-06-05,US,us_horse_model.pkl,75,Belmont Stakes Day,00:02,Allowance 8f,Allowance,Thoroughbred,120000.0,Inner Track,,8.0,8f,Classic
Ramblin' Wreck,Carmouche Kendrick,Gargan Danny,-,6,126.0,,11,12/1,0.0578147014849248,33/2,17.3,0.10139243090663186,9/1,0.117734079439772,15/2,US,2026-06-05,US,us_horse_model.pkl,75,Belmont Stakes Day,00:02,Allowance 8f,Allowance,Thoroughbred,120000.0,Inner Track,,8.0,8f,Classic
Sounds Like A Plan,"Santana, Jr. Ricardo",De Paz Horacio,-,4,126.0,,12,9/2,0.07036505199467073,13/1,14.21,0.12269610115663715,7/1,0.14232024459237455,6/1,US,2026-06-05,US,us_horse_model.pkl,75,Belmont Stakes Day,00:02,Allowance 8f,Allowance,Thoroughbred,120000.0,Inner Track,,8.0,8f,Classic
Fortune Seller,Ortiz Jose L,Rice Kevin,-,5,126.0,,13,30/1,0.05247068126787169,18/1,19.06,0.09224468836799737,10/1,0.1071599410305445,17/2,US,2026-06-05,US,us_horse_model.pkl,75,Belmont Stakes Day,00:02,Allowance 8f,Allowance,Thoroughbred,120000.0,Inner Track,,8.0,8f,Classic
Fort Nelson,Carmouche Kendrick,Rice Linda,-,4,126.0,,14,6/1,0.06570349323390795,14/1,15.22,0.11481272860252376,15/2,0.13322869186575467,13/2,US,2026-06-05,US,us_horse_model.pkl,75,Belmont Stakes Day,00:02,Allowance 8f,Allowance,Thoroughbred,120000.0,Inner Track,,8.0,8f,Classic
Pagode,Rider Tba,Cox Brad H,-,4,126.0,,15,2/1,0.08849333606430373,21/2,11.3,0.1530231484935149,11/2,0.17722182815446907,9/2,US,2026-06-05,US,us_horse_model.pkl,75,Belmont Stakes Day,00:02,Allowance 8f,Allowance,Thoroughbred,120000.0,Inner Track,,8.0,8f,Classic
Ambition,Gonzalez Silvestre,Kantarmaci Ilkay,-,5,126.0,,16,15/1,0.056089028289834725,17/1,17.83,0.0984434676461042,9/1,0.11432638240470526,15/2,US,2026-06-05,US,us_horse_model.pkl,75,Belmont Stakes Day,00:02,Allowance 8f,Allowance,Thoroughbred,120000.0,Inner Track,,8.0,8f,Classic
El Lucerito,Davis Jacqueline A,Campbell Marshall T,-,6,124.0,,1,20/1,0.11945570490481947,15/2,8.37,0.2036045364812292,4/1,0.23516034832238283,7/2,US,2026-06-05,US,us_horse_model.pkl,75,Charles Town,23:10,Claiming 4.5f,Claiming,Thoroughbred,15700.0,Dirt,,4.5,4.5f,Sprint
Imperial King,Barbosa Jeiron,Mangual Manolo,-,8,124.0,,2,5/2,0.1611786738733613,5/1,6.2,0.2693387610427901,5/2,0.3098987937313259,2/1,US,2026-06-05,US,us_horse_model.pkl,75,Charles Town,23:10,Claiming 4.5f,Claiming,Thoroughbred,15700.0,Dirt,,4.5,4.5f,Sprint
On The Come Up,Bocachica Abnel J,Laguna Homero,-,7,122.0,,3,2/1,0.16952326766706965,5/1,5.9,0.2821513711763086,5/2,0.3243869099922732,2/1,US,2026-06-05,US,us_horse_model.pkl,75,Charles Town,23:10,Claiming 4.5f,Claiming,Thoroughbred,15700.0,Dirt,,4.5,4.5f,Sprint
Hopping Henry,Araujo Denis V,Sterling Michael E,-,8,126.0,,4,9/5,0.17369556456392388,5/1,5.76,0.28851589689571877,5/2,0.33157352152014186,2/1,US,2026-06-05,US,us_horse_model.pkl,75,Charles Town,23:10,Claiming 4.5f,Claiming,Thoroughbred,15700.0,Dirt,,4.5,4.5f,Sprint
Mon Gateau,Maldonado Christian,Atkins Michael G,-,5,124.0,,5,15/1,0.12206339046535335,7/1,8.19,0.20779452580411817,4/1,0.23994370155615496,3/1,US,2026-06-05,US,us_horse_model.pkl,75,Charles Town,23:10,Claiming 4.5f,Claiming,Thoroughbred,15700.0,Dirt,,4.5,4.5f,Sprint
Tizafastbullet,Ebow Iii Warren,Walters David,-,5,117.0,,6,10/1,0.12704169926273617,7/1,7.87,0.21576338399167433,7/2,0.24903401576502612,3/1,US,2026-06-05,US,us_horse_model.pkl,75,Charles Town,23:10,Claiming 4.5f,Claiming,Thoroughbred,15700.0,Dirt,,4.5,4.5f,Sprint
Improbable Journey,Espinoza Alexis,Cruz Jaime,-,7,124.0,,7,10/1,0.12704169926273617,7/1,7.87,0.21576338399167433,7/2,0.24903401576502612,3/1,US,2026-06-05,US,us_horse_model.pkl,75,Charles Town,23:10,Claiming 4.5f,Claiming,Thoroughbred,15700.0,Dirt,,4.5,4.5f,Sprint
Bonds Revenge,Stokes Joe,Rofe Jean L,-,4,122.0,,1,20/1,0.11946704161226607,15/2,8.37,0.2036227756768094,4/1,0.23518117595101312,7/2,US,2026-06-05,US,us_horse_model.pkl,75,Charles Town,23:40,Allowance 4.5f,Allowance,Thoroughbred,34100.0,Dirt,,4.5,4.5f,Sprint
Intention To Zip,Montano Jose,Stehr Joseph P,-,4,124.0,,2,15/1,0.122078269893877,7/1,8.19,0.20781840262475276,4/1,0.23997095239883118,3/1,US,2026-06-05,US,us_horse_model.pkl,75,Charles Town,23:40,Allowance 4.5f,Allowance,Thoroughbred,34100.0,Dirt,,4.5,4.5f,Sprint
Good Intentions,Latchman Reshawn,Rideoutt Ii Anthony M,-,4,122.0,,3,12/1,0.1246091526898999,7/1,8.03,0.211874522094544,7/2,0.24459903562128552,3/1,US,2026-06-05,US,us_horse_model.pkl,75,Charles Town,23:40,Allowance 4.5f,Allowance,Thoroughbred,34100.0,Dirt,,4.5,4.5f,Sprint
Don't Get Cute,Araujo Denis V,Keller Christopher M,-,5,122.0,,4,7/2,0.15010545344983428,11/2,6.66,0.2521644984853974,3/1,0.29043664037373357,5/2,US,2026-06-05,US,us_horse_model.pkl,75,Charles Town,23:40,Allowance 4.5f,Allowance,Thoroughbred,34100.0,Dirt,,4.5,4.5f,Sprint
My Max,"Diaz, Jr. Sunday",Mckee Cynthia E,-,3,118.0,,5,2/1,0.16960262461919587,5/1,5.9,0.2822726840923767,5/2,0.3245239563948195,2/1,US,2026-06-05,US,us_horse_model.pkl,75,Charles Town,23:40,Allowance 4.5f,Allowance,Thoroughbred,34100.0,Dirt,,4.5,4.5f,Sprint
Bold Boomer,Mawing Anthony,Wilhelm Tabitha M,-,4,122.0,,6,5/1,0.1403568678651535,6/1,7.12,0.2368823218717434,3/1,0.2730793671242146,5/2,US,2026-06-05,US,us_horse_model.pkl,75,Charles Town,23:40,Allowance 4.5f,Allowance,Thoroughbred,34100.0,Dirt,,4.5,4.5f,Sprint
Fiber Rocks,Chilo Maximo,Grams Timothy C,-,3,116.0,,7,9/5,0.17378058986977338,5/1,5.75,0.28864530703320296,5/2,0.33171957596948903,2/1,US,2026-06-05,US,us_horse_model.pkl,75,Charles Town,23:40,Allowance 4.5f,Allowance,Thoroughbred,34100.0,Dirt,,4.5,4.5f,Sprint
Strollinginthewind,Araujo Denis V,"Jones, Jr. Michael E",-,6,124.0,,1,15/1,0.10814590013808403,8/1,9.25,0.18530619167521012,9/2,0.21424130100163238,7/2,US,2026-06-05,US,us_horse_model.pkl,75,Charles Town,00:10,Claiming 8.5f,Claiming,Thoroughbred,16200.0,Dirt,,8.5,8.5f,Classic
Strive For Stride,Hiraldo John,Shanley Timothy,-,5,124.0,,2,8/1,0.11664209407264321,15/2,8.57,0.1990714668430367,4/1,0.22998248163193424,7/2,US,2026-06-05,US,us_horse_model.pkl,75,Charles Town,00:10,Claiming 8.5f,Claiming,Thoroughbred,16200.0,Dirt,,8.5,8.5f,Classic
Rhumjar,Cullum Walter,Jackson Sherry L,-,7,124.0,,3,7/2,0.1360619659230642,13/2,7.35,0.23010125180483626,7/2,0.26536598401050077,3/1,US,2026-06-05,US,us_horse_model.pkl,75,Charles Town,00:10,Claiming 8.5f,Claiming,Thoroughbred,16200.0,Dirt,,8.5,8.5f,Classic
Shady Munni,Espinoza Alexis,Cruz Jaime,-,7,124.0,,4,30/1,0.10286024953363476,17/2,9.72,0.1766842644132453,9/2,0.20436826999309926,4/1,US,2026-06-05,US,us_horse_model.pkl,75,Charles Town,00:10,Claiming 8.5f,Claiming,Thoroughbred,16200.0,Dirt,,8.5,8.5f,Classic
Noble Gentleman,Rodriguez Victor,Joy Kevin J,-,5,126.0,,5,8/5,0.16444485555060256,5/1,6.08,0.2743670515774378,5/2,0.31558787508750097,2/1,US,2026-06-05,US,us_horse_model.pkl,75,Charles Town,00:10,Claiming 8.5f,Claiming,Thoroughbred,16200.0,Dirt,,8.5,8.5f,Classic
Workislife,Stokes Joe,Shanley Tyler S,-,5,124.0,,6,9/2,0.12900019434109292,7/1,7.75,0.21888750970193546,7/2,0.25259525296225144,3/1,US,2026-06-05,US,us_horse_model.pkl,75,Charles Town,00:10,Claiming 8.5f,Claiming,Thoroughbred,16200.0,Dirt,,8.5,8.5f,Classic
Motskari,Davis Jacqueline A,Armstrong Busanda C,-,5,124.0,,7,4/1,0.13217799155298002,13/2,7.57,0.22394356763458032,7/2,0.2583556586651804,3/1,US,2026-06-05,US,us_horse_model.pkl,75,Charles Town,00:10,Claiming 8.5f,Claiming,Thoroughbred,16200.0,Dirt,,8.5,8.5f,Classic
Theo's Thunder,Santaella Moises,Shanley Tyler S,-,4,126.0,,8,12/1,0.11066674888789829,8/1,9.04,0.18940244455068322,9/2,0.21892833042422757,7/2,US,2026-06-05,US,us_horse_model.pkl,75,Charles Town,00:10,Claiming 8.5f,Claiming,Thoroughbred,16200.0,Dirt,,8.5,8.5f,Classic
Centimorgan,Acosta J. D,Viands Stacey R,-,4,124.0,,1,15/1,0.09729518677110506,19/2,10.28,0.16755825349292974,5/1,0.193906903513614,4/1,US,2026-06-05,US,us_horse_model.pkl,75,Charles Town,00:40,Claiming 6.5f,Claiming,Thoroughbred,14600.0,Dirt,,6.5,6.5f,One-Turn Mile
Another Cleeshay,Nunez Juan M,Contreras Javier,-,4,124.0,,2,8/1,0.1057538574147492,17/2,9.46,0.18140984066006927,9/2,0.2097808343770643,4/1,US,2026-06-05,US,us_horse_model.pkl,75,Charles Town,00:40,Claiming 6.5f,Claiming,Thoroughbred,14600.0,Dirt,,6.5,6.5f,One-Turn Mile
United Forever,Lewis Justin M,Viands Stacey R,-,4,124.0,,3,2/1,0.14442206607140812,6/1,6.92,0.2432735323938673,3/1,0.28034283226478945,5/2,US,2026-06-05,US,us_horse_model.pkl,75,Charles Town,00:40,Claiming 6.5f,Claiming,Thoroughbred,14600.0,Dirt,,6.5,6.5f,One-Turn Mile
Sister Winnie,Davis Jacqueline A,Tobin Edwin L,-,5,122.0,,4,30/1,0.09203288014948313,10/1,10.87,0.15888314344618232,11/2,0.1839519921824445,9/2,US,2026-06-05,US,us_horse_model.pkl,75,Charles Town,00:40,Claiming 6.5f,Claiming,Thoroughbred,14600.0,Dirt,,6.5,6.5f,One-Turn Mile
Cicatriz,Stokes Joe,Shanley Timothy,-,4,126.0,,5,10/1,0.1022385657186893,9/1,9.78,0.17566723883746893,9/2,0.2032029912570113,4/1,US,2026-06-05,US,us_horse_model.pkl,75,Charles Town,00:40,Claiming 6.5f,Claiming,Thoroughbred,14600.0,Dirt,,6.5,6.5f,One-Turn Mile
Genecho,Santaella Moises,Smith Osborne,-,3,118.0,,6,5/1,0.11542090957891392,15/2,8.66,0.197100048147626,4/1,0.227729725110893,7/2,US,2026-06-05,US,us_horse_model.pkl,75,Charles Town,00:40,Claiming 6.5f,Claiming,Thoroughbred,14600.0,Dirt,,6.5,6.5f,One-Turn Mile
Trouble And Strife,Chilo Maximo,Shanley Mark A,-,3,118.0,,7,10/1,0.1022385657186893,9/1,9.78,0.17566723883746893,9/2,0.2032029912570113,4/1,US,2026-06-05,US,us_horse_model.pkl,75,Charles Town,00:40,Claiming 6.5f,Claiming,Thoroughbred,14600.0,Dirt,,6.5,6.5f,One-Turn Mile
Makaan,Montano Jose,Soldo Elaine,-,7,124.0,,8,30/1,0.09203288014948313,10/1,10.87,0.15888314344618232,11/2,0.1839519921824445,9/2,US,2026-06-05,US,us_horse_model.pkl,75,Charles Town,00:40,Claiming 6.5f,Claiming,Thoroughbred,14600.0,Dirt,,6.5,6.5f,One-Turn Mile
Entitled Defense,Arroyo Bueno Nomar,Brown Ronney W,-,3,111.0,,9,9/5,0.14856508842747873,11/2,6.73,0.24975989076989005,3/1,0.2877079416482943,5/2,US,2026-06-05,US,us_horse_model.pkl,75,Charles Town,00:40,Claiming 6.5f,Claiming,Thoroughbred,14600.0,Dirt,,6.5,6.5f,One-Turn Mile
Pure Panic,Acosta J. D,Farrior Anthony,-,7,122.0,,1,5/2,0.15010286520276755,11/2,6.66,0.2521604612513174,3/1,0.29043205976952363,5/2,US,2026-06-05,US,us_horse_model.pkl,75,Charles Town,01:14,Starter Optional Claiming 4.5f,Starter Optional Claiming,Thoroughbred,24400.0,Dirt,,4.5,4.5f,Sprint
Cold As Hell,Barbosa Jeiron,"Jones, Jr. Michael E",-,8,122.0,,2,10/1,0.11404788135239574,8/1,8.77,0.19488065104153623,4/1,0.2251929396749639,7/2,US,2026-06-05,US,us_horse_model.pkl,75,Charles Town,01:14,Starter Optional Claiming 4.5f,Starter Optional Claiming,Thoroughbred,24400.0,Dirt,,4.5,4.5f,Sprint
Uncle Chinito,Bocachica Abnel J,Reynolds Joan A,-,5,122.0,,3,6/1,0.1236625437124949,7/1,8.09,0.21035863890853507,4/1,0.2428696746070501,3/1,US,2026-06-05,US,us_horse_model.pkl,75,Charles Town,01:14,Starter Optional Claiming 4.5f,Starter Optional Claiming,Thoroughbred,24400.0,Dirt,,4.5,4.5f,Sprint
Restless,Santaella Moises,Brown Ronney W,-,5,126.0,,4,3/1,0.14349278483019937,6/1,6.97,0.24181486925569814,3/1,0.2786856509152602,5/2,US,2026-06-05,US,us_horse_model.pkl,75,Charles Town,01:14,Starter Optional Claiming 4.5f,Starter Optional Claiming,Thoroughbred,24400.0,Dirt,,4.5,4.5f,Sprint
Maximillions Dream,Arroyo Bueno Nomar,Brown Ronney W,-,5,115.0,,5,5/1,0.12806926396087367,7/1,7.81,0.21740328603238868,7/2,0.2509035443092068,3/1,US,2026-06-05,US,us_horse_model.pkl,75,Charles Town,01:14,Starter Optional Claiming 4.5f,Starter Optional Claiming,Thoroughbred,24400.0,Dirt,,4.5,4.5f,Sprint
Tap In Formation,Almodovar Gerald,Tobin Edwin L,-,6,122.0,,6,10/1,0.11404788135239574,8/1,8.77,0.19488065104153623,4/1,0.2251929396749639,7/2,US,2026-06-05,US,us_horse_model.pkl,75,Charles Town,01:14,Starter Optional Claiming 4.5f,Starter Optional Claiming,Thoroughbred,24400.0,Dirt,,4.5,4.5f,Sprint
Cajun Joe,"Diaz, Jr. Sunday",Mangual Manolo,-,5,122.0,,7,15/1,0.1087898628742165,8/1,9.19,0.18635356576223705,9/2,0.21543995434524474,7/2,US,2026-06-05,US,us_horse_model.pkl,75,Charles Town,01:14,Starter Optional Claiming 4.5f,Starter Optional Claiming,Thoroughbred,24400.0,Dirt,,4.5,4.5f,Sprint
Thank Ya Pete,Ebow Iii Warren,Cromer Leslie,-,6,117.0,,8,8/1,0.11778691671465652,15/2,8.49,0.2009174438870654,4/1,0.2320913915767187,7/2,US,2026-06-05,US,us_horse_model.pkl,75,Charles Town,01:14,Starter Optional Claiming 4.5f,Starter Optional Claiming,Thoroughbred,24400.0,Dirt,,4.5,4.5f,Sprint
One Candy Castle,Davis Jacqueline A,Straughn William E,-,6,122.0,,1,30/1,0.11696644887884403,15/2,8.55,0.19959468785125747,4/1,0.2305802774659125,7/2,US,2026-06-05,US,us_horse_model.pkl,75,Charles Town,01:46,Allowance 6.5f,Allowance,Thoroughbred,34100.0,Dirt,,6.5,6.5f,One-Turn Mile
Candy Man Can,Bocachica Arnaldo,Jackson Angelo G,-,5,122.0,,2,8/1,0.13127949675552447,13/2,7.62,0.22251564914523705,7/2,0.2567292062913793,3/1,US,2026-06-05,US,us_horse_model.pkl,75,Charles Town,01:46,Allowance 6.5f,Allowance,Thoroughbred,34100.0,Dirt,,6.5,6.5f,One-Turn Mile
Arie Ferrari,Raspaldo Jahnxander,Runco Jeff C,-,4,119.0,,4,12/1,0.12507383963416652,7/1,8.0,0.21261813905283317,7/2,0.24544725133483317,3/1,US,2026-06-05,US,us_horse_model.pkl,75,Charles Town,01:46,Allowance 6.5f,Allowance,Thoroughbred,34100.0,Dirt,,6.5,6.5f,One-Turn Mile
Magical Surprise,Barbosa Jeiron,Walters David,-,7,122.0,,5,2/1,0.17161626804435112,5/1,5.83,0.28534756771385555,5/2,0.32799680508991974,2/1,US,2026-06-05,US,us_horse_model.pkl,75,Charles Town,01:46,Allowance 6.5f,Allowance,Thoroughbred,34100.0,Dirt,,6.5,6.5f,One-Turn Mile
Just A Wizard,Santaella Moises,Brown Ronney W,-,4,122.0,,6,7/5,0.18674255727766115,9/2,5.35,0.3082383769409096,2/1,0.3537993093146278,2/1,US,2026-06-05,US,us_horse_model.pkl,75,Charles Town,01:46,Allowance 6.5f,Allowance,Thoroughbred,34100.0,Dirt,,6.5,6.5f,One-Turn Mile
Ed's Prophecy,Nunez Juan M,Contreras Javier,-,4,122.0,,7,8/1,0.13127949675552447,13/2,7.62,0.22251564914523705,7/2,0.2567292062913793,3/1,US,2026-06-05,US,us_horse_model.pkl,75,Charles Town,01:46,Allowance 6.5f,Allowance,Thoroughbred,34100.0,Dirt,,6.5,6.5f,One-Turn Mile
Bold Rock,"Diaz, Jr. Sunday",Figgins Iii Ollie L,-,4,122.0,,8,6/1,0.13704189265392827,13/2,7.3,0.23165102250333425,7/2,0.26712944619686146,5/2,US,2026-06-05,US,us_horse_model.pkl,75,Charles Town,01:46,Allowance 6.5f,Allowance,Thoroughbred,34100.0,Dirt,,6.5,6.5f,One-Turn Mile
The Exodus Twist,Araujo Denis V,Dollinger-Stehr Linda,-,4,126.0,,1,9/2,0.12922770887707735,13/2,7.74,0.2192500353854443,7/2,0.2530084078260819,3/1,US,2026-06-05,US,us_horse_model.pkl,75,Charles Town,02:02,Allowance 4.5f,Allowance,Thoroughbred,34100.0,Dirt,,4.5,4.5f,Sprint
Tio Lino,Diaz Jose Y,Pyke Joseph,-,3,110.0,,2,20/1,0.10560461158420809,17/2,9.47,0.1811664336612934,9/2,0.20950211694020038,4/1,US,2026-06-05,US,us_horse_model.pkl,75,Charles Town,02:02,Allowance 4.5f,Allowance,Thoroughbred,34100.0,Dirt,,4.5,4.5f,Sprint
Pediatrician,Hiraldo Christian,Garrido Raul A,-,4,122.0,,3,3/1,0.141229766372648,6/1,7.08,0.23825690194302823,3/1,0.2746420777819208,5/2,US,2026-06-05,US,us_horse_model.pkl,75,Charles Town,02:02,Allowance 4.5f,Allowance,Thoroughbred,34100.0,Dirt,,4.5,4.5f,Sprint
Wall Art,Arroyo Bueno Nomar,Brown Ronney W,-,3,109.0,,4,7/2,0.13634003924482294,13/2,7.33,0.23054118559965742,7/2,0.26586661548272034,3/1,US,2026-06-05,US,us_horse_model.pkl,75,Charles Town,02:02,Allowance 4.5f,Allowance,Thoroughbred,34100.0,Dirt,,4.5,4.5f,Sprint
Feisty Notion,Acosta J. D,"Williams, Jr. Gary L",-,3,118.0,,5,10/1,0.11322496554964978,8/1,8.83,0.19354902373039412,4/1,0.22367054554817323,7/2,US,2026-06-05,US,us_horse_model.pkl,75,Charles Town,02:02,Allowance 4.5f,Allowance,Thoroughbred,34100.0,Dirt,,4.5,4.5f,Sprint
Zapping Strike,Davis Jacqueline A,Dollinger-Stehr Linda,-,5,122.0,,6,7/2,0.13634003924482294,13/2,7.33,0.23054118559965742,7/2,0.26586661548272034,3/1,US,2026-06-05,US,us_horse_model.pkl,75,Charles Town,02:02,Allowance 4.5f,Allowance,Thoroughbred,34100.0,Dirt,,4.5,4.5f,Sprint
Titanio,Espinoza Alexis,Cruz Jaime,-,3,116.0,,7,20/1,0.10560461158420809,17/2,9.47,0.1811664336612934,9/2,0.20950211694020038,4/1,US,2026-06-05,US,us_horse_model.pkl,75,Charles Town,02:02,Allowance 4.5f,Allowance,Thoroughbred,34100.0,Dirt,,4.5,4.5f,Sprint
Go Go Jelly Roll,Lewis Justin M,Haynes Ernest M,-,4,122.0,,8,4/1,0.13242825754256285,13/2,7.55,0.22434106886000565,7/2,0.2588083731040467,3/1,US,2026-06-05,US,us_horse_model.pkl,75,Charles Town,02:02,Allowance 4.5f,Allowance,Thoroughbred,34100.0,Dirt,,4.5,4.5f,Sprint
Forever Hustlin,Lewis Justin M,Jackson Angelo G,-,3,118.0,,1,12/1,0.09983133469226983,9/1,10.02,0.1717233661369337,5/1,0.19868287792868267,4/1,US,2026-06-05,US,us_horse_model.pkl,75,Charles Town,02:32,Allowance 6.5f,Allowance,Thoroughbred,34100.0,Dirt,,6.5,6.5f,One-Turn Mile
Gold Dart,"Diaz, Jr. Sunday",Keller Christopher M,-,4,122.0,,2,30/1,0.09204396472758268,10/1,10.86,0.15890146335543084,11/2,0.1839730253408739,9/2,US,2026-06-05,US,us_horse_model.pkl,75,Charles Town,02:32,Allowance 6.5f,Allowance,Thoroughbred,34100.0,Dirt,,6.5,6.5f,One-Turn Mile
Amendment,Rodriguez Victor,Joy Kevin J,-,5,124.0,,3,8/1,0.10579203762820319,17/2,9.45,0.18147210355034402,9/2,0.20985212827114683,4/1,US,2026-06-05,US,us_horse_model.pkl,75,Charles Town,02:32,Allowance 6.5f,Allowance,Thoroughbred,34100.0,Dirt,,6.5,6.5f,One-Turn Mile
Starship Refund,Arroyo Bueno Nomar,Joy Kevin J,-,4,115.0,,4,12/1,0.09983133469226983,9/1,10.02,0.1717233661369337,5/1,0.19868287792868267,4/1,US,2026-06-05,US,us_horse_model.pkl,75,Charles Town,02:32,Allowance 6.5f,Allowance,Thoroughbred,34100.0,Dirt,,6.5,6.5f,One-Turn Mile
Langleyswaterfall,Araujo Denis V,Keller Christopher M,-,4,122.0,,5,10/1,0.10226980407515165,9/1,9.78,0.17571835707481706,9/2,0.2032615644496916,4/1,US,2026-06-05,US,us_horse_model.pkl,75,Charles Town,02:32,Allowance 6.5f,Allowance,Thoroughbred,34100.0,Dirt,,6.5,6.5f,One-Turn Mile
Mesa's Spunky Girl,Lopez Antonio,Meyers Shane,-,3,116.0,,6,12/1,0.09983133469226983,9/1,10.02,0.1717233661369337,5/1,0.19868287792868267,4/1,US,2026-06-05,US,us_horse_model.pkl,75,Charles Town,02:32,Allowance 6.5f,Allowance,Thoroughbred,34100.0,Dirt,,6.5,6.5f,One-Turn Mile
Knock Knock,Ebow Iii Warren,Haynes Ernest M,-,3,115.0,,7,6/1,0.11132697606871275,8/1,8.98,0.19047360044319997,9/2,0.22015358458363266,7/2,US,2026-06-05,US,us_horse_model.pkl,75,Charles Town,02:32,Allowance 6.5f,Allowance,Thoroughbred,34100.0,Dirt,,6.5,6.5f,One-Turn Mile
Old Fashion Candy,Acosta J. D,Farrior Anthony,-,4,122.0,,8,5/1,0.1154781798990949,15/2,8.66,0.19719255579212464,4/1,0.22783544675201078,7/2,US,2026-06-05,US,us_horse_model.pkl,75,Charles Town,02:32,Allowance 6.5f,Allowance,Thoroughbred,34100.0,Dirt,,6.5,6.5f,One-Turn Mile
Belle Ofthe Wood,Toledo Jevian,Russell Brittany T,-,4,124.0,,9,1/1,0.17359503352444527,5/1,5.76,0.28836287181251885,5/2,0.3314008111705464,2/1,US,2026-06-05,US,us_horse_model.pkl,75,Charles Town,02:32,Allowance 6.5f,Allowance,Thoroughbred,34100.0,Dirt,,6.5,6.5f,One-Turn Mile
Doc Dallas,Davis Jacqueline A,Joy Kevin J,-,3,120.0,,1,5/1,0.12186483047867476,7/1,8.21,0.20747586533553766,4/1,0.23958000340686125,3/1,US,2026-06-05,US,us_horse_model.pkl,75,Charles Town,03:02,Claiming 6.5f,Claiming,Thoroughbred,14600.0,Dirt,,6.5,6.5f,One-Turn Mile
Coolkid,Santaella Moises,Viands Stacey R,-,5,122.0,,2,20/1,0.09654691805563546,19/2,10.36,0.16632740659131057,5/1,0.19249508979218874,4/1,US,2026-06-05,US,us_horse_model.pkl,75,Charles Town,03:02,Claiming 6.5f,Claiming,Thoroughbred,14600.0,Dirt,,6.5,6.5f,One-Turn Mile
Culminate,Barbosa Jeiron,Wilson Michelle R,-,4,124.0,,3,6/1,0.11680124799406692,15/2,8.56,0.19932822116294324,4/1,0.23027583610127186,7/2,US,2026-06-05,US,us_horse_model.pkl,75,Charles Town,03:02,Claiming 6.5f,Claiming,Thoroughbred,14600.0,Dirt,,6.5,6.5f,One-Turn Mile
Daguerre,Stokes Joe,Shanley Timothy,-,4,122.0,,5,15/1,0.09971165710851537,9/1,10.03,0.17152705114466676,5/1,0.19845782390822353,4/1,US,2026-06-05,US,us_horse_model.pkl,75,Charles Town,03:02,Claiming 6.5f,Claiming,Thoroughbred,14600.0,Dirt,,6.5,6.5f,One-Turn Mile
Bossme,Espinoza Alexis,Perez Ernesto,-,4,124.0,,6,20/1,0.09654691805563546,19/2,10.36,0.16632740659131057,5/1,0.19249508979218874,4/1,US,2026-06-05,US,us_horse_model.pkl,75,Charles Town,03:02,Claiming 6.5f,Claiming,Thoroughbred,14600.0,Dirt,,6.5,6.5f,One-Turn Mile
Happyflyer,"Diaz, Jr. Sunday",Mangual Manolo,-,4,124.0,,7,8/1,0.11004980468125641,8/1,9.09,0.18840088081795542,9/2,0.21778253436921755,7/2,US,2026-06-05,US,us_horse_model.pkl,75,Charles Town,03:02,Claiming 6.5f,Claiming,Thoroughbred,14600.0,Dirt,,6.5,6.5f,One-Turn Mile
Emirates Honor,Raspaldo Jahnxander,Hanagan Lela G,-,4,117.0,,8,9/2,0.12508711024160704,7/1,7.99,0.21263937031601593,7/2,0.24547146784391927,3/1,US,2026-06-05,US,us_horse_model.pkl,75,Charles Town,03:02,Claiming 6.5f,Claiming,Thoroughbred,14600.0,Dirt,,6.5,6.5f,One-Turn Mile
Tun Tavern,Araujo Denis V,Perez Ernesto,-,4,124.0,,9,7/2,0.1336798562760931,13/2,7.48,0.22632749811777006,7/2,0.26107036380839893,3/1,US,2026-06-05,US,us_horse_model.pkl,75,Charles Town,03:02,Claiming 6.5f,Claiming,Thoroughbred,14600.0,Dirt,,6.5,6.5f,One-Turn Mile
Singularity,Acosta J. D,Armstrong Busanda C,-,5,124.0,,10,15/1,0.09971165710851537,9/1,10.03,0.17152705114466676,5/1,0.19845782390822353,4/1,US,2026-06-05,US,us_horse_model.pkl,75,Charles Town,03:02,Claiming 6.5f,Claiming,Thoroughbred,14600.0,Dirt,,6.5,6.5f,One-Turn Mile
Lisnlinda,Morales Adrian X,Carlos Katie,-,2,124.0,,1,7/2,0.12512993728971106,7/1,7.99,0.21270788615657832,7/2,0.24554961698165353,3/1,US,2026-06-05,US,us_horse_model.pkl,75,Delta Downs,23:17,Maiden Claiming 250y,Maiden Claiming,Thoroughbred,17000.0,Dirt,,,250y,Unknown
Cindrellaachievement,Noe Castaneda,Jeane Emily,-,2,124.0,,2,10/1,0.10225573753322073,9/1,9.78,0.17569533887302696,9/2,0.20323518937545432,4/1,US,2026-06-05,US,us_horse_model.pkl,75,Delta Downs,23:17,Maiden Claiming 250y,Maiden Claiming,Thoroughbred,17000.0,Dirt,,,250y,Unknown
Special Innocence,Blake Donell,Robbins Ray,-,2,124.0,,3,5/1,0.11545239123888823,15/2,8.66,0.19715090051577697,4/1,0.22778784149461023,7/2,US,2026-06-05,US,us_horse_model.pkl,75,Delta Downs,23:17,Maiden Claiming 250y,Maiden Claiming,Thoroughbred,17000.0,Dirt,,,250y,Unknown
Kj Keep Coming,Ransom Bobby,Haywood Vann E,-,2,124.0,,4,9/2,0.11809172198002171,15/2,8.47,0.2014085757238737,4/1,0.23265239587781816,7/2,US,2026-06-05,US,us_horse_model.pkl,75,Delta Downs,23:17,Maiden Claiming 250y,Maiden Claiming,Thoroughbred,17000.0,Dirt,,,250y,Unknown
Bb Jess Classified,Garcia Flavio,Orozco Orlando,-,2,124.0,,5,3/1,0.12996871031512247,13/2,7.69,0.22043018603843947,7/2,0.25435323943468335,3/1,US,2026-06-05,US,us_horse_model.pkl,75,Delta Downs,23:17,Maiden Claiming 250y,Maiden Claiming,Thoroughbred,17000.0,Dirt,,,250y,Unknown
Jrs Shes Mucho Hot,Martinez Eddi E,Lopez Jorge G,-,2,124.0,,6,6/1,0.11130487150282128,8/1,8.98,0.19043774916887068,9/2,0.2201125782936392,7/2,US,2026-06-05,US,us_horse_model.pkl,75,Delta Downs,23:17,Maiden Claiming 250y,Maiden Claiming,Thoroughbred,17000.0,Dirt,,,250y,Unknown
Cindys Last Bux,Cabrera Rolando,Flores Salvador G,-,2,124.0,,7,20/1,0.09471479255855358,19/2,10.56,0.1633099130618686,5/1,0.18903308325061172,9/2,US,2026-06-05,US,us_horse_model.pkl,75,Delta Downs,23:17,Maiden Claiming 250y,Maiden Claiming,Thoroughbred,17000.0,Dirt,,,250y,Unknown
Rh La Diva,Hernandez Rene,Arteaga Erica,-,2,124.0,,8,8/1,0.1057748451880654,17/2,9.45,0.1814440670388704,9/2,0.20982002523292226,4/1,US,2026-06-05,US,us_horse_model.pkl,75,Delta Downs,23:17,Maiden Claiming 250y,Maiden Claiming,Thoroughbred,17000.0,Dirt,,,250y,Unknown
Give Them No Choice,Edison Jr. Randy,Clark Alex P,-,2,124.0,,9,15/1,0.09730699239359543,19/2,10.28,0.167577665693522,5/1,0.19392916818099445,4/1,US,2026-06-05,US,us_horse_model.pkl,75,Delta Downs,23:17,Maiden Claiming 250y,Maiden Claiming,Thoroughbred,17000.0,Dirt,,,250y,Unknown
Three R One Fire,Reyes Ignacio,Sanchez Noe R,-,4,128.0,,1,15/1,0.12453088872622492,7/1,8.03,0.21174924590965014,7/2,0.2444561298534346,3/1,US,2026-06-05,US,us_horse_model.pkl,75,Delta Downs,23:46,Claiming 550y,Claiming,Thoroughbred,13000.0,Dirt,,,550y,Unknown
Hamlet On The Move,Vital Humberto,"Flores, Jr. Mardonio",-,3,126.0,,3,5/2,0.17245866592305992,5/1,5.8,0.2866320054999386,5/2,0.3294470078412681,2/1,US,2026-06-05,US,us_horse_model.pkl,75,Delta Downs,23:46,Claiming 550y,Claiming,Thoroughbred,13000.0,Dirt,,,550y,Unknown
One Scared Up Hero,Vargas Federico,Morales Eduardo L,-,5,128.0,,4,7/2,0.1588258759648491,11/2,6.3,0.2657060496359271,3/1,0.30578611476258133,5/2,US,2026-06-05,US,us_horse_model.pkl,75,Delta Downs,23:46,Claiming 550y,Claiming,Thoroughbred,13000.0,Dirt,,,550y,Unknown
Ajs Maxin Out,Blake Donell,Ellis Trey,-,6,128.0,,5,10/1,0.13063078764218575,13/2,7.66,0.22148389561192008,7/2,0.25555381110057046,3/1,US,2026-06-05,US,us_horse_model.pkl,75,Delta Downs,23:46,Claiming 550y,Claiming,Thoroughbred,13000.0,Dirt,,,550y,Unknown
Too Many Dreams,Randy Edison Jr.,Arey Anthony,-,4,128.0,,6,8/1,0.13496849353798013,13/2,7.41,0.2283700929700348,7/2,0.2633956927570553,3/1,US,2026-06-05,US,us_horse_model.pkl,75,Delta Downs,23:46,Claiming 550y,Claiming,Thoroughbred,13000.0,Dirt,,,550y,Unknown
Rip With Effort,Cabrera Rolando,"Campos, Jr Francisco",-,3,126.0,,8,4/1,0.1540543994794753,11/2,6.49,0.25831171266387015,3/1,0.29740820510801824,5/2,US,2026-06-05,US,us_horse_model.pkl,75,Delta Downs,23:46,Claiming 550y,Claiming,Thoroughbred,13000.0,Dirt,,,550y,Unknown
Vf Up The Money,Hernandez Rene,Hoda Danny,-,5,128.0,,9,15/1,0.12453088872622492,7/1,8.03,0.21174924590965014,7/2,0.2444561298534346,3/1,US,2026-06-05,US,us_horse_model.pkl,75,Delta Downs,23:46,Claiming 550y,Claiming,Thoroughbred,13000.0,Dirt,,,550y,Unknown
First Lady Trump,Ramirez J. R,Robbins Ray,-,2,124.0,,1,3/1,0.14447018196941494,6/1,6.92,0.2433490207623262,3/1,0.2804285853096679,5/2,US,2026-06-05,US,us_horse_model.pkl,75,Delta Downs,00:13,Maiden Claiming 250y,Maiden Claiming,Thoroughbred,17000.0,Dirt,,,250y,Unknown
Suezque Leavingu,Edison Jr. Randy,Bustamante David,-,2,124.0,,3,20/1,0.10622183360263988,17/2,9.41,0.18217283813762625,9/2,0.21065446483824612,7/2,US,2026-06-05,US,us_horse_model.pkl,75,Delta Downs,00:13,Maiden Claiming 250y,Maiden Claiming,Thoroughbred,17000.0,Dirt,,,250y,Unknown
Heros Train,Garcia Jorge J,Jeane Emily,-,2,124.0,,4,10/1,0.11440329849392866,15/2,8.74,0.19545544552403885,4/1,0.22585000066033017,7/2,US,2026-06-05,US,us_horse_model.pkl,75,Delta Downs,00:13,Maiden Claiming 250y,Maiden Claiming,Thoroughbred,17000.0,Dirt,,,250y,Unknown
Blood Policy,Blake Donell,Hall Iii Wade L,-,2,124.0,,5,8/1,0.11822131544319678,15/2,8.46,0.20161734425765834,4/1,0.23289085506308144,7/2,US,2026-06-05,US,us_horse_model.pkl,75,Delta Downs,00:13,Maiden Claiming 250y,Maiden Claiming,Thoroughbred,17000.0,Dirt,,,250y,Unknown
Epiphone,Morales Adrian X,Clark Alex P,-,2,124.0,,6,20/1,0.10622183360263988,17/2,9.41,0.18217283813762625,9/2,0.21065446483824612,7/2,US,2026-06-05,US,us_horse_model.pkl,75,Delta Downs,00:13,Maiden Claiming 250y,Maiden Claiming,Thoroughbred,17000.0,Dirt,,,250y,Unknown
One Fabulous Lady,Edison Randy B,Orozco Orlando,-,2,124.0,,7,4/1,0.1350205900199764,13/2,7.41,0.2284526142524835,7/2,0.2634896233396737,3/1,US,2026-06-05,US,us_horse_model.pkl,75,Delta Downs,00:13,Maiden Claiming 250y,Maiden Claiming,Thoroughbred,17000.0,Dirt,,,250y,Unknown
Mucho Man Route,Palomo Leonardo,Davila Gregorio,-,2,124.0,,8,5/2,0.1512198905047282,11/2,6.61,0.25390183868110117,3/1,0.29240756924724104,5/2,US,2026-06-05,US,us_horse_model.pkl,75,Delta Downs,00:13,Maiden Claiming 250y,Maiden Claiming,Thoroughbred,17000.0,Dirt,,,250y,Unknown
Sweet Secret,Luna Ubaldo,Jourdan Preston,-,2,124.0,,9,6/1,0.1242210563634752,7/1,8.05,0.21125320477900922,7/2,0.24389026043483447,3/1,US,2026-06-05,US,us_horse_model.pkl,75,Delta Downs,00:13,Maiden Claiming 250y,Maiden Claiming,Thoroughbred,17000.0,Dirt,,,250y,Unknown
Rich Strike,Alvarez Arturo,"Rodriguez, Jr. Raul",-,4,128.0,,1,8/1,0.13104117669018553,13/2,7.63,0.2221366860516552,7/2,0.25629750206220636,3/1,US,2026-06-05,US,us_horse_model.pkl,75,Delta Downs,00:36,Allowance 300y,Allowance,Thoroughbred,14500.0,Dirt,,,300y,Unknown
G Amtrak B,Cabrera Rolando,"Campos, Jr Francisco",-,4,128.0,,2,6/1,0.13673548114134965,13/2,7.31,0.23116659261206424,7/2,0.2665782594135822,3/1,US,2026-06-05,US,us_horse_model.pkl,75,Delta Downs,00:36,Allowance 300y,Allowance,Thoroughbred,14500.0,Dirt,,,300y,Unknown
Xdw Jess A Rogue,Luna Ubaldo,"Martinez, Jr. Luis R",-,4,128.0,,3,9/2,0.1437239456950511,6/1,6.96,0.2421778441981688,3/1,0.2790980561368379,5/2,US,2026-06-05,US,us_horse_model.pkl,75,Delta Downs,00:36,Allowance 300y,Allowance,Thoroughbred,14500.0,Dirt,,,300y,Unknown
The Legend Of Corona,Edison Jr. Randy,Bustamante David,-,4,128.0,,4,3/1,0.15595375866402858,11/2,6.41,0.261259505722101,3/1,0.30074916086887815,5/2,US,2026-06-05,US,us_horse_model.pkl,75,Delta Downs,00:36,Allowance 300y,Allowance,Thoroughbred,14500.0,Dirt,,,300y,Unknown
Marfalous,Garcia Jorge J,Pizana Miguel,-,4,128.0,,5,6/1,0.13673548114134965,13/2,7.31,0.23116659261206424,7/2,0.2665782594135822,3/1,US,2026-06-05,US,us_horse_model.pkl,75,Delta Downs,00:36,Allowance 300y,Allowance,Thoroughbred,14500.0,Dirt,,,300y,Unknown
Jessapilottrain,Hernandez H. J,Oviedo Victor,-,3,126.0,,6,2/1,0.17090130784833438,5/1,5.85,0.28425654850758497,5/2,0.32676476375480396,2/1,US,2026-06-05,US,us_horse_model.pkl,75,Delta Downs,00:36,Allowance 300y,Allowance,Thoroughbred,14500.0,Dirt,,,300y,Unknown
My Lil Blue Beauty,Ransom Bobby,Chavira Anireal,-,4,128.0,,7,12/1,0.12490884881970109,7/1,8.01,0.2123541514646916,7/2,0.24514613995656304,3/1,US,2026-06-05,US,us_horse_model.pkl,75,Delta Downs,00:36,Allowance 300y,Allowance,Thoroughbred,14500.0,Dirt,,,300y,Unknown
Jtf Rubi,Vargas Federico,Huitron Lira Jesus,-,2,124.0,,1,12/1,0.1442426456517579,6/1,6.93,0.24299200951346936,3/1,0.28002302096161114,5/2,US,2026-06-05,US,us_horse_model.pkl,75,Delta Downs,01:01,Maiden Claiming 330y,Maiden Claiming,Thoroughbred,12500.0,Dirt,,,330y,Unknown
Mi Luci 123,Palomo Leonardo,"Roberts, Sr. Kenneth L",-,2,124.0,,2,5/1,0.16129116434424087,5/1,6.2,0.26951222406321684,5/2,0.31009512145783286,2/1,US,2026-06-05,US,us_horse_model.pkl,75,Delta Downs,01:01,Maiden Claiming 330y,Maiden Claiming,Thoroughbred,12500.0,Dirt,,,330y,Unknown
Hp Stoli The Goods,Rodriguez Leonardo,Hill Viviane,-,2,124.0,,3,2/1,0.19295269905885215,4/1,5.18,0.3175302630466571,2/1,0.364246849542084,3/2,US,2026-06-05,US,us_horse_model.pkl,75,Delta Downs,01:01,Maiden Claiming 330y,Maiden Claiming,Thoroughbred,12500.0,Dirt,,,330y,Unknown
Coronagirllizzie,Edison Jr. Randy,Clark Alex P,-,2,124.0,,4,3/1,0.17712193170154653,9/2,5.65,0.2937217341110339,5/2,0.33744666001459167,2/1,US,2026-06-05,US,us_horse_model.pkl,75,Delta Downs,01:01,Maiden Claiming 330y,Maiden Claiming,Thoroughbred,12500.0,Dirt,,,330y,Unknown
Jlsnottouchvalentina,Luna Ubaldo,Brooks Andre,-,2,124.0,,5,6/1,0.1567680879564393,11/2,6.38,0.2625215716003764,3/1,0.30217912796685287,5/2,US,2026-06-05,US,us_horse_model.pkl,75,Delta Downs,01:01,Maiden Claiming 330y,Maiden Claiming,Thoroughbred,12500.0,Dirt,,,330y,Unknown
Tha Duchess,Morales Adrian X,Clark Alex P,-,2,124.0,,7,4/1,0.16762347128716315,5/1,5.97,0.2792441458158069,5/2,0.3211018987640483,2/1,US,2026-06-05,US,us_horse_model.pkl,75,Delta Downs,01:01,Maiden Claiming 330y,Maiden Claiming,Thoroughbred,12500.0,Dirt,,,330y,Unknown
Ll I Dont Know,Morales Adrian X,Clark Alex P,-,4,128.0,,1,6/1,0.13776445110777946,13/2,7.26,0.23279277680278082,7/2,0.2684283989384063,5/2,US,2026-06-05,US,us_horse_model.pkl,75,Delta Downs,01:25,Allowance 300y,Allowance,Thoroughbred,14500.0,Dirt,,,300y,Unknown
Flying Lil Sashay,Ramirez Servando,"Ramirez, Jr. Saul",-,4,128.0,,2,7/2,0.15257186221703964,11/2,6.55,0.25600681347837106,3/1,0.2947949202013703,5/2,US,2026-06-05,US,us_horse_model.pkl,75,Delta Downs,01:25,Allowance 300y,Allowance,Thoroughbred,14500.0,Dirt,,,300y,Unknown
Mda Demand By Tlc,Edison Randy B,Orozco Orlando,-,4,128.0,,4,15/1,0.12277194735965351,7/1,8.15,0.2089311444005911,4/1,0.2412408432909427,3/1,US,2026-06-05,US,us_horse_model.pkl,75,Delta Downs,01:25,Allowance 300y,Allowance,Thoroughbred,14500.0,Dirt,,,300y,Unknown
Dress Me In Blue,Alvarez Arturo,"Calais, Jr. Phillip",-,7,128.0,,5,5/1,0.1422066744405575,6/1,7.03,0.23979382338864935,3/1,0.2763890042441838,5/2,US,2026-06-05,US,us_horse_model.pkl,75,Delta Downs,01:25,Allowance 300y,Allowance,Thoroughbred,14500.0,Dirt,,,300y,Unknown
A Secret To Catch,Rodriguez Yaidel,Gonzalez Jaime E,-,6,128.0,,6,8/1,0.13184148666407536,13/2,7.58,0.2234089339107008,7/2,0.2577467266281853,3/1,US,2026-06-05,US,us_horse_model.pkl,75,Delta Downs,01:25,Allowance 300y,Allowance,Thoroughbred,14500.0,Dirt,,,300y,Unknown
Akiles,Constantin Lucas,Flores Salvador G,-,4,128.0,,7,4/1,0.14842578710644677,11/2,6.74,0.2495422453690696,3/1,0.2874609172175532,5/2,US,2026-06-05,US,us_horse_model.pkl,75,Delta Downs,01:25,Allowance 300y,Allowance,Thoroughbred,14500.0,Dirt,,,300y,Unknown
Jrs Jeeses Cartel,Edison Jr. Randy,Bustamante David,-,3,126.0,,8,5/2,0.1644177911044478,5/1,6.08,0.2743254559626733,5/2,0.3155408302845079,2/1,US,2026-06-05,US,us_horse_model.pkl,75,Delta Downs,01:25,Allowance 300y,Allowance,Thoroughbred,14500.0,Dirt,,,300y,Unknown
Mo Jetta,Cabrera Rolando,Richey Tony J,-,3,126.0,,1,7/2,0.18060807455788547,9/2,5.54,0.29899911292778847,5/2,0.3433957523165021,2/1,US,2026-06-05,US,us_horse_model.pkl,75,Delta Downs,01:51,Maiden 220y,Maiden,Thoroughbred,13000.0,Dirt,,,220y,Unknown
All Politics Astride,"Juan Francisco Garcia, Jr.","Roberts, Sr. Kenneth L",-,3,126.0,,3,5/2,0.19517334453738716,4/1,5.12,0.3208379126329692,2/1,0.3679621256688124,3/2,US,2026-06-05,US,us_horse_model.pkl,75,Delta Downs,01:51,Maiden 220y,Maiden,Thoroughbred,13000.0,Dirt,,,220y,Unknown
Rp Eagle Kisses,Rodriguez Yaidel,Rubio Jorge E,-,3,126.0,,4,10/1,0.15048444800937066,11/2,6.65,0.2527555511427192,3/1,0.2911072148177249,5/2,US,2026-06-05,US,us_horse_model.pkl,75,Delta Downs,01:51,Maiden 220y,Maiden,Thoroughbred,13000.0,Dirt,,,220y,Unknown
Swig Of A Prize,Morales Adrian X,Hernandez Esau H,-,3,126.0,,5,12/1,0.14727601441248742,6/1,6.79,0.2477446464054956,3/1,0.2854203834028737,5/2,US,2026-06-05,US,us_horse_model.pkl,75,Delta Downs,01:51,Maiden 220y,Maiden,Thoroughbred,13000.0,Dirt,,,220y,Unknown
Cryptonyte,Rodriguez Leonardo,Huitron Rogelio,-,3,126.0,,6,9/2,0.17133926638911168,5/1,5.84,0.28492496413499385,5/2,0.32751960078969966,2/1,US,2026-06-05,US,us_horse_model.pkl,75,Delta Downs,01:51,Maiden 220y,Maiden,Thoroughbred,13000.0,Dirt,,,220y,Unknown
Reina Mariela,Castaneda Noe,Macias Manuel H,-,3,126.0,,8,8/1,0.15511885209375753,11/2,6.45,0.2599644471488555,3/1,0.2992815452945173,5/2,US,2026-06-05,US,us_horse_model.pkl,75,Delta Downs,01:51,Maiden 220y,Maiden,Thoroughbred,13000.0,Dirt,,,220y,Unknown
Never Bleu,Luna Ubaldo,Jourdan Preston,-,9,128.0,,1,7/2,0.13647182837217675,13/2,7.33,0.23074964311852225,7/2,0.2661038236484018,3/1,US,2026-06-05,US,us_horse_model.pkl,75,Delta Downs,02:10,Optional Claiming 440y,Optional Claiming,Thoroughbred,27000.0,Dirt,,,440y,Unknown
Lets Go Two,Blake Donell,Robbins Ray,-,4,128.0,,2,10/1,0.11327887928356725,8/1,8.83,0.19363629911702826,4/1,0.22377033155457612,7/2,US,2026-06-05,US,us_horse_model.pkl,75,Delta Downs,02:10,Optional Claiming 440y,Optional Claiming,Thoroughbred,27000.0,Dirt,,,440y,Unknown
Payasito Dream,Cabrera Rolando,Morales Eduardo L,-,3,126.0,,3,15/1,0.10826117395189692,8/1,9.24,0.18549372768506017,9/2,0.21445593533499638,7/2,US,2026-06-05,US,us_horse_model.pkl,75,Delta Downs,02:10,Optional Claiming 440y,Optional Claiming,Thoroughbred,27000.0,Dirt,,,440y,Unknown
Fast Dashin Lou,Rodriguez Leonardo,Keith Larry D,-,4,128.0,,4,5/2,0.14768600155787803,6/1,6.77,0.2483858787592576,3/1,0.28614833270977497,5/2,US,2026-06-05,US,us_horse_model.pkl,75,Delta Downs,02:10,Optional Claiming 440y,Optional Claiming,Thoroughbred,27000.0,Dirt,,,440y,Unknown
Angel 70805,"Ramirez, Jr. J.R.",Flores Salvador G,-,3,126.0,,5,4/1,0.1325468677571813,13/2,7.54,0.2245294242411346,7/2,0.25902288292261705,3/1,US,2026-06-05,US,us_horse_model.pkl,75,Delta Downs,02:10,Optional Claiming 440y,Optional Claiming,Thoroughbred,27000.0,Dirt,,,440y,Unknown
Ttt Run James Run,Ransom Bobby,Orozco Orlando,-,4,128.0,,6,6/1,0.12245411189005012,7/1,8.17,0.20842139378706548,4/1,0.24065912449844623,3/1,US,2026-06-05,US,us_horse_model.pkl,75,Delta Downs,02:10,Optional Claiming 440y,Optional Claiming,Thoroughbred,27000.0,Dirt,,,440y,Unknown
Scoop Of Power,Hernandez Rene,Hoda Danny,-,5,128.0,,7,8/1,0.1168470252971995,15/2,8.56,0.1994020636783156,4/1,0.23036020307123412,7/2,US,2026-06-05,US,us_horse_model.pkl,75,Delta Downs,02:10,Optional Claiming 440y,Optional Claiming,Thoroughbred,27000.0,Dirt,,,440y,Unknown
Mda One Eye Cartel,Garcia Flavio,Orozco Orlando,-,3,126.0,,8,6/1,0.12245411189005012,7/1,8.17,0.20842139378706548,4/1,0.24065912449844623,3/1,US,2026-06-05,US,us_horse_model.pkl,75,Delta Downs,02:10,Optional Claiming 440y,Optional Claiming,Thoroughbred,27000.0,Dirt,,,440y,Unknown
Bugs Gone Rogue,Martinez Eddi E,"Martinez, Jr. Luis R",-,6,128.0,,1,20/1,0.09672795387287059,19/2,10.34,0.1666252793228213,5/1,0.19283677636655283,4/1,US,2026-06-05,US,us_horse_model.pkl,75,Delta Downs,02:35,Claiming 250y,Claiming,Thoroughbred,14500.0,Dirt,,,250y,Unknown
Jrs Majestic Brees,Luna Ubaldo,Rosales Gilberto,-,3,126.0,,2,4/1,0.1297141963895133,13/2,7.71,0.22002493530514214,7/2,0.25389146239850297,3/1,US,2026-06-05,US,us_horse_model.pkl,75,Delta Downs,02:35,Claiming 250y,Claiming,Thoroughbred,14500.0,Dirt,,,250y,Unknown
Jessadifferentdolly,Palomo Leonardo,Meche Robert,-,4,128.0,,3,10/1,0.1060990454969168,17/2,9.43,0.1819726759301648,9/2,0.2104252873426328,4/1,US,2026-06-05,US,us_horse_model.pkl,75,Delta Downs,02:35,Claiming 250y,Claiming,Thoroughbred,14500.0,Dirt,,,250y,Unknown
Dukes Heir,Castaneda Noe,Thomas William B,-,3,126.0,,4,6/1,0.11734435544577226,15/2,8.52,0.20020408159840308,4/1,0.23127647890563963,7/2,US,2026-06-05,US,us_horse_model.pkl,75,Delta Downs,02:35,Claiming 250y,Claiming,Thoroughbred,14500.0,Dirt,,,250y,Unknown
Tates Tee Cos,Hernandez Rene,Barron Jose D,-,4,128.0,,5,12/1,0.10307146204914802,17/2,9.7,0.17702965065730727,9/2,0.204763971385367,4/1,US,2026-06-05,US,us_horse_model.pkl,75,Delta Downs,02:35,Claiming 250y,Claiming,Thoroughbred,14500.0,Dirt,,,250y,Unknown
Jrs Hiclass Cartel,Vital Humberto,"Flores, Jr. Mardonio",-,5,128.0,,6,8/1,0.11047222158813838,8/1,9.05,0.18908670946455408,9/2,0.21856714241820996,7/2,US,2026-06-05,US,us_horse_model.pkl,75,Delta Downs,02:35,Claiming 250y,Claiming,Thoroughbred,14500.0,Dirt,,,250y,Unknown
Bp Que,Ramirez Servando,Bustamante David,-,3,126.0,,7,6/1,0.11734435544577226,15/2,8.52,0.20020408159840308,4/1,0.23127647890563963,7/2,US,2026-06-05,US,us_horse_model.pkl,75,Delta Downs,02:35,Claiming 250y,Claiming,Thoroughbred,14500.0,Dirt,,,250y,Unknown
Billies Runnin Gold,Edison Jr. Randy,Huitron Lira Jesus,-,4,128.0,,9,5/1,0.12249845583899768,7/1,8.16,0.20849252316384476,4/1,0.2407402984106624,3/1,US,2026-06-05,US,us_horse_model.pkl,75,Delta Downs,02:35,Claiming 250y,Claiming,Thoroughbred,14500.0,Dirt,,,250y,Unknown
Rh Marie Flash,Garcia Flavio,Arteaga Erica,-,3,126.0,,10,20/1,0.09672795387287059,19/2,10.34,0.1666252793228213,5/1,0.19283677636655283,4/1,US,2026-06-05,US,us_horse_model.pkl,75,Delta Downs,02:35,Claiming 250y,Claiming,Thoroughbred,14500.0,Dirt,,,250y,Unknown
Drewy,Amador Silvio R,Koler Dale,-,5,122.0,,2,15/1,0.17240272763738468,5/1,5.8,0.28654674934984425,5/2,0.3293507574920166,2/1,US,2026-06-05,US,us_horse_model.pkl,75,Emerald Downs,02:00,Claiming 6f,Claiming,Thoroughbred,9500.0,Dirt,,6.0,6f,Sprint
Rabble,Nunnally Blake,Gibson Howard F,-,4,125.0,,3,5/2,0.23257119935820297,7/2,4.3,0.37535666862803496,3/2,0.42890121960422195,3/2,US,2026-06-05,US,us_horse_model.pkl,75,Emerald Downs,02:00,Claiming 6f,Claiming,Thoroughbred,9500.0,Dirt,,6.0,6f,Sprint
Daddys Nina,Castellanos Adrian,Trujillo Marcelino,-,7,122.0,,4,6/1,0.1940633774568793,4/1,5.15,0.3191856038464058,2/1,0.3661064387424782,3/2,US,2026-06-05,US,us_horse_model.pkl,75,Emerald Downs,02:00,Claiming 6f,Claiming,Thoroughbred,9500.0,Dirt,,6.0,6f,Sprint
Winanywayucan,Rodriguez Jose E,Velasquez Rigoberto,-,5,122.0,,5,8/1,0.18550608370102956,9/2,5.39,0.3063809449897785,5/2,0.35170901797305937,2/1,US,2026-06-05,US,us_horse_model.pkl,75,Emerald Downs,02:00,Claiming 6f,Claiming,Thoroughbred,9500.0,Dirt,,6.0,6f,Sprint
Shadowed Thoughts,Krigger Kevin,Kum Hon Cheung J,-,5,122.0,,6,7/2,0.21545661184650355,7/2,4.64,0.35068466005300647,2/1,0.40139517813044506,3/2,US,2026-06-05,US,us_horse_model.pkl,75,Emerald Downs,02:00,Claiming 6f,Claiming,Thoroughbred,9500.0,Dirt,,6.0,6f,Sprint
Exactamundo,Montalvo Carlos,Patino Faustino,-,3,122.0,,1,6/1,0.13776445110777946,13/2,7.26,0.23279277680278082,7/2,0.2684283989384063,5/2,US,2026-06-05,US,us_horse_model.pkl,75,Emerald Downs,02:27,Maiden Claiming 5.5f,Maiden Claiming,Thoroughbred,16000.0,Dirt,,5.5,5.5f,Sprint
Three Putt,Orozco Kevin E,Wright Blaine D,-,3,122.0,,2,4/1,0.14842578710644677,11/2,6.74,0.2495422453690696,3/1,0.2874609172175532,5/2,US,2026-06-05,US,us_horse_model.pkl,75,Emerald Downs,02:27,Maiden Claiming 5.5f,Maiden Claiming,Thoroughbred,16000.0,Dirt,,5.5,5.5f,Sprint
Cozmic Brownie,Amador Silvio R,Toye Joe,-,3,122.0,,3,8/1,0.13184148666407536,13/2,7.58,0.2234089339107008,7/2,0.2577467266281853,3/1,US,2026-06-05,US,us_horse_model.pkl,75,Emerald Downs,02:27,Maiden Claiming 5.5f,Maiden Claiming,Thoroughbred,16000.0,Dirt,,5.5,5.5f,Sprint
Silicon Native,Lopez Karlo,Peery Debbie,-,3,122.0,,4,7/2,0.15257186221703964,11/2,6.55,0.25600681347837106,3/1,0.2947949202013703,5/2,US,2026-06-05,US,us_horse_model.pkl,75,Emerald Downs,02:27,Maiden Claiming 5.5f,Maiden Claiming,Thoroughbred,16000.0,Dirt,,5.5,5.5f,Sprint
Big Wheelz,Nunnally Blake,Van Horne Debbie,-,3,122.0,,5,15/1,0.12277194735965351,7/1,8.15,0.2089311444005911,4/1,0.2412408432909427,3/1,US,2026-06-05,US,us_horse_model.pkl,75,Emerald Downs,02:27,Maiden Claiming 5.5f,Maiden Claiming,Thoroughbred,16000.0,Dirt,,5.5,5.5f,Sprint
Glorious Run,Castellanos Adrian,Wenzel Tom,-,3,119.0,,6,5/1,0.1422066744405575,6/1,7.03,0.23979382338864935,3/1,0.2763890042441838,5/2,US,2026-06-05,US,us_horse_model.pkl,75,Emerald Downs,02:27,Maiden Claiming 5.5f,Maiden Claiming,Thoroughbred,16000.0,Dirt,,5.5,5.5f,Sprint
Oregonian,Krigger Kevin,Patino Faustino,-,3,122.0,,7,5/2,0.1644177911044478,5/1,6.08,0.2743254559626733,5/2,0.3155408302845079,2/1,US,2026-06-05,US,us_horse_model.pkl,75,Emerald Downs,02:27,Maiden Claiming 5.5f,Maiden Claiming,Thoroughbred,16000.0,Dirt,,5.5,5.5f,Sprint
Baby Waylon,Cruz Alex M,Rodriguez Francisco,-,5,125.0,,3,9/5,0.36026936026936024,2/1,2.78,0.5446496389257331,1/1,0.613792243421873,1/2,US,2026-06-05,US,us_horse_model.pkl,75,Emerald Downs,02:54,Claiming 5.5f,Claiming,Thoroughbred,18000.0,Dirt,,5.5,5.5f,Sprint
Counteract,Lopez Karlo,Cloutier Mark,-,6,122.0,,4,5/2,0.3400673400673401,2/1,2.94,0.5196045754968314,1/1,0.5869310387828905,1/2,US,2026-06-05,US,us_horse_model.pkl,75,Emerald Downs,02:54,Claiming 5.5f,Claiming,Thoroughbred,18000.0,Dirt,,5.5,5.5f,Sprint
Rhodium Runner,Nunnally Blake,Carlson Doug A,-,7,119.0,,5,6/1,0.29966329966329963,5/2,3.34,0.46755546486186217,1/1,0.5305150268113231,1/1,US,2026-06-05,US,us_horse_model.pkl,75,Emerald Downs,02:54,Claiming 5.5f,Claiming,Thoroughbred,18000.0,Dirt,,5.5,5.5f,Sprint
Seas Of Normandy,Krigger Kevin,Jewell Ian,-,6,122.0,,1,5/2,0.2058965896589659,4/1,4.86,0.3366991368795845,2/1,0.38575009208731653,3/2,US,2026-06-05,US,us_horse_model.pkl,75,Emerald Downs,03:21,Claiming 8f,Claiming,Thoroughbred,20000.0,Dirt,,8.0,8f,Classic
Background,Enriquez Isaias D,Puhich Michael,-,9,122.0,,2,2/1,0.2142867620095343,7/2,4.67,0.3489811185191371,2/1,0.39949150221023816,3/2,US,2026-06-05,US,us_horse_model.pkl,75,Emerald Downs,03:21,Claiming 8f,Claiming,Thoroughbred,20000.0,Dirt,,8.0,8f,Classic
Elegant Boy,Alvarado Frank T,Perez Sergio S,-,5,122.0,,3,10/1,0.17157315731573158,5/1,5.83,0.28528180451928586,5/2,0.3279225472206187,2/1,US,2026-06-05,US,us_horse_model.pkl,75,Emerald Downs,03:21,Claiming 8f,Claiming,Thoroughbred,20000.0,Dirt,,8.0,8f,Classic
Afjan,Lopez Karlo,Crowe Shelly,-,7,122.0,,4,8/5,0.22332233223322331,7/2,4.48,0.36208190676053303,2/1,0.4141167472082742,3/2,US,2026-06-05,US,us_horse_model.pkl,75,Emerald Downs,03:21,Claiming 8f,Claiming,Thoroughbred,20000.0,Dirt,,8.0,8f,Classic
The Black Strat,Amador Silvio R,Toye Joe,-,7,122.0,,5,5/1,0.18492115878254492,9/2,5.41,0.30550141783619755,5/2,0.3507190149813173,2/1,US,2026-06-05,US,us_horse_model.pkl,75,Emerald Downs,03:21,Claiming 8f,Claiming,Thoroughbred,20000.0,Dirt,,8.0,8f,Classic
Peso,Montalvo Carlos,Peery Debbie,-,7,122.0,,1,10/1,0.1140529382790259,8/1,8.77,0.1948888307181832,4/1,0.22520229038286718,7/2,US,2026-06-05,US,us_horse_model.pkl,75,Emerald Downs,03:48,Claiming 6f,Claiming,Thoroughbred,16000.0,Dirt,,6.0,6f,Sprint
Royal Halo,Orozco Kevin E,Pirone Mary E,-,6,122.0,,2,20/1,0.10603831158530985,17/2,9.43,0.18187366203446714,9/2,0.21031191845290112,4/1,US,2026-06-05,US,us_horse_model.pkl,75,Emerald Downs,03:48,Claiming 6f,Claiming,Thoroughbred,16000.0,Dirt,,6.0,6f,Sprint
Winds Of Freedom,Krigger Kevin,Wright Blaine D,-,4,122.0,,3,5/2,0.15011875840074804,11/2,6.66,0.25218525182232077,3/1,0.29046018685541053,5/2,US,2026-06-05,US,us_horse_model.pkl,75,Emerald Downs,03:48,Claiming 6f,Claiming,Thoroughbred,16000.0,Dirt,,6.0,6f,Sprint
Handsome Ticket,Lopez Karlo,Rodriguez Francisco,-,7,125.0,,4,6/1,0.12367049031148511,7/1,8.09,0.2103713704215667,4/1,0.24288420046284728,3/1,US,2026-06-05,US,us_horse_model.pkl,75,Emerald Downs,03:48,Claiming 6f,Claiming,Thoroughbred,16000.0,Dirt,,6.0,6f,Sprint
Hawker,Enriquez Isaias D,Lucarelli Frank,-,6,122.0,,5,7/2,0.13836397258329786,6/1,7.23,0.23373947952271085,7/2,0.26950529462499073,5/2,US,2026-06-05,US,us_horse_model.pkl,75,Emerald Downs,03:48,Claiming 6f,Claiming,Thoroughbred,16000.0,Dirt,,6.0,6f,Sprint
Whiskey Harbor,Nunnally Blake,Harwood Ryland M,-,5,122.0,,6,15/1,0.10879333951127473,8/1,9.19,0.18635921854268211,9/2,0.2154464231794599,7/2,US,2026-06-05,US,us_horse_model.pkl,75,Emerald Downs,03:48,Claiming 6f,Claiming,Thoroughbred,16000.0,Dirt,,6.0,6f,Sprint
A Skip In The Park,Alvarado Frank T,Wenzel Tom,-,6,122.0,,7,9/2,0.13088365433582955,13/2,7.64,0.22188615302665243,7/2,0.256012090035711,3/1,US,2026-06-05,US,us_horse_model.pkl,75,Emerald Downs,03:48,Claiming 6f,Claiming,Thoroughbred,16000.0,Dirt,,6.0,6f,Sprint
Barrister Proof,Amador Silvio R,Gilmour James L,-,5,125.0,,8,5/1,0.12807853499302896,7/1,7.81,0.2174180740866837,7/2,0.25092040124680426,3/1,US,2026-06-05,US,us_horse_model.pkl,75,Emerald Downs,03:48,Claiming 6f,Claiming,Thoroughbred,16000.0,Dirt,,6.0,6f,Sprint
Naval Harbor,Cruz Alex M,Rodriguez Francisco,-,4,122.0,,1,12/1,0.10051862140047203,9/1,9.95,0.17285032392224853,5/1,0.1999747123679147,4/1,US,2026-06-05,US,us_horse_model.pkl,75,Emerald Downs,04:15,Starter Allowance 6f,Starter Allowance,Thoroughbred,10000.0,Dirt,,6.0,6f,Sprint
A View From Above,Amador Silvio R,Silva-Martinez Alexis,-,7,122.0,,2,4/1,0.12307681070295572,7/1,8.13,0.20941993819907134,4/1,0.24179861101011468,3/1,US,2026-06-05,US,us_horse_model.pkl,75,Emerald Downs,04:15,Starter Allowance 6f,Starter Allowance,Thoroughbred,10000.0,Dirt,,6.0,6f,Sprint
Cane Creek Road,Timentwa Talliyah,Nunnally Jennifer,-,8,117.0,,4,15/1,0.09787508359158723,9/1,10.22,0.16851152487440885,5/1,0.19500019035546695,4/1,US,2026-06-05,US,us_horse_model.pkl,75,Emerald Downs,04:15,Starter Allowance 6f,Starter Allowance,Thoroughbred,10000.0,Dirt,,6.0,6f,Sprint
Fordy G,Lopez Karlo,Lyons Kendra S,-,6,122.0,,5,5/1,0.1169673011001997,15/2,8.55,0.19959606235902766,4/1,0.23058184783108815,7/2,US,2026-06-05,US,us_horse_model.pkl,75,Emerald Downs,04:15,Starter Allowance 6f,Starter Allowance,Thoroughbred,10000.0,Dirt,,6.0,6f,Sprint
Blazing Peme,Nunnally Blake,Maravilla Jorge,-,6,125.0,,6,6/1,0.11260336566965973,8/1,8.88,0.19254244383727942,4/1,0.2225195981501368,7/2,US,2026-06-05,US,us_horse_model.pkl,75,Emerald Downs,04:15,Starter Allowance 6f,Starter Allowance,Thoroughbred,10000.0,Dirt,,6.0,6f,Sprint
Fraser Landing,Castillo Pablo E,Henson Steve,-,5,117.0,,7,6/1,0.11260336566965973,8/1,8.88,0.19254244383727942,4/1,0.2225195981501368,7/2,US,2026-06-05,US,us_horse_model.pkl,75,Emerald Downs,04:15,Starter Allowance 6f,Starter Allowance,Thoroughbred,10000.0,Dirt,,6.0,6f,Sprint
Olympic Legend,Castellanos Adrian,Cryderman Candice S,-,7,122.0,,8,6/1,0.11260336566965973,8/1,8.88,0.19254244383727942,4/1,0.2225195981501368,7/2,US,2026-06-05,US,us_horse_model.pkl,75,Emerald Downs,04:15,Starter Allowance 6f,Starter Allowance,Thoroughbred,10000.0,Dirt,,6.0,6f,Sprint
Tex Hanley,Krigger Kevin,Gilker Robert,-,7,122.0,,9,5/1,0.1169673011001997,15/2,8.55,0.19959606235902766,4/1,0.23058184783108815,7/2,US,2026-06-05,US,us_horse_model.pkl,75,Emerald Downs,04:15,Starter Allowance 6f,Starter Allowance,Thoroughbred,10000.0,Dirt,,6.0,6f,Sprint
Good Focus,Morales Allyssa,Gilmour James L,-,7,125.0,,10,8/1,0.10678478509560639,17/2,9.36,0.18309022090975963,9/2,0.2117047593400671,7/2,US,2026-06-05,US,us_horse_model.pkl,75,Emerald Downs,04:15,Starter Allowance 6f,Starter Allowance,Thoroughbred,10000.0,Dirt,,6.0,6f,Sprint
In Without Knockin,Amador Silvio R,Lyons Kendra S,-,5,125.0,,1,3/1,0.17339206213886518,5/1,5.77,0.28805386607974287,5/2,0.331052042557572,2/1,US,2026-06-05,US,us_horse_model.pkl,75,Emerald Downs,04:41,Claiming 6f,Claiming,Thoroughbred,9000.0,Dirt,,6.0,6f,Sprint
Union Coach,Castellanos Adrian,Velasquez Rigoberto,-,5,125.0,,2,5/2,0.17964383821161312,9/2,5.57,0.2975413818949834,5/2,0.3417529607762473,2/1,US,2026-06-05,US,us_horse_model.pkl,75,Emerald Downs,04:41,Claiming 6f,Claiming,Thoroughbred,9000.0,Dirt,,6.0,6f,Sprint
Solo Un Beso,Rodriguez Jose E,Velasquez Rigoberto,-,5,125.0,,3,5/1,0.15880458463578667,11/2,6.3,0.26567313546334026,3/1,0.30574884202367286,5/2,US,2026-06-05,US,us_horse_model.pkl,75,Emerald Downs,04:41,Claiming 6f,Claiming,Thoroughbred,9000.0,Dirt,,6.0,6f,Sprint
Shanghai Barbie,Timentwa Talliyah,Puentes Jose,-,10,120.0,,4,10/1,0.1455432414511698,6/1,6.87,0.24503156650641486,3/1,0.28233968840213175,5/2,US,2026-06-05,US,us_horse_model.pkl,75,Emerald Downs,04:41,Claiming 6f,Claiming,Thoroughbred,9000.0,Dirt,,6.0,6f,Sprint
Ginger In Charge,Lopez Karlo,Gilmour James L,-,4,125.0,,5,2/1,0.18797953964194372,9/2,5.32,0.310094125496301,2/1,0.355887095191685,2/1,US,2026-06-05,US,us_horse_model.pkl,75,Emerald Downs,04:41,Claiming 6f,Claiming,Thoroughbred,9000.0,Dirt,,6.0,6f,Sprint
Roses R Blue,Nunnally Blake,Puentes Jose,-,8,125.0,,6,6/1,0.15463673392062136,11/2,6.47,0.2592161054750088,3/1,0.2984333698079041,5/2,US,2026-06-05,US,us_horse_model.pkl,75,Emerald Downs,04:41,Claiming 6f,Claiming,Thoroughbred,9000.0,Dirt,,6.0,6f,Sprint
Native Requite,Vargas Juan P,Ward Ronnie P,-,5,124.0,,1,15/1,0.0885185244796389,21/2,11.3,0.15306492072250807,11/2,0.17726981931358402,9/2,US,2026-06-05,US,us_horse_model.pkl,75,Evangeline Downs,22:33,Claiming 7f,Claiming,Thoroughbred,15000.0,Dirt,,7.0,7f,One-Turn Mile
Parole Drama,Castillo Isaac,Pomier Chasey D,-,3,121.0,,2,5/2,0.12687833412914293,7/1,7.88,0.21550251209534813,7/2,0.24873657883267508,3/1,US,2026-06-05,US,us_horse_model.pkl,75,Evangeline Downs,22:33,Claiming 7f,Claiming,Thoroughbred,15000.0,Dirt,,7.0,7f,One-Turn Mile
Awesome William,"Ramirez, Jr. Julio",Govea Cesar,-,4,124.0,,3,8/1,0.09687243858108645,19/2,10.32,0.1668629739606385,5/1,0.19310942472797055,4/1,US,2026-06-05,US,us_horse_model.pkl,75,Evangeline Downs,22:33,Claiming 7f,Claiming,Thoroughbred,15000.0,Dirt,,7.0,7f,One-Turn Mile
Jayjayjay,Hernandez Harry,Jeansonne Justin,-,4,124.0,,4,10/1,0.09340068207139396,19/2,10.71,0.16114227779938783,5/1,0.18654537619738554,9/2,US,2026-06-05,US,us_horse_model.pkl,75,Evangeline Downs,22:33,Claiming 7f,Claiming,Thoroughbred,15000.0,Dirt,,7.0,7f,One-Turn Mile
About The Business,Santiago Edward,Zenon Charles,-,4,124.0,,5,9/2,0.10902358636501014,8/1,9.17,0.18673354154990718,9/2,0.21587477474424357,7/2,US,2026-06-05,US,us_horse_model.pkl,75,Evangeline Downs,22:33,Claiming 7f,Claiming,Thoroughbred,15000.0,Dirt,,7.0,7f,One-Turn Mile
Bellamy Brother,Javier Antonio Hernandez,Ramirez Rosa E,-,6,124.0,,6,20/1,0.08596120383633864,21/2,11.63,0.1488187040534155,11/2,0.17239026663481932,5/1,US,2026-06-05,US,us_horse_model.pkl,75,Evangeline Downs,22:33,Claiming 7f,Claiming,Thoroughbred,15000.0,Dirt,,7.0,7f,One-Turn Mile
Seizethedaydude,Hernandez Colby J,Terre David,-,3,121.0,,7,5/1,0.10641976898274079,17/2,9.4,0.1824954503846615,9/2,0.21102383091038177,7/2,US,2026-06-05,US,us_horse_model.pkl,75,Evangeline Downs,22:33,Claiming 7f,Claiming,Thoroughbred,15000.0,Dirt,,7.0,7f,One-Turn Mile
Wicked Punches,Perez Carlos,Breaux Samuel,-,5,124.0,,8,7/2,0.11596709938439512,15/2,8.62,0.1979820843802071,4/1,0.22873770375363658,7/2,US,2026-06-05,US,us_horse_model.pkl,75,Evangeline Downs,22:33,Claiming 7f,Claiming,Thoroughbred,15000.0,Dirt,,7.0,7f,One-Turn Mile
A True Target,Mudd Jamison,"Patt, Jr. Roland",-,5,119.0,,9,20/1,0.08596120383633864,21/2,11.63,0.1488187040534155,11/2,0.17239026663481932,5/1,US,2026-06-05,US,us_horse_model.pkl,75,Evangeline Downs,22:33,Claiming 7f,Claiming,Thoroughbred,15000.0,Dirt,,7.0,7f,One-Turn Mile
Tincan Cat,Nava-Marin Jose,Ramirez Rosa E,-,6,124.0,,10,12/1,0.09099715833391456,10/1,10.99,0.15717049874116817,11/2,0.18198550139388828,9/2,US,2026-06-05,US,us_horse_model.pkl,75,Evangeline Downs,22:33,Claiming 7f,Claiming,Thoroughbred,15000.0,Dirt,,7.0,7f,One-Turn Mile
Stable Agent,Edward Santiago,Broussard Jarmondrick J,-,4,124.0,,1,20/1,0.1059636980416114,17/2,9.44,0.18175201223277748,9/2,0.21017263005446477,4/1,US,2026-06-05,US,us_horse_model.pkl,75,Evangeline Downs,23:00,Claiming 6f,Claiming,Thoroughbred,11000.0,Dirt,,6.0,6f,Sprint
Jamesy's Empire,"Ramirez, Jr. Julio",Brinkman Brett A,-,4,124.0,,2,2/1,0.15841255295794657,11/2,6.31,0.26506696577658045,3/1,0.30506237058356817,5/2,US,2026-06-05,US,us_horse_model.pkl,75,Evangeline Downs,23:00,Claiming 6f,Claiming,Thoroughbred,11000.0,Dirt,,6.0,6f,Sprint
Rancho,Perez Carlos,Cano Juan M,-,4,124.0,,3,4/1,0.13393642066365682,13/2,7.47,0.22673438537042867,7/2,0.2615336221354681,3/1,US,2026-06-05,US,us_horse_model.pkl,75,Evangeline Downs,23:00,Claiming 6f,Claiming,Thoroughbred,11000.0,Dirt,,6.0,6f,Sprint
Jamaican Me,Hernandez Javier A,Govea Cesar,-,9,116.0,,4,15/1,0.10869540923517053,8/1,9.2,0.18619998303226598,9/2,0.2152641982061768,7/2,US,2026-06-05,US,us_horse_model.pkl,75,Evangeline Downs,23:00,Claiming 6f,Claiming,Thoroughbred,11000.0,Dirt,,6.0,6f,Sprint
U Rascal U,Nava-Marin Jose,"Zenon, Sr. Shelton J",-,5,124.0,,5,20/1,0.1059636980416114,17/2,9.44,0.18175201223277748,9/2,0.21017263005446477,4/1,US,2026-06-05,US,us_horse_model.pkl,75,Evangeline Downs,23:00,Claiming 6f,Claiming,Thoroughbred,11000.0,Dirt,,6.0,6f,Sprint
Donegal Dreamer,Mudd Jamison,Noel Dane,-,5,119.0,,6,5/2,0.14967107713855735,11/2,6.68,0.25148679378395045,3/1,0.28966768752597283,5/2,US,2026-06-05,US,us_horse_model.pkl,75,Evangeline Downs,23:00,Claiming 6f,Claiming,Thoroughbred,11000.0,Dirt,,6.0,6f,Sprint
Louisiana Wildlife,Barrera Elio J,Alberto Antonio,-,5,121.0,,8,10/1,0.11391049424105613,8/1,8.78,0.19465840907530768,4/1,0.22493887713815203,7/2,US,2026-06-05,US,us_horse_model.pkl,75,Evangeline Downs,23:00,Claiming 6f,Claiming,Thoroughbred,11000.0,Dirt,,6.0,6f,Sprint
Gypsy Squall,Pompell Thomas L,Thomas Lee,-,4,121.0,,9,6/1,0.1234466496803898,7/1,8.1,0.21001270917085135,4/1,0.24247498147977442,3/1,US,2026-06-05,US,us_horse_model.pkl,75,Evangeline Downs,23:00,Claiming 6f,Claiming,Thoroughbred,11000.0,Dirt,,6.0,6f,Sprint
Tough Love Torres,Hernandez Harry,Alberto Antonio,-,5,122.0,,1,2/1,0.19016010273181636,9/2,5.26,0.3133594931804895,2/1,0.35955926459874193,2/1,US,2026-06-05,US,us_horse_model.pkl,75,Evangeline Downs,23:26,Claiming 6f,Claiming,Thoroughbred,11500.0,Dirt,,6.0,6f,Sprint
Yuma's Shadow,Castillo Isaac,Wong Jonathan,-,5,122.0,,2,5/2,0.18151289228864684,9/2,5.51,0.30036566206597237,5/2,0.34493545073246945,2/1,US,2026-06-05,US,us_horse_model.pkl,75,Evangeline Downs,23:26,Claiming 6f,Claiming,Thoroughbred,11500.0,Dirt,,6.0,6f,Sprint
Takeittothehouse,Hernandez Javier A,Ramirez Eduardo,-,4,114.0,,3,3/1,0.17502748445626967,9/2,5.71,0.29054177576921364,5/2,0.3338596350115676,2/1,US,2026-06-05,US,us_horse_model.pkl,75,Evangeline Downs,23:26,Claiming 6f,Claiming,Thoroughbred,11500.0,Dirt,,6.0,6f,Sprint
Goldzone,Barrera Elio J,Gonzalez Isai V,-,5,119.0,,4,8/1,0.1498064539970252,11/2,6.68,0.25169803826731507,3/1,0.2899073823686738,5/2,US,2026-06-05,US,us_horse_model.pkl,75,Evangeline Downs,23:26,Claiming 6f,Claiming,Thoroughbred,11500.0,Dirt,,6.0,6f,Sprint
Lil Temptation,Nieves Emanuel,Quinones Raul,-,5,122.0,,6,5/1,0.159894866180723,11/2,6.25,0.26735766454054033,5/2,0.3076562139254718,5/2,US,2026-06-05,US,us_horse_model.pkl,75,Evangeline Downs,23:26,Claiming 6f,Claiming,Thoroughbred,11500.0,Dirt,,6.0,6f,Sprint
Taken It,Devin H. Magnon,Chevis Vincent A,-,6,119.0,,7,12/1,0.14359820034551884,6/1,6.96,0.2419804061079565,3/1,0.27887373326887066,5/2,US,2026-06-05,US,us_horse_model.pkl,75,Evangeline Downs,23:26,Claiming 6f,Claiming,Thoroughbred,11500.0,Dirt,,6.0,6f,Sprint
B Minor,"Ramirez, Jr. Julio",Eschete Nason,-,6,120.0,,1,15/1,0.08832939214315247,21/2,11.32,0.1527512406445714,11/2,0.1769094338326035,9/2,US,2026-06-05,US,us_horse_model.pkl,75,Evangeline Downs,23:53,Claiming 8f,Claiming,Thoroughbred,10000.0,Dirt,,8.0,8f,Classic
Uxmal,Castillo Isaac,Wong Jonathan,-,6,122.0,,2,6/1,0.10189575347006277,9/1,9.81,0.17510616058592754,9/2,0.20256006325437684,4/1,US,2026-06-05,US,us_horse_model.pkl,75,Evangeline Downs,23:53,Claiming 8f,Claiming,Thoroughbred,10000.0,Dirt,,8.0,8f,Classic
Golden Glider,Barrera Elio J,Cano Juan M,-,7,120.0,,3,2/1,0.13405305439310944,13/2,7.46,0.22691932079389943,7/2,0.26174417069419564,3/1,US,2026-06-05,US,us_horse_model.pkl,75,Evangeline Downs,23:53,Claiming 8f,Claiming,Thoroughbred,10000.0,Dirt,,8.0,8f,Classic
Crimson Storm,Rodriguez Jose L,Mojica Edith A,-,8,120.0,,4,20/1,0.08581710300853945,21/2,11.65,0.1485791252803484,11/2,0.17211488363227673,5/1,US,2026-06-05,US,us_horse_model.pkl,75,Evangeline Downs,23:53,Claiming 8f,Claiming,Thoroughbred,10000.0,Dirt,,8.0,8f,Classic
Khozy My Boy,Hernandez Harry,Woodley Carl J,-,9,120.0,,5,8/1,0.09653620331622166,19/2,10.36,0.16630977512863027,5/1,0.1924748645582835,4/1,US,2026-06-05,US,us_horse_model.pkl,75,Evangeline Downs,23:53,Claiming 8f,Claiming,Thoroughbred,10000.0,Dirt,,8.0,8f,Classic
Sophie's Painter,Perez Carlos,Larrosa Juan A,-,4,117.0,,6,9/2,0.10847338320432232,8/1,9.22,0.18583890987674678,9/2,0.21485098237890596,7/2,US,2026-06-05,US,us_horse_model.pkl,75,Evangeline Downs,23:53,Claiming 8f,Claiming,Thoroughbred,10000.0,Dirt,,8.0,8f,Classic
Seehoss,Vargas Juan P,Larrosa Juan A,-,8,117.0,,7,12/1,0.09076438007362356,10/1,11.02,0.15678534598040306,11/2,0.18154320819544537,9/2,US,2026-06-05,US,us_horse_model.pkl,75,Evangeline Downs,23:53,Claiming 8f,Claiming,Thoroughbred,10000.0,Dirt,,8.0,8f,Classic
Birthday Party,Fusilier Casey,Fuselier Jonah,-,8,120.0,,8,20/1,0.08581710300853945,21/2,11.65,0.1485791252803484,11/2,0.17211488363227673,5/1,US,2026-06-05,US,us_horse_model.pkl,75,Evangeline Downs,23:53,Claiming 8f,Claiming,Thoroughbred,10000.0,Dirt,,8.0,8f,Classic
Tappin Fora Dance,Pompell Thomas L,Romero Alvin,-,9,120.0,,9,3/1,0.11998423523927652,15/2,8.33,0.20445465006593452,4/1,0.23613105562593129,3/1,US,2026-06-05,US,us_horse_model.pkl,75,Evangeline Downs,23:53,Claiming 8f,Claiming,Thoroughbred,10000.0,Dirt,,8.0,8f,Classic
Samurai's Grandson,Thornton Timothy,Ducoing Sturges J,-,6,117.0,,11,15/1,0.08832939214315247,21/2,11.32,0.1527512406445714,11/2,0.1769094338326035,9/2,US,2026-06-05,US,us_horse_model.pkl,75,Evangeline Downs,23:53,Claiming 8f,Claiming,Thoroughbred,10000.0,Dirt,,8.0,8f,Classic
Traitour,Barrera Elio J,Leonard Iii George,-,4,124.0,,1,15/1,0.11242230604286425,8/1,8.9,0.1922491309603593,4/1,0.22218419030441997,7/2,US,2026-06-05,US,us_horse_model.pkl,75,Evangeline Downs,00:21,Claiming 8f,Claiming,Thoroughbred,19000.0,Dirt,,8.0,8f,Classic
Interlude,Rodriguez Jose L,Mojica Edith A,-,5,124.0,,2,8/1,0.1242445934589192,7/1,8.05,0.21129089302303689,7/2,0.24393325535958102,3/1,US,2026-06-05,US,us_horse_model.pkl,75,Evangeline Downs,00:21,Claiming 8f,Claiming,Thoroughbred,19000.0,Dirt,,8.0,8f,Classic
Bons Temps Roule,Perez Carlos,Larrosa Juan A,-,5,121.0,,3,4/1,0.14586249044827676,6/1,6.86,0.24553178991107927,3/1,0.28290777720963023,5/2,US,2026-06-05,US,us_horse_model.pkl,75,Evangeline Downs,00:21,Claiming 8f,Claiming,Thoroughbred,19000.0,Dirt,,8.0,8f,Classic
Dixie Doctor,Hernandez Harry,Alberto Antonio,-,4,124.0,,4,9/2,0.1414406478822718,6/1,7.07,0.23858880068940383,3/1,0.27501935799207833,5/2,US,2026-06-05,US,us_horse_model.pkl,75,Evangeline Downs,00:21,Claiming 8f,Claiming,Thoroughbred,19000.0,Dirt,,8.0,8f,Classic
Ready Shoes,Hernandez Colby J,Wilson Melton,-,6,124.0,,5,10/1,0.11933143505224703,15/2,8.38,0.20340458998074173,4/1,0.23493202307892724,7/2,US,2026-06-05,US,us_horse_model.pkl,75,Evangeline Downs,00:21,Claiming 8f,Claiming,Thoroughbred,19000.0,Dirt,,8.0,8f,Classic
Chenti,Santiago Edward,Escobar Alison,-,8,124.0,,6,6/1,0.13196527095511834,13/2,7.58,0.22360562152860677,7/2,0.25797075299366495,3/1,US,2026-06-05,US,us_horse_model.pkl,75,Evangeline Downs,00:21,Claiming 8f,Claiming,Thoroughbred,19000.0,Dirt,,8.0,8f,Classic
Primo Canary,Hernandez Javier A,Alberto Antonio,-,4,119.0,,8,12/1,0.11593001769378167,15/2,8.63,0.19792221664682258,4/1,0.22866929125421293,7/2,US,2026-06-05,US,us_horse_model.pkl,75,Evangeline Downs,00:21,Claiming 8f,Claiming,Thoroughbred,19000.0,Dirt,,8.0,8f,Classic
Tango Mike Mike,Roman Kevin,Gonzalez Isai V,-,4,124.0,,9,20/1,0.10880323846652092,8/1,9.19,0.18637531347909556,9/2,0.21546484160881105,7/2,US,2026-06-05,US,us_horse_model.pkl,75,Evangeline Downs,00:21,Claiming 8f,Claiming,Thoroughbred,19000.0,Dirt,,8.0,8f,Classic
Two Dollars,Mudd Jamison,Noel Dane,-,4,117.0,,1,15/1,0.14240066324130599,6/1,7.02,0.24009883472109972,3/1,0.2767356490260224,5/2,US,2026-06-05,US,us_horse_model.pkl,75,Evangeline Downs,00:51,Allowance Optional Claiming 7f,Allowance Optional Claiming,Thoroughbred,34000.0,Dirt,,7.0,7f,One-Turn Mile
Sweet Fantasy,Melancon Jansen,Landry Allen,-,4,122.0,,2,8/1,0.15233368938372094,11/2,6.56,0.2556361985536929,3/1,0.29437463949243237,5/2,US,2026-06-05,US,us_horse_model.pkl,75,Evangeline Downs,00:51,Allowance Optional Claiming 7f,Allowance Optional Claiming,Thoroughbred,34000.0,Dirt,,7.0,7f,One-Turn Mile
Payne,Fusilier Casey,Landry Allen,-,11,122.0,,4,5/2,0.1880114975687216,9/2,5.32,0.3101420370492721,2/1,0.3559409893544786,2/1,US,2026-06-05,US,us_horse_model.pkl,75,Evangeline Downs,00:51,Allowance Optional Claiming 7f,Allowance Optional Claiming,Thoroughbred,34000.0,Dirt,,7.0,7f,One-Turn Mile
Pineapple Willy,Mcmahon C.J.,"Journet, Jr. Albert",-,3,116.0,,5,5/1,0.1636857192607666,5/1,6.11,0.27319988291744834,5/2,0.314267694288704,2/1,US,2026-06-05,US,us_horse_model.pkl,75,Evangeline Downs,00:51,Allowance Optional Claiming 7f,Allowance Optional Claiming,Thoroughbred,34000.0,Dirt,,7.0,7f,One-Turn Mile
Mazing Mark,"Ramirez, Jr. Julio",Briley Lonnie,-,6,122.0,,6,12/1,0.14534782484400052,6/1,6.88,0.24472529256969514,3/1,0.2819918429668306,5/2,US,2026-06-05,US,us_horse_model.pkl,75,Evangeline Downs,00:51,Allowance Optional Claiming 7f,Allowance Optional Claiming,Thoroughbred,34000.0,Dirt,,7.0,7f,One-Turn Mile
Lambo,Barrera Elio J,Cano Juan M,-,5,122.0,,7,8/5,0.20822060570148423,4/1,4.8,0.34011243375171724,2/1,0.3895718692705546,3/2,US,2026-06-05,US,us_horse_model.pkl,75,Evangeline Downs,00:51,Allowance Optional Claiming 7f,Allowance Optional Claiming,Thoroughbred,34000.0,Dirt,,7.0,7f,One-Turn Mile
Gem Sauce,Vargas Juan P,Breaux Samuel,-,4,124.0,,1,5/1,0.14237493397235212,6/1,7.02,0.24005838369132854,3/1,0.2766896773359447,5/2,US,2026-06-05,US,us_horse_model.pkl,75,Evangeline Downs,01:17,Maiden Special Weight 8f,Maiden Special Weight,Thoroughbred,40000.0,Dirt,,8.0,8f,Classic
Metallic Maid,Hernandez Javier A,Mouton Chadwick J,-,3,116.0,,2,15/1,0.1228350446840765,7/1,8.14,0.20903232186930645,4/1,0.2413563008137677,3/1,US,2026-06-05,US,us_horse_model.pkl,75,Evangeline Downs,01:17,Maiden Special Weight 8f,Maiden Special Weight,Thoroughbred,40000.0,Dirt,,8.0,8f,Classic
Mojane Metal,Castillo Isaac,Jeansonne Justin,-,3,121.0,,3,3/1,0.15800684540297263,11/2,6.33,0.2644393911699916,3/1,0.3043515958326237,5/2,US,2026-06-05,US,us_horse_model.pkl,75,Evangeline Downs,01:17,Maiden Special Weight 8f,Maiden Special Weight,Thoroughbred,40000.0,Dirt,,8.0,8f,Classic
All Star Tout,Mcmahon C.J.,Calhoun W. B,-,4,124.0,,4,4/1,0.14862769854460034,11/2,6.73,0.24985770316054895,3/1,0.28781895489152964,5/2,US,2026-06-05,US,us_horse_model.pkl,75,Evangeline Downs,01:17,Maiden Special Weight 8f,Maiden Special Weight,Thoroughbred,40000.0,Dirt,,8.0,8f,Classic
Restless Mind,Hernandez Harry,Wilson Shane,-,3,121.0,,5,5/2,0.1647062360160957,5/1,6.07,0.2747687094829004,5/2,0.31604213703295214,2/1,US,2026-06-05,US,us_horse_model.pkl,75,Evangeline Downs,01:17,Maiden Special Weight 8f,Maiden Special Weight,Thoroughbred,40000.0,Dirt,,8.0,8f,Classic
Mae's Majesty,Melancon Jansen,Alberto Antonio,-,3,121.0,,7,6/1,0.1379086735636034,13/2,7.25,0.2330205706192281,7/2,0.2686875320150874,5/2,US,2026-06-05,US,us_horse_model.pkl,75,Evangeline Downs,01:17,Maiden Special Weight 8f,Maiden Special Weight,Thoroughbred,40000.0,Dirt,,8.0,8f,Classic
Eskenforave And Ak,Perez Carlos,Brinkman Brett A,-,4,124.0,,8,12/1,0.12554056781629927,7/1,7.97,0.21336467473522763,7/2,0.24629871482982577,3/1,US,2026-06-05,US,us_horse_model.pkl,75,Evangeline Downs,01:17,Maiden Special Weight 8f,Maiden Special Weight,Thoroughbred,40000.0,Dirt,,8.0,8f,Classic
Treasure Me,Melancon Jansen,Landry Allen,-,3,119.0,,1,2/1,0.16968354695790996,5/1,5.89,0.2823963796376642,5/2,0.324663691892572,2/1,US,2026-06-05,US,us_horse_model.pkl,75,Evangeline Downs,01:42,Allowance 8f,Allowance,Thoroughbred,41000.0,Dirt,,8.0,8f,Classic
Rileys Empire,Mcmahon C.J.,Breaux Samuel,-,4,122.0,,2,5/1,0.14039732903451052,6/1,7.12,0.23694606426209924,3/1,0.273151839972445,5/2,US,2026-06-05,US,us_horse_model.pkl,75,Evangeline Downs,01:42,Allowance 8f,Allowance,Thoroughbred,41000.0,Dirt,,8.0,8f,Classic
Marlin Darlin,Hernandez Javier A,Flugence Henry,-,4,117.0,,3,10/1,0.1270854117966017,7/1,7.87,0.21583317972067362,7/2,0.24911359269220057,3/1,US,2026-06-05,US,us_horse_model.pkl,75,Evangeline Downs,01:42,Allowance 8f,Allowance,Thoroughbred,41000.0,Dirt,,8.0,8f,Classic
Sweet Iron,Mudd Jamison,Dodson Clifford,-,5,117.0,,4,12/1,0.12462782707575701,7/1,8.02,0.2119044125110628,7/2,0.24463313204930245,3/1,US,2026-06-05,US,us_horse_model.pkl,75,Evangeline Downs,01:42,Allowance 8f,Allowance,Thoroughbred,41000.0,Dirt,,8.0,8f,Classic
Factor Of Time,Thornton Timothy,Castille Carrol,-,4,122.0,,5,5/2,0.16131605612265298,5/1,6.2,0.26955060505040185,5/2,0.31013856089830766,2/1,US,2026-06-05,US,us_horse_model.pkl,75,Evangeline Downs,01:42,Allowance 8f,Allowance,Thoroughbred,41000.0,Dirt,,8.0,8f,Classic
Eve Of Eve,Hernandez Colby J,Arey Anthony,-,4,122.0,,6,4/1,0.14625457261919042,6/1,6.84,0.24614591070492514,3/1,0.2836051624870757,5/2,US,2026-06-05,US,us_horse_model.pkl,75,Evangeline Downs,01:42,Allowance 8f,Allowance,Thoroughbred,41000.0,Dirt,,8.0,8f,Classic
Plum Wine,Barrera Elio J,"Johnson, Jr. Henry B",-,5,122.0,,7,8/1,0.1306352563933774,13/2,7.65,0.22149100533770855,7/2,0.25556191119183275,3/1,US,2026-06-05,US,us_horse_model.pkl,75,Evangeline Downs,01:42,Allowance 8f,Allowance,Thoroughbred,41000.0,Dirt,,8.0,8f,Classic
La Boucane,Santiago Edward,Zenon Charles,-,6,124.0,,1,20/1,0.08650245362442026,21/2,11.56,0.1497182769375205,11/2,0.17342421067993308,5/1,US,2026-06-05,US,us_horse_model.pkl,75,Evangeline Downs,02:07,Maiden Claiming 6f,Maiden Claiming,Thoroughbred,10000.0,Dirt,,6.0,6f,Sprint
Howiewin,Perez Carlos,Breaux Samuel,-,3,121.0,,3,12/1,0.09187148491466177,10/1,10.88,0.15861637705405124,11/2,0.1836457116063223,9/2,US,2026-06-05,US,us_horse_model.pkl,75,Evangeline Downs,02:07,Maiden Claiming 6f,Maiden Claiming,Thoroughbred,10000.0,Dirt,,6.0,6f,Sprint
Roman Honor,Castillo Isaac,Pomier Chasey D,-,3,121.0,,4,10/1,0.09443397712136796,19/2,10.59,0.1628469379904951,5/1,0.18850179831641778,9/2,US,2026-06-05,US,us_horse_model.pkl,75,Evangeline Downs,02:07,Maiden Claiming 6f,Maiden Claiming,Thoroughbred,10000.0,Dirt,,6.0,6f,Sprint
Campanario,"Ramirez, Jr. Julio",Sanchez Juan C,-,3,121.0,,5,6/1,0.10395180531770519,17/2,9.62,0.17846846730882127,9/2,0.2064122155554898,4/1,US,2026-06-05,US,us_horse_model.pkl,75,Evangeline Downs,02:07,Maiden Claiming 6f,Maiden Claiming,Thoroughbred,10000.0,Dirt,,6.0,6f,Sprint
Gloryland Band,Misael Alvarez,Dison Phillip M,-,4,124.0,,6,20/1,0.08650245362442026,21/2,11.56,0.1497182769375205,11/2,0.17342421067993308,5/1,US,2026-06-05,US,us_horse_model.pkl,75,Evangeline Downs,02:07,Maiden Claiming 6f,Maiden Claiming,Thoroughbred,10000.0,Dirt,,6.0,6f,Sprint
Youcandoitboy,Hernandez Javier A,Klanfer Alan,-,3,116.0,,7,15/1,0.08922891482649603,10/1,11.21,0.1542426072948016,11/2,0.1786227419704162,9/2,US,2026-06-05,US,us_horse_model.pkl,75,Evangeline Downs,02:07,Maiden Claiming 6f,Maiden Claiming,Thoroughbred,10000.0,Dirt,,6.0,6f,Sprint
King Jules,Barrera Elio J,Mojica Edith A,-,3,118.0,,8,12/1,0.09187148491466177,10/1,10.88,0.15861637705405124,11/2,0.1836457116063223,9/2,US,2026-06-05,US,us_horse_model.pkl,75,Evangeline Downs,02:07,Maiden Claiming 6f,Maiden Claiming,Thoroughbred,10000.0,Dirt,,6.0,6f,Sprint
Sherkhan,Arana Kelvin,Gelner Scott,-,3,116.0,,9,4/1,0.11442141633367615,15/2,8.74,0.19548474098797353,4/1,0.22588348773333503,7/2,US,2026-06-05,US,us_horse_model.pkl,75,Evangeline Downs,02:07,Maiden Claiming 6f,Maiden Claiming,Thoroughbred,10000.0,Dirt,,6.0,6f,Sprint
All Honors,Rodriguez Jose L,Gonzalez Isai V,-,3,121.0,,11,9/2,0.11109017646495811,8/1,9.0,0.19008949579131218,9/2,0.21971424053869495,7/2,US,2026-06-05,US,us_horse_model.pkl,75,Evangeline Downs,02:07,Maiden Claiming 6f,Maiden Claiming,Thoroughbred,10000.0,Dirt,,6.0,6f,Sprint
Arnie,Hernandez Harry,Jeansonne Justin,-,5,124.0,,12,5/2,0.13012583285763257,13/2,7.68,0.22068031324222462,7/2,0.25463824338644664,3/1,US,2026-06-05,US,us_horse_model.pkl,75,Evangeline Downs,02:07,Maiden Claiming 6f,Maiden Claiming,Thoroughbred,10000.0,Dirt,,6.0,6f,Sprint
Sanday A,"Bender, Atlee","Kay, John",-,10,0.0,,1,8/1,0.13128633423401295,13/2,7.62,0.22252652037593934,7/2,0.25674159017916176,3/1,US,2026-06-05,US,us_horse_model.pkl,75,Hoosier Park,21:44,Pace 1m,Pace,Harness,22000.0,Dirt,,8.0,1m,Classic
Shooting In Place,"Ross, Jordan","Quevedo, Luis",-,5,0.0,,2,10/1,0.1276181118480308,7/1,7.84,0.21668349534913023,7/2,0.2500830141620425,3/1,US,2026-06-05,US,us_horse_model.pkl,75,Hoosier Park,21:44,Pace 1m,Pace,Harness,22000.0,Dirt,,8.0,1m,Classic
Rip Wheeler,"Bates, Brandon","Haynes, Walter",-,7,0.0,,3,7/1,0.13380823712437567,13/2,7.47,0.2265311113660097,7/2,0.26130218920662246,3/1,US,2026-06-05,US,us_horse_model.pkl,75,Hoosier Park,21:44,Pace 1m,Pace,Harness,22000.0,Dirt,,8.0,1m,Classic
Fox Valley Kodiak,"Wilfong, Kyle","Willis, Nelson",-,5,0.0,,4,8/1,0.13128633423401295,13/2,7.62,0.22252652037593934,7/2,0.25674159017916176,3/1,US,2026-06-05,US,us_horse_model.pkl,75,Hoosier Park,21:44,Pace 1m,Pace,Harness,22000.0,Dirt,,8.0,1m,Classic
Golden Bay N,"Tetrick, Trace","George, Tyler",-,7,0.0,,5,3/1,0.1565053631376402,11/2,6.39,0.2621145106950767,3/1,0.30171794102911537,5/2,US,2026-06-05,US,us_horse_model.pkl,75,Hoosier Park,21:44,Pace 1m,Pace,Harness,22000.0,Dirt,,8.0,1m,Classic
Coach Stefanos,"Miller, Marcus","Miller, Erv",-,6,0.0,,6,3/1,0.1565053631376402,11/2,6.39,0.2621145106950767,3/1,0.30171794102911537,5/2,US,2026-06-05,US,us_horse_model.pkl,75,Hoosier Park,21:44,Pace 1m,Pace,Harness,22000.0,Dirt,,8.0,1m,Classic
M-M-S Bud,"De Long, John","Miller, Alvin",-,5,0.0,,7,5/2,0.16299025628428723,5/1,6.14,0.27212980239682294,5/2,0.3130571321890238,2/1,US,2026-06-05,US,us_horse_model.pkl,75,Hoosier Park,21:44,Pace 1m,Pace,Harness,22000.0,Dirt,,8.0,1m,Classic
Backstreet Gambler,"Husted, Kyle","Husted, Amy",-,8,0.0,,1,15/1,0.10825453112687156,8/1,9.24,0.18548292122076976,9/2,0.2144435675059816,7/2,US,2026-06-05,US,us_horse_model.pkl,75,Hoosier Park,22:15,Pace 1m,Pace,Harness,13500.0,Dirt,,8.0,1m,Classic
Always-A-Laser,"Miller, Marcus","Stewart, Charl",-,7,0.0,,2,7/1,0.11928684003152089,15/2,8.38,0.20333283189297308,4/1,0.23485007884101763,7/2,US,2026-06-05,US,us_horse_model.pkl,75,Hoosier Park,22:15,Pace 1m,Pace,Harness,13500.0,Dirt,,8.0,1m,Classic
Crown Hanover,"Wilfong, Kyle","Bellamy, Ryan",-,6,0.0,,3,6/1,0.1224389282899921,7/1,8.17,0.2083970379933443,4/1,0.2406313291321014,3/1,US,2026-06-05,US,us_horse_model.pkl,75,Hoosier Park,22:15,Pace 1m,Pace,Harness,13500.0,Dirt,,8.0,1m,Classic
Fade To Light,"Ross, Jordan","Smith, Dee",-,6,0.0,,4,5/2,0.14765563435776202,6/1,6.77,0.24833839275789715,3/1,0.2860944271579478,5/2,US,2026-06-05,US,us_horse_model.pkl,75,Hoosier Park,22:15,Pace 1m,Pace,Harness,13500.0,Dirt,,8.0,1m,Classic
Anotherstatement A,"De Long, John","Stewart, Charl",-,10,0.0,,5,6/1,0.1224389282899921,7/1,8.17,0.2083970379933443,4/1,0.2406313291321014,3/1,US,2026-06-05,US,us_horse_model.pkl,75,Hoosier Park,22:15,Pace 1m,Pace,Harness,13500.0,Dirt,,8.0,1m,Classic
Odds On Alpha Male,"Seekman, Travi","Groen, Chuck",-,7,0.0,,6,7/1,0.11928684003152089,15/2,8.38,0.20333283189297308,4/1,0.23485007884101763,7/2,US,2026-06-05,US,us_horse_model.pkl,75,Hoosier Park,22:15,Pace 1m,Pace,Harness,13500.0,Dirt,,8.0,1m,Classic
Tickertape Hanover,"Tetrick, Trace","Leonard, Ross",-,6,0.0,,7,3/1,0.14135145784081957,6/1,7.07,0.23844843640649524,3/1,0.2748598033686236,5/2,US,2026-06-05,US,us_horse_model.pkl,75,Hoosier Park,22:15,Pace 1m,Pace,Harness,13500.0,Dirt,,8.0,1m,Classic
Big Skewy N,"Miller, Lewayn","Herrera, Hecto",-,9,0.0,,8,7/1,0.11928684003152089,15/2,8.38,0.20333283189297308,4/1,0.23485007884101763,7/2,US,2026-06-05,US,us_horse_model.pkl,75,Hoosier Park,22:15,Pace 1m,Pace,Harness,13500.0,Dirt,,8.0,1m,Classic
Ponda Ferarri,"Bender, Atlee","Cullipher, Jef",-,4,0.0,,1,9/1,0.10420969492699449,17/2,9.6,0.17888972245516827,9/2,0.20689473277823342,4/1,US,2026-06-05,US,us_horse_model.pkl,75,Hoosier Park,22:41,Pace 1m,Pace,Harness,16000.0,Dirt,,8.0,1m,Classic
General Dolan,"Tetrick, Trace","George, Tyler",-,11,0.0,,2,12/1,0.10010432373301571,9/1,9.99,0.17217108221539273,5/1,0.19919611664628412,4/1,US,2026-06-05,US,us_horse_model.pkl,75,Hoosier Park,22:41,Pace 1m,Pace,Harness,16000.0,Dirt,,8.0,1m,Classic
Chandler Bing,"Cross, Jay","Miller, Alvin",-,4,0.0,,3,5/1,0.11606965615404434,15/2,8.62,0.19814764901350534,4/1,0.2289268963358032,7/2,US,2026-06-05,US,us_horse_model.pkl,75,Hoosier Park,22:41,Pace 1m,Pace,Harness,16000.0,Dirt,,8.0,1m,Classic
Yourwishisgranted,"Lambright, Kev","Rheinheimer, M",-,7,0.0,,4,6/1,0.11183395571581224,8/1,8.94,0.19129565336762505,4/1,0.22109378998705484,7/2,US,2026-06-05,US,us_horse_model.pkl,75,Hoosier Park,22:41,Pace 1m,Pace,Harness,16000.0,Dirt,,8.0,1m,Classic
Tellmeaboutit,"De Long, John","Miller, Alvin",-,10,0.0,,5,7/2,0.12595295717658586,7/1,7.94,0.21402400498063306,7/2,0.24705064790715076,3/1,US,2026-06-05,US,us_horse_model.pkl,75,Hoosier Park,22:41,Pace 1m,Pace,Harness,16000.0,Dirt,,8.0,1m,Classic
Gorgeous Big Guy,"Miller, Marcus","Burke, Ron",-,5,0.0,,6,3/1,0.13089460768785663,13/2,7.64,0.2219035751807356,7/2,0.25603193799056523,3/1,US,2026-06-05,US,us_horse_model.pkl,75,Hoosier Park,22:41,Pace 1m,Pace,Harness,16000.0,Dirt,,8.0,1m,Classic
Premier Romeo,"Wilfong, Kyle","Smith, Dee",-,5,0.0,,7,20/1,0.0948911539628839,19/2,10.54,0.16360061225286482,5/1,0.18936665911160766,9/2,US,2026-06-05,US,us_horse_model.pkl,75,Hoosier Park,22:41,Pace 1m,Pace,Harness,16000.0,Dirt,,8.0,1m,Classic
Steely Knife,"Seekman, Travi","Wilson, Timoth",-,5,0.0,,8,9/1,0.10420969492699449,17/2,9.6,0.17888972245516827,9/2,0.20689473277823342,4/1,US,2026-06-05,US,us_horse_model.pkl,75,Hoosier Park,22:41,Pace 1m,Pace,Harness,16000.0,Dirt,,8.0,1m,Classic
Ardens Ace N,"Miller, Lewayn","Miller, Lewayn",-,9,0.0,,9,6/1,0.11183395571581224,8/1,8.94,0.19129565336762505,4/1,0.22109378998705484,7/2,US,2026-06-05,US,us_horse_model.pkl,75,Hoosier Park,22:41,Pace 1m,Pace,Harness,16000.0,Dirt,,8.0,1m,Classic
Class Factor,"Miller, Lewayn","Essig, Melissa",-,4,0.0,,1,10/1,0.12717536813922356,7/1,7.86,0.2159768032415248,7/2,0.24927734140488775,3/1,US,2026-06-05,US,us_horse_model.pkl,75,Hoosier Park,22:59,Pace 1m,Pace,Harness,8000.0,Dirt,,8.0,1m,Classic
Quixote,"Bates, Brandon","Haynes, Walter",-,6,0.0,,2,7/1,0.13319946452476572,13/2,7.51,0.22556535826483085,7/2,0.2602025684173553,3/1,US,2026-06-05,US,us_horse_model.pkl,75,Hoosier Park,22:59,Pace 1m,Pace,Harness,8000.0,Dirt,,8.0,1m,Classic
Major Attribute,"Seekman, Travi","Seekman, Desir",-,11,0.0,,3,7/1,0.13319946452476572,13/2,7.51,0.22556535826483085,7/2,0.2602025684173553,3/1,US,2026-06-05,US,us_horse_model.pkl,75,Hoosier Park,22:59,Pace 1m,Pace,Harness,8000.0,Dirt,,8.0,1m,Classic
Play Me Rock,"De Long, John","Smith, Dee",-,8,0.0,,4,5/2,0.16159877605660738,5/1,6.19,0.26998646536349846,5/2,0.31063184885358264,2/1,US,2026-06-05,US,us_horse_model.pkl,75,Hoosier Park,22:59,Pace 1m,Pace,Harness,8000.0,Dirt,,8.0,1m,Classic
American Classic,"Miller, Marcus","Burke, Ron",-,7,0.0,,5,3/1,0.15528781793842036,11/2,6.44,0.26022662716909584,3/1,0.2995786806305991,5/2,US,2026-06-05,US,us_horse_model.pkl,75,Hoosier Park,22:59,Pace 1m,Pace,Harness,8000.0,Dirt,,8.0,1m,Classic
Dancin Lance,"Pacheco, Crist","Pacheco, Crist",-,10,0.0,,6,20/1,0.11952572193536048,15/2,8.37,0.2037171809203136,4/1,0.23528897803967103,7/2,US,2026-06-05,US,us_horse_model.pkl,75,Hoosier Park,22:59,Pace 1m,Pace,Harness,8000.0,Dirt,,8.0,1m,Classic
Rolling Image,"Tetrick, Trace","George, Tyler",-,5,0.0,,7,2/1,0.17001338688085676,5/1,5.88,0.28290045501058225,5/2,0.3252331055592293,2/1,US,2026-06-05,US,us_horse_model.pkl,75,Hoosier Park,22:59,Pace 1m,Pace,Harness,8000.0,Dirt,,8.0,1m,Classic
Amazon,"Melloy, Pat Jr","Melloy, Pat Jr",-,9,0.0,,1,20/1,0.09492808738660924,19/2,10.53,0.16366148387599289,5/1,0.18943650755951175,9/2,US,2026-06-05,US,us_horse_model.pkl,75,Hoosier Park,23:22,Pace 1m,Pace,Harness,10000.0,Dirt,,8.0,1m,Classic
Brake Ahead,"Lambright, Kev","Rucker, Ken",-,6,0.0,,2,9/1,0.1042872551168177,17/2,9.59,0.1790163939464317,9/2,0.20703982100753696,4/1,US,2026-06-05,US,us_horse_model.pkl,75,Hoosier Park,23:22,Pace 1m,Pace,Harness,10000.0,Dirt,,8.0,1m,Classic
Mr Ds Rock,"De Long, John","Stewart, Charl",-,9,0.0,,3,4/1,0.12215475714721566,7/1,8.19,0.207941135110032,4/1,0.24011102684608815,3/1,US,2026-06-05,US,us_horse_model.pkl,75,Hoosier Park,23:22,Pace 1m,Pace,Harness,10000.0,Dirt,,8.0,1m,Classic
Classifiedmaterial,"Wilfong, Kyle","Dillon, Britne",-,10,0.0,,4,7/2,0.12612531315397074,7/1,7.93,0.21429948798259757,7/2,0.24736480354333262,3/1,US,2026-06-05,US,us_horse_model.pkl,75,Hoosier Park,23:22,Pace 1m,Pace,Harness,10000.0,Dirt,,8.0,1m,Classic
Mayhem Hanover,"Bender, Atlee","Cullipher, Jef",-,9,0.0,,5,9/2,0.11890612041441602,15/2,8.41,0.20272008436834277,4/1,0.2341503208510653,7/2,US,2026-06-05,US,us_horse_model.pkl,75,Hoosier Park,23:22,Pace 1m,Pace,Harness,10000.0,Dirt,,8.0,1m,Classic
Sectionlinetwister,"Husted, Kyle","Coleman, Neil",-,8,0.0,,6,20/1,0.09492808738660924,19/2,10.53,0.16366148387599289,5/1,0.18943650755951175,9/2,US,2026-06-05,US,us_horse_model.pkl,75,Hoosier Park,23:22,Pace 1m,Pace,Harness,10000.0,Dirt,,8.0,1m,Classic
Codys Watching,"Tetrick, Trace","George, Tyler",-,8,0.0,,7,5/2,0.13746975888755675,13/2,7.27,0.23232721831071976,7/2,0.2678987655944059,5/2,US,2026-06-05,US,us_horse_model.pkl,75,Hoosier Park,23:22,Pace 1m,Pace,Harness,10000.0,Dirt,,8.0,1m,Classic
Dreamfair Arnie B,"Bates, Brandon","Miller, Luke",-,7,0.0,,8,8/1,0.10627253312019525,17/2,9.41,0.18225547857972507,9/2,0.21074908312704874,7/2,US,2026-06-05,US,us_horse_model.pkl,75,Hoosier Park,23:22,Pace 1m,Pace,Harness,10000.0,Dirt,,8.0,1m,Classic
Revelry,"Stewart, Corda",Stevens-Clemon,-,10,0.0,,9,20/1,0.09492808738660924,19/2,10.53,0.16366148387599289,5/1,0.18943650755951175,9/2,US,2026-06-05,US,us_horse_model.pkl,75,Hoosier Park,23:22,Pace 1m,Pace,Harness,10000.0,Dirt,,8.0,1m,Classic
Gullfaxi,"De Long, John","Stewart, Charl",-,7,0.0,,1,5/2,0.1805040334452099,9/2,5.54,0.29884189532938626,5/2,0.3432185935359524,2/1,US,2026-06-05,US,us_horse_model.pkl,75,Hoosier Park,23:49,Pace 1m,Pace,Harness,15000.0,Dirt,,8.0,1m,Classic
On Time Ted,"Tetrick, Trace","George, Tyler",-,5,0.0,,2,7/1,0.151887181298946,11/2,6.58,0.2549411536637517,3/1,0.2935863933005538,5/2,US,2026-06-05,US,us_horse_model.pkl,75,Hoosier Park,23:49,Pace 1m,Pace,Harness,15000.0,Dirt,,8.0,1m,Classic
Ponda Executive,"Miller, Lewayn","Smith, Dee",-,6,0.0,,3,6/1,0.15506683153741976,11/2,6.45,0.25988371897291196,3/1,0.29919005176122154,5/2,US,2026-06-05,US,us_horse_model.pkl,75,Hoosier Park,23:49,Pace 1m,Pace,Harness,15000.0,Dirt,,8.0,1m,Classic
Captain Taylor,"Wilfong, Kyle","Rucker, Ken",-,6,0.0,,4,7/2,0.16919861037508094,5/1,5.91,0.28165496287285896,5/2,0.3238260950595257,2/1,US,2026-06-05,US,us_horse_model.pkl,75,Hoosier Park,23:49,Pace 1m,Pace,Harness,15000.0,Dirt,,8.0,1m,Classic
Leave It To Leo,"Miller, Marcus","Davis, Dylan",-,6,0.0,,5,3/1,0.17414473296826236,9/2,5.74,0.28919940892640233,5/2,0.3323449124107048,2/1,US,2026-06-05,US,us_horse_model.pkl,75,Hoosier Park,23:49,Pace 1m,Pace,Harness,15000.0,Dirt,,8.0,1m,Classic
Mustang Beach,"Bates, Brandon","Smith, Dee",-,8,0.0,,6,7/2,0.16919861037508094,5/1,5.91,0.28165496287285896,5/2,0.3238260950595257,2/1,US,2026-06-05,US,us_horse_model.pkl,75,Hoosier Park,23:49,Pace 1m,Pace,Harness,15000.0,Dirt,,8.0,1m,Classic
Imalwaysclassy,"Stewart, Corda",Stevens-Clemon,-,7,0.0,,1,20/1,0.08591771641516344,21/2,11.64,0.14874640635209702,11/2,0.17230716507844712,5/1,US,2026-06-05,US,us_horse_model.pkl,75,Hoosier Park,00:13,Pace 1m,Pace,Harness,10000.0,Dirt,,8.0,1m,Classic
Cool Blues Man,"Smith, Gale","Smith, Gale",-,11,0.0,,2,20/1,0.08591771641516344,21/2,11.64,0.14874640635209702,11/2,0.17230716507844712,5/1,US,2026-06-05,US,us_horse_model.pkl,75,Hoosier Park,00:13,Pace 1m,Pace,Harness,10000.0,Dirt,,8.0,1m,Classic
Fox Valley Bruin,"Bates, Brandon","Crisler, Randy",-,5,0.0,,3,10/1,0.0933176606309686,19/2,10.72,0.1610052405072342,5/1,0.18638808296083378,9/2,US,2026-06-05,US,us_horse_model.pkl,75,Hoosier Park,00:13,Pace 1m,Pace,Harness,10000.0,Dirt,,8.0,1m,Classic
Alwaysonetwomany A,"Miller, Marcus","Redder, Peter",-,9,0.0,,4,2/1,0.13475734823947738,13/2,7.42,0.22803559250743066,7/2,0.26301493410791316,3/1,US,2026-06-05,US,us_horse_model.pkl,75,Hoosier Park,00:13,Pace 1m,Pace,Harness,10000.0,Dirt,,8.0,1m,Classic
The Golden Jet,"Bender, Atlee","Sarkine, Alexa",-,6,0.0,,5,7/2,0.11576415808557752,15/2,8.64,0.1976544123162295,4/1,0.22836325765272397,7/2,US,2026-06-05,US,us_horse_model.pkl,75,Hoosier Park,00:13,Pace 1m,Pace,Harness,10000.0,Dirt,,8.0,1m,Classic
Vettel N,"Tetrick, Trace","George, Tyler",-,13,0.0,,6,4/1,0.11196552005479754,8/1,8.93,0.19150891395372255,4/1,0.22133768666581943,7/2,US,2026-06-05,US,us_horse_model.pkl,75,Hoosier Park,00:13,Pace 1m,Pace,Harness,10000.0,Dirt,,8.0,1m,Classic
Real Cool Cole,"Miller, Lewayn","Herrera, Hecto",-,6,0.0,,7,10/1,0.0933176606309686,19/2,10.72,0.1610052405072342,5/1,0.18638808296083378,9/2,US,2026-06-05,US,us_horse_model.pkl,75,Hoosier Park,00:13,Pace 1m,Pace,Harness,10000.0,Dirt,,8.0,1m,Classic
Captain Sleaze,"Wilfong, Kyle","Miller, Zachar",-,8,0.0,,8,12/1,0.09092690942278539,10/1,11.0,0.15705427467527017,11/2,0.18185203664495195,9/2,US,2026-06-05,US,us_horse_model.pkl,75,Hoosier Park,00:13,Pace 1m,Pace,Harness,10000.0,Dirt,,8.0,1m,Classic
Topville Rustler,"De Long, John","Stewart, Charl",-,9,0.0,,9,6/1,0.10219759368993477,9/1,9.78,0.17560019011707217,9/2,0.2031261637772487,4/1,US,2026-06-05,US,us_horse_model.pkl,75,Hoosier Park,00:13,Pace 1m,Pace,Harness,10000.0,Dirt,,8.0,1m,Classic
Away We Go A,"Peterson, Mike","Peterson, Mike",-,8,0.0,,10,20/1,0.08591771641516344,21/2,11.64,0.14874640635209702,11/2,0.17230716507844712,5/1,US,2026-06-05,US,us_horse_model.pkl,75,Hoosier Park,00:13,Pace 1m,Pace,Harness,10000.0,Dirt,,8.0,1m,Classic
An Angel Somewhere,"Husted, Kyle","Husted, Amy",-,4,0.0,,1,10/1,0.11314081001607651,8/1,8.84,0.19341278371606258,4/1,0.22351477385355736,7/2,US,2026-06-05,US,us_horse_model.pkl,75,Hoosier Park,00:38,Pace 1m,Pace,Harness,12500.0,Dirt,,8.0,1m,Classic
Midnight's Wish,"De Long, John","Dubeansky, Dan",-,3,0.0,,2,5/2,0.1472520695743357,6/1,6.79,0.24770718763866428,3/1,0.2853778569127875,5/2,US,2026-06-05,US,us_horse_model.pkl,75,Hoosier Park,00:38,Pace 1m,Pace,Harness,12500.0,Dirt,,8.0,1m,Classic
Peachy Girl,"Wilfong, Kyle","Dillon, Britne",-,3,0.0,,3,3/1,0.14099833865532152,6/1,7.09,0.23789258437673017,3/1,0.2742279265222584,5/2,US,2026-06-05,US,us_horse_model.pkl,75,Hoosier Park,00:38,Pace 1m,Pace,Harness,12500.0,Dirt,,8.0,1m,Classic
In The Passing Ln,"Ross, Jordan","Graber, Henry",-,3,0.0,,4,4/1,0.13224311536870167,13/2,7.56,0.2240470144137272,7/2,0.2584734765556118,3/1,US,2026-06-05,US,us_horse_model.pkl,75,Hoosier Park,00:38,Pace 1m,Pace,Harness,12500.0,Dirt,,8.0,1m,Classic
Beautiful Mistake,"Bates, Brandon","Sarkine, Alexa",-,3,0.0,,5,20/1,0.10556053011424113,17/2,9.47,0.18109453379123436,9/2,0.20941978517010681,4/1,US,2026-06-05,US,us_horse_model.pkl,75,Hoosier Park,00:38,Pace 1m,Pace,Harness,12500.0,Dirt,,8.0,1m,Classic
Flouzzy,"Miller, Marcus","Tetrick, Tom T",-,4,0.0,,6,20/1,0.10556053011424113,17/2,9.47,0.18109453379123436,9/2,0.20941978517010681,4/1,US,2026-06-05,US,us_horse_model.pkl,75,Hoosier Park,00:38,Pace 1m,Pace,Harness,12500.0,Dirt,,8.0,1m,Classic
Red Clover,"Tetrick, Trace","Hays, Carroll",-,6,0.0,,7,7/1,0.11911028043877186,15/2,8.4,0.20304869766482708,4/1,0.23452560412459778,7/2,US,2026-06-05,US,us_horse_model.pkl,75,Hoosier Park,00:38,Pace 1m,Pace,Harness,12500.0,Dirt,,8.0,1m,Classic
Princess In Pink,"Miller, Lewayn","Miller, Lewayn",-,4,0.0,,8,7/2,0.13613432571831047,13/2,7.35,0.2302157425819356,7/2,0.26549627390579505,3/1,US,2026-06-05,US,us_horse_model.pkl,75,Hoosier Park,00:38,Pace 1m,Pace,Harness,12500.0,Dirt,,8.0,1m,Classic
Low Rider,"Bates, Brandon","Haynes, Walter",-,6,0.0,,1,2/1,0.15317745803357313,11/2,6.53,0.25694875754073,3/1,0.29586299485591383,5/2,US,2026-06-05,US,us_horse_model.pkl,75,Hoosier Park,01:06,Pace 1m,Pace,Harness,7000.0,Dirt,,8.0,1m,Classic
Semicolon,"Bender, Atlee","Smith, Dee",-,5,0.0,,2,5/1,0.12519984012789767,7/1,7.99,0.2128197122557749,7/2,0.24567716430372885,3/1,US,2026-06-05,US,us_horse_model.pkl,75,Hoosier Park,01:06,Pace 1m,Pace,Harness,7000.0,Dirt,,8.0,1m,Classic
Joker Rockwell,"Ross, Jordan","Stewart, Charl",-,6,0.0,,3,9/1,0.11400879296562749,8/1,8.77,0.19481742343934605,4/1,0.2251206598669905,7/2,US,2026-06-05,US,us_horse_model.pkl,75,Hoosier Park,01:06,Pace 1m,Pace,Harness,7000.0,Dirt,,8.0,1m,Classic
Packedwithluck,"Tetrick, Trace","George, Tyler",-,5,0.0,,4,5/2,0.14518385291766586,6/1,6.89,0.24446825433338382,3/1,0.28169990486427804,5/2,US,2026-06-05,US,us_horse_model.pkl,75,Hoosier Park,01:06,Pace 1m,Pace,Harness,7000.0,Dirt,,8.0,1m,Classic
Aye Aye Capt Russ,"Lambright, Kev","Roth, Kimberly",-,4,0.0,,5,6/1,0.12120303756994405,15/2,8.25,0.2064133265729543,4/1,0.23836718494908316,3/1,US,2026-06-05,US,us_horse_model.pkl,75,Hoosier Park,01:06,Pace 1m,Pace,Harness,7000.0,Dirt,,8.0,1m,Classic
Boundtobefearless,"Miller, Marcus","Leonard, Ross",-,6,0.0,,6,4/1,0.13079536370903277,13/2,7.65,0.22174571294203646,7/2,0.2558520939044128,3/1,US,2026-06-05,US,us_horse_model.pkl,75,Hoosier Park,01:06,Pace 1m,Pace,Harness,7000.0,Dirt,,8.0,1m,Classic
Doctor Cruise,"Husted, Kyle","Husted, Amy",-,5,0.0,,7,20/1,0.1052158273381295,17/2,9.5,0.18053219295067544,9/2,0.20877583005538017,4/1,US,2026-06-05,US,us_horse_model.pkl,75,Hoosier Park,01:06,Pace 1m,Pace,Harness,7000.0,Dirt,,8.0,1m,Classic
Grigoriev,"Taylor, Robert","Flommersfeld,",-,7,0.0,,8,20/1,0.1052158273381295,17/2,9.5,0.18053219295067544,9/2,0.20877583005538017,4/1,US,2026-06-05,US,us_horse_model.pkl,75,Hoosier Park,01:06,Pace 1m,Pace,Harness,7000.0,Dirt,,8.0,1m,Classic
Er Rambo,"Miller, Lewayn","Eash, Don",-,5,0.0,,1,20/1,0.11967959079018259,15/2,8.36,0.20396469986096422,4/1,0.23557161576250732,3/1,US,2026-06-05,US,us_horse_model.pkl,75,Hoosier Park,01:40,Pace 1m,Pace,Harness,10000.0,Dirt,,8.0,1m,Classic
Pinebushdragonroll,"Miller, Marcus","Luther, Tom",-,8,0.0,,2,20/1,0.11967959079018259,15/2,8.36,0.20396469986096422,4/1,0.23557161576250732,3/1,US,2026-06-05,US,us_horse_model.pkl,75,Hoosier Park,01:40,Pace 1m,Pace,Harness,10000.0,Dirt,,8.0,1m,Classic
Downbytheocean,"Wilfong, Kyle","Wilfong, Brett",-,7,0.0,,3,9/2,0.14382712443120227,6/1,6.95,0.24233983059844527,3/1,0.2792820954111614,5/2,US,2026-06-05,US,us_horse_model.pkl,75,Hoosier Park,01:40,Pace 1m,Pace,Harness,10000.0,Dirt,,8.0,1m,Classic
Book The Fight,"Ross, Jordan","Smith, Dee",-,4,0.0,,4,3/1,0.15609562942623642,11/2,6.41,0.2614794565464472,3/1,0.30099839171652626,5/2,US,2026-06-05,US,us_horse_model.pkl,75,Hoosier Park,01:40,Pace 1m,Pace,Harness,10000.0,Dirt,,8.0,1m,Classic
Blaze On N,"Tetrick, Trace","George, Tyler",-,7,0.0,,5,4/1,0.14709872576321137,6/1,6.8,0.2474672782768521,3/1,0.2851054854694674,5/2,US,2026-06-05,US,us_horse_model.pkl,75,Hoosier Park,01:40,Pace 1m,Pace,Harness,10000.0,Dirt,,8.0,1m,Classic
Play Action Pass,"De Long, John","Burke, Ron",-,5,0.0,,6,7/2,0.15109734961344473,11/2,6.62,0.2537109020560345,3/1,0.2921909842220057,5/2,US,2026-06-05,US,us_horse_model.pkl,75,Hoosier Park,01:40,Pace 1m,Pace,Harness,10000.0,Dirt,,8.0,1m,Classic
Round Here Buzz,"Bender, Atlee","Smith, Dee",-,8,0.0,,7,5/2,0.16252198918554003,5/1,6.15,0.2714088629589122,5/2,0.3122414406239268,2/1,US,2026-06-05,US,us_horse_model.pkl,75,Hoosier Park,01:40,Pace 1m,Pace,Harness,10000.0,Dirt,,8.0,1m,Classic
Bro Romey,"Bates, Brandon","Ricks, Jacquel",-,3,0.0,,1,8/1,0.0973572159447238,19/2,10.27,0.16766024670329677,5/1,0.19402388323776162,4/1,US,2026-06-05,US,us_horse_model.pkl,75,Hoosier Park,01:53,Pace 1m,Pace,Harness,11000.0,Dirt,,8.0,1m,Classic
Assistant Coach,"Bender, Atlee","Miller, Erv",-,3,0.0,,2,6/1,0.10295134113527979,17/2,9.71,0.17683323113026142,9/2,0.20453893987837954,4/1,US,2026-06-05,US,us_horse_model.pkl,75,Hoosier Park,01:53,Pace 1m,Pace,Harness,11000.0,Dirt,,8.0,1m,Classic
Timber Man,"De Long, John","Rucker, Ken",-,3,0.0,,3,5/1,0.10714693502819679,17/2,9.33,0.18368011050200495,9/2,0.212380051304683,7/2,US,2026-06-05,US,us_horse_model.pkl,75,Hoosier Park,01:53,Pace 1m,Pace,Harness,11000.0,Dirt,,8.0,1m,Classic
O So Strait,"Coy, Clint","Schwartz, Ben",-,3,0.0,,4,8/1,0.0973572159447238,19/2,10.27,0.16766024670329677,5/1,0.19402388323776162,4/1,US,2026-06-05,US,us_horse_model.pkl,75,Hoosier Park,01:53,Pace 1m,Pace,Harness,11000.0,Dirt,,8.0,1m,Classic
Ponda Thirty,"Wilfong, Kyle","Hochstetler, J",-,3,0.0,,5,7/1,0.09980464571559204,9/1,10.02,0.1716795884429338,5/1,0.19863269196568695,4/1,US,2026-06-05,US,us_horse_model.pkl,75,Hoosier Park,01:53,Pace 1m,Pace,Harness,11000.0,Dirt,,8.0,1m,Classic
Great Pretender,"Seekman, Travi","Roth, Kimberly",-,3,0.0,,6,12/1,0.09133277343181732,10/1,10.95,0.15772565177507303,11/2,0.1826229811537939,9/2,US,2026-06-05,US,us_horse_model.pkl,75,Hoosier Park,01:53,Pace 1m,Pace,Harness,11000.0,Dirt,,8.0,1m,Classic
Like A Doctor,"Husted, Kyle","Husted, Amy",-,3,0.0,,7,10/1,0.09379731809618815,19/2,10.66,0.16179682306750864,5/1,0.18729663743175384,9/2,US,2026-06-05,US,us_horse_model.pkl,75,Hoosier Park,01:53,Pace 1m,Pace,Harness,11000.0,Dirt,,8.0,1m,Classic
Darknstormy Deo,"Miller, Lewayn","Dillon, Britne",-,4,0.0,,8,5/1,0.10714693502819679,17/2,9.33,0.18368011050200495,9/2,0.212380051304683,7/2,US,2026-06-05,US,us_horse_model.pkl,75,Hoosier Park,01:53,Pace 1m,Pace,Harness,11000.0,Dirt,,8.0,1m,Classic
Talk Softly,"Miller, Marcus","Miller, Erv",-,3,0.0,,9,7/2,0.1169366541116698,15/2,8.55,0.1995466325411398,4/1,0.23052537445219104,7/2,US,2026-06-05,US,us_horse_model.pkl,75,Hoosier Park,01:53,Pace 1m,Pace,Harness,11000.0,Dirt,,8.0,1m,Classic
Midnight Closer,"Tetrick, Trace","Schwartz, Jerr",-,3,0.0,,10,20/1,0.0861689655636118,21/2,11.61,0.1491640655134589,11/2,0.17278722799465157,5/1,US,2026-06-05,US,us_horse_model.pkl,75,Hoosier Park,01:53,Pace 1m,Pace,Harness,11000.0,Dirt,,8.0,1m,Classic
Henry The Horse,"Wilfong, Kyle","Hochstetler, J",-,6,0.0,,1,5/2,0.1485453978437138,11/2,6.73,0.24972912794224705,3/1,0.28767302672919703,5/2,US,2026-06-05,US,us_horse_model.pkl,75,Hoosier Park,01:43,Pace 1m,Pace,Harness,6000.0,Dirt,,8.0,1m,Classic
Fox Valley Jasper,"Ross, Jordan","Melloy, Pat Jr",-,6,0.0,,2,20/1,0.10577608482580415,17/2,9.45,0.1814460885895869,9/2,0.20982234000100544,4/1,US,2026-06-05,US,us_horse_model.pkl,75,Hoosier Park,01:43,Pace 1m,Pace,Harness,6000.0,Dirt,,8.0,1m,Classic
Fox Valley Sampson,"Tetrick, Trace","Melloy, Pat Jr",-,8,0.0,,3,8/1,0.11718123496391339,15/2,8.53,0.1999410694729098,4/1,0.23097600741378344,7/2,US,2026-06-05,US,us_horse_model.pkl,75,Hoosier Park,01:43,Pace 1m,Pace,Harness,6000.0,Dirt,,8.0,1m,Classic
Rockpaperscissors,"Lambright, Kev","Stohler, Trent",-,4,0.0,,4,15/1,0.1084491668894235,8/1,9.22,0.18579952296175428,9/2,0.21480590648887832,7/2,US,2026-06-05,US,us_horse_model.pkl,75,Hoosier Park,01:43,Pace 1m,Pace,Harness,6000.0,Dirt,,8.0,1m,Classic
Go Pikachu Go,"Miller, Marcus","Burke, Ron",-,6,0.0,,5,6/1,0.12288381003296801,7/1,8.14,0.20911051344476755,4/1,0.24144552722419238,3/1,US,2026-06-05,US,us_horse_model.pkl,75,Hoosier Park,01:43,Pace 1m,Pace,Harness,6000.0,Dirt,,8.0,1m,Classic
Er Rookie,"Husted, Kyle","Eash, Don",-,7,0.0,,6,6/1,0.12288381003296801,7/1,8.14,0.20911051344476755,4/1,0.24144552722419238,3/1,US,2026-06-05,US,us_horse_model.pkl,75,Hoosier Park,01:43,Pace 1m,Pace,Harness,6000.0,Dirt,,8.0,1m,Classic
Town Gossip,"Bender, Atlee","Smith, Dee",-,8,0.0,,7,8/1,0.11718123496391339,15/2,8.53,0.1999410694729098,4/1,0.23097600741378344,7/2,US,2026-06-05,US,us_horse_model.pkl,75,Hoosier Park,01:43,Pace 1m,Pace,Harness,6000.0,Dirt,,8.0,1m,Classic
Diego N,"Miller, Lewayn","Miller, Lewayn",-,11,0.0,,8,2/1,0.15709926044729572,11/2,6.37,0.2630345266986625,3/1,0.3027602515429251,5/2,US,2026-06-05,US,us_horse_model.pkl,75,Hoosier Park,01:43,Pace 1m,Pace,Harness,6000.0,Dirt,,8.0,1m,Classic
Sierra Shooter,"Bates, Brandon","Quevedo, Luis",-,4,0.0,,1,20/1,0.08555850279988213,21/2,11.69,0.1481490991187019,11/2,0.17162057273825929,5/1,US,2026-06-05,US,us_horse_model.pkl,75,Hoosier Park,02:06,Pace 1m,Pace,Harness,12500.0,Dirt,,8.0,1m,Classic
Quantum,"Seekman, Travi","Sundeen, Jace",-,4,0.0,,2,10/1,0.09263188918361333,10/1,10.8,0.15987286701552383,11/2,0.18508823370249028,9/2,US,2026-06-05,US,us_horse_model.pkl,75,Hoosier Park,02:06,Pace 1m,Pace,Harness,12500.0,Dirt,,8.0,1m,Classic
Bluebird Capt Pj,"Wilfong, Kyle","Macomber, Rick",-,3,0.0,,3,5/1,0.10501031535514295,17/2,9.52,0.18019683457446806,9/2,0.20839177928171496,4/1,US,2026-06-05,US,us_horse_model.pkl,75,Hoosier Park,02:06,Pace 1m,Pace,Harness,12500.0,Dirt,,8.0,1m,Classic
Steel Cowboy,"Bender, Atlee","P'pool, Mark",-,6,0.0,,4,20/1,0.08555850279988213,21/2,11.69,0.1481490991187019,11/2,0.17162057273825929,5/1,US,2026-06-05,US,us_horse_model.pkl,75,Hoosier Park,02:06,Pace 1m,Pace,Harness,12500.0,Dirt,,8.0,1m,Classic
Albany Blue Chip,"Miller, Marcus","Tetrick, Tom T",-,3,0.0,,5,2/1,0.13224285293250812,13/2,7.56,0.22404659755713144,7/2,0.2584730017913652,3/1,US,2026-06-05,US,us_horse_model.pkl,75,Hoosier Park,02:06,Pace 1m,Pace,Harness,12500.0,Dirt,,8.0,1m,Classic
Cowboy Show,"De Long, John","Roth, Kimberly",-,3,0.0,,6,9/2,0.10748600058944888,17/2,9.3,0.18423220880283597,9/2,0.21301203688285614,7/2,US,2026-06-05,US,us_horse_model.pkl,75,Hoosier Park,02:06,Pace 1m,Pace,Harness,12500.0,Dirt,,8.0,1m,Classic
Chanceyfascination,"Ross, Jordan","Quevedo, Luis",-,4,0.0,,7,8/1,0.09593280282935455,19/2,10.42,0.16531656296588154,5/1,0.19133547301707915,4/1,US,2026-06-05,US,us_horse_model.pkl,75,Hoosier Park,02:06,Pace 1m,Pace,Harness,12500.0,Dirt,,8.0,1m,Classic
Tell's Pure Power,"Waldron, Kiwon","Macomber, Rick",-,3,0.0,,8,20/1,0.08555850279988213,21/2,11.69,0.1481490991187019,11/2,0.17162057273825929,5/1,US,2026-06-05,US,us_horse_model.pkl,75,Hoosier Park,02:06,Pace 1m,Pace,Harness,12500.0,Dirt,,8.0,1m,Classic
Crescentroller,"Ferguson, Brad","Hatton, Randy",-,5,0.0,,9,20/1,0.08555850279988213,21/2,11.69,0.1481490991187019,11/2,0.17162057273825929,5/1,US,2026-06-05,US,us_horse_model.pkl,75,Hoosier Park,02:06,Pace 1m,Pace,Harness,12500.0,Dirt,,8.0,1m,Classic
Somemore Soaring,"Tetrick, Trace","George, Tyler",-,4,0.0,,10,5/2,0.12446212791040377,7/1,8.03,0.21163917321153825,7/2,0.24433056519946367,3/1,US,2026-06-05,US,us_horse_model.pkl,75,Hoosier Park,02:06,Pace 1m,Pace,Harness,12500.0,Dirt,,8.0,1m,Classic
Jm Rose,"Delarosa, Jr. Ruben",Chapa Joe,-,3,125.0,,1,6/1,0.1130032909772187,8/1,8.85,0.1931901287416481,4/1,0.22326019290330912,7/2,US,2026-06-05,US,us_horse_model.pkl,75,Sam Houston Race Park,23:31,Maiden Claiming 350y,Maiden Claiming,QuarterHorse,10500.0,Dirt,,,350y,Unknown
Mud Muscle,Vera Eliazar T,"Uriegas, Jr. Jose",-,3,125.0,,2,30/1,0.09242248744885823,10/1,10.82,0.15952694445895732,11/2,0.18469111583774447,9/2,US,2026-06-05,US,us_horse_model.pkl,75,Sam Houston Race Park,23:31,Maiden Claiming 350y,Maiden Claiming,QuarterHorse,10500.0,Dirt,,,350y,Unknown
Giorgina F,Murgia Pragedis J,Huerta Joanna,-,3,125.0,,3,15/1,0.09805005091364428,9/1,10.2,0.16879904165722515,5/1,0.19532991318606796,4/1,US,2026-06-05,US,us_horse_model.pkl,75,Sam Houston Race Park,23:31,Maiden Claiming 350y,Maiden Claiming,QuarterHorse,10500.0,Dirt,,,350y,Unknown
Dc Is A Jeez,Fierro Angel A,Rodriguez Martin,-,3,125.0,,4,10/1,0.10333654992601908,17/2,9.68,0.17746303582634423,9/2,0.20526046803896617,4/1,US,2026-06-05,US,us_horse_model.pkl,75,Sam Houston Race Park,23:31,Maiden Claiming 350y,Maiden Claiming,QuarterHorse,10500.0,Dirt,,,350y,Unknown
Trs Ash,Luviano Eduardo,Hernandez Javier N,-,3,125.0,,5,20/1,0.09528093238335272,19/2,10.5,0.1642429134293621,5/1,0.1901036563216156,9/2,US,2026-06-05,US,us_horse_model.pkl,75,Sam Houston Race Park,23:31,Maiden Claiming 350y,Maiden Claiming,QuarterHorse,10500.0,Dirt,,,350y,Unknown
Apolitical Effort,Herbert Jose R,Magana-Padilla Francisco J,-,5,128.0,,6,7/2,0.12777192313877367,7/1,7.83,0.21692893017572806,7/2,0.250362807814586,3/1,US,2026-06-05,US,us_horse_model.pkl,75,Sam Houston Race Park,23:31,Maiden Claiming 350y,Maiden Claiming,QuarterHorse,10500.0,Dirt,,,350y,Unknown
Eagle Lady,Garza Alfredo,Manucy Joseph D,-,3,125.0,,7,15/1,0.09805005091364428,9/1,10.2,0.16879904165722515,5/1,0.19532991318606796,4/1,US,2026-06-05,US,us_horse_model.pkl,75,Sam Houston Race Park,23:31,Maiden Claiming 350y,Maiden Claiming,QuarterHorse,10500.0,Dirt,,,350y,Unknown
Lota More Things,Zuniga Alejandro L,Mancillas-Lopez Isidro,-,3,125.0,,8,4/1,0.12363670613353829,7/1,8.09,0.21031724295752818,4/1,0.24282244426652438,3/1,US,2026-06-05,US,us_horse_model.pkl,75,Sam Houston Race Park,23:31,Maiden Claiming 350y,Maiden Claiming,QuarterHorse,10500.0,Dirt,,,350y,Unknown
Rolands Cartel,Vivanco Luis L,"Ramirez, Jr. Saul",-,3,125.0,,9,2/1,0.14844800816495063,11/2,6.74,0.24957696579439814,3/1,0.287500324905441,5/2,US,2026-06-05,US,us_horse_model.pkl,75,Sam Houston Race Park,23:31,Maiden Claiming 350y,Maiden Claiming,QuarterHorse,10500.0,Dirt,,,350y,Unknown
Wicked And Fast,Linares Gilberto,Villarreal Ramiro B,-,6,128.0,,1,8/1,0.1058670661795394,17/2,9.45,0.18159445056200055,9/2,0.20999221970542348,4/1,US,2026-06-05,US,us_horse_model.pkl,75,Sam Houston Race Park,23:58,Starter Optional Claiming 550y,Starter Optional Claiming,Thoroughbred,15000.0,Dirt,,,550y,Unknown
High Tales It,Ortega Miguel,Ortega Juan C,-,3,125.0,,2,15/1,0.09735886670129956,19/2,10.27,0.16766296092205007,5/1,0.19402699625483152,4/1,US,2026-06-05,US,us_horse_model.pkl,75,Sam Houston Race Park,23:58,Starter Optional Claiming 550y,Starter Optional Claiming,Thoroughbred,15000.0,Dirt,,,550y,Unknown
Jess Jj Watt Aw,"Delarosa, Jr. Ruben",Aguirre Ricardo,-,10,128.0,,3,9/2,0.1182426290569792,15/2,8.46,0.20165167684151747,4/1,0.2329300697607193,7/2,US,2026-06-05,US,us_horse_model.pkl,75,Sam Houston Race Park,23:58,Starter Optional Claiming 550y,Starter Optional Claiming,Thoroughbred,15000.0,Dirt,,,550y,Unknown
Vp Rocket Ryon,Herbert Jose R,Rios Zackery N,-,5,128.0,,4,20/1,0.09475431584061389,19/2,10.55,0.16337506421676676,5/1,0.1891078448578241,9/2,US,2026-06-05,US,us_horse_model.pkl,75,Sam Houston Race Park,23:58,Starter Optional Claiming 550y,Starter Optional Claiming,Thoroughbred,15000.0,Dirt,,,550y,Unknown
Jess Perfect Moon,Villatoro Noe,Almaguer Angel,-,7,128.0,,5,3/1,0.13017620754593903,13/2,7.68,0.22076049757385555,7/2,0.25472960633432423,3/1,US,2026-06-05,US,us_horse_model.pkl,75,Sam Houston Race Park,23:58,Starter Optional Claiming 550y,Starter Optional Claiming,Thoroughbred,15000.0,Dirt,,,550y,Unknown
Big Contract,Ramirez Froylan T,Tellez Brittany N,-,6,128.0,,6,6/1,0.11142344134900219,8/1,8.97,0.19063004780256032,4/1,0.22033252522264463,7/2,US,2026-06-05,US,us_horse_model.pkl,75,Sam Houston Race Park,23:58,Starter Optional Claiming 550y,Starter Optional Claiming,Thoroughbred,15000.0,Dirt,,,550y,Unknown
Corona Tres Eagle,Vera Eliazar T,Lewis Arnold,-,5,128.0,,7,8/1,0.1058670661795394,17/2,9.45,0.18159445056200055,9/2,0.20999221970542348,4/1,US,2026-06-05,US,us_horse_model.pkl,75,Sam Houston Race Park,23:58,Starter Optional Claiming 550y,Starter Optional Claiming,Thoroughbred,15000.0,Dirt,,,550y,Unknown
Rock Solid Stones,Vivanco Luis L,Rubio Esteban,-,7,128.0,,8,12/1,0.0998832775355026,9/1,10.01,0.17180856425891727,5/1,0.19878054678019777,4/1,US,2026-06-05,US,us_horse_model.pkl,75,Sam Houston Race Park,23:58,Starter Optional Claiming 550y,Starter Optional Claiming,Thoroughbred,15000.0,Dirt,,,550y,Unknown
Ivory In The Wind,Zuniga Alejandro L,Mancillas-Lopez Isidro,-,3,125.0,,9,5/2,0.13642712961158462,13/2,7.33,0.23067894394560745,7/2,0.266023374320866,3/1,US,2026-06-05,US,us_horse_model.pkl,75,Sam Houston Race Park,23:58,Starter Optional Claiming 550y,Starter Optional Claiming,Thoroughbred,15000.0,Dirt,,,550y,Unknown
Dashing Lil Patty,Aquino Vidal M,Sanchez Angel,-,4,128.0,,1,30/1,0.08341285336487887,11/1,11.99,0.14457697277160536,6/1,0.1675135175491278,5/1,US,2026-06-05,US,us_horse_model.pkl,75,Sam Houston Race Park,00:26,Maiden Claiming 330y,Maiden Claiming,Thoroughbred,13000.0,Dirt,,,330y,Unknown
Pre Mo Wagon,"Delarosa, Jr. Ruben","Saenz, Jr. Octavio",-,5,128.0,,2,12/1,0.09121526571624963,10/1,10.96,0.15753129852950054,11/2,0.18239981083446963,9/2,US,2026-06-05,US,us_horse_model.pkl,75,Sam Houston Race Park,00:26,Maiden Claiming 330y,Maiden Claiming,Thoroughbred,13000.0,Dirt,,,330y,Unknown
Easy D,Martinez Oliver E,Pena Samantha A,-,4,128.0,,3,20/1,0.08609622269206989,21/2,11.61,0.1490431531962518,11/2,0.17264825213532004,5/1,US,2026-06-05,US,us_horse_model.pkl,75,Sam Houston Race Park,00:26,Maiden Claiming 330y,Maiden Claiming,Thoroughbred,13000.0,Dirt,,,330y,Unknown
Dulces Hero,Linares Gilberto,Stinebaugh Zackary,-,3,125.0,,4,7/2,0.11659718737780755,15/2,8.58,0.19899901399652115,4/1,0.22989969897853874,7/2,US,2026-06-05,US,us_horse_model.pkl,75,Sam Houston Race Park,00:26,Maiden Claiming 330y,Maiden Claiming,Thoroughbred,13000.0,Dirt,,,330y,Unknown
Tempting Hussy,Ortega Miguel,Salazar Steven,-,4,128.0,,5,10/1,0.09365844534142632,19/2,10.68,0.16156767810754902,5/1,0.18703364039484505,9/2,US,2026-06-05,US,us_horse_model.pkl,75,Sam Houston Race Park,00:26,Maiden Claiming 330y,Maiden Claiming,Thoroughbred,13000.0,Dirt,,,330y,Unknown
Fourl Corazonzita,"Hernandez, Jr. Raul P",Muniz Janessa L,-,3,125.0,,6,8/1,0.09718748257779267,19/2,10.29,0.1673811432241798,5/1,0.19370376596657496,4/1,US,2026-06-05,US,us_horse_model.pkl,75,Sam Houston Race Park,00:26,Maiden Claiming 330y,Maiden Claiming,Thoroughbred,13000.0,Dirt,,,330y,Unknown
Kaviar,Fierro Angel A,Munoz Jr Sergio,-,3,125.0,,7,15/1,0.08869573672778615,21/2,11.27,0.15335877913906726,11/2,0.1776074200432977,9/2,US,2026-06-05,US,us_horse_model.pkl,75,Sam Houston Race Park,00:26,Maiden Claiming 330y,Maiden Claiming,Thoroughbred,13000.0,Dirt,,,330y,Unknown
Jjs Eagle,Mata Edgar U,Rivera-Antopia Leonardo,-,3,125.0,,8,6/1,0.10273311252065406,17/2,9.73,0.17647632861063223,9/2,0.20413003464437404,4/1,US,2026-06-05,US,us_horse_model.pkl,75,Sam Houston Race Park,00:26,Maiden Claiming 330y,Maiden Claiming,Thoroughbred,13000.0,Dirt,,,330y,Unknown
Sgbabydoll,Villatoro Noe,Guzman Adan,-,4,128.0,,9,4/1,0.11271524641780457,8/1,8.87,0.1927236621320271,4/1,0.22272681802486055,7/2,US,2026-06-05,US,us_horse_model.pkl,75,Sam Houston Race Park,00:26,Maiden Claiming 330y,Maiden Claiming,Thoroughbred,13000.0,Dirt,,,330y,Unknown
Pyc Dash Ta Phoebe,Vivanco Luis L,Olaveson Ben,-,3,125.0,,10,5/2,0.12768844726353035,7/1,7.83,0.21679573342269753,7/2,0.2502109657323852,3/1,US,2026-06-05,US,us_horse_model.pkl,75,Sam Houston Race Park,00:26,Maiden Claiming 330y,Maiden Claiming,Thoroughbred,13000.0,Dirt,,,330y,Unknown
Jjs Dashin Perry,Villatoro Noe,Rivera-Antopia Leonardo,-,4,128.0,,1,20/1,0.08600615229387731,21/2,11.63,0.14889342754306106,11/2,0.17247615576150496,5/1,US,2026-06-05,US,us_horse_model.pkl,75,Sam Houston Race Park,00:52,Claiming 250y,Claiming,Thoroughbred,14500.0,Dirt,,,250y,Unknown
Good Friday Patrona,Vivanco Luis L,Rangel Abraham,-,5,128.0,,2,30/1,0.08335183793384521,11/1,12.0,0.14447528517136138,6/1,0.16739657788542994,5/1,US,2026-06-05,US,us_horse_model.pkl,75,Sam Houston Race Park,00:52,Claiming 250y,Claiming,Thoroughbred,14500.0,Dirt,,,250y,Unknown
Cr Cheetah Fein,Ortega Miguel,Ortega Juan C,-,4,128.0,,3,9/2,0.1091952077483396,8/1,9.16,0.18701249923084884,9/2,0.2161939835367898,7/2,US,2026-06-05,US,us_horse_model.pkl,75,Sam Houston Race Park,00:52,Claiming 250y,Claiming,Thoroughbred,14500.0,Dirt,,,250y,Unknown
Cholulaa,Herbert Jose R,Gonzalez Gilberto,-,3,125.0,,4,3/1,0.12097674398730028,15/2,8.27,0.20604984110852548,4/1,0.23795225252898491,3/1,US,2026-06-05,US,us_horse_model.pkl,75,Sam Houston Race Park,00:52,Claiming 250y,Claiming,Thoroughbred,14500.0,Dirt,,,250y,Unknown
The Cartel Master,Medina Alejandro,Bolen Bradley C,-,5,128.0,,5,2/1,0.13537639939047447,13/2,7.39,0.22901610329331065,7/2,0.2641309922568742,3/1,US,2026-06-05,US,us_horse_model.pkl,75,Sam Houston Race Park,00:52,Claiming 250y,Claiming,Thoroughbred,14500.0,Dirt,,,250y,Unknown
One Fine Wine,Fierro Angel A,Rodriguez Martin,-,4,128.0,,6,8/1,0.09697731831534334,19/2,10.31,0.16703549275350968,5/1,0.19330730816782205,4/1,US,2026-06-05,US,us_horse_model.pkl,75,Sam Houston Race Park,00:52,Claiming 250y,Claiming,Thoroughbred,14500.0,Dirt,,,250y,Unknown
Di The Peytons Kiss,Martinez Oliver E,Martinez Jose I,-,3,125.0,,7,6/1,0.10246290132607636,9/1,9.76,0.17603430546841164,9/2,0.20362358202178737,4/1,US,2026-06-05,US,us_horse_model.pkl,75,Sam Houston Race Park,00:52,Claiming 250y,Claiming,Thoroughbred,14500.0,Dirt,,,250y,Unknown
Trs Lumbre,Luviano Eduardo,Hernandez Javier N,-,4,128.0,,8,15/1,0.08857751933015841,21/2,11.29,0.15316275324973747,11/2,0.17738221596957962,9/2,US,2026-06-05,US,us_horse_model.pkl,75,Sam Houston Race Park,00:52,Claiming 250y,Claiming,Thoroughbred,14500.0,Dirt,,,250y,Unknown
Tunda Mighty Bug,Maldonado Luis A,Fuentes Sergio,-,3,125.0,,9,12/1,0.09106976738070778,10/1,10.98,0.15729061926065302,11/2,0.1821234387156325,9/2,US,2026-06-05,US,us_horse_model.pkl,75,Sam Houston Race Park,00:52,Claiming 250y,Claiming,Thoroughbred,14500.0,Dirt,,,250y,Unknown
Kings Volcom Yg,Mata Edgar U,Mendoza Edgar V,-,4,128.0,,10,20/1,0.08600615229387731,21/2,11.63,0.14889342754306106,11/2,0.17247615576150496,5/1,US,2026-06-05,US,us_horse_model.pkl,75,Sam Houston Race Park,00:52,Claiming 250y,Claiming,Thoroughbred,14500.0,Dirt,,,250y,Unknown
Cold Hearted Cowgirl,Herbert Jose R,Stroud Brian,-,2,124.0,,2,9/2,0.12083384490066401,15/2,8.28,0.20582026636241302,4/1,0.2376901744105689,3/1,US,2026-06-05,US,us_horse_model.pkl,75,Sam Houston Race Park,01:15,Maiden 300y,Maiden,Thoroughbred,17000.0,Dirt,,,300y,Unknown
Chikana,Pragedis J. Murgia,Munoz Jr Sergio,-,2,124.0,,3,20/1,0.095432967609198,19/2,10.48,0.16449338065119784,5/1,0.19039103554194778,9/2,US,2026-06-05,US,us_horse_model.pkl,75,Sam Houston Race Park,01:15,Maiden 300y,Maiden,Thoroughbred,17000.0,Dirt,,,300y,Unknown
Nl Chilitas Cartel,"Delarosa, Jr. Ruben","Campos, Jr Francisco",-,2,124.0,,4,7/2,0.12848142085938496,7/1,7.78,0.21806057714205582,7/2,0.25165276074805737,3/1,US,2026-06-05,US,us_horse_model.pkl,75,Sam Houston Race Park,01:15,Maiden 300y,Maiden,Thoroughbred,17000.0,Dirt,,,300y,Unknown
My Fierce Lady,"Hernandez, Jr. Raul P",Garcia Juan I,-,2,124.0,,5,10/1,0.10362679899354188,17/2,9.65,0.17793742741265706,9/2,0.20580391306982523,4/1,US,2026-06-05,US,us_horse_model.pkl,75,Sam Houston Race Park,01:15,Maiden 300y,Maiden,Thoroughbred,17000.0,Dirt,,,300y,Unknown
Pocket Fulla Money,Alvarez Jose A,Boegner John,-,2,124.0,,6,15/1,0.09824959714756622,9/1,10.18,0.16912688819389193,5/1,0.19570587233626408,4/1,US,2026-06-05,US,us_horse_model.pkl,75,Sam Houston Race Park,01:15,Maiden 300y,Maiden,Thoroughbred,17000.0,Dirt,,,300y,Unknown
Apollitical Racey,Zuniga Alejandro L,Mejia Jacobo,-,2,124.0,,7,12/1,0.10097956116167693,9/1,9.9,0.1736057126730946,5/1,0.20084051948987622,4/1,US,2026-06-05,US,us_horse_model.pkl,75,Sam Houston Race Park,01:15,Maiden 300y,Maiden,Thoroughbred,17000.0,Dirt,,,300y,Unknown
Marthas First Rock,Vivanco Luis L,Rubio Esteban,-,2,124.0,,8,8/1,0.10745058697290236,17/2,9.31,0.18417455363856725,9/2,0.21294604113819157,7/2,US,2026-06-05,US,us_horse_model.pkl,75,Sam Houston Race Park,01:15,Maiden 300y,Maiden,Thoroughbred,17000.0,Dirt,,,300y,Unknown
Fearless Family,Linares Gilberto,Stinebaugh John A,-,2,124.0,,9,2/1,0.14951225474586755,11/2,6.69,0.251238927087207,3/1,0.2893864292152093,5/2,US,2026-06-05,US,us_horse_model.pkl,75,Sam Houston Race Park,01:15,Maiden 300y,Maiden,Thoroughbred,17000.0,Dirt,,,300y,Unknown
Go Bold Eagle Gol,Fierro Angel A,Rodriguez Martin,-,2,124.0,,10,20/1,0.095432967609198,19/2,10.48,0.16449338065119784,5/1,0.19039103554194778,9/2,US,2026-06-05,US,us_horse_model.pkl,75,Sam Houston Race Park,01:15,Maiden 300y,Maiden,Thoroughbred,17000.0,Dirt,,,300y,Unknown
Denhawken,"Delarosa, Jr. Ruben",Villarreal Ramiro B,-,2,124.0,,1,5/2,0.17309309583156018,5/1,5.78,0.28759859663716536,5/2,0.3305381594392673,2/1,US,2026-06-05,US,us_horse_model.pkl,75,Sam Houston Race Park,01:41,Maiden 300y,Maiden,Thoroughbred,17000.0,Dirt,,,300y,Unknown
Pikkon,Linares Gilberto,Flores Pedro,-,2,124.0,,2,15/1,0.1138189758242649,8/1,8.79,0.19451034907752912,4/1,0.2247696140475032,7/2,US,2026-06-05,US,us_horse_model.pkl,75,Sam Houston Race Park,01:41,Maiden 300y,Maiden,Thoroughbred,17000.0,Dirt,,,300y,Unknown
Rr Coronas Rocket,Villatoro Noe,Sanchez Rodolfo,-,2,124.0,,3,6/1,0.1351576590268912,13/2,7.4,0.22866971201350064,7/2,0.2637367318834792,3/1,US,2026-06-05,US,us_horse_model.pkl,75,Sam Houston Race Park,01:41,Maiden 300y,Maiden,Thoroughbred,17000.0,Dirt,,,300y,Unknown
Emergenz,Medina Alejandro,Gonzalez Gilberto,-,2,124.0,,4,12/1,0.11764899588627475,15/2,8.5,0.2006951636088556,4/1,0.2318374765048234,7/2,US,2026-06-05,US,us_horse_model.pkl,75,Sam Houston Race Park,01:41,Maiden 300y,Maiden,Thoroughbred,17000.0,Dirt,,,300y,Unknown
Nl Ivory Cartel,Villarreal Jose E,"Perez, Jr. Francisco",-,2,124.0,,5,20/1,0.10986736782377854,8/1,9.1,0.188104591272781,9/2,0.21744355006615693,7/2,US,2026-06-05,US,us_horse_model.pkl,75,Sam Houston Race Park,01:41,Maiden 300y,Maiden,Thoroughbred,17000.0,Dirt,,,300y,Unknown
Tac It Or Leave It,Ramirez Froylan T,Bolen Bradley C,-,2,124.0,,6,8/1,0.126727561959187,7/1,7.89,0.21526171155844093,7/2,0.24846201765816114,3/1,US,2026-06-05,US,us_horse_model.pkl,75,Sam Houston Race Park,01:41,Maiden 300y,Maiden,Thoroughbred,17000.0,Dirt,,,300y,Unknown
Hi Priority,Martinez Olvin J,Martinez Jose I,-,2,124.0,,8,15/1,0.1138189758242649,8/1,8.79,0.19451034907752912,4/1,0.2247696140475032,7/2,US,2026-06-05,US,us_horse_model.pkl,75,Sam Houston Race Park,01:41,Maiden 300y,Maiden,Thoroughbred,17000.0,Dirt,,,300y,Unknown
Asc Cartels Banker,Herbert Jose R,Stroud Brian,-,2,124.0,,10,20/1,0.10986736782377854,8/1,9.1,0.188104591272781,9/2,0.21744355006615693,7/2,US,2026-06-05,US,us_horse_model.pkl,75,Sam Houston Race Park,01:41,Maiden 300y,Maiden,Thoroughbred,17000.0,Dirt,,,300y,Unknown
Dulce Gone Wild,Linares Gilberto,Loza Mario J,-,3,125.0,,1,9/2,0.10997556417996263,8/1,9.09,0.18828031575057186,9/2,0.21764459758955032,7/2,US,2026-06-05,US,us_horse_model.pkl,75,Sam Houston Race Park,02:06,Maiden 300y,Maiden,Thoroughbred,17000.0,Dirt,,,300y,Unknown
Jess Good As Gold,"Hernandez, Jr. Raul P",Jungers Marc E,-,3,125.0,,2,7/2,0.1171306278248926,15/2,8.54,0.19985946290508388,4/1,0.23088277606015561,7/2,US,2026-06-05,US,us_horse_model.pkl,75,Sam Houston Race Park,02:06,Maiden 300y,Maiden,Thoroughbred,17000.0,Dirt,,,300y,Unknown
Got Cartel Cowboy,Villatoro Noe,Guzman Adan,-,3,125.0,,3,5/2,0.1283742992669254,7/1,7.79,0.21788977011064642,7/2,0.2514580716770418,3/1,US,2026-06-05,US,us_horse_model.pkl,75,Sam Houston Race Park,02:06,Maiden 300y,Maiden,Thoroughbred,17000.0,Dirt,,,300y,Unknown
Sheruningoutmoonlite,Vivanco Luis L,Birdow Oscar,-,3,125.0,,4,8/1,0.09745420280133518,19/2,10.26,0.16781970772748833,5/1,0.19420677207479575,4/1,US,2026-06-05,US,us_horse_model.pkl,75,Sam Houston Race Park,02:06,Maiden 300y,Maiden,Thoroughbred,17000.0,Dirt,,,300y,Unknown
Ms Easter Deb,Martinez Olvin J,Bustos Bonifacio,-,3,125.0,,5,10/1,0.09387667097887022,19/2,10.65,0.16192774427870635,5/1,0.1874468967661449,9/2,US,2026-06-05,US,us_horse_model.pkl,75,Sam Houston Race Park,02:06,Maiden 300y,Maiden,Thoroughbred,17000.0,Dirt,,,300y,Unknown
Big Sky Cowboy,Medina Alejandro,Bolen Bradley C,-,3,125.0,,6,6/1,0.1030760385223516,17/2,9.7,0.17703713356626383,9/2,0.20477254420773092,4/1,US,2026-06-05,US,us_horse_model.pkl,75,Sam Houston Race Park,02:06,Maiden 300y,Maiden,Thoroughbred,17000.0,Dirt,,,300y,Unknown
Jessastreakineffort,Fierro Angel A,Rivas Correa Jorge,-,3,125.0,,7,20/1,0.08621053135930239,21/2,11.6,0.1492331518729417,11/2,0.17286663456555643,5/1,US,2026-06-05,US,us_horse_model.pkl,75,Sam Houston Race Park,02:06,Maiden 300y,Maiden,Thoroughbred,17000.0,Dirt,,,300y,Unknown
Krashotoole,Hernandez Eleazar R,Sanchez Carlos B,-,3,125.0,,8,15/1,0.08884576685352882,21/2,11.26,0.1536075241061186,11/2,0.1778931830758398,9/2,US,2026-06-05,US,us_horse_model.pkl,75,Sam Houston Race Park,02:06,Maiden 300y,Maiden,Thoroughbred,17000.0,Dirt,,,300y,Unknown
Sovereignti,Herbert Jose R,Gonzalez Gilberto,-,3,125.0,,9,15/1,0.08884576685352882,21/2,11.26,0.1536075241061186,11/2,0.1778931830758398,9/2,US,2026-06-05,US,us_horse_model.pkl,75,Sam Houston Race Park,02:06,Maiden 300y,Maiden,Thoroughbred,17000.0,Dirt,,,300y,Unknown
Famous Moon Risen,"Delarosa, Jr. Ruben","Saenz, Jr. Octavio",-,3,125.0,,10,20/1,0.08621053135930239,21/2,11.6,0.1492331518729417,11/2,0.17286663456555643,5/1,US,2026-06-05,US,us_horse_model.pkl,75,Sam Houston Race Park,02:06,Maiden 300y,Maiden,Thoroughbred,17000.0,Dirt,,,300y,Unknown
Rock Solid Cowgirl,Martinez Oliver E,Rubio Esteban,-,2,124.0,,1,20/1,0.10609699215893906,17/2,9.43,0.18196932848995112,9/2,0.21042145461408063,4/1,US,2026-06-05,US,us_horse_model.pkl,75,Sam Houston Race Park,02:32,Maiden 300y,Maiden,Thoroughbred,17000.0,Dirt,,,300y,Unknown
Karlees Kool Wagon,"Hernandez, Jr. Raul P",Muniz Janessa L,-,2,124.0,,2,7/2,0.13863781526023414,6/1,7.21,0.23417171241231682,7/2,0.2699969238443478,5/2,US,2026-06-05,US,us_horse_model.pkl,75,Sam Houston Race Park,02:32,Maiden 300y,Maiden,Thoroughbred,17000.0,Dirt,,,300y,Unknown
Ms Tres Seis Oro,Fierro Angel A,Stroud Brian,-,2,124.0,,3,2/1,0.1593456117792401,11/2,6.28,0.26650928200799195,3/1,0.3066956583437739,5/2,US,2026-06-05,US,us_horse_model.pkl,75,Sam Houston Race Park,02:32,Maiden 300y,Maiden,Thoroughbred,17000.0,Dirt,,,300y,Unknown
Sassy Wagon,Linares Gilberto,Stinebaugh John A,-,2,124.0,,4,9/2,0.13110770743514108,13/2,7.63,0.2222424886241351,7/2,0.25641803157000786,3/1,US,2026-06-05,US,us_horse_model.pkl,75,Sam Houston Race Park,02:32,Maiden 300y,Maiden,Thoroughbred,17000.0,Dirt,,,300y,Unknown
Spitfire Cowgirl 123,Vivanco Luis L,Jungers Marc E,-,2,124.0,,5,6/1,0.12384653203237272,7/1,8.07,0.2106533868611145,7/2,0.24320595742189266,3/1,US,2026-06-05,US,us_horse_model.pkl,75,Sam Houston Race Park,02:32,Maiden 300y,Maiden,Thoroughbred,17000.0,Dirt,,,300y,Unknown
Flying Eagle V,Ramirez Froylan T,Cantu Juan I,-,2,124.0,,6,15/1,0.10887035776416307,8/1,9.19,0.18648444013573603,9/2,0.2155897210250759,7/2,US,2026-06-05,US,us_horse_model.pkl,75,Sam Houston Race Park,02:32,Maiden 300y,Maiden,Thoroughbred,17000.0,Dirt,,,300y,Unknown
Divina Tres Seis,Pina Garcia Rosendo E,Talamantes Rene,-,2,124.0,,8,10/1,0.11416496482868164,8/1,8.76,0.1950700253361597,4/1,0.22540942302646394,7/2,US,2026-06-05,US,us_horse_model.pkl,75,Sam Houston Race Park,02:32,Maiden 300y,Maiden,Thoroughbred,17000.0,Dirt,,,300y,Unknown
Nicki Nicole,Zuniga Alejandro L,Mejia Jacobo,-,2,124.0,,10,8/1,0.11793001874122819,15/2,8.48,0.2011480422779656,4/1,0.23235480110424211,7/2,US,2026-06-05,US,us_horse_model.pkl,75,Sam Houston Race Park,02:32,Maiden 300y,Maiden,Thoroughbred,17000.0,Dirt,,,300y,Unknown
Cowboy Cumbia,Maldonado Luis A,Fuentes Sergio,-,2,124.0,,1,10/1,0.10296097834132617,17/2,9.71,0.17684899056558467,9/2,0.20455699514968162,4/1,US,2026-06-05,US,us_horse_model.pkl,75,Sam Houston Race Park,02:58,Maiden 300y,Maiden,Thoroughbred,17000.0,Dirt,,,300y,Unknown
Mallboro Rojo,Pina Garcia Rosendo E,Talamantes Rene,-,2,124.0,,2,7/5,0.16223370217140748,5/1,6.16,0.2709648446123407,5/2,0.3117390230276907,2/1,US,2026-06-05,US,us_horse_model.pkl,75,Sam Houston Race Park,02:58,Maiden 300y,Maiden,Thoroughbred,17000.0,Dirt,,,300y,Unknown
Justa Perfect Cowboy,Martinez Oliver E,Flores Manuel,-,2,124.0,,3,20/1,0.09508420441041834,19/2,10.52,0.16391876319606324,5/1,0.1897317227406801,9/2,US,2026-06-05,US,us_horse_model.pkl,75,Sam Houston Race Park,02:58,Maiden 300y,Maiden,Thoroughbred,17000.0,Dirt,,,300y,Unknown
Seaductive Pursuit,Linares Gilberto,Loza Mario J,-,2,124.0,,4,15/1,0.09779184544916791,9/1,10.23,0.1683747257794191,5/1,0.19484330590326326,4/1,US,2026-06-05,US,us_horse_model.pkl,75,Sam Houston Race Park,02:58,Maiden 300y,Maiden,Thoroughbred,17000.0,Dirt,,,300y,Unknown
Bessotheangel,Herbert Jose R,Osorio Hector R,-,2,124.0,,5,8/1,0.1066368061757498,17/2,9.38,0.1828491243712581,9/2,0.2114287436945737,7/2,US,2026-06-05,US,us_horse_model.pkl,75,Sam Houston Race Park,02:58,Maiden 300y,Maiden,Thoroughbred,17000.0,Dirt,,,300y,Unknown
Favorite Blood,Fierro Angel A,"Reyes, Jr. Marcelo",-,2,124.0,,6,9/2,0.11950220359623259,15/2,8.37,0.20367934514173436,4/1,0.23524577322129753,7/2,US,2026-06-05,US,us_horse_model.pkl,75,Sam Houston Race Park,02:58,Maiden 300y,Maiden,Thoroughbred,17000.0,Dirt,,,300y,Unknown
Fidelio,Ramirez Froylan T,Tellez Brittany N,-,2,124.0,,7,10/1,0.10296097834132617,17/2,9.71,0.17684899056558467,9/2,0.20455699514968162,4/1,US,2026-06-05,US,us_horse_model.pkl,75,Sam Houston Race Park,02:58,Maiden 300y,Maiden,Thoroughbred,17000.0,Dirt,,,300y,Unknown
Eagle Desire,"Delarosa, Jr. Ruben",Manucy Joseph D,-,2,124.0,,8,12/1,0.10041617445595594,9/1,9.96,0.17268238754682552,5/1,0.1997822174559016,4/1,US,2026-06-05,US,us_horse_model.pkl,75,Sam Houston Race Park,02:58,Maiden 300y,Maiden,Thoroughbred,17000.0,Dirt,,,300y,Unknown
Kj Money Maker,Vivanco Luis L,Jungers Marc E,-,2,124.0,,9,6/1,0.11241310705841553,8/1,8.9,0.19223422739432652,4/1,0.22216714752029315,7/2,US,2026-06-05,US,us_horse_model.pkl,75,Sam Houston Race Park,02:58,Maiden 300y,Maiden,Thoroughbred,17000.0,Dirt,,,300y,Unknown
El Princpe Carlos,Fierro Angel A,Rodriguez Martin,-,3,125.0,,1,3/1,0.12213541575464008,7/1,8.19,0.20791010053310513,4/1,0.24007560732502953,3/1,US,2026-06-05,US,us_horse_model.pkl,75,Sam Houston Race Park,03:24,Allowance 330y,Allowance,Thoroughbred,21000.0,Dirt,,,330y,Unknown
Giocosa,Zuniga Alejandro L,Basham J. R,-,3,125.0,,2,12/1,0.0914262817706585,10/1,10.94,0.15788029518845903,11/2,0.18280055022013422,9/2,US,2026-06-05,US,us_horse_model.pkl,75,Sam Houston Race Park,03:24,Allowance 330y,Allowance,Thoroughbred,21000.0,Dirt,,,330y,Unknown
Chasing Glory,Vivanco Luis L,Olaveson Ben,-,3,125.0,,3,4/1,0.11326388815926763,8/1,8.83,0.19361203199791768,4/1,0.22374258593741145,7/2,US,2026-06-05,US,us_horse_model.pkl,75,Sam Houston Race Park,03:24,Allowance 330y,Allowance,Thoroughbred,21000.0,Dirt,,,330y,Unknown
Shes My Bias,"Hernandez, Jr. Raul P",Alvarado Enrique,-,3,125.0,,4,6/1,0.10312499947884196,17/2,9.7,0.1771171866479066,9/2,0.20486425683630585,4/1,US,2026-06-05,US,us_horse_model.pkl,75,Sam Houston Race Park,03:24,Allowance 330y,Allowance,Thoroughbred,21000.0,Dirt,,,330y,Unknown
Shesaquickchilitos,Herbert Jose R,Sanchez Rodolfo,-,4,128.0,,5,15/1,0.08886718727199336,21/2,11.25,0.1536430355106796,11/2,0.17793397860018695,9/2,US,2026-06-05,US,us_horse_model.pkl,75,Sam Houston Race Park,03:24,Allowance 330y,Allowance,Thoroughbred,21000.0,Dirt,,,330y,Unknown
Apollitical Lelo,Ramirez Froylan T,Cantu Juan I,-,4,128.0,,6,5/1,0.10734953642901932,17/2,9.32,0.1840100271950145,9/2,0.21275771123226267,7/2,US,2026-06-05,US,us_horse_model.pkl,75,Sam Houston Race Park,03:24,Allowance 330y,Allowance,Thoroughbred,21000.0,Dirt,,,330y,Unknown
Jetblack Corona Chic,Vera Eliazar T,Pena Arnoldo L,-,3,125.0,,7,12/1,0.0914262817706585,10/1,10.94,0.15788029518845903,11/2,0.18280055022013422,9/2,US,2026-06-05,US,us_horse_model.pkl,75,Sam Houston Race Park,03:24,Allowance 330y,Allowance,Thoroughbred,21000.0,Dirt,,,330y,Unknown
Otts Moore,Villatoro Noe,Sanchez Iii Jose L,-,3,125.0,,8,15/1,0.08886718727199336,21/2,11.25,0.1536430355106796,11/2,0.17793397860018695,9/2,US,2026-06-05,US,us_horse_model.pkl,75,Sam Houston Race Park,03:24,Allowance 330y,Allowance,Thoroughbred,21000.0,Dirt,,,330y,Unknown
Grand Charming Elan,Linares Gilberto,Lopez Jose U,-,4,128.0,,9,9/2,0.11003787812458672,8/1,9.09,0.188381512926527,9/2,0.2177603759772546,7/2,US,2026-06-05,US,us_horse_model.pkl,75,Sam Houston Race Park,03:24,Allowance 330y,Allowance,Thoroughbred,21000.0,Dirt,,,330y,Unknown
Deleon Bay,Martinez Olvin J,Bustos Bonifacio,-,3,125.0,,10,30/1,0.08350134396834066,11/1,11.98,0.1447244395873979,6/1,0.16768310044454435,5/1,US,2026-06-05,US,us_horse_model.pkl,75,Sam Houston Race Park,03:24,Allowance 330y,Allowance,Thoroughbred,21000.0,Dirt,,,330y,Unknown
Rockabilly Charm,"Baker, Bruce","D'alessandro,",-,11,0.0,,1,20/1,0.08594889409583278,21/2,11.63,0.14879823945546167,11/2,0.1723667439653225,5/1,US,2026-06-05,US,us_horse_model.pkl,75,Meadowlands,22:48,Pace 1m,Pace,Harness,11500.0,Dirt,,8.0,1m,Classic
Lincoln Boulevard,"Beltrami, Tony","Czermann, Juli",-,8,0.0,,2,15/1,0.08850236794522497,21/2,11.3,0.15303812699587535,11/2,0.17723903663986926,9/2,US,2026-06-05,US,us_horse_model.pkl,75,Meadowlands,22:48,Pace 1m,Pace,Harness,11500.0,Dirt,,8.0,1m,Classic
Whammer Jammer,"Slendorn, Jame","Harrison, Kelv",-,7,0.0,,3,6/1,0.10229112673194275,9/1,9.78,0.17575324843102466,9/2,0.20330154406818038,4/1,US,2026-06-05,US,us_horse_model.pkl,75,Meadowlands,22:48,Pace 1m,Pace,Harness,11500.0,Dirt,,8.0,1m,Classic
Muscle Factory A,"Sheridan, N. (","Tritton, Shane",-,11,0.0,,4,7/2,0.11590965392870106,15/2,8.63,0.19788933877256493,4/1,0.22863172058901388,7/2,US,2026-06-05,US,us_horse_model.pkl,75,Meadowlands,22:48,Pace 1m,Pace,Harness,11500.0,Dirt,,8.0,1m,Classic
Warrawee Yankee,"Silva, Mark","Silva, Mark",-,6,0.0,,5,3/1,0.12067613844756647,15/2,8.29,0.20556686489312664,4/1,0.2374008873102117,3/1,US,2026-06-05,US,us_horse_model.pkl,75,Meadowlands,22:48,Pace 1m,Pace,Harness,11500.0,Dirt,,8.0,1m,Classic
Master Miki,"Hernandez, Geo","Hernandez, Geo",-,8,0.0,,6,10/1,0.09337718165770095,19/2,10.71,0.16110348854039347,5/1,0.18650085362140317,9/2,US,2026-06-05,US,us_horse_model.pkl,75,Meadowlands,22:48,Pace 1m,Pace,Harness,11500.0,Dirt,,8.0,1m,Classic
Hungryhungry Hippo,"Cassar, Darran","Magie, Brian J",-,6,0.0,,7,4/1,0.11209646631360874,8/1,8.92,0.19172114515649735,4/1,0.22158039972258056,7/2,US,2026-06-05,US,us_horse_model.pkl,75,Meadowlands,22:48,Pace 1m,Pace,Harness,11500.0,Dirt,,8.0,1m,Classic
Yer So Bad,"Harrison, Will","Taft, Karen",-,9,0.0,,8,10/1,0.09337718165770095,19/2,10.71,0.16110348854039347,5/1,0.18650085362140317,9/2,US,2026-06-05,US,us_horse_model.pkl,75,Meadowlands,22:48,Pace 1m,Pace,Harness,11500.0,Dirt,,8.0,1m,Classic
Rock On Line,"Verruso, Antho","Spicer, Veroni",-,12,0.0,,9,8/1,0.09684371585323942,19/2,10.33,0.16681572429562058,5/1,0.19305522746151352,4/1,US,2026-06-05,US,us_horse_model.pkl,75,Meadowlands,22:48,Pace 1m,Pace,Harness,11500.0,Dirt,,8.0,1m,Classic
Duddie's Lor,"Calabrese, Joh","Posner, Michae",-,10,0.0,,10,12/1,0.09097727336848199,10/1,10.99,0.15713760064761678,11/2,0.18194772337729234,9/2,US,2026-06-05,US,us_horse_model.pkl,75,Meadowlands,22:48,Pace 1m,Pace,Harness,11500.0,Dirt,,8.0,1m,Classic
Muscle Maximus,"Tetrick, Tim","Burke, Ron",-,3,0.0,,1,8/1,0.13031738682405836,13/2,7.67,0.22098519923638404,7/2,0.2549856288910062,3/1,US,2026-06-05,US,us_horse_model.pkl,75,Meadowlands,23:09,Trot 1m,Trot,Harness,10000.0,Dirt,,8.0,1m,Classic
King Of The Wind,"Bongiorno, Joe","Bongiorno, Joe",-,3,0.0,,2,5/2,0.16049867723011832,5/1,6.23,0.26828975870011884,5/2,0.30871141425136905,2/1,US,2026-06-05,US,us_horse_model.pkl,75,Meadowlands,23:09,Trot 1m,Trot,Harness,10000.0,Dirt,,8.0,1m,Classic
Southwind Gallatin,"Miller, Tyler","Miller, Julie",-,3,0.0,,3,9/2,0.14253956227775205,6/1,7.02,0.24031719064848717,3/1,0.2769838012875128,5/2,US,2026-06-05,US,us_horse_model.pkl,75,Meadowlands,23:09,Trot 1m,Trot,Harness,10000.0,Dirt,,8.0,1m,Classic
Nix Nacken,"Dunn, Dexter","Melander, Marc",-,3,0.0,,4,2/1,0.16872993824995286,5/1,5.93,0.28093805520044884,5/2,0.32301609905688483,2/1,US,2026-06-05,US,us_horse_model.pkl,75,Meadowlands,23:09,Trot 1m,Trot,Harness,10000.0,Dirt,,8.0,1m,Classic
Foreign Xchange,"Bartlett, Jaso","Kiefer, Jacob",-,3,0.0,,5,15/1,0.12191464119964393,7/1,8.2,0.20755581036828874,4/1,0.23967124880653054,3/1,US,2026-06-05,US,us_horse_model.pkl,75,Meadowlands,23:09,Trot 1m,Trot,Harness,10000.0,Dirt,,8.0,1m,Classic
Classic Pickle,"Mccarthy, Todd","Stoebe, Annie",-,3,0.0,,6,8/1,0.13031738682405836,13/2,7.67,0.22098519923638404,7/2,0.2549856288910062,3/1,US,2026-06-05,US,us_horse_model.pkl,75,Meadowlands,23:09,Trot 1m,Trot,Harness,10000.0,Dirt,,8.0,1m,Classic
Nordic Dancer S,"Svanstedt, Ake","Svanstedt, Ake",-,3,0.0,,7,4/1,0.14568240739441615,6/1,6.86,0.24524964225056298,3/1,0.28258735532161805,5/2,US,2026-06-05,US,us_horse_model.pkl,75,Meadowlands,23:09,Trot 1m,Trot,Harness,10000.0,Dirt,,8.0,1m,Classic
Naked And Famous,"Mccarthy, Todd","Daley, Noel",-,3,0.0,,1,5/2,0.16034188034188035,5/1,6.24,0.26804776974212874,5/2,0.3084374782672219,2/1,US,2026-06-05,US,us_horse_model.pkl,75,Meadowlands,23:31,Trot 1m,Trot,Harness,25000.0,Dirt,,8.0,1m,Classic
Respect N Honor,"Dunn, Dexter","Norman, R. Nif",-,3,0.0,,2,5/1,0.13982905982905983,6/1,7.15,0.23605057491416465,3/1,0.27213364307107896,5/2,US,2026-06-05,US,us_horse_model.pkl,75,Meadowlands,23:31,Trot 1m,Trot,Harness,25000.0,Dirt,,8.0,1m,Classic
Madam Cheval,"Tetrick, Tim","Takter, Nancy",-,3,0.0,,3,3/1,0.1541880341880342,11/2,6.49,0.25851930162904524,3/1,0.29764352691942436,5/2,US,2026-06-05,US,us_horse_model.pkl,75,Meadowlands,23:31,Trot 1m,Trot,Harness,25000.0,Dirt,,8.0,1m,Classic
Diamond Bay,"Bongiorno, Joe","Daley, Noel",-,3,0.0,,4,8/1,0.13025641025641024,13/2,7.68,0.22088815253122945,7/2,0.25487505588428666,3/1,US,2026-06-05,US,us_horse_model.pkl,75,Meadowlands,23:31,Trot 1m,Trot,Harness,25000.0,Dirt,,8.0,1m,Classic
R Candy,"Zeron, Scott","Toscano, Linda",-,3,0.0,,5,6/1,0.13572649572649573,13/2,7.37,0.22957034699393675,7/2,0.2647617912192271,3/1,US,2026-06-05,US,us_horse_model.pkl,75,Meadowlands,23:31,Trot 1m,Trot,Harness,25000.0,Dirt,,8.0,1m,Classic
Isabella Bi,"Svanstedt, Ake","Svanstedt, Ake",-,3,0.0,,6,7/2,0.14940170940170938,11/2,6.69,0.25106638030535466,3/1,0.2891906318942216,5/2,US,2026-06-05,US,us_horse_model.pkl,75,Meadowlands,23:31,Trot 1m,Trot,Harness,25000.0,Dirt,,8.0,1m,Classic
Days Away,"Bartlett, Jaso","Engblom, Per",-,3,0.0,,7,8/1,0.13025641025641024,13/2,7.68,0.22088815253122945,7/2,0.25487505588428666,3/1,US,2026-06-05,US,us_horse_model.pkl,75,Meadowlands,23:31,Trot 1m,Trot,Harness,25000.0,Dirt,,8.0,1m,Classic
Mare Of The City,"Martin, Joe","Tirella, Carl",-,6,0.0,,1,12/1,0.09946930111871315,9/1,10.05,0.17112942852164748,5/1,0.19800197629774785,4/1,US,2026-06-05,US,us_horse_model.pkl,75,Meadowlands,23:53,Pace 1m,Pace,Harness,8000.0,Dirt,,8.0,1m,Classic
Wishin For Kisses,"Bongiorno, Joe","Austin, Michae",-,4,0.0,,2,4/1,0.12034857797038256,15/2,8.31,0.20504041617109403,4/1,0.23679985549636082,3/1,US,2026-06-05,US,us_horse_model.pkl,75,Meadowlands,23:53,Pace 1m,Pace,Harness,8000.0,Dirt,,8.0,1m,Classic
Woodmere Leah,"Herschberger,","Dunning, Jody",-,8,0.0,,3,5/2,0.13488950292065235,13/2,7.41,0.2282449628586297,7/2,0.2632532603353712,3/1,US,2026-06-05,US,us_horse_model.pkl,75,Meadowlands,23:53,Pace 1m,Pace,Harness,8000.0,Dirt,,8.0,1m,Classic
Cutting Humor,"Sheridan, N. (","Iordan, Leo",-,7,0.0,,4,15/1,0.09702251086265812,19/2,10.31,0.16710982546150893,5/1,0.193392568436078,4/1,US,2026-06-05,US,us_horse_model.pkl,75,Meadowlands,23:53,Pace 1m,Pace,Harness,8000.0,Dirt,,8.0,1m,Classic
Santafe's Mj,"Hernandez, Geo","Polhemus, Mich",-,8,0.0,,5,15/1,0.09702251086265812,19/2,10.31,0.16710982546150893,5/1,0.193392568436078,4/1,US,2026-06-05,US,us_horse_model.pkl,75,Meadowlands,23:53,Pace 1m,Pace,Harness,8000.0,Dirt,,8.0,1m,Classic
Lovely Lady May,"Miller, Tyler","Urbanski, John",-,8,0.0,,6,9/2,0.11726413934456777,15/2,8.53,0.2000747481192442,4/1,0.23112872640974785,7/2,US,2026-06-05,US,us_horse_model.pkl,75,Meadowlands,23:53,Pace 1m,Pace,Harness,8000.0,Dirt,,8.0,1m,Classic
Pull Me Through,"Bartlett, Jaso","Lauer, Bruce",-,8,0.0,,7,3/1,0.12883078419137328,7/1,7.76,0.21861751478018054,7/2,0.25228753875098325,3/1,US,2026-06-05,US,us_horse_model.pkl,75,Meadowlands,23:53,Pace 1m,Pace,Harness,8000.0,Dirt,,8.0,1m,Classic
Baby Doll Jen,"Borjas, Anibal","Nunes, Lewis",-,7,0.0,,8,6/1,0.11065462800353604,8/1,9.04,0.18938277304748413,9/2,0.21890582743896467,7/2,US,2026-06-05,US,us_horse_model.pkl,75,Meadowlands,23:53,Pace 1m,Pace,Harness,8000.0,Dirt,,8.0,1m,Classic
Surreal Reflection,"Darish, Shane","Darish, Shane",-,5,0.0,,9,20/1,0.0944980447254585,19/2,10.58,0.1629525761402775,5/1,0.18862302542083462,9/2,US,2026-06-05,US,us_horse_model.pkl,75,Meadowlands,23:53,Pace 1m,Pace,Harness,8000.0,Dirt,,8.0,1m,Classic
Gillys De Vie,"Martin, Joe","Martin, Joe",-,5,0.0,,1,6/1,0.11054612126660829,8/1,9.05,0.1892066623382216,9/2,0.21870436524007658,7/2,US,2026-06-05,US,us_horse_model.pkl,75,Meadowlands,00:17,Trot 1m,Trot,Harness,9500.0,Dirt,,8.0,1m,Classic
Hoofbeats De Vie,"Ahle, Johnatha","Lakata, Christ",-,7,0.0,,2,6/1,0.11054612126660829,8/1,9.05,0.1892066623382216,9/2,0.21870436524007658,7/2,US,2026-06-05,US,us_horse_model.pkl,75,Meadowlands,00:17,Trot 1m,Trot,Harness,9500.0,Dirt,,8.0,1m,Classic
What A Buckeye,"Bartlett, Jaso","Alvarez, Maria",-,4,0.0,,3,9/2,0.11712603986120516,15/2,8.54,0.1998520643793144,4/1,0.23087432357360538,7/2,US,2026-06-05,US,us_horse_model.pkl,75,Meadowlands,00:17,Trot 1m,Trot,Harness,9500.0,Dirt,,8.0,1m,Classic
Fashion Forever,"Bongiorno, Joe","Garland, Karen",-,11,0.0,,4,8/1,0.10518470611545527,17/2,9.51,0.18048141308734372,9/2,0.2087176782018019,4/1,US,2026-06-05,US,us_horse_model.pkl,75,Meadowlands,00:17,Trot 1m,Trot,Harness,9500.0,Dirt,,8.0,1m,Classic
Checkmate Hall,"Dupont, Donald","Dupont, Marie",-,5,0.0,,5,12/1,0.09941087441421358,9/1,10.06,0.1710335563841456,5/1,0.1978920621228701,4/1,US,2026-06-05,US,us_horse_model.pkl,75,Meadowlands,00:17,Trot 1m,Trot,Harness,9500.0,Dirt,,8.0,1m,Classic
Rock My Universe,"Miller, Tyler","Harmon, Rob",-,5,0.0,,6,7/2,0.1239496591444908,7/1,8.07,0.21081857205845506,7/2,0.24339441440119164,3/1,US,2026-06-05,US,us_horse_model.pkl,75,Meadowlands,00:17,Trot 1m,Trot,Harness,9500.0,Dirt,,8.0,1m,Classic
Airmans Jackpot,"Tetrick, Tim","Lachance, Pat",-,6,0.0,,7,3/1,0.1286408974017497,7/1,7.77,0.21831483093568746,7/2,0.25194255601091414,3/1,US,2026-06-05,US,us_horse_model.pkl,75,Meadowlands,00:17,Trot 1m,Trot,Harness,9500.0,Dirt,,8.0,1m,Classic
Melissa P,"Zeron, Scott","Ginsburg, Vinc",-,4,0.0,,8,8/1,0.10518470611545527,17/2,9.51,0.18048141308734372,9/2,0.2087176782018019,4/1,US,2026-06-05,US,us_horse_model.pkl,75,Meadowlands,00:17,Trot 1m,Trot,Harness,9500.0,Dirt,,8.0,1m,Classic
Chiplosive,"Herschberger,","Alvarez, Maria",-,10,0.0,,9,12/1,0.09941087441421358,9/1,10.06,0.1710335563841456,5/1,0.1978920621228701,4/1,US,2026-06-05,US,us_horse_model.pkl,75,Meadowlands,00:17,Trot 1m,Trot,Harness,9500.0,Dirt,,8.0,1m,Classic
Nightcap Mearas S,"Bongiorno, Joe","Andersen, Nick",-,3,0.0,,1,6/1,0.13525112318111715,13/2,7.39,0.2288177286686079,7/2,0.2639052057264169,3/1,US,2026-06-05,US,us_horse_model.pkl,75,Meadowlands,00:46,Trot 1m,Trot,Harness,10000.0,Dirt,,8.0,1m,Classic
Lady On The Hill,"Svanstedt, Ake","Svanstedt, Ake",-,3,0.0,,2,5/1,0.13927445852611817,6/1,7.18,0.23517612550881797,7/2,0.2711392506273304,5/2,US,2026-06-05,US,us_horse_model.pkl,75,Meadowlands,00:46,Trot 1m,Trot,Harness,10000.0,Dirt,,8.0,1m,Classic
Brattitude,"Dunn, Dexter","Pinske, Carter",-,3,0.0,,3,7/2,0.14866224099778716,11/2,6.73,0.24991166427722958,3/1,0.28788019800702047,5/2,US,2026-06-05,US,us_horse_model.pkl,75,Meadowlands,00:46,Trot 1m,Trot,Harness,10000.0,Dirt,,8.0,1m,Classic
Kickan,"Tetrick, Tim","Norman, R. Nif",-,3,0.0,,4,4/1,0.14490712800911953,6/1,6.9,0.2440343698181341,3/1,0.2812070854965145,5/2,US,2026-06-05,US,us_horse_model.pkl,75,Meadowlands,00:46,Trot 1m,Trot,Harness,10000.0,Dirt,,8.0,1m,Classic
R Gem,"Bartlett, Jaso","Toscano, Linda",-,3,0.0,,5,3/1,0.15335613223362168,11/2,6.52,0.2572265553855942,3/1,0.2961779640675839,5/2,US,2026-06-05,US,us_horse_model.pkl,75,Meadowlands,00:46,Trot 1m,Trot,Harness,10000.0,Dirt,,8.0,1m,Classic
Zuzu Zoom,"Mccarthy, Todd","Daley, Noel",-,3,0.0,,6,20/1,0.11915778180111311,15/2,8.39,0.20312514567099427,4/1,0.23461290712219968,7/2,US,2026-06-05,US,us_horse_model.pkl,75,Meadowlands,00:46,Trot 1m,Trot,Harness,10000.0,Dirt,,8.0,1m,Classic
Rani Hanover,"Zeron, Scott","Alagna, Tony",-,3,0.0,,7,5/2,0.15939113525112317,11/2,6.27,0.2665796162547083,3/1,0.3067752966310527,5/2,US,2026-06-05,US,us_horse_model.pkl,75,Meadowlands,00:46,Trot 1m,Trot,Harness,10000.0,Dirt,,8.0,1m,Classic
The Opener,"Baker, Bruce","Williams, Kare",-,6,0.0,,1,8/1,0.09649122807017545,19/2,10.36,0.16623576485072333,5/1,0.1923899661434288,4/1,US,2026-06-05,US,us_horse_model.pkl,75,Meadowlands,01:08,Pace 1m,Pace,Harness,11500.0,Dirt,,8.0,1m,Classic
Uilliam,"Urbanski, John","Urbanski, Alex",-,5,0.0,,2,15/1,0.08830409356725147,21/2,11.32,0.15270927806846551,11/2,0.17686122225642079,9/2,US,2026-06-05,US,us_horse_model.pkl,75,Meadowlands,01:08,Pace 1m,Pace,Harness,11500.0,Dirt,,8.0,1m,Classic
Count Mara,"Sheridan, N. (","Pyott, John",-,7,0.0,,3,15/1,0.08830409356725147,21/2,11.32,0.15270927806846551,11/2,0.17686122225642079,9/2,US,2026-06-05,US,us_horse_model.pkl,75,Meadowlands,01:08,Pace 1m,Pace,Harness,11500.0,Dirt,,8.0,1m,Classic
Cole On The Beach,"Cassar, Darran","Erzene, Kubi",-,10,0.0,,4,20/1,0.08579782790309107,21/2,11.66,0.14854707640725318,11/2,0.17207804459631396,5/1,US,2026-06-05,US,us_horse_model.pkl,75,Meadowlands,01:08,Pace 1m,Pace,Harness,11500.0,Dirt,,8.0,1m,Classic
Star X,"Silva, Mark","Silva, Mark",-,3,0.0,,5,3/1,0.11988304093567252,15/2,8.34,0.20429191888102324,4/1,0.23594524811052975,3/1,US,2026-06-05,US,us_horse_model.pkl,75,Meadowlands,01:08,Pace 1m,Pace,Harness,11500.0,Dirt,,8.0,1m,Classic
Always A Way,"Beltrami, Tony","Czermann, Juli",-,6,0.0,,6,5/1,0.10584795321637427,17/2,9.45,0.1815632844293971,9/2,0.20995653363428063,4/1,US,2026-06-05,US,us_horse_model.pkl,75,Meadowlands,01:08,Pace 1m,Pace,Harness,11500.0,Dirt,,8.0,1m,Classic
Meet The Creeper,"Chiodo, Bruno","Chiodo, Stacy",-,9,0.0,,7,6/1,0.10183792815371764,9/1,9.82,0.17501149978817837,9/2,0.20245158915110115,4/1,US,2026-06-05,US,us_horse_model.pkl,75,Meadowlands,01:08,Pace 1m,Pace,Harness,11500.0,Dirt,,8.0,1m,Classic
Seize Control,"Glasser, Neil","Sager, Eddie",-,8,0.0,,8,6/1,0.10183792815371764,9/1,9.82,0.17501149978817837,9/2,0.20245158915110115,4/1,US,2026-06-05,US,us_horse_model.pkl,75,Meadowlands,01:08,Pace 1m,Pace,Harness,11500.0,Dirt,,8.0,1m,Classic
Tricky Captain N,"Hernandez, Geo","Hernandez, Geo",-,5,0.0,,9,8/1,0.09649122807017545,19/2,10.36,0.16623576485072333,5/1,0.1923899661434288,4/1,US,2026-06-05,US,us_horse_model.pkl,75,Meadowlands,01:08,Pace 1m,Pace,Harness,11500.0,Dirt,,8.0,1m,Classic
Squankum Lady,"Slendorn, Jame","Height, Chris",-,3,0.0,,10,7/2,0.11520467836257312,15/2,8.68,0.19675072671933247,4/1,0.22733049485311724,7/2,US,2026-06-05,US,us_horse_model.pkl,75,Meadowlands,01:08,Pace 1m,Pace,Harness,11500.0,Dirt,,8.0,1m,Classic
Diabolic Hill,"Mccarthy, Todd","Stoebe, Annie",-,3,0.0,,1,4/1,0.10381562857469435,17/2,9.63,0.1782459836453627,9/2,0.20615736679686333,4/1,US,2026-06-05,US,us_horse_model.pkl,75,Meadowlands,01:30,Trot 1m,Trot,Harness,25000.0,Dirt,,8.0,1m,Classic
Southwind Fargo,"Svanstedt, Ake","Svanstedt, Ake",-,3,0.0,,2,12/1,0.0834411314253875,11/1,11.98,0.14462409863485848,6/1,0.16756771133841009,5/1,US,2026-06-05,US,us_horse_model.pkl,75,Meadowlands,01:30,Trot 1m,Trot,Harness,25000.0,Dirt,,8.0,1m,Classic
American Power,"Melander, Matt","Melander, Marc",-,3,0.0,,3,5/1,0.09829753559675708,9/1,10.17,0.16920563967064617,5/1,0.19579617869835458,4/1,US,2026-06-05,US,us_horse_model.pkl,75,Meadowlands,01:30,Trot 1m,Trot,Harness,25000.0,Dirt,,8.0,1m,Classic
Southwind Alamo,"Ahle, Johnatha","Coyne, Ron Jr",-,3,0.0,,4,12/1,0.0834411314253875,11/1,11.98,0.14462409863485848,6/1,0.16756771133841009,5/1,US,2026-06-05,US,us_horse_model.pkl,75,Meadowlands,01:30,Trot 1m,Trot,Harness,25000.0,Dirt,,8.0,1m,Classic
Practical Man,"Stratton, Jord","Fanning, Tom",-,3,0.0,,5,10/1,0.08575641519235418,21/2,11.66,0.1484782171489228,11/2,0.171998892882636,5/1,US,2026-06-05,US,us_horse_model.pkl,75,Meadowlands,01:30,Trot 1m,Trot,Harness,25000.0,Dirt,,8.0,1m,Classic
Mega Shark,"Tetrick, Tim","Stoebe, Annie",-,3,0.0,,6,8/1,0.08910071396686163,10/1,11.22,0.15403013535682736,11/2,0.1783786683780645,9/2,US,2026-06-05,US,us_horse_model.pkl,75,Meadowlands,01:30,Trot 1m,Trot,Harness,25000.0,Dirt,,8.0,1m,Classic
Kingmen,"Bartlett, Jaso","Engblom, Per",-,3,0.0,,7,8/1,0.08910071396686163,10/1,11.22,0.15403013535682736,11/2,0.1783786683780645,9/2,US,2026-06-05,US,us_horse_model.pkl,75,Meadowlands,01:30,Trot 1m,Trot,Harness,25000.0,Dirt,,8.0,1m,Classic
Gustav,"Bongiorno, Joe","Takter, Nancy",-,3,0.0,,8,10/1,0.08575641519235418,21/2,11.66,0.1484782171489228,11/2,0.171998892882636,5/1,US,2026-06-05,US,us_horse_model.pkl,75,Meadowlands,01:30,Trot 1m,Trot,Harness,25000.0,Dirt,,8.0,1m,Classic
Ardonne,"Zeron, Scott","Scran, Megan",-,3,0.0,,9,12/1,0.0834411314253875,11/1,11.98,0.14462409863485848,6/1,0.16756771133841009,5/1,US,2026-06-05,US,us_horse_model.pkl,75,Meadowlands,01:30,Trot 1m,Trot,Harness,25000.0,Dirt,,8.0,1m,Classic
Gabes Luck,"Tritton, Laure","Takter, Nancy",-,3,0.0,,10,10/1,0.08575641519235418,21/2,11.66,0.1484782171489228,11/2,0.171998892882636,5/1,US,2026-06-05,US,us_horse_model.pkl,75,Meadowlands,01:30,Trot 1m,Trot,Harness,25000.0,Dirt,,8.0,1m,Classic
Apex,"Dunn, Dexter","Melander, Marc",-,3,0.0,,11,3/1,0.11209276804160027,8/1,8.92,0.19171515155709812,4/1,0.2215735453754098,7/2,US,2026-06-05,US,us_horse_model.pkl,75,Meadowlands,01:30,Trot 1m,Trot,Harness,25000.0,Dirt,,8.0,1m,Classic
Iscah Hanover,"Dauplaise, Jef","Bavosi, John",-,3,0.0,,1,6/1,0.11055413772817496,8/1,9.05,0.1892196740156587,9/2,0.2187192501234651,7/2,US,2026-06-05,US,us_horse_model.pkl,75,Meadowlands,01:41,Pace 1m,Pace,Harness,20000.0,Dirt,,8.0,1m,Classic
Corvette Stingray,"Bartlett, Jaso","Toscano, Linda",-,3,0.0,,2,9/2,0.11713624263047184,15/2,8.54,0.1998685172647815,4/1,0.23089312025264763,7/2,US,2026-06-05,US,us_horse_model.pkl,75,Meadowlands,01:41,Pace 1m,Pace,Harness,20000.0,Dirt,,8.0,1m,Classic
George's Wish,"Tetrick, Tim","Warren, Todd",-,3,0.0,,3,8/1,0.10519094114111825,17/2,9.51,0.1804915867754895,9/2,0.2087293288883787,4/1,US,2026-06-05,US,us_horse_model.pkl,75,Meadowlands,01:41,Pace 1m,Pace,Harness,20000.0,Dirt,,8.0,1m,Classic
Captain Brunson,"Herschberger,","Harris, Andrew",-,3,0.0,,4,10/1,0.1017779978584458,9/1,9.83,0.1749133874667434,9/2,0.202339158569855,4/1,US,2026-06-05,US,us_horse_model.pkl,75,Meadowlands,01:41,Pace 1m,Pace,Harness,20000.0,Dirt,,8.0,1m,Classic
Obliterate,"Ryder, Patrick","Ryder, Chris",-,3,0.0,,5,3/1,0.1286549262094914,7/1,7.77,0.2183371951467088,7/2,0.2519680459981653,3/1,US,2026-06-05,US,us_horse_model.pkl,75,Meadowlands,01:41,Pace 1m,Pace,Harness,20000.0,Dirt,,8.0,1m,Classic
Thisbeestings Deo,"Bongiorno, Joe","Burke, Ron",-,3,0.0,,6,7/2,0.12396212919581677,7/1,8.07,0.2108385449726619,7/2,0.24341720088897884,3/1,US,2026-06-05,US,us_horse_model.pkl,75,Meadowlands,01:41,Pace 1m,Pace,Harness,20000.0,Dirt,,8.0,1m,Classic
Gunmetal,"Mccarthy, Todd","Pelling, Brett",-,3,0.0,,7,6/1,0.11055413772817496,8/1,9.05,0.1892196740156587,9/2,0.2187192501234651,7/2,US,2026-06-05,US,us_horse_model.pkl,75,Meadowlands,01:41,Pace 1m,Pace,Harness,20000.0,Dirt,,8.0,1m,Classic
Cloud Monster,"Ahle, Johnatha","Daley, Noel",-,3,0.0,,8,15/1,0.09697854636718765,19/2,10.31,0.16703751269654357,5/1,0.19330962507005203,4/1,US,2026-06-05,US,us_horse_model.pkl,75,Meadowlands,01:41,Pace 1m,Pace,Harness,20000.0,Dirt,,8.0,1m,Classic
Captain Underhand,"Zeron, Scott","Alagna, Tony",-,3,0.0,,9,8/1,0.10519094114111825,17/2,9.51,0.1804915867754895,9/2,0.2087293288883787,4/1,US,2026-06-05,US,us_horse_model.pkl,75,Meadowlands,01:41,Pace 1m,Pace,Harness,20000.0,Dirt,,8.0,1m,Classic
Jailbird Jog,"Macdonald, Ant","Mcginnis, Jaso",-,3,0.0,,1,5/2,0.14565529176326175,6/1,6.87,0.24520715395895842,3/1,0.2825391022823447,5/2,US,2026-06-05,US,us_horse_model.pkl,75,Meadowlands,02:20,Trot 1m,Trot,Harness,25000.0,Dirt,,8.0,1m,Classic
Southwind Chaska,"Tetrick, Tim","Oscarsson, Jim",-,3,0.0,,2,4/1,0.1311253709009499,13/2,7.63,0.22227057730658045,7/2,0.2564500297086919,3/1,US,2026-06-05,US,us_horse_model.pkl,75,Meadowlands,02:20,Trot 1m,Trot,Harness,25000.0,Dirt,,8.0,1m,Classic
Sugar Packet,"Bongiorno, Joe","Macintosh, Bla",-,3,0.0,,3,6/1,0.12143875699274198,7/1,8.23,0.20679186522698179,4/1,0.2387992808148217,3/1,US,2026-06-05,US,us_horse_model.pkl,75,Meadowlands,02:20,Trot 1m,Trot,Harness,25000.0,Dirt,,8.0,1m,Classic
Night French Girl,"Ahle, Johnatha","Daley, Noel",-,3,0.0,,4,15/1,0.10781695618432462,17/2,9.27,0.18477092429910225,9/2,0.21362866234214387,7/2,US,2026-06-05,US,us_horse_model.pkl,75,Meadowlands,02:20,Trot 1m,Trot,Harness,25000.0,Dirt,,8.0,1m,Classic
Leading Lady,"Zeron, Scott","Takter, Nancy",-,3,0.0,,5,3/1,0.1396011580706318,6/1,7.16,0.23569129785940804,3/1,0.27172510028019914,5/2,US,2026-06-05,US,us_horse_model.pkl,75,Meadowlands,02:20,Trot 1m,Trot,Harness,25000.0,Dirt,,8.0,1m,Classic
Sparks,"Svanstedt, Ake","Svanstedt, Ake",-,3,0.0,,6,12/1,0.11026189479096364,8/1,9.07,0.18874526226941973,9/2,0.21817652507384078,7/2,US,2026-06-05,US,us_horse_model.pkl,75,Meadowlands,02:20,Trot 1m,Trot,Harness,25000.0,Dirt,,8.0,1m,Classic
Whatarace Hanover,"Dunn, Dexter","Svanstedt, Ake",-,3,0.0,,7,8/1,0.11605730482151537,15/2,8.62,0.1981277102767804,4/1,0.22890411232250477,7/2,US,2026-06-05,US,us_horse_model.pkl,75,Meadowlands,02:20,Trot 1m,Trot,Harness,25000.0,Dirt,,8.0,1m,Classic
Emmas Mystery Ccl,"Mccarthy, Todd","Daley, Noel",-,3,0.0,,8,9/2,0.128043266475611,7/1,7.81,0.21736181718430436,7/2,0.25085627370006436,3/1,US,2026-06-05,US,us_horse_model.pkl,75,Meadowlands,02:20,Trot 1m,Trot,Harness,25000.0,Dirt,,8.0,1m,Classic
Ice Fall,"Zeron, Scott","Harris, Andrew",-,3,0.0,,1,5/1,0.12537909148977203,7/1,7.98,0.21310643141534916,7/2,0.24600418388744058,3/1,US,2026-06-05,US,us_horse_model.pkl,75,Meadowlands,02:45,Trot 1m,Trot,Harness,10000.0,Dirt,,8.0,1m,Classic
Skillful Tactics,"Tetrick, Tim","Takter, Nancy",-,3,0.0,,2,3/1,0.13945752612354698,6/1,7.17,0.23546482574838473,3/1,0.2714675631076989,5/2,US,2026-06-05,US,us_horse_model.pkl,75,Meadowlands,02:45,Trot 1m,Trot,Harness,10000.0,Dirt,,8.0,1m,Classic
Trillion Times,"Bartlett, Jaso","Engblom, Per",-,3,0.0,,3,9/2,0.12793880687773113,7/1,7.82,0.21719518173567812,7/2,0.25066632230740826,3/1,US,2026-06-05,US,us_horse_model.pkl,75,Meadowlands,02:45,Trot 1m,Trot,Harness,10000.0,Dirt,,8.0,1m,Classic
Never Say Die,"Dunn, Dexter","Melander, Marc",-,3,0.0,,4,5/2,0.14549114096659335,6/1,6.87,0.24494991606005914,3/1,0.2822469567201088,5/2,US,2026-06-05,US,us_horse_model.pkl,75,Meadowlands,02:45,Trot 1m,Trot,Harness,10000.0,Dirt,,8.0,1m,Classic
Dynamo,"Ahle, Johnatha","Morford, Norma",-,3,0.0,,5,30/1,0.10267193885465123,17/2,9.74,0.17637626831583364,9/2,0.20401539186377704,4/1,US,2026-06-05,US,us_horse_model.pkl,75,Meadowlands,02:45,Trot 1m,Trot,Harness,10000.0,Dirt,,8.0,1m,Classic
Bee Positive,"Mccarthy, Todd","Norman, R. Nif",-,3,0.0,,6,4/1,0.13101046534328203,13/2,7.63,0.222087843994337,7/2,0.2562418609884826,3/1,US,2026-06-05,US,us_horse_model.pkl,75,Meadowlands,02:45,Trot 1m,Trot,Harness,10000.0,Dirt,,8.0,1m,Classic
Steelworkers Story,"Bongiorno, Joe","Burke, Ron",-,3,0.0,,7,30/1,0.10267193885465123,17/2,9.74,0.17637626831583364,9/2,0.20401539186377704,4/1,US,2026-06-05,US,us_horse_model.pkl,75,Meadowlands,02:45,Trot 1m,Trot,Harness,10000.0,Dirt,,8.0,1m,Classic
David Seaman S,"Svanstedt, Ake","Svanstedt, Ake",-,3,0.0,,8,5/1,0.12537909148977203,7/1,7.98,0.21310643141534916,7/2,0.24600418388744058,3/1,US,2026-06-05,US,us_horse_model.pkl,75,Meadowlands,02:45,Trot 1m,Trot,Harness,10000.0,Dirt,,8.0,1m,Classic
All Too Well,"Mccarthy, Todd","Bucci, Ricky",-,5,0.0,,1,5/2,0.14563197865005614,6/1,6.87,0.24517062300567674,3/1,0.28249761463903444,5/2,US,2026-06-05,US,us_horse_model.pkl,75,Meadowlands,03:10,Trot 1m,Trot,Harness,8500.0,Dirt,,8.0,1m,Classic
Calgarian,"Tetrick, Tim","Sejthen, Rene",-,3,0.0,,2,7/2,0.13487425499942637,13/2,7.41,0.22822080726964725,7/2,0.26322576437098005,3/1,US,2026-06-05,US,us_horse_model.pkl,75,Meadowlands,03:10,Trot 1m,Trot,Harness,8500.0,Dirt,,8.0,1m,Classic
Im The Muscle,"Herschberger,","Spicer, Veroni",-,11,0.0,,3,12/1,0.11025561818356212,8/1,9.07,0.1887350716575803,9/2,0.2181648667103371,7/2,US,2026-06-05,US,us_horse_model.pkl,75,Meadowlands,03:10,Trot 1m,Trot,Harness,8500.0,Dirt,,8.0,1m,Classic
Landia,"Dunn, Dexter","Maiorano, Dona",-,7,0.0,,4,4/1,0.13110905172170595,13/2,7.63,0.22224462634437875,7/2,0.25642046682788106,3/1,US,2026-06-05,US,us_horse_model.pkl,75,Meadowlands,03:10,Trot 1m,Trot,Harness,8500.0,Dirt,,8.0,1m,Classic
Delgado,"Borjas, Anibal","Terpolilli, Mi",-,7,0.0,,5,10/1,0.11262532654016938,8/1,8.88,0.1925780164296811,4/1,0.22256027513824797,7/2,US,2026-06-05,US,us_horse_model.pkl,75,Meadowlands,03:10,Trot 1m,Trot,Harness,8500.0,Dirt,,8.0,1m,Classic
Masster Blue,"Bongiorno, Joe","Novello, John",-,12,0.0,,6,9/2,0.12802843085811652,7/1,7.81,0.2173381522582165,7/2,0.250829297783254,3/1,US,2026-06-05,US,us_horse_model.pkl,75,Meadowlands,03:10,Trot 1m,Trot,Harness,8500.0,Dirt,,8.0,1m,Classic
Mr Instigator,"Ahle, Johnatha","Tirella, Carl",-,4,0.0,,7,8/1,0.11604823861082429,15/2,8.62,0.19811307455174387,4/1,0.22888738802958872,7/2,US,2026-06-05,US,us_horse_model.pkl,75,Meadowlands,03:10,Trot 1m,Trot,Harness,8500.0,Dirt,,8.0,1m,Classic
Jakey Jumpup,"Bartlett, Jaso","Kiefer, Jacob",-,5,0.0,,8,6/1,0.12142710043613919,7/1,8.24,0.20677314820878795,4/1,0.23877791612353122,3/1,US,2026-06-05,US,us_horse_model.pkl,75,Meadowlands,03:10,Trot 1m,Trot,Harness,8500.0,Dirt,,8.0,1m,Classic
Tuapeka Jessie N,"Herschberger,","Pellegrino, Pe",-,10,0.0,,1,3/1,0.1287899441120662,7/1,7.76,0.21855241963820787,7/2,0.252213347960511,3/1,US,2026-06-05,US,us_horse_model.pkl,75,Meadowlands,03:35,Pace 1m,Pace,Harness,8000.0,Dirt,,8.0,1m,Classic
Countess Mara,"Borjas, Anibal","Pyott, John",-,6,0.0,,2,10/1,0.1018270952775639,9/1,9.82,0.17499376563348215,9/2,0.2024312670169515,4/1,US,2026-06-05,US,us_horse_model.pkl,75,Meadowlands,03:35,Pace 1m,Pace,Harness,8000.0,Dirt,,8.0,1m,Classic
Thaneeya,"Ahle, Johnatha","Nunes, Lewis",-,10,0.0,,3,10/1,0.1018270952775639,9/1,9.82,0.17499376563348215,9/2,0.2024312670169515,4/1,US,2026-06-05,US,us_horse_model.pkl,75,Meadowlands,03:35,Pace 1m,Pace,Harness,8000.0,Dirt,,8.0,1m,Classic
Rona Mae,"Bartlett, Jaso","Height, Chris",-,6,0.0,,4,4/1,0.1203159059069369,15/2,8.31,0.2049878968611209,4/1,0.2367398934689399,3/1,US,2026-06-05,US,us_horse_model.pkl,75,Meadowlands,03:35,Pace 1m,Pace,Harness,8000.0,Dirt,,8.0,1m,Classic
Kentucky Moonshine,"Zeron, Scott","Fusco, Paul",-,4,0.0,,5,5/1,0.11466654710351737,15/2,8.72,0.19588105116661675,4/1,0.22633649019027902,7/2,US,2026-06-05,US,us_horse_model.pkl,75,Meadowlands,03:35,Pace 1m,Pace,Harness,8000.0,Dirt,,8.0,1m,Classic
Just My Mama,"Ginsburg, Vinc","Ginsburg, Vinc",-,6,0.0,,6,6/1,0.11063129081536056,8/1,9.04,0.1893448974616707,9/2,0.218862499954037,7/2,US,2026-06-05,US,us_horse_model.pkl,75,Meadowlands,03:35,Pace 1m,Pace,Harness,8000.0,Dirt,,8.0,1m,Classic
Almost Karen,"Miller, Tyler","Reid, Maria",-,8,0.0,,7,8/1,0.10525094909781815,17/2,9.5,0.18058949854727946,9/2,0.20884145459082745,4/1,US,2026-06-05,US,us_horse_model.pkl,75,Meadowlands,03:35,Pace 1m,Pace,Harness,8000.0,Dirt,,8.0,1m,Classic
Sheishungry,"Bongiorno, Joe",Lancaster-Dail,-,6,0.0,,8,9/2,0.11723443746870806,15/2,8.53,0.20002685678079096,4/1,0.23107401402282204,7/2,US,2026-06-05,US,us_horse_model.pkl,75,Meadowlands,03:35,Pace 1m,Pace,Harness,8000.0,Dirt,,8.0,1m,Classic
Ea Mushu,"Ryder, Patrick","D'alessandro,",-,6,0.0,,9,12/1,0.09945673494046481,9/1,10.05,0.17110880919282234,5/1,0.19797833703745643,4/1,US,2026-06-05,US,us_horse_model.pkl,75,Meadowlands,03:35,Pace 1m,Pace,Harness,8000.0,Dirt,,8.0,1m,Classic
Wishuponastar Deo,"Bartlett, Jaso","Engblom, Per",-,3,0.0,,1,2/1,0.17051781558204426,5/1,5.86,0.28367100770298204,5/2,0.3261034547483337,2/1,US,2026-06-05,US,us_horse_model.pkl,75,Meadowlands,04:00,Trot 1m,Trot,Harness,10000.0,Dirt,,8.0,1m,Classic
Adios My Lindy,"Zeron, Scott","Kelley, Paul",-,3,0.0,,2,8/1,0.13091334593475548,13/2,7.64,0.22193337936749352,7/2,0.25606589190477025,3/1,US,2026-06-05,US,us_horse_model.pkl,75,Meadowlands,04:00,Trot 1m,Trot,Harness,10000.0,Dirt,,8.0,1m,Classic
Jula Priceless,"Dunn, Dexter","Melander, Marc",-,3,0.0,,3,4/1,0.146755133793671,6/1,6.81,0.24692958539276916,3/1,0.28449500474243095,5/2,US,2026-06-05,US,us_horse_model.pkl,75,Meadowlands,04:00,Trot 1m,Trot,Harness,10000.0,Dirt,,8.0,1m,Classic
Land Of Queens,"Ahle, Johnatha","Alagna, Tony",-,3,0.0,,4,6/1,0.1365711273129396,13/2,7.32,0.23090669091086957,7/2,0.26628252726009327,3/1,US,2026-06-05,US,us_horse_model.pkl,75,Meadowlands,04:00,Trot 1m,Trot,Harness,10000.0,Dirt,,8.0,1m,Classic
Grand Prix Deo,"Mccarthy, Todd","Harris, Andrew",-,3,0.0,,5,8/1,0.13091334593475548,13/2,7.64,0.22193337936749352,7/2,0.25606589190477025,3/1,US,2026-06-05,US,us_horse_model.pkl,75,Meadowlands,04:00,Trot 1m,Trot,Harness,10000.0,Dirt,,8.0,1m,Classic
Royal Patti,"Tetrick, Tim","Norman, R. Nif",-,3,0.0,,6,9/2,0.14351476809525648,6/1,6.97,0.2418493916423135,3/1,0.2787248754724599,5/2,US,2026-06-05,US,us_horse_model.pkl,75,Meadowlands,04:00,Trot 1m,Trot,Harness,10000.0,Dirt,,8.0,1m,Classic
No Promises,"Bongiorno, Joe","Burke, Ron",-,3,0.0,,7,5/1,0.14081446334657766,6/1,7.1,0.23760306355377206,3/1,0.27389878863146994,5/2,US,2026-06-05,US,us_horse_model.pkl,75,Meadowlands,04:00,Trot 1m,Trot,Harness,10000.0,Dirt,,8.0,1m,Classic
Roma Amor,"Borjas, Anibal","Posner, Michae",-,6,0.0,,1,12/1,0.09041829062144173,10/1,11.06,0.15621254929547232,11/2,0.1808853962982338,9/2,US,2026-06-05,US,us_horse_model.pkl,75,Meadowlands,04:25,Pace 1m,Pace,Harness,10500.0,Dirt,,8.0,1m,Classic
Alwayswithyou,"Herschberger,","Stratton, Cory",-,4,0.0,,2,6/1,0.10125301591601082,9/1,9.88,0.17405369006314914,9/2,0.201353942868326,4/1,US,2026-06-05,US,us_horse_model.pkl,75,Meadowlands,04:25,Pace 1m,Pace,Harness,10500.0,Dirt,,8.0,1m,Classic
Going Away,"Ginsburg, Vinc","Bavosi, John",-,5,0.0,,3,8/1,0.09603629632973681,19/2,10.41,0.16548695722333986,5/1,0.191530955058441,4/1,US,2026-06-05,US,us_horse_model.pkl,75,Meadowlands,04:25,Pace 1m,Pace,Harness,10500.0,Dirt,,8.0,1m,Classic
Ms Frances Assisi,"Bartlett, Jaso","Keim, Cote",-,4,0.0,,4,20/1,0.0856028571571888,21/2,11.68,0.14822286356016057,11/2,0.17170536596127497,5/1,US,2026-06-05,US,us_horse_model.pkl,75,Meadowlands,04:25,Pace 1m,Pace,Harness,10500.0,Dirt,,8.0,1m,Classic
Lastchanceforlove,"Ahle, Johnatha","Daley, Noel",-,4,0.0,,5,8/1,0.09603629632973681,19/2,10.41,0.16548695722333986,5/1,0.191530955058441,4/1,US,2026-06-05,US,us_horse_model.pkl,75,Meadowlands,04:25,Pace 1m,Pace,Harness,10500.0,Dirt,,8.0,1m,Classic
Stay Happy,"Ryder, Patrick","Bucci, Ricky",-,6,0.0,,6,20/1,0.0856028571571888,21/2,11.68,0.14822286356016057,11/2,0.17170536596127497,5/1,US,2026-06-05,US,us_horse_model.pkl,75,Meadowlands,04:25,Pace 1m,Pace,Harness,10500.0,Dirt,,8.0,1m,Classic
Muse La Rouge,"Dunn, Dexter","Proctor, Kirst",-,5,0.0,,7,3/1,0.11885944451968561,15/2,8.41,0.20264494609421152,4/1,0.23406450918465874,7/2,US,2026-06-05,US,us_horse_model.pkl,75,Meadowlands,04:25,Pace 1m,Pace,Harness,10500.0,Dirt,,8.0,1m,Classic
Hers Hungry,"Zeron, Scott","Kolaczynski, T",-,6,0.0,,8,7/2,0.11429481488169585,15/2,8.75,0.19528002301997965,4/1,0.22564947607183608,7/2,US,2026-06-05,US,us_horse_model.pkl,75,Meadowlands,04:25,Pace 1m,Pace,Harness,10500.0,Dirt,,8.0,1m,Classic
Remi Lou A,"Bongiorno, Joe","Bongiorno, Joe",-,6,0.0,,9,4/1,0.11064311117130404,8/1,9.04,0.18936408166861485,9/2,0.2188844456051064,7/2,US,2026-06-05,US,us_horse_model.pkl,75,Meadowlands,04:25,Pace 1m,Pace,Harness,10500.0,Dirt,,8.0,1m,Classic
Twin B Sunkissed,"Mccarthy, Todd","Robinson, Enri",-,8,0.0,,10,6/1,0.10125301591601082,9/1,9.88,0.17405369006314914,9/2,0.201353942868326,4/1,US,2026-06-05,US,us_horse_model.pkl,75,Meadowlands,04:25,Pace 1m,Pace,Harness,10500.0,Dirt,,8.0,1m,Classic
Quiet Street,Alvarado Junior,Mott William I,-,3,122.0,,1,8/1,0.13154360224206274,13/2,7.6,0.22293550860305852,7/2,0.2572074734884319,3/1,US,2026-06-05,US,us_horse_model.pkl,75,BEL Turf P5 Fri-Sat,20:28,Stakes 8.5f,Stakes,Thoroughbred,300000.0,Inner Track,,8.5,8.5f,Classic
Fitz Right,Prat Flavien,Brown Chad C,-,3,122.0,,2,4/1,0.1478895951468241,6/1,6.76,0.24870420538213014,3/1,0.28650968422036993,5/2,US,2026-06-05,US,us_horse_model.pkl,75,BEL Turf P5 Fri-Sat,20:28,Stakes 8.5f,Stakes,Thoroughbred,300000.0,Inner Track,,8.5,8.5f,Classic
Coach Mazzula,Franco Manuel,Russell Brittany T,-,3,122.0,,3,6/1,0.13738145685090608,13/2,7.28,0.23218769058244904,7/2,0.26774002823177767,5/2,US,2026-06-05,US,us_horse_model.pkl,75,BEL Turf P5 Fri-Sat,20:28,Stakes 8.5f,Stakes,Thoroughbred,300000.0,Inner Track,,8.5,8.5f,Classic
Tax Holiday (Gb),Davis Dylan,Brown Chad C,-,3,120.0,,4,12/1,0.12525668189407763,7/1,7.98,0.2129106383220484,7/2,0.24578087198253745,3/1,US,2026-06-05,US,us_horse_model.pkl,75,BEL Turf P5 Fri-Sat,20:28,Stakes 8.5f,Stakes,Thoroughbred,300000.0,Inner Track,,8.5,8.5f,Classic
Time To Dream,Ortiz Jr Irad,Pletcher Todd A,-,3,122.0,,5,9/2,0.1445460965981229,6/1,6.92,0.2434681146432181,3/1,0.2805638714101288,5/2,US,2026-06-05,US,us_horse_model.pkl,75,BEL Turf P5 Fri-Sat,20:28,Stakes 8.5f,Stakes,Thoroughbred,300000.0,Inner Track,,8.5,8.5f,Classic
Call On Me,Saez Luis,Arnold Ii George R,-,3,120.0,,7,8/1,0.13154360224206274,13/2,7.6,0.22293550860305852,7/2,0.2572074734884319,3/1,US,2026-06-05,US,us_horse_model.pkl,75,BEL Turf P5 Fri-Sat,20:28,Stakes 8.5f,Stakes,Thoroughbred,300000.0,Inner Track,,8.5,8.5f,Classic
Lion Lake (Ire),Velazquez John R,Walsh Brendan P,-,3,124.0,,8,8/5,0.18183896502594374,9/2,5.5,0.3008578096853336,5/2,0.3454898764326048,2/1,US,2026-06-05,US,us_horse_model.pkl,75,BEL Turf P5 Fri-Sat,20:28,Stakes 8.5f,Stakes,Thoroughbred,300000.0,Inner Track,,8.5,8.5f,Classic
Portfolio Duration (Gb),Prat Flavien,Brown Chad C,-,4,120.0,,1,9/2,0.13077273521555707,13/2,7.65,0.22170971676739618,7/2,0.25581108484933585,3/1,US,2026-06-05,US,us_horse_model.pkl,75,BEL Turf P5 Fri-Sat,21:46,Stakes 9.5f,Stakes,Thoroughbred,750000.0,Turf,,9.5,9.5f,Route
Speed Shopper,Franco Manuel,Walden William,-,5,122.0,,3,8/1,0.11772531349592683,15/2,8.49,0.2008181647424969,4/1,0.23197798395996067,7/2,US,2026-06-05,US,us_horse_model.pkl,75,BEL Turf P5 Fri-Sat,21:46,Stakes 9.5f,Stakes,Thoroughbred,750000.0,Turf,,9.5,9.5f,Route
Laurelin (Ire),Carmouche Kendrick,Motion H Graham,-,4,122.0,,4,8/1,0.11772531349592683,15/2,8.49,0.2008181647424969,4/1,0.23197798395996067,7/2,US,2026-06-05,US,us_horse_model.pkl,75,BEL Turf P5 Fri-Sat,21:46,Stakes 9.5f,Stakes,Thoroughbred,750000.0,Turf,,9.5,9.5f,Route
Pretty Picture,Davis Dylan,Brown Chad C,-,4,120.0,,5,15/1,0.10875521106368108,8/1,9.19,0.18629722316782127,9/2,0.21537547770687385,7/2,US,2026-06-05,US,us_horse_model.pkl,75,BEL Turf P5 Fri-Sat,21:46,Stakes 9.5f,Stakes,Thoroughbred,750000.0,Turf,,9.5,9.5f,Route
Cankoura (Fr),Lecoeuvre Clement,Graffard F,-,4,122.0,,6,10/1,0.11399747871888964,8/1,8.77,0.1947991215705904,4/1,0.22509973763997818,7/2,US,2026-06-05,US,us_horse_model.pkl,75,BEL Turf P5 Fri-Sat,21:46,Stakes 9.5f,Stakes,Thoroughbred,750000.0,Turf,,9.5,9.5f,Route
City Girl (Fr),Ortiz Jr Irad,Brown Chad C,-,5,122.0,,7,8/1,0.11772531349592683,15/2,8.49,0.2008181647424969,4/1,0.23197798395996067,7/2,US,2026-06-05,US,us_horse_model.pkl,75,BEL Turf P5 Fri-Sat,21:46,Stakes 9.5f,Stakes,Thoroughbred,750000.0,Turf,,9.5,9.5f,Route
Kathynmarissa,Ortiz Jose L,Brown Chad C,-,5,122.0,,8,5/2,0.1499444569260341,11/2,6.67,0.25191335033658674,3/1,0.290151685365544,5/2,US,2026-06-05,US,us_horse_model.pkl,75,BEL Turf P5 Fri-Sat,21:46,Stakes 9.5f,Stakes,Thoroughbred,750000.0,Turf,,9.5,9.5f,Route
Gezora (Fr),Velazquez John R,Mott William I,-,4,124.0,,9,3/1,0.14335417758805763,6/1,6.98,0.24159718347294507,3/1,0.27843831067977787,5/2,US,2026-06-05,US,us_horse_model.pkl,75,BEL Turf P5 Fri-Sat,21:46,Stakes 9.5f,Stakes,Thoroughbred,750000.0,Turf,,9.5,9.5f,Route
Classic Q,Velazquez John R,Casse Mark E,-,4,122.0,,1,6/1,0.12184118248003266,7/1,8.21,0.20743790946555268,4/1,0.2395366820851227,3/1,US,2026-06-05,US,us_horse_model.pkl,75,BEL Turf P5 Fri-Sat,18:47,Stakes 8f,Stakes,Thoroughbred,500000.0,Inner Track,,8.0,8f,Classic
Sandtrap (Ire),Franco Manuel,Brown Chad C,-,4,120.0,,2,3/1,0.14030540267339048,6/1,7.13,0.23680123999662905,3/1,0.2729871789928435,5/2,US,2026-06-05,US,us_horse_model.pkl,75,BEL Turf P5 Fri-Sat,18:47,Stakes 8f,Stakes,Thoroughbred,500000.0,Inner Track,,8.0,8f,Classic
Segesta,Prat Flavien,Brown Chad C,-,5,124.0,,3,7/5,0.16902752297416934,5/1,5.92,0.28139329853527817,5/2,0.323530464370694,2/1,US,2026-06-05,US,us_horse_model.pkl,75,BEL Turf P5 Fri-Sat,18:47,Stakes 8f,Stakes,Thoroughbred,500000.0,Inner Track,,8.0,8f,Classic
Mandanaba (Fr),Lecoeuvre Clement,Graffard F,-,4,122.0,,4,9/2,0.12855544436852642,7/1,7.78,0.21817859804191614,7/2,0.2517872806694373,3/1,US,2026-06-05,US,us_horse_model.pkl,75,BEL Turf P5 Fri-Sat,18:47,Stakes 8f,Stakes,Thoroughbred,500000.0,Inner Track,,8.0,8f,Classic
And One More Time,Castellano Javier,Casse Mark E,-,4,120.0,,5,8/1,0.11637030242274145,15/2,8.59,0.19863290653216636,4/1,0.2294813830732007,7/2,US,2026-06-05,US,us_horse_model.pkl,75,BEL Turf P5 Fri-Sat,18:47,Stakes 8f,Stakes,Thoroughbred,500000.0,Inner Track,,8.0,8f,Classic
Fast Market,Davis Dylan,Terranova Ii John P,-,4,122.0,,6,20/1,0.10542854230815904,17/2,9.49,0.18087923412810766,9/2,0.2091732435605884,4/1,US,2026-06-05,US,us_horse_model.pkl,75,BEL Turf P5 Fri-Sat,18:47,Stakes 8f,Stakes,Thoroughbred,500000.0,Inner Track,,8.0,8f,Classic
Buttercream Babe,Saez Luis,Arnold Ii George R,-,5,120.0,,7,15/1,0.10799301733501429,17/2,9.26,0.18505743776852918,9/2,0.21395659543109724,7/2,US,2026-06-05,US,us_horse_model.pkl,75,BEL Turf P5 Fri-Sat,18:47,Stakes 8f,Stakes,Thoroughbred,500000.0,Inner Track,,8.0,8f,Classic
Deep Satin,Ortiz Jose L,Devaux Cherie,-,5,120.0,,8,12/1,0.1104785854379663,8/1,9.05,0.18909703951604012,9/2,0.2185789597953178,7/2,US,2026-06-05,US,us_horse_model.pkl,75,BEL Turf P5 Fri-Sat,18:47,Stakes 8f,Stakes,Thoroughbred,500000.0,Inner Track,,8.0,8f,Classic
Governor Sam,Lopez Paco,Weaver George,-,4,124.0,,1,15/1,0.08852806361426667,21/2,11.3,0.1530807400678467,11/2,0.1772879937379392,9/2,US,2026-06-05,US,us_horse_model.pkl,75,BEL Turf P5 Fri-Sat,20:13,Stakes 5.5f,Stakes,Thoroughbred,500000.0,Turf,,5.5,5.5f,Sprint
Bold Journey,Alvarado Junior,Mott William I,-,7,124.0,,2,30/1,0.08332631240306237,11/1,12.0,0.1444327428545581,6/1,0.167347654273869,5/1,US,2026-06-05,US,us_horse_model.pkl,75,BEL Turf P5 Fri-Sat,20:13,Stakes 5.5f,Stakes,Thoroughbred,500000.0,Turf,,5.5,5.5f,Sprint
Litigation,Geroux Florent,Lynch Brian A,-,4,124.0,,3,7/2,0.11600101630751602,15/2,8.62,0.19803684072602756,4/1,0.2288002748829694,7/2,US,2026-06-05,US,us_horse_model.pkl,75,BEL Turf P5 Fri-Sat,20:13,Stakes 5.5f,Stakes,Thoroughbred,500000.0,Turf,,5.5,5.5f,Sprint
Works For Me,Prat Flavien,Lee Joseph R,-,5,124.0,,4,6/1,0.10234985968975237,9/1,9.77,0.17584935241874466,9/2,0.20341166219211676,4/1,US,2026-06-05,US,us_horse_model.pkl,75,BEL Turf P5 Fri-Sat,20:13,Stakes 5.5f,Stakes,Thoroughbred,500000.0,Turf,,5.5,5.5f,Sprint
Reef Runner,Ortiz Jr Irad,Fawkes David,-,5,126.0,,5,4/1,0.1121786924545422,8/1,8.91,0.19185439918552738,4/1,0.2217327892096468,7/2,US,2026-06-05,US,us_horse_model.pkl,75,BEL Turf P5 Fri-Sat,20:13,Stakes 5.5f,Stakes,Thoroughbred,500000.0,Turf,,5.5,5.5f,Sprint
Ag Bullet,Velazquez John R,Baltas Richard,-,6,121.0,,6,3/1,0.12077892112373331,15/2,8.28,0.20573201979246958,4/1,0.23758943179324565,3/1,US,2026-06-05,US,us_horse_model.pkl,75,BEL Turf P5 Fri-Sat,20:13,Stakes 5.5f,Stakes,Thoroughbred,500000.0,Turf,,5.5,5.5f,Sprint
Clock Tower,Davis Dylan,Ward Wesley A,-,4,124.0,,7,20/1,0.08596847174843597,21/2,11.63,0.14883078663937543,11/2,0.17240415472347773,5/1,US,2026-06-05,US,us_horse_model.pkl,75,BEL Turf P5 Fri-Sat,20:13,Stakes 5.5f,Stakes,Thoroughbred,500000.0,Turf,,5.5,5.5f,Sprint
John The Beer Man,Carmouche Kendrick,Atras Rob,-,5,124.0,,8,10/1,0.09341455717630708,19/2,10.7,0.1611651793233963,5/1,0.18657166262855476,9/2,US,2026-06-05,US,us_horse_model.pkl,75,BEL Turf P5 Fri-Sat,20:13,Stakes 5.5f,Stakes,Thoroughbred,500000.0,Turf,,5.5,5.5f,Sprint
Twenty Six Black,Franco Manuel,De Paz Horacio,-,6,124.0,,9,12/1,0.09100889880730256,10/1,10.99,0.15718992212345034,11/2,0.18200780586700577,9/2,US,2026-06-05,US,us_horse_model.pkl,75,BEL Turf P5 Fri-Sat,20:13,Stakes 5.5f,Stakes,Thoroughbred,500000.0,Turf,,5.5,5.5f,Sprint
My Boy Prince,Ortiz Jose L,Casse Mark E,-,5,126.0,,10,5/1,0.10644520667508146,17/2,9.39,0.182536906395866,9/2,0.21107129379116019,7/2,US,2026-06-05,US,us_horse_model.pkl,75,BEL Turf P5 Fri-Sat,20:13,Stakes 5.5f,Stakes,Thoroughbred,500000.0,Turf,,5.5,5.5f,Sprint
Tiz Dashing,Castellano Javier,Tagg Barclay,-,4,122.0,,1,30/1,0.09196274554094513,10/1,10.87,0.15876722471975835,11/2,0.1838189044118133,9/2,US,2026-06-05,US,us_horse_model.pkl,75,BEL Turf P5 Fri-Sat,22:11,Stakes 9.5f,Stakes,Thoroughbred,1000000.0,Turf,,9.5,9.5f,Route
Test Score,Franco Manuel,Motion H Graham,-,4,124.0,,2,12/1,0.09963765817028797,9/1,10.04,0.17140565436599103,5/1,0.19831865293937967,4/1,US,2026-06-05,US,us_horse_model.pkl,75,BEL Turf P5 Fri-Sat,22:11,Stakes 9.5f,Stakes,Thoroughbred,1000000.0,Turf,,9.5,9.5f,Route
Make Me King (Fr),Ortiz Jose L,Al Jehani Ha,-,6,122.0,,3,8/1,0.10551228265200717,17/2,9.48,0.18101583534126325,9/2,0.2093296675997343,4/1,US,2026-06-05,US,us_horse_model.pkl,75,BEL Turf P5 Fri-Sat,22:11,Stakes 9.5f,Stakes,Thoroughbred,1000000.0,Turf,,9.5,9.5f,Route
Integration,Velazquez John R,Mcgaughey Iii C R,-,6,120.0,,4,12/1,0.09963765817028797,9/1,10.04,0.17140565436599103,5/1,0.19831865293937967,4/1,US,2026-06-05,US,us_horse_model.pkl,75,BEL Turf P5 Fri-Sat,22:11,Stakes 9.5f,Stakes,Thoroughbred,1000000.0,Turf,,9.5,9.5f,Route
Deterministic,Carmouche Kendrick,Clement Miguel,-,5,124.0,,5,7/2,0.1246048122175946,7/1,8.03,0.2118675746094447,7/2,0.2445911105063885,3/1,US,2026-06-05,US,us_horse_model.pkl,75,BEL Turf P5 Fri-Sat,22:11,Stakes 9.5f,Stakes,Thoroughbred,1000000.0,Turf,,9.5,9.5f,Route
Bright Picture (Fr),Prat Flavien,Fabre Andre,-,5,122.0,,6,3/1,0.12937794460899144,13/2,7.73,0.21948937825518677,7/2,0.25328116587251004,3/1,US,2026-06-05,US,us_horse_model.pkl,75,BEL Turf P5 Fri-Sat,22:11,Stakes 9.5f,Stakes,Thoroughbred,1000000.0,Turf,,9.5,9.5f,Route
Rhetorical,Ortiz Jr Irad,Walden William,-,5,124.0,,7,2/1,0.14369734178318203,6/1,6.96,0.24213607438128554,3/1,0.27905059910557434,5/2,US,2026-06-05,US,us_horse_model.pkl,75,BEL Turf P5 Fri-Sat,22:11,Stakes 9.5f,Stakes,Thoroughbred,1000000.0,Turf,,9.5,9.5f,Route
One Stripe (Saf),Lerena Gavin,Motion H Graham,-,5,124.0,,8,6/1,0.11096729109931786,8/1,9.01,0.18989013222363554,9/2,0.21948619764525468,7/2,US,2026-06-05,US,us_horse_model.pkl,75,BEL Turf P5 Fri-Sat,22:11,Stakes 9.5f,Stakes,Thoroughbred,1000000.0,Turf,,9.5,9.5f,Route
Battle Of Normandy,Davis Dylan,Mcgaughey Iii C R,-,6,120.0,,9,20/1,0.09460226575738578,19/2,10.57,0.16312440741414957,5/1,0.188820210535436,9/2,US,2026-06-05,US,us_horse_model.pkl,75,BEL Turf P5 Fri-Sat,22:11,Stakes 9.5f,Stakes,Thoroughbred,1000000.0,Turf,,9.5,9.5f,Route
Squaawww,"Page, Chris","Steck, Ron",-,3,0.0,,1,4/1,0.1776958467259091,9/2,5.63,0.2945918729517262,5/2,0.33842788278640756,2/1,US,2026-06-05,US,us_horse_model.pkl,75,Scioto Downs,21:28,Pace 1m,Pace,Harness,15000.0,Dirt,,8.0,1m,Classic
Same Girl Same,"St Louis, Marc","Currie, Stacey",-,3,0.0,,2,3/1,0.189712400999979,9/2,5.27,0.3126896857254207,2/1,0.35880616749746136,2/1,US,2026-06-05,US,us_horse_model.pkl,75,Scioto Downs,21:28,Pace 1m,Pace,Harness,15000.0,Dirt,,8.0,1m,Classic
Tippin Tequila,"Ebersole, Luke","Jones, Tommie",-,3,0.0,,4,7/1,0.1596710153148043,11/2,6.26,0.26701196106131936,5/2,0.3072648157162625,5/2,US,2026-06-05,US,us_horse_model.pkl,75,Scioto Downs,21:28,Pace 1m,Pace,Harness,15000.0,Dirt,,8.0,1m,Classic
Laughing Two,"Irvine, Justin","Graham, Jim",-,3,0.0,,5,9/2,0.17332619062624735,5/1,5.77,0.2879535684416402,5/2,0.33093883512241257,2/1,US,2026-06-05,US,us_horse_model.pkl,75,Scioto Downs,21:28,Pace 1m,Pace,Harness,15000.0,Dirt,,8.0,1m,Classic
Lightning Fury,"Brown, Beau","Brown, Beau",-,3,0.0,,6,12/1,0.14811663620512172,6/1,6.75,0.24905911483264281,3/1,0.2869125443179632,5/2,US,2026-06-05,US,us_horse_model.pkl,75,Scioto Downs,21:28,Pace 1m,Pace,Harness,15000.0,Dirt,,8.0,1m,Classic
Fool Me Twice,"Miller, Brett","Galliers, Brad",-,3,0.0,,7,10/1,0.1514779101279385,11/2,6.6,0.254303792424907,3/1,0.29286349828627023,5/2,US,2026-06-05,US,us_horse_model.pkl,75,Scioto Downs,21:28,Pace 1m,Pace,Harness,15000.0,Dirt,,8.0,1m,Classic
Send Rip,"Beatty, Hugh","Beatty, Hugh",-,6,0.0,,1,10/1,0.10300270772247172,17/2,9.71,0.17691722766192036,9/2,0.2046351726392136,4/1,US,2026-06-05,US,us_horse_model.pkl,75,Scioto Downs,21:55,Trot 1m,Trot,Harness,17500.0,Dirt,,8.0,1m,Classic
My Next Chapter,"Luna, Marvin","Miller, J H",-,4,0.0,,2,12/1,0.10045148393230989,9/1,9.96,0.17274027057879532,5/1,0.19984856557122735,4/1,US,2026-06-05,US,us_horse_model.pkl,75,Scioto Downs,21:55,Trot 1m,Trot,Harness,17500.0,Dirt,,8.0,1m,Classic
Caviar Creek,"Irvine, Justin","Neil, Danielle",-,4,0.0,,3,9/2,0.1195856623585237,15/2,8.36,0.20381360773196122,4/1,0.2353990872470003,3/1,US,2026-06-05,US,us_horse_model.pkl,75,Scioto Downs,21:55,Trot 1m,Trot,Harness,17500.0,Dirt,,8.0,1m,Classic
Crista K,"Hanners, Luke","Lems, Tessa",-,4,0.0,,4,8/1,0.1066878087527055,17/2,9.37,0.18293222492570682,9/2,0.2115238809905823,7/2,US,2026-06-05,US,us_horse_model.pkl,75,Scioto Downs,21:55,Trot 1m,Trot,Harness,17500.0,Dirt,,8.0,1m,Classic
Full Moon Howl,"Smith, Jeremy","Smith, Jessica",-,4,0.0,,5,12/1,0.10045148393230989,9/1,9.96,0.17274027057879532,5/1,0.19984856557122735,4/1,US,2026-06-05,US,us_horse_model.pkl,75,Scioto Downs,21:55,Trot 1m,Trot,Harness,17500.0,Dirt,,8.0,1m,Classic
Ahadi As,"Hanners, Austi","Lorentzon, Ane",-,6,0.0,,6,15/1,0.09782053439870547,9/1,10.22,0.16842187635763117,5/1,0.1948973795922283,4/1,US,2026-06-05,US,us_horse_model.pkl,75,Scioto Downs,21:55,Trot 1m,Trot,Harness,17500.0,Dirt,,8.0,1m,Classic
Kansas Boy,"Miller, Brett","Van Huizen, St",-,4,0.0,,7,2/1,0.14722392008527702,6/1,6.79,0.2476631500372778,3/1,0.28532786126927806,5/2,US,2026-06-05,US,us_horse_model.pkl,75,Scioto Downs,21:55,Trot 1m,Trot,Harness,17500.0,Dirt,,8.0,1m,Classic
Uncle Moneybags,"Smith, Tyler","France, Heathe",-,4,0.0,,8,15/1,0.09782053439870547,9/1,10.22,0.16842187635763117,5/1,0.1948973795922283,4/1,US,2026-06-05,US,us_horse_model.pkl,75,Scioto Downs,21:55,Trot 1m,Trot,Harness,17500.0,Dirt,,8.0,1m,Classic
Theobald,"Page, Chris","Burke, Ron",-,4,0.0,,9,7/2,0.12695586441899126,7/1,7.88,0.21562632274588567,7/2,0.24887774461847106,3/1,US,2026-06-05,US,us_horse_model.pkl,75,Scioto Downs,21:55,Trot 1m,Trot,Harness,17500.0,Dirt,,8.0,1m,Classic
Barefootonthebeach,"Miller, Brett","Smith, Randy",-,3,0.0,,1,12/1,0.11034465924624097,8/1,9.06,0.18887963158389853,9/2,0.2183302462105201,7/2,US,2026-06-05,US,us_horse_model.pkl,75,Scioto Downs,22:22,Pace 1m,Pace,Harness,15000.0,Dirt,,8.0,1m,Classic
Rose Run Bristol,"Luna, Marvin","Roth, Mike",-,3,0.0,,2,5/1,0.12565416910759616,7/1,7.96,0.2135463282223768,7/2,0.24650588789041952,3/1,US,2026-06-05,US,us_horse_model.pkl,75,Scioto Downs,22:22,Pace 1m,Pace,Harness,15000.0,Dirt,,8.0,1m,Classic
Twoplustwo,"Hanners, Austi","Schwartz, Bret",-,3,0.0,,3,15/1,0.10788420230423745,17/2,9.27,0.1848803632621701,9/2,0.21375392362139486,7/2,US,2026-06-05,US,us_horse_model.pkl,75,Scioto Downs,22:22,Pace 1m,Pace,Harness,15000.0,Dirt,,8.0,1m,Classic
Imgunnabfamous,"Smith, Tyler","Henry, Pierce",-,3,0.0,,4,3/1,0.13987014255028316,6/1,7.15,0.23611533116888045,3/1,0.27220727690085444,5/2,US,2026-06-05,US,us_horse_model.pkl,75,Scioto Downs,22:22,Pace 1m,Pace,Harness,15000.0,Dirt,,8.0,1m,Classic
Fire Country,"Smith, Jeremy","Rowe, Joshua",-,3,0.0,,5,3/1,0.13987014255028316,6/1,7.15,0.23611533116888045,3/1,0.27220727690085444,5/2,US,2026-06-05,US,us_horse_model.pkl,75,Scioto Downs,22:22,Pace 1m,Pace,Harness,15000.0,Dirt,,8.0,1m,Classic
Gordys Last Chance,"Page, Chris","Steck, Ron",-,3,0.0,,6,12/1,0.11034465924624097,8/1,9.06,0.18887963158389853,9/2,0.2183302462105201,7/2,US,2026-06-05,US,us_horse_model.pkl,75,Scioto Downs,22:22,Pace 1m,Pace,Harness,15000.0,Dirt,,8.0,1m,Classic
War Cry,"Conrad, Carson","Conrad, Charli",-,3,0.0,,7,9/5,0.15814782269088068,11/2,6.32,0.26465749378609227,3/1,0.3045986204467966,5/2,US,2026-06-05,US,us_horse_model.pkl,75,Scioto Downs,22:22,Pace 1m,Pace,Harness,15000.0,Dirt,,8.0,1m,Classic
Debra L,"Le Van, Hank","Le Van, Hank",-,3,0.0,,8,15/1,0.10788420230423745,17/2,9.27,0.1848803632621701,9/2,0.21375392362139486,7/2,US,2026-06-05,US,us_horse_model.pkl,75,Scioto Downs,22:22,Pace 1m,Pace,Harness,15000.0,Dirt,,8.0,1m,Classic
Flight Of Fritz,"Widger, Sam","Hitchcock, Mic",-,4,0.0,,1,6/1,0.11050637227465436,8/1,9.05,0.18914214344373426,9/2,0.2186305576321392,7/2,US,2026-06-05,US,us_horse_model.pkl,75,Scioto Downs,22:43,Trot 1m,Trot,Harness,15000.0,Dirt,,8.0,1m,Classic
Reggianito,"Beatty, Hugh","Beatty, Hugh",-,5,0.0,,2,5/2,0.13459299146288897,13/2,7.43,0.22777516595245673,7/2,0.26271848138604464,3/1,US,2026-06-05,US,us_horse_model.pkl,75,Scioto Downs,22:43,Trot 1m,Trot,Harness,15000.0,Dirt,,8.0,1m,Classic
Four Sixes,"Page, Chris","France, Heathe",-,5,0.0,,3,3/1,0.12857133666583032,7/1,7.78,0.21820393510886393,7/2,0.2518161595250015,3/1,US,2026-06-05,US,us_horse_model.pkl,75,Scioto Downs,22:43,Trot 1m,Trot,Harness,15000.0,Dirt,,8.0,1m,Classic
Skyway Kon Man,"Smith, Tyler","Davis, Lorie",-,10,0.0,,4,7/1,0.10749554487612503,17/2,9.3,0.18424774704245306,9/2,0.21302982285482608,7/2,US,2026-06-05,US,us_horse_model.pkl,75,Scioto Downs,22:43,Trot 1m,Trot,Harness,15000.0,Dirt,,8.0,1m,Classic
Poisonpoke,"Smith, Jeremy","Brewer, Daniel",-,5,0.0,,5,7/1,0.10749554487612503,17/2,9.3,0.18424774704245306,9/2,0.21302982285482608,7/2,US,2026-06-05,US,us_horse_model.pkl,75,Scioto Downs,22:43,Trot 1m,Trot,Harness,15000.0,Dirt,,8.0,1m,Classic
Elegant Resolve,"Smith, Trevor","Carter, Steve",-,5,0.0,,6,7/1,0.10749554487612503,17/2,9.3,0.18424774704245306,9/2,0.21302982285482608,7/2,US,2026-06-05,US,us_horse_model.pkl,75,Scioto Downs,22:43,Trot 1m,Trot,Harness,15000.0,Dirt,,8.0,1m,Classic
Vel Jail Bondsman,"Luna, Marvin","Mogan, Zach",-,7,0.0,,7,15/1,0.09695764898127239,19/2,10.31,0.1670031396095098,5/1,0.19327019859509884,4/1,US,2026-06-05,US,us_horse_model.pkl,75,Scioto Downs,22:43,Trot 1m,Trot,Harness,15000.0,Dirt,,8.0,1m,Classic
World By Storm,"Hanners, Austi","Lorentzon, Ane",-,4,0.0,,8,7/1,0.10749554487612503,17/2,9.3,0.18424774704245306,9/2,0.21302982285482608,7/2,US,2026-06-05,US,us_horse_model.pkl,75,Scioto Downs,22:43,Trot 1m,Trot,Harness,15000.0,Dirt,,8.0,1m,Classic
Yo Mister,"Miller, Brett","Davidson, Scot",-,7,0.0,,9,12/1,0.09938947111085376,9/1,10.06,0.1709984344253806,5/1,0.19785179566832817,4/1,US,2026-06-05,US,us_horse_model.pkl,75,Scioto Downs,22:43,Trot 1m,Trot,Harness,15000.0,Dirt,,8.0,1m,Classic
Jamie Amanda,"Hanners, Luke","Morgan, Virgil",-,3,0.0,,1,3/1,0.12908812478292442,13/2,7.75,0.21902762944128645,7/2,0.2527549436881722,3/1,US,2026-06-05,US,us_horse_model.pkl,75,Scioto Downs,23:06,Pace 1m,Pace,Harness,20000.0,Dirt,,8.0,1m,Classic
Cruzin Tothe Pier,"Page, Chris","Steck, Ron",-,3,0.0,,2,9/2,0.11745129613842314,15/2,8.51,0.2003764874774852,4/1,0.23147343422963348,7/2,US,2026-06-05,US,us_horse_model.pkl,75,Scioto Downs,23:06,Pace 1m,Pace,Harness,20000.0,Dirt,,8.0,1m,Classic
Takeaway Hanover,"Smith, Jeremy","Deyermand, Cor",-,3,0.0,,3,10/1,0.10193552461242145,9/1,9.81,0.17517126335995095,9/2,0.20263466539027453,4/1,US,2026-06-05,US,us_horse_model.pkl,75,Scioto Downs,23:06,Pace 1m,Pace,Harness,20000.0,Dirt,,8.0,1m,Classic
Shehasaway,"Miller, Brett","Bauder, Steve",-,3,0.0,,4,5/2,0.13518360645385366,13/2,7.4,0.22871080565384028,7/2,0.26378350535383527,3/1,US,2026-06-05,US,us_horse_model.pkl,75,Scioto Downs,23:06,Pace 1m,Pace,Harness,20000.0,Dirt,,8.0,1m,Classic
Moonlight Ride,"Hanners, Austi","Bates, Tyler",-,3,0.0,,5,7/1,0.10775393893467208,17/2,9.28,0.18466836099766012,9/2,0.21351126927128064,7/2,US,2026-06-05,US,us_horse_model.pkl,75,Scioto Downs,23:06,Pace 1m,Pace,Harness,20000.0,Dirt,,8.0,1m,Classic
Eyes Up,"Smith, Tyler","Oenema, Rachel",-,3,0.0,,6,12/1,0.09954848283919042,9/1,10.05,0.1712593487620751,5/1,0.19815092348315685,4/1,US,2026-06-05,US,us_horse_model.pkl,75,Scioto Downs,23:06,Pace 1m,Pace,Harness,20000.0,Dirt,,8.0,1m,Classic
Foolish Beetrayal,"Irvine, Justin","Miller, Susan",-,3,0.0,,7,15/1,0.09708684601054592,19/2,10.3,0.16721563828436228,5/1,0.19351393538704342,4/1,US,2026-06-05,US,us_horse_model.pkl,75,Scioto Downs,23:06,Pace 1m,Pace,Harness,20000.0,Dirt,,8.0,1m,Classic
I Want Mo,"Smith, Trevor","Dailey, Kimber",-,3,0.0,,8,15/1,0.09708684601054592,19/2,10.3,0.16721563828436228,5/1,0.19351393538704342,4/1,US,2026-06-05,US,us_horse_model.pkl,75,Scioto Downs,23:06,Pace 1m,Pace,Harness,20000.0,Dirt,,8.0,1m,Classic
Pina Cum Laude,"Luna, Marvin","Carter, Steve",-,3,0.0,,9,5/1,0.11486533421742287,15/2,8.71,0.19620236558745696,4/1,0.22670375235121976,7/2,US,2026-06-05,US,us_horse_model.pkl,75,Scioto Downs,23:06,Pace 1m,Pace,Harness,20000.0,Dirt,,8.0,1m,Classic
Captiva Seaside,"Page, Chris","Winters, Mark",-,3,0.0,,1,7/2,0.13901103166123302,6/1,7.19,0.2347606034514032,7/2,0.270666692872717,5/2,US,2026-06-05,US,us_horse_model.pkl,75,Scioto Downs,23:33,Pace 1m,Pace,Harness,20000.0,Dirt,,8.0,1m,Classic
Odds On Dividend,"Hanners, Luke","Morgan, Virgil",-,3,0.0,,2,7/2,0.13901103166123302,6/1,7.19,0.2347606034514032,7/2,0.270666692872717,5/2,US,2026-06-05,US,us_horse_model.pkl,75,Scioto Downs,23:33,Pace 1m,Pace,Harness,20000.0,Dirt,,8.0,1m,Classic
Beach Babe Hanover,"Irvine, Justin","Schillaci, Sam",-,3,0.0,,3,2/1,0.15990543638073842,11/2,6.25,0.2673739866180377,5/2,0.3076746929570249,5/2,US,2026-06-05,US,us_horse_model.pkl,75,Scioto Downs,23:33,Pace 1m,Pace,Harness,20000.0,Dirt,,8.0,1m,Classic
Lil Miss Sureshot,"Miller, Brett","Livingston, St",-,3,0.0,,5,10/1,0.1143176442654539,15/2,8.75,0.19531694064549474,4/1,0.22569167678801005,7/2,US,2026-06-05,US,us_horse_model.pkl,75,Scioto Downs,23:33,Pace 1m,Pace,Harness,20000.0,Dirt,,8.0,1m,Classic
Wishing For Gold,"Hanners, Austi","Morgan, Virgil",-,3,0.0,,6,12/1,0.11168757933572596,8/1,8.95,0.19105835050200748,4/1,0.22082238968936305,7/2,US,2026-06-05,US,us_horse_model.pkl,75,Scioto Downs,23:33,Pace 1m,Pace,Harness,20000.0,Dirt,,8.0,1m,Classic
Racing Artist,"Luna, Marvin","Webb, Bill",-,3,0.0,,7,15/1,0.108975324876944,8/1,9.18,0.1866550876328708,9/2,0.21578499866634338,7/2,US,2026-06-05,US,us_horse_model.pkl,75,Scioto Downs,23:33,Pace 1m,Pace,Harness,20000.0,Dirt,,8.0,1m,Classic
Prolific Shark,"Smith, Jeremy","Hagerman, Herm",-,3,0.0,,8,15/1,0.108975324876944,8/1,9.18,0.1866550876328708,9/2,0.21578499866634338,7/2,US,2026-06-05,US,us_horse_model.pkl,75,Scioto Downs,23:33,Pace 1m,Pace,Harness,20000.0,Dirt,,8.0,1m,Classic
Baxter Tough,"Smith, Tyler","Rowe, Joshua",-,3,0.0,,9,8/1,0.11811662694172763,15/2,8.47,0.20144869844703672,4/1,0.23269822526152764,7/2,US,2026-06-05,US,us_horse_model.pkl,75,Scioto Downs,23:33,Pace 1m,Pace,Harness,20000.0,Dirt,,8.0,1m,Classic
Royal Precedent,"Irvine, Justin","Schillaci, Sam",-,5,0.0,,1,12/1,0.11090884521463792,8/1,9.02,0.18979530382887266,9/2,0.2193777258092107,7/2,US,2026-06-05,US,us_horse_model.pkl,75,Scioto Downs,00:02,Trot 1m,Trot,Harness,20000.0,Dirt,,8.0,1m,Classic
Golden Wall As,"Page, Chris","Lorentzon, Ane",-,7,0.0,,2,6/1,0.12264023635099425,7/1,8.15,0.20871992337400747,4/1,0.24099980600763743,3/1,US,2026-06-05,US,us_horse_model.pkl,75,Scioto Downs,00:02,Trot 1m,Trot,Harness,20000.0,Dirt,,8.0,1m,Classic
Bargain,"Hanners, Luke","Morgan, Virgil",-,5,0.0,,3,5/2,0.14805825047976626,6/1,6.75,0.24896785443547592,3/1,0.286808955918867,5/2,US,2026-06-05,US,us_horse_model.pkl,75,Scioto Downs,00:02,Trot 1m,Trot,Harness,20000.0,Dirt,,8.0,1m,Classic
Sayinwhatimthinkin,"Smith, Trevor","Smith, Jeff",-,6,0.0,,4,4/1,0.13280744200250305,13/2,7.53,0.22494314228350692,7/2,0.25949402988888337,3/1,US,2026-06-05,US,us_horse_model.pkl,75,Scioto Downs,00:02,Trot 1m,Trot,Harness,20000.0,Dirt,,8.0,1m,Classic
Nickel And Dime,"Smith, Tyler","Hitchcock, Mic",-,4,0.0,,5,7/2,0.13676135531142314,13/2,7.31,0.23120750491526781,7/2,0.26662481101670954,3/1,US,2026-06-05,US,us_horse_model.pkl,75,Scioto Downs,00:02,Trot 1m,Trot,Harness,20000.0,Dirt,,8.0,1m,Classic
Angel Nation,"Smith, Jeremy","Storer, Antoni",-,9,0.0,,6,12/1,0.11090884521463792,8/1,9.02,0.18979530382887266,9/2,0.2193777258092107,7/2,US,2026-06-05,US,us_horse_model.pkl,75,Scioto Downs,00:02,Trot 1m,Trot,Harness,20000.0,Dirt,,8.0,1m,Classic
Rose Run Valor,"Hanners, Austi","Kauffman, Kayn",-,9,0.0,,7,15/1,0.10834260340355999,8/1,9.23,0.1856261903565991,9/2,0.21460753546398878,7/2,US,2026-06-05,US,us_horse_model.pkl,75,Scioto Downs,00:02,Trot 1m,Trot,Harness,20000.0,Dirt,,8.0,1m,Classic
Woman Of Passion,"Luna, Marvin","Pinske, Carter",-,5,0.0,,8,9/2,0.12957242202247754,13/2,7.72,0.21979914960144276,7/2,0.2536341724435547,3/1,US,2026-06-05,US,us_horse_model.pkl,75,Scioto Downs,00:02,Trot 1m,Trot,Harness,20000.0,Dirt,,8.0,1m,Classic
Blood Queen,"Luna, Marvin","Miller, Ryan",-,3,0.0,,1,8/5,0.15452330143606954,11/2,6.47,0.2590399820355632,3/1,0.2982337372603734,5/2,US,2026-06-05,US,us_horse_model.pkl,75,Scioto Downs,00:27,Pace 1m,Pace,Harness,20000.0,Dirt,,8.0,1m,Classic
Platinums Rosa,"Irvine, Justin","Miller, Susan",-,3,0.0,,2,9/2,0.11861415776079966,15/2,8.43,0.2022500292323963,4/1,0.23361348103424504,7/2,US,2026-06-05,US,us_horse_model.pkl,75,Scioto Downs,00:27,Pace 1m,Pace,Harness,20000.0,Dirt,,8.0,1m,Classic
Magical Evening,"Hanners, Austi","Dailey, Kimber",-,3,0.0,,3,15/1,0.09748657969323783,19/2,10.26,0.1678729368715993,5/1,0.19426782081348484,4/1,US,2026-06-05,US,us_horse_model.pkl,75,Scioto Downs,00:27,Pace 1m,Pace,Harness,20000.0,Dirt,,8.0,1m,Classic
Odds On Catherine,"Hanners, Luke","Morgan, Virgil",-,3,0.0,,4,12/1,0.1000404627563497,9/1,10.0,0.17206635761062578,5/1,0.1990760681809793,4/1,US,2026-06-05,US,us_horse_model.pkl,75,Scioto Downs,00:27,Pace 1m,Pace,Harness,20000.0,Dirt,,8.0,1m,Classic
Juliet Capulet,"Widger, Sam","Miller, Uriah",-,3,0.0,,5,7/2,0.12576846991066185,7/1,7.95,0.2137290794202561,7/2,0.24671430798635394,3/1,US,2026-06-05,US,us_horse_model.pkl,75,Scioto Downs,00:27,Pace 1m,Pace,Harness,20000.0,Dirt,,8.0,1m,Classic
Rhodena Blue,"Smith, Tyler","Mac Innis, Nei",-,3,0.0,,6,12/1,0.1000404627563497,9/1,10.0,0.17206635761062578,5/1,0.1990760681809793,4/1,US,2026-06-05,US,us_horse_model.pkl,75,Scioto Downs,00:27,Pace 1m,Pace,Harness,20000.0,Dirt,,8.0,1m,Classic
Nancy Jane,"Smith, Trevor","Beaver, Christ",-,3,0.0,,7,15/1,0.09748657969323783,19/2,10.26,0.1678729368715993,5/1,0.19426782081348484,4/1,US,2026-06-05,US,us_horse_model.pkl,75,Scioto Downs,00:27,Pace 1m,Pace,Harness,20000.0,Dirt,,8.0,1m,Classic
Extra Sweet,"Page, Chris","Deyermand, Cor",-,3,0.0,,8,7/1,0.10855340630005593,8/1,9.21,0.18596905772462466,9/2,0.21499992700883794,7/2,US,2026-06-05,US,us_horse_model.pkl,75,Scioto Downs,00:27,Pace 1m,Pace,Harness,20000.0,Dirt,,8.0,1m,Classic
Filly Cum Laude,"Miller, Brett","Neff, Charles",-,3,0.0,,9,15/1,0.09748657969323783,19/2,10.26,0.1678729368715993,5/1,0.19426782081348484,4/1,US,2026-06-05,US,us_horse_model.pkl,75,Scioto Downs,00:27,Pace 1m,Pace,Harness,20000.0,Dirt,,8.0,1m,Classic
Fear Our Fayth,"Noble, Koltin","Smith, Randy",-,7,0.0,,1,9/1,0.09554600974106979,19/2,10.47,0.16467958555197315,5/1,0.1906046764810619,4/1,US,2026-06-05,US,us_horse_model.pkl,75,Scioto Downs,00:55,Pace 1m,Pace,Harness,16500.0,Dirt,,8.0,1m,Classic
Jillian B Miki,"Smith, Jeremy","Tatham, Brian",-,7,0.0,,2,6/1,0.10316096629676635,17/2,9.69,0.1771759913603534,9/2,0.20493162575919854,4/1,US,2026-06-05,US,us_horse_model.pkl,75,Scioto Downs,00:55,Pace 1m,Pace,Harness,16500.0,Dirt,,8.0,1m,Classic
Feetmadefordancin,"Smith, Trevor","Di Cicco, Terr",-,6,0.0,,3,8/1,0.09752025773699112,19/2,10.25,0.16792830339131268,5/1,0.19433132051168325,4/1,US,2026-06-05,US,us_horse_model.pkl,75,Scioto Downs,00:55,Pace 1m,Pace,Harness,16500.0,Dirt,,8.0,1m,Classic
Nase Vira A,"Widger, Sam","George, Tyler",-,6,0.0,,4,6/1,0.10316096629676635,17/2,9.69,0.1771759913603534,9/2,0.20493162575919854,4/1,US,2026-06-05,US,us_horse_model.pkl,75,Scioto Downs,00:55,Pace 1m,Pace,Harness,16500.0,Dirt,,8.0,1m,Classic
Racing For Three,"Hanners, Austi","Carlo, Aj",-,6,0.0,,5,5/1,0.10739149771659778,17/2,9.31,0.1840783488644248,9/2,0.21283591804485993,7/2,US,2026-06-05,US,us_horse_model.pkl,75,Scioto Downs,00:55,Pace 1m,Pace,Harness,16500.0,Dirt,,8.0,1m,Classic
Flossy Hill,"Miller, Brett","Husted, Amy",-,4,0.0,,6,12/1,0.09144564851877163,10/1,10.94,0.15791232202737396,11/2,0.18283732459309981,9/2,US,2026-06-05,US,us_horse_model.pkl,75,Scioto Downs,00:55,Pace 1m,Pace,Harness,16500.0,Dirt,,8.0,1m,Classic
Foxy Hill,"Hanners, Luke","Morgan, Virgil",-,5,0.0,,7,7/2,0.11726273769620447,15/2,8.53,0.20007248813156098,4/1,0.23112614454481967,7/2,US,2026-06-05,US,us_horse_model.pkl,75,Scioto Downs,00:55,Pace 1m,Pace,Harness,16500.0,Dirt,,8.0,1m,Classic
Dragon By The Sea,"Smith, Tyler","Smith, Jeff",-,6,0.0,,8,8/1,0.09752025773699112,19/2,10.25,0.16792830339131268,5/1,0.19433132051168325,4/1,US,2026-06-05,US,us_horse_model.pkl,75,Scioto Downs,00:55,Pace 1m,Pace,Harness,16500.0,Dirt,,8.0,1m,Classic
A Special Dance,"Luna, Marvin","Ater, Kyle",-,5,0.0,,9,12/1,0.09144564851877163,10/1,10.94,0.15791232202737396,11/2,0.18283732459309981,9/2,US,2026-06-05,US,us_horse_model.pkl,75,Scioto Downs,00:55,Pace 1m,Pace,Harness,16500.0,Dirt,,8.0,1m,Classic
Alwaysanun,"Irvine, Justin","Irwin, Jason",-,6,0.0,,10,9/1,0.09554600974106979,19/2,10.47,0.16467958555197315,5/1,0.1906046764810619,4/1,US,2026-06-05,US,us_horse_model.pkl,75,Scioto Downs,00:55,Pace 1m,Pace,Harness,16500.0,Dirt,,8.0,1m,Classic
Ima Beach Girl,"Irvine, Justin","Schillaci, Sam",-,3,0.0,,1,9/1,0.10397630544256695,17/2,9.62,0.17850849212183173,9/2,0.206458062126556,4/1,US,2026-06-05,US,us_horse_model.pkl,75,Scioto Downs,01:22,Pace 1m,Pace,Harness,20000.0,Dirt,,8.0,1m,Classic
Adeline Blue Chip,"Brown, Beau","Brown, Beau",-,3,0.0,,2,12/1,0.09992479336037913,9/1,10.01,0.17187665658619086,5/1,0.19885860529587027,4/1,US,2026-06-05,US,us_horse_model.pkl,75,Scioto Downs,01:22,Pace 1m,Pace,Harness,20000.0,Dirt,,8.0,1m,Classic
Zooom Call,"Hanners, Luke","Morgan, Virgil",-,3,0.0,,3,2/1,0.14494159427357708,6/1,6.9,0.24408841709198575,3/1,0.281268475648889,5/2,US,2026-06-05,US,us_horse_model.pkl,75,Scioto Downs,01:22,Pace 1m,Pace,Harness,20000.0,Dirt,,8.0,1m,Classic
Bad Girl Up,"Smith, Tyler","Potter, Ron",-,3,0.0,,4,5/2,0.13658133124684035,13/2,7.32,0.23092282820818533,7/2,0.2663008895686897,3/1,US,2026-06-05,US,us_horse_model.pkl,75,Scioto Downs,01:22,Pace 1m,Pace,Harness,20000.0,Dirt,,8.0,1m,Classic
Liberty Biberty,"Mccown, Camero","Mccown, Jessic",-,3,0.0,,5,12/1,0.09992479336037913,9/1,10.01,0.17187665658619086,5/1,0.19885860529587027,4/1,US,2026-06-05,US,us_horse_model.pkl,75,Scioto Downs,01:22,Pace 1m,Pace,Harness,20000.0,Dirt,,8.0,1m,Classic
Hold On Tight,"Miller, Brett","Hennessey, San",-,3,0.0,,6,15/1,0.09739259830901174,19/2,10.27,0.16771842239191673,5/1,0.1940906064230061,4/1,US,2026-06-05,US,us_horse_model.pkl,75,Scioto Downs,01:22,Pace 1m,Pace,Harness,20000.0,Dirt,,8.0,1m,Classic
High Seas,"Hanners, Austi","Morgan, Virgil",-,3,0.0,,7,15/1,0.09739259830901174,19/2,10.27,0.16771842239191673,5/1,0.1940906064230061,4/1,US,2026-06-05,US,us_horse_model.pkl,75,Scioto Downs,01:22,Pace 1m,Pace,Harness,20000.0,Dirt,,8.0,1m,Classic
Bethany Beach,"Smith, Jeremy","Steck, Ron",-,3,0.0,,8,6/1,0.11150054216663004,8/1,8.97,0.1907550791771721,4/1,0.22047553055612537,7/2,US,2026-06-05,US,us_horse_model.pkl,75,Scioto Downs,01:22,Pace 1m,Pace,Harness,20000.0,Dirt,,8.0,1m,Classic
Deep Satin,"Micallef, Mike","Micallef, Mike",-,3,0.0,,9,7/1,0.10836544353160375,8/1,9.23,0.1856633428754458,9/2,0.21465005512938656,7/2,US,2026-06-05,US,us_horse_model.pkl,75,Scioto Downs,01:22,Pace 1m,Pace,Harness,20000.0,Dirt,,8.0,1m,Classic
Camden,"Hanners, Luke","Hanners, Alici",-,3,0.0,,1,12/1,0.12434643998539913,7/1,8.04,0.21145396226408447,7/2,0.24411928311859146,3/1,US,2026-06-05,US,us_horse_model.pkl,75,Scioto Downs,01:47,Pace 1m,Pace,Harness,15000.0,Dirt,,8.0,1m,Classic
Elle Woods,"Ebersole, Luke","Hope, Christop",-,3,0.0,,2,9/1,0.1283170386476855,7/1,7.79,0.21779845963998462,7/2,0.2513539925120968,3/1,US,2026-06-05,US,us_horse_model.pkl,75,Scioto Downs,01:47,Pace 1m,Pace,Harness,15000.0,Dirt,,8.0,1m,Classic
Tenille Towns,"Luna, Marvin","Kauffman, Kayn",-,3,0.0,,3,2/1,0.16846420289969247,5/1,5.94,0.2805314150925434,5/2,0.32255661966486254,2/1,US,2026-06-05,US,us_horse_model.pkl,75,Scioto Downs,01:47,Pace 1m,Pace,Harness,15000.0,Dirt,,8.0,1m,Classic
Sumbadgirl,"Page, Chris","Harvey, Daren",-,3,0.0,,4,9/5,0.1725608523131626,5/1,5.8,0.2867877359628566,5/2,0.32962281733149185,2/1,US,2026-06-05,US,us_horse_model.pkl,75,Scioto Downs,01:47,Pace 1m,Pace,Harness,15000.0,Dirt,,8.0,1m,Classic
Its Nacho Turn,"Hanners, Austi","Luther, Todd",-,3,0.0,,5,7/2,0.14934650563683205,11/2,6.7,0.2509802071495518,3/1,0.28909284521682177,5/2,US,2026-06-05,US,us_horse_model.pkl,75,Scioto Downs,01:47,Pace 1m,Pace,Harness,15000.0,Dirt,,8.0,1m,Classic
Burning Spirit,"Miller, Brett","Schwartz, Bret",-,3,0.0,,6,7/1,0.13261852053182913,13/2,7.54,0.22464319936685148,7/2,0.25915245392998487,3/1,US,2026-06-05,US,us_horse_model.pkl,75,Scioto Downs,01:47,Pace 1m,Pace,Harness,15000.0,Dirt,,8.0,1m,Classic
I Aint A Fool,"Nisonger, Jeff","Winters, Mark",-,3,0.0,,7,12/1,0.12434643998539913,7/1,8.04,0.21145396226408447,7/2,0.24411928311859146,3/1,US,2026-06-05,US,us_horse_model.pkl,75,Scioto Downs,01:47,Pace 1m,Pace,Harness,15000.0,Dirt,,8.0,1m,Classic
Fiftyfour K,"Miller, Brett","Steck, Ron",-,7,0.0,,1,10/1,0.11302700707741738,8/1,8.85,0.19322852927624845,4/1,0.2233041001008101,7/2,US,2026-06-05,US,us_horse_model.pkl,75,Scioto Downs,01:33,Trot 1m,Trot,Harness,14500.0,Dirt,,8.0,1m,Classic
Long Highway,"Beatty, Hugh","Beatty, Hugh",-,4,0.0,,2,9/2,0.12883179193261257,7/1,7.76,0.21861912098864827,7/2,0.2522893693846617,3/1,US,2026-06-05,US,us_horse_model.pkl,75,Scioto Downs,01:33,Trot 1m,Trot,Harness,14500.0,Dirt,,8.0,1m,Classic
Kildare King,"Smith, Tyler","Beaver, Christ",-,8,0.0,,3,7/1,0.11895380139811558,15/2,8.41,0.2027968370229582,4/1,0.23423797538227417,7/2,US,2026-06-05,US,us_horse_model.pkl,75,Scioto Downs,01:33,Trot 1m,Trot,Harness,14500.0,Dirt,,8.0,1m,Classic
Nelli Up,"Luna, Marvin","Miller, Ryan",-,4,0.0,,4,6/1,0.12205831270895749,7/1,8.19,0.20778637751503737,4/1,0.23993440181731732,3/1,US,2026-06-05,US,us_horse_model.pkl,75,Scioto Downs,01:33,Trot 1m,Trot,Harness,14500.0,Dirt,,8.0,1m,Classic
Taipan As,"Hanners, Austi","Lorentzon, Ane",-,4,0.0,,5,3/1,0.14068538057400895,6/1,7.11,0.23739978398741313,3/1,0.2736676852674397,5/2,US,2026-06-05,US,us_horse_model.pkl,75,Scioto Downs,01:33,Trot 1m,Trot,Harness,14500.0,Dirt,,8.0,1m,Classic
Royaltimestwo,"Smith, Trevor","Chupp, Marion",-,4,0.0,,6,12/1,0.11059550171507967,8/1,9.04,0.18928681108745526,9/2,0.2187960521020961,7/2,US,2026-06-05,US,us_horse_model.pkl,75,Scioto Downs,01:33,Trot 1m,Trot,Harness,14500.0,Dirt,,8.0,1m,Classic
Tennessee Tom,"Page, Chris","Burke, Ron",-,5,0.0,,7,5/2,0.14689440319569277,6/1,6.81,0.247147553200072,3/1,0.28474248445171424,5/2,US,2026-06-05,US,us_horse_model.pkl,75,Scioto Downs,01:33,Trot 1m,Trot,Harness,14500.0,Dirt,,8.0,1m,Classic
Jet Wings,"Hanners, Luke","Morgan, Virgil",-,4,0.0,,8,7/1,0.11895380139811558,15/2,8.41,0.2027968370229582,4/1,0.23423797538227417,7/2,US,2026-06-05,US,us_horse_model.pkl,75,Scioto Downs,01:33,Trot 1m,Trot,Harness,14500.0,Dirt,,8.0,1m,Classic
She's Lit,"Smith, Tyler","Mogan, Scott",-,3,0.0,,1,3/1,0.12520226879701926,7/1,7.99,0.21282359734509781,7/2,0.24568159555062727,3/1,US,2026-06-05,US,us_horse_model.pkl,75,Scioto Downs,01:55,Pace 1m,Pace,Harness,20000.0,Dirt,,8.0,1m,Classic
Rose Run Bella,"Miller, Brett","Hagerman, Herm",-,3,0.0,,2,10/1,0.1005224860720923,9/1,9.95,0.17285665876487494,5/1,0.19998197352466843,4/1,US,2026-06-05,US,us_horse_model.pkl,75,Scioto Downs,01:55,Pace 1m,Pace,Harness,20000.0,Dirt,,8.0,1m,Classic
Sea Me,"Hanners, Luke","Morgan, Virgil",-,3,0.0,,3,3/1,0.12520226879701926,7/1,7.99,0.21282359734509781,7/2,0.24568159555062727,3/1,US,2026-06-05,US,us_horse_model.pkl,75,Scioto Downs,01:55,Pace 1m,Pace,Harness,20000.0,Dirt,,8.0,1m,Classic
Climate,"Luna, Marvin","Seekman, Joe",-,3,0.0,,4,5/2,0.13074262818424776,13/2,7.65,0.2216618228720264,7/2,0.2557565208799434,3/1,US,2026-06-05,US,us_horse_model.pkl,75,Scioto Downs,01:55,Pace 1m,Pace,Harness,20000.0,Dirt,,8.0,1m,Classic
Mandaloun,"Page, Chris","Burke, Ron",-,3,0.0,,5,4/1,0.11744576565489935,15/2,8.51,0.2003675718826064,4/1,0.23146324921799655,7/2,US,2026-06-05,US,us_horse_model.pkl,75,Scioto Downs,01:55,Pace 1m,Pace,Harness,20000.0,Dirt,,8.0,1m,Classic
I Love Desi,"Irvine, Justin","Winters, Mark",-,3,0.0,,6,8/1,0.10365642673557508,17/2,9.65,0.17798584428116504,9/2,0.20585937586076128,4/1,US,2026-06-05,US,us_horse_model.pkl,75,Scioto Downs,01:55,Pace 1m,Pace,Harness,20000.0,Dirt,,8.0,1m,Classic
Dolly Jean,"Smith, Trevor","Richardson, La",-,3,0.0,,7,10/1,0.1005224860720923,9/1,9.95,0.17285665876487494,5/1,0.19998197352466843,4/1,US,2026-06-05,US,us_horse_model.pkl,75,Scioto Downs,01:55,Pace 1m,Pace,Harness,20000.0,Dirt,,8.0,1m,Classic
Sando,"Hanners, Austi","Schwartz, Bret",-,3,0.0,,8,12/1,0.09835283484352729,9/1,10.17,0.1692964786209426,5/1,0.19590034503747333,4/1,US,2026-06-05,US,us_horse_model.pkl,75,Scioto Downs,01:55,Pace 1m,Pace,Harness,20000.0,Dirt,,8.0,1m,Classic
Twin B Malibu,"Smith, Jeremy","Miller, Ryan",-,3,0.0,,9,12/1,0.09835283484352729,9/1,10.17,0.1692964786209426,5/1,0.19590034503747333,4/1,US,2026-06-05,US,us_horse_model.pkl,75,Scioto Downs,01:55,Pace 1m,Pace,Harness,20000.0,Dirt,,8.0,1m,Classic
Global Sensation,"Miller, Brett","Hitchcock, Mic",-,4,0.0,,1,6/1,0.1113578982028813,8/1,8.98,0.19052375157145574,4/1,0.22021094658467114,7/2,US,2026-06-05,US,us_horse_model.pkl,75,Scioto Downs,02:17,Trot 1m,Trot,Harness,14500.0,Dirt,,8.0,1m,Classic
Floyd Of Rosedale,"Smith, Tyler","Myrick, Charli",-,7,0.0,,2,12/1,0.09984798507220675,9/1,10.02,0.17175067703158847,5/1,0.1987141865163566,4/1,US,2026-06-05,US,us_horse_model.pkl,75,Scioto Downs,02:17,Trot 1m,Trot,Harness,14500.0,Dirt,,8.0,1m,Classic
Militant,"Beatty, Hugh","Beatty, Hugh",-,5,0.0,,3,15/1,0.09733019157487169,19/2,10.27,0.16761581188116806,5/1,0.19397291949602918,4/1,US,2026-06-05,US,us_horse_model.pkl,75,Scioto Downs,02:17,Trot 1m,Trot,Harness,14500.0,Dirt,,8.0,1m,Classic
Caviar Gold,"Smith, Jeremy","Beaver, Christ",-,7,0.0,,4,3/1,0.13006150704022748,13/2,7.69,0.22057791618154937,7/2,0.2545215696095451,3/1,US,2026-06-05,US,us_horse_model.pkl,75,Scioto Downs,02:17,Trot 1m,Trot,Harness,14500.0,Dirt,,8.0,1m,Classic
Amazing Catch,"Hanners, Austi","Luther, Todd",-,5,0.0,,5,7/2,0.1252124232675822,7/1,7.99,0.21283984112921583,7/2,0.24570012282732845,3/1,US,2026-06-05,US,us_horse_model.pkl,75,Scioto Downs,02:17,Trot 1m,Trot,Harness,14500.0,Dirt,,8.0,1m,Classic
Macmorris Hanover,"St Louis, Marc","Currie, Stacey",-,10,0.0,,6,10/1,0.10228948179689529,9/1,9.78,0.17575055676538962,9/2,0.20329845987857498,4/1,US,2026-06-05,US,us_horse_model.pkl,75,Scioto Downs,02:17,Trot 1m,Trot,Harness,14500.0,Dirt,,8.0,1m,Classic
Sugar Instead,"Hanners, Luke","Morgan, Virgil",-,5,0.0,,7,7/2,0.1252124232675822,7/1,7.99,0.21283984112921583,7/2,0.24570012282732845,3/1,US,2026-06-05,US,us_horse_model.pkl,75,Scioto Downs,02:17,Trot 1m,Trot,Harness,14500.0,Dirt,,8.0,1m,Classic
Lane Of Stone,"Nisonger, Jeff","Winters, Mark",-,10,0.0,,8,15/1,0.09733019157487169,19/2,10.27,0.16761581188116806,5/1,0.19397291949602918,4/1,US,2026-06-05,US,us_horse_model.pkl,75,Scioto Downs,02:17,Trot 1m,Trot,Harness,14500.0,Dirt,,8.0,1m,Classic
Hilltop Sonar,"Page, Chris","Burke, Ron",-,4,0.0,,9,6/1,0.1113578982028813,8/1,8.98,0.19052375157145574,4/1,0.22021094658467114,7/2,US,2026-06-05,US,us_horse_model.pkl,75,Scioto Downs,02:17,Trot 1m,Trot,Harness,14500.0,Dirt,,8.0,1m,Classic
Beckoning Yankee,"Page, Chris","Hitchcock, Mic",-,4,0.0,,1,3/1,0.14136459349660718,6/1,7.07,0.23846910965832413,3/1,0.274883303218968,5/2,US,2026-06-05,US,us_horse_model.pkl,75,Scioto Downs,02:39,Pace 1m,Pace,Harness,17500.0,Dirt,,8.0,1m,Classic
Rumor Has It,"Hanners, Luke","Sweeney, Mike",-,6,0.0,,2,9/2,0.12932576496722947,13/2,7.73,0.2194062541535258,7/2,0.25318643759838694,3/1,US,2026-06-05,US,us_horse_model.pkl,75,Scioto Downs,02:39,Pace 1m,Pace,Harness,17500.0,Dirt,,8.0,1m,Classic
Kountry Carrots,"Hanners, Austi","Miller, Erv",-,4,0.0,,3,12/1,0.11080449030664836,8/1,9.02,0.18962597449427415,9/2,0.21918403106463383,7/2,US,2026-06-05,US,us_horse_model.pkl,75,Scioto Downs,02:39,Pace 1m,Pace,Harness,17500.0,Dirt,,8.0,1m,Classic
Survivin Fire,"Widger, Sam","Davis, Lorie",-,4,0.0,,4,12/1,0.11080449030664836,8/1,9.02,0.18962597449427415,9/2,0.21918403106463383,7/2,US,2026-06-05,US,us_horse_model.pkl,75,Scioto Downs,02:39,Pace 1m,Pace,Harness,17500.0,Dirt,,8.0,1m,Classic
Look At Me,"Smith, Tyler","Putnam, Joe",-,4,0.0,,5,5/2,0.14767064653580503,6/1,6.77,0.24836186788580691,3/1,0.2861210758920576,5/2,US,2026-06-05,US,us_horse_model.pkl,75,Scioto Downs,02:39,Pace 1m,Pace,Harness,17500.0,Dirt,,8.0,1m,Classic
Downthejerseyshore,"Irvine, Justin","Presto, Brando",-,4,0.0,,7,9/2,0.12932576496722947,13/2,7.73,0.2194062541535258,7/2,0.25318643759838694,3/1,US,2026-06-05,US,us_horse_model.pkl,75,Scioto Downs,02:39,Pace 1m,Pace,Harness,17500.0,Dirt,,8.0,1m,Classic
Pirate Princess,"Luna, Marvin","Cleary, Robert",-,4,0.0,,8,6/1,0.12244643437901363,7/1,8.17,0.20840907844851728,4/1,0.24064506997458113,3/1,US,2026-06-05,US,us_horse_model.pkl,75,Scioto Downs,02:39,Pace 1m,Pace,Harness,17500.0,Dirt,,8.0,1m,Classic
Racin Like A Star,"Miller, Brett","Holton, Ryan",-,4,0.0,,9,15/1,0.10825781504081847,8/1,9.24,0.1854882634595436,9/2,0.21444968161656552,7/2,US,2026-06-05,US,us_horse_model.pkl,75,Scioto Downs,02:39,Pace 1m,Pace,Harness,17500.0,Dirt,,8.0,1m,Classic
Dixie Dream,"Miller, Brett","Davidson, Scot",-,6,0.0,,1,10/1,0.09264229222065455,10/1,10.79,0.15989005055086047,11/2,0.1851079599246877,9/2,US,2026-06-05,US,us_horse_model.pkl,75,Scioto Downs,03:05,Pace 1m,Pace,Harness,14500.0,Dirt,,8.0,1m,Classic
Sweet N Speedy,"Smith, Trevor","Seekman, Joe",-,4,0.0,,2,2/1,0.13228099740165927,13/2,7.56,0.22410718550412445,7/2,0.2585420060425489,3/1,US,2026-06-05,US,us_horse_model.pkl,75,Scioto Downs,03:05,Pace 1m,Pace,Harness,14500.0,Dirt,,8.0,1m,Classic
Caviart Maria,"Mccown, Camero","Mccown, Jessic",-,4,0.0,,3,10/1,0.09264229222065455,10/1,10.79,0.15989005055086047,11/2,0.1851079599246877,9/2,US,2026-06-05,US,us_horse_model.pkl,75,Scioto Downs,03:05,Pace 1m,Pace,Harness,14500.0,Dirt,,8.0,1m,Classic
Creme Delight,"Widger, Sam","Brewer, Jeff",-,7,0.0,,4,12/1,0.09035544384482735,10/1,11.07,0.15610851393477265,11/2,0.18076591521850213,9/2,US,2026-06-05,US,us_horse_model.pkl,75,Scioto Downs,03:05,Pace 1m,Pace,Harness,14500.0,Dirt,,8.0,1m,Classic
A Girl That Twirls,"Smith, Tyler","George, Tyler",-,7,0.0,,5,7/2,0.11411325752703212,8/1,8.76,0.19498639511391322,4/1,0.22531382170899364,7/2,US,2026-06-05,US,us_horse_model.pkl,75,Scioto Downs,03:05,Pace 1m,Pace,Harness,14500.0,Dirt,,8.0,1m,Classic
My Hare Legend,"Luna, Marvin","Ebersole, Loga",-,4,0.0,,6,12/1,0.09035544384482735,10/1,11.07,0.15610851393477265,11/2,0.18076591521850213,9/2,US,2026-06-05,US,us_horse_model.pkl,75,Scioto Downs,03:05,Pace 1m,Pace,Harness,14500.0,Dirt,,8.0,1m,Classic
Victorious Farah,"Smith, Jeremy","Polhamus, Mike",-,5,0.0,,7,15/1,0.08799713145725557,21/2,11.36,0.15220004050729563,11/2,0.17627613140106063,9/2,US,2026-06-05,US,us_horse_model.pkl,75,Scioto Downs,03:05,Pace 1m,Pace,Harness,14500.0,Dirt,,8.0,1m,Classic
Sweet Mama Drama N,"Micallef, Mike","Micallef, Mike",-,6,0.0,,8,6/1,0.101136300473727,9/1,9.89,0.173862499833899,5/1,0.2011348245939635,4/1,US,2026-06-05,US,us_horse_model.pkl,75,Scioto Downs,03:05,Pace 1m,Pace,Harness,14500.0,Dirt,,8.0,1m,Classic
Shortys Girl,"Irvine, Justin","Swartz, Debora",-,7,0.0,,9,15/1,0.08799713145725557,21/2,11.36,0.15220004050729563,11/2,0.17627613140106063,9/2,US,2026-06-05,US,us_horse_model.pkl,75,Scioto Downs,03:05,Pace 1m,Pace,Harness,14500.0,Dirt,,8.0,1m,Classic
Shadows Dancers,"Page, Chris","Tatham, Brian",-,7,0.0,,10,4/1,0.11047970955210669,8/1,9.05,0.18909886421561775,9/2,0.2185810472144344,7/2,US,2026-06-05,US,us_horse_model.pkl,75,Scioto Downs,03:05,Pace 1m,Pace,Harness,14500.0,Dirt,,8.0,1m,Classic
Ctm,"Gregory, Jeff","Gregory, Jeff",-,3,0.0,,1,3/1,0.157505894370505,11/2,6.35,0.26366412445774684,3/1,0.30347346074046255,5/2,US,2026-06-05,US,us_horse_model.pkl,75,Tioga Downs,22:15,Trot 1m,Trot,Harness,20000.0,Dirt,,8.0,1m,Classic
Acoustic Blue Chip,"Buter, Tyler","Bako, Jared",-,3,0.0,,2,3/1,0.157505894370505,11/2,6.35,0.26366412445774684,3/1,0.30347346074046255,5/2,US,2026-06-05,US,us_horse_model.pkl,75,Tioga Downs,22:15,Trot 1m,Trot,Harness,20000.0,Dirt,,8.0,1m,Classic
June From Dunoon,"Pantaleano, Ji","Gilbert, Sally",-,3,0.0,,3,30/1,0.11709753475748452,15/2,8.54,0.19980609644644792,4/1,0.23082180707980918,7/2,US,2026-06-05,US,us_horse_model.pkl,75,Tioga Downs,22:15,Trot 1m,Trot,Harness,20000.0,Dirt,,8.0,1m,Classic
Dustbin Spy,Huckabone-Mill,Huckabone-Mill,-,3,0.0,,4,7/1,0.13430850274080805,13/2,7.45,0.22732428580667238,7/2,0.2622052044563715,3/1,US,2026-06-05,US,us_horse_model.pkl,75,Tioga Downs,22:15,Trot 1m,Trot,Harness,20000.0,Dirt,,8.0,1m,Classic
Dw's Cha-Ching,"Kakaley, Matt","Alexander, Tra",-,3,0.0,,5,5/2,0.16413372055041842,5/1,6.09,0.2738887944133749,5/2,0.31504694711198356,2/1,US,2026-06-05,US,us_horse_model.pkl,75,Tioga Downs,22:15,Trot 1m,Trot,Harness,20000.0,Dirt,,8.0,1m,Classic
Chapter Of Life,"Bailey, Leon","Gardner, Andy",-,3,0.0,,6,7/2,0.15235091845279458,11/2,6.56,0.2556630113323022,3/1,0.29440504616211755,5/2,US,2026-06-05,US,us_horse_model.pkl,75,Tioga Downs,22:15,Trot 1m,Trot,Harness,20000.0,Dirt,,8.0,1m,Classic
Chaparista,"Boyd, Braxten","Okusko, Jessic",-,3,0.0,,7,30/1,0.11709753475748452,15/2,8.54,0.19980609644644792,4/1,0.23082180707980918,7/2,US,2026-06-05,US,us_horse_model.pkl,75,Tioga Downs,22:15,Trot 1m,Trot,Harness,20000.0,Dirt,,8.0,1m,Classic
Dress Shoes,"Dibenedetto, K","Lum, Kayla",-,3,0.0,,1,12/1,0.1258137642717042,7/1,7.95,0.21380149306489482,7/2,0.2467968913623413,3/1,US,2026-06-05,US,us_horse_model.pkl,75,Tioga Downs,22:36,Trot 1m,Trot,Harness,20000.0,Dirt,,8.0,1m,Classic
Muir Woods,"Bailey, Leon","Gardner, Andy",-,3,0.0,,2,7/2,0.15358544246393555,11/2,6.51,0.2575830059256097,3/1,0.2965820922237375,5/2,US,2026-06-05,US,us_horse_model.pkl,75,Tioga Downs,22:36,Trot 1m,Trot,Harness,20000.0,Dirt,,8.0,1m,Classic
Lil Checkmate,"Pantaleano, Ji","Gilbert, Sally",-,3,0.0,,3,12/1,0.1258137642717042,7/1,7.95,0.21380149306489482,7/2,0.2467968913623413,3/1,US,2026-06-05,US,us_horse_model.pkl,75,Tioga Downs,22:36,Trot 1m,Trot,Harness,20000.0,Dirt,,8.0,1m,Classic
Flex Up,"Miller, Andy","Miller, Julie",-,3,0.0,,4,9/5,0.1793734293567218,9/2,5.57,0.2971323111147466,5/2,0.3412918917740059,2/1,US,2026-06-05,US,us_horse_model.pkl,75,Tioga Downs,22:36,Trot 1m,Trot,Harness,20000.0,Dirt,,8.0,1m,Classic
Riskybiznes De Vie,"Boyd, Braxten","Rothfuss, Jame",-,3,0.0,,5,20/1,0.1202127535438592,15/2,8.32,0.20482207148726927,4/1,0.23655056571604804,3/1,US,2026-06-05,US,us_horse_model.pkl,75,Tioga Downs,22:36,Trot 1m,Trot,Harness,20000.0,Dirt,,8.0,1m,Classic
Number Seven,"Gregory, Jeff","Okusko, Jessic",-,3,0.0,,6,9/2,0.14586283676342202,6/1,6.86,0.24553233245522146,3/1,0.28290839333964624,5/2,US,2026-06-05,US,us_horse_model.pkl,75,Tioga Downs,22:36,Trot 1m,Trot,Harness,20000.0,Dirt,,8.0,1m,Classic
Rubens,"Daley, Dan","Daley, Dan",-,3,0.0,,7,4/1,0.1493380093286531,11/2,6.7,0.2509669439673797,3/1,0.2890777944569021,5/2,US,2026-06-05,US,us_horse_model.pkl,75,Tioga Downs,22:36,Trot 1m,Trot,Harness,20000.0,Dirt,,8.0,1m,Classic
Coya,"Morrison, Jere","Stoebe, Annie",-,3,0.0,,1,3/1,0.20183724273342452,4/1,4.95,0.33071641887677905,2/1,0.379046109930537,3/2,US,2026-06-05,US,us_horse_model.pkl,75,Tioga Downs,22:58,Trot 1m,Trot,Harness,20000.0,Dirt,,8.0,1m,Classic
Sc Thats My Wife,"Boyd, Braxten","Stratton, Cory",-,3,0.0,,2,9/1,0.17406823042670314,9/2,5.74,0.2890830156929586,5/2,0.33221356016780434,2/1,US,2026-06-05,US,us_horse_model.pkl,75,Tioga Downs,22:58,Trot 1m,Trot,Harness,20000.0,Dirt,,8.0,1m,Classic
Myths And Legends,"Kakaley, Matt","Melander, Marc",-,3,0.0,,3,6/5,0.23970407769713542,3/1,4.17,0.3855009039631363,3/2,0.44017471381288664,3/2,US,2026-06-05,US,us_horse_model.pkl,75,Tioga Downs,22:58,Trot 1m,Trot,Harness,20000.0,Dirt,,8.0,1m,Classic
Met's Tour,"Gregory, Jeff","Rothfuss, Jame",-,3,0.0,,4,15/1,0.1671259773500228,5/1,5.98,0.2784818853858808,5/2,0.32024035089932756,2/1,US,2026-06-05,US,us_horse_model.pkl,75,Tioga Downs,22:58,Trot 1m,Trot,Harness,20000.0,Dirt,,8.0,1m,Classic
Saparilla Sal,"Daley, Dan","Daley, Dan",-,3,0.0,,5,2/1,0.21726447179271416,7/2,4.6,0.3533129686641918,2/1,0.4043311549909959,3/2,US,2026-06-05,US,us_horse_model.pkl,75,Tioga Downs,22:58,Trot 1m,Trot,Harness,20000.0,Dirt,,8.0,1m,Classic
Stealing Banksy,"Kakaley, Matt","Melander, Marc",-,3,0.0,,1,2/1,0.17859546483097777,9/2,5.6,0.29595476464920556,5/2,0.339964502081041,2/1,US,2026-06-05,US,us_horse_model.pkl,75,Tioga Downs,23:18,Trot 1m,Trot,Harness,20000.0,Dirt,,8.0,1m,Classic
Modesty Blaise,"Svanstedt, Sar","Svanstedt, Ake",-,3,0.0,,1,2/1,0.17859546483097777,9/2,5.6,0.29595476464920556,5/2,0.339964502081041,2/1,US,2026-06-05,US,us_horse_model.pkl,75,Tioga Downs,23:18,Trot 1m,Trot,Harness,20000.0,Dirt,,8.0,1m,Classic
Trinitys Diamond,"Ratchford, Tod","Bax, Matthew",-,3,0.0,,2,4/1,0.15900913075043852,11/2,6.29,0.2659893124211813,3/1,0.30610688054770985,5/2,US,2026-06-05,US,us_horse_model.pkl,75,Tioga Downs,23:18,Trot 1m,Trot,Harness,20000.0,Dirt,,8.0,1m,Classic
Shoppin For Gucci,"Morrison, Jere","Stoebe, Annie",-,3,0.0,,3,20/1,0.13662474894410792,13/2,7.32,0.23099149048016185,7/2,0.26637901855618207,3/1,US,2026-06-05,US,us_horse_model.pkl,75,Tioga Downs,23:18,Trot 1m,Trot,Harness,20000.0,Dirt,,8.0,1m,Classic
Aviatrix Blue Chip,"Buter, Tyler","Bako, Jared",-,3,0.0,,4,7/5,0.1908369236313148,4/1,5.24,0.3143714773995152,2/1,0.3606969350625904,2/1,US,2026-06-05,US,us_horse_model.pkl,75,Tioga Downs,23:18,Trot 1m,Trot,Harness,20000.0,Dirt,,8.0,1m,Classic
Overalls,"Boyd, Braxten","Stratton, Cory",-,3,0.0,,5,9/2,0.15633826701218315,11/2,6.4,0.2618555576360315,3/1,0.3014245416199747,5/2,US,2026-06-05,US,us_horse_model.pkl,75,Tioga Downs,23:18,Trot 1m,Trot,Harness,20000.0,Dirt,,8.0,1m,Classic
Read The Room,"Svanstedt, Sar","Svanstedt, Ake",-,3,0.0,,1,3/1,0.16772486772486772,5/1,5.96,0.2793994569021024,5/2,0.3212774278435654,2/1,US,2026-06-05,US,us_horse_model.pkl,75,Tioga Downs,23:39,Trot 1m,Trot,Harness,59100.0,Dirt,,8.0,1m,Classic
Secured,Huckabone-Mill,"Svanstedt, Ake",-,3,0.0,,1,3/1,0.16772486772486772,5/1,5.96,0.2793994569021024,5/2,0.3212774278435654,2/1,US,2026-06-05,US,us_horse_model.pkl,75,Tioga Downs,23:39,Trot 1m,Trot,Harness,59100.0,Dirt,,8.0,1m,Classic
Who's Eyes Blues,"Buter, Tyler","Burke, Ron",-,3,0.0,,2,2/1,0.1804232804232804,9/2,5.54,0.29871985666694656,5/2,0.3430810727583214,2/1,US,2026-06-05,US,us_horse_model.pkl,75,Tioga Downs,23:39,Trot 1m,Trot,Harness,59100.0,Dirt,,8.0,1m,Classic
Highway Six,"Gregory, Jeff","Gregory, Jeff",-,3,0.0,,3,6/1,0.1513983371126228,11/2,6.61,0.2541798416183471,3/1,0.29272290580799376,5/2,US,2026-06-05,US,us_horse_model.pkl,75,Tioga Downs,23:39,Trot 1m,Trot,Harness,59100.0,Dirt,,8.0,1m,Classic
Titans Mischief,"Kakaley, Matt","Clarke, Bruce",-,3,0.0,,4,9/5,0.18405139833711262,9/2,5.43,0.30419258322292553,5/2,0.34924552755510535,2/1,US,2026-06-05,US,us_horse_model.pkl,75,Tioga Downs,23:39,Trot 1m,Trot,Harness,59100.0,Dirt,,8.0,1m,Classic
Twin B Seven Sins,"Karna, Niko","Daley, Noel",-,3,0.0,,5,7/1,0.14867724867724866,11/2,6.73,0.24993510819965845,3/1,0.28790680552056214,5/2,US,2026-06-05,US,us_horse_model.pkl,75,Tioga Downs,23:39,Trot 1m,Trot,Harness,59100.0,Dirt,,8.0,1m,Classic
Saint Patrick,"Boyd, Braxten","Leamon, Jake",-,3,0.0,,1,12/1,0.14405146841407465,6/1,6.94,0.24269198270353345,3/1,0.2796821755620805,5/2,US,2026-06-05,US,us_horse_model.pkl,75,Tioga Downs,00:00,Trot 1m,Trot,Harness,59100.0,Dirt,,8.0,1m,Classic
Ai,"Buter, Tyler","Burke, Ron",-,3,0.0,,2,8/5,0.2017388235518547,4/1,4.96,0.3305710400508694,2/1,0.3788831212379999,3/2,US,2026-06-05,US,us_horse_model.pkl,75,Tioga Downs,00:00,Trot 1m,Trot,Harness,59100.0,Dirt,,8.0,1m,Classic
Seven Grand,"Svanstedt, Sar","Svanstedt, Ake",-,3,0.0,,3,8/1,0.15046117454049462,11/2,6.65,0.2527192621376062,3/1,0.29106604498652305,5/2,US,2026-06-05,US,us_horse_model.pkl,75,Tioga Downs,00:00,Trot 1m,Trot,Harness,59100.0,Dirt,,8.0,1m,Classic
Silverstein,"Kakaley, Matt","Burkholder, Ma",-,3,0.0,,4,5/2,0.1831964594004254,9/2,5.46,0.30290487273128436,5/2,0.3477955277303565,2/1,US,2026-06-05,US,us_horse_model.pkl,75,Tioga Downs,00:00,Trot 1m,Trot,Harness,59100.0,Dirt,,8.0,1m,Classic
Sevenato,"Smedshammer, T","Smedshammer, T",-,3,0.0,,5,3/1,0.1765006056790759,9/2,5.67,0.29277911917827215,5/2,0.33638356174047074,2/1,US,2026-06-05,US,us_horse_model.pkl,75,Tioga Downs,00:00,Trot 1m,Trot,Harness,59100.0,Dirt,,8.0,1m,Classic
Lou John's Action,"Bailey, Leon","Grasso, John",-,3,0.0,,6,12/1,0.14405146841407465,6/1,6.94,0.24269198270353345,3/1,0.2796821755620805,5/2,US,2026-06-05,US,us_horse_model.pkl,75,Tioga Downs,00:00,Trot 1m,Trot,Harness,59100.0,Dirt,,8.0,1m,Classic
Chant,"Smedshammer, T","Smedshammer, T",-,3,0.0,,1,20/1,0.09513566465344007,19/2,10.51,0.1640035606249507,5/1,0.18982902161426718,9/2,US,2026-06-05,US,us_horse_model.pkl,75,Tioga Downs,00:24,Trot 1m,Trot,Harness,123900.0,Dirt,,8.0,1m,Classic
Jula Hot To Chill,"Kakaley, Matt","Melander, Marc",-,3,0.0,,2,12/1,0.10049930254083721,9/1,9.95,0.1728186567245512,5/1,0.19993841454344397,4/1,US,2026-06-05,US,us_horse_model.pkl,75,Tioga Downs,00:24,Trot 1m,Trot,Harness,123900.0,Dirt,,8.0,1m,Classic
Bar Hall Beauty,"Miller, Andy","Devita, Nichol",-,3,0.0,,3,5/2,0.13871522248854173,6/1,7.21,0.2342938701193386,7/2,0.27013586298088743,5/2,US,2026-06-05,US,us_horse_model.pkl,75,Tioga Downs,00:24,Trot 1m,Trot,Harness,123900.0,Dirt,,8.0,1m,Classic
B Eyelash,"Boyd, Braxten","Melander, Jenn",-,3,0.0,,4,12/1,0.10049930254083721,9/1,9.95,0.1728186567245512,5/1,0.19993841454344397,4/1,US,2026-06-05,US,us_horse_model.pkl,75,Tioga Downs,00:24,Trot 1m,Trot,Harness,123900.0,Dirt,,8.0,1m,Classic
Who Dares Wins,"Svanstedt, Sar","Svanstedt, Ake",-,3,0.0,,5,9/1,0.10472316737716243,17/2,9.55,0.17972814785048824,9/2,0.2078550155279854,4/1,US,2026-06-05,US,us_horse_model.pkl,75,Tioga Downs,00:24,Trot 1m,Trot,Harness,123900.0,Dirt,,8.0,1m,Classic
Lauren's Chapter,"Karna, Niko","Daley, Noel",-,3,0.0,,6,12/1,0.10049930254083721,9/1,9.95,0.1728186567245512,5/1,0.19993841454344397,4/1,US,2026-06-05,US,us_horse_model.pkl,75,Tioga Downs,00:24,Trot 1m,Trot,Harness,123900.0,Dirt,,8.0,1m,Classic
Sharp Seven,"Gregory, Jeff","Ducharme, Geor",-,3,0.0,,7,3/1,0.13217828881327648,13/2,7.57,0.22394403983701291,7/2,0.25835619647091407,3/1,US,2026-06-05,US,us_horse_model.pkl,75,Tioga Downs,00:24,Trot 1m,Trot,Harness,123900.0,Dirt,,8.0,1m,Classic
R Ro,"Buter, Tyler","Butenschoen, J",-,3,0.0,,8,9/1,0.10472316737716243,17/2,9.55,0.17972814785048824,9/2,0.2078550155279854,4/1,US,2026-06-05,US,us_horse_model.pkl,75,Tioga Downs,00:24,Trot 1m,Trot,Harness,123900.0,Dirt,,8.0,1m,Classic
Storybook Love,"Ratchford, Tod","Bax, Matthew",-,3,0.0,,9,4/1,0.12302658166790513,7/1,8.13,0.20933941516471744,4/1,0.24170672772602206,3/1,US,2026-06-05,US,us_horse_model.pkl,75,Tioga Downs,00:24,Trot 1m,Trot,Harness,123900.0,Dirt,,8.0,1m,Classic
Bluebird Time,"Pantaleano, Ji","Deters, Michae",-,5,0.0,,1,7/1,0.12074538494939148,15/2,8.28,0.20567813451964329,4/1,0.2375279156084877,3/1,US,2026-06-05,US,us_horse_model.pkl,75,Tioga Downs,00:46,Pace 1m,Pace,Harness,7000.0,Dirt,,8.0,1m,Classic
Loorrim Lake A,"Ratchford, Tod","Blumenfeld, Pa",-,10,0.0,,2,15/1,0.10898380358580685,8/1,9.18,0.18666887089922857,9/2,0.21580077114176172,7/2,US,2026-06-05,US,us_horse_model.pkl,75,Tioga Downs,00:46,Pace 1m,Pace,Harness,7000.0,Dirt,,8.0,1m,Classic
Lets Go Balze,"Merton, Michae","Wright, Courtn",-,5,0.0,,3,8/1,0.11813170020192823,15/2,8.47,0.20147298148939222,4/1,0.2327259619721912,7/2,US,2026-06-05,US,us_horse_model.pkl,75,Tioga Downs,00:46,Pace 1m,Pace,Harness,7000.0,Dirt,,8.0,1m,Classic
Miki Ray,"Boyd, Braxten","Wine, Tee",-,5,0.0,,4,2/1,0.15995065616134024,11/2,6.25,0.26744381116525784,5/2,0.3077537442917269,2/1,US,2026-06-05,US,us_horse_model.pkl,75,Tioga Downs,00:46,Pace 1m,Pace,Harness,7000.0,Dirt,,8.0,1m,Classic
Shane Adam,"Paquet, Fern J","Lafreniere, El",-,14,0.0,,5,3/1,0.14426854767656072,6/1,6.93,0.24303265473884605,3/1,0.28006919488720305,5/2,US,2026-06-05,US,us_horse_model.pkl,75,Tioga Downs,00:46,Pace 1m,Pace,Harness,7000.0,Dirt,,8.0,1m,Classic
Stabler,"Dibenedetto, K","Kolesar, Allis",-,6,0.0,,6,30/1,0.10329271582923365,17/2,9.68,0.17739138037791752,9/2,0.20517837958367396,4/1,US,2026-06-05,US,us_horse_model.pkl,75,Tioga Downs,00:46,Pace 1m,Pace,Harness,7000.0,Dirt,,8.0,1m,Classic
So Many Roads,"Merton, Thomas","Gill, Daniel",-,9,0.0,,7,5/1,0.12858643919178123,7/1,7.78,0.2182280126699889,7/2,0.2518436027243168,3/1,US,2026-06-05,US,us_horse_model.pkl,75,Tioga Downs,00:46,Pace 1m,Pace,Harness,7000.0,Dirt,,8.0,1m,Classic
Weekend Atnannies,"Aldrich, Bruce","Aldrich, Bruce",-,11,0.0,,8,9/1,0.11604075240395763,15/2,8.62,0.19810098935234244,4/1,0.22887357820798676,7/2,US,2026-06-05,US,us_horse_model.pkl,75,Tioga Downs,00:46,Pace 1m,Pace,Harness,7000.0,Dirt,,8.0,1m,Classic
Sharp Razor,"Merton, Thomas","Gill, Daniel",-,9,0.0,,1,20/1,0.10610981629845433,17/2,9.42,0.1819902348453044,9/2,0.2104453918003732,4/1,US,2026-06-05,US,us_horse_model.pkl,75,Tioga Downs,01:07,Pace 1m,Pace,Harness,7000.0,Dirt,,8.0,1m,Classic
Starlit Jackson,"Bailey, Leon","Dewhurst, Davi",-,5,0.0,,2,12/1,0.111579104960751,8/1,8.96,0.19088247159827798,4/1,0.2206212340873506,7/2,US,2026-06-05,US,us_horse_model.pkl,75,Tioga Downs,01:07,Pace 1m,Pace,Harness,7000.0,Dirt,,8.0,1m,Classic
Call Me Lightning,"Ratchford, Tod","Campolong, Vin",-,4,0.0,,3,15/1,0.10888718944727685,8/1,9.18,0.1865118049845166,9/2,0.21562103581098152,7/2,US,2026-06-05,US,us_horse_model.pkl,75,Tioga Downs,01:07,Pace 1m,Pace,Harness,7000.0,Dirt,,8.0,1m,Classic
Real Lucky N,"Kakaley, Matt","Reynolds, Kevi",-,14,0.0,,4,5/1,0.12832880148903456,7/1,7.79,0.21781721764697257,7/2,0.25137537370619933,3/1,US,2026-06-05,US,us_horse_model.pkl,75,Tioga Downs,01:07,Pace 1m,Pace,Harness,7000.0,Dirt,,8.0,1m,Classic
Swifty Lazar,"Dibenedetto, K","Sowers, Mckenz",-,5,0.0,,5,7/2,0.13869766124463867,6/1,7.21,0.23426615725256356,7/2,0.2701043432555354,5/2,US,2026-06-05,US,us_horse_model.pkl,75,Tioga Downs,01:07,Pace 1m,Pace,Harness,7000.0,Dirt,,8.0,1m,Classic
Stretch The Line,"Boyd, Braxten","Wine, Tee",-,7,0.0,,6,9/5,0.1638791777939629,5/1,6.1,0.27349741209759304,5/2,0.3146042499614543,2/1,US,2026-06-05,US,us_horse_model.pkl,75,Tioga Downs,01:07,Pace 1m,Pace,Harness,7000.0,Dirt,,8.0,1m,Classic
Entrench,"Pantaleano, Ji","Deters, Michae",-,5,0.0,,7,5/1,0.12832880148903456,7/1,7.79,0.21781721764697257,7/2,0.25137537370619933,3/1,US,2026-06-05,US,us_horse_model.pkl,75,Tioga Downs,01:07,Pace 1m,Pace,Harness,7000.0,Dirt,,8.0,1m,Classic
Kokanee Seelster,"Merton, Michae","Dessureault, D",-,13,0.0,,8,10/1,0.11418944727684714,8/1,8.76,0.1951096212028114,4/1,0.22545468642504798,7/2,US,2026-06-05,US,us_horse_model.pkl,75,Tioga Downs,01:07,Pace 1m,Pace,Harness,7000.0,Dirt,,8.0,1m,Classic
Bad Boy Too,"Dibenedetto, K","Sowers, Mckenz",-,6,0.0,,1,6/5,0.21379206312627813,7/2,4.68,0.3482600766226682,2/1,0.3986855816838145,3/2,US,2026-06-05,US,us_horse_model.pkl,75,Tioga Downs,01:23,Pace 1m,Pace,Harness,8500.0,Dirt,,8.0,1m,Classic
Park Street Blues,"Boyd, Braxten","Wine, Tee",-,6,0.0,,2,4/1,0.16666110036815496,5/1,6.0,0.27776924276193954,5/2,0.31943479615960874,2/1,US,2026-06-05,US,us_horse_model.pkl,75,Tioga Downs,01:23,Pace 1m,Pace,Harness,8500.0,Dirt,,8.0,1m,Classic
Ginger Tree Pete,"Merton, Thomas","Blumenfeld, Pa",-,10,0.0,,3,7/1,0.15277429884120797,11/2,6.55,0.25632174880503616,3/1,0.29515204254147176,5/2,US,2026-06-05,US,us_horse_model.pkl,75,Tioga Downs,01:23,Pace 1m,Pace,Harness,8500.0,Dirt,,8.0,1m,Classic
Warrawee Xtreme,"Pantaleano, Ji","Skowyra, Josep",-,7,0.0,,4,6/1,0.1560806801571477,11/2,6.41,0.26145628130821164,3/1,0.3009721317398606,5/2,US,2026-06-05,US,us_horse_model.pkl,75,Tioga Downs,01:23,Pace 1m,Pace,Harness,8500.0,Dirt,,8.0,1m,Classic
Ship Disturber,"Merton, Michae","Daley, Jamie",-,7,0.0,,5,8/1,0.15020266892881037,11/2,6.66,0.2523161306691884,3/1,0.29060867882183017,5/2,US,2026-06-05,US,us_horse_model.pkl,75,Tioga Downs,01:23,Pace 1m,Pace,Harness,8500.0,Dirt,,8.0,1m,Classic
Enforcer,"Kakaley, Matt","Calcagni, Fran",-,5,0.0,,6,5/1,0.16048918857840075,5/1,6.23,0.2682751157206786,5/2,0.3086948383990328,2/1,US,2026-06-05,US,us_horse_model.pkl,75,Tioga Downs,01:23,Pace 1m,Pace,Harness,8500.0,Dirt,,8.0,1m,Classic
Silencethewitness,"Kakaley, Matt","Mcassey, Jesse",-,6,0.0,,1,9/1,0.10581411520735114,17/2,9.45,0.18150810579154036,9/2,0.20989335226061134,4/1,US,2026-06-05,US,us_horse_model.pkl,75,Tioga Downs,01:40,Pace 1m,Pace,Harness,7000.0,Dirt,,8.0,1m,Classic
Tenacious Ted,"Paquet, Fern J","Lafreniere, El",-,4,0.0,,2,10/1,0.10405099137817557,17/2,9.61,0.1786304974352911,9/2,0.20659781220670942,4/1,US,2026-06-05,US,us_horse_model.pkl,75,Tioga Downs,01:40,Pace 1m,Pace,Harness,7000.0,Dirt,,8.0,1m,Classic
Kd's Mik,"Boyd, Braxten","Rothfuss, Jame",-,5,0.0,,3,15/1,0.09854122941200187,9/1,10.15,0.16960591382638035,5/1,0.19625517048177227,4/1,US,2026-06-05,US,us_horse_model.pkl,75,Tioga Downs,01:40,Pace 1m,Pace,Harness,7000.0,Dirt,,8.0,1m,Classic
Hudsen A,"Aldrich, Bruce","Aldrich, Bruce",-,11,0.0,,4,9/5,0.1556853320897462,11/2,6.42,0.2608432596592275,3/1,0.30027748249778297,5/2,US,2026-06-05,US,us_horse_model.pkl,75,Tioga Downs,01:40,Pace 1m,Pace,Harness,7000.0,Dirt,,8.0,1m,Classic
Lyons Night Hawk,"Pantaleano, Ji","Byron, Jeffrey",-,10,0.0,,5,25/1,0.09387912313293183,19/2,10.65,0.16193178983111076,5/1,0.18745153984292784,9/2,US,2026-06-05,US,us_horse_model.pkl,75,Tioga Downs,01:40,Pace 1m,Pace,Harness,7000.0,Dirt,,8.0,1m,Classic
Majestic Kiwi N,"Merton, Thomas","Blumenfeld, Pa",-,12,0.0,,6,20/1,0.0956551636201966,19/2,10.45,0.16485936625458864,5/1,0.19081094224248565,4/1,US,2026-06-05,US,us_horse_model.pkl,75,Tioga Downs,01:40,Pace 1m,Pace,Harness,7000.0,Dirt,,8.0,1m,Classic
Olive And A Twist,"Dibenedetto, K","Sowers, Mckenz",-,5,0.0,,7,7/1,0.110662705737584,8/1,9.04,0.18939588277472072,9/2,0.218920824163647,7/2,US,2026-06-05,US,us_horse_model.pkl,75,Tioga Downs,01:40,Pace 1m,Pace,Harness,7000.0,Dirt,,8.0,1m,Classic
Rockadoodledoo,"Bailey, Leon","Dewhurst, Davi",-,6,0.0,,8,25/1,0.09387912313293183,19/2,10.65,0.16193178983111076,5/1,0.18745153984292784,9/2,US,2026-06-05,US,us_horse_model.pkl,75,Tioga Downs,01:40,Pace 1m,Pace,Harness,7000.0,Dirt,,8.0,1m,Classic
Hunt For Cash,"Merton, Michae","Wright, Courtn",-,7,0.0,,9,5/2,0.1418322162890809,6/1,7.05,0.23920488725836753,3/1,0.27571963887185,5/2,US,2026-06-05,US,us_horse_model.pkl,75,Tioga Downs,01:40,Pace 1m,Pace,Harness,7000.0,Dirt,,8.0,1m,Classic
P L Quesadilla,"Merton, Michae","Daley, Jamie",-,6,0.0,,1,8/1,0.15137424686612175,11/2,6.61,0.2541423142675907,3/1,0.29268033954314154,5/2,US,2026-06-05,US,us_horse_model.pkl,75,Tioga Downs,01:56,Pace 1m,Pace,Harness,8500.0,Dirt,,8.0,1m,Classic
Through The Storm,"Boyd, Braxten","Austin, Michae",-,5,0.0,,2,15/1,0.14186097682515644,6/1,7.05,0.23925012888865155,3/1,0.27577106091246223,5/2,US,2026-06-05,US,us_horse_model.pkl,75,Tioga Downs,01:56,Pace 1m,Pace,Harness,8500.0,Dirt,,8.0,1m,Classic
Gotta Go Gram,"Pantaleano, Ji","Warner, Michel",-,5,0.0,,3,4/1,0.16876994065531545,5/1,5.93,0.28099925888452887,5/2,0.32308525322048387,2/1,US,2026-06-05,US,us_horse_model.pkl,75,Tioga Downs,01:56,Pace 1m,Pace,Harness,8500.0,Dirt,,8.0,1m,Classic
Beggin For Bacon,"Merton, Thomas","Smith, Vern",-,6,0.0,,4,2/1,0.194863481339106,4/1,5.13,0.32037684532271393,2/1,0.3674443568165669,3/2,US,2026-06-05,US,us_horse_model.pkl,75,Tioga Downs,01:56,Pace 1m,Pace,Harness,8500.0,Dirt,,8.0,1m,Classic
Double Up N,"Kakaley, Matt","Reynolds, Kevi",-,10,0.0,,5,6/1,0.15758699464797662,11/2,6.35,0.2637896616606128,3/1,0.3036156617903514,5/2,US,2026-06-05,US,us_horse_model.pkl,75,Tioga Downs,01:56,Pace 1m,Pace,Harness,8500.0,Dirt,,8.0,1m,Classic
Dontlikeitleave,"Dibenedetto, K","Sowers, Mckenz",-,7,0.0,,6,5/2,0.18554435966632365,9/2,5.39,0.3064384798761937,5/2,0.351773774954895,2/1,US,2026-06-05,US,us_horse_model.pkl,75,Tioga Downs,01:56,Pace 1m,Pace,Harness,8500.0,Dirt,,8.0,1m,Classic
Portfolio Duration (Gb),Prat Flavien,Brown Chad C,-,4,120.0,,1,9/2,0.13077273521555707,13/2,7.65,0.22170971676739618,7/2,0.25581108484933585,3/1,US,2026-06-05,US,us_horse_model.pkl,75,BEL NY-Belmont Stakes DD,21:46,Stakes 9.5f,Stakes,Thoroughbred,750000.0,Turf,,9.5,9.5f,Route
Speed Shopper,Franco Manuel,Walden William,-,5,122.0,,3,8/1,0.11772531349592683,15/2,8.49,0.2008181647424969,4/1,0.23197798395996067,7/2,US,2026-06-05,US,us_horse_model.pkl,75,BEL NY-Belmont Stakes DD,21:46,Stakes 9.5f,Stakes,Thoroughbred,750000.0,Turf,,9.5,9.5f,Route
Laurelin (Ire),Carmouche Kendrick,Motion H Graham,-,4,122.0,,4,8/1,0.11772531349592683,15/2,8.49,0.2008181647424969,4/1,0.23197798395996067,7/2,US,2026-06-05,US,us_horse_model.pkl,75,BEL NY-Belmont Stakes DD,21:46,Stakes 9.5f,Stakes,Thoroughbred,750000.0,Turf,,9.5,9.5f,Route
Pretty Picture,Davis Dylan,Brown Chad C,-,4,120.0,,5,15/1,0.10875521106368108,8/1,9.19,0.18629722316782127,9/2,0.21537547770687385,7/2,US,2026-06-05,US,us_horse_model.pkl,75,BEL NY-Belmont Stakes DD,21:46,Stakes 9.5f,Stakes,Thoroughbred,750000.0,Turf,,9.5,9.5f,Route
Cankoura (Fr),Lecoeuvre Clement,Graffard F,-,4,122.0,,6,10/1,0.11399747871888964,8/1,8.77,0.1947991215705904,4/1,0.22509973763997818,7/2,US,2026-06-05,US,us_horse_model.pkl,75,BEL NY-Belmont Stakes DD,21:46,Stakes 9.5f,Stakes,Thoroughbred,750000.0,Turf,,9.5,9.5f,Route
City Girl (Fr),Ortiz Jr Irad,Brown Chad C,-,5,122.0,,7,8/1,0.11772531349592683,15/2,8.49,0.2008181647424969,4/1,0.23197798395996067,7/2,US,2026-06-05,US,us_horse_model.pkl,75,BEL NY-Belmont Stakes DD,21:46,Stakes 9.5f,Stakes,Thoroughbred,750000.0,Turf,,9.5,9.5f,Route
Kathynmarissa,Ortiz Jose L,Brown Chad C,-,5,122.0,,8,5/2,0.1499444569260341,11/2,6.67,0.25191335033658674,3/1,0.290151685365544,5/2,US,2026-06-05,US,us_horse_model.pkl,75,BEL NY-Belmont Stakes DD,21:46,Stakes 9.5f,Stakes,Thoroughbred,750000.0,Turf,,9.5,9.5f,Route
Gezora (Fr),Velazquez John R,Mott William I,-,4,124.0,,9,3/1,0.14335417758805763,6/1,6.98,0.24159718347294507,3/1,0.27843831067977787,5/2,US,2026-06-05,US,us_horse_model.pkl,75,BEL NY-Belmont Stakes DD,21:46,Stakes 9.5f,Stakes,Thoroughbred,750000.0,Turf,,9.5,9.5f,Route
Vitruvian Man,Fresu Antonio,O'neill Doug F,-,3,126.0,,1,30/1,0.0920001047851588,10/1,10.87,0.15882897318890168,11/2,0.18388979884030526,9/2,US,2026-06-05,US,us_horse_model.pkl,75,BEL NY-Belmont Stakes DD,23:04,Stakes 10f,Stakes,Thoroughbred,2000000.0,Dirt,,10.0,10f,Route
Powershift,Saez Luis,Pletcher Todd A,-,3,126.0,,2,12/1,0.09972674559879749,9/1,10.03,0.17155180304765366,5/1,0.19848619959097472,4/1,US,2026-06-05,US,us_horse_model.pkl,75,BEL NY-Belmont Stakes DD,23:04,Stakes 10f,Stakes,Thoroughbred,2000000.0,Dirt,,10.0,10f,Route
Chief Wallabee,Alvarado Junior,Mott William I,-,3,126.0,,3,3/1,0.1296674787516474,13/2,7.71,0.2199505377163182,7/2,0.25380668482806973,3/1,US,2026-06-05,US,us_horse_model.pkl,75,BEL NY-Belmont Stakes DD,23:04,Stakes 10f,Stakes,Thoroughbred,2000000.0,Dirt,,10.0,10f,Route
Renegade,Ortiz Jr Irad,Pletcher Todd A,-,3,126.0,,4,2/1,0.14408338730672332,6/1,6.94,0.24274207915387858,3/1,0.2797390885965618,5/2,US,2026-06-05,US,us_horse_model.pkl,75,BEL NY-Belmont Stakes DD,23:04,Stakes 10f,Stakes,Thoroughbred,2000000.0,Dirt,,10.0,10f,Route
Ottinho,Davis Dylan,Brown Chad C,-,3,126.0,,5,20/1,0.09465741511789168,19/2,10.56,0.16321532622276433,5/1,0.18892454288709157,9/2,US,2026-06-05,US,us_horse_model.pkl,75,BEL NY-Belmont Stakes DD,23:04,Stakes 10f,Stakes,Thoroughbred,2000000.0,Dirt,,10.0,10f,Route
Growth Equity,Franco Manuel,Brown Chad C,-,3,126.0,,6,12/1,0.09972674559879749,9/1,10.03,0.17155180304765366,5/1,0.19848619959097472,4/1,US,2026-06-05,US,us_horse_model.pkl,75,BEL NY-Belmont Stakes DD,23:04,Stakes 10f,Stakes,Thoroughbred,2000000.0,Dirt,,10.0,10f,Route
Commandment,Velazquez John R,Cox Brad H,-,3,126.0,,7,6/1,0.11113273918083556,8/1,9.0,0.19015854195123552,9/2,0.21979321799013551,7/2,US,2026-06-05,US,us_horse_model.pkl,75,BEL NY-Belmont Stakes DD,23:04,Stakes 10f,Stakes,Thoroughbred,2000000.0,Dirt,,10.0,10f,Route
Emerging Market,Prat Flavien,Brown Chad C,-,3,126.0,,8,6/1,0.11113273918083556,8/1,9.0,0.19015854195123552,9/2,0.21979321799013551,7/2,US,2026-06-05,US,us_horse_model.pkl,75,BEL NY-Belmont Stakes DD,23:04,Stakes 10f,Stakes,Thoroughbred,2000000.0,Dirt,,10.0,10f,Route
Golden Tempo,Ortiz Jose L,Devaux Cherie,-,3,126.0,,9,9/2,0.11787264447931259,15/2,8.48,0.20105559180952554,4/1,0.2322491970583554,7/2,US,2026-06-05,US,us_horse_model.pkl,75,BEL NY-Belmont Stakes DD,23:04,Stakes 10f,Stakes,Thoroughbred,2000000.0,Dirt,,10.0,10f,Route
Vinny De Vie,"Holland, Brent","Fanning, Tom",-,9,0.0,,1,5/2,0.16413513762312437,5/1,6.09,0.27389097299957427,5/2,0.315049411265743,2/1,US,2026-06-05,US,us_horse_model.pkl,75,Yonkers Raceway,22:52,Trot 1m,Trot,Harness,17000.0,Dirt,,8.0,1m,Classic
My Man Peter,"Kelly, Colin","Engblom, Per",-,6,0.0,,2,9/5,0.17739114425112767,9/2,5.64,0.2941299652050503,5/2,0.3379070230627713,2/1,US,2026-06-05,US,us_horse_model.pkl,75,Yonkers Raceway,22:52,Trot 1m,Trot,Harness,17000.0,Dirt,,8.0,1m,Classic
Hat Trick Marleau,"Siegelman, Aus","Stratton, Cory",-,10,0.0,,3,8/1,0.13173156586578294,13/2,7.59,0.2232342542020484,7/2,0.25754776232814797,3/1,US,2026-06-05,US,us_horse_model.pkl,75,Yonkers Raceway,22:52,Trot 1m,Trot,Harness,17000.0,Dirt,,8.0,1m,Classic
I'm Out,"Stratton, Jord","Di Domenico, S",-,5,0.0,,4,5/2,0.16413513762312437,5/1,6.09,0.27389097299957427,5/2,0.315049411265743,2/1,US,2026-06-05,US,us_horse_model.pkl,75,Yonkers Raceway,22:52,Trot 1m,Trot,Harness,17000.0,Dirt,,8.0,1m,Classic
Bontoni Degato S,"Dube, Daniel","Ford, Mark",-,8,0.0,,5,20/1,0.11994844886311332,15/2,8.34,0.20439710364587044,4/1,0.23606534918940436,3/1,US,2026-06-05,US,us_horse_model.pkl,75,Yonkers Raceway,22:52,Trot 1m,Trot,Harness,17000.0,Dirt,,8.0,1m,Classic
Credit To Frank,"Brennan, Georg","Burke, Ron",-,4,0.0,,6,15/1,0.12271011691061401,7/1,8.15,0.208831992205332,4/1,0.24112769544085122,3/1,US,2026-06-05,US,us_horse_model.pkl,75,Yonkers Raceway,22:52,Trot 1m,Trot,Harness,17000.0,Dirt,,8.0,1m,Classic
Tachyon,"Ginsburg, Vinc","Bucci, Ricky",-,7,0.0,,7,20/1,0.11994844886311332,15/2,8.34,0.20439710364587044,4/1,0.23606534918940436,3/1,US,2026-06-05,US,us_horse_model.pkl,75,Yonkers Raceway,22:52,Trot 1m,Trot,Harness,17000.0,Dirt,,8.0,1m,Classic
Sensi Amnesia,"Ginsburg, Vinc","Alvarez, Maria",-,5,0.0,,1,6/1,0.1381016644174539,6/1,7.24,0.23332534017952017,7/2,0.269034218590295,5/2,US,2026-06-05,US,us_horse_model.pkl,75,Yonkers Raceway,23:16,Trot 1m,Trot,Harness,19000.0,Dirt,,8.0,1m,Classic
Musical Ride,"Lachance, Pat","Lachance, Pat",-,6,0.0,,2,5/2,0.16509221772379667,5/1,6.06,0.27536163962046484,5/2,0.3167126728317154,2/1,US,2026-06-05,US,us_horse_model.pkl,75,Yonkers Raceway,23:16,Trot 1m,Trot,Harness,19000.0,Dirt,,8.0,1m,Classic
E-Pass,"Holland, Brent","Stafford, Paul",-,5,0.0,,3,4/1,0.14889788573999102,11/2,6.72,0.2502797300297123,3/1,0.2882979216383578,5/2,US,2026-06-05,US,us_horse_model.pkl,75,Yonkers Raceway,23:16,Trot 1m,Trot,Harness,19000.0,Dirt,,8.0,1m,Classic
Barn Credit,"Kelly, Colin","Guevara, Luis",-,5,0.0,,4,8/1,0.13210376368271104,13/2,7.57,0.22382565112556985,7/2,0.2582213589166419,3/1,US,2026-06-05,US,us_horse_model.pkl,75,Yonkers Raceway,23:16,Trot 1m,Trot,Harness,19000.0,Dirt,,8.0,1m,Classic
Ritson,"Stratton, Jord","Daley, Noel",-,8,0.0,,5,7/2,0.153096416254311,11/2,6.53,0.2568227391218292,3/1,0.2957201101971485,5/2,US,2026-06-05,US,us_horse_model.pkl,75,Yonkers Raceway,23:16,Trot 1m,Trot,Harness,19000.0,Dirt,,8.0,1m,Classic
Radio Lab,"Brennan, Georg","Di Domenico, S",-,7,0.0,,6,20/1,0.12010796221322535,15/2,8.33,0.2046535939141948,4/1,0.23635820580205832,3/1,US,2026-06-05,US,us_horse_model.pkl,75,Yonkers Raceway,23:16,Trot 1m,Trot,Harness,19000.0,Dirt,,8.0,1m,Classic
Lucky Mum N,"Siegelman, Aus","Bucci, Ricky",-,6,0.0,,7,5/1,0.14260008996851103,6/1,7.01,0.2404123334160979,3/1,0.277091924708943,5/2,US,2026-06-05,US,us_horse_model.pkl,75,Yonkers Raceway,23:16,Trot 1m,Trot,Harness,19000.0,Dirt,,8.0,1m,Classic
Ambushed,"Holland, Brent","Stratton, Cory",-,6,0.0,,1,2/1,0.17250268671194627,5/1,5.8,0.2866990945432314,5/2,0.3295227474799633,2/1,US,2026-06-05,US,us_horse_model.pkl,75,Yonkers Raceway,23:39,Pace 1m,Pace,Harness,21000.0,Dirt,,8.0,1m,Classic
Hunting Hula,"Lachance, Pat","Lachance, Pat",-,5,0.0,,2,3/1,0.1571547928117375,11/2,6.36,0.26312052393816737,3/1,0.3028576731105786,5/2,US,2026-06-05,US,us_horse_model.pkl,75,Yonkers Raceway,23:39,Pace 1m,Pace,Harness,21000.0,Dirt,,8.0,1m,Classic
Elektra A,"Stratton, Jord","Robinson, Enri",-,9,0.0,,3,10/1,0.12785426809315706,7/1,7.82,0.21706031147197322,7/2,0.25051257773902924,3/1,US,2026-06-05,US,us_horse_model.pkl,75,Yonkers Raceway,23:39,Pace 1m,Pace,Harness,21000.0,Dirt,,8.0,1m,Classic
Elusive A,"Siegelman, Aus","Harmon, Rob",-,6,0.0,,4,7/2,0.15203882817833456,11/2,6.58,0.2551772465019293,3/1,0.2938541533732773,5/2,US,2026-06-05,US,us_horse_model.pkl,75,Yonkers Raceway,23:39,Pace 1m,Pace,Harness,21000.0,Dirt,,8.0,1m,Classic
Sweetnikkilou A,"Brennan, Georg","Norman, R. Nif",-,6,0.0,,5,4/1,0.14794605647161221,6/1,6.76,0.24879247314850084,3/1,0.28660987940233407,5/2,US,2026-06-05,US,us_horse_model.pkl,75,Yonkers Raceway,23:39,Pace 1m,Pace,Harness,21000.0,Dirt,,8.0,1m,Classic
Ideal Cover,"Ginsburg, Vinc","Blumenfeld, Pa",-,6,0.0,,6,15/1,0.1226220315362677,7/1,8.16,0.20869072667081673,4/1,0.2409664873462726,3/1,US,2026-06-05,US,us_horse_model.pkl,75,Yonkers Raceway,23:39,Pace 1m,Pace,Harness,21000.0,Dirt,,8.0,1m,Classic
Time To Strike,"Kelly, Colin","Alexander, Tra",-,4,0.0,,7,20/1,0.1198813361969447,15/2,8.34,0.20428917733980856,4/1,0.2359421177683825,3/1,US,2026-06-05,US,us_horse_model.pkl,75,Yonkers Raceway,23:39,Pace 1m,Pace,Harness,21000.0,Dirt,,8.0,1m,Classic
Front Page Story,"Lachance, Pat","Lachance, Pat",-,6,0.0,,1,8/1,0.1493372151304774,11/2,6.7,0.25096570417651815,3/1,0.2890763875687834,5/2,US,2026-06-05,US,us_horse_model.pkl,75,Yonkers Raceway,00:03,Pace 1m,Pace,Harness,39000.0,Dirt,,8.0,1m,Classic
Seaside Diva,"Stratton, Jord","Burke, Ron",-,5,0.0,,2,9/2,0.16187840590374422,5/1,6.18,0.2704174359883897,5/2,0.31111957227013176,2/1,US,2026-06-05,US,us_horse_model.pkl,75,Yonkers Raceway,00:03,Pace 1m,Pace,Harness,39000.0,Dirt,,8.0,1m,Classic
Silk Cloud A,"Tritton, Laure","Tritton, Peter",-,8,0.0,,3,5/2,0.18030627806038113,9/2,5.55,0.29854301738229605,5/2,0.34288179462801416,2/1,US,2026-06-05,US,us_horse_model.pkl,75,Yonkers Raceway,00:03,Pace 1m,Pace,Harness,39000.0,Dirt,,8.0,1m,Classic
Raspalia N,"Kelly, Colin","Abbatiello, Ag",-,5,0.0,,4,2/1,0.18875238613217304,9/2,5.3,0.31125232442144035,2/1,0.35718980127991556,2/1,US,2026-06-05,US,us_horse_model.pkl,75,Yonkers Raceway,00:03,Pace 1m,Pace,Harness,39000.0,Dirt,,8.0,1m,Classic
Millwood Bliss N,"Brennan, Georg","Norman, R. Nif",-,6,0.0,,5,10/1,0.1457540177666869,6/1,6.86,0.24536184502393105,3/1,0.2827147802453976,5/2,US,2026-06-05,US,us_horse_model.pkl,75,Yonkers Raceway,00:03,Pace 1m,Pace,Harness,39000.0,Dirt,,8.0,1m,Classic
Jensville A,"Holland, Brent","Height, Chris",-,7,0.0,,6,3/1,0.17397169700653717,9/2,5.75,0.2889361335242994,5/2,0.3320477972184603,2/1,US,2026-06-05,US,us_horse_model.pkl,75,Yonkers Raceway,00:03,Pace 1m,Pace,Harness,39000.0,Dirt,,8.0,1m,Classic
Alimony Mike,"Brennan, Georg","Di Domenico, S",-,4,0.0,,1,9/5,0.17867867867867868,9/2,5.6,0.29608076545013484,5/2,0.3401065479894309,2/1,US,2026-06-05,US,us_horse_model.pkl,75,Yonkers Raceway,00:28,Trot 1m,Trot,Harness,15000.0,Dirt,,8.0,1m,Classic
Jeannie's Action,"Lachance, Pat","Grasso, John",-,5,0.0,,2,8/1,0.13213213213213215,13/2,7.57,0.2238707175644113,7/2,0.25827268710151596,3/1,US,2026-06-05,US,us_horse_model.pkl,75,Yonkers Raceway,00:28,Trot 1m,Trot,Harness,15000.0,Dirt,,8.0,1m,Classic
Belmondo,"Dube, Daniel","Daguet, Debora",-,4,0.0,,3,5/1,0.14264264264264265,6/1,7.01,0.24047921795669547,3/1,0.27716793369946524,5/2,US,2026-06-05,US,us_horse_model.pkl,75,Yonkers Raceway,00:28,Trot 1m,Trot,Harness,15000.0,Dirt,,8.0,1m,Classic
Stmikes Kerryblues,"Siegelman, Aus","Godinez, Jose",-,4,0.0,,5,8/1,0.13213213213213215,13/2,7.57,0.2238707175644113,7/2,0.25827268710151596,3/1,US,2026-06-05,US,us_horse_model.pkl,75,Yonkers Raceway,00:28,Trot 1m,Trot,Harness,15000.0,Dirt,,8.0,1m,Classic
Sevenshadesofgrey,"Holland, Brent","Bucci, Ricky",-,8,0.0,,6,2/1,0.17417417417417416,9/2,5.74,0.28924419915410904,5/2,0.33239545852158464,2/1,US,2026-06-05,US,us_horse_model.pkl,75,Yonkers Raceway,00:28,Trot 1m,Trot,Harness,15000.0,Dirt,,8.0,1m,Classic
Lionheart Hanover,"Kelly, Colin","Schadel, Tony",-,4,0.0,,7,20/1,0.12012012012012013,15/2,8.32,0.20467314161007857,4/1,0.23638052466881299,3/1,US,2026-06-05,US,us_horse_model.pkl,75,Yonkers Raceway,00:28,Trot 1m,Trot,Harness,15000.0,Dirt,,8.0,1m,Classic
Father Mike,"Smith, Steve","Ford, Mark",-,5,0.0,,8,20/1,0.12012012012012013,15/2,8.32,0.20467314161007857,4/1,0.23638052466881299,3/1,US,2026-06-05,US,us_horse_model.pkl,75,Yonkers Raceway,00:28,Trot 1m,Trot,Harness,15000.0,Dirt,,8.0,1m,Classic
Incantation,"Lachance, Pat","Lachance, Pat",-,4,0.0,,1,5/1,0.1415341925346439,6/1,7.07,0.2387360044372121,3/1,0.2751866839006752,5/2,US,2026-06-05,US,us_horse_model.pkl,75,Yonkers Raceway,00:51,Trot 1m,Trot,Harness,21000.0,Dirt,,8.0,1m,Classic
Hand Dover Dan,"Dube, Daniel","Hudson, Lance",-,7,0.0,,2,12/1,0.12515253330658777,7/1,7.99,0.21274403467741274,7/2,0.2455908476914721,3/1,US,2026-06-05,US,us_horse_model.pkl,75,Yonkers Raceway,00:51,Trot 1m,Trot,Harness,21000.0,Dirt,,8.0,1m,Classic
Optrix,"Smith, Steve","Jackson, Tom",-,6,0.0,,3,20/1,0.11980342008926333,15/2,8.35,0.20416386858860638,4/1,0.23579903677586003,3/1,US,2026-06-05,US,us_horse_model.pkl,75,Yonkers Raceway,00:51,Trot 1m,Trot,Harness,21000.0,Dirt,,8.0,1m,Classic
Scudo Hanover,"Brennan, Georg","Baggitt, Rober",-,4,0.0,,4,2/1,0.17195727395817662,5/1,5.82,0.285867649871016,5/2,0.32858404083833076,2/1,US,2026-06-05,US,us_horse_model.pkl,75,Yonkers Raceway,00:51,Trot 1m,Trot,Harness,21000.0,Dirt,,8.0,1m,Classic
Goo For Broke,"Kelly, Colin","Engblom, Per",-,6,0.0,,5,3/1,0.15674573324641025,11/2,6.38,0.2624869399307746,3/1,0.30213989243741124,5/2,US,2026-06-05,US,us_horse_model.pkl,75,Yonkers Raceway,00:51,Trot 1m,Trot,Harness,21000.0,Dirt,,8.0,1m,Classic
P L Oscar,"Holland, Brent","Bucci, Ricky",-,8,0.0,,6,4/1,0.14761880881935044,6/1,6.77,0.24828080570103564,3/1,0.2860290545316676,5/2,US,2026-06-05,US,us_horse_model.pkl,75,Yonkers Raceway,00:51,Trot 1m,Trot,Harness,21000.0,Dirt,,8.0,1m,Classic
Durante Hanover,"Siegelman, Aus","Burke, Ron",-,4,0.0,,7,6/1,0.13718803804556778,13/2,7.29,0.2318820222557883,7/2,0.267392266334621,5/2,US,2026-06-05,US,us_horse_model.pkl,75,Yonkers Raceway,00:51,Trot 1m,Trot,Harness,21000.0,Dirt,,8.0,1m,Classic
Jordanna Hanover,"Holland, Brent","Fanning, Tom",-,4,0.0,,1,2/1,0.15619704855837063,11/2,6.4,0.26163667302239035,3/1,0.30117653219639773,5/2,US,2026-06-05,US,us_horse_model.pkl,75,Yonkers Raceway,01:15,Pace 1m,Pace,Harness,19000.0,Dirt,,8.0,1m,Classic
Cheryls Shadow,"Kelly, Colin","Dilloian, Doug",-,7,0.0,,2,5/2,0.1477720733674923,6/1,6.77,0.2485204635276241,3/1,0.28630110983767354,5/2,US,2026-06-05,US,us_horse_model.pkl,75,Yonkers Raceway,01:15,Pace 1m,Pace,Harness,19000.0,Dirt,,8.0,1m,Classic
Lucky Artist A,"Siegelman, Aus","Bucci, Ricky",-,13,0.0,,3,12/1,0.11083179753056416,8/1,9.02,0.18967028567993072,9/2,0.21923471873594316,7/2,US,2026-06-05,US,us_horse_model.pkl,75,Yonkers Raceway,01:15,Pace 1m,Pace,Harness,19000.0,Dirt,,8.0,1m,Classic
Anna Loves Bananas,"Ginsburg, Vinc","Engblom, Per",-,4,0.0,,4,8/1,0.11688049766760503,15/2,8.56,0.19945605521366744,4/1,0.23042188929344085,7/2,US,2026-06-05,US,us_horse_model.pkl,75,Yonkers Raceway,01:15,Pace 1m,Pace,Harness,19000.0,Dirt,,8.0,1m,Classic
Fashion Terror,"Smith, Steve","Ford, Mark",-,4,0.0,,5,15/1,0.10828000216025005,8/1,9.24,0.1855243567941911,9/2,0.214490989781919,7/2,US,2026-06-05,US,us_horse_model.pkl,75,Yonkers Raceway,01:15,Pace 1m,Pace,Harness,19000.0,Dirt,,8.0,1m,Classic
Alwaysbpuffing Ir,"Brennan, Georg","Burke, Ron",-,5,0.0,,6,6/1,0.12249714779485725,7/1,8.16,0.208490425056443,4/1,0.24073790402953765,3/1,US,2026-06-05,US,us_horse_model.pkl,75,Yonkers Raceway,01:15,Pace 1m,Pace,Harness,19000.0,Dirt,,8.0,1m,Classic
Dougs Babe A,"Lachance, Pat","Norman, R. Nif",-,9,0.0,,7,5/1,0.12670963539029645,7/1,7.89,0.2152330783419401,7/2,0.24842936944880648,3/1,US,2026-06-05,US,us_horse_model.pkl,75,Yonkers Raceway,01:15,Pace 1m,Pace,Harness,19000.0,Dirt,,8.0,1m,Classic
Chanceoflightning,"Dube, Daniel","Stratton, Cory",-,4,0.0,,8,12/1,0.11083179753056416,8/1,9.02,0.18967028567993072,9/2,0.21923471873594316,7/2,US,2026-06-05,US,us_horse_model.pkl,75,Yonkers Raceway,01:15,Pace 1m,Pace,Harness,19000.0,Dirt,,8.0,1m,Classic
Bronzer,"Brennan, Georg","Fine, Amanda",-,5,0.0,,1,3/1,0.15697993817967607,11/2,6.37,0.262849727930701,3/1,0.30255089908733535,5/2,US,2026-06-05,US,us_horse_model.pkl,75,Yonkers Raceway,01:39,Trot 1m,Trot,Harness,21000.0,Dirt,,8.0,1m,Classic
Street Gossip,"Siegelman, Aus","Harmon, Rob",-,8,0.0,,2,6/1,0.13732186943600536,13/2,7.28,0.2320935283244902,7/2,0.267632900407672,5/2,US,2026-06-05,US,us_horse_model.pkl,75,Yonkers Raceway,01:39,Trot 1m,Trot,Harness,21000.0,Dirt,,8.0,1m,Classic
Hot Flash Kimmy,"Ginsburg, Vinc","Stratton, Cory",-,6,0.0,,3,9/2,0.14447025807006744,6/1,6.92,0.2433491401526559,3/1,0.2804287209336266,5/2,US,2026-06-05,US,us_horse_model.pkl,75,Yonkers Raceway,01:39,Trot 1m,Trot,Harness,21000.0,Dirt,,8.0,1m,Classic
Bestfriend Volo,"Dube, Daniel","Takter, Nancy",-,6,0.0,,4,7/2,0.1518834018387244,11/2,6.58,0.25493526910642117,3/1,0.2935797193318075,5/2,US,2026-06-05,US,us_horse_model.pkl,75,Yonkers Raceway,01:39,Trot 1m,Trot,Harness,21000.0,Dirt,,8.0,1m,Classic
Oliver The Great,"Lachance, Pat","Baggitt, Rober",-,5,0.0,,5,5/1,0.1416903291568211,6/1,7.06,0.23898167298102332,3/1,0.27546592691509914,5/2,US,2026-06-05,US,us_horse_model.pkl,75,Yonkers Raceway,01:39,Trot 1m,Trot,Harness,21000.0,Dirt,,8.0,1m,Classic
Torrone,"Holland, Brent","Fanning, Tom",-,7,0.0,,6,20/1,0.11984803055274254,15/2,8.34,0.2042356146530397,4/1,0.23588095869065112,3/1,US,2026-06-05,US,us_horse_model.pkl,75,Yonkers Raceway,01:39,Trot 1m,Trot,Harness,21000.0,Dirt,,8.0,1m,Classic
Aquarius Face S,"Kelly, Colin","Engblom, Per",-,8,0.0,,7,4/1,0.14780617276596308,6/1,6.77,0.2485737792125562,3/1,0.2863616316300286,5/2,US,2026-06-05,US,us_horse_model.pkl,75,Yonkers Raceway,01:39,Trot 1m,Trot,Harness,21000.0,Dirt,,8.0,1m,Classic
Bronx Mixer,"Dube, Daniel","Schnittker, Ra",-,4,0.0,,1,2/1,0.15767428406933165,11/2,6.34,0.26392476743937593,3/1,0.30376869870314255,5/2,US,2026-06-05,US,us_horse_model.pkl,75,Yonkers Raceway,01:57,Pace 1m,Pace,Harness,17000.0,Dirt,,8.0,1m,Classic
Coachellabound N,"Holland, Brent","Bucci, Ricky",-,8,0.0,,2,4/1,0.13349345933048787,13/2,7.49,0.22603182384766168,7/2,0.2607337105416019,3/1,US,2026-06-05,US,us_horse_model.pkl,75,Yonkers Raceway,01:57,Pace 1m,Pace,Harness,17000.0,Dirt,,8.0,1m,Classic
Shez The Reason A,"Smith, Steve","Garland, Karen",-,7,0.0,,3,3/1,0.14256126860755428,6/1,7.01,0.24035131124800152,3/1,0.27702257723816925,5/2,US,2026-06-05,US,us_horse_model.pkl,75,Yonkers Raceway,01:57,Pace 1m,Pace,Harness,17000.0,Dirt,,8.0,1m,Classic
You Beda Rock,"Siegelman, Aus","Stratton, Cory",-,9,0.0,,4,20/1,0.10585823105752357,17/2,9.45,0.18158004383743998,9/2,0.20997572362990863,4/1,US,2026-06-05,US,us_horse_model.pkl,75,Yonkers Raceway,01:57,Pace 1m,Pace,Harness,17000.0,Dirt,,8.0,1m,Classic
Ys Sensationalcity,"Kelly, Colin","Alexander, Tra",-,6,0.0,,5,7/2,0.13752359678696183,13/2,7.27,0.232412282477953,7/2,0.2679955396120747,5/2,US,2026-06-05,US,us_horse_model.pkl,75,Yonkers Raceway,01:57,Pace 1m,Pace,Harness,17000.0,Dirt,,8.0,1m,Classic
Bubble Lou,"Ginsburg, Vinc","Estrada, Izzy",-,4,0.0,,6,20/1,0.10585823105752357,17/2,9.45,0.18158004383743998,9/2,0.20997572362990863,4/1,US,2026-06-05,US,us_horse_model.pkl,75,Yonkers Raceway,01:57,Pace 1m,Pace,Harness,17000.0,Dirt,,8.0,1m,Classic
Odds On Aces Full,"Brennan, Georg","Di Domenico, S",-,4,0.0,,7,12/1,0.11117269803309363,8/1,9.0,0.1902233614292026,9/2,0.21986736020274344,7/2,US,2026-06-05,US,us_horse_model.pkl,75,Yonkers Raceway,01:57,Pace 1m,Pace,Harness,17000.0,Dirt,,8.0,1m,Classic
Promising Moment,"Lachance, Pat","Fanning, Tom",-,4,0.0,,8,20/1,0.10585823105752357,17/2,9.45,0.18158004383743998,9/2,0.20997572362990863,4/1,US,2026-06-05,US,us_horse_model.pkl,75,Yonkers Raceway,01:57,Pace 1m,Pace,Harness,17000.0,Dirt,,8.0,1m,Classic
