horse,jockey,trainer,ofr,age,weight_lbs,form,draw,ml_odds,win_probability,win_odds_fractional,win_odds_decimal,place_probability,place_odds_fractional,show_probability,show_odds_fractional,region,date,source_model,model_artifact,model_feature_count,course,race_time,race_name,race_class,surface,going,distance_f,distance_str,distance_band
Olazabal,Flores Jeremias,Sells Rachel,-,6,124.0,,1,5/2,0.16112531969309463,5/1,6.21,0.2692564805306088,5/2,0.3098056658446766,2/1,US,2026-05-11,UK (base),horse_win_predictor.pkl,75,Finger Lakes,16:55,Starter Optional Claiming 5f,Starter Optional Claiming,Dirt,,5.0,5f,Sprint
Anointed Spirit,Rohena J. M,Rohena Jose A,-,6,124.0,,2,10/1,0.12702472293265132,7/1,7.87,0.21573627708987891,7/2,0.24900310989883925,3/1,US,2026-05-11,UK (base),horse_win_predictor.pkl,75,Finger Lakes,16:55,Starter Optional Claiming 5f,Starter Optional Claiming,Dirt,,5.0,5f,Sprint
Saybrook,Gonzalez Alex,Areche Thalia,-,5,124.0,,3,5/1,0.14028606611726815,6/1,7.13,0.23677077473375585,3/1,0.2729525404649387,5/2,US,2026-05-11,UK (base),horse_win_predictor.pkl,75,Finger Lakes,16:55,Starter Optional Claiming 5f,Starter Optional Claiming,Dirt,,5.0,5f,Sprint
East Coast Girl,Berrios John C,Gutterson Katlynn,-,6,124.0,,4,3/1,0.15487354362034667,11/2,6.46,0.2595837269058053,3/1,0.2988500456378522,5/2,US,2026-05-11,UK (base),horse_win_predictor.pkl,75,Finger Lakes,16:55,Starter Optional Claiming 5f,Starter Optional Claiming,Dirt,,5.0,5f,Sprint
Keigs,Navarro Kevin,Ferraro M. A,-,5,124.0,,5,7/2,0.1500110511193205,11/2,6.67,0.2520172396484382,3/1,0.29026956034685736,5/2,US,2026-05-11,UK (base),horse_win_predictor.pkl,75,Finger Lakes,16:55,Starter Optional Claiming 5f,Starter Optional Claiming,Dirt,,5.0,5f,Sprint
Allure Of Money,Russell Chris,Murphy Timothy P,-,6,124.0,,6,6/1,0.13611821540210287,13/2,7.35,0.23019025287238254,7/2,0.2654672669237374,3/1,US,2026-05-11,UK (base),horse_win_predictor.pkl,75,Finger Lakes,16:55,Starter Optional Claiming 5f,Starter Optional Claiming,Dirt,,5.0,5f,Sprint
Fighter Kite,Perez Luis E,Rohena Jose A,-,6,124.0,,7,8/1,0.1305610811152158,13/2,7.66,0.22137298928580929,7/2,0.25542745484978185,3/1,US,2026-05-11,UK (base),horse_win_predictor.pkl,75,Finger Lakes,16:55,Starter Optional Claiming 5f,Starter Optional Claiming,Dirt,,5.0,5f,Sprint
Solo Flight,Coa Keiber J,D'alessandro Ralph,-,5,124.0,,1,10/1,0.14562709816208164,6/1,6.87,0.24516297531646009,3/1,0.282488929249352,5/2,US,2026-05-11,UK (base),horse_win_predictor.pkl,75,Finger Lakes,17:24,Maiden Special Weight 5f,Maiden Special Weight,Dirt,,5.0,5f,Sprint
Lord King,Gutierrez Reylu,Gutierrez Luis,-,3,120.0,,2,8/5,0.19731122726692657,4/1,5.07,0.3240148327560032,2/1,0.37152868481440693,3/2,US,2026-05-11,UK (base),horse_win_predictor.pkl,75,Finger Lakes,17:24,Maiden Special Weight 5f,Maiden Special Weight,Dirt,,5.0,5f,Sprint
Captain Zane,De Diego Emanuel,Albright Amy,-,4,124.0,,3,4/1,0.16482406040102404,5/1,6.07,0.2749497320121789,5/2,0.316246858866362,2/1,US,2026-05-11,UK (base),horse_win_predictor.pkl,75,Finger Lakes,17:24,Maiden Special Weight 5f,Maiden Special Weight,Dirt,,5.0,5f,Sprint
No Filter,Worrie Andre S,Englehart Chris J,-,5,124.0,,4,2/1,0.1882870142486203,9/2,5.31,0.31055502585978845,2/1,0.3564055302139765,2/1,US,2026-05-11,UK (base),horse_win_predictor.pkl,75,Finger Lakes,17:24,Maiden Special Weight 5f,Maiden Special Weight,Dirt,,5.0,5f,Sprint
Plex,Baez Jose,Saul Dana,-,4,124.0,,5,8/1,0.14918209116929318,11/2,6.7,0.2507235270442131,3/1,0.28880156549730807,5/2,US,2026-05-11,UK (base),horse_win_predictor.pkl,75,Finger Lakes,17:24,Maiden Special Weight 5f,Maiden Special Weight,Dirt,,5.0,5f,Sprint
Milkshake,Gomez Oscar,Barrow Paul W,-,3,120.0,,6,6/1,0.1547685087520542,11/2,6.46,0.25942068271262986,3/1,0.2986652479478457,5/2,US,2026-05-11,UK (base),horse_win_predictor.pkl,75,Finger Lakes,17:24,Maiden Special Weight 5f,Maiden Special Weight,Dirt,,5.0,5f,Sprint
Magic Beach,Cruz Joel,Breed Debra A,-,5,124.0,,1,4/1,0.1655962320702205,5/1,6.04,0.27613552806571345,5/2,0.31758776406402334,2/1,US,2026-05-11,UK (base),horse_win_predictor.pkl,75,Finger Lakes,17:53,Allowance 5f,Allowance,Dirt,,5.0,5f,Sprint
Rockinmoney,Coa Keiber J,Ferraro M. A,-,4,124.0,,2,5/2,0.18101049025904514,9/2,5.52,0.29960704439922536,5/2,0.34408075220179296,2/1,US,2026-05-11,UK (base),horse_win_predictor.pkl,75,Finger Lakes,17:53,Allowance 5f,Allowance,Dirt,,5.0,5f,Sprint
Savage State,Russell Chris,Falk Jacqueline,-,3,120.0,,3,3/1,0.1745878826803682,9/2,5.73,0.28987344580161156,5/2,0.3331055319720778,2/1,US,2026-05-11,UK (base),horse_win_predictor.pkl,75,Finger Lakes,17:53,Allowance 5f,Allowance,Dirt,,5.0,5f,Sprint
Dio Double Gee,Davis Jacqueline A,Housel Tamara,-,4,124.0,,4,7/2,0.16959252123028612,5/1,5.9,0.28225723960871896,5/2,0.32450650900063127,2/1,US,2026-05-11,UK (base),horse_win_predictor.pkl,75,Finger Lakes,17:53,Allowance 5f,Allowance,Dirt,,5.0,5f,Sprint
Luceo Non Uro,Berrios John C,Gutterson Katlynn,-,4,124.0,,5,8/1,0.14961107542995788,11/2,6.68,0.25139315666087736,3/1,0.2895614371224722,5/2,US,2026-05-11,UK (base),horse_win_predictor.pkl,75,Finger Lakes,17:53,Allowance 5f,Allowance,Dirt,,5.0,5f,Sprint
Montauk Memoirs,Flores Jeremias,Barrow Paul W,-,4,124.0,,6,5/1,0.159601798330122,11/2,6.27,0.26690504977005247,5/2,0.3071437690600264,5/2,US,2026-05-11,UK (base),horse_win_predictor.pkl,75,Finger Lakes,17:53,Allowance 5f,Allowance,Dirt,,5.0,5f,Sprint
Ride Share,Navarro Kevin,Buckley Jonathan B,-,3,120.0,,1,5/1,0.1588510865279807,11/2,6.3,0.26574502159746927,3/1,0.3058302472485275,5/2,US,2026-05-11,UK (base),horse_win_predictor.pkl,75,Finger Lakes,18:22,Maiden Special Weight 5f,Maiden Special Weight,Dirt,,5.0,5f,Sprint
Wisecracker,Cruz Joel,Reed Lisa A,-,5,124.0,,2,7/2,0.16859157216076437,5/1,5.93,0.2807263353264653,5/2,0.3227768715136031,2/1,US,2026-05-11,UK (base),horse_win_predictor.pkl,75,Finger Lakes,18:22,Maiden Special Weight 5f,Maiden Special Weight,Dirt,,5.0,5f,Sprint
Royal Zorro,Davis Jacqueline A,Albright George R,-,3,120.0,,3,6/1,0.1546765926853591,11/2,6.47,0.2592779881738444,3/1,0.29850351148202636,5/2,US,2026-05-11,UK (base),horse_win_predictor.pkl,75,Finger Lakes,18:22,Maiden Special Weight 5f,Maiden Special Weight,Dirt,,5.0,5f,Sprint
Coach Pitino,Flores Jeremias,Barrow Paul W,-,6,124.0,,4,5/2,0.1797235557410886,9/2,5.56,0.29766195514338334,5/2,0.34188885491924387,2/1,US,2026-05-11,UK (base),horse_win_predictor.pkl,75,Finger Lakes,18:22,Maiden Special Weight 5f,Maiden Special Weight,Dirt,,5.0,5f,Sprint
Propitious,Gutierrez Reylu,Clement Miguel,-,3,120.0,,5,3/1,0.1734618149771562,5/1,5.76,0.28816006595474586,5/2,0.33117191007134195,2/1,US,2026-05-11,UK (base),horse_win_predictor.pkl,75,Finger Lakes,18:22,Maiden Special Weight 5f,Maiden Special Weight,Dirt,,5.0,5f,Sprint
Gallant Creek,Coa Keiber J,Deiter Kelly L,-,5,124.0,,6,4/1,0.1646953779076509,5/1,6.07,0.27475202623045647,5/2,0.31602326935150854,2/1,US,2026-05-11,UK (base),horse_win_predictor.pkl,75,Finger Lakes,18:22,Maiden Special Weight 5f,Maiden Special Weight,Dirt,,5.0,5f,Sprint
Joe G Twentythree,Coa Keiber J,Housel Tamara,-,3,119.0,,1,3/1,0.12987984502122962,13/2,7.7,0.22028870172402243,7/2,0.2541920229875697,3/1,US,2026-05-11,UK (base),horse_win_predictor.pkl,75,Finger Lakes,18:51,Maiden Claiming 5f,Maiden Claiming,Dirt,,5.0,5f,Sprint
Renaissance Man,Berrios John C,Gutterson Katlynn,-,4,124.0,,2,5/1,0.11539314770962632,15/2,8.67,0.19705520304665886,4/1,0.22767847379804607,7/2,US,2026-05-11,UK (base),horse_win_predictor.pkl,75,Finger Lakes,18:51,Maiden Claiming 5f,Maiden Claiming,Dirt,,5.0,5f,Sprint
Hoity Moroni,Davis Jacqueline A,Ronen Assaf,-,3,119.0,,3,7/2,0.12505094591736185,7/1,8.0,0.21258151139138975,7/2,0.24540547344415023,3/1,US,2026-05-11,UK (base),horse_win_predictor.pkl,75,Finger Lakes,18:51,Maiden Claiming 5f,Maiden Claiming,Dirt,,5.0,5f,Sprint
A Bit Raggity,Gomez Oscar,Reed Lisa A,-,3,119.0,,4,12/1,0.09979208906636124,9/1,10.02,0.17165899148726738,5/1,0.19860907989510718,4/1,US,2026-05-11,UK (base),horse_win_predictor.pkl,75,Finger Lakes,18:51,Maiden Claiming 5f,Maiden Claiming,Dirt,,5.0,5f,Sprint
Minister Of Magic,"Davila, Jr. Michael A",Sells Rachel,-,3,119.0,,5,5/1,0.11539314770962632,15/2,8.67,0.19705520304665886,4/1,0.22767847379804607,7/2,US,2026-05-11,UK (base),horse_win_predictor.pkl,75,Finger Lakes,18:51,Maiden Claiming 5f,Maiden Claiming,Dirt,,5.0,5f,Sprint
Runaway Roscoe,Worrie Andre S,Englehart Chris J,-,3,119.0,,6,6/1,0.11125409133488251,8/1,8.99,0.1903553861317882,9/2,0.22001837168062785,7/2,US,2026-05-11,UK (base),horse_win_predictor.pkl,75,Finger Lakes,18:51,Maiden Claiming 5f,Maiden Claiming,Dirt,,5.0,5f,Sprint
Honor For Mandin,Rohena J. M,Rohena Jose A,-,4,124.0,,7,15/1,0.09728477607012222,19/2,10.28,0.16754113480220895,5/1,0.19388726932674147,4/1,US,2026-05-11,UK (base),horse_win_predictor.pkl,75,Finger Lakes,18:51,Maiden Claiming 5f,Maiden Claiming,Dirt,,5.0,5f,Sprint
Midnight Musume,De Diego Emanuel,Sells Rachel,-,5,124.0,,8,6/1,0.11125409133488251,8/1,8.99,0.1903553861317882,9/2,0.22001837168062785,7/2,US,2026-05-11,UK (base),horse_win_predictor.pkl,75,Finger Lakes,18:51,Maiden Claiming 5f,Maiden Claiming,Dirt,,5.0,5f,Sprint
Chicago Charlie,Alvarado Nazario,Gutierrez Luis,-,5,124.0,,9,20/1,0.09469786583590734,19/2,10.56,0.16328200986953278,5/1,0.18900106388214233,9/2,US,2026-05-11,UK (base),horse_win_predictor.pkl,75,Finger Lakes,18:51,Maiden Claiming 5f,Maiden Claiming,Dirt,,5.0,5f,Sprint
Nightmissio,Worrie Andre S,Englehart Chris J,-,4,122.0,,1,5/1,0.13986122779177945,6/1,7.15,0.23610127959366378,3/1,0.2721912990193704,5/2,US,2026-05-11,UK (base),horse_win_predictor.pkl,75,Finger Lakes,19:20,Claiming 5f,Claiming,Dirt,,5.0,5f,Sprint
Messi The Magician,Gutierrez Reylu,"Breed, Jr. Ronald",-,6,124.0,,2,7/2,0.1494446000186689,11/2,6.69,0.2511333292538121,3/1,0.2892666027169908,5/2,US,2026-05-11,UK (base),horse_win_predictor.pkl,75,Finger Lakes,19:20,Claiming 5f,Claiming,Dirt,,5.0,5f,Sprint
Tapizar's Temper,Perez Luis E,Sells Rachel,-,4,122.0,,3,9/2,0.1424748747627493,6/1,7.02,0.24021550262201988,3/1,0.2768682380692463,5/2,US,2026-05-11,UK (base),horse_win_predictor.pkl,75,Finger Lakes,19:20,Claiming 5f,Claiming,Dirt,,5.0,5f,Sprint
Henry's Hope,Gomez Oscar,Acquilano James S,-,4,122.0,,4,5/2,0.1603970254208283,5/1,6.23,0.2681328811464111,5/2,0.3085338270435046,2/1,US,2026-05-11,UK (base),horse_win_predictor.pkl,75,Finger Lakes,19:20,Claiming 5f,Claiming,Dirt,,5.0,5f,Sprint
It's Not Over Yet,Gonzalez Alex,Reed Lisa A,-,4,122.0,,5,10/1,0.12679299293693022,7/1,7.89,0.21536621684015084,7/2,0.24858117580385858,3/1,US,2026-05-11,UK (base),horse_win_predictor.pkl,75,Finger Lakes,19:20,Claiming 5f,Claiming,Dirt,,5.0,5f,Sprint
Ol' Nelson,Alvarado Nazario,Gutterson Katlynn,-,4,122.0,,6,10/1,0.12679299293693022,7/1,7.89,0.21536621684015084,7/2,0.24858117580385858,3/1,US,2026-05-11,UK (base),horse_win_predictor.pkl,75,Finger Lakes,19:20,Claiming 5f,Claiming,Dirt,,5.0,5f,Sprint
Scales Of Gold,De Diego Emanuel,D'alessandro Ralph,-,4,122.0,,7,3/1,0.15423628613211365,11/2,6.48,0.2585942494699428,3/1,0.29772848572162874,5/2,US,2026-05-11,UK (base),horse_win_predictor.pkl,75,Finger Lakes,19:20,Claiming 5f,Claiming,Dirt,,5.0,5f,Sprint
Moon Gate,Coa Keiber J,Dixon Linda K,-,4,122.0,,1,7/2,0.13556772946401882,13/2,7.38,0.22931902561761036,7/2,0.2644757616752072,3/1,US,2026-05-11,UK (base),horse_win_predictor.pkl,75,Finger Lakes,19:49,Allowance 5f,Allowance,Dirt,,5.0,5f,Sprint
Valentine Gift,"Davila, Jr. Michael A",Murphy Timothy P,-,5,122.0,,2,6/1,0.12187290544909146,7/1,8.21,0.20748882574228208,4/1,0.23959479585222856,3/1,US,2026-05-11,UK (base),horse_win_predictor.pkl,75,Finger Lakes,19:49,Allowance 5f,Allowance,Dirt,,5.0,5f,Sprint
Giuliana's Dream,Rohena J. M,Englehart Chris J,-,4,122.0,,3,3/1,0.1403609178692434,6/1,7.12,0.23688870235256093,3/1,0.27308662153380503,5/2,US,2026-05-11,UK (base),horse_win_predictor.pkl,75,Finger Lakes,19:49,Allowance 5f,Allowance,Dirt,,5.0,5f,Sprint
Mia Nipotina,Perez Luis E,Sells Rachel,-,5,124.0,,4,12/1,0.11049566703669028,8/1,9.05,0.18912476671893602,9/2,0.21861067909977816,7/2,US,2026-05-11,UK (base),horse_win_predictor.pkl,75,Finger Lakes,19:49,Allowance 5f,Allowance,Dirt,,5.0,5f,Sprint
Eddie Marie,Navarro Kevin,Buckley Jonathan B,-,4,122.0,,5,5/1,0.1259813526535697,7/1,7.94,0.214069393803287,7/2,0.24710240923443097,3/1,US,2026-05-11,UK (base),horse_win_predictor.pkl,75,Finger Lakes,19:49,Allowance 5f,Allowance,Dirt,,5.0,5f,Sprint
Bellacose,Worrie Andre S,Englehart Jeremiah C,-,4,122.0,,6,4/1,0.13173317873983917,13/2,7.59,0.2232368174269886,7/2,0.2575506819346696,3/1,US,2026-05-11,UK (base),horse_win_predictor.pkl,75,Finger Lakes,19:49,Allowance 5f,Allowance,Dirt,,5.0,5f,Sprint
Shaman Princess,Gutierrez Reylu,Barrow Paul W,-,6,122.0,,7,5/1,0.1259813526535697,7/1,7.94,0.214069393803287,7/2,0.24710240923443097,3/1,US,2026-05-11,UK (base),horse_win_predictor.pkl,75,Finger Lakes,19:49,Allowance 5f,Allowance,Dirt,,5.0,5f,Sprint
Call Me Penny,Gomez Oscar,Sells Rachel,-,7,122.0,,8,15/1,0.10800689613397751,17/2,9.26,0.1850800213511629,9/2,0.2139824433076074,7/2,US,2026-05-11,UK (base),horse_win_predictor.pkl,75,Finger Lakes,19:49,Allowance 5f,Allowance,Dirt,,5.0,5f,Sprint
Profitability,Cruz Joel,Ferraro M. A,-,5,124.0,,1,7/2,0.13658660637643544,13/2,7.32,0.23093117064443874,7/2,0.26631038224493997,3/1,US,2026-05-11,UK (base),horse_win_predictor.pkl,75,Finger Lakes,20:18,Claiming 5.5f,Claiming,Dirt,,5.5,5.5f,Sprint
Swedish Candy,Gomez Oscar,Barrow Paul W,-,3,119.0,,2,5/1,0.12674551033788214,7/1,7.89,0.21529037909553972,7/2,0.2484947048796613,3/1,US,2026-05-11,UK (base),horse_win_predictor.pkl,75,Finger Lakes,20:18,Claiming 5.5f,Claiming,Dirt,,5.5,5.5f,Sprint
Tap It Easy,De Diego Emanuel,Morales Samuel,-,4,124.0,,3,20/1,0.10565744739812505,17/2,9.46,0.18125260836407503,9/2,0.20960079372630627,4/1,US,2026-05-11,UK (base),horse_win_predictor.pkl,75,Finger Lakes,20:18,Claiming 5.5f,Claiming,Dirt,,5.5,5.5f,Sprint
Addyson's Dream,Gonzalez Alex,Clarke Matthew,-,5,124.0,,4,15/1,0.1082934552655947,8/1,9.23,0.18554624151538135,9/2,0.21451603635905134,7/2,US,2026-05-11,UK (base),horse_win_predictor.pkl,75,Finger Lakes,20:18,Claiming 5.5f,Claiming,Dirt,,5.5,5.5f,Sprint
Real Eleve,Alvarado Nazario,Gutterson Katlynn,-,4,124.0,,5,3/1,0.1415071543957121,6/1,7.07,0.23869345811614429,3/1,0.27513832201130634,5/2,US,2026-05-11,UK (base),horse_win_predictor.pkl,75,Finger Lakes,20:18,Claiming 5.5f,Claiming,Dirt,,5.5,5.5f,Sprint
Redoubtableripken,Davis Jacqueline A,Clarke Matthew,-,4,124.0,,6,6/1,0.12252789774993073,7/1,8.16,0.20853974736826134,4/1,0.24079419097513532,3/1,US,2026-05-11,UK (base),horse_win_predictor.pkl,75,Finger Lakes,20:18,Claiming 5.5f,Claiming,Dirt,,5.5,5.5f,Sprint
Painting Stones,Flores Jeremias,Barrow Paul W,-,5,124.0,,7,5/2,0.1478335732776392,6/1,6.76,0.2486166195893225,3/1,0.2864102619562037,5/2,US,2026-05-11,UK (base),horse_win_predictor.pkl,75,Finger Lakes,20:18,Claiming 5.5f,Claiming,Dirt,,5.5,5.5f,Sprint
Support The Cat,"Davila, Jr. Michael A",Gutterson Katlynn,-,7,124.0,,8,12/1,0.11084835519868065,8/1,9.02,0.18969715307742288,9/2,0.2192654522819512,7/2,US,2026-05-11,UK (base),horse_win_predictor.pkl,75,Finger Lakes,20:18,Claiming 5.5f,Claiming,Dirt,,5.5,5.5f,Sprint
Soraila (Chi),Maximiliano Sa,Gabriel Reyes,-,7,126.0,,1,30/1,0.07641567958581096,12/1,13.09,0.13287673838521066,13/2,0.15404963543498554,11/2,US,2026-05-11,UK (base),horse_win_predictor.pkl,75,CL - Valparaiso Sporting Club (simulcast),19:00,Handicap 1100mtr,Handicap,Dirt,,,1100mtr,Unknown
Justinsito Crack (Chi),Alejandro Maur,Juan Garcia Ve,-,7,126.0,,2,30/1,0.07641567958581096,12/1,13.09,0.13287673838521066,13/2,0.15404963543498554,11/2,US,2026-05-11,UK (base),horse_win_predictor.pkl,75,CL - Valparaiso Sporting Club (simulcast),19:00,Handicap 1100mtr,Handicap,Dirt,,,1100mtr,Unknown
Afirmate Gato (Chi),Gerald Rodrigu,Juan Garcia Ve,-,7,126.0,,3,3/2,0.14149382080344985,6/1,7.07,0.23867247638576272,3/1,0.27511447222913005,5/2,US,2026-05-11,UK (base),horse_win_predictor.pkl,75,CL - Valparaiso Sporting Club (simulcast),19:00,Handicap 1100mtr,Handicap,Dirt,,,1100mtr,Unknown
King Paper (Chi),Jorge Baeza,Guillermo Pere,-,5,126.0,,4,30/1,0.07641567958581096,12/1,13.09,0.13287673838521066,13/2,0.15404963543498554,11/2,US,2026-05-11,UK (base),horse_win_predictor.pkl,75,CL - Valparaiso Sporting Club (simulcast),19:00,Handicap 1100mtr,Handicap,Dirt,,,1100mtr,Unknown
Sasuke (Chi),Felipe Tapia,Victor Moris L,-,6,126.0,,5,10/1,0.08679496845624778,21/2,11.52,0.15020424998178916,11/2,0.17398273055386718,9/2,US,2026-05-11,UK (base),horse_win_predictor.pkl,75,CL - Valparaiso Sporting Club (simulcast),19:00,Handicap 1100mtr,Handicap,Dirt,,,1100mtr,Unknown
Sundy Point (Chi),Jorge Zuniga D,Jorge Araneda,-,4,126.0,,6,10/1,0.08679496845624778,21/2,11.52,0.15020424998178916,11/2,0.17398273055386718,9/2,US,2026-05-11,UK (base),horse_win_predictor.pkl,75,CL - Valparaiso Sporting Club (simulcast),19:00,Handicap 1100mtr,Handicap,Dirt,,,1100mtr,Unknown
Sin Miedo (Chi),Tomas Seith,Maximo Silva,-,5,126.0,,7,6/1,0.09598805288434896,19/2,10.42,0.16540753015460527,5/1,0.1914398341309514,4/1,US,2026-05-11,UK (base),horse_win_predictor.pkl,75,CL - Valparaiso Sporting Club (simulcast),19:00,Handicap 1100mtr,Handicap,Dirt,,,1100mtr,Unknown
Big Wallace (Arg),Rodolfo Fuenza,Braulio Gomez,-,8,126.0,,8,8/1,0.09037005684495379,10/1,11.07,0.15613270458158868,11/2,0.18079369748282675,9/2,US,2026-05-11,UK (base),horse_win_predictor.pkl,75,CL - Valparaiso Sporting Club (simulcast),19:00,Handicap 1100mtr,Handicap,Dirt,,,1100mtr,Unknown
Watakin (Chi),Israel Villagr,Juan Belzu Oli,-,4,126.0,,9,30/1,0.07641567958581096,12/1,13.09,0.13287673838521066,13/2,0.15404963543498554,11/2,US,2026-05-11,UK (base),horse_win_predictor.pkl,75,CL - Valparaiso Sporting Club (simulcast),19:00,Handicap 1100mtr,Handicap,Dirt,,,1100mtr,Unknown
Mipipo (Chi),Joaquin Herrer,Maximo Silva,-,5,126.0,,10,4/1,0.10610044575526027,17/2,9.43,0.18197495868789657,9/2,0.21042790103763517,4/1,US,2026-05-11,UK (base),horse_win_predictor.pkl,75,CL - Valparaiso Sporting Club (simulcast),19:00,Handicap 1100mtr,Handicap,Dirt,,,1100mtr,Unknown
Modelo Del Salto (Chi),Benjamin Sanch,Sergio Salazar,-,4,126.0,,11,10/1,0.08679496845624778,21/2,11.52,0.15020424998178916,11/2,0.17398273055386718,9/2,US,2026-05-11,UK (base),horse_win_predictor.pkl,75,CL - Valparaiso Sporting Club (simulcast),19:00,Handicap 1100mtr,Handicap,Dirt,,,1100mtr,Unknown
Tuyarak (Chi),Lesly Gonzalez,Eduardo Donoso,-,4,126.0,,1,4/1,0.1141043363423689,8/1,8.76,0.19497196575855807,4/1,0.225297326789629,7/2,US,2026-05-11,UK (base),horse_win_predictor.pkl,75,CL - Valparaiso Sporting Club (simulcast),19:30,Handicap 1000mtr,Handicap,Turf,,,1000mtr,Unknown
La Pela (Chi),Diego Carvacho,Juan Belzu Oli,-,5,126.0,,2,10/1,0.09428984985259192,19/2,10.61,0.162609269106486,5/1,0.18822905132669626,9/2,US,2026-05-11,UK (base),horse_win_predictor.pkl,75,CL - Valparaiso Sporting Club (simulcast),19:30,Handicap 1000mtr,Handicap,Turf,,,1000mtr,Unknown
Di Luna (Chi),Alejandro Maur,Maximo Silva,-,5,126.0,,3,30/1,0.08363690012690539,11/1,11.96,0.14495031537815933,6/1,0.16794284609737956,5/1,US,2026-05-11,UK (base),horse_win_predictor.pkl,75,CL - Valparaiso Sporting Club (simulcast),19:30,Handicap 1000mtr,Handicap,Turf,,,1000mtr,Unknown
Pazzelle (Chi),Benjamin Sanch,Victor Caballe,-,7,126.0,,4,3/2,0.15043089490696002,11/2,6.65,0.25267204751852096,3/1,0.2910124797478563,5/2,US,2026-05-11,UK (base),horse_win_predictor.pkl,75,CL - Valparaiso Sporting Club (simulcast),19:30,Handicap 1000mtr,Handicap,Turf,,,1000mtr,Unknown
Senor Seremi (Chi),Nelson Figuero,Enrique Laguna,-,9,126.0,,5,30/1,0.08363690012690539,11/1,11.96,0.14495031537815933,6/1,0.16794284609737956,5/1,US,2026-05-11,UK (base),horse_win_predictor.pkl,75,CL - Valparaiso Sporting Club (simulcast),19:30,Handicap 1000mtr,Handicap,Turf,,,1000mtr,Unknown
Wamray (Chi),Jose Villagran,Jose Leiva Lei,-,5,126.0,,6,10/1,0.09428984985259192,19/2,10.61,0.162609269106486,5/1,0.18822905132669626,9/2,US,2026-05-11,UK (base),horse_win_predictor.pkl,75,CL - Valparaiso Sporting Club (simulcast),19:30,Handicap 1000mtr,Handicap,Turf,,,1000mtr,Unknown
Trois Plumes (Chi),Gerald Rodrigu,Maximo Silva,-,4,126.0,,7,6/1,0.10372531960962858,17/2,9.64,0.17809842175483576,9/2,0.20598833505928846,4/1,US,2026-05-11,UK (base),horse_win_predictor.pkl,75,CL - Valparaiso Sporting Club (simulcast),19:30,Handicap 1000mtr,Handicap,Turf,,,1000mtr,Unknown
Gran Romano (Chi),Jorge Zuniga D,Wilfredo Manci,-,9,126.0,,8,10/1,0.09428984985259192,19/2,10.61,0.162609269106486,5/1,0.18822905132669626,9/2,US,2026-05-11,UK (base),horse_win_predictor.pkl,75,CL - Valparaiso Sporting Club (simulcast),19:30,Handicap 1000mtr,Handicap,Turf,,,1000mtr,Unknown
Yuliecita Crack (Chi),Nelson Rojas,Gabriel Reyes,-,4,126.0,,9,30/1,0.08363690012690539,11/1,11.96,0.14495031537815933,6/1,0.16794284609737956,5/1,US,2026-05-11,UK (base),horse_win_predictor.pkl,75,CL - Valparaiso Sporting Club (simulcast),19:30,Handicap 1000mtr,Handicap,Turf,,,1000mtr,Unknown
Rezagado (Chi),Guillermo Pere,Guillermo Pere,-,7,126.0,,10,8/1,0.09795919920255064,9/1,10.21,0.16864975479786715,5/1,0.19515871314611083,4/1,US,2026-05-11,UK (base),horse_win_predictor.pkl,75,CL - Valparaiso Sporting Club (simulcast),19:30,Handicap 1000mtr,Handicap,Turf,,,1000mtr,Unknown
Aunt Mercy (Chi),Ronald Fournet,Rafael Bernal,-,4,119.0,,1,10/1,0.09428984985259192,19/2,10.61,0.162609269106486,5/1,0.18822905132669626,9/2,US,2026-05-11,UK (base),horse_win_predictor.pkl,75,CL - Valparaiso Sporting Club (simulcast),20:00,Handicap 1000mtr,Handicap,Turf,,,1000mtr,Unknown
Alto Forever (Chi),Nelson Rojas,Gabriel Reyes,-,8,130.0,,2,4/1,0.1141043363423689,8/1,8.76,0.19497196575855807,4/1,0.225297326789629,7/2,US,2026-05-11,UK (base),horse_win_predictor.pkl,75,CL - Valparaiso Sporting Club (simulcast),20:00,Handicap 1000mtr,Handicap,Turf,,,1000mtr,Unknown
Jerusa (Chi),Israel Villagr,Victor Moris L,-,6,132.0,,3,6/1,0.10372531960962858,17/2,9.64,0.17809842175483576,9/2,0.20598833505928846,4/1,US,2026-05-11,UK (base),horse_win_predictor.pkl,75,CL - Valparaiso Sporting Club (simulcast),20:00,Handicap 1000mtr,Handicap,Turf,,,1000mtr,Unknown
King Octopus (Chi),Gerald Rodrigu,Gonzalo Vegas,-,4,130.0,,4,3/2,0.15043089490696002,11/2,6.65,0.25267204751852096,3/1,0.2910124797478563,5/2,US,2026-05-11,UK (base),horse_win_predictor.pkl,75,CL - Valparaiso Sporting Club (simulcast),20:00,Handicap 1000mtr,Handicap,Turf,,,1000mtr,Unknown
Guapa Portena (Chi),Alejandro Maur,Maximo Silva,-,4,126.0,,5,8/1,0.09795919920255064,9/1,10.21,0.16864975479786715,5/1,0.19515871314611083,4/1,US,2026-05-11,UK (base),horse_win_predictor.pkl,75,CL - Valparaiso Sporting Club (simulcast),20:00,Handicap 1000mtr,Handicap,Turf,,,1000mtr,Unknown
Poor Smell (Chi),Nelson Figuero,Maximo Silva,-,4,117.0,,6,10/1,0.09428984985259192,19/2,10.61,0.162609269106486,5/1,0.18822905132669626,9/2,US,2026-05-11,UK (base),horse_win_predictor.pkl,75,CL - Valparaiso Sporting Club (simulcast),20:00,Handicap 1000mtr,Handicap,Turf,,,1000mtr,Unknown
Ouro (Chi),Benjamin Sanch,Carlos Vasquez,-,7,126.0,,7,30/1,0.08363690012690539,11/1,11.96,0.14495031537815933,6/1,0.16794284609737956,5/1,US,2026-05-11,UK (base),horse_win_predictor.pkl,75,CL - Valparaiso Sporting Club (simulcast),20:00,Handicap 1000mtr,Handicap,Turf,,,1000mtr,Unknown
Oppa (Chi),Jorge Zuniga D,Wilfredo Manci,-,5,130.0,,8,10/1,0.09428984985259192,19/2,10.61,0.162609269106486,5/1,0.18822905132669626,9/2,US,2026-05-11,UK (base),horse_win_predictor.pkl,75,CL - Valparaiso Sporting Club (simulcast),20:00,Handicap 1000mtr,Handicap,Turf,,,1000mtr,Unknown
Tren De La Quinta (Chi),Rodolfo Fuenza,Wilfredo Manci,-,7,117.0,,9,30/1,0.08363690012690539,11/1,11.96,0.14495031537815933,6/1,0.16794284609737956,5/1,US,2026-05-11,UK (base),horse_win_predictor.pkl,75,CL - Valparaiso Sporting Club (simulcast),20:00,Handicap 1000mtr,Handicap,Turf,,,1000mtr,Unknown
La Tote (Chi),Jaime Mino Fic,William Ara,-,8,130.0,,10,30/1,0.08363690012690539,11/1,11.96,0.14495031537815933,6/1,0.16794284609737956,5/1,US,2026-05-11,UK (base),horse_win_predictor.pkl,75,CL - Valparaiso Sporting Club (simulcast),20:00,Handicap 1000mtr,Handicap,Turf,,,1000mtr,Unknown
Ley Franca (Chi),Gerald Rodrigu,Juan Baeza,-,3,121.0,,1,6/1,0.08973321030173532,10/1,11.14,0.15507813931827924,11/2,0.1795824876994832,9/2,US,2026-05-11,UK (base),horse_win_predictor.pkl,75,CL - Valparaiso Sporting Club (simulcast),20:30,Stakes 1200mtr,Stakes,Dirt,,,1200mtr,Unknown
Trabalains (Chi),Pedro Robles,Victor Moris L,-,3,126.0,,2,30/1,0.0704415492796033,13/1,14.2,0.12282517921135733,7/1,0.14246904043576508,6/1,US,2026-05-11,UK (base),horse_win_predictor.pkl,75,CL - Valparaiso Sporting Club (simulcast),20:30,Stakes 1200mtr,Stakes,Dirt,,,1200mtr,Unknown
Fafifo (Chi),Jorge Baeza,Maximo Silva,-,3,126.0,,3,12/1,0.07823241238469508,12/1,12.78,0.13592209401442795,13/2,0.15755572462557776,11/2,US,2026-05-11,UK (base),horse_win_predictor.pkl,75,CL - Valparaiso Sporting Club (simulcast),20:30,Stakes 1200mtr,Stakes,Dirt,,,1200mtr,Unknown
Cuando Vuelves (Chi),Nelson Rojas,Gabriel Reyes,-,3,121.0,,4,30/1,0.0704415492796033,13/1,14.2,0.12282517921135733,7/1,0.14246904043576508,6/1,US,2026-05-11,UK (base),horse_win_predictor.pkl,75,CL - Valparaiso Sporting Club (simulcast),20:30,Stakes 1200mtr,Stakes,Dirt,,,1200mtr,Unknown
La Fajita (Chi),Felipe Tapia,Carlos Vasquez,-,3,121.0,,5,30/1,0.0704415492796033,13/1,14.2,0.12282517921135733,7/1,0.14246904043576508,6/1,US,2026-05-11,UK (base),horse_win_predictor.pkl,75,CL - Valparaiso Sporting Club (simulcast),20:30,Stakes 1200mtr,Stakes,Dirt,,,1200mtr,Unknown
Naipur Raider (Chi),Rafael Cistern,Marco Pavez Oc,-,3,121.0,,6,4/1,0.09970056849650352,9/1,10.03,0.17150886060688553,5/1,0.1984369701482788,4/1,US,2026-05-11,UK (base),horse_win_predictor.pkl,75,CL - Valparaiso Sporting Club (simulcast),20:30,Stakes 1200mtr,Stakes,Dirt,,,1200mtr,Unknown
La Minions (Chi),Ronald Fournet,Maximo Silva,-,3,121.0,,7,30/1,0.0704415492796033,13/1,14.2,0.12282517921135733,7/1,0.14246904043576508,6/1,US,2026-05-11,UK (base),horse_win_predictor.pkl,75,CL - Valparaiso Sporting Club (simulcast),20:30,Stakes 1200mtr,Stakes,Dirt,,,1200mtr,Unknown
Lamotta (Chi),Benjamin Sanch,Ximeno Urenda,-,3,126.0,,8,10/1,0.08067197557921876,23/2,12.4,0.14000318192751052,6/1,0.16225238430811992,5/1,US,2026-05-11,UK (base),horse_win_predictor.pkl,75,CL - Valparaiso Sporting Club (simulcast),20:30,Stakes 1200mtr,Stakes,Dirt,,,1200mtr,Unknown
Zheng Shi (Chi),Rodolfo Fuenza,Marcos Contrer,-,3,121.0,,9,8/1,0.08419578908241965,11/1,11.88,0.14588127562898634,6/1,0.16901333308394884,5/1,US,2026-05-11,UK (base),horse_win_predictor.pkl,75,CL - Valparaiso Sporting Club (simulcast),20:30,Stakes 1200mtr,Stakes,Dirt,,,1200mtr,Unknown
El Lado Be (Chi),Jose Villagran,Maximo Silva,-,3,121.0,,10,30/1,0.0704415492796033,13/1,14.2,0.12282517921135733,7/1,0.14246904043576508,6/1,US,2026-05-11,UK (base),horse_win_predictor.pkl,75,CL - Valparaiso Sporting Club (simulcast),20:30,Stakes 1200mtr,Stakes,Dirt,,,1200mtr,Unknown
Flaca Dany (Chi),Joaquin Herrer,Maximo Silva,-,3,121.0,,11,3/2,0.13458632217819225,13/2,7.43,0.22776459742678432,7/2,0.26270645064500636,3/1,US,2026-05-11,UK (base),horse_win_predictor.pkl,75,CL - Valparaiso Sporting Club (simulcast),20:30,Stakes 1200mtr,Stakes,Dirt,,,1200mtr,Unknown
Pirata Bigoton (Chi),Alejandro Maur,Maximo Silva,-,3,126.0,,12,10/1,0.08067197557921876,23/2,12.4,0.14000318192751052,6/1,0.16225238430811992,5/1,US,2026-05-11,UK (base),horse_win_predictor.pkl,75,CL - Valparaiso Sporting Club (simulcast),20:30,Stakes 1200mtr,Stakes,Dirt,,,1200mtr,Unknown
Victory Queen (Chi),Jorge Baeza,Braulio Gomez,-,4,126.0,,1,10/1,0.11354304292634906,8/1,8.81,0.19406385918984853,4/1,0.22425916528866083,7/2,US,2026-05-11,UK (base),horse_win_predictor.pkl,75,CL - Valparaiso Sporting Club (simulcast),21:00,Maiden Special 1000mtr,Maiden Special,Turf,,,1000mtr,Unknown
Katie Melua (Chi),Rafael Cistern,Luis Valdivia,-,4,126.0,,2,6/1,0.12286922618585011,7/1,8.14,0.20908712973972254,4/1,0.2414188435724247,3/1,US,2026-05-11,UK (base),horse_win_predictor.pkl,75,CL - Valparaiso Sporting Club (simulcast),21:00,Maiden Special 1000mtr,Maiden Special,Turf,,,1000mtr,Unknown
Espera Un Poquito (Chi),Jose Villagran,Braulio Gomez,-,4,126.0,,3,4/1,0.13312802777130125,13/2,7.51,0.22545199256572118,7/2,0.2600734793636286,3/1,US,2026-05-11,UK (base),horse_win_predictor.pkl,75,CL - Valparaiso Sporting Club (simulcast),21:00,Maiden Special 1000mtr,Maiden Special,Turf,,,1000mtr,Unknown
La Luna De Todos (Chi),Joaquin Herrer,Marcos Contrer,-,4,126.0,,4,8/1,0.11716989197171057,15/2,8.53,0.19992277868134917,4/1,0.23095511119746365,7/2,US,2026-05-11,UK (base),horse_win_predictor.pkl,75,CL - Valparaiso Sporting Club (simulcast),21:00,Maiden Special 1000mtr,Maiden Special,Turf,,,1000mtr,Unknown
Sestri Levante (Chi),Felipe Tapia,Victor Moris L,-,4,126.0,,5,8/1,0.11716989197171057,15/2,8.53,0.19992277868134917,4/1,0.23095511119746365,7/2,US,2026-05-11,UK (base),horse_win_predictor.pkl,75,CL - Valparaiso Sporting Club (simulcast),21:00,Maiden Special 1000mtr,Maiden Special,Turf,,,1000mtr,Unknown
Videl (Chi),Benjamin Sanch,Sergio Salazar,-,4,126.0,,6,3/2,0.1690338333203803,5/1,5.92,0.28140295053109887,5/2,0.32354136948511836,2/1,US,2026-05-11,UK (base),horse_win_predictor.pkl,75,CL - Valparaiso Sporting Club (simulcast),21:00,Maiden Special 1000mtr,Maiden Special,Turf,,,1000mtr,Unknown
Sky Prize (Chi),Maximiliano Sa,Gabriel Reyes,-,4,126.0,,7,10/1,0.11354304292634906,8/1,8.81,0.19406385918984853,4/1,0.22425916528866083,7/2,US,2026-05-11,UK (base),horse_win_predictor.pkl,75,CL - Valparaiso Sporting Club (simulcast),21:00,Maiden Special 1000mtr,Maiden Special,Turf,,,1000mtr,Unknown
Guapa Quitena (Chi),Ronald Fournet,Maximo Silva,-,4,126.0,,8,10/1,0.11354304292634906,8/1,8.81,0.19406385918984853,4/1,0.22425916528866083,7/2,US,2026-05-11,UK (base),horse_win_predictor.pkl,75,CL - Valparaiso Sporting Club (simulcast),21:00,Maiden Special 1000mtr,Maiden Special,Turf,,,1000mtr,Unknown
Pegasus Fantasis (Chi),Guillermo Pere,Enrique Laguna,-,5,128.0,,1,4/1,0.1667649081442185,5/1,6.0,0.2779284069889136,5/2,0.31961471905567423,2/1,US,2026-05-11,UK (base),horse_win_predictor.pkl,75,CL - Valparaiso Sporting Club (simulcast),21:30,Handicap 1100mtr,Handicap,Dirt,,,1100mtr,Unknown
Parsifal (Chi),Rodolfo Fuenza,Victor Caballe,-,7,132.0,,2,6/1,0.15615482856862167,11/2,6.4,0.2615712270352825,3/1,0.3011023764602803,5/2,US,2026-05-11,UK (base),horse_win_predictor.pkl,75,CL - Valparaiso Sporting Club (simulcast),21:30,Handicap 1100mtr,Handicap,Dirt,,,1100mtr,Unknown
Doppler (Chi),Joaquin Herrer,Jose Araya Bah,-,7,132.0,,3,3/2,0.20390018665880735,4/1,4.9,0.33376010709025605,2/1,0.3824575772520493,3/2,US,2026-05-11,UK (base),horse_win_predictor.pkl,75,CL - Valparaiso Sporting Club (simulcast),21:30,Handicap 1100mtr,Handicap,Dirt,,,1100mtr,Unknown
El Gran Pirata (Chi),Alejandro Maur,Maximo Silva,-,7,130.0,,4,4/1,0.1667649081442185,5/1,6.0,0.2779284069889136,5/2,0.31961471905567423,2/1,US,2026-05-11,UK (base),horse_win_predictor.pkl,75,CL - Valparaiso Sporting Club (simulcast),21:30,Handicap 1100mtr,Handicap,Dirt,,,1100mtr,Unknown
Larrykane (Chi),Jaime Mino Fic,William Ara,-,7,128.0,,5,8/1,0.15026033991551233,11/2,6.66,0.25240607604670195,3/1,0.29071072709589807,5/2,US,2026-05-11,UK (base),horse_win_predictor.pkl,75,CL - Valparaiso Sporting Club (simulcast),21:30,Handicap 1100mtr,Handicap,Dirt,,,1100mtr,Unknown
Sol De Troya (Chi),Jorge Zuniga D,Gonzalo Vegas,-,5,121.0,,6,6/1,0.15615482856862167,11/2,6.4,0.2615712270352825,3/1,0.3011023764602803,5/2,US,2026-05-11,UK (base),horse_win_predictor.pkl,75,CL - Valparaiso Sporting Club (simulcast),21:30,Handicap 1100mtr,Handicap,Dirt,,,1100mtr,Unknown
Rojo Burgues (Chi),Nelson Rojas,Gabriel Reyes,-,6,123.0,,1,30/1,0.05388837296610292,35/2,18.56,0.0946759059462382,19/2,0.10997123081378893,8/1,US,2026-05-11,UK (base),horse_win_predictor.pkl,75,CL - Valparaiso Sporting Club (simulcast),22:00,Handicap 1100mtr,Handicap,Dirt,,,1100mtr,Unknown
Warrior Spirit (Chi),Diego Carvacho,Wilfredo Manci,-,7,128.0,,2,6/1,0.0719818421832177,13/1,13.89,0.1254222074465201,7/1,0.14546234442025852,6/1,US,2026-05-11,UK (base),horse_win_predictor.pkl,75,CL - Valparaiso Sporting Club (simulcast),22:00,Handicap 1100mtr,Handicap,Dirt,,,1100mtr,Unknown
Green Dress (Chi),Jonathan Casti,Sergio Morales,-,5,128.0,,3,8/1,0.06678834638941623,14/1,14.97,0.11665047693020311,15/2,0.13534877588299818,13/2,US,2026-05-11,UK (base),horse_win_predictor.pkl,75,CL - Valparaiso Sporting Club (simulcast),22:00,Handicap 1100mtr,Handicap,Dirt,,,1100mtr,Unknown
Dale Flaca (Chi),Alejandro Maur,Sergio Morales,-,4,126.0,,4,30/1,0.05388837296610292,35/2,18.56,0.0946759059462382,19/2,0.10997123081378893,8/1,US,2026-05-11,UK (base),horse_win_predictor.pkl,75,CL - Valparaiso Sporting Club (simulcast),22:00,Handicap 1100mtr,Handicap,Dirt,,,1100mtr,Unknown
La Banda Verde (Chi),Israel Villagr,Jorge Araneda,-,5,123.0,,5,30/1,0.05388837296610292,35/2,18.56,0.0946759059462382,19/2,0.10997123081378893,8/1,US,2026-05-11,UK (base),horse_win_predictor.pkl,75,CL - Valparaiso Sporting Club (simulcast),22:00,Handicap 1100mtr,Handicap,Dirt,,,1100mtr,Unknown
Teruka (Chi),Felipe Tapia,Victor Moris L,-,5,123.0,,6,30/1,0.05388837296610292,35/2,18.56,0.0946759059462382,19/2,0.10997123081378893,8/1,US,2026-05-11,UK (base),horse_win_predictor.pkl,75,CL - Valparaiso Sporting Club (simulcast),22:00,Handicap 1100mtr,Handicap,Dirt,,,1100mtr,Unknown
Luiverar (Chi),Lesly Gonzalez,Braulio Gomez,-,8,123.0,,7,30/1,0.05388837296610292,35/2,18.56,0.0946759059462382,19/2,0.10997123081378893,8/1,US,2026-05-11,UK (base),horse_win_predictor.pkl,75,CL - Valparaiso Sporting Club (simulcast),22:00,Handicap 1100mtr,Handicap,Dirt,,,1100mtr,Unknown
Insistentemente (Chi),Guillermo Pere,Carlos Vasquez,-,4,128.0,,8,10/1,0.0634833945206335,15/1,15.75,0.11104599703325037,8/1,0.1288819729754817,7/1,US,2026-05-11,UK (base),horse_win_predictor.pkl,75,CL - Valparaiso Sporting Club (simulcast),22:00,Handicap 1100mtr,Handicap,Dirt,,,1100mtr,Unknown
Guerrero Arabe (Chi),Nelson Figuero,Sergio Morales,-,4,121.0,,9,30/1,0.05388837296610292,35/2,18.56,0.0946759059462382,19/2,0.10997123081378893,8/1,US,2026-05-11,UK (base),horse_win_predictor.pkl,75,CL - Valparaiso Sporting Club (simulcast),22:00,Handicap 1100mtr,Handicap,Dirt,,,1100mtr,Unknown
Gipsy Vanner (Chi),Jorge Baeza,Braulio Gomez,-,6,126.0,,10,30/1,0.05388837296610292,35/2,18.56,0.0946759059462382,19/2,0.10997123081378893,8/1,US,2026-05-11,UK (base),horse_win_predictor.pkl,75,CL - Valparaiso Sporting Club (simulcast),22:00,Handicap 1100mtr,Handicap,Dirt,,,1100mtr,Unknown
El Renacido (Chi),Jorge Zuniga D,Wilfredo Manci,-,5,123.0,,11,30/1,0.05388837296610292,35/2,18.56,0.0946759059462382,19/2,0.10997123081378893,8/1,US,2026-05-11,UK (base),horse_win_predictor.pkl,75,CL - Valparaiso Sporting Club (simulcast),22:00,Handicap 1100mtr,Handicap,Dirt,,,1100mtr,Unknown
Mala Memoria (Chi),Ronald Fournet,Jose Araya Bah,-,7,128.0,,12,10/1,0.0634833945206335,15/1,15.75,0.11104599703325037,8/1,0.1288819729754817,7/1,US,2026-05-11,UK (base),horse_win_predictor.pkl,75,CL - Valparaiso Sporting Club (simulcast),22:00,Handicap 1100mtr,Handicap,Dirt,,,1100mtr,Unknown
Vincero (Chi),Joaquin Herrer,Rafael Bernal,-,4,121.0,,13,4/1,0.08133013461206035,23/2,12.3,0.14110256966489593,6/1,0.16351723280970928,5/1,US,2026-05-11,UK (base),horse_win_predictor.pkl,75,CL - Valparaiso Sporting Club (simulcast),22:00,Handicap 1100mtr,Handicap,Dirt,,,1100mtr,Unknown
Merengon (Chi),Jose Villagran,Victor Moris L,-,5,123.0,,14,30/1,0.05388837296610292,35/2,18.56,0.0946759059462382,19/2,0.10997123081378893,8/1,US,2026-05-11,UK (base),horse_win_predictor.pkl,75,CL - Valparaiso Sporting Club (simulcast),22:00,Handicap 1100mtr,Handicap,Dirt,,,1100mtr,Unknown
Le Peintre (Arg),Gerald Rodrigu,Juan Garcia Ve,-,7,128.0,,15,3/2,0.11404915811300957,8/1,8.77,0.19488271623038822,4/1,0.22519530052440523,7/2,US,2026-05-11,UK (base),horse_win_predictor.pkl,75,CL - Valparaiso Sporting Club (simulcast),22:00,Handicap 1100mtr,Handicap,Dirt,,,1100mtr,Unknown
Bapkiza (Chi),Sebastian Mari,Juan Belzu Oli,-,6,123.0,,16,30/1,0.05388837296610292,35/2,18.56,0.0946759059462382,19/2,0.10997123081378893,8/1,US,2026-05-11,UK (base),horse_win_predictor.pkl,75,CL - Valparaiso Sporting Club (simulcast),22:00,Handicap 1100mtr,Handicap,Dirt,,,1100mtr,Unknown
La Tia Elena (Chi),Tomas Seith,Victor Caballe,-,5,126.0,,1,30/1,0.08363690012690539,11/1,11.96,0.14495031537815933,6/1,0.16794284609737956,5/1,US,2026-05-11,UK (base),horse_win_predictor.pkl,75,CL - Valparaiso Sporting Club (simulcast),22:30,Handicap 1100mtr,Handicap,Dirt,,,1100mtr,Unknown
El Palomo (Chi),Alejandro Maur,Jorge Araneda,-,5,130.0,,2,4/1,0.1141043363423689,8/1,8.76,0.19497196575855807,4/1,0.225297326789629,7/2,US,2026-05-11,UK (base),horse_win_predictor.pkl,75,CL - Valparaiso Sporting Club (simulcast),22:30,Handicap 1100mtr,Handicap,Dirt,,,1100mtr,Unknown
Golden East (Chi),Israel Villagr,Carlos Vasquez,-,7,130.0,,3,10/1,0.09428984985259192,19/2,10.61,0.162609269106486,5/1,0.18822905132669626,9/2,US,2026-05-11,UK (base),horse_win_predictor.pkl,75,CL - Valparaiso Sporting Club (simulcast),22:30,Handicap 1100mtr,Handicap,Dirt,,,1100mtr,Unknown
Kapu (Chi),Benjamin Sanch,Gonzalo Vegas,-,5,130.0,,4,6/1,0.10372531960962858,17/2,9.64,0.17809842175483576,9/2,0.20598833505928846,4/1,US,2026-05-11,UK (base),horse_win_predictor.pkl,75,CL - Valparaiso Sporting Club (simulcast),22:30,Handicap 1100mtr,Handicap,Dirt,,,1100mtr,Unknown
Punta Itata (Chi),Jonathan Casti,Maximo Silva,-,5,128.0,,5,10/1,0.09428984985259192,19/2,10.61,0.162609269106486,5/1,0.18822905132669626,9/2,US,2026-05-11,UK (base),horse_win_predictor.pkl,75,CL - Valparaiso Sporting Club (simulcast),22:30,Handicap 1100mtr,Handicap,Dirt,,,1100mtr,Unknown
Calochita (Chi),Nelson Rojas,Gabriel Reyes,-,6,123.0,,6,10/1,0.09428984985259192,19/2,10.61,0.162609269106486,5/1,0.18822905132669626,9/2,US,2026-05-11,UK (base),horse_win_predictor.pkl,75,CL - Valparaiso Sporting Club (simulcast),22:30,Handicap 1100mtr,Handicap,Dirt,,,1100mtr,Unknown
Gli Amici (Chi),Joaquin Herrer,Rafael Bernal,-,4,128.0,,7,3/2,0.15043089490696002,11/2,6.65,0.25267204751852096,3/1,0.2910124797478563,5/2,US,2026-05-11,UK (base),horse_win_predictor.pkl,75,CL - Valparaiso Sporting Club (simulcast),22:30,Handicap 1100mtr,Handicap,Dirt,,,1100mtr,Unknown
Aneu (Chi),Gerald Rodrigu,Juan Garcia Ve,-,5,130.0,,8,8/1,0.09795919920255064,9/1,10.21,0.16864975479786715,5/1,0.19515871314611083,4/1,US,2026-05-11,UK (base),horse_win_predictor.pkl,75,CL - Valparaiso Sporting Club (simulcast),22:30,Handicap 1100mtr,Handicap,Dirt,,,1100mtr,Unknown
Roy Para Un Poco (Chi),Diego Carvacho,Wilfredo Manci,-,6,119.0,,9,30/1,0.08363690012690539,11/1,11.96,0.14495031537815933,6/1,0.16794284609737956,5/1,US,2026-05-11,UK (base),horse_win_predictor.pkl,75,CL - Valparaiso Sporting Club (simulcast),22:30,Handicap 1100mtr,Handicap,Dirt,,,1100mtr,Unknown
Soul Queen (Chi),Juan Soto Vega,Victor Caballe,-,6,130.0,,10,30/1,0.08363690012690539,11/1,11.96,0.14495031537815933,6/1,0.16794284609737956,5/1,US,2026-05-11,UK (base),horse_win_predictor.pkl,75,CL - Valparaiso Sporting Club (simulcast),22:30,Handicap 1100mtr,Handicap,Dirt,,,1100mtr,Unknown
Lobelius (Chi),Jorge Zuniga D,Maximo Silva,-,10,123.0,,1,10/1,0.08679496845624778,21/2,11.52,0.15020424998178916,11/2,0.17398273055386718,9/2,US,2026-05-11,UK (base),horse_win_predictor.pkl,75,CL - Valparaiso Sporting Club (simulcast),23:00,Handicap 1100mtr,Handicap,Dirt,,,1100mtr,Unknown
Lucky Storm (Chi),Felipe Tapia,Victor Moris L,-,7,128.0,,2,4/1,0.10610044575526027,17/2,9.43,0.18197495868789657,9/2,0.21042790103763517,4/1,US,2026-05-11,UK (base),horse_win_predictor.pkl,75,CL - Valparaiso Sporting Club (simulcast),23:00,Handicap 1100mtr,Handicap,Dirt,,,1100mtr,Unknown
Gran Cafrune (Chi),Tomas Seith,Victor Caballe,-,7,128.0,,3,30/1,0.07641567958581096,12/1,13.09,0.13287673838521066,13/2,0.15404963543498554,11/2,US,2026-05-11,UK (base),horse_win_predictor.pkl,75,CL - Valparaiso Sporting Club (simulcast),23:00,Handicap 1100mtr,Handicap,Dirt,,,1100mtr,Unknown
Araukan (Chi),Gerald Rodrigu,Gabriel Reyes,-,4,126.0,,4,3/2,0.14149382080344985,6/1,7.07,0.23867247638576272,3/1,0.27511447222913005,5/2,US,2026-05-11,UK (base),horse_win_predictor.pkl,75,CL - Valparaiso Sporting Club (simulcast),23:00,Handicap 1100mtr,Handicap,Dirt,,,1100mtr,Unknown
Gran Samcredo (Chi),Israel Villagr,Carlos Vasquez,-,4,123.0,,5,10/1,0.08679496845624778,21/2,11.52,0.15020424998178916,11/2,0.17398273055386718,9/2,US,2026-05-11,UK (base),horse_win_predictor.pkl,75,CL - Valparaiso Sporting Club (simulcast),23:00,Handicap 1100mtr,Handicap,Dirt,,,1100mtr,Unknown
Rubio Alocado (Chi),Rodolfo Fuenza,Jorge Araneda,-,8,123.0,,6,6/1,0.09598805288434896,19/2,10.42,0.16540753015460527,5/1,0.1914398341309514,4/1,US,2026-05-11,UK (base),horse_win_predictor.pkl,75,CL - Valparaiso Sporting Club (simulcast),23:00,Handicap 1100mtr,Handicap,Dirt,,,1100mtr,Unknown
La Libertina (Chi),Sebastian Mari,Jorge Araneda,-,5,123.0,,7,30/1,0.07641567958581096,12/1,13.09,0.13287673838521066,13/2,0.15404963543498554,11/2,US,2026-05-11,UK (base),horse_win_predictor.pkl,75,CL - Valparaiso Sporting Club (simulcast),23:00,Handicap 1100mtr,Handicap,Dirt,,,1100mtr,Unknown
Gran Verraco (Chi),Guillermo Pere,Gabriel Reyes,-,8,128.0,,8,10/1,0.08679496845624778,21/2,11.52,0.15020424998178916,11/2,0.17398273055386718,9/2,US,2026-05-11,UK (base),horse_win_predictor.pkl,75,CL - Valparaiso Sporting Club (simulcast),23:00,Handicap 1100mtr,Handicap,Dirt,,,1100mtr,Unknown
Stevietoo (Chi),Lesly Gonzalez,Braulio Gomez,-,6,123.0,,9,8/1,0.09037005684495379,10/1,11.07,0.15613270458158868,11/2,0.18079369748282675,9/2,US,2026-05-11,UK (base),horse_win_predictor.pkl,75,CL - Valparaiso Sporting Club (simulcast),23:00,Handicap 1100mtr,Handicap,Dirt,,,1100mtr,Unknown
Graciosa Cozette (Chi),Jose Villagran,Victor Moris L,-,4,126.0,,10,30/1,0.07641567958581096,12/1,13.09,0.13287673838521066,13/2,0.15404963543498554,11/2,US,2026-05-11,UK (base),horse_win_predictor.pkl,75,CL - Valparaiso Sporting Club (simulcast),23:00,Handicap 1100mtr,Handicap,Dirt,,,1100mtr,Unknown
Tanytus (Chi),Benjamin Sanch,Victor Caballe,-,5,126.0,,11,30/1,0.07641567958581096,12/1,13.09,0.13287673838521066,13/2,0.15404963543498554,11/2,US,2026-05-11,UK (base),horse_win_predictor.pkl,75,CL - Valparaiso Sporting Club (simulcast),23:00,Handicap 1100mtr,Handicap,Dirt,,,1100mtr,Unknown
He's Webster,"Thompson, Jaso","Copeland, Vinc",-,3,0.0,,1,20/1,0.10579671311182565,17/2,9.45,0.1814797279970734,9/2,0.20986085857904133,4/1,US,2026-05-11,UK (base),horse_win_predictor.pkl,75,Harrington Raceway,20:30,Pace 1m,Pace,Dirt,,8.0,1m,Classic
Silver N Gold,"Deaton, Tim","Pressel, Kayla",-,4,0.0,,2,5/1,0.1272329403358342,7/1,7.86,0.21606871571930003,7/2,0.2493821314880997,3/1,US,2026-05-11,UK (base),horse_win_predictor.pkl,75,Harrington Raceway,20:30,Pace 1m,Pace,Dirt,,8.0,1m,Classic
Earn My Bet,"Morgan, Anthon","Crissman, Tim",-,3,0.0,,3,8/1,0.11722936763129689,15/2,8.53,0.2000186820281474,4/1,0.23106467492696633,7/2,US,2026-05-11,UK (base),horse_win_predictor.pkl,75,Harrington Raceway,20:30,Pace 1m,Pace,Dirt,,8.0,1m,Classic
Angler Hanover,"Stafford, Art","Stafford, Andr",-,3,0.0,,4,3/2,0.16924794569489104,5/1,5.91,0.28173040855325127,5/2,0.32391133212513634,2/1,US,2026-05-11,UK (base),horse_win_predictor.pkl,75,Harrington Raceway,20:30,Pace 1m,Pace,Dirt,,8.0,1m,Classic
Wiggle Babe,"Griffith, Shan","Short, Ronald",-,3,0.0,,5,9/1,0.11522865309038943,15/2,8.68,0.19678946156828075,4/1,0.22737476474749,7/2,US,2026-05-11,UK (base),horse_win_predictor.pkl,75,Harrington Raceway,20:30,Pace 1m,Pace,Dirt,,8.0,1m,Classic
Perfect Stu,"Cole, Mike","Columbo, Josep",-,3,0.0,,6,8/1,0.11722936763129689,15/2,8.53,0.2000186820281474,4/1,0.23106467492696633,7/2,US,2026-05-11,UK (base),horse_win_predictor.pkl,75,Harrington Raceway,20:30,Pace 1m,Pace,Dirt,,8.0,1m,Classic
Rayvista,"Dalious, Barto","Givens, Wayne",-,3,0.0,,7,20/1,0.10579671311182565,17/2,9.45,0.1814797279970734,9/2,0.20986085857904133,4/1,US,2026-05-11,UK (base),horse_win_predictor.pkl,75,Harrington Raceway,20:30,Pace 1m,Pace,Dirt,,8.0,1m,Classic
Stonebridge Bluff,"Lynch, Jason","Lynch, Jason",-,3,0.0,,8,3/1,0.1422382993926402,6/1,7.03,0.2398435518554641,3/1,0.2764455215290231,5/2,US,2026-05-11,UK (base),horse_win_predictor.pkl,75,Harrington Raceway,20:30,Pace 1m,Pace,Dirt,,8.0,1m,Classic
Panther's Pinot,"Still, Rick","Bier, Jenny",-,9,0.0,,1,9/2,0.12866523176742156,7/1,7.77,0.2183536236887474,7/2,0.2519867706592446,3/1,US,2026-05-11,UK (base),horse_win_predictor.pkl,75,Harrington Raceway,20:48,Pace 1m,Pace,Dirt,,8.0,1m,Classic
Dancinat Midland,"Foster, Russel","Foster, Arty I",-,11,0.0,,2,3/1,0.14045636034687128,6/1,7.12,0.2370390572948562,3/1,0.27325756865035056,5/2,US,2026-05-11,UK (base),horse_win_predictor.pkl,75,Harrington Raceway,20:48,Pace 1m,Pace,Dirt,,8.0,1m,Classic
Aiden Station,"Green, Jason","Ratledge, Nico",-,4,0.0,,3,7/1,0.11883929128454677,15/2,8.41,0.20261250258977354,4/1,0.23402745682923357,7/2,US,2026-05-11,UK (base),horse_win_predictor.pkl,75,Harrington Raceway,20:48,Pace 1m,Pace,Dirt,,8.0,1m,Classic
Delightful End,"Lynch, Jason","Lynch, Jason",-,4,0.0,,4,7/2,0.1356525672219103,13/2,7.37,0.22945332580432262,7/2,0.2646286102727272,3/1,US,2026-05-11,UK (base),horse_win_predictor.pkl,75,Harrington Raceway,20:48,Pace 1m,Pace,Dirt,,8.0,1m,Classic
Coxcomb,"Stafford, Art","Crissman, Chuc",-,8,0.0,,5,5/2,0.14663266579324974,6/1,6.82,0.24673788748574166,3/1,0.2842773456204261,5/2,US,2026-05-11,UK (base),horse_win_predictor.pkl,75,Harrington Raceway,20:48,Pace 1m,Pace,Dirt,,8.0,1m,Classic
Sir John B,"Morgan, Anthon","Crissman, Tim",-,5,0.0,,6,7/1,0.11883929128454677,15/2,8.41,0.20261250258977354,4/1,0.23402745682923357,7/2,US,2026-05-11,UK (base),horse_win_predictor.pkl,75,Harrington Raceway,20:48,Pace 1m,Pace,Dirt,,8.0,1m,Classic
Badlands N Wine,"Cole, Mike","Columbo, Josep",-,7,0.0,,7,20/1,0.1054572961507268,17/2,9.48,0.18092614002217056,9/2,0.20922695647396197,4/1,US,2026-05-11,UK (base),horse_win_predictor.pkl,75,Harrington Raceway,20:48,Pace 1m,Pace,Dirt,,8.0,1m,Classic
Lucky Ramsey,"Thompson, Jaso","Copeland, Vinc",-,8,0.0,,8,20/1,0.1054572961507268,17/2,9.48,0.18092614002217056,9/2,0.20922695647396197,4/1,US,2026-05-11,UK (base),horse_win_predictor.pkl,75,Harrington Raceway,20:48,Pace 1m,Pace,Dirt,,8.0,1m,Classic
Welcometotheshow,"Thompson, Jaso","Ell, Eric",-,4,0.0,,1,9/2,0.12969304921359714,13/2,7.71,0.21999125897301844,7/2,0.2538530876328014,3/1,US,2026-05-11,UK (base),horse_win_predictor.pkl,75,Harrington Raceway,21:06,Pace 1m,Pace,Dirt,,8.0,1m,Classic
Airborne Spark,"Callahan, Core","Gannon, Edwin",-,4,0.0,,2,7/1,0.11954591577879249,15/2,8.36,0.20374966761831437,4/1,0.23532607455813506,3/1,US,2026-05-11,UK (base),horse_win_predictor.pkl,75,Harrington Raceway,21:06,Pace 1m,Pace,Dirt,,8.0,1m,Classic
Manwiththeplan,"Stafford, Art",Johnson-Staffo,-,4,0.0,,3,5/1,0.1269871469643159,7/1,7.87,0.2156762761404592,7/2,0.24893469958151293,3/1,US,2026-05-11,UK (base),horse_win_predictor.pkl,75,Harrington Raceway,21:06,Pace 1m,Pace,Dirt,,8.0,1m,Classic
Slugger On Deck,"Davis, Allan","King, Jim Jr",-,3,0.0,,4,5/2,0.14824780749438282,11/2,6.75,0.24926412354837582,3/1,0.2871452420686232,5/2,US,2026-05-11,UK (base),horse_win_predictor.pkl,75,Harrington Raceway,21:06,Pace 1m,Pace,Dirt,,8.0,1m,Classic
Hurrikane Miki,"Cole, Mike","Columbo, Josep",-,5,0.0,,5,7/1,0.11954591577879249,15/2,8.36,0.20374966761831437,4/1,0.23532607455813506,3/1,US,2026-05-11,UK (base),horse_win_predictor.pkl,75,Harrington Raceway,21:06,Pace 1m,Pace,Dirt,,8.0,1m,Classic
Hypebeast,"Morgan, Anthon","Crissman, Tim",-,5,0.0,,6,15/1,0.10838406900050736,8/1,9.23,0.18569363907042785,9/2,0.21468472784664805,7/2,US,2026-05-11,UK (base),horse_win_predictor.pkl,75,Harrington Raceway,21:06,Pace 1m,Pace,Dirt,,8.0,1m,Classic
Mr Three O Five,"Teague, Montre","Glassmeyer, A",-,5,0.0,,7,3/1,0.14186960933536275,6/1,7.05,0.2392637079612782,3/1,0.2757864949459965,5/2,US,2026-05-11,UK (base),horse_win_predictor.pkl,75,Harrington Raceway,21:06,Pace 1m,Pace,Dirt,,8.0,1m,Classic
Shore Not Beach,"Skinner, Ryder","Berry, Traci",-,4,0.0,,8,20/1,0.10572648643424899,17/2,9.46,0.18136520363466302,9/2,0.20972972258481828,4/1,US,2026-05-11,UK (base),horse_win_predictor.pkl,75,Harrington Raceway,21:06,Pace 1m,Pace,Dirt,,8.0,1m,Classic
Sweet Angel Boy,"Morgan, Anthon","Glassmeyer, A",-,8,0.0,,1,7/5,0.1723010137011919,5/1,5.8,0.2863917132041788,5/2,0.32917572551779883,2/1,US,2026-05-11,UK (base),horse_win_predictor.pkl,75,Harrington Raceway,21:24,Pace 1m,Pace,Dirt,,8.0,1m,Classic
Madewrite,"Beyer, Troy","Johnson, Jason",-,4,0.0,,2,5/1,0.12725373881381008,7/1,7.86,0.21610191863118344,7/2,0.24941998606269844,3/1,US,2026-05-11,UK (base),horse_win_predictor.pkl,75,Harrington Raceway,21:24,Pace 1m,Pace,Dirt,,8.0,1m,Classic
Hes A Ladies Man,"Poliseno, Cody","Gray, Brooks",-,7,0.0,,3,8/1,0.1172432332832808,15/2,8.53,0.2000410393093312,4/1,0.23109021656910012,7/2,US,2026-05-11,UK (base),horse_win_predictor.pkl,75,Harrington Raceway,21:24,Pace 1m,Pace,Dirt,,8.0,1m,Classic
Zip Time,"Horsey, Ceba","Horsey, Ceba",-,4,0.0,,4,20/1,0.10580265553410446,17/2,9.45,0.18148941842693334,9/2,0.20987195451174417,4/1,US,2026-05-11,UK (base),horse_win_predictor.pkl,75,Harrington Raceway,21:24,Pace 1m,Pace,Dirt,,8.0,1m,Classic
Bodega Bay,"Callahan, Core","Ewing, Gary",-,11,0.0,,5,5/1,0.12725373881381008,7/1,7.86,0.21610191863118344,7/2,0.24941998606269844,3/1,US,2026-05-11,UK (base),horse_win_predictor.pkl,75,Harrington Raceway,21:24,Pace 1m,Pace,Dirt,,8.0,1m,Classic
Teton Sunset,"Cole, Mike","Columbo, Josep",-,9,0.0,,6,20/1,0.10580265553410446,17/2,9.45,0.18148941842693334,9/2,0.20987195451174417,4/1,US,2026-05-11,UK (base),horse_win_predictor.pkl,75,Harrington Raceway,21:24,Pace 1m,Pace,Dirt,,8.0,1m,Classic
Herb,"Givens, Brando","Bradley, Vince",-,5,0.0,,7,12/1,0.11108292218757047,8/1,9.0,0.19007772745624302,9/2,0.2197007794319952,7/2,US,2026-05-11,UK (base),horse_win_predictor.pkl,75,Harrington Raceway,21:24,Pace 1m,Pace,Dirt,,8.0,1m,Classic
Flash Move,"Thompson, Jaso","Hundertpfund,",-,6,0.0,,8,4/1,0.13326004213212767,13/2,7.5,0.22566148477458464,7/2,0.260312025765506,3/1,US,2026-05-11,UK (base),horse_win_predictor.pkl,75,Harrington Raceway,21:24,Pace 1m,Pace,Dirt,,8.0,1m,Classic
Portugal The Man,"Foster, Russel","Kimelman, Mich",-,4,0.0,,1,7/5,0.1728815391266753,5/1,5.78,0.287276349171369,5/2,0.33017440293812916,2/1,US,2026-05-11,UK (base),horse_win_predictor.pkl,75,Harrington Raceway,21:42,Pace 1m,Pace,Dirt,,8.0,1m,Classic
Master Ofthe House,"Dalious, Barto","Gannon, Laura",-,4,0.0,,2,20/1,0.10586900129701686,17/2,9.45,0.18159760598612817,9/2,0.20999583274454492,4/1,US,2026-05-11,UK (base),horse_win_predictor.pkl,75,Harrington Raceway,21:42,Pace 1m,Pace,Dirt,,8.0,1m,Classic
The Dragon Reborn,"Davis, Allan","Davis, Tyler",-,5,0.0,,3,3/1,0.14261781236489407,6/1,7.01,0.24044018993381083,3/1,0.2771235815221546,5/2,US,2026-05-11,UK (base),horse_win_predictor.pkl,75,Harrington Raceway,21:42,Pace 1m,Pace,Dirt,,8.0,1m,Classic
Aloha Blue Chip,"Cole, Mike","Columbo, Josep",-,3,0.0,,4,5/1,0.12748594898400345,7/1,7.84,0.21647257442052467,7/2,0.24984255895922014,3/1,US,2026-05-11,UK (base),horse_win_predictor.pkl,75,Harrington Raceway,21:42,Pace 1m,Pace,Dirt,,8.0,1m,Classic
Do What U Do,"Callahan, Core","Johnson, Jason",-,4,0.0,,5,20/1,0.10586900129701686,17/2,9.45,0.18159760598612817,9/2,0.20999583274454492,4/1,US,2026-05-11,UK (base),horse_win_predictor.pkl,75,Harrington Raceway,21:42,Pace 1m,Pace,Dirt,,8.0,1m,Classic
Hunt Me Up,"Stafford, Art","Stafford, Andr",-,4,0.0,,6,4/1,0.1335386943363597,13/2,7.49,0.2261035834973997,7/2,0.2608154169327897,3/1,US,2026-05-11,UK (base),horse_win_predictor.pkl,75,Harrington Raceway,21:42,Pace 1m,Pace,Dirt,,8.0,1m,Classic
Shifty Hill,"Beyer, Troy","Harmon, Orvill",-,4,0.0,,7,20/1,0.10586900129701686,17/2,9.45,0.18159760598612817,9/2,0.20999583274454492,4/1,US,2026-05-11,UK (base),horse_win_predictor.pkl,75,Harrington Raceway,21:42,Pace 1m,Pace,Dirt,,8.0,1m,Classic
Cheezwiz,"Thompson, Jaso","Gray, Brooks",-,4,0.0,,8,20/1,0.10586900129701686,17/2,9.45,0.18159760598612817,9/2,0.20999583274454492,4/1,US,2026-05-11,UK (base),horse_win_predictor.pkl,75,Harrington Raceway,21:42,Pace 1m,Pace,Dirt,,8.0,1m,Classic
Armada Hanover,"Givens, Brando","Givens, Wayne",-,5,0.0,,1,9/2,0.1300283147822691,13/2,7.69,0.22052507649199088,7/2,0.2544613621331365,3/1,US,2026-05-11,UK (base),horse_win_predictor.pkl,75,Harrington Raceway,22:00,Pace 1m,Pace,Dirt,,8.0,1m,Classic
Wager On Me,"Cole, Mike","Columbo, Josep",-,10,0.0,,2,20/1,0.10581429408318688,17/2,9.45,0.18150839748387787,9/2,0.20989368625913699,4/1,US,2026-05-11,UK (base),horse_win_predictor.pkl,75,Harrington Raceway,22:00,Pace 1m,Pace,Dirt,,8.0,1m,Classic
Hundred Dollar Man,"Teague, Montre","Francis, Clyde",-,5,0.0,,3,2/1,0.15736672524897483,11/2,6.35,0.26344867647568565,3/1,0.3032294081857022,5/2,US,2026-05-11,UK (base),horse_win_predictor.pkl,75,Harrington Raceway,22:00,Pace 1m,Pace,Dirt,,8.0,1m,Classic
My Miki Beach,"Beyer, Troy","Bailey, Ryan",-,7,0.0,,4,9/2,0.1300283147822691,13/2,7.69,0.22052507649199088,7/2,0.2544613621331365,3/1,US,2026-05-11,UK (base),horse_win_predictor.pkl,75,Harrington Raceway,22:00,Pace 1m,Pace,Dirt,,8.0,1m,Classic
T Dog,"Foster, Russel","Kimelman, Mich",-,6,0.0,,5,10/1,0.11362526850224566,8/1,8.8,0.19419692199027627,4/1,0.22441129204828775,7/2,US,2026-05-11,UK (base),horse_win_predictor.pkl,75,Harrington Raceway,22:00,Pace 1m,Pace,Dirt,,8.0,1m,Classic
Steven's Saloon,"Thompson, Jaso","Hundertpfund,",-,5,0.0,,6,9/2,0.1300283147822691,13/2,7.69,0.22052507649199088,7/2,0.2544613621331365,3/1,US,2026-05-11,UK (base),horse_win_predictor.pkl,75,Harrington Raceway,22:00,Pace 1m,Pace,Dirt,,8.0,1m,Classic
J M Mandamin,"Wolfenden, Ros","Dixon, John",-,10,0.0,,7,20/1,0.10581429408318688,17/2,9.45,0.18150839748387787,9/2,0.20989368625913699,4/1,US,2026-05-11,UK (base),horse_win_predictor.pkl,75,Harrington Raceway,22:00,Pace 1m,Pace,Dirt,,8.0,1m,Classic
Wehadababyetzaboy,"Stafford, Art","Crissman, Chuc",-,7,0.0,,8,5/1,0.12729447373559852,7/1,7.86,0.21616694628917896,7/2,0.2494941234967716,3/1,US,2026-05-11,UK (base),horse_win_predictor.pkl,75,Harrington Raceway,22:00,Pace 1m,Pace,Dirt,,8.0,1m,Classic
Iheartmum,"Davis, Eric","Davis, Janet",-,3,0.0,,1,6/1,0.12341737611875137,7/1,8.1,0.2099657980313226,4/1,0.24242145624853678,3/1,US,2026-05-11,UK (base),horse_win_predictor.pkl,75,Harrington Raceway,22:18,Pace 1m,Pace,Dirt,,8.0,1m,Classic
He's Peeping,"Thompson, Jaso","King, Jim Jr",-,3,0.0,,2,3/1,0.14306374154114823,6/1,6.99,0.24114094745906486,3/1,0.27791989967828357,5/2,US,2026-05-11,UK (base),horse_win_predictor.pkl,75,Harrington Raceway,22:18,Pace 1m,Pace,Dirt,,8.0,1m,Classic
Hickock,"Givens, Brando","Givens, Wayne",-,3,0.0,,3,5/1,0.12778323510150622,7/1,7.83,0.21694697904430574,7/2,0.25038338302285557,3/1,US,2026-05-11,UK (base),horse_win_predictor.pkl,75,Harrington Raceway,22:18,Pace 1m,Pace,Dirt,,8.0,1m,Classic
Freddie Hill,"Stafford, Art","Bailey, Ryan",-,4,0.0,,4,9/1,0.11555882994979262,15/2,8.65,0.19732281936613466,4/1,0.2279843153972629,7/2,US,2026-05-11,UK (base),horse_win_predictor.pkl,75,Harrington Raceway,22:18,Pace 1m,Pace,Dirt,,8.0,1m,Classic
Always Has Been,"Morgan, Anthon","Reynolds, Will",-,3,0.0,,5,9/5,0.16271010696354507,5/1,6.15,0.2716985294079105,5/2,0.31256918782454757,2/1,US,2026-05-11,UK (base),horse_win_predictor.pkl,75,Harrington Raceway,22:18,Pace 1m,Pace,Dirt,,8.0,1m,Classic
Boomerang Cowboy,"Cole, Mike","Short, Robert",-,5,0.0,,6,20/1,0.10595394018773194,17/2,9.44,0.18173610238487312,9/2,0.21015441320880104,4/1,US,2026-05-11,UK (base),horse_win_predictor.pkl,75,Harrington Raceway,22:18,Pace 1m,Pace,Dirt,,8.0,1m,Classic
Wheelhouse Hanover,"Beyer, Troy","Johnson, Jason",-,4,0.0,,7,20/1,0.10595394018773194,17/2,9.44,0.18173610238487312,9/2,0.21015441320880104,4/1,US,2026-05-11,UK (base),horse_win_predictor.pkl,75,Harrington Raceway,22:18,Pace 1m,Pace,Dirt,,8.0,1m,Classic
More Medhurst,"Foster, Russel","Millman, Ronal",-,4,0.0,,8,9/1,0.11555882994979262,15/2,8.65,0.19732281936613466,4/1,0.2279843153972629,7/2,US,2026-05-11,UK (base),horse_win_predictor.pkl,75,Harrington Raceway,22:18,Pace 1m,Pace,Dirt,,8.0,1m,Classic
Rockmyster N,"Green, Jason","Munson, Daniel",-,8,0.0,,1,20/1,0.1059441941197848,17/2,9.44,0.18172021160146012,9/2,0.21013621815708836,4/1,US,2026-05-11,UK (base),horse_win_predictor.pkl,75,Harrington Raceway,22:36,Pace 1m,Pace,Dirt,,8.0,1m,Classic
Imoutthedoor,"Scicluna, Chri","Rash, Kristyan",-,8,0.0,,2,8/1,0.11757348998320157,15/2,8.51,0.20057346153229882,4/1,0.23169845086321028,7/2,US,2026-05-11,UK (base),horse_win_predictor.pkl,75,Harrington Raceway,22:36,Pace 1m,Pace,Dirt,,8.0,1m,Classic
Chip In Blue,"Stafford, Art","Ell, Eric",-,5,0.0,,3,8/5,0.16766891831791997,5/1,5.96,0.2793137600363349,5/2,0.3211805756807405,2/1,US,2026-05-11,UK (base),horse_win_predictor.pkl,75,Harrington Raceway,22:36,Pace 1m,Pace,Dirt,,8.0,1m,Classic
World Beater,"Morgan, Anthon","Crissman, Tim",-,4,0.0,,4,9/2,0.13052429674018842,13/2,7.66,0.22131446050072257,7/2,0.2553607719109229,3/1,US,2026-05-11,UK (base),horse_win_predictor.pkl,75,Harrington Raceway,22:36,Pace 1m,Pace,Dirt,,8.0,1m,Classic
Metallica,"Thompson, Jaso","Hundertpfund,",-,8,0.0,,5,6/1,0.12338813791490993,7/1,8.1,0.2099189421843508,4/1,0.24236799378539114,3/1,US,2026-05-11,UK (base),horse_win_predictor.pkl,75,Harrington Raceway,22:36,Pace 1m,Pace,Dirt,,8.0,1m,Classic
Sprocket,"Davis, Allan","Davis, Tyler",-,11,0.0,,6,3/1,0.14301257468442574,6/1,6.99,0.24106055721767158,3/1,0.2778285506676388,5/2,US,2026-05-11,UK (base),horse_win_predictor.pkl,75,Harrington Raceway,22:36,Pace 1m,Pace,Dirt,,8.0,1m,Classic
Lous Sassin,"Foster, Russel","Foster, Arty I",-,7,0.0,,7,20/1,0.1059441941197848,17/2,9.44,0.18172021160146012,9/2,0.21013621815708836,4/1,US,2026-05-11,UK (base),horse_win_predictor.pkl,75,Harrington Raceway,22:36,Pace 1m,Pace,Dirt,,8.0,1m,Classic
Defiant Character,"Porter, Trae","Marsh, Jeffrey",-,4,0.0,,8,20/1,0.1059441941197848,17/2,9.44,0.18172021160146012,9/2,0.21013621815708836,4/1,US,2026-05-11,UK (base),horse_win_predictor.pkl,75,Harrington Raceway,22:36,Pace 1m,Pace,Dirt,,8.0,1m,Classic
Asteroid Ccl,"Morgan, Anthon","Marsh, Harry J",-,5,0.0,,1,9/2,0.13028138700149666,13/2,7.68,0.220927904763467,7/2,0.25492034892420584,3/1,US,2026-05-11,UK (base),horse_win_predictor.pkl,75,Harrington Raceway,22:54,Pace 1m,Pace,Dirt,,8.0,1m,Classic
Imahungrybaker,"Foster, Russel","Polk, George J",-,5,0.0,,2,15/1,0.10858631011509781,8/1,9.21,0.1860225688116463,9/2,0.21506116582285198,7/2,US,2026-05-11,UK (base),horse_win_predictor.pkl,75,Harrington Raceway,22:54,Pace 1m,Pace,Dirt,,8.0,1m,Classic
Clouseau,"Dalious, W Bar","Dalious, W Bar",-,3,0.0,,3,12/1,0.11120879193653065,8/1,8.99,0.19028190916256912,9/2,0.21993432812233354,7/2,US,2026-05-11,UK (base),horse_win_predictor.pkl,75,Harrington Raceway,22:54,Pace 1m,Pace,Dirt,,8.0,1m,Classic
Commander Crunch,"Skinner, Ryder","Skinner, Jason",-,3,0.0,,4,9/2,0.13028138700149666,13/2,7.68,0.220927904763467,7/2,0.25492034892420584,3/1,US,2026-05-11,UK (base),horse_win_predictor.pkl,75,Harrington Raceway,22:54,Pace 1m,Pace,Dirt,,8.0,1m,Classic
Good Lookin,"Givens, Brando","Bright, Willia",-,3,0.0,,5,5/1,0.12752645660322381,7/1,7.84,0.21653722417878374,7/2,0.2499162620196187,3/1,US,2026-05-11,UK (base),horse_win_predictor.pkl,75,Harrington Raceway,22:54,Pace 1m,Pace,Dirt,,8.0,1m,Classic
Prime Hanover,"Green, Jason","Ratledge, Nico",-,3,0.0,,6,10/1,0.11375180461185945,8/1,8.79,0.19440166985938329,4/1,0.22464536932720472,7/2,US,2026-05-11,UK (base),horse_win_predictor.pkl,75,Harrington Raceway,22:54,Pace 1m,Pace,Dirt,,8.0,1m,Classic
Ricky Hill,"Cole, Mike","Columbo, Josep",-,4,0.0,,7,12/1,0.11120879193653065,8/1,8.99,0.19028190916256912,9/2,0.21993432812233354,7/2,US,2026-05-11,UK (base),horse_win_predictor.pkl,75,Harrington Raceway,22:54,Pace 1m,Pace,Dirt,,8.0,1m,Classic
Cris P Bacon,"Stafford, Art",Johnson-Staffo,-,3,0.0,,8,8/5,0.16715507079376432,5/1,5.98,0.2785264732751211,5/2,0.3202907492056299,2/1,US,2026-05-11,UK (base),horse_win_predictor.pkl,75,Harrington Raceway,22:54,Pace 1m,Pace,Dirt,,8.0,1m,Classic
Uncle Dd,"Givens, Brando","Bradley, Vince",-,6,0.0,,1,5/2,0.1482589048378522,11/2,6.74,0.24928146641715854,3/1,0.2871649270093984,5/2,US,2026-05-11,UK (base),horse_win_predictor.pkl,75,Harrington Raceway,23:12,Pace 1m,Pace,Dirt,,8.0,1m,Classic
Blood Feud,"Davis, Allan","Davis, Tyler",-,8,0.0,,2,5/2,0.1482589048378522,11/2,6.74,0.24928146641715854,3/1,0.2871649270093984,5/2,US,2026-05-11,UK (base),horse_win_predictor.pkl,75,Harrington Raceway,23:12,Pace 1m,Pace,Dirt,,8.0,1m,Classic
Hurrikane Georgie,"Stafford, Art","Hanley, Erica",-,8,0.0,,3,9/5,0.1610180754917597,5/1,6.21,0.2690910793771114,5/2,0.3096184558341183,2/1,US,2026-05-11,UK (base),horse_win_predictor.pkl,75,Harrington Raceway,23:12,Pace 1m,Pace,Dirt,,8.0,1m,Classic
Kerford Road A,"Horsey, Ceba","Horsey, Ceba",-,12,0.0,,4,20/1,0.10572833599149388,17/2,9.46,0.1813682199594648,9/2,0.2097331764474539,4/1,US,2026-05-11,UK (base),horse_win_predictor.pkl,75,Harrington Raceway,23:12,Pace 1m,Pace,Dirt,,8.0,1m,Classic
The Candyman Can,"Morgan, Anthon","Ewing, Gary",-,9,0.0,,5,20/1,0.10572833599149388,17/2,9.46,0.1813682199594648,9/2,0.2097331764474539,4/1,US,2026-05-11,UK (base),horse_win_predictor.pkl,75,Harrington Raceway,23:12,Pace 1m,Pace,Dirt,,8.0,1m,Classic
Topville Somrocket,"Beyer, Troy","Johnson, Jason",-,7,0.0,,6,20/1,0.10572833599149388,17/2,9.46,0.1813682199594648,9/2,0.2097331764474539,4/1,US,2026-05-11,UK (base),horse_win_predictor.pkl,75,Harrington Raceway,23:12,Pace 1m,Pace,Dirt,,8.0,1m,Classic
Ds Heartland,"Thompson, Jaso","Hundertpfund,",-,7,0.0,,7,7/1,0.11955077086656034,15/2,8.36,0.20375747810797756,4/1,0.23533499332350902,3/1,US,2026-05-11,UK (base),horse_win_predictor.pkl,75,Harrington Raceway,23:12,Pace 1m,Pace,Dirt,,8.0,1m,Classic
Under Contract,"Cole, Mike","Columbo, Josep",-,8,0.0,,8,20/1,0.10572833599149388,17/2,9.46,0.1813682199594648,9/2,0.2097331764474539,4/1,US,2026-05-11,UK (base),horse_win_predictor.pkl,75,Harrington Raceway,23:12,Pace 1m,Pace,Dirt,,8.0,1m,Classic
Brookview Dice,"Thompson, Jaso","Kirby, Tom",-,6,0.0,,1,5/1,0.12748594898400345,7/1,7.84,0.21647257442052467,7/2,0.24984255895922014,3/1,US,2026-05-11,UK (base),horse_win_predictor.pkl,75,Harrington Raceway,23:30,Pace 1m,Pace,Dirt,,8.0,1m,Classic
Jersey Beach,"Rearic, David","Rearic, David",-,5,0.0,,2,4/1,0.1335386943363597,13/2,7.49,0.2261035834973997,7/2,0.2608154169327897,3/1,US,2026-05-11,UK (base),horse_win_predictor.pkl,75,Harrington Raceway,23:30,Pace 1m,Pace,Dirt,,8.0,1m,Classic
Salazar Hanover,"Givens, Brando","Givens, Les",-,4,0.0,,3,3/1,0.14261781236489407,6/1,7.01,0.24044018993381083,3/1,0.2771235815221546,5/2,US,2026-05-11,UK (base),horse_win_predictor.pkl,75,Harrington Raceway,23:30,Pace 1m,Pace,Dirt,,8.0,1m,Classic
Hotchkiss,"Stafford, Art","Stafford, Andr",-,4,0.0,,4,7/5,0.1728815391266753,5/1,5.78,0.287276349171369,5/2,0.33017440293812916,2/1,US,2026-05-11,UK (base),horse_win_predictor.pkl,75,Harrington Raceway,23:30,Pace 1m,Pace,Dirt,,8.0,1m,Classic
Up To Mama,"Davis, Allan","Dennis, Darryl",-,4,0.0,,5,20/1,0.10586900129701686,17/2,9.45,0.18159760598612817,9/2,0.20999583274454492,4/1,US,2026-05-11,UK (base),horse_win_predictor.pkl,75,Harrington Raceway,23:30,Pace 1m,Pace,Dirt,,8.0,1m,Classic
Cavalli Island,"Wolfenden, Ros","Wolfenden, Ros",-,5,0.0,,6,20/1,0.10586900129701686,17/2,9.45,0.18159760598612817,9/2,0.20999583274454492,4/1,US,2026-05-11,UK (base),horse_win_predictor.pkl,75,Harrington Raceway,23:30,Pace 1m,Pace,Dirt,,8.0,1m,Classic
Don't Say Maybe,"Porter, Trae","Truitt, Bryan",-,4,0.0,,7,20/1,0.10586900129701686,17/2,9.45,0.18159760598612817,9/2,0.20999583274454492,4/1,US,2026-05-11,UK (base),horse_win_predictor.pkl,75,Harrington Raceway,23:30,Pace 1m,Pace,Dirt,,8.0,1m,Classic
Southwind Iron,"Green, Jason","Sullivan, Jami",-,3,0.0,,8,20/1,0.10586900129701686,17/2,9.45,0.18159760598612817,9/2,0.20999583274454492,4/1,US,2026-05-11,UK (base),horse_win_predictor.pkl,75,Harrington Raceway,23:30,Pace 1m,Pace,Dirt,,8.0,1m,Classic
Southwind Pharoah,"Cole, Mike","Columbo, Josep",-,7,0.0,,1,10/1,0.11403903903903904,8/1,8.77,0.1948663483303123,4/1,0.22517658931453977,7/2,US,2026-05-11,UK (base),horse_win_predictor.pkl,75,Harrington Raceway,23:48,Pace 1m,Pace,Dirt,,8.0,1m,Classic
Art Scaping,"Thompson, Jaso","Hundertpfund,",-,8,0.0,,2,5/1,0.12805305305305306,7/1,7.81,0.2173774279785291,7/2,0.2508740685755826,3/1,US,2026-05-11,UK (base),horse_win_predictor.pkl,75,Harrington Raceway,23:48,Pace 1m,Pace,Dirt,,8.0,1m,Classic
Iwannabewithyou,"Stafford, Art","Crissman, Chuc",-,7,0.0,,3,9/5,0.1632882882882883,5/1,6.12,0.27258846684522364,5/2,0.3135760338040744,2/1,US,2026-05-11,UK (base),horse_win_predictor.pkl,75,Harrington Raceway,23:48,Pace 1m,Pace,Dirt,,8.0,1m,Classic
Primary Colors,"Teague, Montre","Gara, Molly",-,8,0.0,,4,6/1,0.12364864864864865,7/1,8.09,0.210336376917458,4/1,0.2428442750182615,3/1,US,2026-05-11,UK (base),horse_win_predictor.pkl,75,Harrington Raceway,23:48,Pace 1m,Pace,Dirt,,8.0,1m,Classic
Top Genius,"Wolfenden, Ros","Dixon, John",-,7,0.0,,5,20/1,0.10603103103103102,17/2,9.43,0.18186179222265308,9/2,0.21029832766951134,4/1,US,2026-05-11,UK (base),horse_win_predictor.pkl,75,Harrington Raceway,23:48,Pace 1m,Pace,Dirt,,8.0,1m,Classic
On The Cards N,"Foster, Russel","Reynolds, Will",-,11,0.0,,6,20/1,0.10603103103103102,17/2,9.43,0.18186179222265308,9/2,0.21029832766951134,4/1,US,2026-05-11,UK (base),horse_win_predictor.pkl,75,Harrington Raceway,23:48,Pace 1m,Pace,Dirt,,8.0,1m,Classic
Forward Look,"Davis, Allan","Davis, Brendan",-,6,0.0,,7,9/2,0.13085585585585585,13/2,7.64,0.22184193653112572,7/2,0.2559617167843519,3/1,US,2026-05-11,UK (base),horse_win_predictor.pkl,75,Harrington Raceway,23:48,Pace 1m,Pace,Dirt,,8.0,1m,Classic
Stunners Wish,"Morgan, Anthon","Crissman, Tim",-,8,0.0,,8,5/1,0.12805305305305306,7/1,7.81,0.2173774279785291,7/2,0.2508740685755826,3/1,US,2026-05-11,UK (base),horse_win_predictor.pkl,75,Harrington Raceway,23:48,Pace 1m,Pace,Dirt,,8.0,1m,Classic
Think Big,"Cole, Mike","Short, Robert",-,5,0.0,,1,20/1,0.10570152519979913,17/2,9.46,0.1813244954159874,9/2,0.20968310924705802,4/1,US,2026-05-11,UK (base),horse_win_predictor.pkl,75,Harrington Raceway,00:06,Pace 1m,Pace,Dirt,,8.0,1m,Classic
Ragnar,"Morgan, Anthon","Murray, Brando",-,6,0.0,,2,6/1,0.12266013115495296,7/1,8.15,0.20875182985895513,4/1,0.24103621687295593,3/1,US,2026-05-11,UK (base),horse_win_predictor.pkl,75,Harrington Raceway,00:06,Pace 1m,Pace,Dirt,,8.0,1m,Classic
Arette,"Davis, Allan","King, Jim Jr",-,3,0.0,,3,2/1,0.1565773430652606,11/2,6.39,0.2622260460283681,3/1,0.30184430963953335,5/2,US,2026-05-11,UK (base),horse_win_predictor.pkl,75,Harrington Raceway,00:06,Pace 1m,Pace,Dirt,,8.0,1m,Classic
K D's Song,"Teague, Montre","Francis, Clyde",-,3,0.0,,4,8/5,0.16570890011803574,5/1,6.03,0.276308468549801,5/2,0.317783306711713,2/1,US,2026-05-11,UK (base),horse_win_predictor.pkl,75,Harrington Raceway,00:06,Pace 1m,Pace,Dirt,,8.0,1m,Classic
Roman Raider,"Dalious, Barto","Givens, Wayne",-,3,0.0,,5,9/2,0.12959774268206134,13/2,7.72,0.2198394769010818,7/2,0.2536801272332145,3/1,US,2026-05-11,UK (base),horse_win_predictor.pkl,75,Harrington Raceway,00:06,Pace 1m,Pace,Dirt,,8.0,1m,Classic
Sweetnfast,"Beyer, Troy","Johnson, Jason",-,3,0.0,,6,20/1,0.10570152519979913,17/2,9.46,0.1813244954159874,9/2,0.20968310924705802,4/1,US,2026-05-11,UK (base),horse_win_predictor.pkl,75,Harrington Raceway,00:06,Pace 1m,Pace,Dirt,,8.0,1m,Classic
Fastest Road,"Stafford, Art","Jarman, Roy",-,4,0.0,,7,20/1,0.10570152519979913,17/2,9.46,0.1813244954159874,9/2,0.20968310924705802,4/1,US,2026-05-11,UK (base),horse_win_predictor.pkl,75,Harrington Raceway,00:06,Pace 1m,Pace,Dirt,,8.0,1m,Classic
Speaksoftlytome,"Foster, Russel","Hundertpfund,",-,3,0.0,,8,15/1,0.10835130738029192,8/1,9.23,0.18564034863571066,9/2,0.21462373910649268,7/2,US,2026-05-11,UK (base),horse_win_predictor.pkl,75,Harrington Raceway,00:06,Pace 1m,Pace,Dirt,,8.0,1m,Classic
Master Rigger,"Dalious, Barto","Dalious, W Bar",-,7,0.0,,1,7/2,0.13789457047260145,13/2,7.25,0.23299829679802403,7/2,0.2686621941700575,5/2,US,2026-05-11,UK (base),horse_win_predictor.pkl,75,Harrington Raceway,00:24,Pace 1m,Pace,Dirt,,8.0,1m,Classic
Ats Hanover,"Thompson, Jaso","Hundertpfund,",-,7,0.0,,2,5/1,0.12772648341000664,7/1,7.83,0.2168564264865826,7/2,0.25028015514029855,3/1,US,2026-05-11,UK (base),horse_win_predictor.pkl,75,Harrington Raceway,00:24,Pace 1m,Pace,Dirt,,8.0,1m,Classic
Proper One,"Poliseno, Cody","Poliseno, Carl",-,12,0.0,,3,15/1,0.10866132016764138,8/1,9.2,0.18614455030129476,9/2,0.21520076160141477,7/2,US,2026-05-11,UK (base),horse_win_predictor.pkl,75,Harrington Raceway,00:24,Pace 1m,Pace,Dirt,,8.0,1m,Classic
Tyson Hanover,"Foster, Russel","Reynolds, Will",-,5,0.0,,4,5/1,0.12772648341000664,7/1,7.83,0.2168564264865826,7/2,0.25028015514029855,3/1,US,2026-05-11,UK (base),horse_win_predictor.pkl,75,Harrington Raceway,00:24,Pace 1m,Pace,Dirt,,8.0,1m,Classic
Saulsbrook Genesis,"Callahan, Core","Johnson, Jason",-,8,0.0,,5,5/1,0.12772648341000664,7/1,7.83,0.2168564264865826,7/2,0.25028015514029855,3/1,US,2026-05-11,UK (base),horse_win_predictor.pkl,75,Harrington Raceway,00:24,Pace 1m,Pace,Dirt,,8.0,1m,Classic
Back Pocket Miki,"Cole, Mike","Columbo, Josep",-,6,0.0,,6,20/1,0.10593772541873206,17/2,9.44,0.18170966442020198,9/2,0.2101241415457532,4/1,US,2026-05-11,UK (base),horse_win_predictor.pkl,75,Harrington Raceway,00:24,Pace 1m,Pace,Dirt,,8.0,1m,Classic
Joker On Jack,"Davis, Allan","Ell, Eric",-,6,0.0,,7,4/1,0.13382733564756355,13/2,7.47,0.2265613995523939,7/2,0.2613366735167053,3/1,US,2026-05-11,UK (base),horse_win_predictor.pkl,75,Harrington Raceway,00:24,Pace 1m,Pace,Dirt,,8.0,1m,Classic
Rocknroll Lou,"Morgan, Anthon","Glassmeyer, A",-,5,0.0,,8,9/2,0.1304995980634416,13/2,7.66,0.22127516043841905,7/2,0.25531599632903557,3/1,US,2026-05-11,UK (base),horse_win_predictor.pkl,75,Harrington Raceway,00:24,Pace 1m,Pace,Dirt,,8.0,1m,Classic
Sir Charles Of Sky,"Beyer, Troy","Johnson, Jason",-,8,0.0,,1,5/1,0.12788363264710176,7/1,7.82,0.21710715996556806,7/2,0.2505659827099929,3/1,US,2026-05-11,UK (base),horse_win_predictor.pkl,75,Harrington Raceway,00:42,Pace 1m,Pace,Dirt,,8.0,1m,Classic
Live Love Lindy,"Lynch, A Toby","Lynch, A Toby",-,6,0.0,,2,7/2,0.13810410278872828,6/1,7.24,0.2333291904540472,7/2,0.2690385983285418,5/2,US,2026-05-11,UK (base),horse_win_predictor.pkl,75,Harrington Raceway,00:42,Pace 1m,Pace,Dirt,,8.0,1m,Classic
Adam Twelve,"Callahan, Core","Callahan, Nich",-,6,0.0,,3,2/1,0.1585450430719813,11/2,6.31,0.2652718529834093,3/1,0.30529440670019475,5/2,US,2026-05-11,UK (base),horse_win_predictor.pkl,75,Harrington Raceway,00:42,Pace 1m,Pace,Dirt,,8.0,1m,Classic
Balder Son,"Cole, Mike","Columbo, Josep",-,10,0.0,,4,4/1,0.1340159147320777,13/2,7.46,0.22686043419655944,7/2,0.2616771289957401,3/1,US,2026-05-11,UK (base),horse_win_predictor.pkl,75,Harrington Raceway,00:42,Pace 1m,Pace,Dirt,,8.0,1m,Classic
D Day Hill,"Davis, Allan","Marsh, Harry J",-,10,0.0,,5,20/1,0.10598262520075924,17/2,9.44,0.18178287188581094,9/2,0.21020796439270534,4/1,US,2026-05-11,UK (base),horse_win_predictor.pkl,75,Harrington Raceway,00:42,Pace 1m,Pace,Dirt,,8.0,1m,Classic
Brazen Brazilian,"Foster, Russel","Kimelman, Mich",-,9,0.0,,6,6/1,0.12350343115783326,7/1,8.1,0.21010369807789375,4/1,0.24257879817291644,3/1,US,2026-05-11,UK (base),horse_win_predictor.pkl,75,Harrington Raceway,00:42,Pace 1m,Pace,Dirt,,8.0,1m,Classic
Girldad,"Thompson, Jaso","Cook, S. Dale",-,6,0.0,,7,20/1,0.10598262520075924,17/2,9.44,0.18178287188581094,9/2,0.21020796439270534,4/1,US,2026-05-11,UK (base),horse_win_predictor.pkl,75,Harrington Raceway,00:42,Pace 1m,Pace,Dirt,,8.0,1m,Classic
Double Metal,"Poliseno, Cody","Poliseno, Carl",-,8,0.0,,8,20/1,0.10598262520075924,17/2,9.44,0.18178287188581094,9/2,0.21020796439270534,4/1,US,2026-05-11,UK (base),horse_win_predictor.pkl,75,Harrington Raceway,00:42,Pace 1m,Pace,Dirt,,8.0,1m,Classic
Hunted Prayer,Gutierrez Jose R,Haran John,-,3,115.0,,1,5/1,0.10842792214883744,8/1,9.22,0.18576496842669593,9/2,0.21476636078089284,7/2,US,2026-05-11,UK (base),horse_win_predictor.pkl,75,Horseshoe Indianapolis,18:10,Maiden Special Weight 6f,Maiden Special Weight,Dirt,,6.0,6f,Sprint
Powerful Justice,De La Cruz Fernando,Klopp Randy L,-,3,120.0,,2,10/1,0.09449603834381032,19/2,10.58,0.16294926800871867,5/1,0.1886192291330593,9/2,US,2026-05-11,UK (base),horse_win_predictor.pkl,75,Horseshoe Indianapolis,18:10,Maiden Special Weight 6f,Maiden Special Weight,Dirt,,6.0,6f,Sprint
Unbridled Valor,Romero Joseph M,Garcia Israel J,-,3,115.0,,3,20/1,0.08653496188379482,21/2,11.56,0.14977229168824682,11/2,0.17348629036491633,5/1,US,2026-05-11,UK (base),horse_win_predictor.pkl,75,Horseshoe Indianapolis,18:10,Maiden Special Weight 6f,Maiden Special Weight,Dirt,,6.0,6f,Sprint
It's My Song,Prescott Rodney A,Duran Antonio,-,3,120.0,,4,12/1,0.0919239982567284,10/1,10.88,0.1587031796977087,11/2,0.1837453727380763,9/2,US,2026-05-11,UK (base),horse_win_predictor.pkl,75,Horseshoe Indianapolis,18:10,Maiden Special Weight 6f,Maiden Special Weight,Dirt,,6.0,6f,Sprint
Mitchell's Joy,Sanjur Santo,Haran John,-,3,120.0,,5,6/1,0.10404933009582891,17/2,9.61,0.17862778369777943,9/2,0.20659470379851086,4/1,US,2026-05-11,UK (base),horse_win_predictor.pkl,75,Horseshoe Indianapolis,18:10,Maiden Special Weight 6f,Maiden Special Weight,Dirt,,6.0,6f,Sprint
Up N Up,Bermudez Samuel E,Lauer Michael E,-,4,124.0,,6,6/1,0.10404933009582891,17/2,9.61,0.17862778369777943,9/2,0.20659470379851086,4/1,US,2026-05-11,UK (base),horse_win_predictor.pkl,75,Horseshoe Indianapolis,18:10,Maiden Special Weight 6f,Maiden Special Weight,Dirt,,6.0,6f,Sprint
Maximum Justice,"Pedroza, Jr. Marcelino",Garcia Genaro,-,3,120.0,,7,9/2,0.11121429890984286,8/1,8.99,0.19029084181211087,9/2,0.21994454540046135,7/2,US,2026-05-11,UK (base),horse_win_predictor.pkl,75,Horseshoe Indianapolis,18:10,Maiden Special Weight 6f,Maiden Special Weight,Dirt,,6.0,6f,Sprint
Rioja Alta,Morales Joshua,Cunningham Anthony F,-,3,120.0,,8,4/1,0.11455795102304937,15/2,8.73,0.19570549252740937,4/1,0.22613582059154438,7/2,US,2026-05-11,UK (base),horse_win_predictor.pkl,75,Horseshoe Indianapolis,18:10,Maiden Special Weight 6f,Maiden Special Weight,Dirt,,6.0,6f,Sprint
Ta Ta Today Junior,Murrill Mitchell,Eggleston Tim,-,3,120.0,,9,8/1,0.09821120735848422,9/1,10.18,0.16906382024462266,5/1,0.19563355007692457,4/1,US,2026-05-11,UK (base),horse_win_predictor.pkl,75,Horseshoe Indianapolis,18:10,Maiden Special Weight 6f,Maiden Special Weight,Dirt,,6.0,6f,Sprint
Rich Lover,Ramos Joseph D,Riley Donna,-,3,120.0,,10,20/1,0.08653496188379482,21/2,11.56,0.14977229168824682,11/2,0.17348629036491633,5/1,US,2026-05-11,UK (base),horse_win_predictor.pkl,75,Horseshoe Indianapolis,18:10,Maiden Special Weight 6f,Maiden Special Weight,Dirt,,6.0,6f,Sprint
C C's Gift,"Pedroza, Jr. Marcelino",Garcia Genaro,-,2,116.0,,1,4/1,0.16630284508477042,5/1,6.01,0.2772198121259554,5/2,0.3188136747663998,2/1,US,2026-05-11,UK (base),horse_win_predictor.pkl,75,Horseshoe Indianapolis,18:41,Maiden Claiming 5f,Maiden Claiming,Dirt,,5.0,5f,Sprint
Fizzypopberrytwist,Sheehy Danny,Mcentee Paul,-,2,119.0,,2,3/1,0.17547114894855562,9/2,5.7,0.29121596881673917,5/2,0.334620276267308,2/1,US,2026-05-11,UK (base),horse_win_predictor.pkl,75,Horseshoe Indianapolis,18:41,Maiden Claiming 5f,Maiden Claiming,Dirt,,5.0,5f,Sprint
Baytown Sassy,Bealmear Joseph C,Mcentee Paul,-,2,119.0,,3,6/1,0.15582478352615875,11/2,6.42,0.2610595198183064,3/1,0.30052254592786176,5/2,US,2026-05-11,UK (base),horse_win_predictor.pkl,75,Horseshoe Indianapolis,18:41,Maiden Claiming 5f,Maiden Claiming,Dirt,,5.0,5f,Sprint
Pioneer Sky,Gutierrez Jose R,Garcia Israel J,-,2,111.0,,4,7/2,0.1703776468020083,5/1,5.87,0.283456930219783,5/2,0.3258616615014485,2/1,US,2026-05-11,UK (base),horse_win_predictor.pkl,75,Horseshoe Indianapolis,18:41,Maiden Claiming 5f,Maiden Claiming,Dirt,,5.0,5f,Sprint
Techwerkian,Sanjur Santo,Hernandez Rey,-,2,119.0,,5,5/2,0.1820199374226879,9/2,5.49,0.30113088126535087,5/2,0.34579748520634945,2/1,US,2026-05-11,UK (base),horse_win_predictor.pkl,75,Horseshoe Indianapolis,18:41,Maiden Claiming 5f,Maiden Claiming,Dirt,,5.0,5f,Sprint
Mesdemon,Roman Constantino,Torres Marcelino,-,2,119.0,,6,8/1,0.15000363821581894,11/2,6.67,0.2520056756060883,3/1,0.29025643962743924,5/2,US,2026-05-11,UK (base),horse_win_predictor.pkl,75,Horseshoe Indianapolis,18:41,Maiden Claiming 5f,Maiden Claiming,Dirt,,5.0,5f,Sprint
Inflammabelle,Sanjur Santo,Labra Rogelio,-,5,122.0,,1,12/1,0.11118811687267242,8/1,8.99,0.1902483725038575,9/2,0.21989596836555192,7/2,US,2026-05-11,UK (base),horse_win_predictor.pkl,75,Horseshoe Indianapolis,19:12,Allowance 6f,Allowance,Dirt,,6.0,6f,Sprint
Juanita Mychiquita,Burgos Alberto,Labra Rogelio,-,3,118.0,,2,15/1,0.10856951162571302,8/1,9.21,0.18599524984256677,9/2,0.21502990167388691,7/2,US,2026-05-11,UK (base),horse_win_predictor.pkl,75,Horseshoe Indianapolis,19:12,Allowance 6f,Allowance,Dirt,,6.0,6f,Sprint
Fancy Fascinator,Pauly Summer,"Moger, Jr. Ed",-,5,117.0,,3,5/2,0.1490955452096087,11/2,6.71,0.2505883960962153,3/1,0.28864821517869277,5/2,US,2026-05-11,UK (base),horse_win_predictor.pkl,75,Horseshoe Indianapolis,19:12,Allowance 6f,Allowance,Dirt,,6.0,6f,Sprint
Fat Chance,Murrill Mitchell,Eggleston Tim,-,4,119.0,,4,4/1,0.13353354831339276,13/2,7.49,0.22609542014397482,7/2,0.26080612208044307,3/1,US,2026-05-11,UK (base),horse_win_predictor.pkl,75,Horseshoe Indianapolis,19:12,Allowance 6f,Allowance,Dirt,,6.0,6f,Sprint
Spirited Justice,Contreras Luis,Medina Tomas,-,3,115.0,,5,6/1,0.12315888371591546,7/1,8.12,0.20955150217812754,4/1,0.24194873410145706,3/1,US,2026-05-11,UK (base),horse_win_predictor.pkl,75,Horseshoe Indianapolis,19:12,Allowance 6f,Allowance,Dirt,,6.0,6f,Sprint
Campaign Promises,Mendoza Amir,Garcia Genaro,-,4,117.0,,6,10/1,0.11372737044548156,8/1,8.79,0.1943621349711118,4/1,0.22460017166822313,7/2,US,2026-05-11,UK (base),horse_win_predictor.pkl,75,Horseshoe Indianapolis,19:12,Allowance 6f,Allowance,Dirt,,6.0,6f,Sprint
Devil Of Paradis,Roman Constantino,Evans Ii Michael,-,5,122.0,,7,6/1,0.12315888371591546,7/1,8.12,0.20955150217812754,4/1,0.24194873410145706,3/1,US,2026-05-11,UK (base),horse_win_predictor.pkl,75,Horseshoe Indianapolis,19:12,Allowance 6f,Allowance,Dirt,,6.0,6f,Sprint
Patty Van Twinkle,"Pedroza, Jr. Marcelino",Garcia Genaro,-,6,122.0,,8,7/2,0.13756814010130058,13/2,7.27,0.23248265764559622,7/2,0.26807560172470707,5/2,US,2026-05-11,UK (base),horse_win_predictor.pkl,75,Horseshoe Indianapolis,19:12,Allowance 6f,Allowance,Dirt,,6.0,6f,Sprint
Just Ruthless,Torres Jaime A,Mott Riley,-,4,122.0,,1,3/1,0.10236441055404713,9/1,9.77,0.17587316095882283,9/2,0.20343894236061372,4/1,US,2026-05-11,UK (base),horse_win_predictor.pkl,75,Horseshoe Indianapolis,19:43,Allowance Optional Claiming 8f,Allowance Optional Claiming,Turf,,8.0,8f,Classic
Sassy Allie,Hisby Ronald,Mitchell Sherman S,-,5,122.0,,2,15/1,0.0742022137496229,25/2,13.48,0.12915920992904545,13/2,0.1497680834963289,11/2,US,2026-05-11,UK (base),horse_win_predictor.pkl,75,Horseshoe Indianapolis,19:43,Allowance Optional Claiming 8f,Allowance Optional Claiming,Turf,,8.0,8f,Classic
Viral Plane Lady,Prescott Rodney A,Labra Rogelio,-,4,122.0,,3,8/1,0.0815035240322514,23/2,12.27,0.14139208371431192,6/1,0.1638502935950846,5/1,US,2026-05-11,UK (base),horse_win_predictor.pkl,75,Horseshoe Indianapolis,19:43,Allowance Optional Claiming 8f,Allowance Optional Claiming,Turf,,8.0,8f,Classic
Cairo Dream,"Pedroza, Jr. Marcelino",Block Chris M,-,5,122.0,,4,8/5,0.12258342364440303,7/1,8.16,0.20862880595801891,4/1,0.24089582432562487,3/1,US,2026-05-11,UK (base),horse_win_predictor.pkl,75,Horseshoe Indianapolis,19:43,Allowance Optional Claiming 8f,Allowance Optional Claiming,Turf,,8.0,8f,Classic
Bilyana,De La Cruz Fernando,Foster Eric N,-,4,122.0,,5,8/1,0.0815035240322514,23/2,12.27,0.14139208371431192,6/1,0.1638502935950846,5/1,US,2026-05-11,UK (base),horse_win_predictor.pkl,75,Horseshoe Indianapolis,19:43,Allowance Optional Claiming 8f,Allowance Optional Claiming,Turf,,8.0,8f,Classic
Always Wanting,Gutierrez Jose R,Elliott Michelle L,-,5,117.0,,6,20/1,0.07196711876514478,13/1,13.9,0.12539740083057543,7/1,0.14543375660511193,6/1,US,2026-05-11,UK (base),horse_win_predictor.pkl,75,Horseshoe Indianapolis,19:43,Allowance Optional Claiming 8f,Allowance Optional Claiming,Turf,,8.0,8f,Classic
Junta,Ramos Joseph D,Granitz Anthony J,-,4,122.0,,7,6/1,0.0862717266658047,21/2,11.59,0.149334859340929,11/2,0.1729835340941006,5/1,US,2026-05-11,UK (base),horse_win_predictor.pkl,75,Horseshoe Indianapolis,19:43,Allowance Optional Claiming 8f,Allowance Optional Claiming,Turf,,8.0,8f,Classic
Polka Polenta,Bermudez Samuel E,"Cazares, Jr. Rene",-,8,122.0,,8,20/1,0.07196711876514478,13/1,13.9,0.12539740083057543,7/1,0.14543375660511193,6/1,US,2026-05-11,UK (base),horse_win_predictor.pkl,75,Horseshoe Indianapolis,19:43,Allowance Optional Claiming 8f,Allowance Optional Claiming,Turf,,8.0,8f,Classic
Footnote,Roman Constantino,Torres Marcelino,-,4,122.0,,9,30/1,0.0696599239424577,27/2,14.36,0.12150585909348866,7/1,0.14094808477512527,6/1,US,2026-05-11,UK (base),horse_win_predictor.pkl,75,Horseshoe Indianapolis,19:43,Allowance Optional Claiming 8f,Allowance Optional Claiming,Turf,,8.0,8f,Classic
Caumsett,Romero Joseph M,Paye Jose,-,8,117.0,,10,30/1,0.0696599239424577,27/2,14.36,0.12150585909348866,7/1,0.14094808477512527,6/1,US,2026-05-11,UK (base),horse_win_predictor.pkl,75,Horseshoe Indianapolis,19:43,Allowance Optional Claiming 8f,Allowance Optional Claiming,Turf,,8.0,8f,Classic
Tiz Bayou,Murrill Mitchell,Eggleston Tim,-,6,119.0,,11,5/1,0.0898478786409697,10/1,11.13,0.15526806851671954,11/2,0.17980063972012572,9/2,US,2026-05-11,UK (base),horse_win_predictor.pkl,75,Horseshoe Indianapolis,19:43,Allowance Optional Claiming 8f,Allowance Optional Claiming,Turf,,8.0,8f,Classic
L. A. Woman,Cannon Declan,Walsh Brendan P,-,5,122.0,,12,10/1,0.07846921326544475,23/2,12.74,0.13631864993340226,13/2,0.15801218868388633,11/2,US,2026-05-11,UK (base),horse_win_predictor.pkl,75,Horseshoe Indianapolis,19:43,Allowance Optional Claiming 8f,Allowance Optional Claiming,Turf,,8.0,8f,Classic
Unresponsive,Gutierrez Jose R,Elliott Michelle L,-,3,117.0,,1,15/1,0.06943847165817736,27/2,14.4,0.12113188790774045,15/2,0.1405169190013266,6/1,US,2026-05-11,UK (base),horse_win_predictor.pkl,75,Horseshoe Indianapolis,20:14,Maiden Special Weight 6f,Maiden Special Weight,Dirt,,6.0,6f,Sprint
Aumoe,Bermudez Samuel E,Fontenot Dawn A,-,3,122.0,,2,8/1,0.07691245863637988,12/1,13.0,0.1337100045106895,13/2,0.15500908421355564,11/2,US,2026-05-11,UK (base),horse_win_predictor.pkl,75,Horseshoe Indianapolis,20:14,Maiden Special Weight 6f,Maiden Special Weight,Dirt,,6.0,6f,Sprint
Indy Kid,Murrill Mitchell,Eggleston Tim,-,3,122.0,,3,30/1,0.06478875625699147,29/2,15.43,0.11326169491272238,8/1,0.13143904690862146,13/2,US,2026-05-11,UK (base),horse_win_predictor.pkl,75,Horseshoe Indianapolis,20:14,Maiden Special Weight 6f,Maiden Special Weight,Dirt,,6.0,6f,Sprint
Mister Spitfire,De La Cruz Fernando,Klopp Randy L,-,3,122.0,,4,8/1,0.07691245863637988,12/1,13.0,0.1337100045106895,13/2,0.15500908421355564,11/2,US,2026-05-11,UK (base),horse_win_predictor.pkl,75,Horseshoe Indianapolis,20:14,Maiden Special Weight 6f,Maiden Special Weight,Dirt,,6.0,6f,Sprint
Standard Edition,Contreras Luis,Silva Miguel A,-,3,122.0,,5,20/1,0.06715051646076843,14/1,14.89,0.11726357614062483,15/2,0.13605597352057097,13/2,US,2026-05-11,UK (base),horse_win_predictor.pkl,75,Horseshoe Indianapolis,20:14,Maiden Special Weight 6f,Maiden Special Weight,Dirt,,6.0,6f,Sprint
Thousands Of Hopes,"Pedroza, Jr. Marcelino",Garcia Genaro,-,3,122.0,,6,4/1,0.09057917768223593,10/1,11.04,0.15647884988435262,11/2,0.1811912269601464,9/2,US,2026-05-11,UK (base),horse_win_predictor.pkl,75,Horseshoe Indianapolis,20:14,Maiden Special Weight 6f,Maiden Special Weight,Dirt,,6.0,6f,Sprint
Rebel Sky,Roman Evin A,Cazares Jose,-,3,122.0,,7,30/1,0.06478875625699147,29/2,15.43,0.11326169491272238,8/1,0.13143904690862146,13/2,US,2026-05-11,UK (base),horse_win_predictor.pkl,75,Horseshoe Indianapolis,20:14,Maiden Special Weight 6f,Maiden Special Weight,Dirt,,6.0,6f,Sprint
Basil,Villarreal Oscar,Matejka Pavel,-,3,122.0,,8,6/1,0.08179342972418562,11/1,12.23,0.14187604138669788,6/1,0.16440702076013997,5/1,US,2026-05-11,UK (base),horse_win_predictor.pkl,75,Horseshoe Indianapolis,20:14,Maiden Special Weight 6f,Maiden Special Weight,Dirt,,6.0,6f,Sprint
Willy's In Charge,Burgos Alberto,Klopp Randy L,-,3,122.0,,9,9/2,0.08778371242285628,21/2,11.39,0.1518458982277503,11/2,0.17586921790458557,9/2,US,2026-05-11,UK (base),horse_win_predictor.pkl,75,Horseshoe Indianapolis,20:14,Maiden Special Weight 6f,Maiden Special Weight,Dirt,,6.0,6f,Sprint
Forever Hope,Ramos Joseph D,Medina Tomas,-,3,122.0,,10,5/1,0.0854541580400399,21/2,11.7,0.14797555397100615,6/1,0.17142107744511847,5/1,US,2026-05-11,UK (base),horse_win_predictor.pkl,75,Horseshoe Indianapolis,20:14,Maiden Special Weight 6f,Maiden Special Weight,Dirt,,6.0,6f,Sprint
El Numero Uno,Prescott Rodney A,Duran Antonio,-,3,122.0,,11,20/1,0.06715051646076843,14/1,14.89,0.11726357614062483,15/2,0.13605597352057097,13/2,US,2026-05-11,UK (base),horse_win_predictor.pkl,75,Horseshoe Indianapolis,20:14,Maiden Special Weight 6f,Maiden Special Weight,Dirt,,6.0,6f,Sprint
Movin Out,Romero Joseph M,Davis Joseph D,-,3,117.0,,12,6/1,0.08179342972418562,11/1,12.23,0.14187604138669788,6/1,0.16440702076013997,5/1,US,2026-05-11,UK (base),horse_win_predictor.pkl,75,Horseshoe Indianapolis,20:14,Maiden Special Weight 6f,Maiden Special Weight,Dirt,,6.0,6f,Sprint
Stuck In Park,Burgos Alberto,Klopp Randy L,-,3,122.0,,13,5/1,0.0854541580400399,21/2,11.7,0.14797555397100615,6/1,0.17142107744511847,5/1,US,2026-05-11,UK (base),horse_win_predictor.pkl,75,Horseshoe Indianapolis,20:14,Maiden Special Weight 6f,Maiden Special Weight,Dirt,,6.0,6f,Sprint
White Lilacs,Perez Luis D,Salas Felipe,-,7,110.0,,1,30/1,0.053001708718706936,18/1,18.87,0.09315573079199035,19/2,0.10821348906947163,8/1,US,2026-05-11,UK (base),horse_win_predictor.pkl,75,Horseshoe Indianapolis,20:45,Claiming 8f,Claiming,Turf,,8.0,8f,Classic
Extravagant Prince,Villarreal Oscar,Mccall Iii William P,-,4,122.0,,2,12/1,0.059080997713839616,16/1,16.93,0.10355334445222114,17/2,0.12023047447911421,15/2,US,2026-05-11,UK (base),horse_win_predictor.pkl,75,Horseshoe Indianapolis,20:45,Claiming 8f,Claiming,Turf,,8.0,8f,Classic
Go Bali Go,Murrill Mitchell,Nance Jonathan,-,7,122.0,,3,6/1,0.06805518623046404,27/2,14.69,0.11879412851654476,15/2,0.13782123187382503,13/2,US,2026-05-11,UK (base),horse_win_predictor.pkl,75,Horseshoe Indianapolis,20:45,Claiming 8f,Claiming,Turf,,8.0,8f,Classic
King Of Kentucky,De La Cruz Fernando,Brownfield Iii Claude L,-,6,122.0,,4,8/1,0.06373428064838561,29/2,15.69,0.11147205834328036,8/1,0.1293737249788659,13/2,US,2026-05-11,UK (base),horse_win_predictor.pkl,75,Horseshoe Indianapolis,20:45,Claiming 8f,Claiming,Turf,,8.0,8f,Classic
Patronage,Gutierrez Jose R,Labra Rogelio,-,5,117.0,,5,30/1,0.053001708718706936,18/1,18.87,0.09315573079199035,19/2,0.10821348906947163,8/1,US,2026-05-11,UK (base),horse_win_predictor.pkl,75,Horseshoe Indianapolis,20:45,Claiming 8f,Claiming,Turf,,8.0,8f,Classic
Professor Higgins,Saez Gabriel,Holsapple Hutch,-,6,122.0,,6,20/1,0.05509246948422875,17/1,18.15,0.09673830091651522,19/2,0.11235548770362265,8/1,US,2026-05-11,UK (base),horse_win_predictor.pkl,75,Horseshoe Indianapolis,20:45,Claiming 8f,Claiming,Turf,,8.0,8f,Classic
Pilkington,Roman Evin A,Anderson Susan L,-,6,122.0,,7,10/1,0.060984613459790254,31/2,16.4,0.10679700576455044,17/2,0.1239766528788355,7/1,US,2026-05-11,UK (base),horse_win_predictor.pkl,75,Horseshoe Indianapolis,20:45,Claiming 8f,Claiming,Turf,,8.0,8f,Classic
Blue Coast,Beschizza Adam,House Gary F,-,4,122.0,,8,15/1,0.05711789397582802,33/2,17.51,0.1002022461067033,9/1,0.11635887815578153,15/2,US,2026-05-11,UK (base),horse_win_predictor.pkl,75,Horseshoe Indianapolis,20:45,Claiming 8f,Claiming,Turf,,8.0,8f,Classic
Shiesty To Chase,Moncada Irving,Weaver Michael,-,5,119.0,,9,6/1,0.06805518623046404,27/2,14.69,0.11879412851654476,15/2,0.13782123187382503,13/2,US,2026-05-11,UK (base),horse_win_predictor.pkl,75,Horseshoe Indianapolis,20:45,Claiming 8f,Claiming,Turf,,8.0,8f,Classic
Memphis Pharoah,Prescott Rodney A,Matthews Randy,-,6,122.0,,10,12/1,0.059080997713839616,16/1,16.93,0.10355334445222114,17/2,0.12023047447911421,15/2,US,2026-05-11,UK (base),horse_win_predictor.pkl,75,Horseshoe Indianapolis,20:45,Claiming 8f,Claiming,Turf,,8.0,8f,Classic
Born Flashy,Ramos Joseph D,Wisner Tracey J,-,5,122.0,,11,5/1,0.07129586541702286,13/1,14.03,0.12426607741019137,7/1,0.14412990690762956,6/1,US,2026-05-11,UK (base),horse_win_predictor.pkl,75,Horseshoe Indianapolis,20:45,Claiming 8f,Claiming,Turf,,8.0,8f,Classic
Franz Josef,Antongeorgi Iii William,Wismer Troy S,-,8,122.0,,12,5/2,0.08749926134981696,21/2,11.43,0.15137377384025968,11/2,0.1753267160241757,9/2,US,2026-05-11,UK (base),horse_win_predictor.pkl,75,Horseshoe Indianapolis,20:45,Claiming 8f,Claiming,Turf,,8.0,8f,Classic
Rich Kingdom,Pena Pedro,Riley Donna,-,9,109.0,,13,6/1,0.06805518623046404,27/2,14.69,0.11879412851654476,15/2,0.13782123187382503,13/2,US,2026-05-11,UK (base),horse_win_predictor.pkl,75,Horseshoe Indianapolis,20:45,Claiming 8f,Claiming,Turf,,8.0,8f,Classic
Geraldraydaplegray,Contreras Luis,Donjuan Sergio,-,4,122.0,,14,15/1,0.05711789397582802,33/2,17.51,0.1002022461067033,9/1,0.11635887815578153,15/2,US,2026-05-11,UK (base),horse_win_predictor.pkl,75,Horseshoe Indianapolis,20:45,Claiming 8f,Claiming,Turf,,8.0,8f,Classic
Money War,Bermudez Samuel E,"Gonzalez, Jr. Agustin",-,7,122.0,,15,8/1,0.06373428064838561,29/2,15.69,0.11147205834328036,8/1,0.1293737249788659,13/2,US,2026-05-11,UK (base),horse_win_predictor.pkl,75,Horseshoe Indianapolis,20:45,Claiming 8f,Claiming,Turf,,8.0,8f,Classic
Personal Creed,Bermudez Samuel E,Brownfield Iii Claude L,-,4,122.0,,16,20/1,0.05509246948422875,17/1,18.15,0.09673830091651522,19/2,0.11235548770362265,8/1,US,2026-05-11,UK (base),horse_win_predictor.pkl,75,Horseshoe Indianapolis,20:45,Claiming 8f,Claiming,Turf,,8.0,8f,Classic
Coaldigger,Franca Carlos E,Woodbury Judy,-,3,122.0,,1,30/1,0.05295226521679637,18/1,18.88,0.09307092347696151,19/2,0.10811542032452344,8/1,US,2026-05-11,UK (base),horse_win_predictor.pkl,75,Horseshoe Indianapolis,21:16,Maiden Special Weight 8f,Maiden Special Weight,Turf,,8.0,8f,Classic
Denikos,Pauly Summer,Jarvis Kathy,-,3,117.0,,2,30/1,0.05295226521679637,18/1,18.88,0.09307092347696151,19/2,0.10811542032452344,8/1,US,2026-05-11,UK (base),horse_win_predictor.pkl,75,Horseshoe Indianapolis,21:16,Maiden Special Weight 8f,Maiden Special Weight,Turf,,8.0,8f,Classic
Buckley Gold Water,Saez Gabriel,Medina Robert,-,3,122.0,,3,30/1,0.05295226521679637,18/1,18.88,0.09307092347696151,19/2,0.10811542032452344,8/1,US,2026-05-11,UK (base),horse_win_predictor.pkl,75,Horseshoe Indianapolis,21:16,Maiden Special Weight 8f,Maiden Special Weight,Turf,,8.0,8f,Classic
Gotcha,Cannon Declan,Walsh Brendan P,-,3,122.0,,4,7/2,0.07851683939472065,23/2,12.74,0.13639839565566808,13/2,0.15810397925352337,11/2,US,2026-05-11,UK (base),horse_win_predictor.pkl,75,Horseshoe Indianapolis,21:16,Maiden Special Weight 8f,Maiden Special Weight,Turf,,8.0,8f,Classic
Tazzy,Prescott Rodney A,Duran Antonio,-,3,122.0,,5,20/1,0.05501948145759887,17/1,18.18,0.09661335195178752,19/2,0.11221105338710827,8/1,US,2026-05-11,UK (base),horse_win_predictor.pkl,75,Horseshoe Indianapolis,21:16,Maiden Special Weight 8f,Maiden Special Weight,Turf,,8.0,8f,Classic
Wan Dale,Torres Jaime A,Mott Riley,-,3,122.0,,6,5/1,0.07104040732381828,13/1,14.08,0.12383534160468569,7/1,0.14363344196001096,6/1,US,2026-05-11,UK (base),horse_win_predictor.pkl,75,Horseshoe Indianapolis,21:16,Maiden Special Weight 8f,Maiden Special Weight,Turf,,8.0,8f,Classic
Light Cav,Ramos Joseph D,Beckman D. Whitworth,-,3,122.0,,7,9/2,0.0730794342522462,25/2,13.68,0.12727049868554047,7/1,0.14759214784802582,6/1,US,2026-05-11,UK (base),horse_win_predictor.pkl,75,Horseshoe Indianapolis,21:16,Maiden Special Weight 8f,Maiden Special Weight,Turf,,8.0,8f,Classic
Mo Can Dance,Perez Luis D,West Ethan W,-,3,115.0,,8,8/1,0.06356397525291588,29/2,15.73,0.11118285229528593,8/1,0.1290399311861747,13/2,US,2026-05-11,UK (base),horse_win_predictor.pkl,75,Horseshoe Indianapolis,21:16,Maiden Special Weight 8f,Maiden Special Weight,Turf,,8.0,8f,Classic
Hewson,Garcia Martin,Hughes Byron G,-,3,122.0,,9,3/1,0.08225505543017185,11/1,12.16,0.14264638445925282,6/1,0.16529313284515817,5/1,US,2026-05-11,UK (base),horse_win_predictor.pkl,75,Horseshoe Indianapolis,21:16,Maiden Special Weight 8f,Maiden Special Weight,Turf,,8.0,8f,Classic
Page Two,Gutierrez Mario,Oliver Victoria H,-,3,122.0,,10,20/1,0.05501948145759887,17/1,18.18,0.09661335195178752,19/2,0.11221105338710827,8/1,US,2026-05-11,UK (base),horse_win_predictor.pkl,75,Horseshoe Indianapolis,21:16,Maiden Special Weight 8f,Maiden Special Weight,Turf,,8.0,8f,Classic
Dreaming Perfect,Romero Joseph M,Davis Joseph D,-,3,117.0,,11,30/1,0.05295226521679637,18/1,18.88,0.09307092347696151,19/2,0.10811542032452344,8/1,US,2026-05-11,UK (base),horse_win_predictor.pkl,75,Horseshoe Indianapolis,21:16,Maiden Special Weight 8f,Maiden Special Weight,Turf,,8.0,8f,Classic
Working For Glory,"Pedroza, Jr. Marcelino","Dobbs, Jr. Robert E",-,3,122.0,,12,10/1,0.06084527268167866,31/2,16.44,0.10655977306085532,17/2,0.12370271070304656,7/1,US,2026-05-11,UK (base),horse_win_predictor.pkl,75,Horseshoe Indianapolis,21:16,Maiden Special Weight 8f,Maiden Special Weight,Turf,,8.0,8f,Classic
Roktar,Achard Alex,West Ethan W,-,3,122.0,,13,6/1,0.06783622215057439,27/2,14.74,0.11842379744250423,15/2,0.1373941381769779,13/2,US,2026-05-11,UK (base),horse_win_predictor.pkl,75,Horseshoe Indianapolis,21:16,Maiden Special Weight 8f,Maiden Special Weight,Turf,,8.0,8f,Classic
Candy Cane Crain,Esquivel Emmanuel,Contreras Cipriano,-,3,122.0,,14,5/1,0.07104040732381828,13/1,14.08,0.12383534160468569,7/1,0.14363344196001096,6/1,US,2026-05-11,UK (base),horse_win_predictor.pkl,75,Horseshoe Indianapolis,21:16,Maiden Special Weight 8f,Maiden Special Weight,Turf,,8.0,8f,Classic
Dionysus,De La Cruz Fernando,Cox Brad H,-,3,122.0,,15,15/1,0.05702209719087629,33/2,17.54,0.10003855928914074,9/1,0.1161697325759899,15/2,US,2026-05-11,UK (base),horse_win_predictor.pkl,75,Horseshoe Indianapolis,21:16,Maiden Special Weight 8f,Maiden Special Weight,Turf,,8.0,8f,Classic
Blazy,Calleja Andres,Thompson Ron,-,3,122.0,,16,30/1,0.05295226521679637,18/1,18.88,0.09307092347696151,19/2,0.10811542032452344,8/1,US,2026-05-11,UK (base),horse_win_predictor.pkl,75,Horseshoe Indianapolis,21:16,Maiden Special Weight 8f,Maiden Special Weight,Turf,,8.0,8f,Classic
Fa Lillys Of Wins,Esqueda Erik N,Esqueda Cesar,-,3,126.0,,1,15/1,0.08892001809303952,10/1,11.25,0.15373061687333794,11/2,0.17803459141594985,9/2,US,2026-05-11,UK (base),horse_win_predictor.pkl,75,Horseshoe Indianapolis,21:44,Trial 350y,Trial,Dirt,,,350y,Unknown
Sizzzling Heart,Lopez Saul,Cunningham Anthony F,-,3,126.0,,2,5/1,0.10749041861847575,17/2,9.3,0.18423940143743622,9/2,0.2130202699945464,7/2,US,2026-05-11,UK (base),horse_win_predictor.pkl,75,Horseshoe Indianapolis,21:44,Trial 350y,Trial,Dirt,,,350y,Unknown
Niyo De Oro,Martinez Luz D,Cunningham Anthony F,-,5,128.0,,3,2/1,0.13720305945917372,13/2,7.29,0.23190576340654664,7/2,0.2674192773868115,5/2,US,2026-05-11,UK (base),horse_win_predictor.pkl,75,Horseshoe Indianapolis,21:44,Trial 350y,Trial,Dirt,,,350y,Unknown
Send Me A Dynasty Hg,Quintero Francisco,Sanchez Hector J,-,3,126.0,,4,9/2,0.11019156778581192,8/1,9.08,0.18863107672558532,9/2,0.21804589257800033,7/2,US,2026-05-11,UK (base),horse_win_predictor.pkl,75,Horseshoe Indianapolis,21:44,Trial 350y,Trial,Dirt,,,350y,Unknown
Dale M,Ceron-Zamudio Alberto,Rodriguez Ezequiel,-,4,128.0,,5,7/2,0.11739463223204173,15/2,8.52,0.20028513827615807,4/1,0.23136907804270168,7/2,US,2026-05-11,UK (base),horse_win_predictor.pkl,75,Horseshoe Indianapolis,21:44,Trial 350y,Trial,Dirt,,,350y,Unknown
Eos Save A Cowboy,O'neal Germarius A,Sanchez Hector J,-,5,128.0,,6,20/1,0.08626710373226293,21/2,11.59,0.14932717616899088,11/2,0.17297470333276385,5/1,US,2026-05-11,UK (base),horse_win_predictor.pkl,75,Horseshoe Indianapolis,21:44,Trial 350y,Trial,Dirt,,,350y,Unknown
Lb Tiny Tolltac,Macias Hugo,Barraza Librado,-,4,128.0,,7,30/1,0.08352861148888062,11/1,11.97,0.14476987753017684,6/1,0.16773535229566292,5/1,US,2026-05-11,UK (base),horse_win_predictor.pkl,75,Horseshoe Indianapolis,21:44,Trial 350y,Trial,Dirt,,,350y,Unknown
Wanna Sweet Treet,Vazquez-Gomez Giovani,Vazquez Jessica A,-,4,128.0,,8,10/1,0.09398467278179486,19/2,10.64,0.1621059160329099,5/1,0.18765138225207806,9/2,US,2026-05-11,UK (base),horse_win_predictor.pkl,75,Horseshoe Indianapolis,21:44,Trial 350y,Trial,Dirt,,,350y,Unknown
Mi Blood Token,Luna Diaz Luis E,Eggleston Tim,-,3,126.0,,9,12/1,0.0914913043196384,10/1,10.93,0.15798782076246215,11/2,0.18292401442852108,9/2,US,2026-05-11,UK (base),horse_win_predictor.pkl,75,Horseshoe Indianapolis,21:44,Trial 350y,Trial,Dirt,,,350y,Unknown
Tarzanito Express 23,Diaz Edgar,Barraza Claudio,-,3,126.0,,10,30/1,0.08352861148888062,11/1,11.97,0.14476987753017684,6/1,0.16773535229566292,5/1,US,2026-05-11,UK (base),horse_win_predictor.pkl,75,Horseshoe Indianapolis,21:44,Trial 350y,Trial,Dirt,,,350y,Unknown
Gv Black Panther,Vazquez-Gomez Giovani,Vazquez Jessica A,-,4,128.0,,1,9/2,0.11039926863758455,8/1,9.06,0.18896828473508134,9/2,0.21843166577164264,7/2,US,2026-05-11,UK (base),horse_win_predictor.pkl,75,Horseshoe Indianapolis,22:12,Trial 350y,Trial,Dirt,,,350y,Unknown
Maleficent Dash,Esqueda Erik N,Esqueda Cesar,-,3,126.0,,2,20/1,0.08632150157439383,21/2,11.58,0.14941758152666246,11/2,0.1730786115087632,5/1,US,2026-05-11,UK (base),horse_win_predictor.pkl,75,Horseshoe Indianapolis,22:12,Trial 350y,Trial,Dirt,,,350y,Unknown
Perrys Secret Gold,Luna Diaz Luis E,Eggleston Tim,-,4,128.0,,3,5/1,0.107680811065934,17/2,9.29,0.1845493342612273,9/2,0.2133750304594623,7/2,US,2026-05-11,UK (base),horse_win_predictor.pkl,75,Horseshoe Indianapolis,22:12,Trial 350y,Trial,Dirt,,,350y,Unknown
Mckenzie Foose,Quintero Francisco,Sanchez Hector J,-,4,128.0,,4,10/1,0.09408852320768117,19/2,10.63,0.16227722161430422,5/1,0.18784798351678786,9/2,US,2026-05-11,UK (base),horse_win_predictor.pkl,75,Horseshoe Indianapolis,22:12,Trial 350y,Trial,Dirt,,,350y,Unknown
Lb Royal Quick Perry,Macias Hugo,Barraza Librado,-,3,126.0,,5,30/1,0.08356546164000157,11/1,11.97,0.14483128184871757,6/1,0.1678059644269861,5/1,US,2026-05-11,UK (base),horse_win_predictor.pkl,75,Horseshoe Indianapolis,22:12,Trial 350y,Trial,Dirt,,,350y,Unknown
Keep Her Off Tequila,Pina Rolando D,Eggleston Tim,-,3,126.0,,6,1/1,0.16748687764224637,5/1,5.97,0.27903489641016443,5/2,0.3208654034481337,2/1,US,2026-05-11,UK (base),horse_win_predictor.pkl,75,Horseshoe Indianapolis,22:12,Trial 350y,Trial,Dirt,,,350y,Unknown
Jess A Favorite,Diaz Edgar,Barraza Claudio,-,3,126.0,,7,30/1,0.08356546164000157,11/1,11.97,0.14483128184871757,6/1,0.1678059644269861,5/1,US,2026-05-11,UK (base),horse_win_predictor.pkl,75,Horseshoe Indianapolis,22:12,Trial 350y,Trial,Dirt,,,350y,Unknown
Rhino Six,O'neal Germarius A,Sanchez Hector J,-,3,126.0,,8,20/1,0.08632150157439383,21/2,11.58,0.14941758152666246,11/2,0.1730786115087632,5/1,US,2026-05-11,UK (base),horse_win_predictor.pkl,75,Horseshoe Indianapolis,22:12,Trial 350y,Trial,Dirt,,,350y,Unknown
Coyote Kiss,Martinez Luz D,Cunningham Anthony F,-,3,126.0,,9,15/1,0.08899141526083637,10/1,11.24,0.15384896987740415,11/2,0.17817055285861708,9/2,US,2026-05-11,UK (base),horse_win_predictor.pkl,75,Horseshoe Indianapolis,22:12,Trial 350y,Trial,Dirt,,,350y,Unknown
Jess A Famous Queen,Ceron-Zamudio Alberto,Rodriguez Ezequiel,-,4,128.0,,10,12/1,0.0915791777569268,10/1,10.92,0.1581331233235604,11/2,0.18309085291104799,9/2,US,2026-05-11,UK (base),horse_win_predictor.pkl,75,Horseshoe Indianapolis,22:12,Trial 350y,Trial,Dirt,,,350y,Unknown
Fav Streakin Cartel,Villamil Bocanegra Diego,Perez Natasha,-,3,126.0,,1,15/1,0.08930010560658891,10/1,11.2,0.1543605830027817,11/2,0.17875826202635398,9/2,US,2026-05-11,UK (base),horse_win_predictor.pkl,75,Horseshoe Indianapolis,22:40,Trial 350y,Trial,Dirt,,,350y,Unknown
Run Dont Walk,Martinez Luz D,Cunningham Anthony F,-,3,126.0,,2,9/5,0.14361965108526997,6/1,6.96,0.24201408861120222,3/1,0.2789120026834268,5/2,US,2026-05-11,UK (base),horse_win_predictor.pkl,75,Horseshoe Indianapolis,22:40,Trial 350y,Trial,Dirt,,,350y,Unknown
I Gotta Reason,O'neal Germarius A,Sanchez Hector J,-,3,126.0,,3,30/1,0.08372478568942224,11/1,11.94,0.14509674244996829,6/1,0.16811122623517305,5/1,US,2026-05-11,UK (base),horse_win_predictor.pkl,75,Horseshoe Indianapolis,22:40,Trial 350y,Trial,Dirt,,,350y,Unknown
Celebratory,Esqueda Erik N,Esqueda Cesar,-,3,126.0,,4,20/1,0.08655669421877674,21/2,11.55,0.14980840054253186,11/2,0.17352779041394004,5/1,US,2026-05-11,UK (base),horse_win_predictor.pkl,75,Horseshoe Indianapolis,22:40,Trial 350y,Trial,Dirt,,,350y,Unknown
Ap Jessies Cartel,Diaz Edgar,Preciado Oscar,-,3,126.0,,5,20/1,0.08655669421877674,21/2,11.55,0.14980840054253186,11/2,0.17352779041394004,5/1,US,2026-05-11,UK (base),horse_win_predictor.pkl,75,Horseshoe Indianapolis,22:40,Trial 350y,Trial,Dirt,,,350y,Unknown
Larryknocksoutmegan,Vazquez-Gomez Giovani,Vazquez Jessica A,-,3,126.0,,6,5/1,0.10850398532127413,8/1,9.22,0.185888681713814,9/2,0.21490794286101647,7/2,US,2026-05-11,UK (base),horse_win_predictor.pkl,75,Horseshoe Indianapolis,22:40,Trial 350y,Trial,Dirt,,,350y,Unknown
Last Famous Eagle,Penaloza Cristian,Hernandez Kenia,-,3,126.0,,7,8/1,0.09826191614010868,9/1,10.18,0.16914712572137502,5/1,0.1957290793143499,4/1,US,2026-05-11,UK (base),horse_win_predictor.pkl,75,Horseshoe Indianapolis,22:40,Trial 350y,Trial,Dirt,,,350y,Unknown
Apollitical Ali,Quintero Francisco,Sanchez Hector J,-,4,128.0,,8,30/1,0.08372478568942224,11/1,11.94,0.14509674244996829,6/1,0.16811122623517305,5/1,US,2026-05-11,UK (base),horse_win_predictor.pkl,75,Horseshoe Indianapolis,22:40,Trial 350y,Trial,Dirt,,,350y,Unknown
Gigis Top Secret,Ceron-Zamudio Alberto,Rodriguez Ezequiel,-,4,128.0,,9,5/2,0.13045127642377152,13/2,7.67,0.22119826914631574,7/2,0.25522839141726983,3/1,US,2026-05-11,UK (base),horse_win_predictor.pkl,75,Horseshoe Indianapolis,22:40,Trial 350y,Trial,Dirt,,,350y,Unknown
Flying Knockout 123,Pina Rolando D,Eggleston Tim,-,3,126.0,,10,15/1,0.08930010560658891,10/1,11.2,0.1543605830027817,11/2,0.17875826202635398,9/2,US,2026-05-11,UK (base),horse_win_predictor.pkl,75,Horseshoe Indianapolis,22:40,Trial 350y,Trial,Dirt,,,350y,Unknown
Flyin Ivory,Luna Diaz Luis E,Eggleston Tim,-,3,126.0,,1,30/1,0.09224532069370316,10/1,10.84,0.15923421789675837,11/2,0.18435505434790408,9/2,US,2026-05-11,UK (base),horse_win_predictor.pkl,75,Horseshoe Indianapolis,23:08,Trial 350y,Trial,Dirt,,,350y,Unknown
Miss Dashin Good,Villamil Bocanegra Diego,Perez Natasha,-,3,126.0,,2,20/1,0.09501940050669526,19/2,10.52,0.16381197173393006,5/1,0.1896091859441431,9/2,US,2026-05-11,UK (base),horse_win_predictor.pkl,75,Horseshoe Indianapolis,23:08,Trial 350y,Trial,Dirt,,,350y,Unknown
Ap Valiant Princess,Rodriguez German,Preciado Oscar,-,3,126.0,,3,10/1,0.10283726179785482,17/2,9.72,0.17664666930487427,9/2,0.20432519712000655,4/1,US,2026-05-11,UK (base),horse_win_predictor.pkl,75,Horseshoe Indianapolis,23:08,Trial 350y,Trial,Dirt,,,350y,Unknown
Jess Sinful,Martinez Luz D,Cunningham Anthony F,-,3,126.0,,4,8/5,0.15587844378864504,11/2,6.42,0.26114272742918526,3/1,0.30061683379438786,5/2,US,2026-05-11,UK (base),horse_win_predictor.pkl,75,Horseshoe Indianapolis,23:08,Trial 350y,Trial,Dirt,,,350y,Unknown
Jess A Lookin,Diaz Edgar,Barraza Claudio,-,3,126.0,,5,5/1,0.11651851905738406,15/2,8.58,0.19887208207663054,4/1,0.22975466820884796,7/2,US,2026-05-11,UK (base),horse_win_predictor.pkl,75,Horseshoe Indianapolis,23:08,Trial 350y,Trial,Dirt,,,350y,Unknown
Madam Mim,Lopez Saul,Cunningham Anthony F,-,3,126.0,,6,7/2,0.12655144104770547,7/1,7.9,0.21498038010086915,7/2,0.24814123224580553,3/1,US,2026-05-11,UK (base),horse_win_predictor.pkl,75,Horseshoe Indianapolis,23:08,Trial 350y,Trial,Dirt,,,350y,Unknown
Luna Unlymited,Quintero Francisco,Sanchez Hector J,-,3,126.0,,7,30/1,0.09224532069370316,10/1,10.84,0.15923421789675837,11/2,0.18435505434790408,9/2,US,2026-05-11,UK (base),horse_win_predictor.pkl,75,Horseshoe Indianapolis,23:08,Trial 350y,Trial,Dirt,,,350y,Unknown
Looks Lyke Mom,Ceron-Zamudio Alberto,Rodriguez Ezequiel,-,5,128.0,,8,6/1,0.11221869534724628,8/1,8.91,0.19191922315669285,4/1,0.2218069210852353,7/2,US,2026-05-11,UK (base),horse_win_predictor.pkl,75,Horseshoe Indianapolis,23:08,Trial 350y,Trial,Dirt,,,350y,Unknown
Lc Dancer Mary,Esqueda Erik N,Esqueda Cesar,-,3,126.0,,9,8/1,0.1064855970670626,17/2,9.39,0.18260272881452966,9/2,0.21114665321982978,7/2,US,2026-05-11,UK (base),horse_win_predictor.pkl,75,Horseshoe Indianapolis,23:08,Trial 350y,Trial,Dirt,,,350y,Unknown
Laryscountrygirl,Williams Rey,Player Fletcher,-,4,123.0,,1,8/1,0.1489302473554442,11/2,6.71,0.25033027037791655,3/1,0.28835527901134367,5/2,US,2026-05-11,UK (base),horse_win_predictor.pkl,75,Louisiana Downs,21:05,Maiden Claiming 5f,Maiden Claiming,Dirt,,5.0,5f,Sprint
Bistineau Beauty,Castillo Isaac,Pomier Chasey D,-,3,118.0,,2,3/1,0.1730560195127124,5/1,5.78,0.2875421264112149,5/2,0.33047441649815334,2/1,US,2026-05-11,UK (base),horse_win_predictor.pkl,75,Louisiana Downs,21:05,Maiden Claiming 5f,Maiden Claiming,Dirt,,5.0,5f,Sprint
Suivante,Castillo Alexander,Wilson Shane,-,4,123.0,,3,6/1,0.15444470956281978,11/2,6.47,0.25891794256352063,3/1,0.29809540493878345,5/2,US,2026-05-11,UK (base),horse_win_predictor.pkl,75,Louisiana Downs,21:05,Maiden Claiming 5f,Maiden Claiming,Dirt,,5.0,5f,Sprint
Kylie's Knight,Riquelme Jose,Besancon Danny,-,4,123.0,,4,12/1,0.14299159574750125,6/1,6.99,0.2410275951819688,3/1,0.2777910949698941,5/2,US,2026-05-11,UK (base),horse_win_predictor.pkl,75,Louisiana Downs,21:05,Maiden Claiming 5f,Maiden Claiming,Dirt,,5.0,5f,Sprint
Midnight Cigarette,Santiago Edward,"West, Jr. Henry",-,5,123.0,,5,6/1,0.15444470956281978,11/2,6.47,0.25891794256352063,3/1,0.29809540493878345,5/2,US,2026-05-11,UK (base),horse_win_predictor.pkl,75,Louisiana Downs,21:05,Maiden Claiming 5f,Maiden Claiming,Dirt,,5.0,5f,Sprint
Major Move,Barrera Elio J,Foster Joseph M,-,3,118.0,,6,4/5,0.22613271825870251,7/2,4.42,0.36613008785200873,3/2,0.41862910144949855,3/2,US,2026-05-11,UK (base),horse_win_predictor.pkl,75,Louisiana Downs,21:05,Maiden Claiming 5f,Maiden Claiming,Dirt,,5.0,5f,Sprint
Blazing Saber,Nava-Marin Jose,Rodriguez-Torres Pedro,-,4,125.0,,1,3/1,0.15447917644481993,11/2,6.47,0.25897146483662004,3/1,0.2981560729835451,5/2,US,2026-05-11,UK (base),horse_win_predictor.pkl,75,Louisiana Downs,21:33,Claiming 7f,Claiming,Dirt,,7.0,7f,One-Turn Mile
Live Affair,Barrera Elio J,Lara Jorge,-,7,123.0,,2,9/2,0.14265152226289934,6/1,7.01,0.24049317463008085,3/1,0.2771837942677739,5/2,US,2026-05-11,UK (base),horse_win_predictor.pkl,75,Louisiana Downs,21:33,Claiming 7f,Claiming,Dirt,,7.0,7f,One-Turn Mile
Iron Moon,"Ramirez, Jr. Julio",Vidal Juan M,-,6,123.0,,3,8/1,0.1303858068149817,13/2,7.67,0.22109408537193206,7/2,0.25510968983078847,3/1,US,2026-05-11,UK (base),horse_win_predictor.pkl,75,Louisiana Downs,21:33,Claiming 7f,Claiming,Dirt,,7.0,7f,One-Turn Mile
Dixie's Astro,Lozada Carlos,Dunn Henry R,-,6,123.0,,4,6/1,0.1358928627303733,13/2,7.36,0.22983365680182707,7/2,0.26506145457862224,3/1,US,2026-05-11,UK (base),horse_win_predictor.pkl,75,Louisiana Downs,21:33,Claiming 7f,Claiming,Dirt,,7.0,7f,One-Turn Mile
Jamaican Me,Castillo Isaac,Govea Cesar,-,9,123.0,,5,20/1,0.1193716949841985,15/2,8.38,0.2034693697208369,4/1,0.23500599774707628,7/2,US,2026-05-11,UK (base),horse_win_predictor.pkl,75,Louisiana Downs,21:33,Claiming 7f,Claiming,Dirt,,7.0,7f,One-Turn Mile
Heza Sexy Zong,Williams Rey,Foster Joseph M,-,8,123.0,,6,20/1,0.1193716949841985,15/2,8.38,0.2034693697208369,4/1,0.23500599774707628,7/2,US,2026-05-11,UK (base),horse_win_predictor.pkl,75,Louisiana Downs,21:33,Claiming 7f,Claiming,Dirt,,7.0,7f,One-Turn Mile
Blame Me Seriously,Castillo Alexander,Wilson Shane,-,5,123.0,,7,1/1,0.19784724177852875,4/1,5.05,0.3248102103378545,2/1,0.37242132354760166,3/2,US,2026-05-11,UK (base),horse_win_predictor.pkl,75,Louisiana Downs,21:33,Claiming 7f,Claiming,Dirt,,7.0,7f,One-Turn Mile
Wolf Man Jack,Castillo Alexander,Noel Dane,-,4,123.0,,1,10/1,0.12713950426469747,7/1,7.87,0.21591954484071704,7/2,0.24921206005672436,3/1,US,2026-05-11,UK (base),horse_win_predictor.pkl,75,Louisiana Downs,22:01,Claiming 7.5f,Claiming,Turf,,7.5,7.5f,Classic
Coboch,Hernandez Harry,Wong Jonathan,-,4,125.0,,2,3/2,0.18163604098689107,9/2,5.51,0.30055155266809064,5/2,0.34514486954854046,2/1,US,2026-05-11,UK (base),horse_win_predictor.pkl,75,Louisiana Downs,22:01,Claiming 7.5f,Claiming,Turf,,7.5,7.5f,Classic
Spielman,Nieves Emanuel,Mouton Chadwick J,-,6,123.0,,3,6/1,0.13629858606674683,13/2,7.34,0.2304756112691088,7/2,0.2657919957199945,3/1,US,2026-05-11,UK (base),horse_win_predictor.pkl,75,Louisiana Downs,22:01,Claiming 7.5f,Claiming,Turf,,7.5,7.5f,Classic
Whiskey Over Ice,Nava-Marin Jose,Gomez David C,-,8,123.0,,4,6/1,0.13629858606674683,13/2,7.34,0.2304756112691088,7/2,0.2657919957199945,3/1,US,2026-05-11,UK (base),horse_win_predictor.pkl,75,Louisiana Downs,22:01,Claiming 7.5f,Claiming,Turf,,7.5,7.5f,Classic
He's Charming,Castillo Isaac,Gelner Jayde J,-,5,123.0,,5,10/1,0.12713950426469747,7/1,7.87,0.21591954484071704,7/2,0.24921206005672436,3/1,US,2026-05-11,UK (base),horse_win_predictor.pkl,75,Louisiana Downs,22:01,Claiming 7.5f,Claiming,Turf,,7.5,7.5f,Classic
Friday Night Fever,Lozada Carlos,Cravens Iii Ronnie E,-,3,118.0,,6,6/1,0.13629858606674683,13/2,7.34,0.2304756112691088,7/2,0.2657919957199945,3/1,US,2026-05-11,UK (base),horse_win_predictor.pkl,75,Louisiana Downs,22:01,Claiming 7.5f,Claiming,Turf,,7.5,7.5f,Classic
Roaring Rapids,Vargas Juan P,Jacks Karen E,-,5,123.0,,7,3/1,0.15518919228347358,11/2,6.44,0.2600735977889749,3/1,0.2994052498535379,5/2,US,2026-05-11,UK (base),horse_win_predictor.pkl,75,Louisiana Downs,22:01,Claiming 7.5f,Claiming,Turf,,7.5,7.5f,Classic
Vickie's Halo,Williams Rey,Wilson Melton,-,4,125.0,,1,12/1,0.12458554686911374,7/1,8.03,0.21183673757346383,7/2,0.24455593408759513,3/1,US,2026-05-11,UK (base),horse_win_predictor.pkl,75,Louisiana Downs,22:29,Maiden Claiming 5.5f,Maiden Claiming,Dirt,,5.5,5.5f,Sprint
Lilly Warbanks,Pena Jonuelle,Turner Patti,-,3,115.0,,2,10/1,0.12703544427965968,7/1,7.87,0.215753396420723,7/2,0.24902262847362175,3/1,US,2026-05-11,UK (base),horse_win_predictor.pkl,75,Louisiana Downs,22:29,Maiden Claiming 5.5f,Maiden Claiming,Dirt,,5.5,5.5f,Sprint
Roseigh All Day,Nieves Emanuel,Felks Joseph R,-,3,120.0,,3,4/1,0.14614464408191796,6/1,6.84,0.24597375375238795,3/1,0.2834096698788142,5/2,US,2026-05-11,UK (base),horse_win_predictor.pkl,75,Louisiana Downs,22:29,Maiden Claiming 5.5f,Maiden Claiming,Dirt,,5.5,5.5f,Sprint
Bulletproof Bess,Dominguez Joel,Richey Tony J,-,3,120.0,,4,6/1,0.136135063233116,13/2,7.35,0.2302169094664212,7/2,0.2654976018039107,3/1,US,2026-05-11,UK (base),horse_win_predictor.pkl,75,Louisiana Downs,22:29,Maiden Claiming 5.5f,Maiden Claiming,Dirt,,5.5,5.5f,Sprint
Mary Claire,Castillo Isaac,Thompson Kevin J,-,4,125.0,,5,5/2,0.1611590153551209,5/1,6.21,0.26930844505503193,5/2,0.30986448119249854,2/1,US,2026-05-11,UK (base),horse_win_predictor.pkl,75,Louisiana Downs,22:29,Maiden Claiming 5.5f,Maiden Claiming,Dirt,,5.5,5.5f,Sprint
Jubilate,Castillo Alexander,Wilson Shane,-,3,120.0,,6,3/1,0.15490302732461966,11/2,6.46,0.2596294908848499,3/1,0.2989019147199362,5/2,US,2026-05-11,UK (base),horse_win_predictor.pkl,75,Louisiana Downs,22:29,Maiden Claiming 5.5f,Maiden Claiming,Dirt,,5.5,5.5f,Sprint
Millie's Deal,Hernandez Harry,Wong Jonathan,-,3,120.0,,7,7/2,0.15003725885645205,11/2,6.67,0.25205812270548733,3/1,0.29031594664887556,5/2,US,2026-05-11,UK (base),horse_win_predictor.pkl,75,Louisiana Downs,22:29,Maiden Claiming 5.5f,Maiden Claiming,Dirt,,5.5,5.5f,Sprint
Mo Dixie Diva,"Ramirez, Jr. Julio",Gomez David C,-,7,119.0,,1,12/1,0.12463843861847043,7/1,8.02,0.2119213972082466,7/2,0.24465250667941266,3/1,US,2026-05-11,UK (base),horse_win_predictor.pkl,75,Louisiana Downs,22:57,Claiming 5.5f,Claiming,Dirt,,5.5,5.5f,Sprint
In Your Life,Dominguez Joel,Lorefice Matthew F,-,5,122.0,,2,5/2,0.16135547042416004,5/1,6.2,0.2696113764948465,5/2,0.3102073412713539,2/1,US,2026-05-11,UK (base),horse_win_predictor.pkl,75,Louisiana Downs,22:57,Claiming 5.5f,Claiming,Dirt,,5.5,5.5f,Sprint
Sara's Sapphire,Lozada Carlos,Dixon Tim,-,6,119.0,,3,10/1,0.12709795271071758,7/1,7.87,0.21585320321268703,7/2,0.24913642215092557,3/1,US,2026-05-11,UK (base),horse_win_predictor.pkl,75,Louisiana Downs,22:57,Claiming 5.5f,Claiming,Dirt,,5.5,5.5f,Sprint
Where's Aunt J,Castillo Isaac,Cates Al,-,6,119.0,,4,1/1,0.19903873990894672,4/1,5.02,0.326576595848471,2/1,0.3744032918257926,3/2,US,2026-05-11,UK (base),horse_win_predictor.pkl,75,Louisiana Downs,22:57,Claiming 5.5f,Claiming,Dirt,,5.5,5.5f,Sprint
Ann's Storm,Santiago Edward,Hatcher Nathan D,-,7,119.0,,5,20/1,0.11948517099661927,15/2,8.37,0.20365194292344163,4/1,0.235214482396,7/2,US,2026-05-11,UK (base),horse_win_predictor.pkl,75,Louisiana Downs,22:57,Claiming 5.5f,Claiming,Dirt,,5.5,5.5f,Sprint
Waving Bye,Nava-Marin Jose,Rodriguez-Torres Pedro,-,6,122.0,,6,4/1,0.14628216263024538,6/1,6.84,0.24618911585141645,3/1,0.2836542233093556,5/2,US,2026-05-11,UK (base),horse_win_predictor.pkl,75,Louisiana Downs,22:57,Claiming 5.5f,Claiming,Dirt,,5.5,5.5f,Sprint
Mischief Angel,Pena Jonuelle,Rangel Raul,-,6,117.0,,7,15/1,0.12210206471084056,7/1,8.19,0.20785658511419278,4/1,0.24001453026544986,3/1,US,2026-05-11,UK (base),horse_win_predictor.pkl,75,Louisiana Downs,22:57,Claiming 5.5f,Claiming,Dirt,,5.5,5.5f,Sprint
Texas Holdem,Lozada Carlos,Dixon Tim,-,7,122.0,,1,6/1,0.11106223078665899,8/1,9.0,0.19004416013013892,9/2,0.2196623836339439,7/2,US,2026-05-11,UK (base),horse_win_predictor.pkl,75,Louisiana Downs,23:25,Unknown 6f,Unknown,Dirt,,6.0,6f,Sprint
Lil Chilly,Murray Erica M,Scherer Gary M,-,5,117.0,,2,6/1,0.11106223078665899,8/1,9.0,0.19004416013013892,9/2,0.2196623836339439,7/2,US,2026-05-11,UK (base),horse_win_predictor.pkl,75,Louisiana Downs,23:25,Unknown 6f,Unknown,Dirt,,6.0,6f,Sprint
Super Wise,Barrera Elio J,Scherer Gary M,-,8,124.0,,3,20/1,0.09463391231983281,19/2,10.57,0.16317658028693283,5/1,0.18888008077459534,9/2,US,2026-05-11,UK (base),horse_win_predictor.pkl,75,Louisiana Downs,23:25,Unknown 6f,Unknown,Dirt,,6.0,6f,Sprint
Midnight Humor,Castillo Isaac,Gelner Jayde J,-,4,121.0,,4,30/1,0.09198418353486086,10/1,10.87,0.1588026583462896,11/2,0.18385958640057537,9/2,US,2026-05-11,UK (base),horse_win_predictor.pkl,75,Louisiana Downs,23:25,Unknown 6f,Unknown,Dirt,,6.0,6f,Sprint
Prodigy Paradise,Castillo Alexander,Wilson Shane,-,5,121.0,,5,8/1,0.10558612463105027,17/2,9.47,0.18113628056420755,9/2,0.20946758903914153,4/1,US,2026-05-11,UK (base),horse_win_predictor.pkl,75,Louisiana Downs,23:25,Unknown 6f,Unknown,Dirt,,6.0,6f,Sprint
Forsaken,"Ramirez, Jr. Julio",Govea Cesar,-,8,122.0,,6,12/1,0.09968877954039472,9/1,10.03,0.17148952095970776,5/1,0.19841479899195016,4/1,US,2026-05-11,UK (base),horse_win_predictor.pkl,75,Louisiana Downs,23:25,Unknown 6f,Unknown,Dirt,,6.0,6f,Sprint
Bello Creedo,Nava-Marin Jose,"West, Jr. Henry",-,6,121.0,,7,30/1,0.09198418353486086,10/1,10.87,0.1588026583462896,11/2,0.18385958640057537,9/2,US,2026-05-11,UK (base),horse_win_predictor.pkl,75,Louisiana Downs,23:25,Unknown 6f,Unknown,Dirt,,6.0,6f,Sprint
Baron Of The Nile,Dominguez Joel,Cano Juan M,-,5,126.0,,8,7/5,0.15829364637878418,11/2,6.32,0.26488306069469825,3/1,0.304854091063166,5/2,US,2026-05-11,UK (base),horse_win_predictor.pkl,75,Louisiana Downs,23:25,Unknown 6f,Unknown,Dirt,,6.0,6f,Sprint
Perfect Union,Hernandez Harry,Wong Jonathan,-,4,122.0,,9,5/2,0.13570470848689822,13/2,7.37,0.2295358609520056,7/2,0.26472254312642085,3/1,US,2026-05-11,UK (base),horse_win_predictor.pkl,75,Louisiana Downs,23:25,Unknown 6f,Unknown,Dirt,,6.0,6f,Sprint
Myrna,Lozada Carlos,Dixon Tim,-,3,118.0,,1,3/1,0.13016181601854898,13/2,7.68,0.22073759015399091,7/2,0.25470350545478165,3/1,US,2026-05-11,UK (base),horse_win_predictor.pkl,75,Louisiana Downs,23:53,Maiden Special Weight 8f,Maiden Special Weight,Turf,,8.0,8f,Classic
Rhythm Ready,Hernandez Harry,Scherer Gary M,-,3,118.0,,2,8/1,0.10586066994514384,17/2,9.45,0.18158402074827118,9/2,0.20998027729944393,4/1,US,2026-05-11,UK (base),horse_win_predictor.pkl,75,Louisiana Downs,23:53,Maiden Special Weight 8f,Maiden Special Weight,Turf,,8.0,8f,Classic
La Jefacita,Castillo Isaac,Wong Jonathan,-,3,118.0,,3,6/1,0.11141521761906503,8/1,8.98,0.19061671114063417,4/1,0.22031727121122258,7/2,US,2026-05-11,UK (base),horse_win_predictor.pkl,75,Louisiana Downs,23:53,Maiden Special Weight 8f,Maiden Special Weight,Turf,,8.0,8f,Classic
Mothertwotheblues,Castillo Alexander,Wilson Shane,-,3,118.0,,4,3/2,0.15640705377782652,11/2,6.39,0.2619621636229198,3/1,0.3015453298148298,5/2,US,2026-05-11,UK (base),horse_win_predictor.pkl,75,Louisiana Downs,23:53,Maiden Special Weight 8f,Maiden Special Weight,Turf,,8.0,8f,Classic
Open Flame,Vargas Juan P,Garcia J. L,-,4,124.0,,5,8/1,0.10586066994514384,17/2,9.45,0.18158402074827118,9/2,0.20998027729944393,4/1,US,2026-05-11,UK (base),horse_win_predictor.pkl,75,Louisiana Downs,23:53,Maiden Special Weight 8f,Maiden Special Weight,Turf,,8.0,8f,Classic
Calipari's Girl,Barrera Elio J,Milligan Allen,-,4,124.0,,6,30/1,0.09206389023895255,10/1,10.86,0.15893439452137068,11/2,0.18401083362727746,9/2,US,2026-05-11,UK (base),horse_win_predictor.pkl,75,Louisiana Downs,23:53,Maiden Special Weight 8f,Maiden Special Weight,Turf,,8.0,8f,Classic
Dewey's Soldier,Riquelme Jose,Besancon Danny,-,3,115.0,,7,30/1,0.09206389023895255,10/1,10.86,0.15893439452137068,11/2,0.18401083362727746,9/2,US,2026-05-11,UK (base),horse_win_predictor.pkl,75,Louisiana Downs,23:53,Maiden Special Weight 8f,Maiden Special Weight,Turf,,8.0,8f,Classic
Balitrix,Nava-Marin Jose,Vincent Jarvis,-,5,124.0,,8,20/1,0.09475157459730149,19/2,10.55,0.1633705455642083,5/1,0.18910265967679835,9/2,US,2026-05-11,UK (base),horse_win_predictor.pkl,75,Louisiana Downs,23:53,Maiden Special Weight 8f,Maiden Special Weight,Turf,,8.0,8f,Classic
Iona Mckinzie,Williams Rey,Foster Joseph M,-,3,118.0,,9,6/1,0.11141521761906503,8/1,8.98,0.19061671114063417,4/1,0.22031727121122258,7/2,US,2026-05-11,UK (base),horse_win_predictor.pkl,75,Louisiana Downs,23:53,Maiden Special Weight 8f,Maiden Special Weight,Turf,,8.0,8f,Classic
Winehouse (Brz),Anthony Cardos,Breno Piovesan,-,5,123.0,,1,10/1,0.1445450644411891,6/1,6.92,0.24346649547069438,3/1,0.28056203210675884,5/2,US,2026-05-11,UK (base),horse_win_predictor.pkl,75,BR - Gavea (simulcast),21:30,Allowance 1600mtr,Allowance,Turf,,,1600mtr,Unknown
Mountain Bike (Brz),Valdinei Gil,Flavio Assis,-,6,126.0,,2,2/1,0.18431955727201432,9/2,5.43,0.30459624373526467,5/2,0.34970000115898353,2/1,US,2026-05-11,UK (base),horse_win_predictor.pkl,75,BR - Gavea (simulcast),21:30,Allowance 1600mtr,Allowance,Turf,,,1600mtr,Unknown
Not To Worry (Brz),Vagner Borges,Christiano Oli,-,5,126.0,,3,3/5,0.23217324395910094,7/2,4.31,0.3747883069579879,3/2,0.42826895558257055,3/2,US,2026-05-11,UK (base),horse_win_predictor.pkl,75,BR - Gavea (simulcast),21:30,Allowance 1600mtr,Allowance,Turf,,,1600mtr,Unknown
Noli Cry (Brz),Edson Fernando,Jairo Borges,-,6,126.0,,4,20/1,0.13744247643568458,13/2,7.28,0.2322841101212133,7/2,0.26784972275328656,5/2,US,2026-05-11,UK (base),horse_win_predictor.pkl,75,BR - Gavea (simulcast),21:30,Allowance 1600mtr,Allowance,Turf,,,1600mtr,Unknown
Ustaritz (Brz),Joao Brasil,Flavio Assis,-,5,123.0,,5,5/1,0.15697459345082196,11/2,6.37,0.2628414498202388,3/1,0.3025415209587702,5/2,US,2026-05-11,UK (base),horse_win_predictor.pkl,75,BR - Gavea (simulcast),21:30,Allowance 1600mtr,Allowance,Turf,,,1600mtr,Unknown
German Glory (Brz),Henderson Fern,Roberto Da Sil,-,6,126.0,,6,10/1,0.1445450644411891,6/1,6.92,0.24346649547069438,3/1,0.28056203210675884,5/2,US,2026-05-11,UK (base),horse_win_predictor.pkl,75,BR - Gavea (simulcast),21:30,Allowance 1600mtr,Allowance,Turf,,,1600mtr,Unknown
Time Is Now (Brz),Joao Brasil,Dulcino Guigno,-,4,123.0,,1,4/5,0.18474017481025728,9/2,5.41,0.30522916890732354,5/2,0.3504125416937234,2/1,US,2026-05-11,UK (base),horse_win_predictor.pkl,75,BR - Gavea (simulcast),22:00,Allowance 1900mtr,Allowance,Dirt,,,1900mtr,Unknown
Top Winner (Brz),Henderson Fern,Dulcino Guigno,-,4,123.0,,2,15/1,0.10706799188837617,17/2,9.34,0.18355154148946962,9/2,0.21223287258987966,7/2,US,2026-05-11,UK (base),horse_win_predictor.pkl,75,BR - Gavea (simulcast),22:00,Allowance 1900mtr,Allowance,Dirt,,,1900mtr,Unknown
Valparaiso (Brz),Vagner Borges,Alessandro Dam,-,5,126.0,,3,1/1,0.17598837955145377,9/2,5.68,0.2920015554028995,5/2,0.33550649634719165,2/1,US,2026-05-11,UK (base),horse_win_predictor.pkl,75,BR - Gavea (simulcast),22:00,Allowance 1900mtr,Allowance,Dirt,,,1900mtr,Unknown
Contessa (Brz),Viitorio Vinyc,Jose De Olivei,-,5,115.0,,4,50/1,0.10031109113709405,9/1,9.97,0.1725101120426778,5/1,0.1995847448822717,4/1,US,2026-05-11,UK (base),horse_win_predictor.pkl,75,BR - Gavea (simulcast),22:00,Allowance 1900mtr,Allowance,Dirt,,,1900mtr,Unknown
Tunga (Brz),Matheus Aguiar,Alan Marcelo G,-,4,117.0,,5,50/1,0.10031109113709405,9/1,9.97,0.1725101120426778,5/1,0.1995847448822717,4/1,US,2026-05-11,UK (base),horse_win_predictor.pkl,75,BR - Gavea (simulcast),22:00,Allowance 1900mtr,Allowance,Dirt,,,1900mtr,Unknown
A Reason To Live (Brz),Roberto Melo,Jaime Barreto,-,9,132.0,,6,50/1,0.10031109113709405,9/1,9.97,0.1725101120426778,5/1,0.1995847448822717,4/1,US,2026-05-11,UK (base),horse_win_predictor.pkl,75,BR - Gavea (simulcast),22:00,Allowance 1900mtr,Allowance,Dirt,,,1900mtr,Unknown
Ragnar Lodbrok (Brz),Joao Enick,Jaime Barreto,-,7,119.0,,7,6/1,0.11972683860200266,15/2,8.35,0.2040406967783008,4/1,0.2356583935944126,3/1,US,2026-05-11,UK (base),horse_win_predictor.pkl,75,BR - Gavea (simulcast),22:00,Allowance 1900mtr,Allowance,Dirt,,,1900mtr,Unknown
Sonic Do Iguassu (Brz),Pedro Assis,Antonio Oldoni,-,4,117.0,,8,10/1,0.11154334173662796,8/1,8.97,0.190824481457311,4/1,0.22055490885256715,7/2,US,2026-05-11,UK (base),horse_win_predictor.pkl,75,BR - Gavea (simulcast),22:00,Allowance 1900mtr,Allowance,Dirt,,,1900mtr,Unknown
Noirien Blanc (Brz),Edson Fernando,Gilvanio Santo,-,5,123.0,,1,20/1,0.1187368321883642,15/2,8.42,0.20244754968455336,4/1,0.2338390687456243,7/2,US,2026-05-11,UK (base),horse_win_predictor.pkl,75,BR - Gavea (simulcast),22:30,Allowance 1300mtr,Allowance,Dirt,,,1300mtr,Unknown
Pixdecem (Brz),Joao Brasil,Ildefonso De S,-,5,128.0,,2,5/1,0.13780113488149692,13/2,7.26,0.23285072056699166,7/2,0.2684943151990522,5/2,US,2026-05-11,UK (base),horse_win_predictor.pkl,75,BR - Gavea (simulcast),22:30,Allowance 1300mtr,Allowance,Dirt,,,1300mtr,Unknown
Rainha Da Sucata (Brz),Pedro Assis,Leopoldo Cury,-,6,123.0,,3,12/1,0.12342958362051995,7/1,8.1,0.20998536082674799,4/1,0.2424437772790835,3/1,US,2026-05-11,UK (base),horse_win_predictor.pkl,75,BR - Gavea (simulcast),22:30,Allowance 1300mtr,Allowance,Dirt,,,1300mtr,Unknown
Laugh Forever (Brz),Viitorio Vinyc,Ildefonso De S,-,7,117.0,,4,10/1,0.12566930589495792,7/1,7.96,0.21357053105562784,7/2,0.24653349049087908,3/1,US,2026-05-11,UK (base),horse_win_predictor.pkl,75,BR - Gavea (simulcast),22:30,Allowance 1300mtr,Allowance,Dirt,,,1300mtr,Unknown
Mark Rohtko (Brz),Matheus Aguiar,Jose Antonio L,-,6,121.0,,5,4/1,0.1431391396355741,6/1,6.99,0.24125940070754348,3/1,0.278054498609532,5/2,US,2026-05-11,UK (base),horse_win_predictor.pkl,75,BR - Gavea (simulcast),22:30,Allowance 1300mtr,Allowance,Dirt,,,1300mtr,Unknown
Indian-Vip (Brz),Valdinei Gil,Dilson Antunes,-,6,128.0,,6,3/1,0.1511461467666898,11/2,6.62,0.25378693803410746,3/1,0.29227723475938905,5/2,US,2026-05-11,UK (base),horse_win_predictor.pkl,75,BR - Gavea (simulcast),22:30,Allowance 1300mtr,Allowance,Dirt,,,1300mtr,Unknown
Kaiaki D'anafer (Brz),Vagner Borges,Antonio Oldoni,-,5,128.0,,7,4/5,0.20007785701239714,4/1,5.0,0.32811522352897626,2/1,0.37612923597269343,3/2,US,2026-05-11,UK (base),horse_win_predictor.pkl,75,BR - Gavea (simulcast),22:30,Allowance 1300mtr,Allowance,Dirt,,,1300mtr,Unknown
Toda Chic (Brz),Pedro Assis,Jairo Borges,-,4,126.0,,1,5/2,0.14596353157797595,6/1,6.85,0.24569007479978489,3/1,0.28308752850796326,5/2,US,2026-05-11,UK (base),horse_win_predictor.pkl,75,BR - Gavea (simulcast),23:00,Allowance 1500mtr,Allowance,Turf,,,1500mtr,Unknown
Tulinha (Brz),Francisco Chav,Jaime Barreto,-,4,126.0,,2,15/1,0.10788438364379335,17/2,9.27,0.18488065837146708,9/2,0.21375426139434472,7/2,US,2026-05-11,UK (base),horse_win_predictor.pkl,75,BR - Gavea (simulcast),23:00,Allowance 1500mtr,Allowance,Turf,,,1500mtr,Unknown
Zahrina (Brz),Joao Brasil,Lucio De Vaz,-,4,126.0,,3,5/2,0.14596353157797595,6/1,6.85,0.24569007479978489,3/1,0.28308752850796326,5/2,US,2026-05-11,UK (base),horse_win_predictor.pkl,75,BR - Gavea (simulcast),23:00,Allowance 1500mtr,Allowance,Turf,,,1500mtr,Unknown
Once Maybe (Brz),Vagner Borges,Lucas Quintana,-,4,126.0,,4,5/1,0.12565465267974524,7/1,7.96,0.2135471014314875,7/2,0.24650676971339086,3/1,US,2026-05-11,UK (base),horse_win_predictor.pkl,75,BR - Gavea (simulcast),23:00,Allowance 1500mtr,Allowance,Turf,,,1500mtr,Unknown
Oh Well (Brz),Wesley Cardoso,Roberto Morgad,-,4,126.0,,5,6/1,0.1215928769000991,7/1,8.22,0.20703931624990424,4/1,0.23908173100608116,3/1,US,2026-05-11,UK (base),horse_win_predictor.pkl,75,BR - Gavea (simulcast),23:00,Allowance 1500mtr,Allowance,Turf,,,1500mtr,Unknown
Orange Et Bleu (Brz),Henderson Fern,Fabricio Borge,-,4,126.0,,6,12/1,0.11034488243338669,8/1,9.06,0.1888799939167057,9/2,0.21833066072295032,7/2,US,2026-05-11,UK (base),horse_win_predictor.pkl,75,BR - Gavea (simulcast),23:00,Allowance 1500mtr,Allowance,Turf,,,1500mtr,Unknown
Sofia Sol (Brz),Anthony Cardos,Julio Cezar Sa,-,4,126.0,,7,3/1,0.13987086790850675,6/1,7.15,0.236116474483729,3/1,0.27220857694943734,5/2,US,2026-05-11,UK (base),horse_win_predictor.pkl,75,BR - Gavea (simulcast),23:00,Allowance 1500mtr,Allowance,Turf,,,1500mtr,Unknown
Pilavas (Brz),Valdinei Gil,Breno Piovesan,-,4,126.0,,8,30/1,0.102725273278517,17/2,9.73,0.1764635064852138,9/2,0.2041153439377251,4/1,US,2026-05-11,UK (base),horse_win_predictor.pkl,75,BR - Gavea (simulcast),23:00,Allowance 1500mtr,Allowance,Turf,,,1500mtr,Unknown
Of The Wind (Brz),Pedro Assis,Roberto Da Sil,-,4,121.0,,1,50/1,0.08934892446365522,10/1,11.19,0.15444147979232983,11/2,0.1788511880405828,9/2,US,2026-05-11,UK (base),horse_win_predictor.pkl,75,BR - Gavea (simulcast),23:30,Maiden Special 1300mtr,Maiden Special,Turf,,,1300mtr,Unknown
Imperador Do Tempo (Brz),Antonio Queiro,Allan Hollanda,-,4,126.0,,2,18/1,0.09428226573057816,19/2,10.61,0.1625967618100076,5/1,0.18821469783979364,9/2,US,2026-05-11,UK (base),horse_win_predictor.pkl,75,BR - Gavea (simulcast),23:30,Maiden Special 1300mtr,Maiden Special,Turf,,,1300mtr,Unknown
Xavier (Brz),Maikon Mesquit,Leonardo Dos R,-,4,126.0,,3,20/1,0.09353345500256308,19/2,10.69,0.16136141324084036,5/1,0.18679689758019433,9/2,US,2026-05-11,UK (base),horse_win_predictor.pkl,75,BR - Gavea (simulcast),23:30,Maiden Special 1300mtr,Maiden Special,Turf,,,1300mtr,Unknown
Amizade Sincera (Brz),Scratched,Jorge Alexandr,-,4,121.0,,4,20/1,0.09353345500256308,19/2,10.69,0.16136141324084036,5/1,0.18679689758019433,9/2,US,2026-05-11,UK (base),horse_win_predictor.pkl,75,BR - Gavea (simulcast),23:30,Maiden Special 1300mtr,Maiden Special,Turf,,,1300mtr,Unknown
Zhaar (Brz),Wesley Cardoso,Lucio De Vaz,-,4,126.0,,5,4/5,0.169412942108092,5/1,5.9,0.2819826998315898,5/2,0.3241963589779015,2/1,US,2026-05-11,UK (base),horse_win_predictor.pkl,75,BR - Gavea (simulcast),23:30,Maiden Special 1300mtr,Maiden Special,Turf,,,1300mtr,Unknown
Orlando Magic (Brz),Vagner Borges,Manoel De Paul,-,4,126.0,,6,15/1,0.09575648685135787,19/2,10.44,0.16502623251315274,5/1,0.1910023871363258,4/1,US,2026-05-11,UK (base),horse_win_predictor.pkl,75,BR - Gavea (simulcast),23:30,Maiden Special 1300mtr,Maiden Special,Turf,,,1300mtr,Unknown
Tesla Do Iguassu (Brz),Joao Brasil,Antonio Oldoni,-,3,126.0,,7,1/1,0.16111362320592476,5/1,6.21,0.26923844210463205,5/2,0.3097852491916473,2/1,US,2026-05-11,UK (base),horse_win_predictor.pkl,75,BR - Gavea (simulcast),23:30,Maiden Special 1300mtr,Maiden Special,Turf,,,1300mtr,Unknown
Numbat (Brz),Henderson Fern,Leonardo Dos R,-,4,126.0,,8,10/1,0.10000045674451156,9/1,10.0,0.17200074906083207,5/1,0.19900085867945227,4/1,US,2026-05-11,UK (base),horse_win_predictor.pkl,75,BR - Gavea (simulcast),23:30,Maiden Special 1300mtr,Maiden Special,Turf,,,1300mtr,Unknown
Estoril (Brz),Adilton Da Sil,Victor Gomes,-,4,126.0,,9,8/1,0.1030183908907542,17/2,9.71,0.1769428725139814,9/2,0.20466455312269158,4/1,US,2026-05-11,UK (base),horse_win_predictor.pkl,75,BR - Gavea (simulcast),23:30,Maiden Special 1300mtr,Maiden Special,Turf,,,1300mtr,Unknown
Nada Me Aborrece (Brz),Waldomiro Blan,Lucas Quintana,-,4,126.0,,1,20/1,0.09405751999594049,19/2,10.63,0.16222608233846347,5/1,0.1877892932169096,9/2,US,2026-05-11,UK (base),horse_win_predictor.pkl,75,BR - Gavea (simulcast),00:00,Claiming 1000mtr,Claiming,Turf,,,1000mtr,Unknown
Sonho Bom (Brz),Henderson Fern,Victor Gomes,-,5,128.0,,2,6/1,0.10933305381498198,8/1,9.15,0.1872365235417598,9/2,0.21645032468930148,7/2,US,2026-05-11,UK (base),horse_win_predictor.pkl,75,BR - Gavea (simulcast),00:00,Claiming 1000mtr,Claiming,Turf,,,1000mtr,Unknown
Jeito Certo (Brz),Matheus Aguiar,Alvaro Castill,-,5,119.0,,3,30/1,0.09159372421867573,10/1,10.92,0.15815717534061885,11/2,0.18311846951134753,9/2,US,2026-05-11,UK (base),horse_win_predictor.pkl,75,BR - Gavea (simulcast),00:00,Claiming 1000mtr,Claiming,Turf,,,1000mtr,Unknown
Veep (Brz),Eduardo Nunes,Flavio Assis,-,5,128.0,,4,2/1,0.13988412145306497,6/1,7.15,0.2361373646677603,3/1,0.27223233087327103,5/2,US,2026-05-11,UK (base),horse_win_predictor.pkl,75,BR - Gavea (simulcast),00:00,Claiming 1000mtr,Claiming,Turf,,,1000mtr,Unknown
Opostosseatraem (Brz),Vagner Borges,Flavio Assis,-,4,117.0,,5,2/1,0.13988412145306497,6/1,7.15,0.2361373646677603,3/1,0.27223233087327103,5/2,US,2026-05-11,UK (base),horse_win_predictor.pkl,75,BR - Gavea (simulcast),00:00,Claiming 1000mtr,Claiming,Turf,,,1000mtr,Unknown
Off Piste (Brz),Jorge Ricardo,Daniel Lopes,-,5,128.0,,6,15/1,0.09644432215516573,19/2,10.37,0.1661585740585228,5/1,0.1923014185222817,4/1,US,2026-05-11,UK (base),horse_win_predictor.pkl,75,BR - Gavea (simulcast),00:00,Claiming 1000mtr,Claiming,Turf,,,1000mtr,Unknown
Paramount (Brz),Francisco Chav,Lenio Vieira,-,5,126.0,,7,20/1,0.09405751999594049,19/2,10.63,0.16222608233846347,5/1,0.1877892932169096,9/2,US,2026-05-11,UK (base),horse_win_predictor.pkl,75,BR - Gavea (simulcast),00:00,Claiming 1000mtr,Claiming,Turf,,,1000mtr,Unknown
Post Heart (Brz),Joao Brasil,Jose Rodrigues,-,5,128.0,,8,2/1,0.13988412145306497,6/1,7.15,0.2361373646677603,3/1,0.27223233087327103,5/2,US,2026-05-11,UK (base),horse_win_predictor.pkl,75,BR - Gavea (simulcast),00:00,Claiming 1000mtr,Claiming,Turf,,,1000mtr,Unknown
Nikoon (Brz),Pedro Assis,Gilvanio Santo,-,4,126.0,,9,18/1,0.09486149546010056,19/2,10.54,0.16355172917143967,5/1,0.18931056681319183,9/2,US,2026-05-11,UK (base),horse_win_predictor.pkl,75,BR - Gavea (simulcast),00:00,Claiming 1000mtr,Claiming,Turf,,,1000mtr,Unknown
Key Right (Brz),Anthony Cardos,Alvaro Castill,-,4,126.0,,1,20/1,0.08476079187755323,11/1,11.8,0.1468219119078279,6/1,0.1700948319191809,5/1,US,2026-05-11,UK (base),horse_win_predictor.pkl,75,BR - Gavea (simulcast),00:30,Maiden Special 1200mtr,Maiden Special,Dirt,,,1200mtr,Unknown
Bastogne (Brz),Henderson Fern,Alan Marcelo G,-,4,121.0,,2,5/1,0.10221832712699185,9/1,9.78,0.17563411970807274,9/2,0.2031650419259781,4/1,US,2026-05-11,UK (base),horse_win_predictor.pkl,75,BR - Gavea (simulcast),00:30,Maiden Special 1200mtr,Maiden Special,Dirt,,,1200mtr,Unknown
Dona Del Tiempo (Brz),Viitorio Vinyc,Jairo Borges,-,4,121.0,,3,15/1,0.08694298378373305,21/2,11.5,0.15045010486734472,11/2,0.17426527527369912,9/2,US,2026-05-11,UK (base),horse_win_predictor.pkl,75,BR - Gavea (simulcast),00:30,Maiden Special 1200mtr,Maiden Special,Dirt,,,1200mtr,Unknown
Guacho Bryan (Brz),Francisco Chav,Flavio Guedes,-,4,126.0,,4,5/1,0.10221832712699185,9/1,9.78,0.17563411970807274,9/2,0.2031650419259781,4/1,US,2026-05-11,UK (base),horse_win_predictor.pkl,75,BR - Gavea (simulcast),00:30,Maiden Special 1200mtr,Maiden Special,Dirt,,,1200mtr,Unknown
Queen Of Ibiza (Brz),Vagner Borges,Roberto Morgad,-,4,121.0,,5,8/1,0.09407147734392049,19/2,10.63,0.16224910493932268,5/1,0.1878157152875985,9/2,US,2026-05-11,UK (base),horse_win_predictor.pkl,75,BR - Gavea (simulcast),00:30,Maiden Special 1200mtr,Maiden Special,Dirt,,,1200mtr,Unknown
Hora Da Vitoria (Brz),Joao Brasil,Dilson Antunes,-,4,126.0,,6,2/1,0.12665887647620588,7/1,7.9,0.21515200086499878,7/2,0.24833692251079612,3/1,US,2026-05-11,UK (base),horse_win_predictor.pkl,75,BR - Gavea (simulcast),00:30,Maiden Special 1200mtr,Maiden Special,Dirt,,,1200mtr,Unknown
Rivello (Brz),Jorge Ricardo,Carlos Rodrigu,-,4,126.0,,7,30/1,0.08250820668407728,11/1,12.12,0.14306868869516118,6/1,0.16577886944931763,5/1,US,2026-05-11,UK (base),horse_win_predictor.pkl,75,BR - Gavea (simulcast),00:30,Maiden Special 1200mtr,Maiden Special,Dirt,,,1200mtr,Unknown
Tesla Do Iguassu (Brz),Scratched,Antonio Oldoni,-,3,126.0,,8,1/1,0.15109942582541996,11/2,6.62,0.2537141372979387,3/1,0.2921946541001332,5/2,US,2026-05-11,UK (base),horse_win_predictor.pkl,75,BR - Gavea (simulcast),00:30,Maiden Special 1200mtr,Maiden Special,Dirt,,,1200mtr,Unknown
Top Of The Hill (Brz),Matheus Aguiar,Alvaro Castill,-,4,121.0,,9,20/1,0.08476079187755323,11/1,11.8,0.1468219119078279,6/1,0.1700948319191809,5/1,US,2026-05-11,UK (base),horse_win_predictor.pkl,75,BR - Gavea (simulcast),00:30,Maiden Special 1200mtr,Maiden Special,Dirt,,,1200mtr,Unknown
Villerville (Brz),Pedro Assis,Manoel De Paul,-,4,121.0,,10,20/1,0.08476079187755323,11/1,11.8,0.1468219119078279,6/1,0.1700948319191809,5/1,US,2026-05-11,UK (base),horse_win_predictor.pkl,75,BR - Gavea (simulcast),00:30,Maiden Special 1200mtr,Maiden Special,Dirt,,,1200mtr,Unknown
Scarface (Brz),Wesley Cardoso,Edson Ricardo,-,5,128.0,,1,2/1,0.115765623572805,15/2,8.64,0.1976567787500887,4/1,0.22836596194157008,7/2,US,2026-05-11,UK (base),horse_win_predictor.pkl,75,BR - Gavea (simulcast),01:00,Allowance 1000mtr,Allowance,Turf,,,1000mtr,Unknown
Palmar Point (Brz),Joao Brasil,Ivan Jeronimo,-,5,128.0,,2,12/1,0.07657269375896639,12/1,13.06,0.13314014682253594,13/2,0.15435294172137454,11/2,US,2026-05-11,UK (base),horse_win_predictor.pkl,75,BR - Gavea (simulcast),01:00,Allowance 1000mtr,Allowance,Turf,,,1000mtr,Unknown
El Cielo Zip (Brz),Pedro Assis,Oberdan Pereir,-,5,128.0,,3,4/1,0.09538530006960892,19/2,10.48,0.16441485574980058,5/1,0.19030093912987245,9/2,US,2026-05-11,UK (base),horse_win_predictor.pkl,75,BR - Gavea (simulcast),01:00,Allowance 1000mtr,Allowance,Turf,,,1000mtr,Unknown
Midnight Heart (Brz),Adilton Da Sil,Victor Gomes,-,5,128.0,,4,12/1,0.07657269375896639,12/1,13.06,0.13314014682253594,13/2,0.15435294172137454,11/2,US,2026-05-11,UK (base),horse_win_predictor.pkl,75,BR - Gavea (simulcast),01:00,Allowance 1000mtr,Allowance,Turf,,,1000mtr,Unknown
Fast Volk (Brz),Angelo De Souz,Jose Rodrigues,-,6,128.0,,5,8/1,0.08179841773414487,11/1,12.23,0.14188436700641302,6/1,0.16441659798351357,5/1,US,2026-05-11,UK (base),horse_win_predictor.pkl,75,BR - Gavea (simulcast),01:00,Allowance 1000mtr,Allowance,Turf,,,1000mtr,Unknown
Enough Fast (Brz),Jorge Ricardo,Edson Ferreira,-,5,128.0,,6,6/1,0.08665087571109632,21/2,11.54,0.14996487687077348,11/2,0.17370762730565242,5/1,US,2026-05-11,UK (base),horse_win_predictor.pkl,75,BR - Gavea (simulcast),01:00,Allowance 1000mtr,Allowance,Turf,,,1000mtr,Unknown
Lets Make A Deal (Brz),Joao Enick,Gesuisinho Alm,-,7,117.0,,7,10/1,0.07871048993063032,23/2,12.7,0.13672260889503868,13/2,0.1584771535066918,11/2,US,2026-05-11,UK (base),horse_win_predictor.pkl,75,BR - Gavea (simulcast),01:00,Allowance 1000mtr,Allowance,Turf,,,1000mtr,Unknown
New Galileo (Brz),Anthony Cardos,Mauricio Chave,-,7,121.0,,8,10/1,0.07871048993063032,23/2,12.7,0.13672260889503868,13/2,0.1584771535066918,11/2,US,2026-05-11,UK (base),horse_win_predictor.pkl,75,BR - Gavea (simulcast),01:00,Allowance 1000mtr,Allowance,Turf,,,1000mtr,Unknown
Ybitu (Brz),Edson Fernando,Jose Reis,-,5,123.0,,9,30/1,0.0697455382430074,27/2,14.34,0.12165041675356787,7/1,0.14111474619502806,6/1,US,2026-05-11,UK (base),horse_win_predictor.pkl,75,BR - Gavea (simulcast),01:00,Allowance 1000mtr,Allowance,Turf,,,1000mtr,Unknown
King George (Brz),Matheus Aguiar,Edson Dos Reis,-,10,121.0,,10,15/1,0.07436809145693796,25/2,13.45,0.12943807420093034,13/2,0.15008931772992748,11/2,US,2026-05-11,UK (base),horse_win_predictor.pkl,75,BR - Gavea (simulcast),01:00,Allowance 1000mtr,Allowance,Turf,,,1000mtr,Unknown
Ta Fora (Brz),Henderson Fern,Valter Lopes,-,8,128.0,,11,7/1,0.08392136809906113,11/1,11.92,0.14542422575941555,6/1,0.16848779738204844,5/1,US,2026-05-11,UK (base),horse_win_predictor.pkl,75,BR - Gavea (simulcast),01:00,Allowance 1000mtr,Allowance,Turf,,,1000mtr,Unknown
Moncho (Brz),Roberto Melo,Daniel Peres,-,6,128.0,,12,8/1,0.08179841773414487,11/1,12.23,0.14188436700641302,6/1,0.16441659798351357,5/1,US,2026-05-11,UK (base),horse_win_predictor.pkl,75,BR - Gavea (simulcast),01:00,Allowance 1000mtr,Allowance,Turf,,,1000mtr,Unknown
National Punchline,Gomez Alejandro,Jensen Justin P,-,4,119.0,,1,20/1,0.1201823876355752,15/2,8.32,0.20477325270580526,4/1,0.23649482710714154,3/1,US,2026-05-11,UK (base),horse_win_predictor.pkl,75,Mountaineer,23:00,Maiden Claiming 6f,Maiden Claiming,Dirt,,6.0,6f,Sprint
R Elliot,Weatherly Bailey,Shafer Gabe,-,4,119.0,,2,7/2,0.15344373489194357,11/2,6.52,0.2573627389834272,3/1,0.29633236551773356,5/2,US,2026-05-11,UK (base),horse_win_predictor.pkl,75,Mountaineer,23:00,Maiden Claiming 6f,Maiden Claiming,Dirt,,6.0,6f,Sprint
Souper Justified,Ramgeet Andrew R,Ramgeet Tina,-,5,123.0,,3,4/1,0.14921047251386033,11/2,6.7,0.250767838438701,3/1,0.2888518506605162,5/2,US,2026-05-11,UK (base),horse_win_predictor.pkl,75,Mountaineer,23:00,Maiden Claiming 6f,Maiden Claiming,Dirt,,6.0,6f,Sprint
Semper Anticus,Barrios Ricardo,Ramgeet Tina,-,5,123.0,,4,9/2,0.1457468942045195,6/1,6.86,0.24535068383192438,3/1,0.2827021049422012,5/2,US,2026-05-11,UK (base),horse_win_predictor.pkl,75,Mountaineer,23:00,Maiden Claiming 6f,Maiden Claiming,Dirt,,6.0,6f,Sprint
How About It,Tapara Luis,Bernardini Jay P,-,4,119.0,,5,5/2,0.1655387702578957,5/1,6.04,0.2760473188974152,5/2,0.31748802463723497,2/1,US,2026-05-11,UK (base),horse_win_predictor.pkl,75,Mountaineer,23:00,Maiden Claiming 6f,Maiden Claiming,Dirt,,6.0,6f,Sprint
Pop Neigh,Bracho Agustin,Vazquez Juan C,-,4,119.0,,6,15/1,0.12301716154947025,7/1,8.13,0.20932431316049566,4/1,0.2416894950146302,3/1,US,2026-05-11,UK (base),horse_win_predictor.pkl,75,Mountaineer,23:00,Maiden Claiming 6f,Maiden Claiming,Dirt,,6.0,6f,Sprint
Finn D'oro,"Monserrate, Jr. Jorge A",Scallan Robert S,-,4,119.0,,7,5/1,0.14286057894673546,6/1,7.0,0.24082172609052668,3/1,0.2775571562694484,5/2,US,2026-05-11,UK (base),horse_win_predictor.pkl,75,Mountaineer,23:00,Maiden Claiming 6f,Maiden Claiming,Dirt,,6.0,6f,Sprint
Kingdom's Spirit,Oliveros Charle,Cox L. C,-,8,120.0,,1,12/1,0.1012102905039583,9/1,9.88,0.17398370458400844,9/2,0.20127373486402725,4/1,US,2026-05-11,UK (base),horse_win_predictor.pkl,75,Mountaineer,23:25,Claiming 6f,Claiming,Dirt,,6.0,6f,Sprint
Solo Surprise,"Monserrate, Jr. Jorge A",Stanoszek Sara,-,4,120.0,,2,15/1,0.09843706473816982,9/1,10.16,0.16943483195729236,5/1,0.1960589946644633,4/1,US,2026-05-11,UK (base),horse_win_predictor.pkl,75,Mountaineer,23:25,Claiming 6f,Claiming,Dirt,,6.0,6f,Sprint
Nun Gimel Hay Po,Yaranga Yuri,Fletcher Jeff,-,5,120.0,,3,9/2,0.12137920516423814,7/1,8.24,0.2066962401385869,4/1,0.23869012825396768,3/1,US,2026-05-11,UK (base),horse_win_predictor.pkl,75,Mountaineer,23:25,Claiming 6f,Claiming,Dirt,,6.0,6f,Sprint
Revocata,Gomez Alejandro,Gilbert Timothy A,-,4,123.0,,4,8/1,0.10778386268953098,17/2,9.28,0.18471706399613524,9/2,0.21356701448611184,7/2,US,2026-05-11,UK (base),horse_win_predictor.pkl,75,Mountaineer,23:25,Claiming 6f,Claiming,Dirt,,6.0,6f,Sprint
Heavenly Lady,Pagan Michael Y,Scallan Robert S,-,5,115.0,,5,20/1,0.0955758000591817,19/2,10.46,0.16472865326096492,5/1,0.1906609732116336,4/1,US,2026-05-11,UK (base),horse_win_predictor.pkl,75,Mountaineer,23:25,Claiming 6f,Claiming,Dirt,,6.0,6f,Sprint
My Angel Does,Hernandez Jairo H,Gomez Alejandro,-,4,120.0,,6,10/1,0.10389947912532894,17/2,9.62,0.17838298101558037,9/2,0.20631429422442465,4/1,US,2026-05-11,UK (base),horse_win_predictor.pkl,75,Mountaineer,23:25,Claiming 6f,Claiming,Dirt,,6.0,6f,Sprint
Siljim,Weatherly Bailey,Blankenship Donald T,-,5,120.0,,7,5/2,0.1413560349229915,6/1,7.07,0.23845563997406471,3/1,0.2748679918682172,5/2,US,2026-05-11,UK (base),horse_win_predictor.pkl,75,Mountaineer,23:25,Claiming 6f,Claiming,Dirt,,6.0,6f,Sprint
Bougie Like,Gonzalez Kevin,Brown John T,-,6,120.0,,8,12/1,0.1012102905039583,9/1,9.88,0.17398370458400844,9/2,0.20127373486402725,4/1,US,2026-05-11,UK (base),horse_win_predictor.pkl,75,Mountaineer,23:25,Claiming 6f,Claiming,Dirt,,6.0,6f,Sprint
Cicatriz,Stokes Joe,Shanley Timothy,-,4,120.0,,9,7/2,0.12914797229264222,13/2,7.74,0.21912299112891515,7/2,0.2528636231925175,3/1,US,2026-05-11,UK (base),horse_win_predictor.pkl,75,Mountaineer,23:25,Claiming 6f,Claiming,Dirt,,6.0,6f,Sprint
Impostora,Tapara Luis,Bernardini Jay P,-,3,119.0,,1,12/1,0.12620713382376347,7/1,7.92,0.21443024838036678,7/2,0.24751391633909303,3/1,US,2026-05-11,UK (base),horse_win_predictor.pkl,75,Mountaineer,23:50,Maiden Claiming 5.5f,Maiden Claiming,Dirt,,5.5,5.5f,Sprint
She's A Rock,Yaranga Yuri,Stanoszek Sara,-,3,119.0,,2,15/1,0.12337662956514116,7/1,8.11,0.20990049903897084,4/1,0.24234695009165697,3/1,US,2026-05-11,UK (base),horse_win_predictor.pkl,75,Mountaineer,23:50,Maiden Claiming 5.5f,Maiden Claiming,Dirt,,5.5,5.5f,Sprint
Catrina Zar,Garcia Francisco,Vazquez Juan C,-,3,119.0,,3,5/1,0.14381916032185788,6/1,6.95,0.24232732787879677,3/1,0.27926789071264885,5/2,US,2026-05-11,UK (base),horse_win_predictor.pkl,75,Mountaineer,23:50,Maiden Claiming 5.5f,Maiden Claiming,Dirt,,5.5,5.5f,Sprint
Princess Azara,Whitacre Brandon,Bernardini Jay P,-,3,119.0,,4,2/1,0.17652720953260465,9/2,5.66,0.2928194925943939,5/2,0.3364290987425648,2/1,US,2026-05-11,UK (base),horse_win_predictor.pkl,75,Mountaineer,23:50,Maiden Claiming 5.5f,Maiden Claiming,Dirt,,5.5,5.5f,Sprint
Jacarandosa,Pagan Michael Y,Gotera Juan C,-,3,114.0,,5,8/1,0.13291647725160896,13/2,7.52,0.22511622711291415,7/2,0.2596911333109036,3/1,US,2026-05-11,UK (base),horse_win_predictor.pkl,75,Mountaineer,23:50,Maiden Claiming 5.5f,Maiden Claiming,Dirt,,5.5,5.5f,Sprint
Gorda,Oliveros Charle,Inman Robert L,-,3,119.0,,6,4/1,0.15036077016400723,11/2,6.65,0.2525626973317623,3/1,0.2908884200196704,5/2,US,2026-05-11,UK (base),horse_win_predictor.pkl,75,Mountaineer,23:50,Maiden Claiming 5.5f,Maiden Claiming,Dirt,,5.5,5.5f,Sprint
Silver Wishes,Negron Luis,Chapman James K,-,3,119.0,,7,9/2,0.14679261934101667,6/1,6.81,0.24698825633943272,3/1,0.28456162021383874,5/2,US,2026-05-11,UK (base),horse_win_predictor.pkl,75,Mountaineer,23:50,Maiden Claiming 5.5f,Maiden Claiming,Dirt,,5.5,5.5f,Sprint
Tiz Speedy,Bracho Agustin,Bernardini Jay P,-,6,123.0,,1,6/1,0.10354734513512441,17/2,9.66,0.17780757909559788,9/2,0.20565516683077542,4/1,US,2026-05-11,UK (base),horse_win_predictor.pkl,75,Mountaineer,00:15,Claiming 8f,Claiming,Dirt,,8.0,8f,Classic
Leo And Royal,Mera Julio C,Martinez Tomas,-,6,123.0,,2,20/1,0.08636763356355999,21/2,11.58,0.14949424591251248,11/2,0.17316672554336968,5/1,US,2026-05-11,UK (base),horse_win_predictor.pkl,75,Mountaineer,00:15,Claiming 8f,Claiming,Dirt,,8.0,8f,Classic
High Rolling Dude,Whitacre Brandon,Richison Crystal,-,10,123.0,,3,5/1,0.10784227302801552,17/2,9.27,0.1848121267689487,9/2,0.21367582192179865,7/2,US,2026-05-11,UK (base),horse_win_predictor.pkl,75,Mountaineer,00:15,Claiming 8f,Claiming,Dirt,,8.0,8f,Classic
North Warden,Batista Luis A,Mathes Julie,-,5,123.0,,4,8/1,0.09782077461126962,9/1,10.22,0.16842227114384628,5/1,0.19489783234356253,4/1,US,2026-05-11,UK (base),horse_win_predictor.pkl,75,Mountaineer,00:15,Claiming 8f,Claiming,Dirt,,8.0,8f,Classic
Captain Creed,Negron Luis,Viands Gregory,-,6,123.0,,5,12/1,0.09165369866250289,10/1,10.91,0.15825633720969168,11/2,0.18323232666488748,9/2,US,2026-05-11,UK (base),horse_win_predictor.pkl,75,Mountaineer,00:15,Claiming 8f,Claiming,Dirt,,8.0,8f,Classic
Tapio,Stokes Joe,Viands Stacey R,-,6,123.0,,6,20/1,0.08636763356355999,21/2,11.58,0.14949424591251248,11/2,0.17316672554336968,5/1,US,2026-05-11,UK (base),horse_win_predictor.pkl,75,Mountaineer,00:15,Claiming 8f,Claiming,Dirt,,8.0,8f,Classic
Zaddy,Gomez Alejandro,Lopez Carlos A,-,4,123.0,,7,15/1,0.08905196349661694,10/1,11.23,0.15394933253182824,11/2,0.1782858459200325,9/2,US,2026-05-11,UK (base),horse_win_predictor.pkl,75,Mountaineer,00:15,Claiming 8f,Claiming,Dirt,,8.0,8f,Classic
Cavendish,Garcia Francisco,Richison Crystal,-,6,123.0,,8,5/2,0.12931691249247104,13/2,7.73,0.21939215140117957,7/2,0.25317036599194526,3/1,US,2026-05-11,UK (base),horse_win_predictor.pkl,75,Mountaineer,00:15,Claiming 8f,Claiming,Dirt,,8.0,8f,Classic
Hard Astray,Yaranga Yuri,Fletcher Jeff,-,9,123.0,,9,4/1,0.11385517207806307,8/1,8.78,0.19456890957337325,4/1,0.22483656113411457,7/2,US,2026-05-11,UK (base),horse_win_predictor.pkl,75,Mountaineer,00:15,Claiming 8f,Claiming,Dirt,,8.0,8f,Classic
Gambling Tzar,Gonzalez Kevin,Vazquez Juan C,-,7,123.0,,10,10/1,0.09417659336881655,19/2,10.62,0.16242248347302546,5/1,0.1880146922621038,9/2,US,2026-05-11,UK (base),horse_win_predictor.pkl,75,Mountaineer,00:15,Claiming 8f,Claiming,Dirt,,8.0,8f,Classic
No Name Dude,Gomez Alejandro,Valdez Moises,-,6,123.0,,1,15/1,0.09748573552677288,19/2,10.26,0.16787154904323448,5/1,0.19426622911190758,4/1,US,2026-05-11,UK (base),horse_win_predictor.pkl,75,Mountaineer,00:40,Claiming 2f,Claiming,Dirt,,2.0,2f,Sprint
Where Ya At Vince,Batista Luis A,Joy Kevin J,-,5,123.0,,2,3/1,0.13068368284783227,13/2,7.65,0.22156804915595985,7/2,0.25564968652150766,3/1,US,2026-05-11,UK (base),horse_win_predictor.pkl,75,Mountaineer,00:40,Claiming 2f,Claiming,Dirt,,2.0,2f,Sprint
Bustin Loose,Pagan Michael Y,Bayley Randy,-,7,118.0,,3,20/1,0.09485097780287927,19/2,10.54,0.16353439365305283,5/1,0.18929067459686794,9/2,US,2026-05-11,UK (base),horse_win_predictor.pkl,75,Mountaineer,00:40,Claiming 2f,Claiming,Dirt,,2.0,2f,Sprint
Cash Customer,Barrios Ricardo,Bird Danny R,-,7,123.0,,4,5/2,0.13700710138517694,13/2,7.3,0.23159602582934397,7/2,0.2670668724959066,5/2,US,2026-05-11,UK (base),horse_win_predictor.pkl,75,Mountaineer,00:40,Claiming 2f,Claiming,Dirt,,2.0,2f,Sprint
Kool Kathmandu,Whitacre Brandon,Langley Wilson C,-,6,123.0,,5,12/1,0.100039423782239,9/1,10.0,0.17206465375948427,5/1,0.19907411500095124,4/1,US,2026-05-11,UK (base),horse_win_predictor.pkl,75,Mountaineer,00:40,Claiming 2f,Claiming,Dirt,,2.0,2f,Sprint
El Marro,Martinez Miguel L,Romero Jose A,-,9,123.0,,6,20/1,0.09485097780287927,19/2,10.54,0.16353439365305283,5/1,0.18929067459686794,9/2,US,2026-05-11,UK (base),horse_win_predictor.pkl,75,Mountaineer,00:40,Claiming 2f,Claiming,Dirt,,2.0,2f,Sprint
Emperorofthedark,Weatherly Bailey,Reffner Tara B,-,7,123.0,,7,4/1,0.12183089689554978,7/1,8.21,0.20742140046129035,4/1,0.23951783929844306,3/1,US,2026-05-11,UK (base),horse_win_predictor.pkl,75,Mountaineer,00:40,Claiming 2f,Claiming,Dirt,,2.0,2f,Sprint
Miss Nuckols,Yaranga Yuri,"Godsey, Jr. Claudie M",-,7,118.0,,8,7/2,0.12576546842989755,7/1,7.95,0.21372428073430236,7/2,0.24670883534845417,3/1,US,2026-05-11,UK (base),horse_win_predictor.pkl,75,Mountaineer,00:40,Claiming 2f,Claiming,Dirt,,2.0,2f,Sprint
El Cardinal,Greenidge Elijah,Poole Jami C,-,7,123.0,,9,15/1,0.09748573552677288,19/2,10.26,0.16787154904323448,5/1,0.19426622911190758,4/1,US,2026-05-11,UK (base),horse_win_predictor.pkl,75,Mountaineer,00:40,Claiming 2f,Claiming,Dirt,,2.0,2f,Sprint
My Father's Son,Whitacre Brandon,Pickett Crystal G,-,4,123.0,,1,15/1,0.09795114762484716,9/1,10.21,0.16863652386790523,5/1,0.195143539959052,4/1,US,2026-05-11,UK (base),horse_win_predictor.pkl,75,Mountaineer,01:05,Maiden Special Weight 6f,Maiden Special Weight,Dirt,,6.0,6f,Sprint
Breadman'shoneybun,Oliveros Charle,Jackson Angelo G,-,4,118.0,,2,20/1,0.09520557749665017,19/2,10.5,0.16411875790479377,5/1,0.18996120055784763,9/2,US,2026-05-11,UK (base),horse_win_predictor.pkl,75,Mountaineer,01:05,Maiden Special Weight 6f,Maiden Special Weight,Dirt,,6.0,6f,Sprint
Junito's Boy,Diaz Renzo,Gray Christopher L,-,4,123.0,,3,20/1,0.09520557749665017,19/2,10.5,0.16411875790479377,5/1,0.18996120055784763,9/2,US,2026-05-11,UK (base),horse_win_predictor.pkl,75,Mountaineer,01:05,Maiden Special Weight 6f,Maiden Special Weight,Dirt,,6.0,6f,Sprint
Doom Loop,Garcia Francisco,Baird J. M,-,4,123.0,,4,3/1,0.13254533124012943,13/2,7.54,0.22452698436538848,7/2,0.2590201042873606,3/1,US,2026-05-11,UK (base),horse_win_predictor.pkl,75,Mountaineer,01:05,Maiden Special Weight 6f,Maiden Special Weight,Dirt,,6.0,6f,Sprint
Midnight Stroller,"Monserrate, Jr. Jorge A","Ewell, Sr. Devan",-,5,123.0,,5,12/1,0.10061223867217656,9/1,9.94,0.17300377155341617,5/1,0.20015059638388102,4/1,US,2026-05-11,UK (base),horse_win_predictor.pkl,75,Mountaineer,01:05,Maiden Special Weight 6f,Maiden Special Weight,Dirt,,6.0,6f,Sprint
Red Cloud,Diaz Angel I,Baird J. M,-,4,118.0,,6,2/1,0.14792052395803268,6/1,6.76,0.2487525579980437,3/1,0.2865645707630478,5/2,US,2026-05-11,UK (base),horse_win_predictor.pkl,75,Mountaineer,01:05,Maiden Special Weight 6f,Maiden Special Weight,Dirt,,6.0,6f,Sprint
Eyesonthecandy,Stokes Joe,Jackson Angelo G,-,4,118.0,,7,5/1,0.1171701385222262,15/2,8.53,0.19992317625095302,4/1,0.23095556539922557,7/2,US,2026-05-11,UK (base),horse_win_predictor.pkl,75,Mountaineer,01:05,Maiden Special Weight 6f,Maiden Special Weight,Dirt,,6.0,6f,Sprint
The Groom's Jul,Bracho Agustin,"Ewell, Sr. Devan",-,5,123.0,,8,12/1,0.10061223867217656,9/1,9.94,0.17300377155341617,5/1,0.20015059638388102,4/1,US,2026-05-11,UK (base),horse_win_predictor.pkl,75,Mountaineer,01:05,Maiden Special Weight 6f,Maiden Special Weight,Dirt,,6.0,6f,Sprint
Pay Da Baby,Barrios Ricardo,"Jones, Jr. Michael E",-,3,119.0,,9,6/1,0.11277722631711098,8/1,8.87,0.1928240451501751,4/1,0.22284160221257412,7/2,US,2026-05-11,UK (base),horse_win_predictor.pkl,75,Mountaineer,01:05,Maiden Special Weight 6f,Maiden Special Weight,Dirt,,6.0,6f,Sprint
Z Dancer,Negron Luis,Vazquez Juan C,-,6,120.0,,1,5/1,0.1415341925346439,6/1,7.07,0.2387360044372121,3/1,0.2751866839006752,5/2,US,2026-05-11,UK (base),horse_win_predictor.pkl,75,Mountaineer,01:30,Allowance 8f,Allowance,Dirt,,8.0,8f,Classic
Afraidofthebunny,Pagan Michael Y,Bayley Randy,-,6,115.0,,2,3/1,0.15674573324641025,11/2,6.38,0.2624869399307746,3/1,0.30213989243741124,5/2,US,2026-05-11,UK (base),horse_win_predictor.pkl,75,Mountaineer,01:30,Allowance 8f,Allowance,Dirt,,8.0,8f,Classic
Stomping Moon,Bowen Rocco,Bernardini Jay P,-,6,120.0,,3,2/1,0.17195727395817662,5/1,5.82,0.285867649871016,5/2,0.32858404083833076,2/1,US,2026-05-11,UK (base),horse_win_predictor.pkl,75,Mountaineer,01:30,Allowance 8f,Allowance,Dirt,,8.0,8f,Classic
Defiant Giant,Stokes Joe,Shanley Timothy,-,5,120.0,,4,12/1,0.12515253330658777,7/1,7.99,0.21274403467741274,7/2,0.2455908476914721,3/1,US,2026-05-11,UK (base),horse_win_predictor.pkl,75,Mountaineer,01:30,Allowance 8f,Allowance,Dirt,,8.0,8f,Classic
Tap Em,Mera Julio C,Martinez Tomas,-,7,120.0,,5,20/1,0.11980342008926333,15/2,8.35,0.20416386858860638,4/1,0.23579903677586003,3/1,US,2026-05-11,UK (base),horse_win_predictor.pkl,75,Mountaineer,01:30,Allowance 8f,Allowance,Dirt,,8.0,8f,Classic
Itsallaboutmebaby,Weatherly Bailey,Reed Eric R,-,5,115.0,,6,6/1,0.13718803804556778,13/2,7.29,0.2318820222557883,7/2,0.267392266334621,5/2,US,2026-05-11,UK (base),horse_win_predictor.pkl,75,Mountaineer,01:30,Allowance 8f,Allowance,Dirt,,8.0,8f,Classic
Mr Scatter,Barrios Ricardo,"Jones, Jr. Michael E",-,5,120.0,,7,4/1,0.14761880881935044,6/1,6.77,0.24828080570103564,3/1,0.2860290545316676,5/2,US,2026-05-11,UK (base),horse_win_predictor.pkl,75,Mountaineer,01:30,Allowance 8f,Allowance,Dirt,,8.0,8f,Classic
Remys Gunsmoke,Yaranga Yuri,Shafer Gabe,-,7,123.0,,1,10/1,0.08701871269341642,21/2,11.49,0.15057587776109407,11/2,0.1744098146614732,9/2,US,2026-05-11,UK (base),horse_win_predictor.pkl,75,Mountaineer,01:55,Claiming 5.5f,Claiming,Dirt,,5.5,5.5f,Sprint
Grey Streak,Pagan Michael Y,Castillo Jabdiel,-,8,118.0,,2,20/1,0.07925126412848989,23/2,12.62,0.13762766513851088,13/2,0.15951881551726874,11/2,US,2026-05-11,UK (base),horse_win_predictor.pkl,75,Mountaineer,01:55,Claiming 5.5f,Claiming,Dirt,,5.5,5.5f,Sprint
Joe Phillips,"Arroyo, Jr. Norberto",Silva Juan P,-,8,123.0,,3,10/1,0.08701871269341642,21/2,11.49,0.15057587776109407,11/2,0.1744098146614732,9/2,US,2026-05-11,UK (base),horse_win_predictor.pkl,75,Mountaineer,01:55,Claiming 5.5f,Claiming,Dirt,,5.5,5.5f,Sprint
Bodyslam,Weatherly Bailey,Scallan Robert S,-,6,123.0,,4,4/1,0.10659268307703129,17/2,9.38,0.18277722947020797,9/2,0.21134643436764922,7/2,US,2026-05-11,UK (base),horse_win_predictor.pkl,75,Mountaineer,01:55,Claiming 5.5f,Claiming,Dirt,,5.5,5.5f,Sprint
Holy Truth,Martinez Miguel L,Richison Crystal,-,9,123.0,,5,15/1,0.08192132457268339,11/1,12.21,0.14208950149503574,6/1,0.16465256784091786,5/1,US,2026-05-11,UK (base),horse_win_predictor.pkl,75,Mountaineer,01:55,Claiming 5.5f,Claiming,Dirt,,5.5,5.5f,Sprint
Crafty Conquest,Batista Luis A,Pizzurro Jessica L,-,9,123.0,,6,15/1,0.08192132457268339,11/1,12.21,0.14208950149503574,6/1,0.16465256784091786,5/1,US,2026-05-11,UK (base),horse_win_predictor.pkl,75,Mountaineer,01:55,Claiming 5.5f,Claiming,Dirt,,5.5,5.5f,Sprint
Cold Plunge,Whitacre Brandon,Brown John T,-,5,123.0,,7,12/1,0.08450922931090171,11/1,11.83,0.14640316488864502,6/1,0.16961339073029877,5/1,US,2026-05-11,UK (base),horse_win_predictor.pkl,75,Mountaineer,01:55,Claiming 5.5f,Claiming,Dirt,,5.5,5.5f,Sprint
Growth Capital,Negron Luis,Silva Juan P,-,7,123.0,,8,3/1,0.11556408616952145,15/2,8.65,0.19733130869538135,4/1,0.2279940171425788,7/2,US,2026-05-11,UK (base),horse_win_predictor.pkl,75,Mountaineer,01:55,Claiming 5.5f,Claiming,Dirt,,5.5,5.5f,Sprint
Krusin Rocket,Gonzalez Kevin,Richison Crystal,-,8,123.0,,9,5/1,0.10061174768203786,9/1,9.94,0.17300296681036093,5/1,0.20014967398348207,4/1,US,2026-05-11,UK (base),horse_win_predictor.pkl,75,Mountaineer,01:55,Claiming 5.5f,Claiming,Dirt,,5.5,5.5f,Sprint
Southern Sense,Gomez Alejandro,Poole Jami C,-,7,123.0,,10,6/1,0.09633965097132827,19/2,10.38,0.165986309068969,5/1,0.19210380585558426,4/1,US,2026-05-11,UK (base),horse_win_predictor.pkl,75,Mountaineer,01:55,Claiming 5.5f,Claiming,Dirt,,5.5,5.5f,Sprint
Abuelo Paps,"Monserrate, Jr. Jorge A","Ewell, Sr. Devan",-,9,123.0,,11,20/1,0.07925126412848989,23/2,12.62,0.13762766513851088,13/2,0.15951881551726874,11/2,US,2026-05-11,UK (base),horse_win_predictor.pkl,75,Mountaineer,01:55,Claiming 5.5f,Claiming,Dirt,,5.5,5.5f,Sprint
Princess Brisa,"Taggart, Jim J","Campolong, Ric",-,12,0.0,,1,8/1,0.11462646087588874,15/2,8.72,0.19581624915025442,4/1,0.22626241975314154,7/2,US,2026-05-11,UK (base),horse_win_predictor.pkl,75,Monticello Raceway,16:10,Pace 1m,Pace,Dirt,,8.0,1m,Classic
Navagio N,"Merton, Michae","Koch, Ken",-,10,0.0,,2,5/2,0.14197597876022183,6/1,7.04,0.23943101893246094,3/1,0.2759766589970506,5/2,US,2026-05-11,UK (base),horse_win_predictor.pkl,75,Monticello Raceway,16:10,Pace 1m,Pace,Dirt,,8.0,1m,Classic
Vel Donna,"Silvestri, Ral","Regina, Anthon",-,9,0.0,,3,3/1,0.13638175919297188,13/2,7.33,0.23060717915489357,7/2,0.2659417116406142,3/1,US,2026-05-11,UK (base),horse_win_predictor.pkl,75,Monticello Raceway,16:10,Pace 1m,Pace,Dirt,,8.0,1m,Classic
Fantasyland,"Merton, Thomas","Long, Paul",-,5,0.0,,4,7/2,0.13203069952955526,13/2,7.57,0.2237095746585885,7/2,0.258089152831976,3/1,US,2026-05-11,UK (base),horse_win_predictor.pkl,75,Monticello Raceway,16:10,Pace 1m,Pace,Dirt,,8.0,1m,Classic
La Booma,Asher-Stalbaum,Asher-Stalbaum,-,6,0.0,,5,12/1,0.10927131052091443,8/1,9.15,0.1871361834952795,9/2,0.21633551086066638,7/2,US,2026-05-11,UK (base),horse_win_predictor.pkl,75,Monticello Raceway,16:10,Pace 1m,Pace,Dirt,,8.0,1m,Classic
Brendas Delight,"Taggart, Shane","Strong, Raheim",-,6,0.0,,6,4/1,0.12854985179882197,7/1,7.78,0.21816968171988027,7/2,0.25177711794027713,3/1,US,2026-05-11,UK (base),horse_win_predictor.pkl,75,Monticello Raceway,16:10,Pace 1m,Pace,Dirt,,8.0,1m,Classic
Arco N,"Aldrich, Bruce","Aldrich, Bruce",-,10,0.0,,7,9/2,0.12570188547367653,7/1,7.96,0.21362262264330792,7/2,0.2465928990819197,3/1,US,2026-05-11,UK (base),horse_win_predictor.pkl,75,Monticello Raceway,16:10,Pace 1m,Pace,Dirt,,8.0,1m,Classic
Vel What A Dream,"Dibenedetto, K","Haase, Keith",-,6,0.0,,8,10/1,0.11146205384794938,8/1,8.97,0.19069266536790636,4/1,0.2204041446878902,7/2,US,2026-05-11,UK (base),horse_win_predictor.pkl,75,Monticello Raceway,16:10,Pace 1m,Pace,Dirt,,8.0,1m,Classic
Reece N Teddy,"Lowrey, Jennif","Lowrey, Jennif",-,7,0.0,,1,7/2,0.16813131407832424,5/1,5.95,0.2800218543220203,5/2,0.32198080691340636,2/1,US,2026-05-11,UK (base),horse_win_predictor.pkl,75,Monticello Raceway,16:30,Trot 1m,Trot,Dirt,,8.0,1m,Classic
Swancredit,"Taggart, Shane","Lounsbury, Rob",-,13,0.0,,2,4/1,0.16428114563345478,5/1,6.09,0.27411542629170627,5/2,0.3153032815385506,2/1,US,2026-05-11,UK (base),horse_win_predictor.pkl,75,Monticello Raceway,16:30,Trot 1m,Trot,Dirt,,8.0,1m,Classic
Await Your Fate,"Silvestri, Ral","Dunn, Richard",-,3,0.0,,3,9/2,0.16113100781492523,5/1,6.21,0.2692652527233026,5/2,0.3098155945639441,2/1,US,2026-05-11,UK (base),horse_win_predictor.pkl,75,Monticello Raceway,16:30,Trot 1m,Trot,Dirt,,8.0,1m,Classic
Hp Lucas,"Taggart, Jim J","Messenger, Gar",-,4,0.0,,4,5/2,0.17913179534937987,9/2,5.58,0.29676667154481007,5/2,0.3408797501180964,2/1,US,2026-05-11,UK (base),horse_win_predictor.pkl,75,Monticello Raceway,16:30,Trot 1m,Trot,Dirt,,8.0,1m,Classic
Bank Guard,"Ricco, Jason","Zuzolo, Santo",-,11,0.0,,5,3/1,0.17294402463441105,5/1,5.78,0.2873715358165417,5/2,0.33028185250984066,2/1,US,2026-05-11,UK (base),horse_win_predictor.pkl,75,Monticello Raceway,16:30,Trot 1m,Trot,Dirt,,8.0,1m,Classic
Finnick Odair,"Keppler, Scott","Eriksen, Monic",-,11,0.0,,6,6/1,0.15438071248950475,11/2,6.48,0.25881855897009487,3/1,0.29798275140031616,5/2,US,2026-05-11,UK (base),horse_win_predictor.pkl,75,Monticello Raceway,16:30,Trot 1m,Trot,Dirt,,8.0,1m,Classic
Sunset Soph,"Merton, Gregor","Petrelli, Jenn",-,9,0.0,,1,5/2,0.1414585462764968,6/1,7.07,0.2386169670459664,3/1,0.2750513748345175,5/2,US,2026-05-11,UK (base),horse_win_predictor.pkl,75,Monticello Raceway,16:50,Pace 1m,Pace,Dirt,,8.0,1m,Classic
Skateboard Chic,"Taggart, Jim J","Wiskow, David",-,14,0.0,,2,7/2,0.13162825204221354,13/2,7.6,0.2230700562874336,7/2,0.2573607328793911,3/1,US,2026-05-11,UK (base),horse_win_predictor.pkl,75,Monticello Raceway,16:50,Pace 1m,Pace,Dirt,,8.0,1m,Classic
Chandon,"Ricco, Jason","Castillo, Jose",-,6,0.0,,3,10/1,0.1112974162394914,8/1,8.98,0.19042565734181524,9/2,0.22009874775518667,7/2,US,2026-05-11,UK (base),horse_win_predictor.pkl,75,Monticello Raceway,16:50,Pace 1m,Pace,Dirt,,8.0,1m,Classic
Fond Memories A,"Dibenedetto, K","Sowers, Mckenz",-,10,0.0,,4,4/1,0.1281876490602144,7/1,7.8,0.2175921096111182,7/2,0.2511187823177071,3/1,US,2026-05-11,UK (base),horse_win_predictor.pkl,75,Monticello Raceway,16:50,Pace 1m,Pace,Dirt,,8.0,1m,Classic
Come Zoom With Me,"Taggart, Shane","Campolong, Ric",-,7,0.0,,5,12/1,0.10913200177529614,8/1,9.16,0.18690976814634647,9/2,0.21607643053549033,7/2,US,2026-05-11,UK (base),horse_win_predictor.pkl,75,Monticello Raceway,16:50,Pace 1m,Pace,Dirt,,8.0,1m,Classic
Celia Bayama,"Aldrich, Bruce","Aldrich, Bruce",-,8,0.0,,6,3/1,0.13592900576971248,13/2,7.36,0.22989085469784845,7/2,0.2651265480458994,3/1,US,2026-05-11,UK (base),horse_win_predictor.pkl,75,Monticello Raceway,16:50,Pace 1m,Pace,Dirt,,8.0,1m,Classic
Lady Chrislyn,"Keppler, Scott","Doherty, Jim J",-,7,0.0,,7,6/1,0.11934038424935951,15/2,8.38,0.2034189897986193,4/1,0.23494846687959173,7/2,US,2026-05-11,UK (base),horse_win_predictor.pkl,75,Monticello Raceway,16:50,Pace 1m,Pace,Dirt,,8.0,1m,Classic
Bug Juice,"Merton, Michae","Sowers, Tammy",-,5,0.0,,8,5/1,0.12302674458721571,7/1,8.13,0.2093396763500059,4/1,0.24170702576105219,3/1,US,2026-05-11,UK (base),horse_win_predictor.pkl,75,Monticello Raceway,16:50,Pace 1m,Pace,Dirt,,8.0,1m,Classic
Catch A Peek,"Merton, Michae","Long, Paul",-,4,0.0,,1,7/2,0.13126884245317633,13/2,7.62,0.22249870921651993,7/2,0.25670990925277376,3/1,US,2026-05-11,UK (base),horse_win_predictor.pkl,75,Monticello Raceway,17:10,Pace 1m,Pace,Dirt,,8.0,1m,Classic
Kj Becky,"Taggart, Jim J","Messenger, Gar",-,4,0.0,,2,4/1,0.12786418043008094,7/1,7.82,0.21707612586450065,7/2,0.250530605402408,3/1,US,2026-05-11,UK (base),horse_win_predictor.pkl,75,Monticello Raceway,17:10,Pace 1m,Pace,Dirt,,8.0,1m,Classic
Asset Station,"Silvestri, Ral","Austin, Michae",-,4,0.0,,3,3/1,0.1355246699820456,13/2,7.38,0.2292508570286882,7/2,0.26439817717117914,3/1,US,2026-05-11,UK (base),horse_win_predictor.pkl,75,Monticello Raceway,17:10,Pace 1m,Pace,Dirt,,8.0,1m,Classic
Lizziana,"Moeykens, Adam","Moeykens, Jose",-,7,0.0,,4,6/1,0.11910933522783557,15/2,8.4,0.20304717641937048,4/1,0.23452386686619608,7/2,US,2026-05-11,UK (base),horse_win_predictor.pkl,75,Monticello Raceway,17:10,Pace 1m,Pace,Dirt,,8.0,1m,Classic
Scenic Adventure,"Dibenedetto, K","Petrelli, Jenn",-,6,0.0,,5,5/2,0.14099644823344892,6/1,7.09,0.23788960808864995,3/1,0.27422454303435034,5/2,US,2026-05-11,UK (base),horse_win_predictor.pkl,75,Monticello Raceway,17:10,Pace 1m,Pace,Dirt,,8.0,1m,Classic
Be Your Best,"Aldrich, Bruce","Zuzolo, Santo",-,5,0.0,,6,9/2,0.12507854786573014,7/1,7.99,0.21262567164935448,7/2,0.2454558430682136,3/1,US,2026-05-11,UK (base),horse_win_predictor.pkl,75,Monticello Raceway,17:10,Pace 1m,Pace,Dirt,,8.0,1m,Classic
Tesla Power,"Taggart, Shane","Darish, John",-,6,0.0,,7,10/1,0.11115038504397617,8/1,9.0,0.19018716660281781,9/2,0.21982595968738342,7/2,US,2026-05-11,UK (base),horse_win_predictor.pkl,75,Monticello Raceway,17:10,Pace 1m,Pace,Dirt,,8.0,1m,Classic
Sacagawea,"Keppler, Scott","Annunziata, Al",-,5,0.0,,8,12/1,0.10900759076370634,8/1,9.17,0.18670753949938526,9/2,0.21584502027526487,7/2,US,2026-05-11,UK (base),horse_win_predictor.pkl,75,Monticello Raceway,17:10,Pace 1m,Pace,Dirt,,8.0,1m,Classic
Cassius Lane,Asher-Stalbaum,Asher-Stalbaum,-,10,0.0,,1,9/2,0.12570188547367653,7/1,7.96,0.21362262264330792,7/2,0.2465928990819197,3/1,US,2026-05-11,UK (base),horse_win_predictor.pkl,75,Monticello Raceway,17:30,Trot 1m,Trot,Dirt,,8.0,1m,Classic
Everybodyluvjoe,"Schwartz, Alan","Schwartz, Alan",-,5,0.0,,2,5/2,0.14197597876022183,6/1,7.04,0.23943101893246094,3/1,0.2759766589970506,5/2,US,2026-05-11,UK (base),horse_win_predictor.pkl,75,Monticello Raceway,17:30,Trot 1m,Trot,Dirt,,8.0,1m,Classic
Esa,"Aldrich, Bruce","Aldrich, Bruce",-,10,0.0,,3,3/1,0.13638175919297188,13/2,7.33,0.23060717915489357,7/2,0.2659417116406142,3/1,US,2026-05-11,UK (base),horse_win_predictor.pkl,75,Monticello Raceway,17:30,Trot 1m,Trot,Dirt,,8.0,1m,Classic
Ok Corral,"Taggart, Jim J","Petrelli, Jenn",-,5,0.0,,4,4/1,0.12854985179882197,7/1,7.78,0.21816968171988027,7/2,0.25177711794027713,3/1,US,2026-05-11,UK (base),horse_win_predictor.pkl,75,Monticello Raceway,17:30,Trot 1m,Trot,Dirt,,8.0,1m,Classic
Simon Got Lucky,"Merton, Michae","Lounsbury, Rob",-,8,0.0,,5,7/2,0.13203069952955526,13/2,7.57,0.2237095746585885,7/2,0.258089152831976,3/1,US,2026-05-11,UK (base),horse_win_predictor.pkl,75,Monticello Raceway,17:30,Trot 1m,Trot,Dirt,,8.0,1m,Classic
Tattooman,"Harp, Rick","Parker, Willia",-,6,0.0,,6,12/1,0.10927131052091443,8/1,9.15,0.1871361834952795,9/2,0.21633551086066638,7/2,US,2026-05-11,UK (base),horse_win_predictor.pkl,75,Monticello Raceway,17:30,Trot 1m,Trot,Dirt,,8.0,1m,Classic
Mike The Knight,"Poynton, Charl","Poynton, Charl",-,8,0.0,,7,8/1,0.11462646087588874,15/2,8.72,0.19581624915025442,4/1,0.22626241975314154,7/2,US,2026-05-11,UK (base),horse_win_predictor.pkl,75,Monticello Raceway,17:30,Trot 1m,Trot,Dirt,,8.0,1m,Classic
Draco S,"Dibenedetto, K","Di Benedetto,",-,11,0.0,,8,10/1,0.11146205384794938,8/1,8.97,0.19069266536790636,4/1,0.2204041446878902,7/2,US,2026-05-11,UK (base),horse_win_predictor.pkl,75,Monticello Raceway,17:30,Trot 1m,Trot,Dirt,,8.0,1m,Classic
Catie Faye Hanover,"Moeykens, Adam","Dunn, Richard",-,8,0.0,,1,6/1,0.1546765926853591,11/2,6.47,0.2592779881738444,3/1,0.29850351148202636,5/2,US,2026-05-11,UK (base),horse_win_predictor.pkl,75,Monticello Raceway,17:50,Pace 1m,Pace,Dirt,,8.0,1m,Classic
Lucky Lil Lady,"Silvestri, Ral","Austin, Michae",-,7,0.0,,2,7/2,0.16859157216076437,5/1,5.93,0.2807263353264653,5/2,0.3227768715136031,2/1,US,2026-05-11,UK (base),horse_win_predictor.pkl,75,Monticello Raceway,17:50,Pace 1m,Pace,Dirt,,8.0,1m,Classic
Better B My Way,"Aldrich, Bruce","Aldrich, Bruce",-,4,0.0,,3,5/1,0.1588510865279807,11/2,6.3,0.26574502159746927,3/1,0.3058302472485275,5/2,US,2026-05-11,UK (base),horse_win_predictor.pkl,75,Monticello Raceway,17:50,Pace 1m,Pace,Dirt,,8.0,1m,Classic
Be My Rose N,"Taggart, Jim J","Messenger, Gar",-,10,0.0,,4,4/1,0.1646953779076509,5/1,6.07,0.27475202623045647,5/2,0.31602326935150854,2/1,US,2026-05-11,UK (base),horse_win_predictor.pkl,75,Monticello Raceway,17:50,Pace 1m,Pace,Dirt,,8.0,1m,Classic
Just Rosas Luck,"Merton, Michae","Harmon, Rob",-,6,0.0,,5,3/1,0.1734618149771562,5/1,5.76,0.28816006595474586,5/2,0.33117191007134195,2/1,US,2026-05-11,UK (base),horse_win_predictor.pkl,75,Monticello Raceway,17:50,Pace 1m,Pace,Dirt,,8.0,1m,Classic
Jillian Jiggs,"Merton, Thomas","Sowers, Tammy",-,6,0.0,,6,5/2,0.1797235557410886,9/2,5.56,0.29766195514338334,5/2,0.34188885491924387,2/1,US,2026-05-11,UK (base),horse_win_predictor.pkl,75,Monticello Raceway,17:50,Pace 1m,Pace,Dirt,,8.0,1m,Classic
Poblano,"Merton, Thomas","Jensen, Scott",-,4,0.0,,1,7/2,0.13126884245317633,13/2,7.62,0.22249870921651993,7/2,0.25670990925277376,3/1,US,2026-05-11,UK (base),horse_win_predictor.pkl,75,Monticello Raceway,18:10,Trot 1m,Trot,Dirt,,8.0,1m,Classic
Upfront Stone,"Keppler, Scott","Jones, Arthur",-,9,0.0,,2,10/1,0.11115038504397617,8/1,9.0,0.19018716660281781,9/2,0.21982595968738342,7/2,US,2026-05-11,UK (base),horse_win_predictor.pkl,75,Monticello Raceway,18:10,Trot 1m,Trot,Dirt,,8.0,1m,Classic
Sprightly,"Taggart, Jim J","Messenger, Gar",-,5,0.0,,3,3/1,0.1355246699820456,13/2,7.38,0.2292508570286882,7/2,0.26439817717117914,3/1,US,2026-05-11,UK (base),horse_win_predictor.pkl,75,Monticello Raceway,18:10,Trot 1m,Trot,Dirt,,8.0,1m,Classic
Devious  Paul,"Dibenedetto, K","Ray, Steven",-,4,0.0,,4,9/2,0.12507854786573014,7/1,7.99,0.21262567164935448,7/2,0.2454558430682136,3/1,US,2026-05-11,UK (base),horse_win_predictor.pkl,75,Monticello Raceway,18:10,Trot 1m,Trot,Dirt,,8.0,1m,Classic
Cinnamon Stick,"Merton, Michae","Perino, Laura",-,11,0.0,,5,5/2,0.14099644823344892,6/1,7.09,0.23788960808864995,3/1,0.27422454303435034,5/2,US,2026-05-11,UK (base),horse_win_predictor.pkl,75,Monticello Raceway,18:10,Trot 1m,Trot,Dirt,,8.0,1m,Classic
Feeriedesbrouetsfr,"Taggart, Shane","Krivelin, Robe",-,11,0.0,,6,6/1,0.11910933522783557,15/2,8.4,0.20304717641937048,4/1,0.23452386686619608,7/2,US,2026-05-11,UK (base),horse_win_predictor.pkl,75,Monticello Raceway,18:10,Trot 1m,Trot,Dirt,,8.0,1m,Classic
Sunny's Rebel,"Ricco, Jason","Sowers, Mckenz",-,5,0.0,,7,12/1,0.10900759076370634,8/1,9.17,0.18670753949938526,9/2,0.21584502027526487,7/2,US,2026-05-11,UK (base),horse_win_predictor.pkl,75,Monticello Raceway,18:10,Trot 1m,Trot,Dirt,,8.0,1m,Classic
Home'n Dry,"Aldrich, Bruce","Aldrich, Bruce",-,14,0.0,,8,4/1,0.12786418043008094,7/1,7.82,0.21707612586450065,7/2,0.250530605402408,3/1,US,2026-05-11,UK (base),horse_win_predictor.pkl,75,Monticello Raceway,18:10,Trot 1m,Trot,Dirt,,8.0,1m,Classic
Defamation,"Taggart, Jim J","Perino, Laura",-,4,0.0,,1,7/2,0.14605492304986867,6/1,6.85,0.24583322905208116,3/1,0.28325009380291083,5/2,US,2026-05-11,UK (base),horse_win_predictor.pkl,75,Monticello Raceway,18:30,Pace 1m,Pace,Dirt,,8.0,1m,Classic
Fine N Dandy,"Merton, Thomas","Long, Paul",-,5,0.0,,2,4/1,0.14256054185599293,6/1,7.01,0.2403501688653678,3/1,0.2770212789938834,5/2,US,2026-05-11,UK (base),horse_win_predictor.pkl,75,Monticello Raceway,18:30,Pace 1m,Pace,Dirt,,8.0,1m,Classic
Straight And Sassy,"Silvestri, Ral","Austin, Michae",-,5,0.0,,3,3/1,0.15042289954221338,11/2,6.65,0.2526595802106346,3/1,0.29099833546129256,5/2,US,2026-05-11,UK (base),horse_win_predictor.pkl,75,Monticello Raceway,18:30,Pace 1m,Pace,Dirt,,8.0,1m,Classic
Vicky Everyday,"Dibenedetto, K","Petrelli, Jenn",-,8,0.0,,4,9/5,0.16727080886982862,5/1,5.98,0.2787038371657181,5/2,0.3204912227766767,2/1,US,2026-05-11,UK (base),horse_win_predictor.pkl,75,Monticello Raceway,18:30,Pace 1m,Pace,Dirt,,8.0,1m,Classic
Sugar Britches,"Aldrich, Bruce","Green, Arthur",-,6,0.0,,5,8/1,0.12858301708048991,7/1,7.78,0.2182225569196646,7/2,0.2518373843593551,3/1,US,2026-05-11,UK (base),horse_win_predictor.pkl,75,Monticello Raceway,18:30,Pace 1m,Pace,Dirt,,8.0,1m,Classic
Vel Mrs Quick,"Merton, Michae","Sowers, Tammy",-,3,0.0,,6,9/2,0.1397015026973673,6/1,7.16,0.23584949697053914,3/1,0.2719049948229786,5/2,US,2026-05-11,UK (base),horse_win_predictor.pkl,75,Monticello Raceway,18:30,Pace 1m,Pace,Dirt,,8.0,1m,Classic
Abuelita Hanover,"Taggart, Shane","Gill, Daniel",-,10,0.0,,7,10/1,0.1254063069042392,7/1,7.97,0.2131499589785424,7/2,0.24605382850640606,3/1,US,2026-05-11,UK (base),horse_win_predictor.pkl,75,Monticello Raceway,18:30,Pace 1m,Pace,Dirt,,8.0,1m,Classic
Zina Kemp,"Miller, Tyler","Patalan, Eric",-,3,0.0,,1,10/1,0.10216114451298335,9/1,9.79,0.1755405405648079,9/2,0.2030578140842421,4/1,US,2026-05-11,UK (base),horse_win_predictor.pkl,75,Oak Grove Racing,18:10,Trot 1m,Trot,Dirt,,8.0,1m,Classic
Willpowernwow,"Bobbitt, Gerem","Debeck, Rodney",-,3,0.0,,2,15/1,0.09724195969218222,19/2,10.28,0.16747072846610722,5/1,0.1938065167563291,4/1,US,2026-05-11,UK (base),horse_win_predictor.pkl,75,Oak Grove Racing,18:10,Trot 1m,Trot,Dirt,,8.0,1m,Classic
Lucky Lady Volo,"Bender, Atlee","Miller, Erv",-,3,0.0,,3,5/2,0.13589269756990535,13/2,7.36,0.22983339542356904,7/2,0.26506115711869294,3/1,US,2026-05-11,UK (base),horse_win_predictor.pkl,75,Oak Grove Racing,18:10,Trot 1m,Trot,Dirt,,8.0,1m,Classic
Chicora,"Bates, Brandon","Oke, Wayne",-,5,0.0,,4,8/1,0.10565923149666415,17/2,9.46,0.18125551813362295,9/2,0.20960412562248248,4/1,US,2026-05-11,UK (base),horse_win_predictor.pkl,75,Oak Grove Racing,18:10,Trot 1m,Trot,Dirt,,8.0,1m,Classic
Decemberist,"Miller, Marcus","Stewart, Bob",-,3,0.0,,5,15/1,0.09724195969218222,19/2,10.28,0.16747072846610722,5/1,0.1938065167563291,4/1,US,2026-05-11,UK (base),horse_win_predictor.pkl,75,Oak Grove Racing,18:10,Trot 1m,Trot,Dirt,,8.0,1m,Classic
Angellisa,"Luna, Marvin","Pinske, Carter",-,3,0.0,,6,8/1,0.10565923149666415,17/2,9.46,0.18125551813362295,9/2,0.20960412562248248,4/1,US,2026-05-11,UK (base),horse_win_predictor.pkl,75,Oak Grove Racing,18:10,Trot 1m,Trot,Dirt,,8.0,1m,Classic
Yo Billie,"Yoder, Verlin","Yoder, Verlin",-,3,0.0,,7,3/1,0.12970857950946962,13/2,7.71,0.2200159906383538,7/2,0.25388126981168535,3/1,US,2026-05-11,UK (base),horse_win_predictor.pkl,75,Oak Grove Racing,18:10,Trot 1m,Trot,Dirt,,8.0,1m,Classic
R Zee,"Putnam, Joey","Butenschoen, T",-,3,0.0,,8,5/1,0.11527897070178635,15/2,8.67,0.19687075439436477,4/1,0.22746767327908168,7/2,US,2026-05-11,UK (base),horse_win_predictor.pkl,75,Oak Grove Racing,18:10,Trot 1m,Trot,Dirt,,8.0,1m,Classic
Magical Six Pack,"Shetler, Andy","Enlow, Jason",-,3,0.0,,9,6/1,0.11115622532816254,8/1,9.0,0.19019664044732837,9/2,0.21983679611701556,7/2,US,2026-05-11,UK (base),horse_win_predictor.pkl,75,Oak Grove Racing,18:10,Trot 1m,Trot,Dirt,,8.0,1m,Classic
Wise Thinking,"Putnam, Joey","Best, Ronald",-,6,0.0,,1,5/1,0.11558243665054542,15/2,8.65,0.1973609462413199,4/1,0.2280278873378603,7/2,US,2026-05-11,UK (base),horse_win_predictor.pkl,75,Oak Grove Racing,18:31,Pace 1m,Pace,Dirt,,8.0,1m,Classic
Kimsirvivor Shark,"Denson, Jamaal","Denson, Jamaal",-,5,0.0,,2,15/1,0.09735575942296687,19/2,10.27,0.1676578518470823,5/1,0.19402113650612557,4/1,US,2026-05-11,UK (base),horse_win_predictor.pkl,75,Oak Grove Racing,18:31,Pace 1m,Pace,Dirt,,8.0,1m,Classic
Seriously Feared,"Bates, Brandon","Campbell, Gary",-,6,0.0,,3,5/2,0.13641292491063517,13/2,7.33,0.23065647597300365,7/2,0.2659978076213918,3/1,US,2026-05-11,UK (base),horse_win_predictor.pkl,75,Oak Grove Racing,18:31,Pace 1m,Pace,Dirt,,8.0,1m,Classic
Nimble Ned,"Miller, Marcus","Hershberger, J",-,6,0.0,,4,6/1,0.11141633899852746,8/1,8.98,0.1906185297206816,4/1,0.2203193512414894,7/2,US,2026-05-11,UK (base),horse_win_predictor.pkl,75,Oak Grove Racing,18:31,Pace 1m,Pace,Dirt,,8.0,1m,Classic
Mr Big Check,"Stiltner, Jame","Stiltner, Jame",-,4,0.0,,5,10/1,0.10232667139412466,9/1,9.77,0.17581141036654346,9/2,0.2033681874812005,4/1,US,2026-05-11,UK (base),horse_win_predictor.pkl,75,Oak Grove Racing,18:31,Pace 1m,Pace,Dirt,,8.0,1m,Classic
Rockin Pulse,"Avenatti, Wyat","Eaton, James",-,7,0.0,,6,7/2,0.12530333117192063,7/1,7.98,0.21298525626723314,7/2,0.24586597817797531,3/1,US,2026-05-11,UK (base),horse_win_predictor.pkl,75,Oak Grove Racing,18:31,Pace 1m,Pace,Dirt,,8.0,1m,Classic
Koa,"Bender, Atlee","Chupp, Merv",-,6,0.0,,7,8/1,0.10586154212917019,17/2,9.45,0.18158544295093348,9/2,0.20998190575909473,4/1,US,2026-05-11,UK (base),horse_win_predictor.pkl,75,Oak Grove Racing,18:31,Pace 1m,Pace,Dirt,,8.0,1m,Classic
Chewalla A,"Buford, Archie","Fortune, Adria",-,11,0.0,,8,12/1,0.09987945319293928,9/1,10.01,0.17180229161119426,5/1,0.1987733560180399,4/1,US,2026-05-11,UK (base),horse_win_predictor.pkl,75,Oak Grove Racing,18:31,Pace 1m,Pace,Dirt,,8.0,1m,Classic
Side Bar,"Johnson, Od","Gray, Jalen",-,5,0.0,,9,8/1,0.10586154212917019,17/2,9.45,0.18158544295093348,9/2,0.20998190575909473,4/1,US,2026-05-11,UK (base),horse_win_predictor.pkl,75,Oak Grove Racing,18:31,Pace 1m,Pace,Dirt,,8.0,1m,Classic
Making History,"Luna, Marvin","Alagna, Tony",-,4,0.0,,1,2/1,0.14454666981206257,6/1,6.92,0.24346901385870667,3/1,0.28056489287619824,5/2,US,2026-05-11,UK (base),horse_win_predictor.pkl,75,Oak Grove Racing,18:52,Pace 1m,Pace,Dirt,,8.0,1m,Classic
Lil Rockstar,"Bates, Brandon","Deters, Terry",-,4,0.0,,2,5/1,0.11548321144924116,15/2,8.66,0.19720068290733,4/1,0.22784473470411332,7/2,US,2026-05-11,UK (base),horse_win_predictor.pkl,75,Oak Grove Racing,18:52,Pace 1m,Pace,Dirt,,8.0,1m,Classic
Fox Valley York,"Denson, Jamaal","Roberts, Ashle",-,5,0.0,,3,10/1,0.1022725485570496,9/1,9.78,0.17572284805200605,9/2,0.2032667103626147,4/1,US,2026-05-11,UK (base),horse_win_predictor.pkl,75,Oak Grove Racing,18:52,Pace 1m,Pace,Dirt,,8.0,1m,Classic
Fleet Commander,"Crisler, Randy","Crisler, Randy",-,4,0.0,,4,15/1,0.09731854997247777,19/2,10.28,0.16759666981546345,5/1,0.19395096475658308,4/1,US,2026-05-11,UK (base),horse_win_predictor.pkl,75,Oak Grove Racing,18:52,Pace 1m,Pace,Dirt,,8.0,1m,Classic
Scrappy Comingup,"Tharps, Devon","Hunt, Leroy",-,5,0.0,,5,6/1,0.11133128882598095,8/1,8.98,0.19048059518944252,4/1,0.2201615850757406,7/2,US,2026-05-11,UK (base),horse_win_predictor.pkl,75,Oak Grove Racing,18:52,Pace 1m,Pace,Dirt,,8.0,1m,Classic
Fox Valley Endzone,"Avenatti, Wyat","Saltsgaver, Ta",-,3,0.0,,6,10/1,0.1022725485570496,9/1,9.78,0.17572284805200605,9/2,0.2032667103626147,4/1,US,2026-05-11,UK (base),horse_win_predictor.pkl,75,Oak Grove Racing,18:52,Pace 1m,Pace,Dirt,,8.0,1m,Classic
Shaving Cream,"Miller, Marcus","Hershberger, J",-,3,0.0,,7,15/1,0.09731854997247777,19/2,10.28,0.16759666981546345,5/1,0.19395096475658308,4/1,US,2026-05-11,UK (base),horse_win_predictor.pkl,75,Oak Grove Racing,18:52,Pace 1m,Pace,Dirt,,8.0,1m,Classic
Starlit Millertime,"Bender, Atlee","Miller, Erv",-,4,0.0,,8,9/2,0.11812534402767946,15/2,8.47,0.20146274172849693,4/1,0.23271426586630348,7/2,US,2026-05-11,UK (base),horse_win_predictor.pkl,75,Oak Grove Racing,18:52,Pace 1m,Pace,Dirt,,8.0,1m,Classic
Beyond Cool,"Putnam, Joey","Putnam, Joe",-,4,0.0,,9,6/1,0.11133128882598095,8/1,8.98,0.19048059518944252,4/1,0.2201615850757406,7/2,US,2026-05-11,UK (base),horse_win_predictor.pkl,75,Oak Grove Racing,18:52,Pace 1m,Pace,Dirt,,8.0,1m,Classic
Rg's Sparkle,"Miller, Marcus","Woodard, Marti",-,4,0.0,,1,8/1,0.10564862905680804,17/2,9.47,0.18123822604498807,9/2,0.20958432491555556,4/1,US,2026-05-11,UK (base),horse_win_predictor.pkl,75,Oak Grove Racing,19:13,Pace 1m,Pace,Dirt,,8.0,1m,Classic
Carronsidelegcy Gb,"Dinges, Tony","Dinges, Tony",-,6,0.0,,2,7/2,0.12487750502719634,7/1,8.01,0.21230399603949945,7/2,0.24508893016911312,3/1,US,2026-05-11,UK (base),horse_win_predictor.pkl,75,Oak Grove Racing,19:13,Pace 1m,Pace,Dirt,,8.0,1m,Classic
Imapricelessprince,"Bender, Atlee","Miller, Kevin",-,3,0.0,,3,6/1,0.11114259361977613,8/1,9.0,0.19017452762237247,9/2,0.2198115028733461,7/2,US,2026-05-11,UK (base),horse_win_predictor.pkl,75,Oak Grove Racing,19:13,Pace 1m,Pace,Dirt,,8.0,1m,Classic
Senior Partner,"Bates, Brandon","Crisler, Randy",-,4,0.0,,4,12/1,0.0997320518351501,9/1,10.03,0.17156050757267094,5/1,0.19849617847424125,4/1,US,2026-05-11,UK (base),horse_win_predictor.pkl,75,Oak Grove Racing,19:13,Pace 1m,Pace,Dirt,,8.0,1m,Classic
That's The Star,"Bobbitt, Gerem","Patton, Jamaic",-,4,0.0,,5,9/2,0.11788518649250967,15/2,8.48,0.20107580193101837,4/1,0.23227228272045913,7/2,US,2026-05-11,UK (base),horse_win_predictor.pkl,75,Oak Grove Racing,19:13,Pace 1m,Pace,Dirt,,8.0,1m,Classic
Star Man,"Curtin, Pat","Halford, Steph",-,4,0.0,,6,8/1,0.10564862905680804,17/2,9.47,0.18123822604498807,9/2,0.20958432491555556,4/1,US,2026-05-11,UK (base),horse_win_predictor.pkl,75,Oak Grove Racing,19:13,Pace 1m,Pace,Dirt,,8.0,1m,Classic
Just Chasing Tails,"Tharps, Devon","Lindsey, Richa",-,3,0.0,,7,3/1,0.12968472401979342,13/2,7.71,0.21997800112035618,7/2,0.25383798003306723,3/1,US,2026-05-11,UK (base),horse_win_predictor.pkl,75,Oak Grove Racing,19:13,Pace 1m,Pace,Dirt,,8.0,1m,Classic
Fabulous,"Buford, Archie","Buford, Archie",-,4,0.0,,8,12/1,0.0997320518351501,9/1,10.03,0.17156050757267094,5/1,0.19849617847424125,4/1,US,2026-05-11,UK (base),horse_win_predictor.pkl,75,Oak Grove Racing,19:13,Pace 1m,Pace,Dirt,,8.0,1m,Classic
He's Lost In Time,"Maxwell, Zyler","Maxwell, Pravi",-,5,0.0,,9,8/1,0.10564862905680804,17/2,9.47,0.18123822604498807,9/2,0.20958432491555556,4/1,US,2026-05-11,UK (base),horse_win_predictor.pkl,75,Oak Grove Racing,19:13,Pace 1m,Pace,Dirt,,8.0,1m,Classic
Glitterati,"Luna, Marvin","Daley, Noel",-,3,0.0,,1,5/2,0.1369696042316898,13/2,7.3,0.23153674963033305,7/2,0.2669994291548243,5/2,US,2026-05-11,UK (base),horse_win_predictor.pkl,75,Oak Grove Racing,19:34,Trot 1m,Trot,Dirt,,8.0,1m,Classic
Gare D'orsay,"Bender, Atlee","Czernyson, Jon",-,3,0.0,,2,5/1,0.11590716625449396,15/2,8.63,0.1978853223067716,4/1,0.22862713082637573,7/2,US,2026-05-11,UK (base),horse_win_predictor.pkl,75,Oak Grove Racing,19:34,Trot 1m,Trot,Dirt,,8.0,1m,Classic
Songbird,"Bobbitt, Gerem","Debeck, Rodney",-,3,0.0,,3,8/1,0.10607802853180254,17/2,9.43,0.18193841284748943,9/2,0.210386056965872,4/1,US,2026-05-11,UK (base),horse_win_predictor.pkl,75,Oak Grove Racing,19:34,Trot 1m,Trot,Dirt,,8.0,1m,Classic
Now Or Never,"Miller, Marcus","Lloyd, Justin",-,3,0.0,,4,6/1,0.11169467865905476,8/1,8.95,0.19106986059369896,4/1,0.22083555381919054,7/2,US,2026-05-11,UK (base),horse_win_predictor.pkl,75,Oak Grove Racing,19:34,Trot 1m,Trot,Dirt,,8.0,1m,Classic
Commence,"Putnam, Joey","Putnam, Joe",-,3,0.0,,5,8/1,0.10607802853180254,17/2,9.43,0.18193841284748943,9/2,0.210386056965872,4/1,US,2026-05-11,UK (base),horse_win_predictor.pkl,75,Oak Grove Racing,19:34,Trot 1m,Trot,Dirt,,8.0,1m,Classic
Battle Em,"Curtin, Pat","Lunsford, Henr",-,3,0.0,,6,15/1,0.09747753302444756,19/2,10.26,0.16785806388837982,5/1,0.1942507629623544,4/1,US,2026-05-11,UK (base),horse_win_predictor.pkl,75,Oak Grove Racing,19:34,Trot 1m,Trot,Dirt,,8.0,1m,Classic
Julius Spirit,"Fonseca, Joser","Pinske, Carter",-,3,0.0,,7,12/1,0.10002932839476168,9/1,10.0,0.17204809787928538,5/1,0.19905513643598177,4/1,US,2026-05-11,UK (base),horse_win_predictor.pkl,75,Oak Grove Racing,19:34,Trot 1m,Trot,Dirt,,8.0,1m,Classic
Caught Ina Scandal,"Stiltner, Jame","Stiltner, Jame",-,4,0.0,,8,7/2,0.12573630397718535,7/1,7.95,0.21367765264865912,7/2,0.24665565840046177,3/1,US,2026-05-11,UK (base),horse_win_predictor.pkl,75,Oak Grove Racing,19:34,Trot 1m,Trot,Dirt,,8.0,1m,Classic
Barroom Blitz,"Tharps, Devon","Wellwood, Paul",-,3,0.0,,9,12/1,0.10002932839476168,9/1,10.0,0.17204809787928538,5/1,0.19905513643598177,4/1,US,2026-05-11,UK (base),horse_win_predictor.pkl,75,Oak Grove Racing,19:34,Trot 1m,Trot,Dirt,,8.0,1m,Classic
Winter Soldier,"Bender, Atlee","Patalan, Eric",-,5,0.0,,1,15/1,0.1222201382777321,7/1,8.18,0.20804603913941538,4/1,0.24023075196254662,3/1,US,2026-05-11,UK (base),horse_win_predictor.pkl,75,Oak Grove Racing,19:55,Trot 1m,Trot,Dirt,,8.0,1m,Classic
Corner Store,"Putnam, Joey","Kelley, Paul",-,4,0.0,,2,10/1,0.12726969608074162,7/1,7.86,0.21612739251294746,7/2,0.24944902867502466,3/1,US,2026-05-11,UK (base),horse_win_predictor.pkl,75,Oak Grove Racing,19:55,Trot 1m,Trot,Dirt,,8.0,1m,Classic
Woman Of Passion,"Luna, Marvin","Pinske, Carter",-,5,0.0,,3,8/1,0.1308604927406595,13/2,7.64,0.22184931208492456,7/2,0.25597011933902397,3/1,US,2026-05-11,UK (base),horse_win_predictor.pkl,75,Oak Grove Racing,19:55,Trot 1m,Trot,Dirt,,8.0,1m,Classic
Tom's Muscle,"Fonseca, Joser","Grant, Peggy",-,5,0.0,,4,5/1,0.1407351835554337,6/1,7.11,0.2374782168874754,3/1,0.27375685438699104,5/2,US,2026-05-11,UK (base),horse_win_predictor.pkl,75,Oak Grove Racing,19:55,Trot 1m,Trot,Dirt,,8.0,1m,Classic
Little Expensive,"Miller, Tyler","Miller, Julie",-,6,0.0,,5,5/2,0.16189523530137845,5/1,6.18,0.27044336977185024,5/2,0.31114892019827717,2/1,US,2026-05-11,UK (base),horse_win_predictor.pkl,75,Oak Grove Racing,19:55,Trot 1m,Trot,Dirt,,8.0,1m,Classic
Dp Freedoms Chrome,"Miller, Marcus","Oke, Wayne",-,5,0.0,,6,4/1,0.14665999804429827,6/1,6.82,0.24678067245865404,3/1,0.28432592536403745,5/2,US,2026-05-11,UK (base),horse_win_predictor.pkl,75,Oak Grove Racing,19:55,Trot 1m,Trot,Dirt,,8.0,1m,Classic
Cecil Hanover,"Tharps, Devon","Engblom, Per",-,6,0.0,,7,2/1,0.17035925599975632,5/1,5.87,0.283428839915729,5/2,0.3258299338842187,2/1,US,2026-05-11,UK (base),horse_win_predictor.pkl,75,Oak Grove Racing,19:55,Trot 1m,Trot,Dirt,,8.0,1m,Classic
Furst Igor S,"Curtin, Pat","Kosciolek, Nik",-,6,0.0,,1,8/1,0.11688310392978256,15/2,8.56,0.19946025908620035,4/1,0.23042669226985701,7/2,US,2026-05-11,UK (base),horse_win_predictor.pkl,75,Oak Grove Racing,20:16,Trot 1m,Trot,Dirt,,8.0,1m,Classic
Exchequer,"Hershberger, J","Hershberger, J",-,9,0.0,,2,15/1,0.10828146818272492,8/1,9.24,0.1855267416474597,9/2,0.21449371919673524,7/2,US,2026-05-11,UK (base),horse_win_predictor.pkl,75,Oak Grove Racing,20:16,Trot 1m,Trot,Dirt,,8.0,1m,Classic
Outbound Train,"Luna, Marvin","Stewart, Bob",-,4,0.0,,3,6/1,0.12250049870337125,7/1,8.16,0.20849579992000855,4/1,0.24074403787624754,3/1,US,2026-05-11,UK (base),horse_win_predictor.pkl,75,Oak Grove Racing,20:16,Trot 1m,Trot,Dirt,,8.0,1m,Classic
P P E,"Dinges, Tony","Dinges, Tony",-,7,0.0,,4,8/1,0.11688310392978256,15/2,8.56,0.19946025908620035,4/1,0.23042669226985701,7/2,US,2026-05-11,UK (base),horse_win_predictor.pkl,75,Oak Grove Racing,20:16,Trot 1m,Trot,Dirt,,8.0,1m,Classic
Youngblood,"Buford, Archie","Buford, Archie",-,4,0.0,,5,7/2,0.1365439856373429,13/2,7.32,0.2308637661362325,7/2,0.2662336838233161,3/1,US,2026-05-11,UK (base),horse_win_predictor.pkl,75,Oak Grove Racing,20:16,Trot 1m,Trot,Dirt,,8.0,1m,Classic
Rock Party,"Avenatti, Wyat","Chupp, Merv",-,9,0.0,,6,10/1,0.11330839816477159,8/1,8.83,0.19368408222085573,4/1,0.2238249637418873,7/2,US,2026-05-11,UK (base),horse_win_predictor.pkl,75,Oak Grove Racing,20:16,Trot 1m,Trot,Dirt,,8.0,1m,Classic
Louise's Legacy,"Miller, Marcus","Miller, Erv",-,4,0.0,,7,9/2,0.12939457410732094,13/2,7.73,0.21951586874644574,7/2,0.2533113542361175,3/1,US,2026-05-11,UK (base),horse_win_predictor.pkl,75,Oak Grove Racing,20:16,Trot 1m,Trot,Dirt,,8.0,1m,Classic
Prince Of Honor,"Bates, Brandon","Burke, Ron",-,6,0.0,,8,2/1,0.15620486734490324,11/2,6.4,0.2616487927550348,3/1,0.3011902647838341,5/2,US,2026-05-11,UK (base),horse_win_predictor.pkl,75,Oak Grove Racing,20:16,Trot 1m,Trot,Dirt,,8.0,1m,Classic
Fox Valley Stoli,"Bates, Brandon","Laffoon, Rober",-,4,0.0,,1,8/1,0.10566755532053965,17/2,9.46,0.18126909377903594,9/2,0.20961967070097204,4/1,US,2026-05-11,UK (base),horse_win_predictor.pkl,75,Oak Grove Racing,20:37,Pace 1m,Pace,Dirt,,8.0,1m,Classic
Mankat,"Bobbitt, Gerem","Campbell, Gary",-,9,0.0,,2,6/1,0.11116692738743104,8/1,9.0,0.190214000701566,9/2,0.2198566531943666,7/2,US,2026-05-11,UK (base),horse_win_predictor.pkl,75,Oak Grove Racing,20:37,Pace 1m,Pace,Dirt,,8.0,1m,Classic
Mystical Charger,"Denson, Jamaal","Denson, Jamaal",-,10,0.0,,3,12/1,0.09974515463311813,9/1,10.03,0.17158200164138493,5/1,0.19852081926948498,4/1,US,2026-05-11,UK (base),horse_win_predictor.pkl,75,Oak Grove Racing,20:37,Pace 1m,Pace,Dirt,,8.0,1m,Classic
Ponda Eagle,"Miller, Marcus","Miller, Erv",-,4,0.0,,4,2/1,0.14416315978877947,6/1,6.94,0.24286727430757493,3/1,0.27988131725212323,5/2,US,2026-05-11,UK (base),horse_win_predictor.pkl,75,Oak Grove Racing,20:37,Pace 1m,Pace,Dirt,,8.0,1m,Classic
Tookadiveoffdipper,"Bender, Atlee","Eaton, James",-,12,0.0,,5,3/1,0.12972730811318953,13/2,7.71,0.22004581502750561,7/2,0.25391525512037416,3/1,US,2026-05-11,UK (base),horse_win_predictor.pkl,75,Oak Grove Racing,20:37,Pace 1m,Pace,Dirt,,8.0,1m,Classic
Rockin Ella Mae,"Maxwell, Zyler","Watson, Jimmy",-,7,0.0,,6,12/1,0.09974515463311813,9/1,10.03,0.17158200164138493,5/1,0.19852081926948498,4/1,US,2026-05-11,UK (base),horse_win_predictor.pkl,75,Oak Grove Racing,20:37,Pace 1m,Pace,Dirt,,8.0,1m,Classic
Ideal Ace,"White, Stephen","White, Stephen",-,12,0.0,,7,15/1,0.09724664184311219,19/2,10.28,0.1674784278377919,5/1,0.1938153475857968,4/1,US,2026-05-11,UK (base),horse_win_predictor.pkl,75,Oak Grove Racing,20:37,Pace 1m,Pace,Dirt,,8.0,1m,Classic
My House,"Shetler, Andy","Shetler, Andy",-,9,0.0,,8,5/1,0.1152914564375996,15/2,8.67,0.19689092564567695,4/1,0.22749072659870595,7/2,US,2026-05-11,UK (base),horse_win_predictor.pkl,75,Oak Grove Racing,20:37,Pace 1m,Pace,Dirt,,8.0,1m,Classic
Lottie's Webb,"Luna, Marvin","Halford, Steph",-,4,0.0,,9,15/1,0.09724664184311219,19/2,10.28,0.1674784278377919,5/1,0.1938153475857968,4/1,US,2026-05-11,UK (base),horse_win_predictor.pkl,75,Oak Grove Racing,20:37,Pace 1m,Pace,Dirt,,8.0,1m,Classic
Other Peoples Beer,"Maxwell, Zyler","Laffoon, Rober",-,6,0.0,,1,7/2,0.1256485505900417,7/1,7.96,0.21353734444977246,7/2,0.24649564214717148,3/1,US,2026-05-11,UK (base),horse_win_predictor.pkl,75,Oak Grove Racing,20:58,Pace 1m,Pace,Dirt,,8.0,1m,Classic
Dowahs Boy,"Tharps, Devon","Watson, Jimmy",-,11,0.0,,2,15/1,0.09745285238431342,19/2,10.26,0.16781748754149312,5/1,0.1942042257254355,4/1,US,2026-05-11,UK (base),horse_win_predictor.pkl,75,Oak Grove Racing,20:58,Pace 1m,Pace,Dirt,,8.0,1m,Classic
D A Wicked Shine,"Bender, Atlee","Dinges, Tony",-,5,0.0,,3,3/1,0.13055215027799447,13/2,7.66,0.2213587793466236,7/2,0.2554112652473595,3/1,US,2026-05-11,UK (base),horse_win_predictor.pkl,75,Oak Grove Racing,20:58,Pace 1m,Pace,Dirt,,8.0,1m,Classic
Rule The West,"Shetler, Andy","Brooks, David",-,5,0.0,,4,10/1,0.10246789751971964,9/1,9.76,0.17604247951780594,9/2,0.2036329477670883,4/1,US,2026-05-11,UK (base),horse_win_predictor.pkl,75,Oak Grove Racing,20:58,Pace 1m,Pace,Dirt,,8.0,1m,Classic
Talk Racy To Me,"Bates, Brandon","Oke, Wayne",-,6,0.0,,5,8/1,0.10603415183823073,17/2,9.43,0.18186688022397296,9/2,0.2103041533686263,4/1,US,2026-05-11,UK (base),horse_win_predictor.pkl,75,Oak Grove Racing,20:58,Pace 1m,Pace,Dirt,,8.0,1m,Classic
Virgin Storm,"Bobbitt, Gerem","Roberts, Ashle",-,10,0.0,,6,15/1,0.09745285238431342,19/2,10.26,0.16781748754149312,5/1,0.1942042257254355,4/1,US,2026-05-11,UK (base),horse_win_predictor.pkl,75,Oak Grove Racing,20:58,Pace 1m,Pace,Dirt,,8.0,1m,Classic
Kissinbythebeaches,"Curtin, Pat","Kosciolek, Nik",-,9,0.0,,7,5/1,0.11584135121413623,15/2,8.63,0.19777905726455175,4/1,0.22850569703345758,7/2,US,2026-05-11,UK (base),horse_win_predictor.pkl,75,Oak Grove Racing,20:58,Pace 1m,Pace,Dirt,,8.0,1m,Classic
Under The Desk,"Miller, Marcus","Whitton, Cassi",-,6,0.0,,8,8/1,0.10603415183823073,17/2,9.43,0.18186688022397296,9/2,0.2103041533686263,4/1,US,2026-05-11,UK (base),horse_win_predictor.pkl,75,Oak Grove Racing,20:58,Pace 1m,Pace,Dirt,,8.0,1m,Classic
Just Plain Loco,"Denson, Jamaal","Denson, Jamaal",-,10,0.0,,9,9/2,0.11851604195301954,15/2,8.44,0.20209203375526727,4/1,0.23343303068111015,7/2,US,2026-05-11,UK (base),horse_win_predictor.pkl,75,Oak Grove Racing,20:58,Pace 1m,Pace,Dirt,,8.0,1m,Classic
Damn Strait,"Bates, Brandon","Adam, Alex",-,4,0.0,,1,6/1,0.11116866734679173,8/1,9.0,0.1902168231444958,9/2,0.21985988156863484,7/2,US,2026-05-11,UK (base),horse_win_predictor.pkl,75,Oak Grove Racing,21:19,Pace 1m,Pace,Dirt,,8.0,1m,Classic
When We Dance,"Tharps, Devon","Brock, Donald",-,4,0.0,,2,5/2,0.13591758160716372,13/2,7.36,0.2298727757009427,7/2,0.2651059734861098,3/1,US,2026-05-11,UK (base),horse_win_predictor.pkl,75,Oak Grove Racing,21:19,Pace 1m,Pace,Dirt,,8.0,1m,Classic
Doc's Moreau,"Jerrell, Randa","Jerrell, Randa",-,3,0.0,,3,12/1,0.09974609153431235,9/1,10.03,0.1715835385406651,5/1,0.19852258116804739,4/1,US,2026-05-11,UK (base),horse_win_predictor.pkl,75,Oak Grove Racing,21:19,Pace 1m,Pace,Dirt,,8.0,1m,Classic
Purple Wayne,"Vandervort, Sh","Vandervort, Ro",-,3,0.0,,4,15/1,0.09724740307533249,19/2,10.28,0.16747967961168153,5/1,0.1938167833128124,4/1,US,2026-05-11,UK (base),horse_win_predictor.pkl,75,Oak Grove Racing,21:19,Pace 1m,Pace,Dirt,,8.0,1m,Classic
Bet On The Jet,"Patton, Jordan","Patton, Jordan",-,3,0.0,,5,12/1,0.09974609153431235,9/1,10.03,0.1715835385406651,5/1,0.19852258116804739,4/1,US,2026-05-11,UK (base),horse_win_predictor.pkl,75,Oak Grove Racing,21:19,Pace 1m,Pace,Dirt,,8.0,1m,Classic
First Colt,"Avenatti, Wyat","Cotton, Philip",-,3,0.0,,6,10/1,0.10216906216120192,9/1,9.79,0.17555349807984383,9/2,0.20307266154933454,4/1,US,2026-05-11,UK (base),horse_win_predictor.pkl,75,Oak Grove Racing,21:19,Pace 1m,Pace,Dirt,,8.0,1m,Classic
Rock Of All Time,"Putnam, Joey","Putnam, Joe",-,3,0.0,,7,7/2,0.1249180641581095,7/1,8.01,0.2123688972821895,7/2,0.24516295970371949,3/1,US,2026-05-11,UK (base),horse_win_predictor.pkl,75,Oak Grove Racing,21:19,Pace 1m,Pace,Dirt,,8.0,1m,Classic
Idyllic Stranger,"Bobbitt, Gerem","Debeck, Rodney",-,3,0.0,,8,9/2,0.11791837123598409,15/2,8.48,0.20112927440481349,4/1,0.2323333630931245,7/2,US,2026-05-11,UK (base),horse_win_predictor.pkl,75,Oak Grove Racing,21:19,Pace 1m,Pace,Dirt,,8.0,1m,Classic
Smart Aleck,"Luna, Marvin","Deters, Terry",-,3,0.0,,9,6/1,0.11116866734679173,8/1,9.0,0.1902168231444958,9/2,0.21985988156863484,7/2,US,2026-05-11,UK (base),horse_win_predictor.pkl,75,Oak Grove Racing,21:19,Pace 1m,Pace,Dirt,,8.0,1m,Classic
Go Go Go Chrome,"Buford, Archie","Patton, Jamaic",-,3,0.0,,1,3/1,0.12978194762066061,13/2,7.71,0.22013282257461958,7/2,0.2540144006823542,3/1,US,2026-05-11,UK (base),horse_win_predictor.pkl,75,Oak Grove Racing,21:40,Trot 1m,Trot,Dirt,,8.0,1m,Classic
Panzee Party,"Tharps, Devon","Burke, Ron",-,3,0.0,,2,9/2,0.11795589456586764,15/2,8.48,0.20118973576829446,4/1,0.23240242621920454,7/2,US,2026-05-11,UK (base),horse_win_predictor.pkl,75,Oak Grove Racing,21:40,Trot 1m,Trot,Dirt,,8.0,1m,Classic
Harbor Of Grace,"Putnam, Joey","Murphy, Mike",-,3,0.0,,3,8/1,0.10569183954608236,17/2,9.46,0.18130869922564039,9/2,0.20966502160547465,4/1,US,2026-05-11,UK (base),horse_win_predictor.pkl,75,Oak Grove Racing,21:40,Trot 1m,Trot,Dirt,,8.0,1m,Classic
My Little Maverick,"Bates, Brandon","Oke, Wayne",-,3,0.0,,4,15/1,0.09726030171997996,19/2,10.28,0.16750089006343472,5/1,0.19384111069223023,4/1,US,2026-05-11,UK (base),horse_win_predictor.pkl,75,Oak Grove Racing,21:40,Trot 1m,Trot,Dirt,,8.0,1m,Classic
Ghostbuster Sa,"Maxwell, Zyler","Cottongim, Bil",-,4,0.0,,5,6/1,0.11119814996312881,8/1,8.99,0.1902646470894539,9/2,0.2199145835118258,7/2,US,2026-05-11,UK (base),horse_win_predictor.pkl,75,Oak Grove Racing,21:40,Trot 1m,Trot,Dirt,,8.0,1m,Classic
Dg's Legacy,"Shetler, Andy","Shetler, Andy",-,4,0.0,,6,12/1,0.09976196678926309,9/1,10.02,0.17160958020654393,5/1,0.19855243523802424,4/1,US,2026-05-11,UK (base),horse_win_predictor.pkl,75,Oak Grove Racing,21:40,Trot 1m,Trot,Dirt,,8.0,1m,Classic
Deuce Pop,"Jerrell, Randa","Jerrell, Randa",-,3,0.0,,7,7/2,0.12496392600574496,7/1,8.0,0.2124422805681255,7/2,0.2452466635290182,3/1,US,2026-05-11,UK (base),horse_win_predictor.pkl,75,Oak Grove Racing,21:40,Trot 1m,Trot,Dirt,,8.0,1m,Classic
R Perfect Goo,"Fonseca, Joser","Butenschoen, T",-,3,0.0,,8,6/1,0.11119814996312881,8/1,8.99,0.1902646470894539,9/2,0.2199145835118258,7/2,US,2026-05-11,UK (base),horse_win_predictor.pkl,75,Oak Grove Racing,21:40,Trot 1m,Trot,Dirt,,8.0,1m,Classic
Tru Fortune,"Curtin, Pat","Hunt, Leroy",-,5,0.0,,9,10/1,0.10218782382614369,9/1,9.79,0.17558420181640028,9/2,0.2031078435627465,4/1,US,2026-05-11,UK (base),horse_win_predictor.pkl,75,Oak Grove Racing,21:40,Trot 1m,Trot,Dirt,,8.0,1m,Classic
Frozen Shark,"Bender, Atlee","Adam, Alex",-,6,0.0,,1,4/1,0.12084632792595872,15/2,8.27,0.205840322288175,4/1,0.2377130701740061,3/1,US,2026-05-11,UK (base),horse_win_predictor.pkl,75,Oak Grove Racing,22:01,Pace 1m,Pace,Dirt,,8.0,1m,Classic
Double Down Duke,"Miller, Marcus","Campbell, Don",-,9,0.0,,2,9/2,0.11771663930418244,15/2,8.49,0.2008041850122716,4/1,0.23196201465280503,7/2,US,2026-05-11,UK (base),horse_win_predictor.pkl,75,Oak Grove Racing,22:01,Pace 1m,Pace,Dirt,,8.0,1m,Classic
Fightforyourright,"Stiltner, Jame","Stiltner, Jame",-,5,0.0,,3,3/1,0.12945297163584346,13/2,7.72,0.21960889145223783,7/2,0.2534173613833857,3/1,US,2026-05-11,UK (base),horse_win_predictor.pkl,75,Oak Grove Racing,22:01,Pace 1m,Pace,Dirt,,8.0,1m,Classic
The Legend Hanover,"Denson, Jamaal","Denson, Jamaal",-,8,0.0,,4,5/1,0.1151085654527022,15/2,8.69,0.19659543234240073,4/1,0.2271530074260377,7/2,US,2026-05-11,UK (base),horse_win_predictor.pkl,75,Oak Grove Racing,22:01,Pace 1m,Pace,Dirt,,8.0,1m,Classic
Sonic Star,"Fonseca, Joser","Best, Ronald",-,6,0.0,,5,10/1,0.1020681961953011,9/1,9.8,0.175388419811892,9/2,0.20288350366811359,4/1,US,2026-05-11,UK (base),horse_win_predictor.pkl,75,Oak Grove Racing,22:01,Pace 1m,Pace,Dirt,,8.0,1m,Classic
Artifact Hanover,"Bobbitt, Gerem","Watson, Jimmy",-,11,0.0,,6,10/1,0.1020681961953011,9/1,9.8,0.175388419811892,9/2,0.20288350366811359,4/1,US,2026-05-11,UK (base),horse_win_predictor.pkl,75,Oak Grove Racing,22:01,Pace 1m,Pace,Dirt,,8.0,1m,Classic
It's A Jk,"Bates, Brandon","Kosciolek, Nik",-,7,0.0,,7,12/1,0.09966074340931935,9/1,10.03,0.1714435271152563,5/1,0.19836207100498265,4/1,US,2026-05-11,UK (base),horse_win_predictor.pkl,75,Oak Grove Racing,22:01,Pace 1m,Pace,Dirt,,8.0,1m,Classic
Somebeachsomeday,"Shetler, Andy","Brooks, David",-,12,0.0,,8,6/1,0.11101016368609044,8/1,9.01,0.18995968948167274,9/2,0.2195657616550161,7/2,US,2026-05-11,UK (base),horse_win_predictor.pkl,75,Oak Grove Racing,22:01,Pace 1m,Pace,Dirt,,8.0,1m,Classic
Isitlikeitlooks,"Putnam, Joey","Putnam, Joe",-,10,0.0,,9,10/1,0.1020681961953011,9/1,9.8,0.175388419811892,9/2,0.20288350366811359,4/1,US,2026-05-11,UK (base),horse_win_predictor.pkl,75,Oak Grove Racing,22:01,Pace 1m,Pace,Dirt,,8.0,1m,Classic
Dg's Caviar,"Shetler, Andy","Shetler, Andy",-,10,0.0,,1,8/1,0.11675611876501768,15/2,8.56,0.1992554207617751,4/1,0.23019265901055913,7/2,US,2026-05-11,UK (base),horse_win_predictor.pkl,75,Oak Grove Racing,22:22,Trot 1m,Trot,Dirt,,8.0,1m,Classic
Matthews,"Miller, Marcus","Vandervort, Ro",-,4,0.0,,2,5/2,0.14745224190369627,6/1,6.78,0.24802030451271234,3/1,0.28573332799109336,5/2,US,2026-05-11,UK (base),horse_win_predictor.pkl,75,Oak Grove Racing,22:22,Trot 1m,Trot,Dirt,,8.0,1m,Classic
Spanish Room,"Curtin, Pat","Best, Ronald",-,5,0.0,,3,4/1,0.13238323599925408,13/2,7.55,0.22426956785975,7/2,0.258726942307436,3/1,US,2026-05-11,UK (base),horse_win_predictor.pkl,75,Oak Grove Racing,22:22,Trot 1m,Trot,Dirt,,8.0,1m,Classic
Jog On Col,"Putnam, Joey","Foley, Peter",-,4,0.0,,4,5/1,0.12652306703641542,7/1,7.9,0.21493505147170672,7/2,0.24808954563494096,3/1,US,2026-05-11,UK (base),horse_win_predictor.pkl,75,Oak Grove Racing,22:22,Trot 1m,Trot,Dirt,,8.0,1m,Classic
Dj Dan,"Maxwell, Zyler","Yoder, Elmer",-,7,0.0,,5,8/1,0.11675611876501768,15/2,8.56,0.1992554207617751,4/1,0.23019265901055913,7/2,US,2026-05-11,UK (base),horse_win_predictor.pkl,75,Oak Grove Racing,22:22,Trot 1m,Trot,Dirt,,8.0,1m,Classic
Lous Mandalorian,"Avenatti, Wyat","Brown, Jill",-,5,0.0,,6,12/1,0.11074568905954216,8/1,9.03,0.18953055419095766,9/2,0.21907487861523847,7/2,US,2026-05-11,UK (base),horse_win_predictor.pkl,75,Oak Grove Racing,22:22,Trot 1m,Trot,Dirt,,8.0,1m,Classic
Perlucky,"Bender, Atlee","Eaton, James",-,11,0.0,,7,3/1,0.14117348944351205,6/1,7.08,0.23816831770099578,3/1,0.27454137829755215,5/2,US,2026-05-11,UK (base),horse_win_predictor.pkl,75,Oak Grove Racing,22:22,Trot 1m,Trot,Dirt,,8.0,1m,Classic
Caviart Grady,"Tharps, Devon","Lindsey, Richa",-,5,0.0,,8,15/1,0.10821003902754467,8/1,9.24,0.18541054021250622,9/2,0.2143607281568668,7/2,US,2026-05-11,UK (base),horse_win_predictor.pkl,75,Oak Grove Racing,22:22,Trot 1m,Trot,Dirt,,8.0,1m,Classic
Clairedelou,"Tharps, Devon","Hughes, John",-,5,0.0,,1,5/2,0.14728677223206885,6/1,6.79,0.24776147539809085,3/1,0.2854394890853491,5/2,US,2026-05-11,UK (base),horse_win_predictor.pkl,75,Oak Grove Racing,22:43,Pace 1m,Pace,Dirt,,8.0,1m,Classic
Playonplayer,"Buford, Archie","Arthur, Charle",-,4,0.0,,2,6/1,0.12225449722714551,7/1,8.18,0.20810116533505224,4/1,0.24029366587551726,3/1,US,2026-05-11,UK (base),horse_win_predictor.pkl,75,Oak Grove Racing,22:43,Pace 1m,Pace,Dirt,,8.0,1m,Classic
River Girl,"Bates, Brandon","Halford, Steph",-,4,0.0,,3,6/1,0.12225449722714551,7/1,8.18,0.20810116533505224,4/1,0.24029366587551726,3/1,US,2026-05-11,UK (base),horse_win_predictor.pkl,75,Oak Grove Racing,22:43,Pace 1m,Pace,Dirt,,8.0,1m,Classic
Fearless Shelia,"Putnam, Joey","Best, Ronald",-,7,0.0,,4,9/2,0.12908148131939734,13/2,7.75,0.21901704331922728,7/2,0.2527428790691635,3/1,US,2026-05-11,UK (base),horse_win_predictor.pkl,75,Oak Grove Racing,22:43,Pace 1m,Pace,Dirt,,8.0,1m,Classic
Sour Grapes,"Knox, Phillip","Knox, Phillip",-,5,0.0,,5,12/1,0.11070113953256554,8/1,9.03,0.18945825732357113,9/2,0.21899217649519823,7/2,US,2026-05-11,UK (base),horse_win_predictor.pkl,75,Oak Grove Racing,22:43,Pace 1m,Pace,Dirt,,8.0,1m,Classic
Tellit Quick,"Avenatti, Wyat","Hanna, Ray",-,6,0.0,,6,8/1,0.1166917694482737,15/2,8.57,0.1991516097613174,4/1,0.2300740498787088,7/2,US,2026-05-11,UK (base),horse_win_predictor.pkl,75,Oak Grove Racing,22:43,Pace 1m,Pace,Dirt,,8.0,1m,Classic
Little Bit Tuff,"Bender, Atlee","Whitton, Cassi",-,5,0.0,,7,3/1,0.141028703480838,6/1,7.09,0.23794039010111953,3/1,0.2742822725837251,5/2,US,2026-05-11,UK (base),horse_win_predictor.pkl,75,Oak Grove Racing,22:43,Pace 1m,Pace,Dirt,,8.0,1m,Classic
Yippie Hanover,"Miller, Marcus","Watson, Jimmy",-,6,0.0,,8,12/1,0.11070113953256554,8/1,9.03,0.18945825732357113,9/2,0.21899217649519823,7/2,US,2026-05-11,UK (base),horse_win_predictor.pkl,75,Oak Grove Racing,22:43,Pace 1m,Pace,Dirt,,8.0,1m,Classic
Royalties Riches,Sanchez Mychel J,Pino Michael V,-,3,117.0,,1,2/1,0.1427235771833737,6/1,7.01,0.24060642334285792,3/1,0.2773124906526645,5/2,US,2026-05-11,UK (base),horse_win_predictor.pkl,75,Parx Racing,16:40,Claiming 6f,Claiming,Dirt,,6.0,6f,Sprint
Classic Mystery,Adorno Abner,Solis Jacinto,-,5,122.0,,2,6/1,0.11054996341368573,8/1,9.05,0.18921289861602053,9/2,0.21871149931689607,7/2,US,2026-05-11,UK (base),horse_win_predictor.pkl,75,Parx Racing,16:40,Claiming 6f,Claiming,Dirt,,6.0,6f,Sprint
Nouveau Riche,Ocasio Luis M,Romero Alexis,-,5,122.0,,3,20/1,0.09446315652884173,19/2,10.59,0.16289505139880114,5/1,0.18855701197503594,9/2,US,2026-05-11,UK (base),horse_win_predictor.pkl,75,Parx Racing,16:40,Claiming 6f,Claiming,Dirt,,6.0,6f,Sprint
Laughing Lady,Herman Noel,Gonzalez-Milian Jose G,-,4,115.0,,4,4/1,0.12020204754459211,15/2,8.32,0.2048048597931359,4/1,0.23653091438633983,3/1,US,2026-05-11,UK (base),horse_win_predictor.pkl,75,Parx Racing,16:40,Claiming 6f,Claiming,Dirt,,6.0,6f,Sprint
Seven P R C,Lopez Paco,"Linder, Jr. Louis C",-,4,122.0,,5,6/1,0.11054996341368573,8/1,9.05,0.18921289861602053,9/2,0.21871149931689607,7/2,US,2026-05-11,UK (base),horse_win_predictor.pkl,75,Parx Racing,16:40,Claiming 6f,Claiming,Dirt,,6.0,6f,Sprint
Daisy Believes,Martinez Francisco,"Brown, Jr. Howard R",-,5,122.0,,6,12/1,0.09941294326263989,9/1,10.06,0.1710369512422391,5/1,0.19789595423458883,4/1,US,2026-05-11,UK (base),horse_win_predictor.pkl,75,Parx Racing,16:40,Claiming 6f,Claiming,Dirt,,6.0,6f,Sprint
Broad Strokes,"Vargas, Jr. Jorge A",Lake Scott A,-,4,122.0,,7,5/1,0.11457166513489672,15/2,8.73,0.19572766408138778,4/1,0.22616116368632191,7/2,US,2026-05-11,UK (base),horse_win_predictor.pkl,75,Parx Racing,16:40,Claiming 6f,Claiming,Dirt,,6.0,6f,Sprint
Wonderfulvenezuela,Aguilar Jean,Gallimore Trevor,-,5,122.0,,8,15/1,0.09697672010459861,19/2,10.31,0.16703450879448098,5/1,0.19330617955318685,4/1,US,2026-05-11,UK (base),horse_win_predictor.pkl,75,Parx Racing,16:40,Claiming 6f,Claiming,Dirt,,6.0,6f,Sprint
Saint Grace,Rodriguez Yan,Rodriguez Miguel A,-,4,122.0,,9,6/1,0.11054996341368573,8/1,9.05,0.18921289861602053,9/2,0.21871149931689607,7/2,US,2026-05-11,UK (base),horse_win_predictor.pkl,75,Parx Racing,16:40,Claiming 6f,Claiming,Dirt,,6.0,6f,Sprint
Weekend Honor,Sanchez Mychel J,Aristone Philip T,-,4,125.0,,1,8/1,0.13127593233654955,13/2,7.62,0.22250998187712492,7/2,0.25672275045484066,3/1,US,2026-05-11,UK (base),horse_win_predictor.pkl,75,Parx Racing,17:07,Maiden Claiming 6f,Maiden Claiming,Dirt,,6.0,6f,Sprint
Smokin Hot Wife,Rangel Joezer,Solis Jacinto,-,4,125.0,,2,6/1,0.13703730982953197,13/2,7.3,0.23164377826490543,7/2,0.26712120392817046,5/2,US,2026-05-11,UK (base),horse_win_predictor.pkl,75,Parx Racing,17:07,Maiden Claiming 6f,Maiden Claiming,Dirt,,6.0,6f,Sprint
Anita Glassofwine,Haddock Dexter,Arce Josue,-,3,120.0,,3,6/1,0.13703730982953197,13/2,7.3,0.23164377826490543,7/2,0.26712120392817046,5/2,US,2026-05-11,UK (base),horse_win_predictor.pkl,75,Parx Racing,17:07,Maiden Claiming 6f,Maiden Claiming,Dirt,,6.0,6f,Sprint
City Broad,Ocasio Luis M,Marquez Cesareo,-,5,121.0,,4,15/1,0.12245382305042024,7/1,8.17,0.20842093046702553,4/1,0.24065859574825252,3/1,US,2026-05-11,UK (base),horse_win_predictor.pkl,75,Parx Racing,17:07,Maiden Claiming 6f,Maiden Claiming,Dirt,,6.0,6f,Sprint
Think I'm In Love,Adorno Abner,Demasi Kathleen A,-,3,120.0,,5,9/2,0.1441080912981922,6/1,6.94,0.24278085075465944,3/1,0.27978313555083467,5/2,US,2026-05-11,UK (base),horse_win_predictor.pkl,75,Parx Racing,17:07,Maiden Claiming 6f,Maiden Claiming,Dirt,,6.0,6f,Sprint
J C's Lovin' Life,Lopez Paco,"Reid, Jr. Robert E",-,4,125.0,,6,2/1,0.17160557478742644,5/1,5.83,0.2853312559788692,5/2,0.32797838642566024,2/1,US,2026-05-11,UK (base),horse_win_predictor.pkl,75,Parx Racing,17:07,Maiden Claiming 6f,Maiden Claiming,Dirt,,6.0,6f,Sprint
Flee,Hazlewood Yedsit,Ness Jamie,-,3,115.0,,7,3/1,0.1564819588683476,11/2,6.39,0.26207824320200546,3/1,0.30167684982712717,5/2,US,2026-05-11,UK (base),horse_win_predictor.pkl,75,Parx Racing,17:07,Maiden Claiming 6f,Maiden Claiming,Dirt,,6.0,6f,Sprint
Magic Word,Rangel Joezer,Shaw Jennifer B,-,3,122.0,,1,12/1,0.14416017621170774,6/1,6.94,0.24286259205676142,3/1,0.27987599799865653,5/2,US,2026-05-11,UK (base),horse_win_predictor.pkl,75,Parx Racing,17:34,Maiden Claiming 8f,Maiden Claiming,Dirt,,8.0,8f,Classic
Midwest Princess,Martinez Francisco,Dunn Benjamin J,-,3,122.0,,2,5/2,0.18360023122020552,9/2,5.45,0.3035131802730796,5/2,0.34848053616790736,2/1,US,2026-05-11,UK (base),horse_win_predictor.pkl,75,Parx Racing,17:34,Maiden Claiming 8f,Maiden Claiming,Dirt,,8.0,8f,Classic
Maye's Misfit,Moya Ramon F,Velazquez Daniel,-,3,122.0,,3,15/1,0.1414356987275681,6/1,7.07,0.23858101220997824,3/1,0.27501050476588207,5/2,US,2026-05-11,UK (base),horse_win_predictor.pkl,75,Parx Racing,17:34,Maiden Claiming 8f,Maiden Claiming,Dirt,,8.0,8f,Classic
Essential Girl,Herman Noel,Velazquez Daniel,-,3,115.0,,4,5/1,0.16111248055746555,5/1,6.21,0.26923667989033423,5/2,0.30978325464016,2/1,US,2026-05-11,UK (base),horse_win_predictor.pkl,75,Parx Racing,17:34,Maiden Claiming 8f,Maiden Claiming,Dirt,,8.0,8f,Classic
Dreaming Of Bella,Sanchez Mychel J,Montoya Marya K,-,3,122.0,,5,8/5,0.20228236254002024,4/1,4.94,0.33137372921621866,2/1,0.3797829917197931,3/2,US,2026-05-11,UK (base),horse_win_predictor.pkl,75,Parx Racing,17:34,Maiden Claiming 8f,Maiden Claiming,Dirt,,8.0,8f,Classic
Always In Play,Rivera Kendry,Santaella-Calderon Jose M,-,3,117.0,,6,4/1,0.16740905074303272,5/1,5.97,0.27891565912091226,5/2,0.3207306372626171,2/1,US,2026-05-11,UK (base),horse_win_predictor.pkl,75,Parx Racing,17:34,Maiden Claiming 8f,Maiden Claiming,Dirt,,8.0,8f,Classic
Goldcrest,Haddock Dexter,Pattershall Mary A,-,6,122.0,,1,9/2,0.14576457645764576,6/1,6.86,0.2453783882238609,3/1,0.28273356763619156,5/2,US,2026-05-11,UK (base),horse_win_predictor.pkl,75,Parx Racing,18:01,Claiming 8f,Claiming,Dirt,,8.0,8f,Classic
Tariba Dream,Adorno Abner,Rodriguez Irving,-,5,122.0,,2,7/2,0.15346534653465346,11/2,6.52,0.2573963336927752,3/1,0.29637045387707084,5/2,US,2026-05-11,UK (base),horse_win_predictor.pkl,75,Parx Racing,18:01,Claiming 8f,Claiming,Dirt,,8.0,8f,Classic
Tomarie,Bowman Adam,Arce Josue,-,10,122.0,,3,8/1,0.13228822882288227,13/2,7.56,0.22411867149311188,7/2,0.258555087494448,3/1,US,2026-05-11,UK (base),horse_win_predictor.pkl,75,Parx Racing,18:01,Claiming 8f,Claiming,Dirt,,8.0,8f,Classic
Umbral,Aguilar Jean,Dandy Ronald J,-,5,122.0,,4,6/1,0.13833883388338833,6/1,7.23,0.23369979462192644,7/2,0.2694601548988782,5/2,US,2026-05-11,UK (base),horse_win_predictor.pkl,75,Parx Racing,18:01,Claiming 8f,Claiming,Dirt,,8.0,8f,Classic
Bright Kohana,Gonzalez Melvis,Arce Josue,-,5,122.0,,5,8/1,0.13228822882288227,13/2,7.56,0.22411867149311188,7/2,0.258555087494448,3/1,US,2026-05-11,UK (base),horse_win_predictor.pkl,75,Parx Racing,18:01,Claiming 8f,Claiming,Dirt,,8.0,8f,Classic
Classy Miss,Rivera Dalila A,Bullock Jordan M,-,7,115.0,,6,8/1,0.13228822882288227,13/2,7.56,0.22411867149311188,7/2,0.258555087494448,3/1,US,2026-05-11,UK (base),horse_win_predictor.pkl,75,Parx Racing,18:01,Claiming 8f,Claiming,Dirt,,8.0,8f,Classic
Chelsea Wall,Hazlewood Yedsit,Ness Jamie,-,8,117.0,,7,5/2,0.16556655665566555,5/1,6.04,0.27608997423394704,5/2,0.3175362558258026,2/1,US,2026-05-11,UK (base),horse_win_predictor.pkl,75,Parx Racing,18:01,Claiming 8f,Claiming,Dirt,,8.0,8f,Classic
And Thats My Story,Lopez Paco,Castillo Michelle,-,4,125.0,,1,6/1,0.13454403436828744,13/2,7.43,0.22769758411564145,7/2,0.2626301652708992,3/1,US,2026-05-11,UK (base),horse_win_predictor.pkl,75,Parx Racing,18:28,Starter Optional Claiming 8f,Starter Optional Claiming,Dirt,,8.0,8f,Classic
Tavern Time,Hazlewood Yedsit,Ness Jamie,-,4,115.0,,2,3/1,0.1521187268111697,11/2,6.57,0.25530162262278444,3/1,0.29399520855213995,5/2,US,2026-05-11,UK (base),horse_win_predictor.pkl,75,Parx Racing,18:28,Starter Optional Claiming 8f,Starter Optional Claiming,Dirt,,8.0,8f,Classic
Extrasexymcsteemee,Haddock Dexter,Guerrero J. G,-,4,125.0,,3,5/1,0.13844952157781684,6/1,7.22,0.23387452281996923,7/2,0.2696588982857764,5/2,US,2026-05-11,UK (base),horse_win_predictor.pkl,75,Parx Racing,18:28,Starter Optional Claiming 8f,Starter Optional Claiming,Dirt,,8.0,8f,Classic
Real Men Violin,Herman Noel,Arce Josue,-,5,118.0,,4,5/1,0.13844952157781684,6/1,7.22,0.23387452281996923,7/2,0.2696588982857764,5/2,US,2026-05-11,UK (base),horse_win_predictor.pkl,75,Parx Racing,18:28,Starter Optional Claiming 8f,Starter Optional Claiming,Dirt,,8.0,8f,Classic
Bonafide,Sanchez Mychel J,Mosco Robert,-,4,125.0,,5,5/2,0.1579769576254638,11/2,6.33,0.26439314841335676,3/1,0.30429921995881665,5/2,US,2026-05-11,UK (base),horse_win_predictor.pkl,75,Parx Racing,18:28,Starter Optional Claiming 8f,Starter Optional Claiming,Dirt,,8.0,8f,Classic
Housebuster Dude,Adorno Abner,Lake Scott A,-,3,120.0,,6,6/1,0.13454403436828744,13/2,7.43,0.22769758411564145,7/2,0.2626301652708992,3/1,US,2026-05-11,UK (base),horse_win_predictor.pkl,75,Parx Racing,18:28,Starter Optional Claiming 8f,Starter Optional Claiming,Dirt,,8.0,8f,Classic
Tall Cotton,Pennington Frankie,Potts Wayne,-,4,125.0,,7,4/1,0.14391720367115798,6/1,6.95,0.24248123739806393,3/1,0.27944275004565367,5/2,US,2026-05-11,UK (base),horse_win_predictor.pkl,75,Parx Racing,18:28,Starter Optional Claiming 8f,Starter Optional Claiming,Dirt,,8.0,8f,Classic
Jackson Road,Martinez Francisco,Soto- Martinez Elliott,-,6,122.0,,1,6/1,0.13698281099939238,13/2,7.3,0.2315576273914701,7/2,0.26702318353849924,5/2,US,2026-05-11,UK (base),horse_win_predictor.pkl,75,Parx Racing,18:55,Claiming 6f,Claiming,Dirt,,6.0,6f,Sprint
Mac Daddy Too,Hazlewood Yedsit,Guerrero J. G,-,8,117.0,,2,6/1,0.13698281099939238,13/2,7.3,0.2315576273914701,7/2,0.26702318353849924,5/2,US,2026-05-11,UK (base),horse_win_predictor.pkl,75,Parx Racing,18:55,Claiming 6f,Claiming,Dirt,,6.0,6f,Sprint
Son Of Thor,Lopez Paco,Pino Michael V,-,4,122.0,,3,5/1,0.14129476098077262,6/1,7.08,0.2383592021808998,3/1,0.27475836763094746,5/2,US,2026-05-11,UK (base),horse_win_predictor.pkl,75,Parx Racing,18:55,Claiming 6f,Claiming,Dirt,,6.0,6f,Sprint
Brave Blend,Aguilar Jean,Penaloza Miguel,-,5,125.0,,4,6/1,0.13698281099939238,13/2,7.3,0.2315576273914701,7/2,0.26702318353849924,5/2,US,2026-05-11,UK (base),horse_win_predictor.pkl,75,Parx Racing,18:55,Claiming 6f,Claiming,Dirt,,6.0,6f,Sprint
Backside Buzz,Sanchez Mychel J,Pino Michael V,-,6,122.0,,5,9/2,0.14403872915074184,6/1,6.94,0.2426719880750467,3/1,0.279659460171661,5/2,US,2026-05-11,UK (base),horse_win_predictor.pkl,75,Parx Racing,18:55,Claiming 6f,Claiming,Dirt,,6.0,6f,Sprint
Bermuda Run,Rodriguez Angel R,Kreiser Timothy C,-,5,125.0,,6,3/1,0.1563865859156034,11/2,6.39,0.2619304432446154,3/1,0.3015093897429949,5/2,US,2026-05-11,UK (base),horse_win_predictor.pkl,75,Parx Racing,18:55,Claiming 6f,Claiming,Dirt,,6.0,6f,Sprint
Runandscore,Rivera Dalila A,Rodriguez Miguel A,-,6,115.0,,7,4/1,0.1473314909547049,6/1,6.79,0.2478314291369198,3/1,0.28551890595525037,5/2,US,2026-05-11,UK (base),horse_win_predictor.pkl,75,Parx Racing,18:55,Claiming 6f,Claiming,Dirt,,6.0,6f,Sprint
Alma Brilha,Herman Noel,Velazquez Daniel,-,5,115.0,,1,7/2,0.126913434165813,7/1,7.88,0.21555856568105528,7/2,0.24880048999927112,3/1,US,2026-05-11,UK (base),horse_win_predictor.pkl,75,Parx Racing,19:22,Claiming 8.3f,Claiming,Dirt,,8.3,8.3f,Classic
Waitwaitdonttellme,Ocasio Luis M,Bouchard Leslye G,-,6,122.0,,2,20/1,0.09509697046057544,19/2,10.52,0.16393979979641216,5/1,0.1897558607973509,9/2,US,2026-05-11,UK (base),horse_win_predictor.pkl,75,Parx Racing,19:22,Claiming 8.3f,Claiming,Dirt,,8.3,8.3f,Classic
Mo's Vino Mesa,Aguilar Jean,Gallimore Trevor,-,5,122.0,,3,20/1,0.09509697046057544,19/2,10.52,0.16393979979641216,5/1,0.1897558607973509,9/2,US,2026-05-11,UK (base),horse_win_predictor.pkl,75,Parx Racing,19:22,Claiming 8.3f,Claiming,Dirt,,8.3,8.3f,Classic
Miss Chamita,Rangel Joezer,Soto- Martinez Elliott,-,7,122.0,,4,5/2,0.1384830573313539,6/1,7.22,0.2339274574621658,7/2,0.26971910751122025,5/2,US,2026-05-11,UK (base),horse_win_predictor.pkl,75,Parx Racing,19:22,Claiming 8.3f,Claiming,Dirt,,8.3,8.3f,Classic
Ghostly Girl,Rivera Dalila A,Diaz Jorge,-,6,115.0,,5,6/1,0.11245140520888681,8/1,8.89,0.19229627454923365,4/1,0.22223810055186372,7/2,US,2026-05-11,UK (base),horse_win_predictor.pkl,75,Parx Racing,19:22,Claiming 8.3f,Claiming,Dirt,,8.3,8.3f,Classic
Stay Opportunistic,Martinez Francisco,"Brown, Jr. Howard R",-,6,122.0,,6,15/1,0.0978086008899991,9/1,10.22,0.16840226367555106,5/1,0.19487488722013305,4/1,US,2026-05-11,UK (base),horse_win_predictor.pkl,75,Parx Racing,19:22,Claiming 8.3f,Claiming,Dirt,,8.3,8.3f,Classic
Amy Mule,Haddock Dexter,Bravo-Estrada Jaime,-,5,122.0,,7,5/1,0.11679001389596468,15/2,8.56,0.19931009913608072,4/1,0.23025513110112422,7/2,US,2026-05-11,UK (base),horse_win_predictor.pkl,75,Parx Racing,19:22,Claiming 8.3f,Claiming,Dirt,,8.3,8.3f,Classic
Hi Heeled Warrior,Hazlewood Yedsit,Rodriguez Irving,-,6,117.0,,8,9/2,0.1195509466968324,15/2,8.36,0.20375776096941123,4/1,0.2353353163216283,3/1,US,2026-05-11,UK (base),horse_win_predictor.pkl,75,Parx Racing,19:22,Claiming 8.3f,Claiming,Dirt,,8.3,8.3f,Classic
Beyond A Million,Williams Ajhari,Williams Abdul,-,8,122.0,,9,15/1,0.0978086008899991,9/1,10.22,0.16840226367555106,5/1,0.19487488722013305,4/1,US,2026-05-11,UK (base),horse_win_predictor.pkl,75,Parx Racing,19:22,Claiming 8.3f,Claiming,Dirt,,8.3,8.3f,Classic
Faytastic,Aguilar Jean,Gallimore Trevor,-,5,125.0,,1,20/1,0.11971830985915494,15/2,8.35,0.2040269787740528,4/1,0.23564272961713947,3/1,US,2026-05-11,UK (base),horse_win_predictor.pkl,75,Parx Racing,19:49,Starter Optional Claiming 6f,Starter Optional Claiming,Dirt,,6.0,6f,Sprint
Misspent,Haddock Dexter,Vega Richard,-,4,125.0,,2,10/1,0.12754303599374023,7/1,7.84,0.216563683964332,7/2,0.24994642695330394,3/1,US,2026-05-11,UK (base),horse_win_predictor.pkl,75,Parx Racing,19:49,Starter Optional Claiming 6f,Starter Optional Claiming,Dirt,,6.0,6f,Sprint
Literary,Silvera Ruben,Rodriguez Julio,-,7,125.0,,3,6/1,0.13693270735524254,13/2,7.3,0.2314784201645274,7/2,0.26693306246800924,5/2,US,2026-05-11,UK (base),horse_win_predictor.pkl,75,Parx Racing,19:49,Starter Optional Claiming 6f,Starter Optional Claiming,Dirt,,6.0,6f,Sprint
Jump A Fox,Castillo Angel,Gallimore Trevor,-,7,125.0,,4,10/1,0.12754303599374023,7/1,7.84,0.216563683964332,7/2,0.24994642695330394,3/1,US,2026-05-11,UK (base),horse_win_predictor.pkl,75,Parx Racing,19:49,Starter Optional Claiming 6f,Starter Optional Claiming,Dirt,,6.0,6f,Sprint
Tara's Talent,Hernandez Andy,Padilla-Preciado Ernesto,-,10,125.0,,5,5/1,0.14123630672926446,6/1,7.08,0.23826719664185775,3/1,0.2746537803590802,5/2,US,2026-05-11,UK (base),horse_win_predictor.pkl,75,Parx Racing,19:49,Starter Optional Claiming 6f,Starter Optional Claiming,Dirt,,6.0,6f,Sprint
Pachelbel,"Vargas, Jr. Jorge A",Moore Michael M,-,6,125.0,,6,9/5,0.1756651017214398,9/2,5.69,0.29151060072834856,5/2,0.33495266285593933,2/1,US,2026-05-11,UK (base),horse_win_predictor.pkl,75,Parx Racing,19:49,Starter Optional Claiming 6f,Starter Optional Claiming,Dirt,,6.0,6f,Sprint
Pearls And Heels,Sanchez Mychel J,Hawthorne Bobbi A,-,7,128.0,,7,2/1,0.17136150234741784,5/1,5.84,0.2849588926359409,5/2,0.32755791399413703,2/1,US,2026-05-11,UK (base),horse_win_predictor.pkl,75,Parx Racing,19:49,Starter Optional Claiming 6f,Starter Optional Claiming,Dirt,,6.0,6f,Sprint
Windsor Gold,Wolfsont Andrew,Moore Michael M,-,7,122.0,,1,12/1,0.11135059778013251,8/1,8.98,0.19051191150344424,4/1,0.22019740414968614,7/2,US,2026-05-11,UK (base),horse_win_predictor.pkl,75,Parx Racing,20:16,Allowance Optional Claiming 6f,Allowance Optional Claiming,Dirt,,6.0,6f,Sprint
Factor U And Me In,Adorno Abner,Padilla Hugo O,-,5,122.0,,2,9/2,0.1306165644500102,13/2,7.66,0.22146126648303943,7/2,0.2555280297454254,3/1,US,2026-05-11,UK (base),horse_win_predictor.pkl,75,Parx Racing,20:16,Allowance Optional Claiming 6f,Allowance Optional Claiming,Dirt,,6.0,6f,Sprint
Counterspy,Martinez Francisco,Mosco Robert,-,6,122.0,,3,7/2,0.1380375293895186,6/1,7.24,0.2332240652851637,7/2,0.26891901624603065,5/2,US,2026-05-11,UK (base),horse_win_predictor.pkl,75,Parx Racing,20:16,Allowance Optional Claiming 6f,Allowance Optional Claiming,Dirt,,6.0,6f,Sprint
Awesome Flay,Bowman Adam,Wyner Harold,-,6,122.0,,4,8/1,0.1176298758058704,15/2,8.5,0.20066434630488317,4/1,0.23180227274201293,7/2,US,2026-05-11,UK (base),horse_win_predictor.pkl,75,Parx Racing,20:16,Allowance Optional Claiming 6f,Allowance Optional Claiming,Dirt,,6.0,6f,Sprint
Soze,Ocasio Luis M,Soto- Martinez Elliott,-,5,122.0,,5,12/1,0.11135059778013251,8/1,8.98,0.19051191150344424,4/1,0.22019740414968614,7/2,US,2026-05-11,UK (base),horse_win_predictor.pkl,75,Parx Racing,20:16,Allowance Optional Claiming 6f,Allowance Optional Claiming,Dirt,,6.0,6f,Sprint
Winning Time,Lopez Paco,Demasi Kathleen A,-,6,122.0,,6,4/1,0.13395599867278896,13/2,7.47,0.22676542994668075,7/2,0.26156896667439017,3/1,US,2026-05-11,UK (base),horse_win_predictor.pkl,75,Parx Racing,20:16,Allowance Optional Claiming 6f,Allowance Optional Claiming,Dirt,,6.0,6f,Sprint
Bernie's Mitts,Pennington Frankie,Bullock Jordan M,-,5,122.0,,7,10/1,0.1139193933361162,8/1,8.78,0.19467280546255417,4/1,0.2249553350099684,7/2,US,2026-05-11,UK (base),horse_win_predictor.pkl,75,Parx Racing,20:16,Allowance Optional Claiming 6f,Allowance Optional Claiming,Dirt,,6.0,6f,Sprint
Gordian Knot,Sanchez Mychel J,Ness Jamie,-,6,122.0,,8,3/1,0.14313944278543064,6/1,6.99,0.2412598769490363,3/1,0.2780550397603884,5/2,US,2026-05-11,UK (base),horse_win_predictor.pkl,75,Parx Racing,20:16,Allowance Optional Claiming 6f,Allowance Optional Claiming,Dirt,,6.0,6f,Sprint
Ducale,Martinez Francisco,Diaz Jorge,-,8,122.0,,1,6/1,0.09909870620729758,9/1,10.09,0.17052122831556743,5/1,0.19730467410616861,4/1,US,2026-05-11,UK (base),horse_win_predictor.pkl,75,Parx Racing,20:43,Claiming 6f,Claiming,Dirt,,6.0,6f,Sprint
Seven Anniversary,Rodriguez Yan,Rodriguez Miguel A,-,5,122.0,,2,8/1,0.09436072211184873,19/2,10.6,0.16272614309935207,5/1,0.18836317596966584,9/2,US,2026-05-11,UK (base),horse_win_predictor.pkl,75,Parx Racing,20:43,Claiming 6f,Claiming,Dirt,,6.0,6f,Sprint
Mission First,Rivera Kendry,Soto- Martinez Elliott,-,4,117.0,,3,10/1,0.09134564132383584,10/1,10.95,0.15774693343181423,11/2,0.18264741797230613,9/2,US,2026-05-11,UK (base),horse_win_predictor.pkl,75,Parx Racing,20:43,Claiming 6f,Claiming,Dirt,,6.0,6f,Sprint
Bullet Breeze,Ocasio Luis M,Caban Carlos E,-,6,122.0,,4,20/1,0.08488475392095104,11/1,11.78,0.14702821989913556,6/1,0.17033201964095473,5/1,US,2026-05-11,UK (base),horse_win_predictor.pkl,75,Parx Racing,20:43,Claiming 6f,Claiming,Dirt,,6.0,6f,Sprint
Sophia's Prince,Gonzalez Silvestre,Gallimore Trevor,-,6,122.0,,5,10/1,0.09134564132383584,10/1,10.95,0.15774693343181423,11/2,0.18264741797230613,9/2,US,2026-05-11,UK (base),horse_win_predictor.pkl,75,Parx Racing,20:43,Claiming 6f,Claiming,Dirt,,6.0,6f,Sprint
Power Agenda,Rivera Dalila A,Velazquez Alfredo,-,7,115.0,,6,4/1,0.1076270775791055,17/2,9.29,0.18446186937981487,9/2,0.21327491630508089,7/2,US,2026-05-11,UK (base),horse_win_predictor.pkl,75,Parx Racing,20:43,Claiming 6f,Claiming,Dirt,,6.0,6f,Sprint
Twentyeighttothree,Lopez Paco,Padilla Esteban,-,5,125.0,,7,3/1,0.1150894025294374,15/2,8.69,0.196564468093321,4/1,0.22711761767977737,7/2,US,2026-05-11,UK (base),horse_win_predictor.pkl,75,Parx Racing,20:43,Claiming 6f,Claiming,Dirt,,6.0,6f,Sprint
Big Brown Shoes,Herman Noel,Diaz Jorge,-,8,115.0,,8,5/1,0.10265219427888421,17/2,9.74,0.17634397130977575,9/2,0.20397838769636006,4/1,US,2026-05-11,UK (base),horse_win_predictor.pkl,75,Parx Racing,20:43,Claiming 6f,Claiming,Dirt,,6.0,6f,Sprint
Magicnthemoonlight,Haddock Dexter,Perez Ruperto A,-,7,122.0,,9,7/2,0.11094366644591969,8/1,9.01,0.18985180190308465,9/2,0.2194423526995215,7/2,US,2026-05-11,UK (base),horse_win_predictor.pkl,75,Parx Racing,20:43,Claiming 6f,Claiming,Dirt,,6.0,6f,Sprint
Tuff Constitution,Hazlewood Yedsit,Ness Jamie,-,7,117.0,,10,5/1,0.10265219427888421,17/2,9.74,0.17634397130977575,9/2,0.20397838769636006,4/1,US,2026-05-11,UK (base),horse_win_predictor.pkl,75,Parx Racing,20:43,Claiming 6f,Claiming,Dirt,,6.0,6f,Sprint
Ready For Landing,"Allard, Simon","Akins, Mark",-,5,0.0,,1,12/1,0.12456412384342674,7/1,8.03,0.21180244615906368,7/2,0.24451681702742753,3/1,US,2026-05-11,UK (base),horse_win_predictor.pkl,75,Pocono Downs,17:00,Trot 1m,Trot,Dirt,,8.0,1m,Classic
Shoresy,"Mccarthy, Andr","Engblom, Per",-,4,0.0,,2,7/2,0.14997537011557846,11/2,6.67,0.25196157689499743,3/1,0.2902064044372795,5/2,US,2026-05-11,UK (base),horse_win_predictor.pkl,75,Pocono Downs,17:00,Trot 1m,Trot,Dirt,,8.0,1m,Classic
Southwind Arturo,"Napolitano, An","Daguet, Debora",-,7,0.0,,3,6/1,0.136095277613983,13/2,7.35,0.2301539600341077,7/2,0.26542596594165446,3/1,US,2026-05-11,UK (base),horse_win_predictor.pkl,75,Pocono Downs,17:00,Trot 1m,Trot,Dirt,,8.0,1m,Classic
Give Me A Yankee,"Buter, Tyler","Akins, Mark",-,4,0.0,,4,8/1,0.13054324061334477,13/2,7.66,0.22134460296815367,7/2,0.255395113851207,3/1,US,2026-05-11,UK (base),horse_win_predictor.pkl,75,Pocono Downs,17:00,Trot 1m,Trot,Dirt,,8.0,1m,Classic
Super Duper Cooper,"Bartlett, Jaso","Robinson, Enri",-,5,0.0,,5,5/2,0.16107944411685485,5/1,6.21,0.2691857295567428,5/2,0.3097255865967008,2/1,US,2026-05-11,UK (base),horse_win_predictor.pkl,75,Pocono Downs,17:00,Trot 1m,Trot,Dirt,,8.0,1m,Classic
Duly Resolved,"Tetrick, Tim","Robinson, Enri",-,7,0.0,,6,3/1,0.1548334024911369,11/2,6.46,0.25952141846246046,3/1,0.2987794244517068,5/2,US,2026-05-11,UK (base),horse_win_predictor.pkl,75,Pocono Downs,17:00,Trot 1m,Trot,Dirt,,8.0,1m,Classic
Blackhawk Zette,"Napolitano, Ge","Baggitt, Rober",-,5,0.0,,7,9/2,0.1429091412056753,6/1,7.0,0.24089803605810062,3/1,0.2776438716277601,5/2,US,2026-05-11,UK (base),horse_win_predictor.pkl,75,Pocono Downs,17:00,Trot 1m,Trot,Dirt,,8.0,1m,Classic
Oh Coffee Bean,"Napolitano, Ge","Belcher, Rober",-,6,0.0,,1,9/2,0.1283106148925358,7/1,7.79,0.21778821569128398,7/2,0.2513423159908145,3/1,US,2026-05-11,UK (base),horse_win_predictor.pkl,75,Pocono Downs,17:18,Pace 1m,Pace,Dirt,,8.0,1m,Classic
Xmarxthespot,"Allard, Simon","Kavoleff, Alex",-,7,0.0,,2,4/1,0.13141945415956716,13/2,7.61,0.22273815914194203,7/2,0.2569826735103326,3/1,US,2026-05-11,UK (base),horse_win_predictor.pkl,75,Pocono Downs,17:18,Pace 1m,Pace,Dirt,,8.0,1m,Classic
Building Boost,"Boyd, Braxten","Huff, Jake",-,7,0.0,,3,3/1,0.13996876214390339,6/1,7.14,0.2362707683581488,3/1,0.2723840206884908,5/2,US,2026-05-11,UK (base),horse_win_predictor.pkl,75,Pocono Downs,17:18,Pace 1m,Pace,Dirt,,8.0,1m,Classic
Final Cheeserecipe,"Buter, Tyler","Burke, Ron",-,7,0.0,,4,8/1,0.11622068440963607,15/2,8.6,0.19839143394962955,4/1,0.2292054650271271,7/2,US,2026-05-11,UK (base),horse_win_predictor.pkl,75,Pocono Downs,17:18,Pace 1m,Pace,Dirt,,8.0,1m,Classic
Tulhurstsantanna A,"Kakaley, Matt","Taneyhill, Dar",-,13,0.0,,5,5/1,0.125719915503343,7/1,7.95,0.21365145018268322,7/2,0.24662577568743582,3/1,US,2026-05-11,UK (base),horse_win_predictor.pkl,75,Pocono Downs,17:18,Pace 1m,Pace,Dirt,,8.0,1m,Classic
The Boss Said,"Kennedy, James","Pena, Lou",-,7,0.0,,6,10/1,0.112766418557379,8/1,8.87,0.19280654127987581,4/1,0.2228215873008121,7/2,US,2026-05-11,UK (base),horse_win_predictor.pkl,75,Pocono Downs,17:18,Pace 1m,Pace,Dirt,,8.0,1m,Classic
I'm The Prince,"Napolitano, An","Piotrow, Marta",-,7,0.0,,7,7/2,0.13521914659704992,13/2,7.4,0.2287670897895423,7/2,0.2638475684867269,3/1,US,2026-05-11,UK (base),horse_win_predictor.pkl,75,Pocono Downs,17:18,Pace 1m,Pace,Dirt,,8.0,1m,Classic
Jackie Moon,"Warren, Ridge","Mc Guire, Jame",-,8,0.0,,8,12/1,0.11037500373658565,8/1,9.06,0.18892889356597314,9/2,0.21838660225199347,7/2,US,2026-05-11,UK (base),horse_win_predictor.pkl,75,Pocono Downs,17:18,Pace 1m,Pace,Dirt,,8.0,1m,Classic
Jumpin' Jack Deo,"Mccarthy, Andr","Pelling, Brett",-,3,0.0,,1,3/1,0.13996876214390339,6/1,7.14,0.2362707683581488,3/1,0.2723840206884908,5/2,US,2026-05-11,UK (base),horse_win_predictor.pkl,75,Pocono Downs,17:36,Pace 1m,Pace,Dirt,,8.0,1m,Classic
Cooperstown Boy,"Kelly, Colin","Bako, Jared",-,3,0.0,,2,7/2,0.13521914659704992,13/2,7.4,0.2287670897895423,7/2,0.2638475684867269,3/1,US,2026-05-11,UK (base),horse_win_predictor.pkl,75,Pocono Downs,17:36,Pace 1m,Pace,Dirt,,8.0,1m,Classic
One Fell Swoop,"Boyd, Braxten","Bako, Jared",-,3,0.0,,3,12/1,0.11037500373658565,8/1,9.06,0.18892889356597314,9/2,0.21838660225199347,7/2,US,2026-05-11,UK (base),horse_win_predictor.pkl,75,Pocono Downs,17:36,Pace 1m,Pace,Dirt,,8.0,1m,Classic
Attaboychet,"Jackson, Tom","Jackson, Tom",-,4,0.0,,4,10/1,0.112766418557379,8/1,8.87,0.19280654127987581,4/1,0.2228215873008121,7/2,US,2026-05-11,UK (base),horse_win_predictor.pkl,75,Pocono Downs,17:36,Pace 1m,Pace,Dirt,,8.0,1m,Classic
Ideal Mach,"Napolitano, An","Devita, Nichol",-,3,0.0,,5,8/1,0.11622068440963607,15/2,8.6,0.19839143394962955,4/1,0.2292054650271271,7/2,US,2026-05-11,UK (base),horse_win_predictor.pkl,75,Pocono Downs,17:36,Pace 1m,Pace,Dirt,,8.0,1m,Classic
Calvin Hanover,"Tetrick, Tim","Di Domenico, S",-,3,0.0,,6,4/1,0.13141945415956716,13/2,7.61,0.22273815914194203,7/2,0.2569826735103326,3/1,US,2026-05-11,UK (base),horse_win_predictor.pkl,75,Pocono Downs,17:36,Pace 1m,Pace,Dirt,,8.0,1m,Classic
He's Gone Hanover,"Buter, Tyler","Dillon, Britne",-,3,0.0,,7,9/2,0.1283106148925358,7/1,7.79,0.21778821569128398,7/2,0.2513423159908145,3/1,US,2026-05-11,UK (base),horse_win_predictor.pkl,75,Pocono Downs,17:36,Pace 1m,Pace,Dirt,,8.0,1m,Classic
Zod,"Kakaley, Matt","Alexander, Tra",-,3,0.0,,8,5/1,0.125719915503343,7/1,7.95,0.21365145018268322,7/2,0.24662577568743582,3/1,US,2026-05-11,UK (base),horse_win_predictor.pkl,75,Pocono Downs,17:36,Pace 1m,Pace,Dirt,,8.0,1m,Classic
Sainthood,"Napolitano, Ge","Pavia, Joe Jr",-,5,0.0,,1,5/1,0.125719915503343,7/1,7.95,0.21365145018268322,7/2,0.24662577568743582,3/1,US,2026-05-11,UK (base),horse_win_predictor.pkl,75,Pocono Downs,17:54,Trot 1m,Trot,Dirt,,8.0,1m,Classic
Pembroke Regal,"Napolitano, An","Daguet, Debora",-,8,0.0,,2,8/1,0.11622068440963607,15/2,8.6,0.19839143394962955,4/1,0.2292054650271271,7/2,US,2026-05-11,UK (base),horse_win_predictor.pkl,75,Pocono Downs,17:54,Trot 1m,Trot,Dirt,,8.0,1m,Classic
B Nicking,"Tetrick, Tim","Di Domenico, S",-,9,0.0,,3,7/2,0.13521914659704992,13/2,7.4,0.2287670897895423,7/2,0.2638475684867269,3/1,US,2026-05-11,UK (base),horse_win_predictor.pkl,75,Pocono Downs,17:54,Trot 1m,Trot,Dirt,,8.0,1m,Classic
One After Nine,"Pantaleano, Ji","Angle, Laura",-,8,0.0,,4,4/1,0.13141945415956716,13/2,7.61,0.22273815914194203,7/2,0.2569826735103326,3/1,US,2026-05-11,UK (base),horse_win_predictor.pkl,75,Pocono Downs,17:54,Trot 1m,Trot,Dirt,,8.0,1m,Classic
Hand Dover Dan,"Bartlett, Jaso","Hudson, Lance",-,7,0.0,,5,3/1,0.13996876214390339,6/1,7.14,0.2362707683581488,3/1,0.2723840206884908,5/2,US,2026-05-11,UK (base),horse_win_predictor.pkl,75,Pocono Downs,17:54,Trot 1m,Trot,Dirt,,8.0,1m,Classic
Spending Crazy,"Buter, Tyler","Buter, Todd",-,6,0.0,,6,9/2,0.1283106148925358,7/1,7.79,0.21778821569128398,7/2,0.2513423159908145,3/1,US,2026-05-11,UK (base),horse_win_predictor.pkl,75,Pocono Downs,17:54,Trot 1m,Trot,Dirt,,8.0,1m,Classic
Heytherbartender,"Boyd, Braxten","Wiest, David",-,5,0.0,,7,12/1,0.11037500373658565,8/1,9.06,0.18892889356597314,9/2,0.21838660225199347,7/2,US,2026-05-11,UK (base),horse_win_predictor.pkl,75,Pocono Downs,17:54,Trot 1m,Trot,Dirt,,8.0,1m,Classic
Pretty Dame Speedy,"Warren, Ridge","Devita, Nichol",-,6,0.0,,8,10/1,0.112766418557379,8/1,8.87,0.19280654127987581,4/1,0.2228215873008121,7/2,US,2026-05-11,UK (base),horse_win_predictor.pkl,75,Pocono Downs,17:54,Trot 1m,Trot,Dirt,,8.0,1m,Classic
Last Pound,"Allard, Simon","Capone, Camero",-,5,0.0,,1,4/1,0.13141945415956716,13/2,7.61,0.22273815914194203,7/2,0.2569826735103326,3/1,US,2026-05-11,UK (base),horse_win_predictor.pkl,75,Pocono Downs,18:12,Pace 1m,Pace,Dirt,,8.0,1m,Classic
Simon Says Hanover,"Pantaleano, Ji","Lux, Herbert I",-,8,0.0,,2,7/2,0.13521914659704992,13/2,7.4,0.2287670897895423,7/2,0.2638475684867269,3/1,US,2026-05-11,UK (base),horse_win_predictor.pkl,75,Pocono Downs,18:12,Pace 1m,Pace,Dirt,,8.0,1m,Classic
I'm A Big Shot,"Napolitano, Ge","Dillon, Britne",-,6,0.0,,3,3/1,0.13996876214390339,6/1,7.14,0.2362707683581488,3/1,0.2723840206884908,5/2,US,2026-05-11,UK (base),horse_win_predictor.pkl,75,Pocono Downs,18:12,Pace 1m,Pace,Dirt,,8.0,1m,Classic
Linnycalledfrankie,"Boyd, Braxten","Wine, Tee",-,8,0.0,,4,9/2,0.1283106148925358,7/1,7.79,0.21778821569128398,7/2,0.2513423159908145,3/1,US,2026-05-11,UK (base),horse_win_predictor.pkl,75,Pocono Downs,18:12,Pace 1m,Pace,Dirt,,8.0,1m,Classic
Double Up N,"Warren, Ridge","Reynolds, Kevi",-,10,0.0,,5,10/1,0.112766418557379,8/1,8.87,0.19280654127987581,4/1,0.2228215873008121,7/2,US,2026-05-11,UK (base),horse_win_predictor.pkl,75,Pocono Downs,18:12,Pace 1m,Pace,Dirt,,8.0,1m,Classic
River Ness,"Kennedy, James","Pena, Lou",-,7,0.0,,6,12/1,0.11037500373658565,8/1,9.06,0.18892889356597314,9/2,0.21838660225199347,7/2,US,2026-05-11,UK (base),horse_win_predictor.pkl,75,Pocono Downs,18:12,Pace 1m,Pace,Dirt,,8.0,1m,Classic
Rose Run Zeke,"Napolitano, An","Piotrow, Marta",-,5,0.0,,7,8/1,0.11622068440963607,15/2,8.6,0.19839143394962955,4/1,0.2292054650271271,7/2,US,2026-05-11,UK (base),horse_win_predictor.pkl,75,Pocono Downs,18:12,Pace 1m,Pace,Dirt,,8.0,1m,Classic
High Impression,"Kakaley, Matt","Taneyhill, Dar",-,9,0.0,,8,5/1,0.125719915503343,7/1,7.95,0.21365145018268322,7/2,0.24662577568743582,3/1,US,2026-05-11,UK (base),horse_win_predictor.pkl,75,Pocono Downs,18:12,Pace 1m,Pace,Dirt,,8.0,1m,Classic
Captain Dolittle,"Allard, Simon","Wisser, David",-,3,0.0,,1,12/1,0.11062330061744309,8/1,9.04,0.18933192939979981,9/2,0.21884766519318358,7/2,US,2026-05-11,UK (base),horse_win_predictor.pkl,75,Pocono Downs,18:30,Trot 1m,Trot,Dirt,,8.0,1m,Classic
Kill The Noise As,"Tetrick, Tim","Lorentzon, Ane",-,3,0.0,,2,3/1,0.14077572700669003,6/1,7.1,0.23754206436063235,3/1,0.2738294408683607,5/2,US,2026-05-11,UK (base),horse_win_predictor.pkl,75,Pocono Downs,18:30,Trot 1m,Trot,Dirt,,8.0,1m,Classic
Nealon,"Melander, Matt","Melander, Marc",-,3,0.0,,3,5/2,0.146997656261614,6/1,6.8,0.24730913251377912,3/1,0.28492593610834105,5/2,US,2026-05-11,UK (base),horse_win_predictor.pkl,75,Pocono Downs,18:30,Trot 1m,Trot,Dirt,,8.0,1m,Classic
Dynamo,"Pantaleano, Ji","Morford, Norma",-,3,0.0,,4,5/1,0.1262578920785341,7/1,7.92,0.2145113614916696,7/2,0.2476064125215954,3/1,US,2026-05-11,UK (base),horse_win_predictor.pkl,75,Pocono Downs,18:30,Trot 1m,Trot,Dirt,,8.0,1m,Classic
Almost Free,"Boyd, Braxten","Angle, Laura",-,3,0.0,,5,10/1,0.11305986032566505,8/1,8.84,0.19328172297270999,4/1,0.22336492146535183,7/2,US,2026-05-11,UK (base),horse_win_predictor.pkl,75,Pocono Downs,18:30,Trot 1m,Trot,Dirt,,8.0,1m,Classic
Augustus Blue Chip,"Kelly, Colin","Bako, Jared",-,3,0.0,,6,6/1,0.12210993924191811,7/1,8.19,0.20786922082612064,4/1,0.2400289514201966,3/1,US,2026-05-11,UK (base),horse_win_predictor.pkl,75,Pocono Downs,18:30,Trot 1m,Trot,Dirt,,8.0,1m,Classic
High Noon Inn,"Warren, Ridge","Baggitt, Rober",-,3,0.0,,7,15/1,0.10811059841833917,8/1,9.25,0.18524875596071338,9/2,0.2141755650391037,7/2,US,2026-05-11,UK (base),horse_win_predictor.pkl,75,Pocono Downs,18:30,Trot 1m,Trot,Dirt,,8.0,1m,Classic
Highland Destiny,"Zeron, Scott","Takter, Nancy",-,3,0.0,,8,4/1,0.13206502604979647,13/2,7.57,0.2237641100052069,7/2,0.2581512664884858,3/1,US,2026-05-11,UK (base),horse_win_predictor.pkl,75,Pocono Downs,18:30,Trot 1m,Trot,Dirt,,8.0,1m,Classic
Jordanna Hanover,"Napolitano, Ge","Fanning, Tom",-,4,0.0,,1,5/1,0.1262578920785341,7/1,7.92,0.2145113614916696,7/2,0.2476064125215954,3/1,US,2026-05-11,UK (base),horse_win_predictor.pkl,75,Pocono Downs,18:48,Pace 1m,Pace,Dirt,,8.0,1m,Classic
Long Shore,"Bartlett, Jaso","Pavia, Joe Jr",-,3,0.0,,2,5/2,0.146997656261614,6/1,6.8,0.24730913251377912,3/1,0.28492593610834105,5/2,US,2026-05-11,UK (base),horse_win_predictor.pkl,75,Pocono Downs,18:48,Pace 1m,Pace,Dirt,,8.0,1m,Classic
Threecurtaincalls,"Kennedy, James","Daguet, Debora",-,4,0.0,,3,6/1,0.12210993924191811,7/1,8.19,0.20786922082612064,4/1,0.2400289514201966,3/1,US,2026-05-11,UK (base),horse_win_predictor.pkl,75,Pocono Downs,18:48,Pace 1m,Pace,Dirt,,8.0,1m,Classic
Sammy Jo Hanover,"Tetrick, Tim","Di Domenico, S",-,4,0.0,,4,4/1,0.13206502604979647,13/2,7.57,0.2237641100052069,7/2,0.2581512664884858,3/1,US,2026-05-11,UK (base),horse_win_predictor.pkl,75,Pocono Downs,18:48,Pace 1m,Pace,Dirt,,8.0,1m,Classic
Please Be You,"Boyd, Braxten","Toscano, Linda",-,4,0.0,,5,3/1,0.14077572700669003,6/1,7.1,0.23754206436063235,3/1,0.2738294408683607,5/2,US,2026-05-11,UK (base),horse_win_predictor.pkl,75,Pocono Downs,18:48,Pace 1m,Pace,Dirt,,8.0,1m,Classic
Im Offngone N,"Kakaley, Matt","Alexander, Tra",-,9,0.0,,6,12/1,0.11062330061744309,8/1,9.04,0.18933192939979981,9/2,0.21884766519318358,7/2,US,2026-05-11,UK (base),horse_win_predictor.pkl,75,Pocono Downs,18:48,Pace 1m,Pace,Dirt,,8.0,1m,Classic
Stepabovetherest,"Buter, Tyler","Devita, Nichol",-,5,0.0,,7,10/1,0.11305986032566505,8/1,8.84,0.19328172297270999,4/1,0.22336492146535183,7/2,US,2026-05-11,UK (base),horse_win_predictor.pkl,75,Pocono Downs,18:48,Pace 1m,Pace,Dirt,,8.0,1m,Classic
Jk Pearl Stone,"Zeron, Scott","Dilloian, Doug",-,4,0.0,,8,15/1,0.10811059841833917,8/1,9.25,0.18524875596071338,9/2,0.2141755650391037,7/2,US,2026-05-11,UK (base),horse_win_predictor.pkl,75,Pocono Downs,18:48,Pace 1m,Pace,Dirt,,8.0,1m,Classic
I'm A Lou Lou,"Tetrick, Tim","Burke, Ron",-,3,0.0,,1,4/1,0.13206502604979647,13/2,7.57,0.2237641100052069,7/2,0.2581512664884858,3/1,US,2026-05-11,UK (base),horse_win_predictor.pkl,75,Pocono Downs,19:06,Pace 1m,Pace,Dirt,,8.0,1m,Classic
Darlin's Angel,"Tritton, Laure","Cano, Juan",-,3,0.0,,2,5/2,0.146997656261614,6/1,6.8,0.24730913251377912,3/1,0.28492593610834105,5/2,US,2026-05-11,UK (base),horse_win_predictor.pkl,75,Pocono Downs,19:06,Pace 1m,Pace,Dirt,,8.0,1m,Classic
Tall Dark Tequila,"Bartlett, Jaso","Oakes, Hunter",-,3,0.0,,3,5/1,0.1262578920785341,7/1,7.92,0.2145113614916696,7/2,0.2476064125215954,3/1,US,2026-05-11,UK (base),horse_win_predictor.pkl,75,Pocono Downs,19:06,Pace 1m,Pace,Dirt,,8.0,1m,Classic
Sandyboots Yankee,"Buter, Tyler","Burke, Ron",-,3,0.0,,4,10/1,0.11305986032566505,8/1,8.84,0.19328172297270999,4/1,0.22336492146535183,7/2,US,2026-05-11,UK (base),horse_win_predictor.pkl,75,Pocono Downs,19:06,Pace 1m,Pace,Dirt,,8.0,1m,Classic
On Heir,"Mccarthy, Andr","Daley, Noel",-,3,0.0,,5,3/1,0.14077572700669003,6/1,7.1,0.23754206436063235,3/1,0.2738294408683607,5/2,US,2026-05-11,UK (base),horse_win_predictor.pkl,75,Pocono Downs,19:06,Pace 1m,Pace,Dirt,,8.0,1m,Classic
Heartofthesunrise,"Gingras, Yanni","Toscano, Linda",-,3,0.0,,6,6/1,0.12210993924191811,7/1,8.19,0.20786922082612064,4/1,0.2400289514201966,3/1,US,2026-05-11,UK (base),horse_win_predictor.pkl,75,Pocono Downs,19:06,Pace 1m,Pace,Dirt,,8.0,1m,Classic
Jk Sassy Lady,"Napolitano, Ge","Engblom, Per",-,3,0.0,,7,12/1,0.11062330061744309,8/1,9.04,0.18933192939979981,9/2,0.21884766519318358,7/2,US,2026-05-11,UK (base),horse_win_predictor.pkl,75,Pocono Downs,19:06,Pace 1m,Pace,Dirt,,8.0,1m,Classic
Call Me Angelita,"Kakaley, Matt","Di Domenico, S",-,3,0.0,,8,15/1,0.10811059841833917,8/1,9.25,0.18524875596071338,9/2,0.2141755650391037,7/2,US,2026-05-11,UK (base),horse_win_predictor.pkl,75,Pocono Downs,19:06,Pace 1m,Pace,Dirt,,8.0,1m,Classic
B Eyelash,"Boyd, Braxten","Melander, Jenn",-,3,0.0,,1,3/1,0.14077572700669003,6/1,7.1,0.23754206436063235,3/1,0.2738294408683607,5/2,US,2026-05-11,UK (base),horse_win_predictor.pkl,75,Pocono Downs,19:24,Trot 1m,Trot,Dirt,,8.0,1m,Classic
Hatfield,"Napolitano, Ge","Belcher, Rober",-,4,0.0,,2,12/1,0.11062330061744309,8/1,9.04,0.18933192939979981,9/2,0.21884766519318358,7/2,US,2026-05-11,UK (base),horse_win_predictor.pkl,75,Pocono Downs,19:24,Trot 1m,Trot,Dirt,,8.0,1m,Classic
Antilles Hanover,"Napolitano, An","Gummerson, Tom",-,5,0.0,,3,6/1,0.12210993924191811,7/1,8.19,0.20786922082612064,4/1,0.2400289514201966,3/1,US,2026-05-11,UK (base),horse_win_predictor.pkl,75,Pocono Downs,19:24,Trot 1m,Trot,Dirt,,8.0,1m,Classic
Menotti,"Allard, Simon","Schadel, Bruce",-,5,0.0,,4,10/1,0.11305986032566505,8/1,8.84,0.19328172297270999,4/1,0.22336492146535183,7/2,US,2026-05-11,UK (base),horse_win_predictor.pkl,75,Pocono Downs,19:24,Trot 1m,Trot,Dirt,,8.0,1m,Classic
Cherokee Chief,"Warren, Ridge","Wiest, David",-,3,0.0,,5,4/1,0.13206502604979647,13/2,7.57,0.2237641100052069,7/2,0.2581512664884858,3/1,US,2026-05-11,UK (base),horse_win_predictor.pkl,75,Pocono Downs,19:24,Trot 1m,Trot,Dirt,,8.0,1m,Classic
Oversear,"Kakaley, Matt","Norris, Charli",-,3,0.0,,6,5/2,0.146997656261614,6/1,6.8,0.24730913251377912,3/1,0.28492593610834105,5/2,US,2026-05-11,UK (base),horse_win_predictor.pkl,75,Pocono Downs,19:24,Trot 1m,Trot,Dirt,,8.0,1m,Classic
Masseto,"Gingras, Yanni","Watson, Mike",-,4,0.0,,7,5/1,0.1262578920785341,7/1,7.92,0.2145113614916696,7/2,0.2476064125215954,3/1,US,2026-05-11,UK (base),horse_win_predictor.pkl,75,Pocono Downs,19:24,Trot 1m,Trot,Dirt,,8.0,1m,Classic
Ms Bojangles,"Mccarthy, Andr","Bost, Emily",-,3,0.0,,8,15/1,0.10811059841833917,8/1,9.25,0.18524875596071338,9/2,0.2141755650391037,7/2,US,2026-05-11,UK (base),horse_win_predictor.pkl,75,Pocono Downs,19:24,Trot 1m,Trot,Dirt,,8.0,1m,Classic
Big Weekend,"Kakaley, Matt","Alexander, Tra",-,3,0.0,,1,12/1,0.11062330061744309,8/1,9.04,0.18933192939979981,9/2,0.21884766519318358,7/2,US,2026-05-11,UK (base),horse_win_predictor.pkl,75,Pocono Downs,19:42,Pace 1m,Pace,Dirt,,8.0,1m,Classic
Carolina,"Bartlett, Jaso","Engblom, Per",-,3,0.0,,2,10/1,0.11305986032566505,8/1,8.84,0.19328172297270999,4/1,0.22336492146535183,7/2,US,2026-05-11,UK (base),horse_win_predictor.pkl,75,Pocono Downs,19:42,Pace 1m,Pace,Dirt,,8.0,1m,Classic
Real Fast,"Gingras, Yanni","Burke, Ron",-,3,0.0,,3,5/2,0.146997656261614,6/1,6.8,0.24730913251377912,3/1,0.28492593610834105,5/2,US,2026-05-11,UK (base),horse_win_predictor.pkl,75,Pocono Downs,19:42,Pace 1m,Pace,Dirt,,8.0,1m,Classic
Bettor Be A Star,"Ryder, Patrick","Ryder, Chris",-,3,0.0,,4,4/1,0.13206502604979647,13/2,7.57,0.2237641100052069,7/2,0.2581512664884858,3/1,US,2026-05-11,UK (base),horse_win_predictor.pkl,75,Pocono Downs,19:42,Pace 1m,Pace,Dirt,,8.0,1m,Classic
Make It Right,"Tetrick, Tim","King, Jim Jr",-,3,0.0,,5,3/1,0.14077572700669003,6/1,7.1,0.23754206436063235,3/1,0.2738294408683607,5/2,US,2026-05-11,UK (base),horse_win_predictor.pkl,75,Pocono Downs,19:42,Pace 1m,Pace,Dirt,,8.0,1m,Classic
Sicerto,"Allard, Simon","Hall, Michael",-,3,0.0,,6,6/1,0.12210993924191811,7/1,8.19,0.20786922082612064,4/1,0.2400289514201966,3/1,US,2026-05-11,UK (base),horse_win_predictor.pkl,75,Pocono Downs,19:42,Pace 1m,Pace,Dirt,,8.0,1m,Classic
Say Goodnight,"Mccarthy, Andr","Devita, Nichol",-,3,0.0,,7,5/1,0.1262578920785341,7/1,7.92,0.2145113614916696,7/2,0.2476064125215954,3/1,US,2026-05-11,UK (base),horse_win_predictor.pkl,75,Pocono Downs,19:42,Pace 1m,Pace,Dirt,,8.0,1m,Classic
With The Fur,"Buter, Tyler","Burke, Ron",-,3,0.0,,8,15/1,0.10811059841833917,8/1,9.25,0.18524875596071338,9/2,0.2141755650391037,7/2,US,2026-05-11,UK (base),horse_win_predictor.pkl,75,Pocono Downs,19:42,Pace 1m,Pace,Dirt,,8.0,1m,Classic
Kootenay Santanna,"Herschberger,","Faurot, Chelse",-,8,0.0,,1,3/1,0.13996876214390339,6/1,7.14,0.2362707683581488,3/1,0.2723840206884908,5/2,US,2026-05-11,UK (base),horse_win_predictor.pkl,75,Pocono Downs,20:00,Pace 1m,Pace,Dirt,,8.0,1m,Classic
Big Jack Hammer,"Warren, Ridge","Leamon, Jake",-,6,0.0,,2,9/2,0.1283106148925358,7/1,7.79,0.21778821569128398,7/2,0.2513423159908145,3/1,US,2026-05-11,UK (base),horse_win_predictor.pkl,75,Pocono Downs,20:00,Pace 1m,Pace,Dirt,,8.0,1m,Classic
Last Mach,"Buter, Tyler","Calcagni, Fran",-,9,0.0,,3,8/1,0.11622068440963607,15/2,8.6,0.19839143394962955,4/1,0.2292054650271271,7/2,US,2026-05-11,UK (base),horse_win_predictor.pkl,75,Pocono Downs,20:00,Pace 1m,Pace,Dirt,,8.0,1m,Classic
Run Baby,"Allard, Simon","Kavoleff, Alex",-,6,0.0,,4,4/1,0.13141945415956716,13/2,7.61,0.22273815914194203,7/2,0.2569826735103326,3/1,US,2026-05-11,UK (base),horse_win_predictor.pkl,75,Pocono Downs,20:00,Pace 1m,Pace,Dirt,,8.0,1m,Classic
Ben Rockin,"Kakaley, Matt","Kakaley, Linda",-,10,0.0,,5,7/2,0.13521914659704992,13/2,7.4,0.2287670897895423,7/2,0.2638475684867269,3/1,US,2026-05-11,UK (base),horse_win_predictor.pkl,75,Pocono Downs,20:00,Pace 1m,Pace,Dirt,,8.0,1m,Classic
Wilsons Vinner,"Kennedy, James","Burt, Raymond",-,9,0.0,,6,10/1,0.112766418557379,8/1,8.87,0.19280654127987581,4/1,0.2228215873008121,7/2,US,2026-05-11,UK (base),horse_win_predictor.pkl,75,Pocono Downs,20:00,Pace 1m,Pace,Dirt,,8.0,1m,Classic
World For Two,"Boyd, Braxten","Clarke, Edgar",-,7,0.0,,7,5/1,0.125719915503343,7/1,7.95,0.21365145018268322,7/2,0.24662577568743582,3/1,US,2026-05-11,UK (base),horse_win_predictor.pkl,75,Pocono Downs,20:00,Pace 1m,Pace,Dirt,,8.0,1m,Classic
Peter Poole,"Napolitano, An","Faulkner, Anth",-,8,0.0,,8,12/1,0.11037500373658565,8/1,9.06,0.18892889356597314,9/2,0.21838660225199347,7/2,US,2026-05-11,UK (base),horse_win_predictor.pkl,75,Pocono Downs,20:00,Pace 1m,Pace,Dirt,,8.0,1m,Classic
Kissin In The Dark,"Kakaley, Matt","Dilloian, Doug",-,3,0.0,,1,5/1,0.1262578920785341,7/1,7.92,0.2145113614916696,7/2,0.2476064125215954,3/1,US,2026-05-11,UK (base),horse_win_predictor.pkl,75,Pocono Downs,20:18,Pace 1m,Pace,Dirt,,8.0,1m,Classic
Sheer Heart Attack,"Boyd, Braxten","Freck, Christo",-,3,0.0,,2,12/1,0.11062330061744309,8/1,9.04,0.18933192939979981,9/2,0.21884766519318358,7/2,US,2026-05-11,UK (base),horse_win_predictor.pkl,75,Pocono Downs,20:18,Pace 1m,Pace,Dirt,,8.0,1m,Classic
Eternal Blush,"Tetrick, Tim","Burke, Ron",-,3,0.0,,3,15/1,0.10811059841833917,8/1,9.25,0.18524875596071338,9/2,0.2141755650391037,7/2,US,2026-05-11,UK (base),horse_win_predictor.pkl,75,Pocono Downs,20:18,Pace 1m,Pace,Dirt,,8.0,1m,Classic
Car Keys,"Ryder, Patrick","Ryder, Chris",-,3,0.0,,4,3/1,0.14077572700669003,6/1,7.1,0.23754206436063235,3/1,0.2738294408683607,5/2,US,2026-05-11,UK (base),horse_win_predictor.pkl,75,Pocono Downs,20:18,Pace 1m,Pace,Dirt,,8.0,1m,Classic
Miss Jum Jabber,"Mccarthy, Andr","Pelling, Brett",-,3,0.0,,5,5/2,0.146997656261614,6/1,6.8,0.24730913251377912,3/1,0.28492593610834105,5/2,US,2026-05-11,UK (base),horse_win_predictor.pkl,75,Pocono Downs,20:18,Pace 1m,Pace,Dirt,,8.0,1m,Classic
Barbuda Belle,"Gingras, Yanni","Burke, Ron",-,3,0.0,,6,10/1,0.11305986032566505,8/1,8.84,0.19328172297270999,4/1,0.22336492146535183,7/2,US,2026-05-11,UK (base),horse_win_predictor.pkl,75,Pocono Downs,20:18,Pace 1m,Pace,Dirt,,8.0,1m,Classic
Imagine Heaven,"Bartlett, Jaso","Oakes, Hunter",-,3,0.0,,7,4/1,0.13206502604979647,13/2,7.57,0.2237641100052069,7/2,0.2581512664884858,3/1,US,2026-05-11,UK (base),horse_win_predictor.pkl,75,Pocono Downs,20:18,Pace 1m,Pace,Dirt,,8.0,1m,Classic
Spoon Fed,"Buter, Tyler","Snyder, Doug",-,3,0.0,,8,6/1,0.12210993924191811,7/1,8.19,0.20786922082612064,4/1,0.2400289514201966,3/1,US,2026-05-11,UK (base),horse_win_predictor.pkl,75,Pocono Downs,20:18,Pace 1m,Pace,Dirt,,8.0,1m,Classic
Carry Back,"Napolitano, Ge","Toscano, Linda",-,3,0.0,,1,3/1,0.15800684540297263,11/2,6.33,0.2644393911699916,3/1,0.3043515958326237,5/2,US,2026-05-11,UK (base),horse_win_predictor.pkl,75,Pocono Downs,20:36,Pace 1m,Pace,Dirt,,8.0,1m,Classic
Always B Rosey,"Herschberger,","Schadel, Tony",-,3,0.0,,2,6/1,0.1379086735636034,13/2,7.25,0.2330205706192281,7/2,0.2686875320150874,5/2,US,2026-05-11,UK (base),horse_win_predictor.pkl,75,Pocono Downs,20:36,Pace 1m,Pace,Dirt,,8.0,1m,Classic
Kachi Gogo,"Tritton, Laure","Tritton, Shane",-,3,0.0,,3,5/2,0.1647062360160957,5/1,6.07,0.2747687094829004,5/2,0.31604213703295214,2/1,US,2026-05-11,UK (base),horse_win_predictor.pkl,75,Pocono Downs,20:36,Pace 1m,Pace,Dirt,,8.0,1m,Classic
Bullville Ex Ideal,"Kennedy, James","Crevani, Steph",-,3,0.0,,4,12/1,0.12554056781629927,7/1,7.97,0.21336467473522763,7/2,0.24629871482982577,3/1,US,2026-05-11,UK (base),horse_win_predictor.pkl,75,Pocono Downs,20:36,Pace 1m,Pace,Dirt,,8.0,1m,Classic
Happy Tabby,"Boyd, Braxten","Alexander, Tra",-,3,0.0,,5,5/1,0.14237493397235212,6/1,7.02,0.24005838369132854,3/1,0.2766896773359447,5/2,US,2026-05-11,UK (base),horse_win_predictor.pkl,75,Pocono Downs,20:36,Pace 1m,Pace,Dirt,,8.0,1m,Classic
Silence Is Golden,"Zeron, Scott","Scran, Megan",-,3,0.0,,6,4/1,0.14862769854460034,11/2,6.73,0.24985770316054895,3/1,0.28781895489152964,5/2,US,2026-05-11,UK (base),horse_win_predictor.pkl,75,Pocono Downs,20:36,Pace 1m,Pace,Dirt,,8.0,1m,Classic
Taasees Hanover,"Warren, Ridge","Vandervort, Le",-,3,0.0,,7,15/1,0.1228350446840765,7/1,8.14,0.20903232186930645,4/1,0.2413563008137677,3/1,US,2026-05-11,UK (base),horse_win_predictor.pkl,75,Pocono Downs,20:36,Pace 1m,Pace,Dirt,,8.0,1m,Classic
Miz Captain Cruze,"Boyd, Braxten","Lauer, Bruce",-,4,0.0,,1,5/2,0.146997656261614,6/1,6.8,0.24730913251377912,3/1,0.28492593610834105,5/2,US,2026-05-11,UK (base),horse_win_predictor.pkl,75,Pocono Downs,20:54,Pace 1m,Pace,Dirt,,8.0,1m,Classic
Intense Lady,"Warren, Ridge","Reynolds, Kevi",-,5,0.0,,2,12/1,0.11062330061744309,8/1,9.04,0.18933192939979981,9/2,0.21884766519318358,7/2,US,2026-05-11,UK (base),horse_win_predictor.pkl,75,Pocono Downs,20:54,Pace 1m,Pace,Dirt,,8.0,1m,Classic
She Comes And Goes,"Pantaleano, Ji","Pantaleano, Ji",-,5,0.0,,3,15/1,0.10811059841833917,8/1,9.25,0.18524875596071338,9/2,0.2141755650391037,7/2,US,2026-05-11,UK (base),horse_win_predictor.pkl,75,Pocono Downs,20:54,Pace 1m,Pace,Dirt,,8.0,1m,Classic
Younonothinjon,"Tritton, Laure","Vandervort, Le",-,7,0.0,,4,10/1,0.11305986032566505,8/1,8.84,0.19328172297270999,4/1,0.22336492146535183,7/2,US,2026-05-11,UK (base),horse_win_predictor.pkl,75,Pocono Downs,20:54,Pace 1m,Pace,Dirt,,8.0,1m,Classic
Shake Me Loose,"Napolitano, Ge","Fiumenero, Mic",-,6,0.0,,5,3/1,0.14077572700669003,6/1,7.1,0.23754206436063235,3/1,0.2738294408683607,5/2,US,2026-05-11,UK (base),horse_win_predictor.pkl,75,Pocono Downs,20:54,Pace 1m,Pace,Dirt,,8.0,1m,Classic
Purameri,"Kennedy, James","Drolet, Jean",-,8,0.0,,6,5/1,0.1262578920785341,7/1,7.92,0.2145113614916696,7/2,0.2476064125215954,3/1,US,2026-05-11,UK (base),horse_win_predictor.pkl,75,Pocono Downs,20:54,Pace 1m,Pace,Dirt,,8.0,1m,Classic
Thundra,"Napolitano, An","Drolet, Jean",-,9,0.0,,7,4/1,0.13206502604979647,13/2,7.57,0.2237641100052069,7/2,0.2581512664884858,3/1,US,2026-05-11,UK (base),horse_win_predictor.pkl,75,Pocono Downs,20:54,Pace 1m,Pace,Dirt,,8.0,1m,Classic
Milagro,"Herschberger,","Schadel, Tony",-,4,0.0,,8,6/1,0.12210993924191811,7/1,8.19,0.20786922082612064,4/1,0.2400289514201966,3/1,US,2026-05-11,UK (base),horse_win_predictor.pkl,75,Pocono Downs,20:54,Pace 1m,Pace,Dirt,,8.0,1m,Classic
Ry's Red Rocket,"Ranger, Bruce","Richards, Dona",-,9,0.0,,1,5/1,0.15852539846347893,11/2,6.31,0.2652414756678583,3/1,0.30526000461950054,5/2,US,2026-05-11,UK (base),horse_win_predictor.pkl,75,Plainridge,20:00,Pace 1m,Pace,Dirt,,8.0,1m,Classic
Schnapps,"Stratton, Cory","Stratton, Cory",-,5,0.0,,2,6/1,0.15439743148721474,11/2,6.48,0.2588445231971072,3/1,0.29801218258831685,5/2,US,2026-05-11,UK (base),horse_win_predictor.pkl,75,Plainridge,20:00,Pace 1m,Pace,Dirt,,8.0,1m,Classic
Beantown Ace,"Graffam, Nicho","Graffam, Micha",-,5,0.0,,3,7/2,0.1681573214080954,5/1,5.95,0.2800616707400553,5/2,0.32202580173954026,2/1,US,2026-05-11,UK (base),horse_win_predictor.pkl,75,Plainridge,20:00,Pace 1m,Pace,Dirt,,8.0,1m,Classic
One Eyed Delilah,"Randall, Jay","Niles, Derryl",-,4,0.0,,4,3/1,0.17297328288040362,5/1,5.78,0.28741610391238726,5/2,0.3303321617993811,2/1,US,2026-05-11,UK (base),horse_win_predictor.pkl,75,Plainridge,20:00,Pace 1m,Pace,Dirt,,8.0,1m,Classic
Waitforever N,"Athearn, Matth","Beckwith, Meli",-,9,0.0,,5,2/1,0.18742116729732827,9/2,5.34,0.3092567459743164,2/1,0.35494508797818697,2/1,US,2026-05-11,UK (base),horse_win_predictor.pkl,75,Plainridge,20:00,Pace 1m,Pace,Dirt,,8.0,1m,Classic
Windydayatthebeach,"Switzer, Kevin","Bickmore, Rand",-,6,0.0,,6,5/1,0.15852539846347893,11/2,6.31,0.2652414756678583,3/1,0.30526000461950054,5/2,US,2026-05-11,UK (base),horse_win_predictor.pkl,75,Plainridge,20:00,Pace 1m,Pace,Dirt,,8.0,1m,Classic
Peach Cocktail,"Athearn, Matth","Athearn, Gretc",-,4,0.0,,1,3/1,0.15671028932372355,11/2,6.38,0.2624320289587623,3/1,0.3020776813219018,5/2,US,2026-05-11,UK (base),horse_win_predictor.pkl,75,Plainridge,20:20,Trot 1m,Trot,Dirt,,8.0,1m,Classic
Captain Suzuki,"Monti, Drew","D'amelio, Ralp",-,4,0.0,,2,9/1,0.12935078239615608,13/2,7.73,0.21944610838788278,7/2,0.2532318556347803,3/1,US,2026-05-11,UK (base),horse_win_predictor.pkl,75,Plainridge,20:20,Trot 1m,Trot,Dirt,,8.0,1m,Classic
Help Dust,"Cushing, Mitch","Segel, Barry",-,6,0.0,,3,8/1,0.13137741253893886,13/2,7.61,0.22267132294974873,7/2,0.2569065393538024,3/1,US,2026-05-11,UK (base),horse_win_predictor.pkl,75,Plainridge,20:20,Trot 1m,Trot,Dirt,,8.0,1m,Classic
You Dont Own Me,"Switzer, Kevin","Nickerson, Jim",-,4,0.0,,4,8/5,0.1812636929766687,9/2,5.52,0.29998942624477165,5/2,0.34451157622031026,2/1,US,2026-05-11,UK (base),horse_win_predictor.pkl,75,Plainridge,20:20,Trot 1m,Trot,Dirt,,8.0,1m,Classic
Resolved,"Ranger, Bruce","Harmon, Rob",-,4,0.0,,5,4/1,0.14759045368120105,6/1,6.78,0.24823646301190372,3/1,0.2859787165109172,5/2,US,2026-05-11,UK (base),horse_win_predictor.pkl,75,Plainridge,20:20,Trot 1m,Trot,Dirt,,8.0,1m,Classic
Cousin Van,"Cushing, Ron","Krikorian, K W",-,5,0.0,,6,20/1,0.11979666886589443,15/2,8.35,0.20415301046151818,4/1,0.23578663855987708,3/1,US,2026-05-11,UK (base),horse_win_predictor.pkl,75,Plainridge,20:20,Trot 1m,Trot,Dirt,,8.0,1m,Classic
He Hunts,"Hardy, James","Andrews, Jolen",-,4,0.0,,7,7/1,0.13391070021741733,13/2,7.47,0.22669359988517598,7/2,0.26148718726058545,3/1,US,2026-05-11,UK (base),horse_win_predictor.pkl,75,Plainridge,20:20,Trot 1m,Trot,Dirt,,8.0,1m,Classic
Waves,"Switzer, Kevin","Tuccillo, Dani",-,12,0.0,,1,3/1,0.1424184317908603,6/1,7.02,0.2401267694525342,3/1,0.2767673960756619,5/2,US,2026-05-11,UK (base),horse_win_predictor.pkl,75,Plainridge,20:40,Pace 1m,Pace,Dirt,,8.0,1m,Classic
Third Power,"Irvine, Brad","Gerow, Kate",-,7,0.0,,2,25/1,0.10417548523278192,17/2,9.6,0.178833848040219,9/2,0.20683073409300792,4/1,US,2026-05-11,UK (base),horse_win_predictor.pkl,75,Plainridge,20:40,Pace 1m,Pace,Dirt,,8.0,1m,Classic
Celtic Tiger,"Athearn, Matth","Berry, Ryan",-,5,0.0,,3,5/2,0.1488750331578086,11/2,6.72,0.2502440392858646,3/1,0.2882574165838856,5/2,US,2026-05-11,UK (base),horse_win_predictor.pkl,75,Plainridge,20:40,Pace 1m,Pace,Dirt,,8.0,1m,Classic
Lone Survivor,"Cushing, Mitch","Smith, J Carl",-,14,0.0,,4,9/2,0.13009219281759538,13/2,7.69,0.22062676416599936,7/2,0.25457722842165087,3/1,US,2026-05-11,UK (base),horse_win_predictor.pkl,75,Plainridge,20:40,Pace 1m,Pace,Dirt,,8.0,1m,Classic
Crimson Pine,"Graffam, Nicho","Graffam, Micha",-,5,0.0,,5,6/1,0.12304862769001541,7/1,8.13,0.20937475802091093,4/1,0.24174705689499676,3/1,US,2026-05-11,UK (base),horse_win_predictor.pkl,75,Plainridge,20:40,Pace 1m,Pace,Dirt,,8.0,1m,Classic
Ship Ship Hooray,"Hardy, James","Di Stefano, Jo",-,6,0.0,,6,7/1,0.11982032700654127,15/2,8.35,0.2041910600006107,4/1,0.23583008487338675,3/1,US,2026-05-11,UK (base),horse_win_predictor.pkl,75,Plainridge,20:40,Pace 1m,Pace,Dirt,,8.0,1m,Classic
Quick Shot,"Ranger, Bruce","Brewer, Kathle",-,14,0.0,,7,6/1,0.12304862769001541,7/1,8.13,0.20937475802091093,4/1,0.24174705689499676,3/1,US,2026-05-11,UK (base),horse_win_predictor.pkl,75,Plainridge,20:40,Pace 1m,Pace,Dirt,,8.0,1m,Classic
Beach Watch,"Monti, Drew","Kirker, Nathan",-,11,0.0,,8,15/1,0.10852127461438174,8/1,9.21,0.1859168006707431,9/2,0.2149401229418786,7/2,US,2026-05-11,UK (base),horse_win_predictor.pkl,75,Plainridge,20:40,Pace 1m,Pace,Dirt,,8.0,1m,Classic
Isaac,"Monti, Drew","Crawford, Mich",-,8,0.0,,1,8/1,0.11728793190888845,15/2,8.53,0.20011311025882797,4/1,0.23117255214005528,7/2,US,2026-05-11,UK (base),horse_win_predictor.pkl,75,Plainridge,21:00,Pace 1m,Pace,Dirt,,8.0,1m,Classic
Missed The Truth A,"Cushing, Ron","Cushing, Heidi",-,8,0.0,,2,7/2,0.13735364159555466,13/2,7.28,0.23214373658435034,7/2,0.2676900222051487,5/2,US,2026-05-11,UK (base),horse_win_predictor.pkl,75,Plainridge,21:00,Pace 1m,Pace,Dirt,,8.0,1m,Classic
Dance Monkey,"Cushing, Mitch","Eaton, Julia",-,7,0.0,,3,4/1,0.13334049965822142,13/2,7.5,0.22578914830551525,7/2,0.2604573915482504,3/1,US,2026-05-11,UK (base),horse_win_predictor.pkl,75,Plainridge,21:00,Pace 1m,Pace,Dirt,,8.0,1m,Classic
Longview Lad N,"Switzer, Kevin","Bickmore, Rand",-,7,0.0,,4,5/1,0.12732078675222155,7/1,7.85,0.21620894996263507,7/2,0.24954201116654012,3/1,US,2026-05-11,UK (base),horse_win_predictor.pkl,75,Plainridge,21:00,Pace 1m,Pace,Dirt,,8.0,1m,Classic
Kill A Dragon,"Hardy, James","Di Stefano, Jo",-,7,0.0,,5,2/1,0.1574193512822209,11/2,6.35,0.2635301505815054,3/1,0.3033217003187371,5/2,US,2026-05-11,UK (base),horse_win_predictor.pkl,75,Plainridge,21:00,Pace 1m,Pace,Dirt,,8.0,1m,Classic
Frank Deford,"Athearn, Matth","Gerow, Kate",-,8,0.0,,6,20/1,0.10582181208793633,17/2,9.45,0.1815206570274258,9/2,0.20990772387973436,4/1,US,2026-05-11,UK (base),horse_win_predictor.pkl,75,Plainridge,21:00,Pace 1m,Pace,Dirt,,8.0,1m,Classic
Concealed,"Ranger, Bruce","Brewer, Conor",-,5,0.0,,7,8/1,0.11728793190888845,15/2,8.53,0.20011311025882797,4/1,0.23117255214005528,7/2,US,2026-05-11,UK (base),horse_win_predictor.pkl,75,Plainridge,21:00,Pace 1m,Pace,Dirt,,8.0,1m,Classic
Outspoken Man,"Stevenson, Mic","D'amelio, Ralp",-,9,0.0,,8,25/1,0.10416804480606823,17/2,9.6,0.1788216954039476,9/2,0.20681681437815236,4/1,US,2026-05-11,UK (base),horse_win_predictor.pkl,75,Plainridge,21:00,Pace 1m,Pace,Dirt,,8.0,1m,Classic
Noted A,"Randall, Jay","Gerow, Kate",-,8,0.0,,1,4/1,0.14802386278896348,6/1,6.76,0.24891410185616156,3/1,0.28674794150636085,5/2,US,2026-05-11,UK (base),horse_win_predictor.pkl,75,Plainridge,21:20,Pace 1m,Pace,Dirt,,8.0,1m,Classic
Cut N Run N,"Stratton, Cory","Stratton, Cory",-,8,0.0,,2,9/1,0.12956748695003728,13/2,7.72,0.21979128957042865,7/2,0.2536252155530754,3/1,US,2026-05-11,UK (base),horse_win_predictor.pkl,75,Plainridge,21:20,Pace 1m,Pace,Dirt,,8.0,1m,Classic
Anvil Hands,"Hardy, James","Andrews, Jolen",-,7,0.0,,3,3/1,0.15725205070842654,11/2,6.36,0.26327112531356334,3/1,0.3030282782904896,5/2,US,2026-05-11,UK (base),horse_win_predictor.pkl,75,Plainridge,21:20,Pace 1m,Pace,Dirt,,8.0,1m,Classic
Seafood Togo,"Graffam, Nicho","Vamvilis, Nich",-,6,0.0,,4,7/1,0.13418158090976884,13/2,7.45,0.22712308831322803,7/2,0.2619761535895252,3/1,US,2026-05-11,UK (base),horse_win_predictor.pkl,75,Plainridge,21:20,Pace 1m,Pace,Dirt,,8.0,1m,Classic
Quentin Quarantino,"Monti, Drew","Crochere, Davi",-,5,0.0,,5,9/2,0.14466815809097688,6/1,6.91,0.24365958379140967,3/1,0.280781368429072,5/2,US,2026-05-11,UK (base),horse_win_predictor.pkl,75,Plainridge,21:20,Pace 1m,Pace,Dirt,,8.0,1m,Classic
Sporty M Three,"Switzer, Kevin","Mancini, Micha",-,7,0.0,,6,7/2,0.15212527964205816,11/2,6.57,0.25531182279076514,3/1,0.2940067764715303,5/2,US,2026-05-11,UK (base),horse_win_predictor.pkl,75,Plainridge,21:20,Pace 1m,Pace,Dirt,,8.0,1m,Classic
Hespoisedtopounce A,"Athearn, Matth","Nickerson, Jim",-,10,0.0,,7,7/1,0.13418158090976884,13/2,7.45,0.22712308831322803,7/2,0.2619761535895252,3/1,US,2026-05-11,UK (base),horse_win_predictor.pkl,75,Plainridge,21:20,Pace 1m,Pace,Dirt,,8.0,1m,Classic
Meadowbrook Flash,"Switzer, Kevin","Bouthillier, C",-,10,0.0,,1,3/1,0.13022053019698138,13/2,7.68,0.22083104516674013,7/2,0.25480998828039964,3/1,US,2026-05-11,UK (base),horse_win_predictor.pkl,75,Plainridge,21:40,Pace 1m,Pace,Dirt,,8.0,1m,Classic
Whata Foolbelieves,"Athearn, Matth","Athearn, Gretc",-,9,0.0,,2,8/1,0.10588676513555824,17/2,9.44,0.18162657161930654,9/2,0.21002899905071215,4/1,US,2026-05-11,UK (base),horse_win_predictor.pkl,75,Plainridge,21:40,Pace 1m,Pace,Dirt,,8.0,1m,Classic
Colt Bennett,"Graffam, Nicho","Longobardi, Na",-,6,0.0,,3,7/1,0.10832014164170056,8/1,9.23,0.18558965248683856,9/2,0.2145657190537653,7/2,US,2026-05-11,UK (base),horse_win_predictor.pkl,75,Plainridge,21:40,Pace 1m,Pace,Dirt,,8.0,1m,Classic
Hey Jude Hanover,"Ranger, Bruce","Brewer, Kathle",-,5,0.0,,4,5/1,0.11562027116012749,15/2,8.65,0.19742205040571636,4/1,0.2280977176228122,7/2,US,2026-05-11,UK (base),horse_win_predictor.pkl,75,Plainridge,21:40,Pace 1m,Pace,Dirt,,8.0,1m,Classic
My Boy Elroy,"Stevenson, Mic","D'amelio, Ralp",-,5,0.0,,5,7/1,0.10832014164170056,8/1,9.23,0.18558965248683856,9/2,0.2145657190537653,7/2,US,2026-05-11,UK (base),horse_win_predictor.pkl,75,Plainridge,21:40,Pace 1m,Pace,Dirt,,8.0,1m,Classic
Cautious Clay,"Monti, Drew","Crawford, Mich",-,5,0.0,,6,8/1,0.10588676513555824,17/2,9.44,0.18162657161930654,9/2,0.21002899905071215,4/1,US,2026-05-11,UK (base),horse_win_predictor.pkl,75,Plainridge,21:40,Pace 1m,Pace,Dirt,,8.0,1m,Classic
Jimble Kimble,"Randall, Jay","Berry, Ryan",-,6,0.0,,7,30/1,0.09207146626197608,10/1,10.86,0.1589469153518528,11/2,0.18402520876055656,9/2,US,2026-05-11,UK (base),horse_win_predictor.pkl,75,Plainridge,21:40,Pace 1m,Pace,Dirt,,8.0,1m,Classic
Bang Ah Uey,"Hardy, James","Andrews, Jolen",-,5,0.0,,8,7/2,0.12535377718469676,7/1,7.98,0.21306594336887769,7/2,0.24595800568794554,3/1,US,2026-05-11,UK (base),horse_win_predictor.pkl,75,Plainridge,21:40,Pace 1m,Pace,Dirt,,8.0,1m,Classic
Rockinbilly'sdream,"Stratton, Cory","Stratton, Cory",-,6,0.0,,9,7/1,0.10832014164170056,8/1,9.23,0.18558965248683856,9/2,0.2145657190537653,7/2,US,2026-05-11,UK (base),horse_win_predictor.pkl,75,Plainridge,21:40,Pace 1m,Pace,Dirt,,8.0,1m,Classic
Custard Dolce,"Monti, Drew","Greene, Jackie",-,4,0.0,,1,6/1,0.1363716100059643,13/2,7.33,0.23059112519824065,7/2,0.2659234433953443,3/1,US,2026-05-11,UK (base),horse_win_predictor.pkl,75,Plainridge,22:00,Pace 1m,Pace,Dirt,,8.0,1m,Classic
Seaside Tina,"Graffam, Nicho","Eaton, Mark",-,6,0.0,,2,7/1,0.13321404764410763,13/2,7.51,0.22558849976761247,7/2,0.2602289193139268,3/1,US,2026-05-11,UK (base),horse_win_predictor.pkl,75,Plainridge,22:00,Pace 1m,Pace,Dirt,,8.0,1m,Classic
Intothemysticmoon,"Switzer, Kevin","Nelson, Joseph",-,7,0.0,,3,4/1,0.14647580956390555,6/1,6.83,0.24649232698510876,3/1,0.28399852101805995,5/2,US,2026-05-11,UK (base),horse_win_predictor.pkl,75,Plainridge,22:00,Pace 1m,Pace,Dirt,,8.0,1m,Classic
Ambushed,"Stratton, Cory","Stratton, Cory",-,6,0.0,,4,5/1,0.14058169315510646,6/1,7.11,0.23723647771890644,3/1,0.27348202193033144,5/2,US,2026-05-11,UK (base),horse_win_predictor.pkl,75,Plainridge,22:00,Pace 1m,Pace,Dirt,,8.0,1m,Classic
Swedish Starlet N,"Athearn, Matth","Nickerson, Jim",-,9,0.0,,5,4/1,0.14647580956390555,6/1,6.83,0.24649232698510876,3/1,0.28399852101805995,5/2,US,2026-05-11,UK (base),horse_win_predictor.pkl,75,Plainridge,22:00,Pace 1m,Pace,Dirt,,8.0,1m,Classic
Wunderkindbluechip,"Cushing, Mitch","Cushing, Mitch",-,4,0.0,,6,7/2,0.15040522050310492,11/2,6.65,0.2526320126219188,3/1,0.290967059666474,5/2,US,2026-05-11,UK (base),horse_win_predictor.pkl,75,Plainridge,22:00,Pace 1m,Pace,Dirt,,8.0,1m,Classic
Sweet Hayley Jane A,"Cushing, Ron","Cushing, Heidi",-,6,0.0,,7,4/1,0.14647580956390555,6/1,6.83,0.24649232698510876,3/1,0.28399852101805995,5/2,US,2026-05-11,UK (base),horse_win_predictor.pkl,75,Plainridge,22:00,Pace 1m,Pace,Dirt,,8.0,1m,Classic
Perfect High,"Graffam, Nicho","Gardner, Andy",-,6,0.0,,1,9/2,0.1294791778605467,13/2,7.72,0.2196506341494296,7/2,0.2534649302577607,3/1,US,2026-05-11,UK (base),horse_win_predictor.pkl,75,Plainridge,22:20,Pace 1m,Pace,Dirt,,8.0,1m,Classic
Sixfingerfreddie,"Athearn, Matth","Bickmore, Rand",-,9,0.0,,2,8/1,0.1169348062234205,15/2,8.55,0.1995436520769498,4/1,0.23052196927202329,7/2,US,2026-05-11,UK (base),horse_win_predictor.pkl,75,Plainridge,22:20,Pace 1m,Pace,Dirt,,8.0,1m,Classic
Nolaughingstock,"Ranger, Bruce","Byron, Aaron",-,6,0.0,,3,5/1,0.12679109822401965,7/1,7.89,0.215363190732153,7/2,0.24857772542270298,3/1,US,2026-05-11,UK (base),horse_win_predictor.pkl,75,Plainridge,22:20,Pace 1m,Pace,Dirt,,8.0,1m,Classic
Bag Pipe Major,"Randall, Jay","Graffam, Betha",-,12,0.0,,4,5/2,0.14791172393958923,6/1,6.76,0.2487388006282356,3/1,0.286548954386478,5/2,US,2026-05-11,UK (base),horse_win_predictor.pkl,75,Plainridge,22:20,Pace 1m,Pace,Dirt,,8.0,1m,Classic
Ranaldi,"Monti, Drew","Niles, Dakota",-,7,0.0,,5,9/1,0.11496354782330068,15/2,8.7,0.19636109221944495,4/1,0.22688517136799904,7/2,US,2026-05-11,UK (base),horse_win_predictor.pkl,75,Plainridge,22:20,Pace 1m,Pace,Dirt,,8.0,1m,Classic
Wainapedia,"Cushing, Mitch","Hardin, Michel",-,9,0.0,,6,7/1,0.11939887922357029,15/2,8.38,0.20351310871455075,4/1,0.23505594477366842,7/2,US,2026-05-11,UK (base),horse_win_predictor.pkl,75,Plainridge,22:20,Pace 1m,Pace,Dirt,,8.0,1m,Classic
Clearwater Courage,"Switzer, Kevin","Nelson, Joseph",-,5,0.0,,7,3/1,0.14157553622491836,6/1,7.06,0.2388010592389545,3/1,0.27526063036921805,5/2,US,2026-05-11,UK (base),horse_win_predictor.pkl,75,Plainridge,22:20,Pace 1m,Pace,Dirt,,8.0,1m,Classic
Part Time Affair,"Hardy, James","Ahto, Raymond",-,7,0.0,,8,30/1,0.10294523048063463,17/2,9.71,0.17682323848217354,9/2,0.20452749148275062,4/1,US,2026-05-11,UK (base),horse_win_predictor.pkl,75,Plainridge,22:20,Pace 1m,Pace,Dirt,,8.0,1m,Classic
Beantown Deuce,"Randall, Jay","Mcassey, Jesse",-,4,0.0,,1,9/2,0.1305643719893882,13/2,7.66,0.22137822539451207,7/2,0.2554334204214335,3/1,US,2026-05-11,UK (base),horse_win_predictor.pkl,75,Plainridge,22:40,Pace 1m,Pace,Dirt,,8.0,1m,Classic
Royally Hot,"Switzer, Kevin","Switzer, Kevin",-,4,0.0,,2,3/1,0.14306767815207547,6/1,6.99,0.24114713224827516,3/1,0.27792692753435005,5/2,US,2026-05-11,UK (base),horse_win_predictor.pkl,75,Plainridge,22:40,Pace 1m,Pace,Dirt,,8.0,1m,Classic
Checkpoint Chatter,"Hardy, James","Guidette, Dona",-,8,0.0,,3,9/2,0.1305643719893882,13/2,7.66,0.22137822539451207,7/2,0.2554334204214335,3/1,US,2026-05-11,UK (base),horse_win_predictor.pkl,75,Plainridge,22:40,Pace 1m,Pace,Dirt,,8.0,1m,Classic
Wolverina,"Graffam, Nicho","Graffam, Micha",-,7,0.0,,4,4/1,0.1338985869661048,13/2,7.47,0.226674391265773,7/2,0.2614653178781486,3/1,US,2026-05-11,UK (base),horse_win_predictor.pkl,75,Plainridge,22:40,Pace 1m,Pace,Dirt,,8.0,1m,Classic
Mrs Cheese,"Monti, Drew","Greene, Jackie",-,4,0.0,,5,9/2,0.1305643719893882,13/2,7.66,0.22137822539451207,7/2,0.2554334204214335,3/1,US,2026-05-11,UK (base),horse_win_predictor.pkl,75,Plainridge,22:40,Pace 1m,Pace,Dirt,,8.0,1m,Classic
Bettor's Ticket,"Stratton, Cory","Stratton, Cory",-,4,0.0,,6,12/1,0.11132851635448476,8/1,8.98,0.19047609859511994,9/2,0.22015644193535813,7/2,US,2026-05-11,UK (base),horse_win_predictor.pkl,75,Plainridge,22:40,Pace 1m,Pace,Dirt,,8.0,1m,Classic
Muse La Rouge,"Cushing, Mitch","Proctor, Kirst",-,5,0.0,,7,15/1,0.10868358620468553,8/1,9.2,0.18618075764018494,9/2,0.2152421969284972,7/2,US,2026-05-11,UK (base),horse_win_predictor.pkl,75,Plainridge,22:40,Pace 1m,Pace,Dirt,,8.0,1m,Classic
Lyons Benz,"Athearn, Matth","Brewer, Kathle",-,4,0.0,,8,12/1,0.11132851635448476,8/1,8.98,0.19047609859511994,9/2,0.22015644193535813,7/2,US,2026-05-11,UK (base),horse_win_predictor.pkl,75,Plainridge,22:40,Pace 1m,Pace,Dirt,,8.0,1m,Classic
Sunburnt Silverado,"Randall, Jay","Harmon, Rob",-,4,0.0,,1,9/2,0.13000910746812386,13/2,7.69,0.22049449902289642,7/2,0.2544265208559361,3/1,US,2026-05-11,UK (base),horse_win_predictor.pkl,75,Plainridge,23:00,Trot 1m,Trot,Dirt,,8.0,1m,Classic
Big Box Hanover,"Ranger, Bruce","Stalbaum, Larr",-,9,0.0,,2,6/1,0.12298334634400208,7/1,8.13,0.20927010063682874,4/1,0.24162763349663874,3/1,US,2026-05-11,UK (base),horse_win_predictor.pkl,75,Plainridge,23:00,Trot 1m,Trot,Dirt,,8.0,1m,Classic
Snowman Hanover,"Gerry, Peter","Gerry, Peter",-,6,0.0,,3,20/1,0.10580926359614884,17/2,9.45,0.18150019426286046,9/2,0.20988429326287733,4/1,US,2026-05-11,UK (base),horse_win_predictor.pkl,75,Plainridge,23:00,Trot 1m,Trot,Dirt,,8.0,1m,Classic
Stockholm Hanover,"Switzer, Kevin","Dessureault, D",-,5,0.0,,4,9/2,0.13000910746812386,13/2,7.69,0.22049449902289642,7/2,0.2544265208559361,3/1,US,2026-05-11,UK (base),horse_win_predictor.pkl,75,Plainridge,23:00,Trot 1m,Trot,Dirt,,8.0,1m,Classic
Pantofolaio,"Cushing, Mitch","Cushing, Mitch",-,4,0.0,,5,8/1,0.11725865209471767,15/2,8.53,0.2000659005776358,4/1,0.23111861875873008,7/2,US,2026-05-11,UK (base),horse_win_predictor.pkl,75,Plainridge,23:00,Trot 1m,Trot,Dirt,,8.0,1m,Classic
Dryden Hanover,"Irvine, Brad","Shock, Laura",-,5,0.0,,6,10/1,0.11361566484517303,8/1,8.8,0.19418138128274293,4/1,0.22439352494683162,7/2,US,2026-05-11,UK (base),horse_win_predictor.pkl,75,Plainridge,23:00,Trot 1m,Trot,Dirt,,8.0,1m,Classic
Bravado,"Athearn, Matth","Athearn, Gretc",-,6,0.0,,7,6/1,0.12298334634400208,7/1,8.13,0.20927010063682874,4/1,0.24162763349663874,3/1,US,2026-05-11,UK (base),horse_win_predictor.pkl,75,Plainridge,23:00,Trot 1m,Trot,Dirt,,8.0,1m,Classic
Ponda Rocky,"Graffam, Nicho","Eaton, Mark",-,4,0.0,,8,2/1,0.15733151183970856,11/2,6.36,0.26339415761726076,3/1,0.3031676497838428,5/2,US,2026-05-11,UK (base),horse_win_predictor.pkl,75,Plainridge,23:00,Trot 1m,Trot,Dirt,,8.0,1m,Classic
Boogy Woogy J,"Hardy, James","Andrews, Jolen",-,9,0.0,,1,12/1,0.12482399755127029,7/1,8.01,0.21221837130054289,7/2,0.24499126145652012,3/1,US,2026-05-11,UK (base),horse_win_predictor.pkl,75,Plainridge,23:20,Pace 1m,Pace,Dirt,,8.0,1m,Classic
Myultimate Snowy A,"Cushing, Mitch","Cushing, Mitch",-,7,0.0,,2,3/1,0.15567799204162838,11/2,6.42,0.2608318759100404,3/1,0.300264582360695,5/2,US,2026-05-11,UK (base),horse_win_predictor.pkl,75,Plainridge,23:20,Pace 1m,Pace,Dirt,,8.0,1m,Classic
Captain Tell,"Di Stefano, Jo","Di Stefano, Jo",-,5,0.0,,3,15/1,0.12225283134374045,7/1,8.18,0.20809849260148397,4/1,0.2402906155731378,3/1,US,2026-05-11,UK (base),horse_win_predictor.pkl,75,Plainridge,23:20,Pace 1m,Pace,Dirt,,8.0,1m,Classic
Rule Of Law,"Monti, Drew","Kirker, Nathan",-,7,0.0,,4,6/1,0.13657790021426386,13/2,7.32,0.23091740212412504,7/2,0.26629471534032295,3/1,US,2026-05-11,UK (base),horse_win_predictor.pkl,75,Plainridge,23:20,Pace 1m,Pace,Dirt,,8.0,1m,Classic
Flirtin Jk,"Graffam, Nicho","Sears, Bryant",-,6,0.0,,5,7/5,0.1853892459953066,9/2,5.39,0.3062053047669852,5/2,0.3515113268063647,2/1,US,2026-05-11,UK (base),horse_win_predictor.pkl,75,Plainridge,23:20,Pace 1m,Pace,Dirt,,8.0,1m,Classic
Domi,"Watson, Wallac","Watson, Lisa",-,6,0.0,,6,20/1,0.11960004081216202,15/2,8.36,0.203836737652075,4/1,0.23542549896704235,3/1,US,2026-05-11,UK (base),horse_win_predictor.pkl,75,Plainridge,23:20,Pace 1m,Pace,Dirt,,8.0,1m,Classic
Major Betts,"Ranger, Bruce","Brewer, Kathle",-,9,0.0,,7,3/1,0.15567799204162838,11/2,6.42,0.2608318759100404,3/1,0.300264582360695,5/2,US,2026-05-11,UK (base),horse_win_predictor.pkl,75,Plainridge,23:20,Pace 1m,Pace,Dirt,,8.0,1m,Classic
Demin N Diamonds,"Fluet, Phil","Fluet, Phil",-,5,0.0,,1,7/2,0.13765407617548878,13/2,7.26,0.232618421365698,7/2,0.26823005081202644,5/2,US,2026-05-11,UK (base),horse_win_predictor.pkl,75,Saratoga Harness,16:00,Trot 1m,Trot,Dirt,,8.0,1m,Classic
Crazy Jet,"Long, Chris","Mangiardi, Rob",-,5,0.0,,2,5/2,0.14920603444785063,11/2,6.7,0.25076090943360857,3/1,0.2888439875532678,5/2,US,2026-05-11,UK (base),horse_win_predictor.pkl,75,Saratoga Harness,16:00,Trot 1m,Trot,Dirt,,8.0,1m,Classic
Comeonover Hanover,"Hennessey, Wal","Gardner, Andy",-,8,0.0,,3,3/1,0.14270805791964708,6/1,7.01,0.24058203241920686,3/1,0.2772847728565418,5/2,US,2026-05-11,UK (base),horse_win_predictor.pkl,75,Saratoga Harness,16:00,Trot 1m,Trot,Dirt,,8.0,1m,Classic
Phantom Tom,"Devaux, Jim","Levine, Gary",-,7,0.0,,4,8/1,0.1174381491988555,15/2,8.52,0.20035529344813777,4/1,0.23144922254161862,7/2,US,2026-05-11,UK (base),horse_win_predictor.pkl,75,Saratoga Harness,16:00,Trot 1m,Trot,Dirt,,8.0,1m,Classic
Tiktok Roy,"Dobson, Billy","Krist, Monica",-,6,0.0,,5,10/1,0.11376252611219491,8/1,8.79,0.19441901712400855,4/1,0.22466520125343867,7/2,US,2026-05-11,UK (base),horse_win_predictor.pkl,75,Saratoga Harness,16:00,Trot 1m,Trot,Dirt,,8.0,1m,Classic
Miss Bliss,"Swift, Kyle","Derue, Brett",-,6,0.0,,6,5/1,0.12754611268717211,7/1,7.84,0.21656859414762278,7/2,0.24995202469529176,3/1,US,2026-05-11,UK (base),horse_win_predictor.pkl,75,Saratoga Harness,16:00,Trot 1m,Trot,Dirt,,8.0,1m,Classic
Urban Kemp,"Bailey, Leon","Hallett, John",-,7,0.0,,7,15/1,0.10859368114657844,8/1,9.21,0.1860345559958694,9/2,0.21507488406435352,7/2,US,2026-05-11,UK (base),horse_win_predictor.pkl,75,Saratoga Harness,16:00,Trot 1m,Trot,Dirt,,8.0,1m,Classic
Mais Oui,"Mc Givern, Mic","Mc Givern, Che",-,4,0.0,,8,30/1,0.10309136231221253,17/2,9.7,0.17706218897527226,9/2,0.20480124897391966,4/1,US,2026-05-11,UK (base),horse_win_predictor.pkl,75,Saratoga Harness,16:00,Trot 1m,Trot,Dirt,,8.0,1m,Classic
Saturday,"Cutting, Jacob","Dubois, Wil",-,5,0.0,,1,5/2,0.14462795980825907,6/1,6.91,0.2435965302482268,3/1,0.2807097441632147,5/2,US,2026-05-11,UK (base),horse_win_predictor.pkl,75,Saratoga Harness,16:20,Trot 1m,Trot,Dirt,,8.0,1m,Classic
Mystical Somolli,"Fluet, Phil","Fluet, Phil",-,11,0.0,,2,6/1,0.12092509101524065,15/2,8.27,0.2059668617177978,4/1,0.23785752573125674,3/1,US,2026-05-11,UK (base),horse_win_predictor.pkl,75,Saratoga Harness,16:20,Trot 1m,Trot,Dirt,,8.0,1m,Classic
Free Willy Hanover,"Long, Chris","Mangiardi, Rob",-,13,0.0,,3,8/1,0.11565778683901434,15/2,8.65,0.19748263738502672,4/1,0.22816695633978135,7/2,US,2026-05-11,UK (base),horse_win_predictor.pkl,75,Saratoga Harness,16:20,Trot 1m,Trot,Dirt,,8.0,1m,Classic
Star Pilot,"Bailey, Leon","Bailey, Amanda",-,5,0.0,,4,9/2,0.12738950977697294,7/1,7.85,0.21631864783757732,7/2,0.24966707461030396,3/1,US,2026-05-11,UK (base),horse_win_predictor.pkl,75,Saratoga Harness,16:20,Trot 1m,Trot,Dirt,,8.0,1m,Classic
National Love As,"Swift, Kyle","Mcassey, Jayme",-,5,0.0,,5,4/1,0.130406238532448,13/2,7.67,0.22112659971986104,7/2,0.2551467351651409,3/1,US,2026-05-11,UK (base),horse_win_predictor.pkl,75,Saratoga Harness,16:20,Trot 1m,Trot,Dirt,,8.0,1m,Classic
Missile,"Hennessey, Wal","Gardner, Andy",-,7,0.0,,6,3/1,0.13870224261000447,6/1,7.21,0.23427338701397243,7/2,0.2701125661654604,5/2,US,2026-05-11,UK (base),horse_win_predictor.pkl,75,Saratoga Harness,16:20,Trot 1m,Trot,Dirt,,8.0,1m,Classic
Muscle Dan,"Byron, Aaron","Ciuffetelli, T",-,7,0.0,,7,12/1,0.10998530541846291,8/1,9.09,0.18829613582683918,9/2,0.21766269722998027,7/2,US,2026-05-11,UK (base),horse_win_predictor.pkl,75,Saratoga Harness,16:20,Trot 1m,Trot,Dirt,,8.0,1m,Classic
Bluffinner,"Derue, Jordan","Derue, Jordan",-,9,0.0,,8,10/1,0.11230586599959759,8/1,8.9,0.19206047276894,4/1,0.22196845030744342,7/2,US,2026-05-11,UK (base),horse_win_predictor.pkl,75,Saratoga Harness,16:20,Trot 1m,Trot,Dirt,,8.0,1m,Classic
Phanto Treasure,"Crawford, Bret","Collins, Micha",-,4,0.0,,1,3/1,0.1551186552615369,11/2,6.45,0.25996414170264837,3/1,0.29928119911806517,5/2,US,2026-05-11,UK (base),horse_win_predictor.pkl,75,Saratoga Harness,16:40,Trot 1m,Trot,Dirt,,8.0,1m,Classic
Jeannie's Action,"Dobson, Billy","Grasso, John",-,5,0.0,,2,10/1,0.12711385443853868,7/1,7.87,0.21587859239719204,7/2,0.24916536913168705,3/1,US,2026-05-11,UK (base),horse_win_predictor.pkl,75,Saratoga Harness,16:40,Trot 1m,Trot,Dirt,,8.0,1m,Classic
Banksy Monkey,"Hennessey, Wal","Gray, Alicia",-,4,0.0,,3,9/2,0.14311659776596622,6/1,6.99,0.2412239875338549,3/1,0.2780142586968132,5/2,US,2026-05-11,UK (base),horse_win_predictor.pkl,75,Saratoga Harness,16:40,Trot 1m,Trot,Dirt,,8.0,1m,Classic
Saint Stephens,"Devaux, Jim","Mcassey, Jesse",-,4,0.0,,4,4/1,0.14631714643145174,6/1,6.83,0.2462438977047388,3/1,0.2837164294322215,5/2,US,2026-05-11,UK (base),horse_win_predictor.pkl,75,Saratoga Harness,16:40,Trot 1m,Trot,Dirt,,8.0,1m,Classic
Fast Approach,"Byron, Aaron","Beckwith, Meli",-,5,0.0,,5,6/1,0.13625827919706868,13/2,7.34,0.23041184763492656,7/2,0.26571943579912327,3/1,US,2026-05-11,UK (base),horse_win_predictor.pkl,75,Saratoga Harness,16:40,Trot 1m,Trot,Dirt,,8.0,1m,Classic
Rothko,"Swift, Kyle","Ciuffetelli, T",-,4,0.0,,6,8/1,0.13067001962241145,13/2,7.65,0.2215463120978435,7/2,0.2556249217761305,3/1,US,2026-05-11,UK (base),horse_win_predictor.pkl,75,Saratoga Harness,16:40,Trot 1m,Trot,Dirt,,8.0,1m,Classic
Chapvious,"Long, Chris","Ducharme, Geor",-,4,0.0,,7,5/2,0.1614054472830263,5/1,6.2,0.2696884303793403,5/2,0.31029454904045806,2/1,US,2026-05-11,UK (base),horse_win_predictor.pkl,75,Saratoga Harness,16:40,Trot 1m,Trot,Dirt,,8.0,1m,Classic
Full Scale,"Devaux, Jim","Levine, Gary",-,6,0.0,,1,3/1,0.13870224261000447,6/1,7.21,0.23427338701397243,7/2,0.2701125661654604,5/2,US,2026-05-11,UK (base),horse_win_predictor.pkl,75,Saratoga Harness,17:00,Trot 1m,Trot,Dirt,,8.0,1m,Classic
Ikon Vang Dk,"Huckabone, Jus","Podres, John",-,6,0.0,,2,4/1,0.130406238532448,13/2,7.67,0.22112659971986104,7/2,0.2551467351651409,3/1,US,2026-05-11,UK (base),horse_win_predictor.pkl,75,Saratoga Harness,17:00,Trot 1m,Trot,Dirt,,8.0,1m,Classic
Milliondollardream,"Dobson, Billy","Sardella, Andr",-,6,0.0,,3,9/2,0.12738950977697294,7/1,7.85,0.21631864783757732,7/2,0.24966707461030396,3/1,US,2026-05-11,UK (base),horse_win_predictor.pkl,75,Saratoga Harness,17:00,Trot 1m,Trot,Dirt,,8.0,1m,Classic
Dewey Arnold,"Cutting, Jacob","Dewhurst, Davi",-,8,0.0,,4,5/2,0.14462795980825907,6/1,6.91,0.2435965302482268,3/1,0.2807097441632147,5/2,US,2026-05-11,UK (base),horse_win_predictor.pkl,75,Saratoga Harness,17:00,Trot 1m,Trot,Dirt,,8.0,1m,Classic
Ice Breakers K,"Hennessey, Wal","Quevedo, Edwin",-,7,0.0,,5,6/1,0.12092509101524065,15/2,8.27,0.2059668617177978,4/1,0.23785752573125674,3/1,US,2026-05-11,UK (base),horse_win_predictor.pkl,75,Saratoga Harness,17:00,Trot 1m,Trot,Dirt,,8.0,1m,Classic
Shoot Some Hoop,"Crews, Irvin","Crews, Irvin",-,4,0.0,,6,10/1,0.11230586599959759,8/1,8.9,0.19206047276894,4/1,0.22196845030744342,7/2,US,2026-05-11,UK (base),horse_win_predictor.pkl,75,Saratoga Harness,17:00,Trot 1m,Trot,Dirt,,8.0,1m,Classic
Internationalcraze,"Long, Chris","Forte, Michael",-,5,0.0,,7,12/1,0.10998530541846291,8/1,9.09,0.18829613582683918,9/2,0.21766269722998027,7/2,US,2026-05-11,UK (base),horse_win_predictor.pkl,75,Saratoga Harness,17:00,Trot 1m,Trot,Dirt,,8.0,1m,Classic
Civilian Drone,"Swift, Kyle","Mcassey, Jayme",-,4,0.0,,8,8/1,0.11565778683901434,15/2,8.65,0.19748263738502672,4/1,0.22816695633978135,7/2,US,2026-05-11,UK (base),horse_win_predictor.pkl,75,Saratoga Harness,17:00,Trot 1m,Trot,Dirt,,8.0,1m,Classic
Midnight Swan,"Bailey, Leon","Derue, Brett",-,5,0.0,,1,5/1,0.125719915503343,7/1,7.95,0.21365145018268322,7/2,0.24662577568743582,3/1,US,2026-05-11,UK (base),horse_win_predictor.pkl,75,Saratoga Harness,17:20,Trot 1m,Trot,Dirt,,8.0,1m,Classic
Lets Go North,"Cutting, Jacob","Beckwith, Meli",-,4,0.0,,2,7/2,0.13521914659704992,13/2,7.4,0.2287670897895423,7/2,0.2638475684867269,3/1,US,2026-05-11,UK (base),horse_win_predictor.pkl,75,Saratoga Harness,17:20,Trot 1m,Trot,Dirt,,8.0,1m,Classic
That Dude,"Hennessey, Wal","Hallett, John",-,4,0.0,,3,10/1,0.112766418557379,8/1,8.87,0.19280654127987581,4/1,0.2228215873008121,7/2,US,2026-05-11,UK (base),horse_win_predictor.pkl,75,Saratoga Harness,17:20,Trot 1m,Trot,Dirt,,8.0,1m,Classic
Flyhawk El Derecho,"Byron, Aaron","Byron, Aaron",-,5,0.0,,4,3/1,0.13996876214390339,6/1,7.14,0.2362707683581488,3/1,0.2723840206884908,5/2,US,2026-05-11,UK (base),horse_win_predictor.pkl,75,Saratoga Harness,17:20,Trot 1m,Trot,Dirt,,8.0,1m,Classic
Gimlet Hanover,"Long, Chris","Mangiardi, Rob",-,4,0.0,,5,9/2,0.1283106148925358,7/1,7.79,0.21778821569128398,7/2,0.2513423159908145,3/1,US,2026-05-11,UK (base),horse_win_predictor.pkl,75,Saratoga Harness,17:20,Trot 1m,Trot,Dirt,,8.0,1m,Classic
Demimond,"Dobson, Billy","Kelley, Amanda",-,3,0.0,,6,4/1,0.13141945415956716,13/2,7.61,0.22273815914194203,7/2,0.2569826735103326,3/1,US,2026-05-11,UK (base),horse_win_predictor.pkl,75,Saratoga Harness,17:20,Trot 1m,Trot,Dirt,,8.0,1m,Classic
Memento Mori,"Swift, Kyle","Harmon, Rob",-,4,0.0,,7,8/1,0.11622068440963607,15/2,8.6,0.19839143394962955,4/1,0.2292054650271271,7/2,US,2026-05-11,UK (base),horse_win_predictor.pkl,75,Saratoga Harness,17:20,Trot 1m,Trot,Dirt,,8.0,1m,Classic
King Of Green,"Devaux, Jim","Levine, Gary",-,4,0.0,,8,12/1,0.11037500373658565,8/1,9.06,0.18892889356597314,9/2,0.21838660225199347,7/2,US,2026-05-11,UK (base),horse_win_predictor.pkl,75,Saratoga Harness,17:20,Trot 1m,Trot,Dirt,,8.0,1m,Classic
Osodevious,"Cutting, Jacob","White, Barry",-,5,0.0,,1,10/1,0.12711385443853868,7/1,7.87,0.21587859239719204,7/2,0.24916536913168705,3/1,US,2026-05-11,UK (base),horse_win_predictor.pkl,75,Saratoga Harness,17:40,Trot 1m,Trot,Dirt,,8.0,1m,Classic
Morning Edition,"Hennessey, Wal","Gray, Alicia",-,6,0.0,,2,9/2,0.14311659776596622,6/1,6.99,0.2412239875338549,3/1,0.2780142586968132,5/2,US,2026-05-11,UK (base),horse_win_predictor.pkl,75,Saratoga Harness,17:40,Trot 1m,Trot,Dirt,,8.0,1m,Classic
Fringed,"Daley, Dan","Daley, Dan",-,5,0.0,,3,5/2,0.1614054472830263,5/1,6.2,0.2696884303793403,5/2,0.31029454904045806,2/1,US,2026-05-11,UK (base),horse_win_predictor.pkl,75,Saratoga Harness,17:40,Trot 1m,Trot,Dirt,,8.0,1m,Classic
Up Helly Aa,"Long, Chris","Mcassey, Jayme",-,7,0.0,,4,4/1,0.14631714643145174,6/1,6.83,0.2462438977047388,3/1,0.2837164294322215,5/2,US,2026-05-11,UK (base),horse_win_predictor.pkl,75,Saratoga Harness,17:40,Trot 1m,Trot,Dirt,,8.0,1m,Classic
Ordained,"Dobson, Billy","Stalbaum, Larr",-,5,0.0,,5,8/1,0.13067001962241145,13/2,7.65,0.2215463120978435,7/2,0.2556249217761305,3/1,US,2026-05-11,UK (base),horse_win_predictor.pkl,75,Saratoga Harness,17:40,Trot 1m,Trot,Dirt,,8.0,1m,Classic
Duke Lavictoire,"Bailey, Leon","Derue, Brett",-,8,0.0,,6,6/1,0.13625827919706868,13/2,7.34,0.23041184763492656,7/2,0.26571943579912327,3/1,US,2026-05-11,UK (base),horse_win_predictor.pkl,75,Saratoga Harness,17:40,Trot 1m,Trot,Dirt,,8.0,1m,Classic
But Why,"Devaux, Jim","Mongeon, Scott",-,5,0.0,,7,3/1,0.1551186552615369,11/2,6.45,0.25996414170264837,3/1,0.29928119911806517,5/2,US,2026-05-11,UK (base),horse_win_predictor.pkl,75,Saratoga Harness,17:40,Trot 1m,Trot,Dirt,,8.0,1m,Classic
Rose Run Xtra,"Dobson, Billy","Krist, Monica",-,7,0.0,,1,3/1,0.13870224261000447,6/1,7.21,0.23427338701397243,7/2,0.2701125661654604,5/2,US,2026-05-11,UK (base),horse_win_predictor.pkl,75,Saratoga Harness,18:00,Trot 1m,Trot,Dirt,,8.0,1m,Classic
Staghouse,"Crawford, Bret","Collins, Micha",-,7,0.0,,2,6/1,0.12092509101524065,15/2,8.27,0.2059668617177978,4/1,0.23785752573125674,3/1,US,2026-05-11,UK (base),horse_win_predictor.pkl,75,Saratoga Harness,18:00,Trot 1m,Trot,Dirt,,8.0,1m,Classic
Stonebridge Bomber,"Byron, Aaron","Byron, Aaron",-,6,0.0,,3,8/1,0.11565778683901434,15/2,8.65,0.19748263738502672,4/1,0.22816695633978135,7/2,US,2026-05-11,UK (base),horse_win_predictor.pkl,75,Saratoga Harness,18:00,Trot 1m,Trot,Dirt,,8.0,1m,Classic
Packmia,"Cross, Brian","Dickie, Timoth",-,5,0.0,,4,10/1,0.11230586599959759,8/1,8.9,0.19206047276894,4/1,0.22196845030744342,7/2,US,2026-05-11,UK (base),horse_win_predictor.pkl,75,Saratoga Harness,18:00,Trot 1m,Trot,Dirt,,8.0,1m,Classic
Hope N Glory,"Hennessey, Wal","Cappello, Dan",-,5,0.0,,5,9/2,0.12738950977697294,7/1,7.85,0.21631864783757732,7/2,0.24966707461030396,3/1,US,2026-05-11,UK (base),horse_win_predictor.pkl,75,Saratoga Harness,18:00,Trot 1m,Trot,Dirt,,8.0,1m,Classic
Platinum As,"Devaux, Jim","Beckwith, Meli",-,8,0.0,,6,5/2,0.14462795980825907,6/1,6.91,0.2435965302482268,3/1,0.2807097441632147,5/2,US,2026-05-11,UK (base),horse_win_predictor.pkl,75,Saratoga Harness,18:00,Trot 1m,Trot,Dirt,,8.0,1m,Classic
Wolfpack Zach,"Cutting, Jacob","Flanders, Joel",-,4,0.0,,7,4/1,0.130406238532448,13/2,7.67,0.22112659971986104,7/2,0.2551467351651409,3/1,US,2026-05-11,UK (base),horse_win_predictor.pkl,75,Saratoga Harness,18:00,Trot 1m,Trot,Dirt,,8.0,1m,Classic
Muscle Dynasty,"Long, Chris","Mangiardi, Rob",-,8,0.0,,8,12/1,0.10998530541846291,8/1,9.09,0.18829613582683918,9/2,0.21766269722998027,7/2,US,2026-05-11,UK (base),horse_win_predictor.pkl,75,Saratoga Harness,18:00,Trot 1m,Trot,Dirt,,8.0,1m,Classic
Manhattan Moni,"Crews, Irvin","Crews, Irvin",-,4,0.0,,1,12/1,0.12610206421692755,7/1,7.93,0.21426233111065351,7/2,0.24732243119580075,3/1,US,2026-05-11,UK (base),horse_win_predictor.pkl,75,Saratoga Harness,18:20,Trot 1m,Trot,Dirt,,8.0,1m,Classic
Tymal Loverboy,"Crawford, Bret","Collins, Micha",-,5,0.0,,2,8/1,0.13276471004173482,13/2,7.53,0.22487530348914994,7/2,0.2594167760319306,3/1,US,2026-05-11,UK (base),horse_win_predictor.pkl,75,Saratoga Harness,18:20,Trot 1m,Trot,Dirt,,8.0,1m,Classic
Kody Kickstand,"Devaux, Jim","Mongeon, Scott",-,4,0.0,,3,7/2,0.15441830897235853,11/2,6.48,0.2588769448335391,3/1,0.29804893328148185,5/2,US,2026-05-11,UK (base),horse_win_predictor.pkl,75,Saratoga Harness,18:20,Trot 1m,Trot,Dirt,,8.0,1m,Classic
Milky Way Bay,"Hennessey, Wal","Simser, Perry",-,4,0.0,,4,15/1,0.12329126050958696,7/1,8.11,0.20976368098282228,4/1,0.2421908386602855,3/1,US,2026-05-11,UK (base),horse_win_predictor.pkl,75,Saratoga Harness,18:20,Trot 1m,Trot,Dirt,,8.0,1m,Classic
Red White,"Cutting, Jacob","White, Barry",-,4,0.0,,5,5/2,0.16679179407557207,5/1,6.0,0.2779696272792713,5/2,0.3196613147306585,2/1,US,2026-05-11,UK (base),horse_win_predictor.pkl,75,Saratoga Harness,18:20,Trot 1m,Trot,Dirt,,8.0,1m,Classic
Never Not,"Derue, Jordan","Derue, Jordan",-,5,0.0,,6,4/1,0.1500875891862338,11/2,6.66,0.2521366329930323,3/1,0.29040502442058175,5/2,US,2026-05-11,UK (base),horse_win_predictor.pkl,75,Saratoga Harness,18:20,Trot 1m,Trot,Dirt,,8.0,1m,Classic
Oli Canoli,"Byron, Aaron","Beckwith, Meli",-,4,0.0,,7,9/2,0.14654427299758627,6/1,6.82,0.2465995122369424,3/1,0.28412022695170097,5/2,US,2026-05-11,UK (base),horse_win_predictor.pkl,75,Saratoga Harness,18:20,Trot 1m,Trot,Dirt,,8.0,1m,Classic
Secret Or Not,"Swift, Kyle","Mcassey, Jayme",-,8,0.0,,1,5/2,0.14462795980825907,6/1,6.91,0.2435965302482268,3/1,0.2807097441632147,5/2,US,2026-05-11,UK (base),horse_win_predictor.pkl,75,Saratoga Harness,18:40,Trot 1m,Trot,Dirt,,8.0,1m,Classic
Cross Creek Samara,"Cross, Brian","Cross, Brian",-,6,0.0,,2,9/2,0.12738950977697294,7/1,7.85,0.21631864783757732,7/2,0.24966707461030396,3/1,US,2026-05-11,UK (base),horse_win_predictor.pkl,75,Saratoga Harness,18:40,Trot 1m,Trot,Dirt,,8.0,1m,Classic
Summit City Sonny,"Dobson, Billy","Mcassey, Jesse",-,7,0.0,,3,8/1,0.11565778683901434,15/2,8.65,0.19748263738502672,4/1,0.22816695633978135,7/2,US,2026-05-11,UK (base),horse_win_predictor.pkl,75,Saratoga Harness,18:40,Trot 1m,Trot,Dirt,,8.0,1m,Classic
Century Invader,"Crews, Irvin","Crews, Irvin",-,7,0.0,,4,10/1,0.11230586599959759,8/1,8.9,0.19206047276894,4/1,0.22196845030744342,7/2,US,2026-05-11,UK (base),horse_win_predictor.pkl,75,Saratoga Harness,18:40,Trot 1m,Trot,Dirt,,8.0,1m,Classic
Powerscourt,"Mc Givern, Mic","Mc Givern, Che",-,10,0.0,,5,12/1,0.10998530541846291,8/1,9.09,0.18829613582683918,9/2,0.21766269722998027,7/2,US,2026-05-11,UK (base),horse_win_predictor.pkl,75,Saratoga Harness,18:40,Trot 1m,Trot,Dirt,,8.0,1m,Classic
Doctor Strange,"Stark, John Jr","Stark, John Jr",-,4,0.0,,6,4/1,0.130406238532448,13/2,7.67,0.22112659971986104,7/2,0.2551467351651409,3/1,US,2026-05-11,UK (base),horse_win_predictor.pkl,75,Saratoga Harness,18:40,Trot 1m,Trot,Dirt,,8.0,1m,Classic
Jeffery J,"Devaux, Jim","Levine, Gary",-,4,0.0,,7,3/1,0.13870224261000447,6/1,7.21,0.23427338701397243,7/2,0.2701125661654604,5/2,US,2026-05-11,UK (base),horse_win_predictor.pkl,75,Saratoga Harness,18:40,Trot 1m,Trot,Dirt,,8.0,1m,Classic
Nottingham,"Bailey, Leon","Gardner, Andy",-,5,0.0,,8,6/1,0.12092509101524065,15/2,8.27,0.2059668617177978,4/1,0.23785752573125674,3/1,US,2026-05-11,UK (base),horse_win_predictor.pkl,75,Saratoga Harness,18:40,Trot 1m,Trot,Dirt,,8.0,1m,Classic
Seven Lick Prise,"Dobson, Billy","Krist, Monica",-,6,0.0,,1,3/1,0.14076649077856226,6/1,7.1,0.23752751946052322,3/1,0.27381290521625856,5/2,US,2026-05-11,UK (base),horse_win_predictor.pkl,75,Saratoga Harness,19:00,Trot 1m,Trot,Dirt,,8.0,1m,Classic
In A Tiny Way,"Byron, Aaron","Gardner, Andy",-,7,0.0,,2,5/2,0.14698710057232509,6/1,6.8,0.2472926148424581,3/1,0.284907182693758,5/2,US,2026-05-11,UK (base),horse_win_predictor.pkl,75,Saratoga Harness,19:00,Trot 1m,Trot,Dirt,,8.0,1m,Classic
Duckdodgendive,"Crews, Irvin","Tranowicz, Lau",-,8,0.0,,3,6/1,0.12210466139727366,7/1,8.19,0.20786075184713831,4/1,0.24001928576583756,3/1,US,2026-05-11,UK (base),horse_win_predictor.pkl,75,Saratoga Harness,19:00,Trot 1m,Trot,Dirt,,8.0,1m,Classic
Steven Goldstein,"Crawford, Bret","Crawford, Mich",-,4,0.0,,4,4/1,0.13205763706729423,13/2,7.57,0.22375237111489188,7/2,0.258137896382741,3/1,US,2026-05-11,UK (base),horse_win_predictor.pkl,75,Saratoga Harness,19:00,Trot 1m,Trot,Dirt,,8.0,1m,Classic
Grandpa Erv,"Devaux, Jim","Finn, Kari",-,10,0.0,,5,20/1,0.10551636861390604,17/2,9.48,0.18102250026865832,9/2,0.20933729963919043,4/1,US,2026-05-11,UK (base),horse_win_predictor.pkl,75,Saratoga Harness,19:00,Trot 1m,Trot,Dirt,,8.0,1m,Classic
Makin No Bakin,"Fluet, Phil","Fluet, Phil",-,7,0.0,,6,10/1,0.11305650169725497,8/1,8.85,0.19327628499424182,4/1,0.2233587037306119,7/2,US,2026-05-11,UK (base),horse_win_predictor.pkl,75,Saratoga Harness,19:00,Trot 1m,Trot,Dirt,,8.0,1m,Classic
Shiv,"Derue, Jordan","Derue, Jordan",-,5,0.0,,7,9/2,0.1288907811722877,7/1,7.76,0.2187131393331558,7/2,0.25239652364348136,3/1,US,2026-05-11,UK (base),horse_win_predictor.pkl,75,Saratoga Harness,19:00,Trot 1m,Trot,Dirt,,8.0,1m,Classic
Arlanda,"Long, Chris","Mangiardi, Rob",-,8,0.0,,8,12/1,0.11062045870109607,8/1,9.04,0.18932731695538021,9/2,0.21884238880073675,7/2,US,2026-05-11,UK (base),horse_win_predictor.pkl,75,Saratoga Harness,19:00,Trot 1m,Trot,Dirt,,8.0,1m,Classic
Wolfpack Cheddar,"Crews, Irvin","Flanders, Joel",-,4,0.0,,1,9/2,0.1307027225901398,13/2,7.65,0.2215983393082716,7/2,0.25568419557757105,3/1,US,2026-05-11,UK (base),horse_win_predictor.pkl,75,Saratoga Harness,19:20,Trot 1m,Trot,Dirt,,8.0,1m,Classic
Kanon Laser Dk,"Dobson, Billy","Nelson, Ryan",-,5,0.0,,2,2/1,0.15860313956340447,11/2,6.31,0.2653616865106331,3/1,0.3053961416158438,5/2,US,2026-05-11,UK (base),horse_win_predictor.pkl,75,Saratoga Harness,19:20,Trot 1m,Trot,Dirt,,8.0,1m,Classic
Stars In My Crown,"Stark, John Jr","Stark, John Jr",-,4,0.0,,3,12/1,0.11138704930095658,8/1,8.98,0.19057102894014288,4/1,0.22026502130483774,7/2,US,2026-05-11,UK (base),horse_win_predictor.pkl,75,Saratoga Harness,19:20,Trot 1m,Trot,Dirt,,8.0,1m,Classic
Six Questions,"Cutting, Jacob","Hallett, John",-,4,0.0,,4,8/1,0.1176825280026163,15/2,8.5,0.2007492084870401,4/1,0.231899213668699,7/2,US,2026-05-11,UK (base),horse_win_predictor.pkl,75,Saratoga Harness,19:20,Trot 1m,Trot,Dirt,,8.0,1m,Classic
Marcello Hanover,"Byron, Aaron","Derue, Jordan",-,5,0.0,,5,6/1,0.12352832965415746,7/1,8.1,0.21014359479576644,4/1,0.24262431922386982,3/1,US,2026-05-11,UK (base),horse_win_predictor.pkl,75,Saratoga Harness,19:20,Trot 1m,Trot,Dirt,,8.0,1m,Classic
Uncle Rat,"Long, Chris","Harmon, Rob",-,4,0.0,,6,7/2,0.13814283378301037,6/1,7.24,0.23339034678893833,7/2,0.2691081641661613,5/2,US,2026-05-11,UK (base),horse_win_predictor.pkl,75,Saratoga Harness,19:20,Trot 1m,Trot,Dirt,,8.0,1m,Classic
Gypsy Rose Lou,"Devaux, Jim","Levine, Gary",-,4,0.0,,7,10/1,0.11396247240618101,8/1,8.77,0.19474249423758216,4/1,0.2250350024243576,7/2,US,2026-05-11,UK (base),horse_win_predictor.pkl,75,Saratoga Harness,19:20,Trot 1m,Trot,Dirt,,8.0,1m,Classic
Noble Wine,"Fluet, Phil","Fluet, Phil",-,4,0.0,,8,20/1,0.10599092469953397,17/2,9.43,0.18179640356423132,9/2,0.21022345813849283,4/1,US,2026-05-11,UK (base),horse_win_predictor.pkl,75,Saratoga Harness,19:20,Trot 1m,Trot,Dirt,,8.0,1m,Classic
Sum Kinda Good,"Cutting, Jacob","Tranowicz, Lau",-,6,0.0,,1,5/1,0.1277405730574944,7/1,7.83,0.21687890829944426,7/2,0.25030578401517545,3/1,US,2026-05-11,UK (base),horse_win_predictor.pkl,75,Saratoga Harness,19:40,Trot 1m,Trot,Dirt,,8.0,1m,Classic
Uncle Andy,"Clement, Edwar","Clement, Edwar",-,9,0.0,,2,25/1,0.1042649185688235,17/2,9.59,0.17897991482855158,9/2,0.2069980384259496,4/1,US,2026-05-11,UK (base),horse_win_predictor.pkl,75,Saratoga Harness,19:40,Trot 1m,Trot,Dirt,,8.0,1m,Classic
Tobern,"Cross, Brian","Cross, Brian",-,5,0.0,,3,7/2,0.13791335666925178,13/2,7.25,0.233027966846429,7/2,0.2686959456628705,5/2,US,2026-05-11,UK (base),horse_win_predictor.pkl,75,Saratoga Harness,19:40,Trot 1m,Trot,Dirt,,8.0,1m,Classic
Okeechobee Jet,"Swift, Kyle","Mcassey, Jayme",-,5,0.0,,4,5/2,0.1495393950826888,11/2,6.69,0.25128128660348265,3/1,0.28943449592378034,5/2,US,2026-05-11,UK (base),horse_win_predictor.pkl,75,Saratoga Harness,19:40,Trot 1m,Trot,Dirt,,8.0,1m,Classic
Cherry Mason,"Fluet, Phil","Collins, Micha",-,8,0.0,,5,15/1,0.10866660378544929,8/1,9.2,0.18615314219119766,9/2,0.2152105940933533,7/2,US,2026-05-11,UK (base),horse_win_predictor.pkl,75,Saratoga Harness,19:40,Trot 1m,Trot,Dirt,,8.0,1m,Classic
Conquest As,"Long, Chris","Mangiardi, Rob",-,9,0.0,,6,3/1,0.1429997484751305,6/1,6.99,0.24104040480407443,3/1,0.2778056509274284,5/2,US,2026-05-11,UK (base),horse_win_predictor.pkl,75,Saratoga Harness,19:40,Trot 1m,Trot,Dirt,,8.0,1m,Classic
Jack's Boy,"Crews, Irvin","Crews, Irvin",-,5,0.0,,7,12/1,0.11130761491542478,8/1,8.98,0.19044219873723622,9/2,0.22011766767041552,7/2,US,2026-05-11,UK (base),horse_win_predictor.pkl,75,Saratoga Harness,19:40,Trot 1m,Trot,Dirt,,8.0,1m,Classic
Mass Cara,"Bailey, Leon","Gardner, Andy",-,5,0.0,,8,8/1,0.11756778944573701,15/2,8.51,0.2005642729102009,4/1,0.23168795420937485,7/2,US,2026-05-11,UK (base),horse_win_predictor.pkl,75,Saratoga Harness,19:40,Trot 1m,Trot,Dirt,,8.0,1m,Classic
Captain Sassy,"Hennessey, Wal","Hallett, John",-,3,0.0,,1,5/2,0.14736390137959487,6/1,6.79,0.2478821269394188,3/1,0.2855764615243528,5/2,US,2026-05-11,UK (base),horse_win_predictor.pkl,75,Saratoga Harness,20:00,Pace 1m,Pace,Dirt,,8.0,1m,Classic
Tropical Cyclone,"Long, Chris","Mangiardi, Rob",-,3,0.0,,2,7/2,0.13622130601128984,13/2,7.34,0.23035335545118457,7/2,0.26565287399114507,3/1,US,2026-05-11,UK (base),horse_win_predictor.pkl,75,Saratoga Harness,20:00,Pace 1m,Pace,Dirt,,8.0,1m,Classic
Sea Blaze,"Derue, Jordan","Derue, Jordan",-,4,0.0,,3,8/5,0.16472063647253155,5/1,6.07,0.27479083518662406,5/2,0.31606715970440874,2/1,US,2026-05-11,UK (base),horse_win_predictor.pkl,75,Saratoga Harness,20:00,Pace 1m,Pace,Dirt,,8.0,1m,Classic
Imdagirlofurdreams,"Devaux, Jim","Levine, Gary",-,3,0.0,,4,8/1,0.11672176411675601,15/2,8.57,0.1991999992353387,4/1,0.23012933740480723,7/2,US,2026-05-11,UK (base),horse_win_predictor.pkl,75,Saratoga Harness,20:00,Pace 1m,Pace,Dirt,,8.0,1m,Classic
Little Moments,"Byron, Aaron","Byron, Aaron",-,4,0.0,,5,10/1,0.11317639286320443,8/1,8.84,0.19347039043254685,4/1,0.22358063952105026,7/2,US,2026-05-11,UK (base),horse_win_predictor.pkl,75,Saratoga Harness,20:00,Pace 1m,Pace,Dirt,,8.0,1m,Classic
Sea Ya Sophia,"Euto, Jebidiah","Euto, Jebidiah",-,5,0.0,,6,30/1,0.10288337954644172,17/2,9.72,0.17672209135407735,9/2,0.20441160828194072,4/1,US,2026-05-11,UK (base),horse_win_predictor.pkl,75,Saratoga Harness,20:00,Pace 1m,Pace,Dirt,,8.0,1m,Classic
Fillybythesea,"Fluet, Phil","Fluet, Phil",-,3,0.0,,7,15/1,0.10819071453789748,8/1,9.24,0.18537910159843882,9/2,0.21432474674614183,7/2,US,2026-05-11,UK (base),horse_win_predictor.pkl,75,Saratoga Harness,20:00,Pace 1m,Pace,Dirt,,8.0,1m,Classic
Bellbottom Country,"Schnittker, Ra","Schnittker, Ra",-,3,0.0,,8,12/1,0.11072190507228409,8/1,9.03,0.18949195691984266,9/2,0.21903072636267712,7/2,US,2026-05-11,UK (base),horse_win_predictor.pkl,75,Saratoga Harness,20:00,Pace 1m,Pace,Dirt,,8.0,1m,Classic
Kykeon,Fernandez Victor R,Juarez-Mendoza Rey,-,5,121.0,,1,8/1,0.10552960802524816,17/2,9.48,0.18104409590947668,9/2,0.20936202886606237,4/1,US,2026-05-11,UK (base),horse_win_predictor.pkl,75,Thistledown,16:50,Starter Optional Claiming 8f,Starter Optional Claiming,Dirt,,8.0,8f,Classic
Sunset Town,Feliciano Ricardo,Schuster Robin,-,6,119.0,,2,20/1,0.09460969091734621,19/2,10.57,0.16313664875884257,5/1,0.1888342579494037,9/2,US,2026-05-11,UK (base),horse_win_predictor.pkl,75,Thistledown,16:50,Starter Optional Claiming 8f,Starter Optional Claiming,Dirt,,8.0,8f,Classic
Reinvest,Rodriguez Anthony,Johnson Gary L,-,6,119.0,,3,12/1,0.0996496526594548,9/1,10.04,0.17142533216689865,5/1,0.1983412119821901,4/1,US,2026-05-11,UK (base),horse_win_predictor.pkl,75,Thistledown,16:50,Starter Optional Claiming 8f,Starter Optional Claiming,Dirt,,8.0,8f,Classic
Tricky Tiger,Chavez Alexander,Rivera Nestor R,-,5,119.0,,4,4/1,0.1208174919763109,15/2,8.28,0.20579399246340288,4/1,0.23766018014606238,3/1,US,2026-05-11,UK (base),horse_win_predictor.pkl,75,Thistledown,16:50,Starter Optional Claiming 8f,Starter Optional Claiming,Dirt,,8.0,8f,Classic
John's Rock,Bracho Jose A,Vecchio Caryn,-,9,119.0,,5,6/1,0.11098956657919914,8/1,9.01,0.18992627273100768,9/2,0.21952753753793589,7/2,US,2026-05-11,UK (base),horse_win_predictor.pkl,75,Thistledown,16:50,Starter Optional Claiming 8f,Starter Optional Claiming,Dirt,,8.0,8f,Classic
Colonel Vargo,Simpson Jason,Bailey Ricardo,-,6,119.0,,6,6/1,0.11098956657919914,8/1,9.01,0.18992627273100768,9/2,0.21952753753793589,7/2,US,2026-05-11,UK (base),horse_win_predictor.pkl,75,Thistledown,16:50,Starter Optional Claiming 8f,Starter Optional Claiming,Dirt,,8.0,8f,Classic
Dr Schuster,Tapara Brandon,Schuster Robin,-,5,123.0,,7,9/2,0.1176904248045026,15/2,8.5,0.20076193577557327,4/1,0.23191375238972478,7/2,US,2026-05-11,UK (base),horse_win_predictor.pkl,75,Thistledown,16:50,Starter Optional Claiming 8f,Starter Optional Claiming,Dirt,,8.0,8f,Classic
Hot Gunner,Gonzalez Luis A,Puhl Kim A,-,4,119.0,,8,7/2,0.12463946296407657,7/1,8.02,0.2119230367529591,7/2,0.24465437692379005,3/1,US,2026-05-11,UK (base),horse_win_predictor.pkl,75,Thistledown,16:50,Starter Optional Claiming 8f,Starter Optional Claiming,Dirt,,8.0,8f,Classic
Puff'smagicdragon,Barbaran Erik,Radosevich Jeffrey A,-,5,119.0,,9,5/1,0.11508453549466238,15/2,8.69,0.19655660364237454,4/1,0.2271086291977666,7/2,US,2026-05-11,UK (base),horse_win_predictor.pkl,75,Thistledown,16:50,Starter Optional Claiming 8f,Starter Optional Claiming,Dirt,,8.0,8f,Classic
Mandalay Sky,Salazar Becerra Fernando,Flores Israel,-,3,117.0,,1,12/1,0.09967370614246718,9/1,10.03,0.171464792899501,5/1,0.19838645043338868,4/1,US,2026-05-11,UK (base),horse_win_predictor.pkl,75,Thistledown,17:20,Allowance 5.5f,Allowance,Dirt,,5.5,5.5f,Sprint
Striking Lady,Simpson Jason,Bailey Ricardo,-,3,115.0,,2,15/1,0.09718858994445828,19/2,10.29,0.16738296428771127,5/1,0.19370585466643114,4/1,US,2026-05-11,UK (base),horse_win_predictor.pkl,75,Thistledown,17:20,Allowance 5.5f,Allowance,Dirt,,5.5,5.5f,Sprint
Stacy Ellen,Bracho Jose A,Zielinski Richard,-,3,117.0,,3,4/1,0.12088003103214308,15/2,8.27,0.20589447033599206,4/1,0.23777488507493544,3/1,US,2026-05-11,UK (base),horse_win_predictor.pkl,75,Thistledown,17:20,Allowance 5.5f,Allowance,Dirt,,5.5,5.5f,Sprint
Miss Lora Ann,Villarreal Oscar,Orantes Yoni R,-,3,115.0,,4,9/2,0.1177472784916228,15/2,8.49,0.20085356401117402,4/1,0.23201842108100573,7/2,US,2026-05-11,UK (base),horse_win_predictor.pkl,75,Thistledown,17:20,Allowance 5.5f,Allowance,Dirt,,5.5,5.5f,Sprint
Kerkyra,Aragon Rolando,Evans Ii Michael,-,3,115.0,,5,7/2,0.12470895080389013,7/1,8.02,0.21203425351851657,7/2,0.24478124203650148,3/1,US,2026-05-11,UK (base),horse_win_predictor.pkl,75,Thistledown,17:20,Allowance 5.5f,Allowance,Dirt,,5.5,5.5f,Sprint
Victoria Command,Pilares Christian P,Genovese Richard L,-,5,119.0,,6,15/1,0.09718858994445828,19/2,10.29,0.16738296428771127,5/1,0.19370585466643114,4/1,US,2026-05-11,UK (base),horse_win_predictor.pkl,75,Thistledown,17:20,Allowance 5.5f,Allowance,Dirt,,5.5,5.5f,Sprint
Lizzy's Dream,Tapara Brandon,Zielinski Richard,-,4,123.0,,7,6/1,0.11103423733336498,8/1,9.01,0.18999874571189534,9/2,0.21961043635384422,7/2,US,2026-05-11,UK (base),horse_win_predictor.pkl,75,Thistledown,17:20,Allowance 5.5f,Allowance,Dirt,,5.5,5.5f,Sprint
Spun In Dominus,Bowen Rocco,Fadlovich Megan,-,3,115.0,,8,3/1,0.12949510051857394,13/2,7.72,0.21967599608678062,7/2,0.25349383192485814,3/1,US,2026-05-11,UK (base),horse_win_predictor.pkl,75,Thistledown,17:20,Allowance 5.5f,Allowance,Dirt,,5.5,5.5f,Sprint
Hello Evelyn,Keiser Chelsey,Keiser Deborah,-,4,123.0,,9,10/1,0.10208351578902126,9/1,9.8,0.1754134930635604,9/2,0.20291223454151258,4/1,US,2026-05-11,UK (base),horse_win_predictor.pkl,75,Thistledown,17:20,Allowance 5.5f,Allowance,Dirt,,5.5,5.5f,Sprint
Breezy Money,Yaranga Yuri,Norris Stephani,-,9,121.0,,1,2/1,0.18856571841646466,9/2,5.3,0.31097266902010245,2/1,0.35687527549646664,2/1,US,2026-05-11,UK (base),horse_win_predictor.pkl,75,Thistledown,17:50,Claiming 8f,Claiming,Dirt,,8.0,8f,Classic
Master Of The Nite,Rivera Luis R,Radosevich Jeffrey A,-,5,119.0,,2,7/2,0.16892035548751966,5/1,5.92,0.2812293706791114,5/2,0.3233452513759583,2/1,US,2026-05-11,UK (base),horse_win_predictor.pkl,75,Thistledown,17:50,Claiming 8f,Claiming,Dirt,,8.0,8f,Classic
Brewing,"Diaz, Jr. Hector R",Calderon Ivan,-,5,119.0,,3,9/2,0.16177658714972146,5/1,6.18,0.2702605255496495,5/2,0.31094200244962256,2/1,US,2026-05-11,UK (base),horse_win_predictor.pkl,75,Thistledown,17:50,Claiming 8f,Claiming,Dirt,,8.0,8f,Classic
Secret Bagent Man,Chavez Alexander,Rivera Nestor R,-,4,121.0,,4,6/1,0.15488795339541606,11/2,6.46,0.25960609362613246,3/1,0.29887539621265113,5/2,US,2026-05-11,UK (base),horse_win_predictor.pkl,75,Thistledown,17:50,Claiming 8f,Claiming,Dirt,,8.0,8f,Classic
Panthera's Fate,Parker Deshawn L,Urieta Johanna,-,6,119.0,,5,10/1,0.14570310838967554,6/1,6.86,0.24528207846588512,3/1,0.2826241922444637,5/2,US,2026-05-11,UK (base),horse_win_predictor.pkl,75,Thistledown,17:50,Claiming 8f,Claiming,Dirt,,8.0,8f,Classic
Dream Knight,Salazar Becerra Fernando,Vecchio Caryn,-,6,119.0,,6,5/2,0.18014627716120252,9/2,5.55,0.2983011539501319,5/2,0.34260923274598043,2/1,US,2026-05-11,UK (base),horse_win_predictor.pkl,75,Thistledown,17:50,Claiming 8f,Claiming,Dirt,,8.0,8f,Classic
Storm Search,Diaz Angel I,Carrington Dale,-,3,119.0,,1,12/1,0.09967240872713508,9/1,10.03,0.1714626644596679,5/1,0.1983840103593677,4/1,US,2026-05-11,UK (base),horse_win_predictor.pkl,75,Thistledown,18:20,Maiden Special Weight 6f,Maiden Special Weight,Dirt,,6.0,6f,Sprint
Beachglass,Bowen Rocco,Hamm Timothy E,-,3,119.0,,2,3/1,0.1294908839187446,13/2,7.72,0.21966927983929407,7/2,0.2534861783095001,3/1,US,2026-05-11,UK (base),horse_win_predictor.pkl,75,Thistledown,18:20,Maiden Special Weight 6f,Maiden Special Weight,Dirt,,6.0,6f,Sprint
Ravishing Ruby,Rodriguez Anthony,Juarez Lorenzo,-,3,119.0,,3,10/1,0.10208198247999242,9/1,9.8,0.17541098354634999,9/2,0.20290935894623408,4/1,US,2026-05-11,UK (base),horse_win_predictor.pkl,75,Thistledown,18:20,Maiden Special Weight 6f,Maiden Special Weight,Dirt,,6.0,6f,Sprint
Electric Eden,Tapara Brandon,Zielinski Richard,-,3,119.0,,4,6/1,0.11103182784774823,8/1,9.01,0.18999483668977724,9/2,0.2196059650055381,7/2,US,2026-05-11,UK (base),horse_win_predictor.pkl,75,Thistledown,18:20,Maiden Special Weight 6f,Maiden Special Weight,Dirt,,6.0,6f,Sprint
Seyval Blanc,Rosendo Irwin J,Rone Michael L,-,3,119.0,,5,15/1,0.09718753579450096,19/2,10.29,0.1673812307390558,5/1,0.19370386634326386,4/1,US,2026-05-11,UK (base),horse_win_predictor.pkl,75,Thistledown,18:20,Maiden Special Weight 6f,Maiden Special Weight,Dirt,,6.0,6f,Sprint
Instant Winner,Rivera Luis R,Rone Michael L,-,3,119.0,,6,20/1,0.09462377800686257,19/2,10.57,0.16315987292091902,5/1,0.1888609085136902,9/2,US,2026-05-11,UK (base),horse_win_predictor.pkl,75,Thistledown,18:20,Maiden Special Weight 6f,Maiden Special Weight,Dirt,,6.0,6f,Sprint
Kiddie Cocktail,Barbaran Erik,Gorham Robert M,-,3,119.0,,7,5/2,0.13564390260907672,13/2,7.37,0.22943961004432153,7/2,0.2646130003325383,3/1,US,2026-05-11,UK (base),horse_win_predictor.pkl,75,Thistledown,18:20,Maiden Special Weight 6f,Maiden Special Weight,Dirt,,6.0,6f,Sprint
Golden Is Thy Fame,Bracho Jose A,Tooley Jennifer,-,3,119.0,,8,8/1,0.10556247790078635,17/2,9.47,0.18109771082897225,9/2,0.20942342317704196,4/1,US,2026-05-11,UK (base),horse_win_predictor.pkl,75,Thistledown,18:20,Maiden Special Weight 6f,Maiden Special Weight,Dirt,,6.0,6f,Sprint
Dollar Dance,Salazar Becerra Fernando,Morales Saul M,-,4,123.0,,9,7/2,0.12470520271515295,7/1,8.02,0.2120282548198934,7/2,0.24477439935917106,3/1,US,2026-05-11,UK (base),horse_win_predictor.pkl,75,Thistledown,18:20,Maiden Special Weight 6f,Maiden Special Weight,Dirt,,6.0,6f,Sprint
Shiloh,Salazar Becerra Fernando,Rivera Nestor R,-,6,119.0,,1,10/1,0.1130582066690232,8/1,8.85,0.19327904552806935,4/1,0.22336186010021164,7/2,US,2026-05-11,UK (base),horse_win_predictor.pkl,75,Thistledown,18:50,Allowance 6f,Allowance,Dirt,,6.0,6f,Sprint
Mima Princess,Martinez Miguel L,Bouali Wajdi,-,4,119.0,,2,20/1,0.10551726169435607,17/2,9.48,0.18102395703746077,9/2,0.209338967791125,4/1,US,2026-05-11,UK (base),horse_win_predictor.pkl,75,Thistledown,18:50,Allowance 6f,Allowance,Dirt,,6.0,6f,Sprint
Pincara,Batista Luis A,Campbell Anthony L,-,4,119.0,,3,15/1,0.1081094615293979,8/1,9.25,0.18524690621517514,9/2,0.2141734479723416,7/2,US,2026-05-11,UK (base),horse_win_predictor.pkl,75,Thistledown,18:50,Allowance 6f,Allowance,Dirt,,6.0,6f,Sprint
Tale Of Lemonbelle,Skerrett Jefferson,Skerrett Jeffrey,-,3,110.0,,4,6/1,0.12210734063862377,7/1,8.19,0.2078650510392533,4/1,0.24002419243948936,3/1,US,2026-05-11,UK (base),horse_win_predictor.pkl,75,Thistledown,18:50,Allowance 6f,Allowance,Dirt,,6.0,6f,Sprint
Honduras Passion,Gonzalez Luis A,Puhl Kim A,-,5,119.0,,5,5/1,0.12625486037469072,7/1,7.92,0.2145065168598572,7/2,0.24760088804179461,3/1,US,2026-05-11,UK (base),horse_win_predictor.pkl,75,Thistledown,18:50,Allowance 6f,Allowance,Dirt,,6.0,6f,Sprint
Taqdeer,Fernandez Victor R,Cline Robert C,-,4,123.0,,6,2/1,0.15528749852715917,11/2,6.44,0.26022613158982855,3/1,0.29957811898832953,5/2,US,2026-05-11,UK (base),horse_win_predictor.pkl,75,Thistledown,18:50,Allowance 6f,Allowance,Dirt,,6.0,6f,Sprint
Name Dropper,Bowen Rocco,Hamm Timothy E,-,3,115.0,,7,9/2,0.1288941911158242,7/1,7.76,0.21871857400576147,7/2,0.25240271758948796,3/1,US,2026-05-11,UK (base),horse_win_predictor.pkl,75,Thistledown,18:50,Allowance 6f,Allowance,Dirt,,6.0,6f,Sprint
Honor And Obay,Chavez Alexander,Morales Saul M,-,3,115.0,,8,3/1,0.14077117945092493,6/1,7.1,0.23753490304046126,3/1,0.2738212993865374,5/2,US,2026-05-11,UK (base),horse_win_predictor.pkl,75,Thistledown,18:50,Allowance 6f,Allowance,Dirt,,6.0,6f,Sprint
Strategic Profile,"Diaz, Jr. Hector R",Hamm Timothy E,-,3,115.0,,1,8/1,0.11649892230536624,15/2,8.58,0.19884046103100983,4/1,0.22971853805312617,7/2,US,2026-05-11,UK (base),horse_win_predictor.pkl,75,Thistledown,19:20,Allowance 6f,Allowance,Dirt,,6.0,6f,Sprint
Unbridled O'brien,Salazar Becerra Fernando,Calderon Ivan,-,3,115.0,,2,8/1,0.11649892230536624,15/2,8.58,0.19884046103100983,4/1,0.22971853805312617,7/2,US,2026-05-11,UK (base),horse_win_predictor.pkl,75,Thistledown,19:20,Allowance 6f,Allowance,Dirt,,6.0,6f,Sprint
Leavetheninetynine,Rivera Luis R,Radosevich Jeffrey A,-,3,115.0,,3,4/1,0.13192028237188144,13/2,7.58,0.22353413954852505,7/2,0.2578893359897664,3/1,US,2026-05-11,UK (base),horse_win_predictor.pkl,75,Thistledown,19:20,Allowance 6f,Allowance,Dirt,,6.0,6f,Sprint
Workstation,Batista Luis A,Dacosta Jason,-,3,115.0,,4,12/1,0.11056762997209116,8/1,9.04,0.18924157331164787,9/2,0.21874430206398163,7/2,US,2026-05-11,UK (base),horse_win_predictor.pkl,75,Thistledown,19:20,Allowance 6f,Allowance,Dirt,,6.0,6f,Sprint
Wisley,Tapara Brandon,Zielinski Richard,-,3,115.0,,5,6/1,0.12200655090055022,7/1,8.2,0.20770331285087157,4/1,0.23983959858224208,3/1,US,2026-05-11,UK (base),horse_win_predictor.pkl,75,Thistledown,19:20,Allowance 6f,Allowance,Dirt,,6.0,6f,Sprint
Biscuits 'n Gravy,Houghton T. D,Jackson James R,-,3,115.0,,6,3/1,0.14059479740929623,6/1,7.11,0.2372571176898844,3/1,0.2735054877951049,5/2,US,2026-05-11,UK (base),horse_win_predictor.pkl,75,Thistledown,19:20,Allowance 6f,Allowance,Dirt,,6.0,6f,Sprint
Little Shance,Weatherly Bailey,Reed Eric R,-,4,119.0,,7,7/2,0.13577562238851024,13/2,7.37,0.22964810459132856,7/2,0.2648502854173854,3/1,US,2026-05-11,UK (base),horse_win_predictor.pkl,75,Thistledown,19:20,Allowance 6f,Allowance,Dirt,,6.0,6f,Sprint
Secret Caller,Chavez Alexander,Rivera Nestor R,-,4,114.0,,8,5/1,0.12613727234693822,7/1,7.93,0.21431860104438827,7/2,0.24738659930593204,3/1,US,2026-05-11,UK (base),horse_win_predictor.pkl,75,Thistledown,19:20,Allowance 6f,Allowance,Dirt,,6.0,6f,Sprint
Miesha,Rivera Luis R,Rone Michael L,-,5,123.0,,1,7/2,0.13582726785058527,13/2,7.36,0.2297298447776498,7/2,0.264943311125299,3/1,US,2026-05-11,UK (base),horse_win_predictor.pkl,75,Thistledown,19:50,Allowance 6f,Allowance,Dirt,,6.0,6f,Sprint
Lo Bug,Bracho Jose A,Zielinski Richard,-,4,119.0,,2,6/1,0.12203975155474131,7/1,8.19,0.20775659203089997,4/1,0.23990040720945946,3/1,US,2026-05-11,UK (base),horse_win_predictor.pkl,75,Thistledown,19:50,Allowance 6f,Allowance,Dirt,,6.0,6f,Sprint
Belle Bottoms,Salazar Becerra Fernando,Rivera Nestor R,-,4,119.0,,3,4/1,0.13196676328774895,13/2,7.58,0.22360799262783232,7/2,0.25797345363036356,3/1,US,2026-05-11,UK (base),horse_win_predictor.pkl,75,Thistledown,19:50,Allowance 6f,Allowance,Dirt,,6.0,6f,Sprint
Anotherhope,Chavez Alexander,Meyers Shane,-,4,119.0,,4,9/2,0.12880816864542835,7/1,7.76,0.21858146811393975,7/2,0.25224645541463153,3/1,US,2026-05-11,UK (base),horse_win_predictor.pkl,75,Thistledown,19:50,Allowance 6f,Allowance,Dirt,,6.0,6f,Sprint
Queenofthebuckeye,Skerrett Jefferson,Skerrett Jeffrey,-,7,118.0,,5,15/1,0.10807989130519932,17/2,9.25,0.1851987940257238,9/2,0.2141183825459205,7/2,US,2026-05-11,UK (base),horse_win_predictor.pkl,75,Thistledown,19:50,Allowance 6f,Allowance,Dirt,,6.0,6f,Sprint
Kissin Cash,Gonzalez Luis A,Puhl Kim A,-,4,119.0,,6,3/1,0.14065289855413063,6/1,7.11,0.23734862710009227,3/1,0.2736095253048279,5/2,US,2026-05-11,UK (base),horse_win_predictor.pkl,75,Thistledown,19:50,Allowance 6f,Allowance,Dirt,,6.0,6f,Sprint
Sushi Q,Batista Luis A,Morales Saul M,-,8,119.0,,7,6/1,0.12203975155474131,7/1,8.19,0.20775659203089997,4/1,0.23990040720945946,3/1,US,2026-05-11,UK (base),horse_win_predictor.pkl,75,Thistledown,19:50,Allowance 6f,Allowance,Dirt,,6.0,6f,Sprint
Oh Glorious Day,Keiser Chelsey,Vazquez Ivan,-,5,119.0,,8,12/1,0.11058550724742482,8/1,9.04,0.1892705895148285,9/2,0.21877749536510488,7/2,US,2026-05-11,UK (base),horse_win_predictor.pkl,75,Thistledown,19:50,Allowance 6f,Allowance,Dirt,,6.0,6f,Sprint
General Winston,Terraza German,Schuster Robin,-,8,119.0,,1,10/1,0.11309231418373725,8/1,8.84,0.19333426830878053,4/1,0.22342500110567176,7/2,US,2026-05-11,UK (base),horse_win_predictor.pkl,75,Thistledown,20:20,Claiming 6f,Claiming,Dirt,,6.0,6f,Sprint
Quiet Amigo,Simpson Jason,Bailey Ricardo,-,8,119.0,,2,4/1,0.13213642453755528,13/2,7.57,0.22387753641594427,7/2,0.2582804533703401,3/1,US,2026-05-11,UK (base),horse_win_predictor.pkl,75,Thistledown,20:20,Claiming 6f,Claiming,Dirt,,6.0,6f,Sprint
Rumble Strip Ron,Skerrett Jefferson,Johnson Gary L,-,7,114.0,,3,3/1,0.14086497511638854,6/1,7.1,0.23768260223786677,3/1,0.2739892124084211,5/2,US,2026-05-11,UK (base),horse_win_predictor.pkl,75,Thistledown,20:20,Claiming 6f,Claiming,Dirt,,6.0,6f,Sprint
Pecks Not Bad,Parker Deshawn L,Jackson James R,-,8,119.0,,4,8/1,0.11661900128629614,15/2,8.57,0.19903420914652253,4/1,0.22993991209410744,7/2,US,2026-05-11,UK (base),horse_win_predictor.pkl,75,Thistledown,20:20,Claiming 6f,Claiming,Dirt,,6.0,6f,Sprint
Private Drive,Fuentes Erick,Winters Michelle,-,10,114.0,,5,9/2,0.12896240614525226,7/1,7.75,0.21882728930243567,7/2,0.2525266204863794,3/1,US,2026-05-11,UK (base),horse_win_predictor.pkl,75,Thistledown,20:20,Claiming 6f,Claiming,Dirt,,6.0,6f,Sprint
Weekend Buzz,Bowen Rocco,Calderon Ivan,-,8,119.0,,6,5/2,0.14709965410126946,6/1,6.8,0.24746873079291454,3/1,0.2851071345522814,5/2,US,2026-05-11,UK (base),horse_win_predictor.pkl,75,Thistledown,20:20,Claiming 6f,Claiming,Dirt,,6.0,6f,Sprint
Stone Cold Cat,"Diaz, Jr. Hector R",Calderon Ivan,-,10,119.0,,7,10/1,0.11309231418373725,8/1,8.84,0.19333426830878053,4/1,0.22342500110567176,7/2,US,2026-05-11,UK (base),horse_win_predictor.pkl,75,Thistledown,20:20,Claiming 6f,Claiming,Dirt,,6.0,6f,Sprint
Powerful Phil,Cedillo Mauro,Johnson Gary L,-,7,119.0,,8,15/1,0.1081329104457638,8/1,9.25,0.1852850577451976,9/2,0.21421711298248527,7/2,US,2026-05-11,UK (base),horse_win_predictor.pkl,75,Thistledown,20:20,Claiming 6f,Claiming,Dirt,,6.0,6f,Sprint
Odds On Capitalism,"Bartlett, Jaso","Engblom, Per",-,7,0.0,,1,5/2,0.15317250276837324,11/2,6.53,0.25694105249960997,3/1,0.29585425864882375,5/2,US,2026-05-11,UK (base),horse_win_predictor.pkl,75,Yonkers Raceway,22:45,Pace 1m,Pace,Dirt,,8.0,1m,Classic
Brutallyhandsome A,"Bongiorno, Joe","Dilloian, Doug",-,8,0.0,,2,9/2,0.13282694620613653,13/2,7.53,0.22497410506028745,7/2,0.259529289630594,3/1,US,2026-05-11,UK (base),horse_win_predictor.pkl,75,Yonkers Raceway,22:45,Pace 1m,Pace,Dirt,,8.0,1m,Classic
Kopi Luwak,"Holland, Brent","Laterza, Denni",-,6,0.0,,3,4/1,0.13638741860452794,13/2,7.33,0.2306161311252649,7/2,0.2659518983205413,3/1,US,2026-05-11,UK (base),horse_win_predictor.pkl,75,Yonkers Raceway,22:45,Pace 1m,Pace,Dirt,,8.0,1m,Classic
Shipmaster,"Kakaley, Matt","Alexander, Tra",-,4,0.0,,4,6/1,0.12519736249529773,7/1,7.99,0.21281574883091273,7/2,0.24567264370676833,3/1,US,2026-05-11,UK (base),horse_win_predictor.pkl,75,Yonkers Raceway,22:45,Pace 1m,Pace,Dirt,,8.0,1m,Classic
Music Hall,"Siegelman, Aus","Height, Chris",-,6,0.0,,5,15/1,0.10946134609169277,8/1,9.14,0.18744499393448272,9/2,0.21668886187552894,7/2,US,2026-05-11,UK (base),horse_win_predictor.pkl,75,Yonkers Raceway,22:45,Pace 1m,Pace,Dirt,,8.0,1m,Classic
Bet On Big Joe,"Kelly, Colin","Bako, Jared",-,5,0.0,,6,5/1,0.12985988587414365,13/2,7.7,0.2202569226060621,7/2,0.2541558113805315,3/1,US,2026-05-11,UK (base),horse_win_predictor.pkl,75,Yonkers Raceway,22:45,Pace 1m,Pace,Dirt,,8.0,1m,Classic
The Ideal Dancer A,"Lachance, Pat","Lachance, Pat",-,11,0.0,,7,20/1,0.10654726897991407,17/2,9.39,0.18270322774218278,9/2,0.21126171227803356,7/2,US,2026-05-11,UK (base),horse_win_predictor.pkl,75,Yonkers Raceway,22:45,Pace 1m,Pace,Dirt,,8.0,1m,Classic
Peace Out Posse,"Stratton, Jord","Stratton, Cory",-,11,0.0,,8,20/1,0.10654726897991407,17/2,9.39,0.18270322774218278,9/2,0.21126171227803356,7/2,US,2026-05-11,UK (base),horse_win_predictor.pkl,75,Yonkers Raceway,22:45,Pace 1m,Pace,Dirt,,8.0,1m,Classic
Ourmatemenko N,"Stratton, Jord","Stratton, Cory",-,7,0.0,,1,6/1,0.1360332294911734,13/2,7.35,0.23005578146347355,7/2,0.2653142384530861,3/1,US,2026-05-11,UK (base),horse_win_predictor.pkl,75,Yonkers Raceway,23:05,Pace 1m,Pace,Dirt,,8.0,1m,Classic
Manferno,"Buter, Tyler","Adamczyk, Andr",-,6,0.0,,2,5/2,0.16095534787123572,5/1,6.21,0.2689943269615439,5/2,0.30950894412040947,2/1,US,2026-05-11,UK (base),horse_win_predictor.pkl,75,Yonkers Raceway,23:05,Pace 1m,Pace,Dirt,,8.0,1m,Classic
Samhara N,"Bongiorno, Joe","Hudson, Lance",-,9,0.0,,3,5/1,0.14018691588785048,6/1,7.13,0.23661455148921307,3/1,0.27277491483972405,5/2,US,2026-05-11,UK (base),horse_win_predictor.pkl,75,Yonkers Raceway,23:05,Pace 1m,Pace,Dirt,,8.0,1m,Classic
Alta Classic A,"Holland, Brent","Laterza, Denni",-,8,0.0,,4,3/1,0.15472481827622014,11/2,6.46,0.2593528573847088,3/1,0.29858837205039207,5/2,US,2026-05-11,UK (base),horse_win_predictor.pkl,75,Yonkers Raceway,23:05,Pace 1m,Pace,Dirt,,8.0,1m,Classic
Overthinking,"Bartlett, Jaso","Engblom, Per",-,5,0.0,,5,2/1,0.16926272066458983,5/1,5.91,0.28175300231083855,5/2,0.32393685792818183,2/1,US,2026-05-11,UK (base),horse_win_predictor.pkl,75,Yonkers Raceway,23:05,Pace 1m,Pace,Dirt,,8.0,1m,Classic
Ameritric,"Kakaley, Matt","Height, Chris",-,5,0.0,,6,20/1,0.11941848390446522,15/2,8.37,0.20354465158960458,4/1,0.23509196447153186,7/2,US,2026-05-11,UK (base),horse_win_predictor.pkl,75,Yonkers Raceway,23:05,Pace 1m,Pace,Dirt,,8.0,1m,Classic
All Alone,"Siegelman, Aus","Sodano, Nichol",-,6,0.0,,7,20/1,0.11941848390446522,15/2,8.37,0.20354465158960458,4/1,0.23509196447153186,7/2,US,2026-05-11,UK (base),horse_win_predictor.pkl,75,Yonkers Raceway,23:05,Pace 1m,Pace,Dirt,,8.0,1m,Classic
Heza Risk Taker A,"Stratton, Jord","Height, Chris",-,6,0.0,,1,5/1,0.12705851012302627,7/1,7.87,0.21579022622570077,7/2,0.2490646197642037,3/1,US,2026-05-11,UK (base),horse_win_predictor.pkl,75,Yonkers Raceway,23:25,Pace 1m,Pace,Dirt,,8.0,1m,Classic
Venturesome Arden N,"Holland, Brent","Bucci, Ricky",-,7,0.0,,2,9/2,0.12977089993219026,13/2,7.71,0.22011523070257405,7/2,0.253994354741468,3/1,US,2026-05-11,UK (base),horse_win_predictor.pkl,75,Yonkers Raceway,23:25,Pace 1m,Pace,Dirt,,8.0,1m,Classic
Intimidation,"Siegelman, Aus","Blumenfeld, Pa",-,6,0.0,,3,20/1,0.10574687590816623,17/2,9.46,0.18139845522322953,9/2,0.20976779746637828,4/1,US,2026-05-11,UK (base),horse_win_predictor.pkl,75,Yonkers Raceway,23:25,Pace 1m,Pace,Dirt,,8.0,1m,Classic
Coalford Topguy Gb,"Bartlett, Jaso","Engblom, Per",-,6,0.0,,4,7/5,0.1718129419742323,5/1,5.82,0.28564754592974545,5/2,0.32833552241306285,2/1,US,2026-05-11,UK (base),horse_win_predictor.pkl,75,Yonkers Raceway,23:25,Pace 1m,Pace,Dirt,,8.0,1m,Classic
Mac's Marvel,"Lachance, Pat","Lachance, Pat",-,7,0.0,,5,7/2,0.13700393942329425,13/2,7.3,0.2315910274279283,7/2,0.26706118542966606,5/2,US,2026-05-11,UK (base),horse_win_predictor.pkl,75,Yonkers Raceway,23:25,Pace 1m,Pace,Dirt,,8.0,1m,Classic
Kimble A,"Kakaley, Matt","Di Domenico, S",-,9,0.0,,6,20/1,0.10574687590816623,17/2,9.46,0.18139845522322953,9/2,0.20976779746637828,4/1,US,2026-05-11,UK (base),horse_win_predictor.pkl,75,Yonkers Raceway,23:25,Pace 1m,Pace,Dirt,,8.0,1m,Classic
Stellar Yankee,"Buter, Tyler","Stratton, Cory",-,8,0.0,,7,8/1,0.11711308082275823,15/2,8.54,0.19983116652112648,4/1,0.23085044865801457,7/2,US,2026-05-11,UK (base),horse_win_predictor.pkl,75,Yonkers Raceway,23:25,Pace 1m,Pace,Dirt,,8.0,1m,Classic
Royal Desire,"Marohn, Jim Jr","La Montagne, K",-,5,0.0,,8,20/1,0.10574687590816623,17/2,9.46,0.18139845522322953,9/2,0.20976779746637828,4/1,US,2026-05-11,UK (base),horse_win_predictor.pkl,75,Yonkers Raceway,23:25,Pace 1m,Pace,Dirt,,8.0,1m,Classic
Sinbad N,"Marohn, Jim Jr","Tritton, Peter",-,7,0.0,,1,5/2,0.16384677360287114,5/1,6.1,0.27344758030911165,5/2,0.31454788282395185,2/1,US,2026-05-11,UK (base),horse_win_predictor.pkl,75,Yonkers Raceway,23:45,Pace 1m,Pace,Dirt,,8.0,1m,Classic
Orlando Blue A,"Kakaley, Matt","Abbatiello, Ag",-,9,0.0,,2,5/1,0.14187358089797114,6/1,7.05,0.2392699552508975,3/1,0.2757935956332449,5/2,US,2026-05-11,UK (base),horse_win_predictor.pkl,75,Yonkers Raceway,23:45,Pace 1m,Pace,Dirt,,8.0,1m,Classic
My Ultimate Byron A,"Siegelman, Aus","Bucci, Ricky",-,8,0.0,,3,8/1,0.13161942430235113,13/2,7.6,0.22305602546128617,7/2,0.2573447508958868,3/1,US,2026-05-11,UK (base),horse_win_predictor.pkl,75,Yonkers Raceway,23:45,Pace 1m,Pace,Dirt,,8.0,1m,Classic
Be Dazzled Lou A,"Bongiorno, Joe","Bongiorno, Joe",-,7,0.0,,4,3/1,0.15725481579140116,11/2,6.36,0.2632754067528521,3/1,0.3030331283633962,5/2,US,2026-05-11,UK (base),horse_win_predictor.pkl,75,Yonkers Raceway,23:45,Pace 1m,Pace,Dirt,,8.0,1m,Classic
Quote Me Not N,"Bartlett, Jaso","Engblom, Per",-,4,0.0,,5,4/1,0.14802607485534314,6/1,6.76,0.24891755966995394,3/1,0.286751866475433,5/2,US,2026-05-11,UK (base),horse_win_predictor.pkl,75,Yonkers Raceway,23:45,Pace 1m,Pace,Dirt,,8.0,1m,Classic
Curly James A,"Kelly, Colin","Bako, Jared",-,9,0.0,,6,6/1,0.13747894235699115,13/2,7.27,0.23234172856930657,7/2,0.26791527339892485,5/2,US,2026-05-11,UK (base),horse_win_predictor.pkl,75,Yonkers Raceway,23:45,Pace 1m,Pace,Dirt,,8.0,1m,Classic
Shakespeare,"Brennan, Georg","Di Domenico, S",-,8,0.0,,7,20/1,0.11990038819307111,15/2,8.34,0.20431981627644868,4/1,0.23597710180771528,3/1,US,2026-05-11,UK (base),horse_win_predictor.pkl,75,Yonkers Raceway,23:45,Pace 1m,Pace,Dirt,,8.0,1m,Classic
Gothic Rock,"Holland, Brent","Bucci, Ricky",-,11,0.0,,1,6/1,0.12230059212817834,7/1,8.18,0.20817511796279858,4/1,0.24037806515078117,3/1,US,2026-05-11,UK (base),horse_win_predictor.pkl,75,Yonkers Raceway,00:05,Pace 1m,Pace,Dirt,,8.0,1m,Classic
Aladdin,"Lachance, Pat","Mc Dermott, Jo",-,7,0.0,,2,15/1,0.10819400905607802,8/1,9.24,0.1853844614244391,9/2,0.2143308810625745,7/2,US,2026-05-11,UK (base),horse_win_predictor.pkl,75,Yonkers Raceway,00:05,Pace 1m,Pace,Dirt,,8.0,1m,Classic
Deedenuto A,"Siegelman, Aus","Siegelman, Jam",-,13,0.0,,3,20/1,0.10558167885754093,17/2,9.47,0.18112902921527216,9/2,0.20945928559942137,4/1,US,2026-05-11,UK (base),horse_win_predictor.pkl,75,Yonkers Raceway,00:05,Pace 1m,Pace,Dirt,,8.0,1m,Classic
Saranac Blue Chip,"Brennan, Georg","Di Domenico, S",-,8,0.0,,4,5/1,0.12648032044583768,7/1,7.91,0.2148667596344424,7/2,0.24801167433016919,3/1,US,2026-05-11,UK (base),horse_win_predictor.pkl,75,Yonkers Raceway,00:05,Pace 1m,Pace,Dirt,,8.0,1m,Classic
Shine A Light,"Bartlett, Jaso","Stafford, Paul",-,9,0.0,,5,3/5,0.20694009056078022,4/1,4.83,0.33823280214436124,2/1,0.3874675689882041,3/2,US,2026-05-11,UK (base),horse_win_predictor.pkl,75,Yonkers Raceway,00:05,Pace 1m,Pace,Dirt,,8.0,1m,Classic
Hugh Heston,"Kakaley, Matt","Alexander, Tra",-,5,0.0,,6,20/1,0.10558167885754093,17/2,9.47,0.18112902921527216,9/2,0.20945928559942137,4/1,US,2026-05-11,UK (base),horse_win_predictor.pkl,75,Yonkers Raceway,00:05,Pace 1m,Pace,Dirt,,8.0,1m,Classic
Manalou,"Buter, Tyler","Corelli, Thoma",-,5,0.0,,7,8/1,0.11672762103796587,15/2,8.57,0.1992094478577922,4/1,0.23014013291522709,7/2,US,2026-05-11,UK (base),horse_win_predictor.pkl,75,Yonkers Raceway,00:05,Pace 1m,Pace,Dirt,,8.0,1m,Classic
Cowboy Cargo,"Bongiorno, Joe","Estrada, Izzy",-,5,0.0,,8,15/1,0.10819400905607802,8/1,9.24,0.1853844614244391,9/2,0.2143308810625745,7/2,US,2026-05-11,UK (base),horse_win_predictor.pkl,75,Yonkers Raceway,00:05,Pace 1m,Pace,Dirt,,8.0,1m,Classic
Itza Dangerzone A,"Tritton, Laure","Tritton, Shane",-,8,0.0,,1,9/2,0.1311472237367312,13/2,7.63,0.2223053272910344,7/2,0.2564896161238981,3/1,US,2026-05-11,UK (base),horse_win_predictor.pkl,75,Yonkers Raceway,00:25,Pace 1m,Pace,Dirt,,8.0,1m,Classic
Himself N,"Stratton, Jord","Hudson, Lance",-,9,0.0,,2,3/1,0.1438690993046721,6/1,6.95,0.2424057245606197,3/1,0.27935695903160007,5/2,US,2026-05-11,UK (base),horse_win_predictor.pkl,75,Yonkers Raceway,00:25,Pace 1m,Pace,Dirt,,8.0,1m,Classic
The Bigboss A,"Kakaley, Matt","Height, Chris",-,6,0.0,,3,5/1,0.1283201402771888,7/1,7.79,0.2178034057783339,7/2,0.2513596303412633,3/1,US,2026-05-11,UK (base),horse_win_predictor.pkl,75,Yonkers Raceway,00:25,Pace 1m,Pace,Dirt,,8.0,1m,Classic
Rolling With Sam,"Bongiorno, Joe","Adamczyk, Andr",-,9,0.0,,4,4/1,0.13453972388818214,13/2,7.43,0.22769075315560122,7/2,0.26262238913088337,3/1,US,2026-05-11,UK (base),horse_win_predictor.pkl,75,Yonkers Raceway,00:25,Pace 1m,Pace,Dirt,,8.0,1m,Classic
Texas Holdem,"Buter, Tyler","Schnittker, Ra",-,5,0.0,,5,10/1,0.11418472297947672,8/1,8.76,0.19510198059353823,4/1,0.2254459521988113,7/2,US,2026-05-11,UK (base),horse_win_predictor.pkl,75,Yonkers Raceway,00:25,Pace 1m,Pace,Dirt,,8.0,1m,Classic
Gds Thunder Gb,"Siegelman, Aus","Koch, Ken",-,8,0.0,,6,8/1,0.11795416759219994,15/2,8.48,0.20118695314406487,4/1,0.23239924772601422,7/2,US,2026-05-11,UK (base),horse_win_predictor.pkl,75,Yonkers Raceway,00:25,Pace 1m,Pace,Dirt,,8.0,1m,Classic
Majorcrowdcontrl A,"Bartlett, Jaso","Dilloian, Doug",-,7,0.0,,7,6/1,0.12387758055505071,7/1,8.07,0.21070312102775285,7/2,0.24326269870501616,3/1,US,2026-05-11,UK (base),horse_win_predictor.pkl,75,Yonkers Raceway,00:25,Pace 1m,Pace,Dirt,,8.0,1m,Classic
Mysweetboymax,"Kelly, Colin","Daguet, Debora",-,8,0.0,,8,20/1,0.10610734166649839,17/2,9.42,0.1819862006352723,9/2,0.21044077274856252,4/1,US,2026-05-11,UK (base),horse_win_predictor.pkl,75,Yonkers Raceway,00:25,Pace 1m,Pace,Dirt,,8.0,1m,Classic
Boston Bound,"Bartlett, Jaso","Height, Chris",-,6,0.0,,1,9/5,0.17601780773471468,9/2,5.68,0.2920462390106985,5/2,0.3355569007391924,2/1,US,2026-05-11,UK (base),horse_win_predictor.pkl,75,Yonkers Raceway,00:45,Pace 1m,Pace,Dirt,,8.0,1m,Classic
Matai Phil N,"Holland, Brent","Abbatiello, Ag",-,6,0.0,,2,7/2,0.15149750012135332,11/2,6.6,0.2543343061840204,3/1,0.29289810845752057,5/2,US,2026-05-11,UK (base),horse_win_predictor.pkl,75,Yonkers Raceway,00:45,Pace 1m,Pace,Dirt,,8.0,1m,Classic
Boxer Seelster,"Lachance, Pat","Lachance, Pat",-,4,0.0,,3,6/1,0.13707378976055254,13/2,7.3,0.23170144249753846,7/2,0.26718681227390817,5/2,US,2026-05-11,UK (base),horse_win_predictor.pkl,75,Yonkers Raceway,00:45,Pace 1m,Pace,Dirt,,8.0,1m,Classic
Renaldo N,"Tritton, Laure","Tritton, Shane",-,5,0.0,,4,3/1,0.15654579874763364,11/2,6.39,0.26217716806131286,3/1,0.3017889315539426,5/2,US,2026-05-11,UK (base),horse_win_predictor.pkl,75,Yonkers Raceway,00:45,Pace 1m,Pace,Dirt,,8.0,1m,Classic
Escape To America,"Buter, Tyler","Daguet, Debora",-,5,0.0,,5,12/1,0.1250910149992719,7/1,7.99,0.21264561737185095,7/2,0.2454785932615681,3/1,US,2026-05-11,UK (base),horse_win_predictor.pkl,75,Yonkers Raceway,00:45,Pace 1m,Pace,Dirt,,8.0,1m,Classic
Little Willy,"Kelly, Colin","Bako, Jared",-,8,0.0,,6,8/1,0.13130430561623221,13/2,7.62,0.22255509357052927,7/2,0.25677413905339064,3/1,US,2026-05-11,UK (base),horse_win_predictor.pkl,75,Yonkers Raceway,00:45,Pace 1m,Pace,Dirt,,8.0,1m,Classic
Soho Dow Jones A,"Zeron, Scott","Dilloian, Doug",-,8,0.0,,7,15/1,0.12246978302024175,7/1,8.17,0.20844653123401508,4/1,0.24068781181418009,3/1,US,2026-05-11,UK (base),horse_win_predictor.pkl,75,Yonkers Raceway,00:45,Pace 1m,Pace,Dirt,,8.0,1m,Classic
Endofstory,"Zeron, Scott","Dilloian, Doug",-,5,0.0,,1,4/1,0.13287179863865628,13/2,7.53,0.225045305650804,7/2,0.25961037078035937,3/1,US,2026-05-11,UK (base),horse_win_predictor.pkl,75,Yonkers Raceway,01:05,Pace 1m,Pace,Dirt,,8.0,1m,Classic
The Greek Freak,"Kakaley, Matt","Alexander, Tra",-,9,0.0,,2,6/1,0.12268620537681797,7/1,8.15,0.20879364568646214,4/1,0.2410839358025787,3/1,US,2026-05-11,UK (base),horse_win_predictor.pkl,75,Yonkers Raceway,01:05,Pace 1m,Pace,Dirt,,8.0,1m,Classic
Vicious,"Buter, Tyler","Adamczyk, Andr",-,7,0.0,,3,5/1,0.1269302025692506,7/1,7.88,0.21558534356523432,7/2,0.2488310214387282,3/1,US,2026-05-11,UK (base),horse_win_predictor.pkl,75,Yonkers Raceway,01:05,Pace 1m,Pace,Dirt,,8.0,1m,Classic
Copperfield,"Bartlett, Jaso","Engblom, Per",-,5,0.0,,4,3/1,0.1417841927427648,6/1,7.05,0.23912934108760267,3/1,0.2756337717169169,5/2,US,2026-05-11,UK (base),horse_win_predictor.pkl,75,Yonkers Raceway,01:05,Pace 1m,Pace,Dirt,,8.0,1m,Classic
Twisted Destiny,"Marohn, Jim Jr","Ryder, Chris",-,4,0.0,,5,7/2,0.13683286268492673,13/2,7.31,0.2313205669844265,7/2,0.2667534560967389,5/2,US,2026-05-11,UK (base),horse_win_predictor.pkl,75,Yonkers Raceway,01:05,Pace 1m,Pace,Dirt,,8.0,1m,Classic
Its A Me Mario,"Tritton, Laure","Tritton, Shane",-,6,0.0,,6,12/1,0.11093359776700457,8/1,9.01,0.18983546548978297,9/2,0.21942366588582488,7/2,US,2026-05-11,UK (base),horse_win_predictor.pkl,75,Yonkers Raceway,01:05,Pace 1m,Pace,Dirt,,8.0,1m,Classic
Kwick Sand A,"Stratton, Jord","Stratton, Cory",-,5,0.0,,7,8/1,0.11702754245357447,15/2,8.54,0.19969321986225552,4/1,0.23069284889051092,7/2,US,2026-05-11,UK (base),horse_win_predictor.pkl,75,Yonkers Raceway,01:05,Pace 1m,Pace,Dirt,,8.0,1m,Classic
Jabbar,"Holland, Brent","Mac Kenzie, Bi",-,5,0.0,,8,12/1,0.11093359776700457,8/1,9.01,0.18983546548978297,9/2,0.21942366588582488,7/2,US,2026-05-11,UK (base),horse_win_predictor.pkl,75,Yonkers Raceway,01:05,Pace 1m,Pace,Dirt,,8.0,1m,Classic
Verdun,"Lachance, Pat","Lachance, Pat",-,6,0.0,,1,5/2,0.14900772431865233,11/2,6.71,0.2504512622482754,3/1,0.28849258897188407,5/2,US,2026-05-11,UK (base),horse_win_predictor.pkl,75,Yonkers Raceway,01:25,Pace 1m,Pace,Dirt,,8.0,1m,Classic
Rockstar Artist A,"Stratton, Jord","Alvarez, Maria",-,7,0.0,,2,8/1,0.11736102859305614,15/2,8.52,0.20023096264156492,4/1,0.2313071879097557,7/2,US,2026-05-11,UK (base),horse_win_predictor.pkl,75,Yonkers Raceway,01:25,Pace 1m,Pace,Dirt,,8.0,1m,Classic
Yorokobi N,"Marohn, Jim Jr","Tritton, Peter",-,9,0.0,,3,20/1,0.10585313923829391,17/2,9.45,0.18157174095964773,9/2,0.2099662166051554,4/1,US,2026-05-11,UK (base),horse_win_predictor.pkl,75,Yonkers Raceway,01:25,Pace 1m,Pace,Dirt,,8.0,1m,Classic
Hemsworth N,"Siegelman, Aus","Bako, Jared",-,9,0.0,,4,5/1,0.12743043177847313,7/1,7.85,0.21638396524665315,7/2,0.24974154029722068,3/1,US,2026-05-11,UK (base),horse_win_predictor.pkl,75,Yonkers Raceway,01:25,Pace 1m,Pace,Dirt,,8.0,1m,Classic
Catalpa Rescue A,"Bartlett, Jaso","Blackler, Scot",-,7,0.0,,5,8/5,0.1669334750443397,5/1,5.99,0.27818682700750813,5/2,0.3199068339936963,2/1,US,2026-05-11,UK (base),horse_win_predictor.pkl,75,Yonkers Raceway,01:25,Pace 1m,Pace,Dirt,,8.0,1m,Classic
Rockin Jukebox,"Bongiorno, Joe","Bongiorno, Joe",-,9,0.0,,6,15/1,0.10855030080581632,8/1,9.21,0.18596400720644282,9/2,0.21499414710667775,7/2,US,2026-05-11,UK (base),horse_win_predictor.pkl,75,Yonkers Raceway,01:25,Pace 1m,Pace,Dirt,,8.0,1m,Classic
Rydingtothewire,"Tritton, Laure","Tritton, Shane",-,5,0.0,,7,10/1,0.11369942743472272,8/1,8.8,0.19431692154331387,4/1,0.22454848183403556,7/2,US,2026-05-11,UK (base),horse_win_predictor.pkl,75,Yonkers Raceway,01:25,Pace 1m,Pace,Dirt,,8.0,1m,Classic
Hammering Hank,"Holland, Brent","Laterza, Denni",-,7,0.0,,8,12/1,0.11116447278664572,8/1,9.0,0.19021001900801598,9/2,0.21985209884102982,7/2,US,2026-05-11,UK (base),horse_win_predictor.pkl,75,Yonkers Raceway,01:25,Pace 1m,Pace,Dirt,,8.0,1m,Classic
