horse,jockey,trainer,ofr,age,weight_lbs,form,draw,ml_odds,win_probability,win_odds_fractional,win_odds_decimal,place_probability,place_odds_fractional,show_probability,show_odds_fractional,region,date,source_model,model_artifact,model_feature_count,course,race_time,race_name,race_class,surface,going,distance_f,distance_str,distance_band
Soraila (Chi),Maximiliano Sa,Gabriel Reyes,-,7,126.0,,1,30/1,0.07641567958581096,12/1,13.09,0.13287673838521066,13/2,0.15404963543498554,11/2,US,2026-05-12,UK (base),horse_win_predictor.pkl,75,CL - Valparaiso Sporting Club (simulcast),19:05,Handicap 1100mtr,Handicap,Dirt,,,1100mtr,Unknown
Justinsito Crack (Chi),Alejandro Maur,Juan Garcia Ve,-,7,126.0,,2,30/1,0.07641567958581096,12/1,13.09,0.13287673838521066,13/2,0.15404963543498554,11/2,US,2026-05-12,UK (base),horse_win_predictor.pkl,75,CL - Valparaiso Sporting Club (simulcast),19:05,Handicap 1100mtr,Handicap,Dirt,,,1100mtr,Unknown
Afirmate Gato (Chi),Gerald Rodrigu,Juan Garcia Ve,-,7,126.0,,3,3/2,0.14149382080344985,6/1,7.07,0.23867247638576272,3/1,0.27511447222913005,5/2,US,2026-05-12,UK (base),horse_win_predictor.pkl,75,CL - Valparaiso Sporting Club (simulcast),19:05,Handicap 1100mtr,Handicap,Dirt,,,1100mtr,Unknown
King Paper (Chi),Jorge Baeza,Guillermo Pere,-,5,126.0,,4,30/1,0.07641567958581096,12/1,13.09,0.13287673838521066,13/2,0.15404963543498554,11/2,US,2026-05-12,UK (base),horse_win_predictor.pkl,75,CL - Valparaiso Sporting Club (simulcast),19:05,Handicap 1100mtr,Handicap,Dirt,,,1100mtr,Unknown
Sasuke (Chi),Felipe Tapia,Victor Moris L,-,6,126.0,,5,10/1,0.08679496845624778,21/2,11.52,0.15020424998178916,11/2,0.17398273055386718,9/2,US,2026-05-12,UK (base),horse_win_predictor.pkl,75,CL - Valparaiso Sporting Club (simulcast),19:05,Handicap 1100mtr,Handicap,Dirt,,,1100mtr,Unknown
Sundy Point (Chi),Jorge Zuniga D,Jorge Araneda,-,4,126.0,,6,10/1,0.08679496845624778,21/2,11.52,0.15020424998178916,11/2,0.17398273055386718,9/2,US,2026-05-12,UK (base),horse_win_predictor.pkl,75,CL - Valparaiso Sporting Club (simulcast),19:05,Handicap 1100mtr,Handicap,Dirt,,,1100mtr,Unknown
Sin Miedo (Chi),Tomas Seith,Maximo Silva,-,5,126.0,,7,6/1,0.09598805288434896,19/2,10.42,0.16540753015460527,5/1,0.1914398341309514,4/1,US,2026-05-12,UK (base),horse_win_predictor.pkl,75,CL - Valparaiso Sporting Club (simulcast),19:05,Handicap 1100mtr,Handicap,Dirt,,,1100mtr,Unknown
Big Wallace (Arg),Rodolfo Fuenza,Braulio Gomez,-,8,126.0,,8,8/1,0.09037005684495379,10/1,11.07,0.15613270458158868,11/2,0.18079369748282675,9/2,US,2026-05-12,UK (base),horse_win_predictor.pkl,75,CL - Valparaiso Sporting Club (simulcast),19:05,Handicap 1100mtr,Handicap,Dirt,,,1100mtr,Unknown
Watakin (Chi),Israel Villagr,Juan Belzu Oli,-,4,126.0,,9,30/1,0.07641567958581096,12/1,13.09,0.13287673838521066,13/2,0.15404963543498554,11/2,US,2026-05-12,UK (base),horse_win_predictor.pkl,75,CL - Valparaiso Sporting Club (simulcast),19:05,Handicap 1100mtr,Handicap,Dirt,,,1100mtr,Unknown
Mipipo (Chi),Joaquin Herrer,Maximo Silva,-,5,126.0,,10,4/1,0.10610044575526027,17/2,9.43,0.18197495868789657,9/2,0.21042790103763517,4/1,US,2026-05-12,UK (base),horse_win_predictor.pkl,75,CL - Valparaiso Sporting Club (simulcast),19:05,Handicap 1100mtr,Handicap,Dirt,,,1100mtr,Unknown
Modelo Del Salto (Chi),Benjamin Sanch,Sergio Salazar,-,4,126.0,,11,10/1,0.08679496845624778,21/2,11.52,0.15020424998178916,11/2,0.17398273055386718,9/2,US,2026-05-12,UK (base),horse_win_predictor.pkl,75,CL - Valparaiso Sporting Club (simulcast),19:05,Handicap 1100mtr,Handicap,Dirt,,,1100mtr,Unknown
Tuyarak (Chi),Lesly Gonzalez,Eduardo Donoso,-,4,126.0,,1,4/1,0.1263748935236331,7/1,7.91,0.21469831737205192,7/2,0.24781960131520897,3/1,US,2026-05-12,UK (base),horse_win_predictor.pkl,75,CL - Valparaiso Sporting Club (simulcast),19:35,Handicap 1000mtr,Handicap,Turf,,,1000mtr,Unknown
La Pela (Chi),Diego Carvacho,Juan Belzu Oli,-,5,126.0,,2,10/1,0.10458118055788036,17/2,9.56,0.1794963463426807,9/2,0.2075895335119808,4/1,US,2026-05-12,UK (base),horse_win_predictor.pkl,75,CL - Valparaiso Sporting Club (simulcast),19:35,Handicap 1000mtr,Handicap,Turf,,,1000mtr,Unknown
Di Luna (Chi),Alejandro Maur,Maximo Silva,-,5,126.0,,3,30/1,0.09286413057629286,10/1,10.77,0.16025643763917452,5/1,0.18552855278775515,9/2,US,2026-05-12,UK (base),horse_win_predictor.pkl,75,CL - Valparaiso Sporting Club (simulcast),19:35,Handicap 1000mtr,Handicap,Turf,,,1000mtr,Unknown
Pazzelle (Chi),Benjamin Sanch,Victor Caballe,-,7,126.0,,4,3/2,0.16633003396084645,5/1,6.01,0.2772615169715905,5/2,0.31886082310061953,2/1,US,2026-05-12,UK (base),horse_win_predictor.pkl,75,CL - Valparaiso Sporting Club (simulcast),19:35,Handicap 1000mtr,Handicap,Turf,,,1000mtr,Unknown
Senor Seremi (Chi),Nelson Figuero,Enrique Laguna,-,9,126.0,,5,30/1,0.09286413057629286,10/1,10.77,0.16025643763917452,5/1,0.18552855278775515,9/2,US,2026-05-12,UK (base),horse_win_predictor.pkl,75,CL - Valparaiso Sporting Club (simulcast),19:35,Handicap 1000mtr,Handicap,Turf,,,1000mtr,Unknown
Wamray (Chi),Jose Villagran,Jose Leiva Lei,-,5,126.0,,6,10/1,0.10458118055788036,17/2,9.56,0.1794963463426807,9/2,0.2075895335119808,4/1,US,2026-05-12,UK (base),horse_win_predictor.pkl,75,CL - Valparaiso Sporting Club (simulcast),19:35,Handicap 1000mtr,Handicap,Turf,,,1000mtr,Unknown
Trois Plumes (Chi),Gerald Rodrigu,Maximo Silva,-,4,126.0,,7,6/1,0.11495913911300071,15/2,8.7,0.1963539674709195,4/1,0.22687702810513902,7/2,US,2026-05-12,UK (base),horse_win_predictor.pkl,75,CL - Valparaiso Sporting Club (simulcast),19:35,Handicap 1000mtr,Handicap,Turf,,,1000mtr,Unknown
Gran Romano (Chi),Jorge Zuniga D,Wilfredo Manci,-,9,126.0,,8,10/1,0.10458118055788036,17/2,9.56,0.1794963463426807,9/2,0.2075895335119808,4/1,US,2026-05-12,UK (base),horse_win_predictor.pkl,75,CL - Valparaiso Sporting Club (simulcast),19:35,Handicap 1000mtr,Handicap,Turf,,,1000mtr,Unknown
Yuliecita Crack (Chi),Nelson Rojas,Gabriel Reyes,-,4,126.0,,9,30/1,0.09286413057629286,10/1,10.77,0.16025643763917452,5/1,0.18552855278775515,9/2,US,2026-05-12,UK (base),horse_win_predictor.pkl,75,CL - Valparaiso Sporting Club (simulcast),19:35,Handicap 1000mtr,Handicap,Turf,,,1000mtr,Unknown
Aunt Mercy (Chi),Ronald Fournet,Rafael Bernal,-,4,119.0,,1,10/1,0.09428984985259192,19/2,10.61,0.162609269106486,5/1,0.18822905132669626,9/2,US,2026-05-12,UK (base),horse_win_predictor.pkl,75,CL - Valparaiso Sporting Club (simulcast),20:04,Handicap 1000mtr,Handicap,Turf,,,1000mtr,Unknown
Alto Forever (Chi),Nelson Rojas,Gabriel Reyes,-,8,130.0,,2,4/1,0.1141043363423689,8/1,8.76,0.19497196575855807,4/1,0.225297326789629,7/2,US,2026-05-12,UK (base),horse_win_predictor.pkl,75,CL - Valparaiso Sporting Club (simulcast),20:04,Handicap 1000mtr,Handicap,Turf,,,1000mtr,Unknown
Jerusa (Chi),Israel Villagr,Victor Moris L,-,6,132.0,,3,6/1,0.10372531960962858,17/2,9.64,0.17809842175483576,9/2,0.20598833505928846,4/1,US,2026-05-12,UK (base),horse_win_predictor.pkl,75,CL - Valparaiso Sporting Club (simulcast),20:04,Handicap 1000mtr,Handicap,Turf,,,1000mtr,Unknown
King Octopus (Chi),Gerald Rodrigu,Gonzalo Vegas,-,4,130.0,,4,3/2,0.15043089490696002,11/2,6.65,0.25267204751852096,3/1,0.2910124797478563,5/2,US,2026-05-12,UK (base),horse_win_predictor.pkl,75,CL - Valparaiso Sporting Club (simulcast),20:04,Handicap 1000mtr,Handicap,Turf,,,1000mtr,Unknown
Guapa Portena (Chi),Alejandro Maur,Maximo Silva,-,4,126.0,,5,8/1,0.09795919920255064,9/1,10.21,0.16864975479786715,5/1,0.19515871314611083,4/1,US,2026-05-12,UK (base),horse_win_predictor.pkl,75,CL - Valparaiso Sporting Club (simulcast),20:04,Handicap 1000mtr,Handicap,Turf,,,1000mtr,Unknown
Poor Smell (Chi),Nelson Figuero,Maximo Silva,-,4,117.0,,6,10/1,0.09428984985259192,19/2,10.61,0.162609269106486,5/1,0.18822905132669626,9/2,US,2026-05-12,UK (base),horse_win_predictor.pkl,75,CL - Valparaiso Sporting Club (simulcast),20:04,Handicap 1000mtr,Handicap,Turf,,,1000mtr,Unknown
Ouro (Chi),Benjamin Sanch,Carlos Vasquez,-,7,126.0,,7,30/1,0.08363690012690539,11/1,11.96,0.14495031537815933,6/1,0.16794284609737956,5/1,US,2026-05-12,UK (base),horse_win_predictor.pkl,75,CL - Valparaiso Sporting Club (simulcast),20:04,Handicap 1000mtr,Handicap,Turf,,,1000mtr,Unknown
Oppa (Chi),Jorge Zuniga D,Wilfredo Manci,-,5,130.0,,8,10/1,0.09428984985259192,19/2,10.61,0.162609269106486,5/1,0.18822905132669626,9/2,US,2026-05-12,UK (base),horse_win_predictor.pkl,75,CL - Valparaiso Sporting Club (simulcast),20:04,Handicap 1000mtr,Handicap,Turf,,,1000mtr,Unknown
Tren De La Quinta (Chi),Rodolfo Fuenza,Wilfredo Manci,-,7,117.0,,9,30/1,0.08363690012690539,11/1,11.96,0.14495031537815933,6/1,0.16794284609737956,5/1,US,2026-05-12,UK (base),horse_win_predictor.pkl,75,CL - Valparaiso Sporting Club (simulcast),20:04,Handicap 1000mtr,Handicap,Turf,,,1000mtr,Unknown
La Tote (Chi),Jaime Mino Fic,William Ara,-,8,130.0,,10,30/1,0.08363690012690539,11/1,11.96,0.14495031537815933,6/1,0.16794284609737956,5/1,US,2026-05-12,UK (base),horse_win_predictor.pkl,75,CL - Valparaiso Sporting Club (simulcast),20:04,Handicap 1000mtr,Handicap,Turf,,,1000mtr,Unknown
Ley Franca (Chi),Gerald Rodrigu,Juan Baeza,-,3,121.0,,1,6/1,0.08973321030173532,10/1,11.14,0.15507813931827924,11/2,0.1795824876994832,9/2,US,2026-05-12,UK (base),horse_win_predictor.pkl,75,CL - Valparaiso Sporting Club (simulcast),20:36,Stakes 1200mtr,Stakes,Dirt,,,1200mtr,Unknown
Trabalains (Chi),Pedro Robles,Victor Moris L,-,3,126.0,,2,30/1,0.0704415492796033,13/1,14.2,0.12282517921135733,7/1,0.14246904043576508,6/1,US,2026-05-12,UK (base),horse_win_predictor.pkl,75,CL - Valparaiso Sporting Club (simulcast),20:36,Stakes 1200mtr,Stakes,Dirt,,,1200mtr,Unknown
Fafifo (Chi),Jorge Baeza,Maximo Silva,-,3,126.0,,3,12/1,0.07823241238469508,12/1,12.78,0.13592209401442795,13/2,0.15755572462557776,11/2,US,2026-05-12,UK (base),horse_win_predictor.pkl,75,CL - Valparaiso Sporting Club (simulcast),20:36,Stakes 1200mtr,Stakes,Dirt,,,1200mtr,Unknown
Cuando Vuelves (Chi),Nelson Rojas,Gabriel Reyes,-,3,121.0,,4,30/1,0.0704415492796033,13/1,14.2,0.12282517921135733,7/1,0.14246904043576508,6/1,US,2026-05-12,UK (base),horse_win_predictor.pkl,75,CL - Valparaiso Sporting Club (simulcast),20:36,Stakes 1200mtr,Stakes,Dirt,,,1200mtr,Unknown
La Fajita (Chi),Felipe Tapia,Carlos Vasquez,-,3,121.0,,5,30/1,0.0704415492796033,13/1,14.2,0.12282517921135733,7/1,0.14246904043576508,6/1,US,2026-05-12,UK (base),horse_win_predictor.pkl,75,CL - Valparaiso Sporting Club (simulcast),20:36,Stakes 1200mtr,Stakes,Dirt,,,1200mtr,Unknown
Naipur Raider (Chi),Rafael Cistern,Marco Pavez Oc,-,3,121.0,,6,4/1,0.09970056849650352,9/1,10.03,0.17150886060688553,5/1,0.1984369701482788,4/1,US,2026-05-12,UK (base),horse_win_predictor.pkl,75,CL - Valparaiso Sporting Club (simulcast),20:36,Stakes 1200mtr,Stakes,Dirt,,,1200mtr,Unknown
La Minions (Chi),Ronald Fournet,Maximo Silva,-,3,121.0,,7,30/1,0.0704415492796033,13/1,14.2,0.12282517921135733,7/1,0.14246904043576508,6/1,US,2026-05-12,UK (base),horse_win_predictor.pkl,75,CL - Valparaiso Sporting Club (simulcast),20:36,Stakes 1200mtr,Stakes,Dirt,,,1200mtr,Unknown
Lamotta (Chi),Benjamin Sanch,Ximeno Urenda,-,3,126.0,,8,10/1,0.08067197557921876,23/2,12.4,0.14000318192751052,6/1,0.16225238430811992,5/1,US,2026-05-12,UK (base),horse_win_predictor.pkl,75,CL - Valparaiso Sporting Club (simulcast),20:36,Stakes 1200mtr,Stakes,Dirt,,,1200mtr,Unknown
Zheng Shi (Chi),Rodolfo Fuenza,Marcos Contrer,-,3,121.0,,9,8/1,0.08419578908241965,11/1,11.88,0.14588127562898634,6/1,0.16901333308394884,5/1,US,2026-05-12,UK (base),horse_win_predictor.pkl,75,CL - Valparaiso Sporting Club (simulcast),20:36,Stakes 1200mtr,Stakes,Dirt,,,1200mtr,Unknown
El Lado Be (Chi),Jose Villagran,Maximo Silva,-,3,121.0,,10,30/1,0.0704415492796033,13/1,14.2,0.12282517921135733,7/1,0.14246904043576508,6/1,US,2026-05-12,UK (base),horse_win_predictor.pkl,75,CL - Valparaiso Sporting Club (simulcast),20:36,Stakes 1200mtr,Stakes,Dirt,,,1200mtr,Unknown
Flaca Dany (Chi),Joaquin Herrer,Maximo Silva,-,3,121.0,,11,3/2,0.13458632217819225,13/2,7.43,0.22776459742678432,7/2,0.26270645064500636,3/1,US,2026-05-12,UK (base),horse_win_predictor.pkl,75,CL - Valparaiso Sporting Club (simulcast),20:36,Stakes 1200mtr,Stakes,Dirt,,,1200mtr,Unknown
Pirata Bigoton (Chi),Alejandro Maur,Maximo Silva,-,3,126.0,,12,10/1,0.08067197557921876,23/2,12.4,0.14000318192751052,6/1,0.16225238430811992,5/1,US,2026-05-12,UK (base),horse_win_predictor.pkl,75,CL - Valparaiso Sporting Club (simulcast),20:36,Stakes 1200mtr,Stakes,Dirt,,,1200mtr,Unknown
Victory Queen (Chi),Jorge Baeza,Braulio Gomez,-,4,126.0,,1,10/1,0.11354304292634906,8/1,8.81,0.19406385918984853,4/1,0.22425916528866083,7/2,US,2026-05-12,UK (base),horse_win_predictor.pkl,75,CL - Valparaiso Sporting Club (simulcast),21:05,Maiden Special 1000mtr,Maiden Special,Turf,,,1000mtr,Unknown
Katie Melua (Chi),Rafael Cistern,Luis Valdivia,-,4,126.0,,2,6/1,0.12286922618585011,7/1,8.14,0.20908712973972254,4/1,0.2414188435724247,3/1,US,2026-05-12,UK (base),horse_win_predictor.pkl,75,CL - Valparaiso Sporting Club (simulcast),21:05,Maiden Special 1000mtr,Maiden Special,Turf,,,1000mtr,Unknown
Espera Un Poquito (Chi),Jose Villagran,Braulio Gomez,-,4,126.0,,3,4/1,0.13312802777130125,13/2,7.51,0.22545199256572118,7/2,0.2600734793636286,3/1,US,2026-05-12,UK (base),horse_win_predictor.pkl,75,CL - Valparaiso Sporting Club (simulcast),21:05,Maiden Special 1000mtr,Maiden Special,Turf,,,1000mtr,Unknown
La Luna De Todos (Chi),Joaquin Herrer,Marcos Contrer,-,4,126.0,,4,8/1,0.11716989197171057,15/2,8.53,0.19992277868134917,4/1,0.23095511119746365,7/2,US,2026-05-12,UK (base),horse_win_predictor.pkl,75,CL - Valparaiso Sporting Club (simulcast),21:05,Maiden Special 1000mtr,Maiden Special,Turf,,,1000mtr,Unknown
Sestri Levante (Chi),Felipe Tapia,Victor Moris L,-,4,126.0,,5,8/1,0.11716989197171057,15/2,8.53,0.19992277868134917,4/1,0.23095511119746365,7/2,US,2026-05-12,UK (base),horse_win_predictor.pkl,75,CL - Valparaiso Sporting Club (simulcast),21:05,Maiden Special 1000mtr,Maiden Special,Turf,,,1000mtr,Unknown
Videl (Chi),Benjamin Sanch,Sergio Salazar,-,4,126.0,,6,3/2,0.1690338333203803,5/1,5.92,0.28140295053109887,5/2,0.32354136948511836,2/1,US,2026-05-12,UK (base),horse_win_predictor.pkl,75,CL - Valparaiso Sporting Club (simulcast),21:05,Maiden Special 1000mtr,Maiden Special,Turf,,,1000mtr,Unknown
Sky Prize (Chi),Maximiliano Sa,Gabriel Reyes,-,4,126.0,,7,10/1,0.11354304292634906,8/1,8.81,0.19406385918984853,4/1,0.22425916528866083,7/2,US,2026-05-12,UK (base),horse_win_predictor.pkl,75,CL - Valparaiso Sporting Club (simulcast),21:05,Maiden Special 1000mtr,Maiden Special,Turf,,,1000mtr,Unknown
Guapa Quitena (Chi),Ronald Fournet,Maximo Silva,-,4,126.0,,8,10/1,0.11354304292634906,8/1,8.81,0.19406385918984853,4/1,0.22425916528866083,7/2,US,2026-05-12,UK (base),horse_win_predictor.pkl,75,CL - Valparaiso Sporting Club (simulcast),21:05,Maiden Special 1000mtr,Maiden Special,Turf,,,1000mtr,Unknown
Pegasus Fantasis (Chi),Guillermo Pere,Enrique Laguna,-,5,128.0,,1,4/1,0.1667649081442185,5/1,6.0,0.2779284069889136,5/2,0.31961471905567423,2/1,US,2026-05-12,UK (base),horse_win_predictor.pkl,75,CL - Valparaiso Sporting Club (simulcast),21:30,Handicap 1100mtr,Handicap,Dirt,,,1100mtr,Unknown
Parsifal (Chi),Rodolfo Fuenza,Victor Caballe,-,7,132.0,,2,6/1,0.15615482856862167,11/2,6.4,0.2615712270352825,3/1,0.3011023764602803,5/2,US,2026-05-12,UK (base),horse_win_predictor.pkl,75,CL - Valparaiso Sporting Club (simulcast),21:30,Handicap 1100mtr,Handicap,Dirt,,,1100mtr,Unknown
Doppler (Chi),Joaquin Herrer,Jose Araya Bah,-,7,132.0,,3,3/2,0.20390018665880735,4/1,4.9,0.33376010709025605,2/1,0.3824575772520493,3/2,US,2026-05-12,UK (base),horse_win_predictor.pkl,75,CL - Valparaiso Sporting Club (simulcast),21:30,Handicap 1100mtr,Handicap,Dirt,,,1100mtr,Unknown
El Gran Pirata (Chi),Alejandro Maur,Maximo Silva,-,7,130.0,,4,4/1,0.1667649081442185,5/1,6.0,0.2779284069889136,5/2,0.31961471905567423,2/1,US,2026-05-12,UK (base),horse_win_predictor.pkl,75,CL - Valparaiso Sporting Club (simulcast),21:30,Handicap 1100mtr,Handicap,Dirt,,,1100mtr,Unknown
Larrykane (Chi),Jaime Mino Fic,William Ara,-,7,128.0,,5,8/1,0.15026033991551233,11/2,6.66,0.25240607604670195,3/1,0.29071072709589807,5/2,US,2026-05-12,UK (base),horse_win_predictor.pkl,75,CL - Valparaiso Sporting Club (simulcast),21:30,Handicap 1100mtr,Handicap,Dirt,,,1100mtr,Unknown
Sol De Troya (Chi),Jorge Zuniga D,Gonzalo Vegas,-,5,121.0,,6,6/1,0.15615482856862167,11/2,6.4,0.2615712270352825,3/1,0.3011023764602803,5/2,US,2026-05-12,UK (base),horse_win_predictor.pkl,75,CL - Valparaiso Sporting Club (simulcast),21:30,Handicap 1100mtr,Handicap,Dirt,,,1100mtr,Unknown
Rojo Burgues (Chi),Nelson Rojas,Gabriel Reyes,-,6,123.0,,1,30/1,0.05388837296610292,35/2,18.56,0.0946759059462382,19/2,0.10997123081378893,8/1,US,2026-05-12,UK (base),horse_win_predictor.pkl,75,CL - Valparaiso Sporting Club (simulcast),22:00,Handicap 1100mtr,Handicap,Dirt,,,1100mtr,Unknown
Warrior Spirit (Chi),Diego Carvacho,Wilfredo Manci,-,7,128.0,,2,6/1,0.0719818421832177,13/1,13.89,0.1254222074465201,7/1,0.14546234442025852,6/1,US,2026-05-12,UK (base),horse_win_predictor.pkl,75,CL - Valparaiso Sporting Club (simulcast),22:00,Handicap 1100mtr,Handicap,Dirt,,,1100mtr,Unknown
Green Dress (Chi),Jonathan Casti,Sergio Morales,-,5,128.0,,3,8/1,0.06678834638941623,14/1,14.97,0.11665047693020311,15/2,0.13534877588299818,13/2,US,2026-05-12,UK (base),horse_win_predictor.pkl,75,CL - Valparaiso Sporting Club (simulcast),22:00,Handicap 1100mtr,Handicap,Dirt,,,1100mtr,Unknown
Dale Flaca (Chi),Alejandro Maur,Sergio Morales,-,4,126.0,,4,30/1,0.05388837296610292,35/2,18.56,0.0946759059462382,19/2,0.10997123081378893,8/1,US,2026-05-12,UK (base),horse_win_predictor.pkl,75,CL - Valparaiso Sporting Club (simulcast),22:00,Handicap 1100mtr,Handicap,Dirt,,,1100mtr,Unknown
La Banda Verde (Chi),Israel Villagr,Jorge Araneda,-,5,123.0,,5,30/1,0.05388837296610292,35/2,18.56,0.0946759059462382,19/2,0.10997123081378893,8/1,US,2026-05-12,UK (base),horse_win_predictor.pkl,75,CL - Valparaiso Sporting Club (simulcast),22:00,Handicap 1100mtr,Handicap,Dirt,,,1100mtr,Unknown
Teruka (Chi),Felipe Tapia,Victor Moris L,-,5,123.0,,6,30/1,0.05388837296610292,35/2,18.56,0.0946759059462382,19/2,0.10997123081378893,8/1,US,2026-05-12,UK (base),horse_win_predictor.pkl,75,CL - Valparaiso Sporting Club (simulcast),22:00,Handicap 1100mtr,Handicap,Dirt,,,1100mtr,Unknown
Luiverar (Chi),Lesly Gonzalez,Braulio Gomez,-,8,123.0,,7,30/1,0.05388837296610292,35/2,18.56,0.0946759059462382,19/2,0.10997123081378893,8/1,US,2026-05-12,UK (base),horse_win_predictor.pkl,75,CL - Valparaiso Sporting Club (simulcast),22:00,Handicap 1100mtr,Handicap,Dirt,,,1100mtr,Unknown
Insistentemente (Chi),Guillermo Pere,Carlos Vasquez,-,4,128.0,,8,10/1,0.0634833945206335,15/1,15.75,0.11104599703325037,8/1,0.1288819729754817,7/1,US,2026-05-12,UK (base),horse_win_predictor.pkl,75,CL - Valparaiso Sporting Club (simulcast),22:00,Handicap 1100mtr,Handicap,Dirt,,,1100mtr,Unknown
Guerrero Arabe (Chi),Nelson Figuero,Sergio Morales,-,4,121.0,,9,30/1,0.05388837296610292,35/2,18.56,0.0946759059462382,19/2,0.10997123081378893,8/1,US,2026-05-12,UK (base),horse_win_predictor.pkl,75,CL - Valparaiso Sporting Club (simulcast),22:00,Handicap 1100mtr,Handicap,Dirt,,,1100mtr,Unknown
Gipsy Vanner (Chi),Jorge Baeza,Braulio Gomez,-,6,126.0,,10,30/1,0.05388837296610292,35/2,18.56,0.0946759059462382,19/2,0.10997123081378893,8/1,US,2026-05-12,UK (base),horse_win_predictor.pkl,75,CL - Valparaiso Sporting Club (simulcast),22:00,Handicap 1100mtr,Handicap,Dirt,,,1100mtr,Unknown
El Renacido (Chi),Jorge Zuniga D,Wilfredo Manci,-,5,123.0,,11,30/1,0.05388837296610292,35/2,18.56,0.0946759059462382,19/2,0.10997123081378893,8/1,US,2026-05-12,UK (base),horse_win_predictor.pkl,75,CL - Valparaiso Sporting Club (simulcast),22:00,Handicap 1100mtr,Handicap,Dirt,,,1100mtr,Unknown
Mala Memoria (Chi),Ronald Fournet,Jose Araya Bah,-,7,128.0,,12,10/1,0.0634833945206335,15/1,15.75,0.11104599703325037,8/1,0.1288819729754817,7/1,US,2026-05-12,UK (base),horse_win_predictor.pkl,75,CL - Valparaiso Sporting Club (simulcast),22:00,Handicap 1100mtr,Handicap,Dirt,,,1100mtr,Unknown
Vincero (Chi),Joaquin Herrer,Rafael Bernal,-,4,121.0,,13,4/1,0.08133013461206035,23/2,12.3,0.14110256966489593,6/1,0.16351723280970928,5/1,US,2026-05-12,UK (base),horse_win_predictor.pkl,75,CL - Valparaiso Sporting Club (simulcast),22:00,Handicap 1100mtr,Handicap,Dirt,,,1100mtr,Unknown
Merengon (Chi),Jose Villagran,Victor Moris L,-,5,123.0,,14,30/1,0.05388837296610292,35/2,18.56,0.0946759059462382,19/2,0.10997123081378893,8/1,US,2026-05-12,UK (base),horse_win_predictor.pkl,75,CL - Valparaiso Sporting Club (simulcast),22:00,Handicap 1100mtr,Handicap,Dirt,,,1100mtr,Unknown
Le Peintre (Arg),Gerald Rodrigu,Juan Garcia Ve,-,7,128.0,,15,3/2,0.11404915811300957,8/1,8.77,0.19488271623038822,4/1,0.22519530052440523,7/2,US,2026-05-12,UK (base),horse_win_predictor.pkl,75,CL - Valparaiso Sporting Club (simulcast),22:00,Handicap 1100mtr,Handicap,Dirt,,,1100mtr,Unknown
Bapkiza (Chi),Sebastian Mari,Juan Belzu Oli,-,6,123.0,,16,30/1,0.05388837296610292,35/2,18.56,0.0946759059462382,19/2,0.10997123081378893,8/1,US,2026-05-12,UK (base),horse_win_predictor.pkl,75,CL - Valparaiso Sporting Club (simulcast),22:00,Handicap 1100mtr,Handicap,Dirt,,,1100mtr,Unknown
La Tia Elena (Chi),Tomas Seith,Victor Caballe,-,5,126.0,,1,30/1,0.08363690012690539,11/1,11.96,0.14495031537815933,6/1,0.16794284609737956,5/1,US,2026-05-12,UK (base),horse_win_predictor.pkl,75,CL - Valparaiso Sporting Club (simulcast),22:30,Handicap 1100mtr,Handicap,Dirt,,,1100mtr,Unknown
El Palomo (Chi),Alejandro Maur,Jorge Araneda,-,5,130.0,,2,4/1,0.1141043363423689,8/1,8.76,0.19497196575855807,4/1,0.225297326789629,7/2,US,2026-05-12,UK (base),horse_win_predictor.pkl,75,CL - Valparaiso Sporting Club (simulcast),22:30,Handicap 1100mtr,Handicap,Dirt,,,1100mtr,Unknown
Golden East (Chi),Israel Villagr,Carlos Vasquez,-,7,130.0,,3,10/1,0.09428984985259192,19/2,10.61,0.162609269106486,5/1,0.18822905132669626,9/2,US,2026-05-12,UK (base),horse_win_predictor.pkl,75,CL - Valparaiso Sporting Club (simulcast),22:30,Handicap 1100mtr,Handicap,Dirt,,,1100mtr,Unknown
Kapu (Chi),Benjamin Sanch,Gonzalo Vegas,-,5,130.0,,4,6/1,0.10372531960962858,17/2,9.64,0.17809842175483576,9/2,0.20598833505928846,4/1,US,2026-05-12,UK (base),horse_win_predictor.pkl,75,CL - Valparaiso Sporting Club (simulcast),22:30,Handicap 1100mtr,Handicap,Dirt,,,1100mtr,Unknown
Punta Itata (Chi),Jonathan Casti,Maximo Silva,-,5,128.0,,5,10/1,0.09428984985259192,19/2,10.61,0.162609269106486,5/1,0.18822905132669626,9/2,US,2026-05-12,UK (base),horse_win_predictor.pkl,75,CL - Valparaiso Sporting Club (simulcast),22:30,Handicap 1100mtr,Handicap,Dirt,,,1100mtr,Unknown
Calochita (Chi),Nelson Rojas,Gabriel Reyes,-,6,123.0,,6,10/1,0.09428984985259192,19/2,10.61,0.162609269106486,5/1,0.18822905132669626,9/2,US,2026-05-12,UK (base),horse_win_predictor.pkl,75,CL - Valparaiso Sporting Club (simulcast),22:30,Handicap 1100mtr,Handicap,Dirt,,,1100mtr,Unknown
Gli Amici (Chi),Joaquin Herrer,Rafael Bernal,-,4,128.0,,7,3/2,0.15043089490696002,11/2,6.65,0.25267204751852096,3/1,0.2910124797478563,5/2,US,2026-05-12,UK (base),horse_win_predictor.pkl,75,CL - Valparaiso Sporting Club (simulcast),22:30,Handicap 1100mtr,Handicap,Dirt,,,1100mtr,Unknown
Aneu (Chi),Gerald Rodrigu,Juan Garcia Ve,-,5,130.0,,8,8/1,0.09795919920255064,9/1,10.21,0.16864975479786715,5/1,0.19515871314611083,4/1,US,2026-05-12,UK (base),horse_win_predictor.pkl,75,CL - Valparaiso Sporting Club (simulcast),22:30,Handicap 1100mtr,Handicap,Dirt,,,1100mtr,Unknown
Roy Para Un Poco (Chi),Diego Carvacho,Wilfredo Manci,-,6,119.0,,9,30/1,0.08363690012690539,11/1,11.96,0.14495031537815933,6/1,0.16794284609737956,5/1,US,2026-05-12,UK (base),horse_win_predictor.pkl,75,CL - Valparaiso Sporting Club (simulcast),22:30,Handicap 1100mtr,Handicap,Dirt,,,1100mtr,Unknown
Soul Queen (Chi),Juan Soto Vega,Victor Caballe,-,6,130.0,,10,30/1,0.08363690012690539,11/1,11.96,0.14495031537815933,6/1,0.16794284609737956,5/1,US,2026-05-12,UK (base),horse_win_predictor.pkl,75,CL - Valparaiso Sporting Club (simulcast),22:30,Handicap 1100mtr,Handicap,Dirt,,,1100mtr,Unknown
Lobelius (Chi),Jorge Zuniga D,Maximo Silva,-,10,123.0,,1,10/1,0.08679496845624778,21/2,11.52,0.15020424998178916,11/2,0.17398273055386718,9/2,US,2026-05-12,UK (base),horse_win_predictor.pkl,75,CL - Valparaiso Sporting Club (simulcast),23:00,Handicap 1100mtr,Handicap,Dirt,,,1100mtr,Unknown
Lucky Storm (Chi),Felipe Tapia,Victor Moris L,-,7,128.0,,2,4/1,0.10610044575526027,17/2,9.43,0.18197495868789657,9/2,0.21042790103763517,4/1,US,2026-05-12,UK (base),horse_win_predictor.pkl,75,CL - Valparaiso Sporting Club (simulcast),23:00,Handicap 1100mtr,Handicap,Dirt,,,1100mtr,Unknown
Gran Cafrune (Chi),Tomas Seith,Victor Caballe,-,7,128.0,,3,30/1,0.07641567958581096,12/1,13.09,0.13287673838521066,13/2,0.15404963543498554,11/2,US,2026-05-12,UK (base),horse_win_predictor.pkl,75,CL - Valparaiso Sporting Club (simulcast),23:00,Handicap 1100mtr,Handicap,Dirt,,,1100mtr,Unknown
Araukan (Chi),Gerald Rodrigu,Gabriel Reyes,-,4,126.0,,4,3/2,0.14149382080344985,6/1,7.07,0.23867247638576272,3/1,0.27511447222913005,5/2,US,2026-05-12,UK (base),horse_win_predictor.pkl,75,CL - Valparaiso Sporting Club (simulcast),23:00,Handicap 1100mtr,Handicap,Dirt,,,1100mtr,Unknown
Gran Samcredo (Chi),Israel Villagr,Carlos Vasquez,-,4,123.0,,5,10/1,0.08679496845624778,21/2,11.52,0.15020424998178916,11/2,0.17398273055386718,9/2,US,2026-05-12,UK (base),horse_win_predictor.pkl,75,CL - Valparaiso Sporting Club (simulcast),23:00,Handicap 1100mtr,Handicap,Dirt,,,1100mtr,Unknown
Rubio Alocado (Chi),Rodolfo Fuenza,Jorge Araneda,-,8,123.0,,6,6/1,0.09598805288434896,19/2,10.42,0.16540753015460527,5/1,0.1914398341309514,4/1,US,2026-05-12,UK (base),horse_win_predictor.pkl,75,CL - Valparaiso Sporting Club (simulcast),23:00,Handicap 1100mtr,Handicap,Dirt,,,1100mtr,Unknown
La Libertina (Chi),Sebastian Mari,Jorge Araneda,-,5,123.0,,7,30/1,0.07641567958581096,12/1,13.09,0.13287673838521066,13/2,0.15404963543498554,11/2,US,2026-05-12,UK (base),horse_win_predictor.pkl,75,CL - Valparaiso Sporting Club (simulcast),23:00,Handicap 1100mtr,Handicap,Dirt,,,1100mtr,Unknown
Gran Verraco (Chi),Guillermo Pere,Gabriel Reyes,-,8,128.0,,8,10/1,0.08679496845624778,21/2,11.52,0.15020424998178916,11/2,0.17398273055386718,9/2,US,2026-05-12,UK (base),horse_win_predictor.pkl,75,CL - Valparaiso Sporting Club (simulcast),23:00,Handicap 1100mtr,Handicap,Dirt,,,1100mtr,Unknown
Stevietoo (Chi),Lesly Gonzalez,Braulio Gomez,-,6,123.0,,9,8/1,0.09037005684495379,10/1,11.07,0.15613270458158868,11/2,0.18079369748282675,9/2,US,2026-05-12,UK (base),horse_win_predictor.pkl,75,CL - Valparaiso Sporting Club (simulcast),23:00,Handicap 1100mtr,Handicap,Dirt,,,1100mtr,Unknown
Graciosa Cozette (Chi),Jose Villagran,Victor Moris L,-,4,126.0,,10,30/1,0.07641567958581096,12/1,13.09,0.13287673838521066,13/2,0.15404963543498554,11/2,US,2026-05-12,UK (base),horse_win_predictor.pkl,75,CL - Valparaiso Sporting Club (simulcast),23:00,Handicap 1100mtr,Handicap,Dirt,,,1100mtr,Unknown
Tanytus (Chi),Benjamin Sanch,Victor Caballe,-,5,126.0,,11,30/1,0.07641567958581096,12/1,13.09,0.13287673838521066,13/2,0.15404963543498554,11/2,US,2026-05-12,UK (base),horse_win_predictor.pkl,75,CL - Valparaiso Sporting Club (simulcast),23:00,Handicap 1100mtr,Handicap,Dirt,,,1100mtr,Unknown
He's Webster,"Thompson, Jaso","Copeland, Vinc",-,3,0.0,,1,20/1,0.10579671311182565,17/2,9.45,0.1814797279970734,9/2,0.20986085857904133,4/1,US,2026-05-12,UK (base),horse_win_predictor.pkl,75,Harrington Raceway,20:35,Pace 1m,Pace,Dirt,,8.0,1m,Classic
Silver N Gold,"Deaton, Tim","Pressel, Kayla",-,4,0.0,,2,5/1,0.1272329403358342,7/1,7.86,0.21606871571930003,7/2,0.2493821314880997,3/1,US,2026-05-12,UK (base),horse_win_predictor.pkl,75,Harrington Raceway,20:35,Pace 1m,Pace,Dirt,,8.0,1m,Classic
Earn My Bet,"Morgan, Anthon","Crissman, Tim",-,3,0.0,,3,8/1,0.11722936763129689,15/2,8.53,0.2000186820281474,4/1,0.23106467492696633,7/2,US,2026-05-12,UK (base),horse_win_predictor.pkl,75,Harrington Raceway,20:35,Pace 1m,Pace,Dirt,,8.0,1m,Classic
Angler Hanover,"Stafford, Art","Stafford, Andr",-,3,0.0,,4,3/2,0.16924794569489104,5/1,5.91,0.28173040855325127,5/2,0.32391133212513634,2/1,US,2026-05-12,UK (base),horse_win_predictor.pkl,75,Harrington Raceway,20:35,Pace 1m,Pace,Dirt,,8.0,1m,Classic
Wiggle Babe,"Griffith, Shan","Short, Ronald",-,3,0.0,,5,9/1,0.11522865309038943,15/2,8.68,0.19678946156828075,4/1,0.22737476474749,7/2,US,2026-05-12,UK (base),horse_win_predictor.pkl,75,Harrington Raceway,20:35,Pace 1m,Pace,Dirt,,8.0,1m,Classic
Perfect Stu,"Cole, Mike","Columbo, Josep",-,3,0.0,,6,8/1,0.11722936763129689,15/2,8.53,0.2000186820281474,4/1,0.23106467492696633,7/2,US,2026-05-12,UK (base),horse_win_predictor.pkl,75,Harrington Raceway,20:35,Pace 1m,Pace,Dirt,,8.0,1m,Classic
Rayvista,"Dalious, Barto","Givens, Wayne",-,3,0.0,,7,20/1,0.10579671311182565,17/2,9.45,0.1814797279970734,9/2,0.20986085857904133,4/1,US,2026-05-12,UK (base),horse_win_predictor.pkl,75,Harrington Raceway,20:35,Pace 1m,Pace,Dirt,,8.0,1m,Classic
Stonebridge Bluff,"Lynch, Jason","Lynch, Jason",-,3,0.0,,8,3/1,0.1422382993926402,6/1,7.03,0.2398435518554641,3/1,0.2764455215290231,5/2,US,2026-05-12,UK (base),horse_win_predictor.pkl,75,Harrington Raceway,20:35,Pace 1m,Pace,Dirt,,8.0,1m,Classic
Panther's Pinot,"Still, Rick","Bier, Jenny",-,9,0.0,,1,9/2,0.12866523176742156,7/1,7.77,0.2183536236887474,7/2,0.2519867706592446,3/1,US,2026-05-12,UK (base),horse_win_predictor.pkl,75,Harrington Raceway,20:52,Pace 1m,Pace,Dirt,,8.0,1m,Classic
Dancinat Midland,"Foster, Russel","Foster, Arty I",-,11,0.0,,2,3/1,0.14045636034687128,6/1,7.12,0.2370390572948562,3/1,0.27325756865035056,5/2,US,2026-05-12,UK (base),horse_win_predictor.pkl,75,Harrington Raceway,20:52,Pace 1m,Pace,Dirt,,8.0,1m,Classic
Aiden Station,"Green, Jason","Ratledge, Nico",-,4,0.0,,3,7/1,0.11883929128454677,15/2,8.41,0.20261250258977354,4/1,0.23402745682923357,7/2,US,2026-05-12,UK (base),horse_win_predictor.pkl,75,Harrington Raceway,20:52,Pace 1m,Pace,Dirt,,8.0,1m,Classic
Delightful End,"Lynch, Jason","Lynch, Jason",-,4,0.0,,4,7/2,0.1356525672219103,13/2,7.37,0.22945332580432262,7/2,0.2646286102727272,3/1,US,2026-05-12,UK (base),horse_win_predictor.pkl,75,Harrington Raceway,20:52,Pace 1m,Pace,Dirt,,8.0,1m,Classic
Coxcomb,"Stafford, Art","Crissman, Chuc",-,8,0.0,,5,5/2,0.14663266579324974,6/1,6.82,0.24673788748574166,3/1,0.2842773456204261,5/2,US,2026-05-12,UK (base),horse_win_predictor.pkl,75,Harrington Raceway,20:52,Pace 1m,Pace,Dirt,,8.0,1m,Classic
Sir John B,"Morgan, Anthon","Crissman, Tim",-,5,0.0,,6,7/1,0.11883929128454677,15/2,8.41,0.20261250258977354,4/1,0.23402745682923357,7/2,US,2026-05-12,UK (base),horse_win_predictor.pkl,75,Harrington Raceway,20:52,Pace 1m,Pace,Dirt,,8.0,1m,Classic
Badlands N Wine,"Cole, Mike","Columbo, Josep",-,7,0.0,,7,20/1,0.1054572961507268,17/2,9.48,0.18092614002217056,9/2,0.20922695647396197,4/1,US,2026-05-12,UK (base),horse_win_predictor.pkl,75,Harrington Raceway,20:52,Pace 1m,Pace,Dirt,,8.0,1m,Classic
Lucky Ramsey,"Thompson, Jaso","Copeland, Vinc",-,8,0.0,,8,20/1,0.1054572961507268,17/2,9.48,0.18092614002217056,9/2,0.20922695647396197,4/1,US,2026-05-12,UK (base),horse_win_predictor.pkl,75,Harrington Raceway,20:52,Pace 1m,Pace,Dirt,,8.0,1m,Classic
Welcometotheshow,"Thompson, Jaso","Ell, Eric",-,4,0.0,,1,9/2,0.12969304921359714,13/2,7.71,0.21999125897301844,7/2,0.2538530876328014,3/1,US,2026-05-12,UK (base),horse_win_predictor.pkl,75,Harrington Raceway,21:07,Pace 1m,Pace,Dirt,,8.0,1m,Classic
Airborne Spark,"Callahan, Core","Gannon, Edwin",-,4,0.0,,2,7/1,0.11954591577879249,15/2,8.36,0.20374966761831437,4/1,0.23532607455813506,3/1,US,2026-05-12,UK (base),horse_win_predictor.pkl,75,Harrington Raceway,21:07,Pace 1m,Pace,Dirt,,8.0,1m,Classic
Manwiththeplan,"Stafford, Art",Johnson-Staffo,-,4,0.0,,3,5/1,0.1269871469643159,7/1,7.87,0.2156762761404592,7/2,0.24893469958151293,3/1,US,2026-05-12,UK (base),horse_win_predictor.pkl,75,Harrington Raceway,21:07,Pace 1m,Pace,Dirt,,8.0,1m,Classic
Slugger On Deck,"Davis, Allan","King, Jim Jr",-,3,0.0,,4,5/2,0.14824780749438282,11/2,6.75,0.24926412354837582,3/1,0.2871452420686232,5/2,US,2026-05-12,UK (base),horse_win_predictor.pkl,75,Harrington Raceway,21:07,Pace 1m,Pace,Dirt,,8.0,1m,Classic
Hurrikane Miki,"Cole, Mike","Columbo, Josep",-,5,0.0,,5,7/1,0.11954591577879249,15/2,8.36,0.20374966761831437,4/1,0.23532607455813506,3/1,US,2026-05-12,UK (base),horse_win_predictor.pkl,75,Harrington Raceway,21:07,Pace 1m,Pace,Dirt,,8.0,1m,Classic
Hypebeast,"Morgan, Anthon","Crissman, Tim",-,5,0.0,,6,15/1,0.10838406900050736,8/1,9.23,0.18569363907042785,9/2,0.21468472784664805,7/2,US,2026-05-12,UK (base),horse_win_predictor.pkl,75,Harrington Raceway,21:07,Pace 1m,Pace,Dirt,,8.0,1m,Classic
Mr Three O Five,"Teague, Montre","Glassmeyer, A",-,5,0.0,,7,3/1,0.14186960933536275,6/1,7.05,0.2392637079612782,3/1,0.2757864949459965,5/2,US,2026-05-12,UK (base),horse_win_predictor.pkl,75,Harrington Raceway,21:07,Pace 1m,Pace,Dirt,,8.0,1m,Classic
Shore Not Beach,"Skinner, Ryder","Berry, Traci",-,4,0.0,,8,20/1,0.10572648643424899,17/2,9.46,0.18136520363466302,9/2,0.20972972258481828,4/1,US,2026-05-12,UK (base),horse_win_predictor.pkl,75,Harrington Raceway,21:07,Pace 1m,Pace,Dirt,,8.0,1m,Classic
Sweet Angel Boy,"Morgan, Anthon","Glassmeyer, A",-,8,0.0,,1,7/5,0.18920527035454177,9/2,5.29,0.311930579174227,2/1,0.35795256998160896,2/1,US,2026-05-12,UK (base),horse_win_predictor.pkl,75,Harrington Raceway,21:18,Pace 1m,Pace,Dirt,,8.0,1m,Classic
Madewrite,"Beyer, Troy","Johnson, Jason",-,4,0.0,,2,5/1,0.14234877480848337,6/1,7.02,0.24001725570368904,3/1,0.27664293603939116,5/2,US,2026-05-12,UK (base),horse_win_predictor.pkl,75,Harrington Raceway,21:18,Pace 1m,Pace,Dirt,,8.0,1m,Classic
Hes A Ladies Man,"Poliseno, Cody","Gray, Brooks",-,7,0.0,,3,8/1,0.13193622024269264,13/2,7.58,0.2235594634673041,7/2,0.2579181796765334,3/1,US,2026-05-12,UK (base),horse_win_predictor.pkl,75,Harrington Raceway,21:18,Pace 1m,Pace,Dirt,,8.0,1m,Classic
Zip Time,"Horsey, Ceba","Horsey, Ceba",-,4,0.0,,4,20/1,0.12003615788178891,15/2,8.33,0.20453814082800265,4/1,0.23622638443283278,3/1,US,2026-05-12,UK (base),horse_win_predictor.pkl,75,Harrington Raceway,21:18,Pace 1m,Pace,Dirt,,8.0,1m,Classic
Bodega Bay,"Callahan, Core","Ewing, Gary",-,11,0.0,,5,5/1,0.14234877480848337,6/1,7.02,0.24001725570368904,3/1,0.27664293603939116,5/2,US,2026-05-12,UK (base),horse_win_predictor.pkl,75,Harrington Raceway,21:18,Pace 1m,Pace,Dirt,,8.0,1m,Classic
Herb,"Givens, Brando","Bradley, Vince",-,5,0.0,,7,12/1,0.12552849435605215,7/1,7.97,0.21334536752465594,7/2,0.24627669496288235,3/1,US,2026-05-12,UK (base),horse_win_predictor.pkl,75,Harrington Raceway,21:18,Pace 1m,Pace,Dirt,,8.0,1m,Classic
Flash Move,"Thompson, Jaso","Hundertpfund,",-,6,0.0,,8,4/1,0.14859630754795783,11/2,6.73,0.24980866349281428,3/1,0.28776329697213543,5/2,US,2026-05-12,UK (base),horse_win_predictor.pkl,75,Harrington Raceway,21:18,Pace 1m,Pace,Dirt,,8.0,1m,Classic
Portugal The Man,"Foster, Russel","Kimelman, Mich",-,4,0.0,,1,7/5,0.1728815391266753,5/1,5.78,0.287276349171369,5/2,0.33017440293812916,2/1,US,2026-05-12,UK (base),horse_win_predictor.pkl,75,Harrington Raceway,21:42,Pace 1m,Pace,Dirt,,8.0,1m,Classic
Master Ofthe House,"Dalious, Barto","Gannon, Laura",-,4,0.0,,2,20/1,0.10586900129701686,17/2,9.45,0.18159760598612817,9/2,0.20999583274454492,4/1,US,2026-05-12,UK (base),horse_win_predictor.pkl,75,Harrington Raceway,21:42,Pace 1m,Pace,Dirt,,8.0,1m,Classic
The Dragon Reborn,"Davis, Allan","Davis, Tyler",-,5,0.0,,3,3/1,0.14261781236489407,6/1,7.01,0.24044018993381083,3/1,0.2771235815221546,5/2,US,2026-05-12,UK (base),horse_win_predictor.pkl,75,Harrington Raceway,21:42,Pace 1m,Pace,Dirt,,8.0,1m,Classic
Aloha Blue Chip,"Cole, Mike","Columbo, Josep",-,3,0.0,,4,5/1,0.12748594898400345,7/1,7.84,0.21647257442052467,7/2,0.24984255895922014,3/1,US,2026-05-12,UK (base),horse_win_predictor.pkl,75,Harrington Raceway,21:42,Pace 1m,Pace,Dirt,,8.0,1m,Classic
Do What U Do,"Callahan, Core","Johnson, Jason",-,4,0.0,,5,20/1,0.10586900129701686,17/2,9.45,0.18159760598612817,9/2,0.20999583274454492,4/1,US,2026-05-12,UK (base),horse_win_predictor.pkl,75,Harrington Raceway,21:42,Pace 1m,Pace,Dirt,,8.0,1m,Classic
Hunt Me Up,"Stafford, Art","Stafford, Andr",-,4,0.0,,6,4/1,0.1335386943363597,13/2,7.49,0.2261035834973997,7/2,0.2608154169327897,3/1,US,2026-05-12,UK (base),horse_win_predictor.pkl,75,Harrington Raceway,21:42,Pace 1m,Pace,Dirt,,8.0,1m,Classic
Shifty Hill,"Beyer, Troy","Harmon, Orvill",-,4,0.0,,7,20/1,0.10586900129701686,17/2,9.45,0.18159760598612817,9/2,0.20999583274454492,4/1,US,2026-05-12,UK (base),horse_win_predictor.pkl,75,Harrington Raceway,21:42,Pace 1m,Pace,Dirt,,8.0,1m,Classic
Cheezwiz,"Thompson, Jaso","Gray, Brooks",-,4,0.0,,8,20/1,0.10586900129701686,17/2,9.45,0.18159760598612817,9/2,0.20999583274454492,4/1,US,2026-05-12,UK (base),horse_win_predictor.pkl,75,Harrington Raceway,21:42,Pace 1m,Pace,Dirt,,8.0,1m,Classic
Armada Hanover,"Givens, Brando","Givens, Wayne",-,5,0.0,,1,9/2,0.14523664432256755,6/1,6.89,0.2445510134973576,3/1,0.2817939019379039,5/2,US,2026-05-12,UK (base),horse_win_predictor.pkl,75,Harrington Raceway,22:00,Pace 1m,Pace,Dirt,,8.0,1m,Classic
Wager On Me,"Cole, Mike","Columbo, Josep",-,10,0.0,,2,20/1,0.12004875076173065,15/2,8.33,0.20455838932355347,4/1,0.23624950378423704,3/1,US,2026-05-12,UK (base),horse_win_predictor.pkl,75,Harrington Raceway,22:00,Pace 1m,Pace,Dirt,,8.0,1m,Classic
Hundred Dollar Man,"Teague, Montre","Francis, Clyde",-,5,0.0,,3,2/1,0.1736745886654479,5/1,5.76,0.2884839693993162,5/2,0.3315374871745168,2/1,US,2026-05-12,UK (base),horse_win_predictor.pkl,75,Harrington Raceway,22:00,Pace 1m,Pace,Dirt,,8.0,1m,Classic
My Miki Beach,"Beyer, Troy","Bailey, Ryan",-,7,0.0,,4,9/2,0.14523664432256755,6/1,6.89,0.2445510134973576,3/1,0.2817939019379039,5/2,US,2026-05-12,UK (base),horse_win_predictor.pkl,75,Harrington Raceway,22:00,Pace 1m,Pace,Dirt,,8.0,1m,Classic
T Dog,"Foster, Russel","Kimelman, Mich",-,6,0.0,,5,10/1,0.12817387771683933,7/1,7.8,0.21757014554713378,7/2,0.2510937459834942,3/1,US,2026-05-12,UK (base),horse_win_predictor.pkl,75,Harrington Raceway,22:00,Pace 1m,Pace,Dirt,,8.0,1m,Classic
Steven's Saloon,"Thompson, Jaso","Hundertpfund,",-,5,0.0,,6,9/2,0.14523664432256755,6/1,6.89,0.2445510134973576,3/1,0.2817939019379039,5/2,US,2026-05-12,UK (base),horse_win_predictor.pkl,75,Harrington Raceway,22:00,Pace 1m,Pace,Dirt,,8.0,1m,Classic
Wehadababyetzaboy,"Stafford, Art","Crissman, Chuc",-,7,0.0,,8,5/1,0.1423928498882795,6/1,7.02,0.24008655083945823,3/1,0.27672168869615027,5/2,US,2026-05-12,UK (base),horse_win_predictor.pkl,75,Harrington Raceway,22:00,Pace 1m,Pace,Dirt,,8.0,1m,Classic
Iheartmum,"Davis, Eric","Davis, Janet",-,3,0.0,,1,6/1,0.12341737611875137,7/1,8.1,0.2099657980313226,4/1,0.24242145624853678,3/1,US,2026-05-12,UK (base),horse_win_predictor.pkl,75,Harrington Raceway,22:18,Pace 1m,Pace,Dirt,,8.0,1m,Classic
He's Peeping,"Thompson, Jaso","King, Jim Jr",-,3,0.0,,2,3/1,0.14306374154114823,6/1,6.99,0.24114094745906486,3/1,0.27791989967828357,5/2,US,2026-05-12,UK (base),horse_win_predictor.pkl,75,Harrington Raceway,22:18,Pace 1m,Pace,Dirt,,8.0,1m,Classic
Hickock,"Givens, Brando","Givens, Wayne",-,3,0.0,,3,5/1,0.12778323510150622,7/1,7.83,0.21694697904430574,7/2,0.25038338302285557,3/1,US,2026-05-12,UK (base),horse_win_predictor.pkl,75,Harrington Raceway,22:18,Pace 1m,Pace,Dirt,,8.0,1m,Classic
Freddie Hill,"Stafford, Art","Bailey, Ryan",-,4,0.0,,4,9/1,0.11555882994979262,15/2,8.65,0.19732281936613466,4/1,0.2279843153972629,7/2,US,2026-05-12,UK (base),horse_win_predictor.pkl,75,Harrington Raceway,22:18,Pace 1m,Pace,Dirt,,8.0,1m,Classic
Always Has Been,"Morgan, Anthon","Reynolds, Will",-,3,0.0,,5,9/5,0.16271010696354507,5/1,6.15,0.2716985294079105,5/2,0.31256918782454757,2/1,US,2026-05-12,UK (base),horse_win_predictor.pkl,75,Harrington Raceway,22:18,Pace 1m,Pace,Dirt,,8.0,1m,Classic
Boomerang Cowboy,"Cole, Mike","Short, Robert",-,5,0.0,,6,20/1,0.10595394018773194,17/2,9.44,0.18173610238487312,9/2,0.21015441320880104,4/1,US,2026-05-12,UK (base),horse_win_predictor.pkl,75,Harrington Raceway,22:18,Pace 1m,Pace,Dirt,,8.0,1m,Classic
Wheelhouse Hanover,"Beyer, Troy","Johnson, Jason",-,4,0.0,,7,20/1,0.10595394018773194,17/2,9.44,0.18173610238487312,9/2,0.21015441320880104,4/1,US,2026-05-12,UK (base),horse_win_predictor.pkl,75,Harrington Raceway,22:18,Pace 1m,Pace,Dirt,,8.0,1m,Classic
More Medhurst,"Foster, Russel","Millman, Ronal",-,4,0.0,,8,9/1,0.11555882994979262,15/2,8.65,0.19732281936613466,4/1,0.2279843153972629,7/2,US,2026-05-12,UK (base),horse_win_predictor.pkl,75,Harrington Raceway,22:18,Pace 1m,Pace,Dirt,,8.0,1m,Classic
Rockmyster N,"Green, Jason","Munson, Daniel",-,8,0.0,,1,20/1,0.1059441941197848,17/2,9.44,0.18172021160146012,9/2,0.21013621815708836,4/1,US,2026-05-12,UK (base),horse_win_predictor.pkl,75,Harrington Raceway,22:36,Pace 1m,Pace,Dirt,,8.0,1m,Classic
Imoutthedoor,"Scicluna, Chri","Rash, Kristyan",-,8,0.0,,2,8/1,0.11757348998320157,15/2,8.51,0.20057346153229882,4/1,0.23169845086321028,7/2,US,2026-05-12,UK (base),horse_win_predictor.pkl,75,Harrington Raceway,22:36,Pace 1m,Pace,Dirt,,8.0,1m,Classic
Chip In Blue,"Stafford, Art","Ell, Eric",-,5,0.0,,3,8/5,0.16766891831791997,5/1,5.96,0.2793137600363349,5/2,0.3211805756807405,2/1,US,2026-05-12,UK (base),horse_win_predictor.pkl,75,Harrington Raceway,22:36,Pace 1m,Pace,Dirt,,8.0,1m,Classic
World Beater,"Morgan, Anthon","Crissman, Tim",-,4,0.0,,4,9/2,0.13052429674018842,13/2,7.66,0.22131446050072257,7/2,0.2553607719109229,3/1,US,2026-05-12,UK (base),horse_win_predictor.pkl,75,Harrington Raceway,22:36,Pace 1m,Pace,Dirt,,8.0,1m,Classic
Metallica,"Thompson, Jaso","Hundertpfund,",-,8,0.0,,5,6/1,0.12338813791490993,7/1,8.1,0.2099189421843508,4/1,0.24236799378539114,3/1,US,2026-05-12,UK (base),horse_win_predictor.pkl,75,Harrington Raceway,22:36,Pace 1m,Pace,Dirt,,8.0,1m,Classic
Sprocket,"Davis, Allan","Davis, Tyler",-,11,0.0,,6,3/1,0.14301257468442574,6/1,6.99,0.24106055721767158,3/1,0.2778285506676388,5/2,US,2026-05-12,UK (base),horse_win_predictor.pkl,75,Harrington Raceway,22:36,Pace 1m,Pace,Dirt,,8.0,1m,Classic
Lous Sassin,"Foster, Russel","Foster, Arty I",-,7,0.0,,7,20/1,0.1059441941197848,17/2,9.44,0.18172021160146012,9/2,0.21013621815708836,4/1,US,2026-05-12,UK (base),horse_win_predictor.pkl,75,Harrington Raceway,22:36,Pace 1m,Pace,Dirt,,8.0,1m,Classic
Defiant Character,"Porter, Trae","Marsh, Jeffrey",-,4,0.0,,8,20/1,0.1059441941197848,17/2,9.44,0.18172021160146012,9/2,0.21013621815708836,4/1,US,2026-05-12,UK (base),horse_win_predictor.pkl,75,Harrington Raceway,22:36,Pace 1m,Pace,Dirt,,8.0,1m,Classic
Asteroid Ccl,"Morgan, Anthon","Marsh, Harry J",-,5,0.0,,1,9/2,0.15935138478189445,11/2,6.28,0.2665182015418841,3/1,0.3067057578268802,5/2,US,2026-05-12,UK (base),horse_win_predictor.pkl,75,Harrington Raceway,22:54,Pace 1m,Pace,Dirt,,8.0,1m,Classic
Imahungrybaker,"Foster, Russel","Polk, George J",-,5,0.0,,2,15/1,0.12769370518544287,7/1,7.83,0.21680412345860772,7/2,0.2502205303110445,3/1,US,2026-05-12,UK (base),horse_win_predictor.pkl,75,Harrington Raceway,22:54,Pace 1m,Pace,Dirt,,8.0,1m,Classic
Clouseau,"Dalious, W Bar","Dalious, W Bar",-,3,0.0,,3,12/1,0.1315204576641348,13/2,7.6,0.2228987191680959,7/2,0.2571655672320813,3/1,US,2026-05-12,UK (base),horse_win_predictor.pkl,75,Harrington Raceway,22:54,Pace 1m,Pace,Dirt,,8.0,1m,Classic
Commander Crunch,"Skinner, Ryder","Skinner, Jason",-,3,0.0,,4,9/2,0.15935138478189445,11/2,6.28,0.2665182015418841,3/1,0.3067057578268802,5/2,US,2026-05-12,UK (base),horse_win_predictor.pkl,75,Harrington Raceway,22:54,Pace 1m,Pace,Dirt,,8.0,1m,Classic
Good Lookin,"Givens, Brando","Bright, Willia",-,3,0.0,,5,5/1,0.15533136197599584,11/2,6.44,0.26029418594613823,3/1,0.2996552449349416,5/2,US,2026-05-12,UK (base),horse_win_predictor.pkl,75,Harrington Raceway,22:54,Pace 1m,Pace,Dirt,,8.0,1m,Classic
Prime Hanover,"Green, Jason","Ratledge, Nico",-,3,0.0,,6,10/1,0.13523124794650276,13/2,7.39,0.22878625396677016,7/2,0.2638693812243704,3/1,US,2026-05-12,UK (base),horse_win_predictor.pkl,75,Harrington Raceway,22:54,Pace 1m,Pace,Dirt,,8.0,1m,Classic
Ricky Hill,"Cole, Mike","Columbo, Josep",-,4,0.0,,7,12/1,0.1315204576641348,13/2,7.6,0.2228987191680959,7/2,0.2571655672320813,3/1,US,2026-05-12,UK (base),horse_win_predictor.pkl,75,Harrington Raceway,22:54,Pace 1m,Pace,Dirt,,8.0,1m,Classic
Uncle Dd,"Givens, Brando","Bradley, Vince",-,6,0.0,,1,5/2,0.1482589048378522,11/2,6.74,0.24928146641715854,3/1,0.2871649270093984,5/2,US,2026-05-12,UK (base),horse_win_predictor.pkl,75,Harrington Raceway,23:12,Pace 1m,Pace,Dirt,,8.0,1m,Classic
Blood Feud,"Davis, Allan","Davis, Tyler",-,8,0.0,,2,5/2,0.1482589048378522,11/2,6.74,0.24928146641715854,3/1,0.2871649270093984,5/2,US,2026-05-12,UK (base),horse_win_predictor.pkl,75,Harrington Raceway,23:12,Pace 1m,Pace,Dirt,,8.0,1m,Classic
Hurrikane Georgie,"Stafford, Art","Hanley, Erica",-,8,0.0,,3,9/5,0.1610180754917597,5/1,6.21,0.2690910793771114,5/2,0.3096184558341183,2/1,US,2026-05-12,UK (base),horse_win_predictor.pkl,75,Harrington Raceway,23:12,Pace 1m,Pace,Dirt,,8.0,1m,Classic
Kerford Road A,"Horsey, Ceba","Horsey, Ceba",-,12,0.0,,4,20/1,0.10572833599149388,17/2,9.46,0.1813682199594648,9/2,0.2097331764474539,4/1,US,2026-05-12,UK (base),horse_win_predictor.pkl,75,Harrington Raceway,23:12,Pace 1m,Pace,Dirt,,8.0,1m,Classic
The Candyman Can,"Morgan, Anthon","Ewing, Gary",-,9,0.0,,5,20/1,0.10572833599149388,17/2,9.46,0.1813682199594648,9/2,0.2097331764474539,4/1,US,2026-05-12,UK (base),horse_win_predictor.pkl,75,Harrington Raceway,23:12,Pace 1m,Pace,Dirt,,8.0,1m,Classic
Topville Somrocket,"Beyer, Troy","Johnson, Jason",-,7,0.0,,6,20/1,0.10572833599149388,17/2,9.46,0.1813682199594648,9/2,0.2097331764474539,4/1,US,2026-05-12,UK (base),horse_win_predictor.pkl,75,Harrington Raceway,23:12,Pace 1m,Pace,Dirt,,8.0,1m,Classic
Ds Heartland,"Thompson, Jaso","Hundertpfund,",-,7,0.0,,7,7/1,0.11955077086656034,15/2,8.36,0.20375747810797756,4/1,0.23533499332350902,3/1,US,2026-05-12,UK (base),horse_win_predictor.pkl,75,Harrington Raceway,23:12,Pace 1m,Pace,Dirt,,8.0,1m,Classic
Under Contract,"Cole, Mike","Columbo, Josep",-,8,0.0,,8,20/1,0.10572833599149388,17/2,9.46,0.1813682199594648,9/2,0.2097331764474539,4/1,US,2026-05-12,UK (base),horse_win_predictor.pkl,75,Harrington Raceway,23:12,Pace 1m,Pace,Dirt,,8.0,1m,Classic
Brookview Dice,"Thompson, Jaso","Kirby, Tom",-,6,0.0,,1,5/1,0.12748594898400345,7/1,7.84,0.21647257442052467,7/2,0.24984255895922014,3/1,US,2026-05-12,UK (base),horse_win_predictor.pkl,75,Harrington Raceway,23:30,Pace 1m,Pace,Dirt,,8.0,1m,Classic
Jersey Beach,"Rearic, David","Rearic, David",-,5,0.0,,2,4/1,0.1335386943363597,13/2,7.49,0.2261035834973997,7/2,0.2608154169327897,3/1,US,2026-05-12,UK (base),horse_win_predictor.pkl,75,Harrington Raceway,23:30,Pace 1m,Pace,Dirt,,8.0,1m,Classic
Salazar Hanover,"Givens, Brando","Givens, Les",-,4,0.0,,3,3/1,0.14261781236489407,6/1,7.01,0.24044018993381083,3/1,0.2771235815221546,5/2,US,2026-05-12,UK (base),horse_win_predictor.pkl,75,Harrington Raceway,23:30,Pace 1m,Pace,Dirt,,8.0,1m,Classic
Hotchkiss,"Stafford, Art","Stafford, Andr",-,4,0.0,,4,7/5,0.1728815391266753,5/1,5.78,0.287276349171369,5/2,0.33017440293812916,2/1,US,2026-05-12,UK (base),horse_win_predictor.pkl,75,Harrington Raceway,23:30,Pace 1m,Pace,Dirt,,8.0,1m,Classic
Up To Mama,"Davis, Allan","Dennis, Darryl",-,4,0.0,,5,20/1,0.10586900129701686,17/2,9.45,0.18159760598612817,9/2,0.20999583274454492,4/1,US,2026-05-12,UK (base),horse_win_predictor.pkl,75,Harrington Raceway,23:30,Pace 1m,Pace,Dirt,,8.0,1m,Classic
Cavalli Island,"Wolfenden, Ros","Wolfenden, Ros",-,5,0.0,,6,20/1,0.10586900129701686,17/2,9.45,0.18159760598612817,9/2,0.20999583274454492,4/1,US,2026-05-12,UK (base),horse_win_predictor.pkl,75,Harrington Raceway,23:30,Pace 1m,Pace,Dirt,,8.0,1m,Classic
Don't Say Maybe,"Porter, Trae","Truitt, Bryan",-,4,0.0,,7,20/1,0.10586900129701686,17/2,9.45,0.18159760598612817,9/2,0.20999583274454492,4/1,US,2026-05-12,UK (base),horse_win_predictor.pkl,75,Harrington Raceway,23:30,Pace 1m,Pace,Dirt,,8.0,1m,Classic
Southwind Iron,"Green, Jason","Sullivan, Jami",-,3,0.0,,8,20/1,0.10586900129701686,17/2,9.45,0.18159760598612817,9/2,0.20999583274454492,4/1,US,2026-05-12,UK (base),horse_win_predictor.pkl,75,Harrington Raceway,23:30,Pace 1m,Pace,Dirt,,8.0,1m,Classic
Southwind Pharoah,"Cole, Mike","Columbo, Josep",-,7,0.0,,1,10/1,0.11403903903903904,8/1,8.77,0.1948663483303123,4/1,0.22517658931453977,7/2,US,2026-05-12,UK (base),horse_win_predictor.pkl,75,Harrington Raceway,23:48,Pace 1m,Pace,Dirt,,8.0,1m,Classic
Art Scaping,"Thompson, Jaso","Hundertpfund,",-,8,0.0,,2,5/1,0.12805305305305306,7/1,7.81,0.2173774279785291,7/2,0.2508740685755826,3/1,US,2026-05-12,UK (base),horse_win_predictor.pkl,75,Harrington Raceway,23:48,Pace 1m,Pace,Dirt,,8.0,1m,Classic
Iwannabewithyou,"Stafford, Art","Crissman, Chuc",-,7,0.0,,3,9/5,0.1632882882882883,5/1,6.12,0.27258846684522364,5/2,0.3135760338040744,2/1,US,2026-05-12,UK (base),horse_win_predictor.pkl,75,Harrington Raceway,23:48,Pace 1m,Pace,Dirt,,8.0,1m,Classic
Primary Colors,"Teague, Montre","Gara, Molly",-,8,0.0,,4,6/1,0.12364864864864865,7/1,8.09,0.210336376917458,4/1,0.2428442750182615,3/1,US,2026-05-12,UK (base),horse_win_predictor.pkl,75,Harrington Raceway,23:48,Pace 1m,Pace,Dirt,,8.0,1m,Classic
Top Genius,"Wolfenden, Ros","Dixon, John",-,7,0.0,,5,20/1,0.10603103103103102,17/2,9.43,0.18186179222265308,9/2,0.21029832766951134,4/1,US,2026-05-12,UK (base),horse_win_predictor.pkl,75,Harrington Raceway,23:48,Pace 1m,Pace,Dirt,,8.0,1m,Classic
On The Cards N,"Foster, Russel","Reynolds, Will",-,11,0.0,,6,20/1,0.10603103103103102,17/2,9.43,0.18186179222265308,9/2,0.21029832766951134,4/1,US,2026-05-12,UK (base),horse_win_predictor.pkl,75,Harrington Raceway,23:48,Pace 1m,Pace,Dirt,,8.0,1m,Classic
Forward Look,"Davis, Allan","Davis, Brendan",-,6,0.0,,7,9/2,0.13085585585585585,13/2,7.64,0.22184193653112572,7/2,0.2559617167843519,3/1,US,2026-05-12,UK (base),horse_win_predictor.pkl,75,Harrington Raceway,23:48,Pace 1m,Pace,Dirt,,8.0,1m,Classic
Stunners Wish,"Morgan, Anthon","Crissman, Tim",-,8,0.0,,8,5/1,0.12805305305305306,7/1,7.81,0.2173774279785291,7/2,0.2508740685755826,3/1,US,2026-05-12,UK (base),horse_win_predictor.pkl,75,Harrington Raceway,23:48,Pace 1m,Pace,Dirt,,8.0,1m,Classic
Think Big,"Cole, Mike","Short, Robert",-,5,0.0,,1,20/1,0.10570152519979913,17/2,9.46,0.1813244954159874,9/2,0.20968310924705802,4/1,US,2026-05-12,UK (base),horse_win_predictor.pkl,75,Harrington Raceway,00:06,Pace 1m,Pace,Dirt,,8.0,1m,Classic
Ragnar,"Morgan, Anthon","Murray, Brando",-,6,0.0,,2,6/1,0.12266013115495296,7/1,8.15,0.20875182985895513,4/1,0.24103621687295593,3/1,US,2026-05-12,UK (base),horse_win_predictor.pkl,75,Harrington Raceway,00:06,Pace 1m,Pace,Dirt,,8.0,1m,Classic
Arette,"Davis, Allan","King, Jim Jr",-,3,0.0,,3,2/1,0.1565773430652606,11/2,6.39,0.2622260460283681,3/1,0.30184430963953335,5/2,US,2026-05-12,UK (base),horse_win_predictor.pkl,75,Harrington Raceway,00:06,Pace 1m,Pace,Dirt,,8.0,1m,Classic
K D's Song,"Teague, Montre","Francis, Clyde",-,3,0.0,,4,8/5,0.16570890011803574,5/1,6.03,0.276308468549801,5/2,0.317783306711713,2/1,US,2026-05-12,UK (base),horse_win_predictor.pkl,75,Harrington Raceway,00:06,Pace 1m,Pace,Dirt,,8.0,1m,Classic
Roman Raider,"Dalious, Barto","Givens, Wayne",-,3,0.0,,5,9/2,0.12959774268206134,13/2,7.72,0.2198394769010818,7/2,0.2536801272332145,3/1,US,2026-05-12,UK (base),horse_win_predictor.pkl,75,Harrington Raceway,00:06,Pace 1m,Pace,Dirt,,8.0,1m,Classic
Sweetnfast,"Beyer, Troy","Johnson, Jason",-,3,0.0,,6,20/1,0.10570152519979913,17/2,9.46,0.1813244954159874,9/2,0.20968310924705802,4/1,US,2026-05-12,UK (base),horse_win_predictor.pkl,75,Harrington Raceway,00:06,Pace 1m,Pace,Dirt,,8.0,1m,Classic
Fastest Road,"Stafford, Art","Jarman, Roy",-,4,0.0,,7,20/1,0.10570152519979913,17/2,9.46,0.1813244954159874,9/2,0.20968310924705802,4/1,US,2026-05-12,UK (base),horse_win_predictor.pkl,75,Harrington Raceway,00:06,Pace 1m,Pace,Dirt,,8.0,1m,Classic
Speaksoftlytome,"Foster, Russel","Hundertpfund,",-,3,0.0,,8,15/1,0.10835130738029192,8/1,9.23,0.18564034863571066,9/2,0.21462373910649268,7/2,US,2026-05-12,UK (base),horse_win_predictor.pkl,75,Harrington Raceway,00:06,Pace 1m,Pace,Dirt,,8.0,1m,Classic
Master Rigger,"Dalious, Barto","Dalious, W Bar",-,7,0.0,,1,7/2,0.13789457047260145,13/2,7.25,0.23299829679802403,7/2,0.2686621941700575,5/2,US,2026-05-12,UK (base),horse_win_predictor.pkl,75,Harrington Raceway,00:24,Pace 1m,Pace,Dirt,,8.0,1m,Classic
Ats Hanover,"Thompson, Jaso","Hundertpfund,",-,7,0.0,,2,5/1,0.12772648341000664,7/1,7.83,0.2168564264865826,7/2,0.25028015514029855,3/1,US,2026-05-12,UK (base),horse_win_predictor.pkl,75,Harrington Raceway,00:24,Pace 1m,Pace,Dirt,,8.0,1m,Classic
Proper One,"Poliseno, Cody","Poliseno, Carl",-,12,0.0,,3,15/1,0.10866132016764138,8/1,9.2,0.18614455030129476,9/2,0.21520076160141477,7/2,US,2026-05-12,UK (base),horse_win_predictor.pkl,75,Harrington Raceway,00:24,Pace 1m,Pace,Dirt,,8.0,1m,Classic
Tyson Hanover,"Foster, Russel","Reynolds, Will",-,5,0.0,,4,5/1,0.12772648341000664,7/1,7.83,0.2168564264865826,7/2,0.25028015514029855,3/1,US,2026-05-12,UK (base),horse_win_predictor.pkl,75,Harrington Raceway,00:24,Pace 1m,Pace,Dirt,,8.0,1m,Classic
Saulsbrook Genesis,"Callahan, Core","Johnson, Jason",-,8,0.0,,5,5/1,0.12772648341000664,7/1,7.83,0.2168564264865826,7/2,0.25028015514029855,3/1,US,2026-05-12,UK (base),horse_win_predictor.pkl,75,Harrington Raceway,00:24,Pace 1m,Pace,Dirt,,8.0,1m,Classic
Back Pocket Miki,"Cole, Mike","Columbo, Josep",-,6,0.0,,6,20/1,0.10593772541873206,17/2,9.44,0.18170966442020198,9/2,0.2101241415457532,4/1,US,2026-05-12,UK (base),horse_win_predictor.pkl,75,Harrington Raceway,00:24,Pace 1m,Pace,Dirt,,8.0,1m,Classic
Joker On Jack,"Davis, Allan","Ell, Eric",-,6,0.0,,7,4/1,0.13382733564756355,13/2,7.47,0.2265613995523939,7/2,0.2613366735167053,3/1,US,2026-05-12,UK (base),horse_win_predictor.pkl,75,Harrington Raceway,00:24,Pace 1m,Pace,Dirt,,8.0,1m,Classic
Rocknroll Lou,"Morgan, Anthon","Glassmeyer, A",-,5,0.0,,8,9/2,0.1304995980634416,13/2,7.66,0.22127516043841905,7/2,0.25531599632903557,3/1,US,2026-05-12,UK (base),horse_win_predictor.pkl,75,Harrington Raceway,00:24,Pace 1m,Pace,Dirt,,8.0,1m,Classic
Sir Charles Of Sky,"Beyer, Troy","Johnson, Jason",-,8,0.0,,1,5/1,0.12788363264710176,7/1,7.82,0.21710715996556806,7/2,0.2505659827099929,3/1,US,2026-05-12,UK (base),horse_win_predictor.pkl,75,Harrington Raceway,00:42,Pace 1m,Pace,Dirt,,8.0,1m,Classic
Live Love Lindy,"Lynch, A Toby","Lynch, A Toby",-,6,0.0,,2,7/2,0.13810410278872828,6/1,7.24,0.2333291904540472,7/2,0.2690385983285418,5/2,US,2026-05-12,UK (base),horse_win_predictor.pkl,75,Harrington Raceway,00:42,Pace 1m,Pace,Dirt,,8.0,1m,Classic
Adam Twelve,"Callahan, Core","Callahan, Nich",-,6,0.0,,3,2/1,0.1585450430719813,11/2,6.31,0.2652718529834093,3/1,0.30529440670019475,5/2,US,2026-05-12,UK (base),horse_win_predictor.pkl,75,Harrington Raceway,00:42,Pace 1m,Pace,Dirt,,8.0,1m,Classic
Balder Son,"Cole, Mike","Columbo, Josep",-,10,0.0,,4,4/1,0.1340159147320777,13/2,7.46,0.22686043419655944,7/2,0.2616771289957401,3/1,US,2026-05-12,UK (base),horse_win_predictor.pkl,75,Harrington Raceway,00:42,Pace 1m,Pace,Dirt,,8.0,1m,Classic
D Day Hill,"Davis, Allan","Marsh, Harry J",-,10,0.0,,5,20/1,0.10598262520075924,17/2,9.44,0.18178287188581094,9/2,0.21020796439270534,4/1,US,2026-05-12,UK (base),horse_win_predictor.pkl,75,Harrington Raceway,00:42,Pace 1m,Pace,Dirt,,8.0,1m,Classic
Brazen Brazilian,"Foster, Russel","Kimelman, Mich",-,9,0.0,,6,6/1,0.12350343115783326,7/1,8.1,0.21010369807789375,4/1,0.24257879817291644,3/1,US,2026-05-12,UK (base),horse_win_predictor.pkl,75,Harrington Raceway,00:42,Pace 1m,Pace,Dirt,,8.0,1m,Classic
Girldad,"Thompson, Jaso","Cook, S. Dale",-,6,0.0,,7,20/1,0.10598262520075924,17/2,9.44,0.18178287188581094,9/2,0.21020796439270534,4/1,US,2026-05-12,UK (base),horse_win_predictor.pkl,75,Harrington Raceway,00:42,Pace 1m,Pace,Dirt,,8.0,1m,Classic
Double Metal,"Poliseno, Cody","Poliseno, Carl",-,8,0.0,,8,20/1,0.10598262520075924,17/2,9.44,0.18178287188581094,9/2,0.21020796439270534,4/1,US,2026-05-12,UK (base),horse_win_predictor.pkl,75,Harrington Raceway,00:42,Pace 1m,Pace,Dirt,,8.0,1m,Classic
Hunted Prayer,Gutierrez Jose R,Haran John,-,3,115.0,,1,5/1,0.11832728817355186,15/2,8.45,0.2017880410111879,4/1,0.23308582332530142,7/2,US,2026-05-12,UK (base),horse_win_predictor.pkl,75,Horseshoe Indianapolis,18:16,Maiden Special Weight 6f,Maiden Special Weight,Dirt,,6.0,6f,Sprint
Powerful Justice,De La Cruz Fernando,Klopp Randy L,-,3,120.0,,2,10/1,0.10382386313394636,17/2,9.63,0.17825943799625832,9/2,0.2061727785696253,4/1,US,2026-05-12,UK (base),horse_win_predictor.pkl,75,Horseshoe Indianapolis,18:16,Maiden Special Weight 6f,Maiden Special Weight,Dirt,,6.0,6f,Sprint
Unbridled Valor,Romero Joseph M,Garcia Israel J,-,3,115.0,,3,20/1,0.0955361916827432,19/2,10.47,0.16466341389194428,5/1,0.19058612222039467,4/1,US,2026-05-12,UK (base),horse_win_predictor.pkl,75,Horseshoe Indianapolis,18:16,Maiden Special Weight 6f,Maiden Special Weight,Dirt,,6.0,6f,Sprint
It's My Song,Prescott Rodney A,Duran Antonio,-,3,120.0,,4,12/1,0.10114630774201919,9/1,9.89,0.17387889347975993,5/1,0.20115361313141272,4/1,US,2026-05-12,UK (base),horse_win_predictor.pkl,75,Horseshoe Indianapolis,18:16,Maiden Special Weight 6f,Maiden Special Weight,Dirt,,6.0,6f,Sprint
Mitchell's Joy,Sanjur Santo,Haran John,-,3,120.0,,5,6/1,0.11376906887539012,8/1,8.79,0.19442960314948363,4/1,0.2246773035022687,7/2,US,2026-05-12,UK (base),horse_win_predictor.pkl,75,Horseshoe Indianapolis,18:16,Maiden Special Weight 6f,Maiden Special Weight,Dirt,,6.0,6f,Sprint
Up N Up,Bermudez Samuel E,Lauer Michael E,-,4,124.0,,6,6/1,0.11376906887539012,8/1,8.79,0.19442960314948363,4/1,0.2246773035022687,7/2,US,2026-05-12,UK (base),horse_win_predictor.pkl,75,Horseshoe Indianapolis,18:16,Maiden Special Weight 6f,Maiden Special Weight,Dirt,,6.0,6f,Sprint
Maximum Justice,"Pedroza, Jr. Marcelino",Garcia Genaro,-,3,120.0,,7,9/2,0.12122797318147296,7/1,8.25,0.206453374541301,4/1,0.2384129000512365,3/1,US,2026-05-12,UK (base),horse_win_predictor.pkl,75,Horseshoe Indianapolis,18:16,Maiden Special Weight 6f,Maiden Special Weight,Dirt,,6.0,6f,Sprint
Rioja Alta,Morales Joshua,Cunningham Anthony F,-,3,120.0,,8,4/1,0.12470879519097829,7/1,8.02,0.21203400446537263,7/2,0.2447809579432705,3/1,US,2026-05-12,UK (base),horse_win_predictor.pkl,75,Horseshoe Indianapolis,18:16,Maiden Special Weight 6f,Maiden Special Weight,Dirt,,6.0,6f,Sprint
Ta Ta Today Junior,Murrill Mitchell,Eggleston Tim,-,3,120.0,,9,8/1,0.10769144314450782,17/2,9.29,0.18456664011887666,9/2,0.21339483898426498,7/2,US,2026-05-12,UK (base),horse_win_predictor.pkl,75,Horseshoe Indianapolis,18:16,Maiden Special Weight 6f,Maiden Special Weight,Dirt,,6.0,6f,Sprint
C C's Gift,"Pedroza, Jr. Marcelino",Garcia Genaro,-,2,116.0,,1,4/1,0.16630284508477042,5/1,6.01,0.2772198121259554,5/2,0.3188136747663998,2/1,US,2026-05-12,UK (base),horse_win_predictor.pkl,75,Horseshoe Indianapolis,18:46,Maiden Claiming 5f,Maiden Claiming,Dirt,,5.0,5f,Sprint
Fizzypopberrytwist,Sheehy Danny,Mcentee Paul,-,2,119.0,,2,3/1,0.17547114894855562,9/2,5.7,0.29121596881673917,5/2,0.334620276267308,2/1,US,2026-05-12,UK (base),horse_win_predictor.pkl,75,Horseshoe Indianapolis,18:46,Maiden Claiming 5f,Maiden Claiming,Dirt,,5.0,5f,Sprint
Baytown Sassy,Bealmear Joseph C,Mcentee Paul,-,2,119.0,,3,6/1,0.15582478352615875,11/2,6.42,0.2610595198183064,3/1,0.30052254592786176,5/2,US,2026-05-12,UK (base),horse_win_predictor.pkl,75,Horseshoe Indianapolis,18:46,Maiden Claiming 5f,Maiden Claiming,Dirt,,5.0,5f,Sprint
Pioneer Sky,Gutierrez Jose R,Garcia Israel J,-,2,111.0,,4,7/2,0.1703776468020083,5/1,5.87,0.283456930219783,5/2,0.3258616615014485,2/1,US,2026-05-12,UK (base),horse_win_predictor.pkl,75,Horseshoe Indianapolis,18:46,Maiden Claiming 5f,Maiden Claiming,Dirt,,5.0,5f,Sprint
Techwerkian,Sanjur Santo,Hernandez Rey,-,2,119.0,,5,5/2,0.1820199374226879,9/2,5.49,0.30113088126535087,5/2,0.34579748520634945,2/1,US,2026-05-12,UK (base),horse_win_predictor.pkl,75,Horseshoe Indianapolis,18:46,Maiden Claiming 5f,Maiden Claiming,Dirt,,5.0,5f,Sprint
Mesdemon,Roman Constantino,Torres Marcelino,-,2,119.0,,6,8/1,0.15000363821581894,11/2,6.67,0.2520056756060883,3/1,0.29025643962743924,5/2,US,2026-05-12,UK (base),horse_win_predictor.pkl,75,Horseshoe Indianapolis,18:46,Maiden Claiming 5f,Maiden Claiming,Dirt,,5.0,5f,Sprint
Inflammabelle,Sanjur Santo,Labra Rogelio,-,5,122.0,,1,12/1,0.14559678291430114,6/1,6.87,0.24511547068974676,3/1,0.28243497860553884,5/2,US,2026-05-12,UK (base),horse_win_predictor.pkl,75,Horseshoe Indianapolis,19:16,Allowance 6f,Allowance,Dirt,,6.0,6f,Sprint
Fancy Fascinator,Pauly Summer,"Moger, Jr. Ed",-,5,117.0,,3,5/2,0.1889361989726953,9/2,5.29,0.31152764832505164,2/1,0.3574994418321853,2/1,US,2026-05-12,UK (base),horse_win_predictor.pkl,75,Horseshoe Indianapolis,19:16,Allowance 6f,Allowance,Dirt,,6.0,6f,Sprint
Fat Chance,Murrill Mitchell,Eggleston Tim,-,4,119.0,,4,4/1,0.1711442281697756,5/1,5.84,0.2846273332369335,5/2,0.32718349763711774,2/1,US,2026-05-12,UK (base),horse_win_predictor.pkl,75,Horseshoe Indianapolis,19:16,Allowance 6f,Allowance,Dirt,,6.0,6f,Sprint
Spirited Justice,Contreras Luis,Medina Tomas,-,3,115.0,,5,6/1,0.15928291430116245,11/2,6.28,0.2664124083114753,3/1,0.3065859685653426,5/2,US,2026-05-12,UK (base),horse_win_predictor.pkl,75,Horseshoe Indianapolis,19:16,Allowance 6f,Allowance,Dirt,,6.0,6f,Sprint
Devil Of Paradis,Roman Constantino,Evans Ii Michael,-,5,122.0,,7,6/1,0.15928291430116245,11/2,6.28,0.2664124083114753,3/1,0.3065859685653426,5/2,US,2026-05-12,UK (base),horse_win_predictor.pkl,75,Horseshoe Indianapolis,19:16,Allowance 6f,Allowance,Dirt,,6.0,6f,Sprint
Patty Van Twinkle,"Pedroza, Jr. Marcelino",Garcia Genaro,-,6,122.0,,8,7/2,0.17575696134090293,9/2,5.69,0.29165012284579517,5/2,0.33511005841012975,2/1,US,2026-05-12,UK (base),horse_win_predictor.pkl,75,Horseshoe Indianapolis,19:16,Allowance 6f,Allowance,Dirt,,6.0,6f,Sprint
Just Ruthless,Torres Jaime A,Mott Riley,-,4,122.0,,1,3/1,0.18299814577093143,9/2,5.46,0.3026060053031973,5/2,0.347458952627797,2/1,US,2026-05-12,UK (base),horse_win_predictor.pkl,75,Horseshoe Indianapolis,19:46,Allowance Optional Claiming 8f,Allowance Optional Claiming,Turf,,8.0,8f,Classic
Sassy Allie,Hisby Ronald,Mitchell Sherman S,-,5,122.0,,2,15/1,0.12908286977606617,13/2,7.75,0.21901925578121922,7/2,0.25274540053315164,3/1,US,2026-05-12,UK (base),horse_win_predictor.pkl,75,Horseshoe Indianapolis,19:46,Allowance Optional Claiming 8f,Allowance Optional Claiming,Turf,,8.0,8f,Classic
Viral Plane Lady,Prescott Rodney A,Labra Rogelio,-,4,122.0,,3,8/1,0.14306090429325347,6/1,6.99,0.2411364898580935,3/1,0.2779148344449085,5/2,US,2026-05-12,UK (base),horse_win_predictor.pkl,75,Horseshoe Indianapolis,19:46,Allowance Optional Claiming 8f,Allowance Optional Claiming,Turf,,8.0,8f,Classic
Bilyana,De La Cruz Fernando,Foster Eric N,-,4,122.0,,5,8/1,0.14306090429325347,6/1,6.99,0.2411364898580935,3/1,0.2779148344449085,5/2,US,2026-05-12,UK (base),horse_win_predictor.pkl,75,Horseshoe Indianapolis,19:46,Allowance Optional Claiming 8f,Allowance Optional Claiming,Turf,,8.0,8f,Classic
Always Wanting,Gutierrez Jose R,Elliott Michelle L,-,5,117.0,,6,20/1,0.12480387961774356,7/1,8.01,0.21218617661782624,7/2,0.24495453799285724,3/1,US,2026-05-12,UK (base),horse_win_predictor.pkl,75,Horseshoe Indianapolis,19:46,Allowance Optional Claiming 8f,Allowance Optional Claiming,Turf,,8.0,8f,Classic
Junta,Ramos Joseph D,Granitz Anthony J,-,4,122.0,,7,6/1,0.1521894166310084,11/2,6.57,0.25541165510822583,3/1,0.29411999453718235,5/2,US,2026-05-12,UK (base),horse_win_predictor.pkl,75,Horseshoe Indianapolis,19:46,Allowance Optional Claiming 8f,Allowance Optional Claiming,Turf,,8.0,8f,Classic
Polka Polenta,Bermudez Samuel E,"Cazares, Jr. Rene",-,8,122.0,,8,20/1,0.12480387961774356,7/1,8.01,0.21218617661782624,7/2,0.24495453799285724,3/1,US,2026-05-12,UK (base),horse_win_predictor.pkl,75,Horseshoe Indianapolis,19:46,Allowance Optional Claiming 8f,Allowance Optional Claiming,Turf,,8.0,8f,Classic
Unresponsive,Gutierrez Jose R,Elliott Michelle L,-,3,117.0,,1,15/1,0.07567674812973396,12/1,13.21,0.13163657046752816,13/2,0.15262150384420098,11/2,US,2026-05-12,UK (base),horse_win_predictor.pkl,75,Horseshoe Indianapolis,20:17,Maiden Special Weight 6f,Maiden Special Weight,Dirt,,6.0,6f,Sprint
Aumoe,Bermudez Samuel E,Fontenot Dawn A,-,3,122.0,,2,8/1,0.08412491848578221,11/1,11.89,0.1457632517462164,6/1,0.1688776267188792,5/1,US,2026-05-12,UK (base),horse_win_predictor.pkl,75,Horseshoe Indianapolis,20:17,Maiden Special Weight 6f,Maiden Special Weight,Dirt,,6.0,6f,Sprint
Indy Kid,Murrill Mitchell,Eggleston Tim,-,3,122.0,,3,30/1,0.07042097394509567,13/1,14.2,0.12279046224407153,7/1,0.14242902035618749,6/1,US,2026-05-12,UK (base),horse_win_predictor.pkl,75,Horseshoe Indianapolis,20:17,Maiden Special Weight 6f,Maiden Special Weight,Dirt,,6.0,6f,Sprint
Mister Spitfire,De La Cruz Fernando,Klopp Randy L,-,3,122.0,,4,8/1,0.08412491848578221,11/1,11.89,0.1457632517462164,6/1,0.1688776267188792,5/1,US,2026-05-12,UK (base),horse_win_predictor.pkl,75,Horseshoe Indianapolis,20:17,Maiden Special Weight 6f,Maiden Special Weight,Dirt,,6.0,6f,Sprint
Standard Edition,Contreras Luis,Silva Miguel A,-,3,122.0,,5,20/1,0.07309057353094368,25/2,13.68,0.12728924680443282,7/1,0.14761374928199122,6/1,US,2026-05-12,UK (base),horse_win_predictor.pkl,75,Horseshoe Indianapolis,20:17,Maiden Special Weight 6f,Maiden Special Weight,Dirt,,6.0,6f,Sprint
Thousands Of Hopes,"Pedroza, Jr. Marcelino",Garcia Genaro,-,3,122.0,,6,4/1,0.09957300142255614,9/1,10.04,0.17129957647076396,5/1,0.1981970421138419,4/1,US,2026-05-12,UK (base),horse_win_predictor.pkl,75,Horseshoe Indianapolis,20:17,Maiden Special Weight 6f,Maiden Special Weight,Dirt,,6.0,6f,Sprint
Rebel Sky,Roman Evin A,Cazares Jose,-,3,122.0,,7,30/1,0.07042097394509567,13/1,14.2,0.12279046224407153,7/1,0.14242902035618749,6/1,US,2026-05-12,UK (base),horse_win_predictor.pkl,75,Horseshoe Indianapolis,20:17,Maiden Special Weight 6f,Maiden Special Weight,Dirt,,6.0,6f,Sprint
Basil,Villarreal Oscar,Matejka Pavel,-,3,122.0,,8,6/1,0.08964209096320147,10/1,11.16,0.15492720015595873,11/2,0.1794091161032427,9/2,US,2026-05-12,UK (base),horse_win_predictor.pkl,75,Horseshoe Indianapolis,20:17,Maiden Special Weight 6f,Maiden Special Weight,Dirt,,6.0,6f,Sprint
Willy's In Charge,Burgos Alberto,Klopp Randy L,-,3,122.0,,9,9/2,0.09641316627639783,19/2,10.37,0.16610730039236382,5/1,0.19224260068585106,4/1,US,2026-05-12,UK (base),horse_win_predictor.pkl,75,Horseshoe Indianapolis,20:17,Maiden Special Weight 6f,Maiden Special Weight,Dirt,,6.0,6f,Sprint
Forever Hope,Ramos Joseph D,Medina Tomas,-,3,122.0,,10,5/1,0.0937799703212659,19/2,10.66,0.16176820031151262,5/1,0.18726378655785514,9/2,US,2026-05-12,UK (base),horse_win_predictor.pkl,75,Horseshoe Indianapolis,20:17,Maiden Special Weight 6f,Maiden Special Weight,Dirt,,6.0,6f,Sprint
El Numero Uno,Prescott Rodney A,Duran Antonio,-,3,122.0,,11,20/1,0.07309057353094368,25/2,13.68,0.12728924680443282,7/1,0.14761374928199122,6/1,US,2026-05-12,UK (base),horse_win_predictor.pkl,75,Horseshoe Indianapolis,20:17,Maiden Special Weight 6f,Maiden Special Weight,Dirt,,6.0,6f,Sprint
Movin Out,Romero Joseph M,Davis Joseph D,-,3,117.0,,12,6/1,0.08964209096320147,10/1,11.16,0.15492720015595873,11/2,0.1794091161032427,9/2,US,2026-05-12,UK (base),horse_win_predictor.pkl,75,Horseshoe Indianapolis,20:17,Maiden Special Weight 6f,Maiden Special Weight,Dirt,,6.0,6f,Sprint
White Lilacs,Perez Luis D,Salas Felipe,-,7,110.0,,1,30/1,0.07821745164225756,12/1,12.78,0.1358970371629365,13/2,0.1575268817331911,11/2,US,2026-05-12,UK (base),horse_win_predictor.pkl,75,Horseshoe Indianapolis,20:47,Claiming 8f,Claiming,Turf,,8.0,8f,Classic
Extravagant Prince,Villarreal Oscar,Mccall Iii William P,-,4,122.0,,2,12/1,0.08861644062943935,21/2,11.28,0.1532272942931261,11/2,0.1774563644170086,9/2,US,2026-05-12,UK (base),horse_win_predictor.pkl,75,Horseshoe Indianapolis,20:47,Claiming 8f,Claiming,Turf,,8.0,8f,Classic
Go Bali Go,Murrill Mitchell,Nance Jonathan,-,7,122.0,,3,6/1,0.10396732913432677,17/2,9.62,0.17849382801992786,9/2,0.20644126510202826,4/1,US,2026-05-12,UK (base),horse_win_predictor.pkl,75,Horseshoe Indianapolis,20:47,Claiming 8f,Claiming,Turf,,8.0,8f,Classic
King Of Kentucky,De La Cruz Fernando,Brownfield Iii Claude L,-,6,122.0,,4,8/1,0.09657616059493654,19/2,10.35,0.16637552523467858,5/1,0.19255028697458185,4/1,US,2026-05-12,UK (base),horse_win_predictor.pkl,75,Horseshoe Indianapolis,20:47,Claiming 8f,Claiming,Turf,,8.0,8f,Classic
Patronage,Gutierrez Jose R,Labra Rogelio,-,5,117.0,,5,30/1,0.07821745164225756,12/1,12.78,0.1358970371629365,13/2,0.1575268817331911,11/2,US,2026-05-12,UK (base),horse_win_predictor.pkl,75,Horseshoe Indianapolis,20:47,Claiming 8f,Claiming,Turf,,8.0,8f,Classic
Professor Higgins,Saez Gabriel,Holsapple Hutch,-,6,122.0,,6,20/1,0.08179382351615606,11/1,12.23,0.14187669867676725,6/1,0.16440777686199645,5/1,US,2026-05-12,UK (base),horse_win_predictor.pkl,75,Horseshoe Indianapolis,20:47,Claiming 8f,Claiming,Turf,,8.0,8f,Classic
Blue Coast,Beschizza Adam,House Gary F,-,4,122.0,,8,15/1,0.08525843376899525,21/2,11.73,0.14764998036119775,6/1,0.17104681033327368,5/1,US,2026-05-12,UK (base),horse_win_predictor.pkl,75,Horseshoe Indianapolis,20:47,Claiming 8f,Claiming,Turf,,8.0,8f,Classic
Shiesty To Chase,Moncada Irving,Weaver Michael,-,5,119.0,,9,6/1,0.10396732913432677,17/2,9.62,0.17849382801992786,9/2,0.20644126510202826,4/1,US,2026-05-12,UK (base),horse_win_predictor.pkl,75,Horseshoe Indianapolis,20:47,Claiming 8f,Claiming,Turf,,8.0,8f,Classic
Memphis Pharoah,Prescott Rodney A,Matthews Randy,-,6,122.0,,10,12/1,0.08861644062943935,21/2,11.28,0.1532272942931261,11/2,0.1774563644170086,9/2,US,2026-05-12,UK (base),horse_win_predictor.pkl,75,Horseshoe Indianapolis,20:47,Claiming 8f,Claiming,Turf,,8.0,8f,Classic
Born Flashy,Ramos Joseph D,Wisner Tracey J,-,5,122.0,,11,5/1,0.10951070553886948,8/1,9.13,0.1875251942678683,9/2,0.21678062754124283,7/2,US,2026-05-12,UK (base),horse_win_predictor.pkl,75,Horseshoe Indianapolis,20:47,Claiming 8f,Claiming,Turf,,8.0,8f,Classic
Geraldraydaplegray,Contreras Luis,Donjuan Sergio,-,4,122.0,,14,15/1,0.08525843376899525,21/2,11.73,0.14764998036119775,6/1,0.17104681033327368,5/1,US,2026-05-12,UK (base),horse_win_predictor.pkl,75,Horseshoe Indianapolis,20:47,Claiming 8f,Claiming,Turf,,8.0,8f,Classic
Coaldigger,Franca Carlos E,Woodbury Judy,-,3,122.0,,1,30/1,0.0705633893363113,13/1,14.17,0.12303074727365806,7/1,0.1427060065001631,6/1,US,2026-05-12,UK (base),horse_win_predictor.pkl,75,Horseshoe Indianapolis,21:15,Maiden Special Weight 8f,Maiden Special Weight,Turf,,8.0,8f,Classic
Denikos,Pauly Summer,Jarvis Kathy,-,3,117.0,,2,30/1,0.0705633893363113,13/1,14.17,0.12303074727365806,7/1,0.1427060065001631,6/1,US,2026-05-12,UK (base),horse_win_predictor.pkl,75,Horseshoe Indianapolis,21:15,Maiden Special Weight 8f,Maiden Special Weight,Turf,,8.0,8f,Classic
Buckley Gold Water,Saez Gabriel,Medina Robert,-,3,122.0,,3,30/1,0.0705633893363113,13/1,14.17,0.12303074727365806,7/1,0.1427060065001631,6/1,US,2026-05-12,UK (base),horse_win_predictor.pkl,75,Horseshoe Indianapolis,21:15,Maiden Special Weight 8f,Maiden Special Weight,Turf,,8.0,8f,Classic
Gotcha,Cannon Declan,Walsh Brendan P,-,3,122.0,,4,7/2,0.10441610596290178,17/2,9.58,0.17922681218565847,9/2,0.20728082701919223,4/1,US,2026-05-12,UK (base),horse_win_predictor.pkl,75,Horseshoe Indianapolis,21:15,Maiden Special Weight 8f,Maiden Special Weight,Turf,,8.0,8f,Classic
Tazzy,Prescott Rodney A,Duran Antonio,-,3,122.0,,5,20/1,0.07330080577511916,25/2,13.64,0.1276430438933891,7/1,0.14802138318774033,6/1,US,2026-05-12,UK (base),horse_win_predictor.pkl,75,Horseshoe Indianapolis,21:15,Maiden Special Weight 8f,Maiden Special Weight,Turf,,8.0,8f,Classic
Wan Dale,Torres Jaime A,Mott Riley,-,3,122.0,,6,5/1,0.09451578317588002,19/2,10.58,0.16298182310110407,5/1,0.18865658807306307,9/2,US,2026-05-12,UK (base),horse_win_predictor.pkl,75,Horseshoe Indianapolis,21:15,Maiden Special Weight 8f,Maiden Special Weight,Turf,,8.0,8f,Classic
Light Cav,Ramos Joseph D,Beckman D. Whitworth,-,3,122.0,,7,9/2,0.09721587120870415,19/2,10.29,0.16742782768377357,5/1,0.19375731136192462,4/1,US,2026-05-12,UK (base),horse_win_predictor.pkl,75,Horseshoe Indianapolis,21:15,Maiden Special Weight 8f,Maiden Special Weight,Turf,,8.0,8f,Classic
Mo Can Dance,Perez Luis D,West Ethan W,-,3,115.0,,8,8/1,0.0846154603888583,11/1,11.82,0.14658000779049019,6/1,0.16981671306610213,5/1,US,2026-05-12,UK (base),horse_win_predictor.pkl,75,Horseshoe Indianapolis,21:15,Maiden Special Weight 8f,Maiden Special Weight,Turf,,8.0,8f,Classic
Hewson,Garcia Martin,Hughes Byron G,-,3,122.0,,9,3/1,0.10936626735641265,8/1,9.14,0.1872904968931633,9/2,0.2165120829694448,7/2,US,2026-05-12,UK (base),horse_win_predictor.pkl,75,Horseshoe Indianapolis,21:15,Maiden Special Weight 8f,Maiden Special Weight,Turf,,8.0,8f,Classic
Page Two,Gutierrez Mario,Oliver Victoria H,-,3,122.0,,10,20/1,0.07330080577511916,25/2,13.64,0.1276430438933891,7/1,0.14802138318774033,6/1,US,2026-05-12,UK (base),horse_win_predictor.pkl,75,Horseshoe Indianapolis,21:15,Maiden Special Weight 8f,Maiden Special Weight,Turf,,8.0,8f,Classic
Dreaming Perfect,Romero Joseph M,Davis Joseph D,-,3,117.0,,11,30/1,0.0705633893363113,13/1,14.17,0.12303074727365806,7/1,0.1427060065001631,6/1,US,2026-05-12,UK (base),horse_win_predictor.pkl,75,Horseshoe Indianapolis,21:15,Maiden Special Weight 8f,Maiden Special Weight,Turf,,8.0,8f,Classic
Working For Glory,"Pedroza, Jr. Marcelino","Dobbs, Jr. Robert E",-,3,122.0,,12,10/1,0.08101534301175947,23/2,12.34,0.14057682877851663,6/1,0.16291238594105056,5/1,US,2026-05-12,UK (base),horse_win_predictor.pkl,75,Horseshoe Indianapolis,21:15,Maiden Special Weight 8f,Maiden Special Weight,Turf,,8.0,8f,Classic
Fa Lillys Of Wins,Esqueda Erik N,Esqueda Cesar,-,3,126.0,,1,15/1,0.08892001809303952,10/1,11.25,0.15373061687333794,11/2,0.17803459141594985,9/2,US,2026-05-12,UK (base),horse_win_predictor.pkl,75,Horseshoe Indianapolis,21:44,Trial 350y,Trial,Dirt,,,350y,Unknown
Sizzzling Heart,Lopez Saul,Cunningham Anthony F,-,3,126.0,,2,5/1,0.10749041861847575,17/2,9.3,0.18423940143743622,9/2,0.2130202699945464,7/2,US,2026-05-12,UK (base),horse_win_predictor.pkl,75,Horseshoe Indianapolis,21:44,Trial 350y,Trial,Dirt,,,350y,Unknown
Niyo De Oro,Martinez Luz D,Cunningham Anthony F,-,5,128.0,,3,2/1,0.13720305945917372,13/2,7.29,0.23190576340654664,7/2,0.2674192773868115,5/2,US,2026-05-12,UK (base),horse_win_predictor.pkl,75,Horseshoe Indianapolis,21:44,Trial 350y,Trial,Dirt,,,350y,Unknown
Send Me A Dynasty Hg,Quintero Francisco,Sanchez Hector J,-,3,126.0,,4,9/2,0.11019156778581192,8/1,9.08,0.18863107672558532,9/2,0.21804589257800033,7/2,US,2026-05-12,UK (base),horse_win_predictor.pkl,75,Horseshoe Indianapolis,21:44,Trial 350y,Trial,Dirt,,,350y,Unknown
Dale M,Ceron-Zamudio Alberto,Rodriguez Ezequiel,-,4,128.0,,5,7/2,0.11739463223204173,15/2,8.52,0.20028513827615807,4/1,0.23136907804270168,7/2,US,2026-05-12,UK (base),horse_win_predictor.pkl,75,Horseshoe Indianapolis,21:44,Trial 350y,Trial,Dirt,,,350y,Unknown
Eos Save A Cowboy,O'neal Germarius A,Sanchez Hector J,-,5,128.0,,6,20/1,0.08626710373226293,21/2,11.59,0.14932717616899088,11/2,0.17297470333276385,5/1,US,2026-05-12,UK (base),horse_win_predictor.pkl,75,Horseshoe Indianapolis,21:44,Trial 350y,Trial,Dirt,,,350y,Unknown
Lb Tiny Tolltac,Macias Hugo,Barraza Librado,-,4,128.0,,7,30/1,0.08352861148888062,11/1,11.97,0.14476987753017684,6/1,0.16773535229566292,5/1,US,2026-05-12,UK (base),horse_win_predictor.pkl,75,Horseshoe Indianapolis,21:44,Trial 350y,Trial,Dirt,,,350y,Unknown
Wanna Sweet Treet,Vazquez-Gomez Giovani,Vazquez Jessica A,-,4,128.0,,8,10/1,0.09398467278179486,19/2,10.64,0.1621059160329099,5/1,0.18765138225207806,9/2,US,2026-05-12,UK (base),horse_win_predictor.pkl,75,Horseshoe Indianapolis,21:44,Trial 350y,Trial,Dirt,,,350y,Unknown
Mi Blood Token,Luna Diaz Luis E,Eggleston Tim,-,3,126.0,,9,12/1,0.0914913043196384,10/1,10.93,0.15798782076246215,11/2,0.18292401442852108,9/2,US,2026-05-12,UK (base),horse_win_predictor.pkl,75,Horseshoe Indianapolis,21:44,Trial 350y,Trial,Dirt,,,350y,Unknown
Tarzanito Express 23,Diaz Edgar,Barraza Claudio,-,3,126.0,,10,30/1,0.08352861148888062,11/1,11.97,0.14476987753017684,6/1,0.16773535229566292,5/1,US,2026-05-12,UK (base),horse_win_predictor.pkl,75,Horseshoe Indianapolis,21:44,Trial 350y,Trial,Dirt,,,350y,Unknown
Gv Black Panther,Vazquez-Gomez Giovani,Vazquez Jessica A,-,4,128.0,,1,9/2,0.11039926863758455,8/1,9.06,0.18896828473508134,9/2,0.21843166577164264,7/2,US,2026-05-12,UK (base),horse_win_predictor.pkl,75,Horseshoe Indianapolis,22:12,Trial 350y,Trial,Dirt,,,350y,Unknown
Maleficent Dash,Esqueda Erik N,Esqueda Cesar,-,3,126.0,,2,20/1,0.08632150157439383,21/2,11.58,0.14941758152666246,11/2,0.1730786115087632,5/1,US,2026-05-12,UK (base),horse_win_predictor.pkl,75,Horseshoe Indianapolis,22:12,Trial 350y,Trial,Dirt,,,350y,Unknown
Perrys Secret Gold,Luna Diaz Luis E,Eggleston Tim,-,4,128.0,,3,5/1,0.107680811065934,17/2,9.29,0.1845493342612273,9/2,0.2133750304594623,7/2,US,2026-05-12,UK (base),horse_win_predictor.pkl,75,Horseshoe Indianapolis,22:12,Trial 350y,Trial,Dirt,,,350y,Unknown
Mckenzie Foose,Quintero Francisco,Sanchez Hector J,-,4,128.0,,4,10/1,0.09408852320768117,19/2,10.63,0.16227722161430422,5/1,0.18784798351678786,9/2,US,2026-05-12,UK (base),horse_win_predictor.pkl,75,Horseshoe Indianapolis,22:12,Trial 350y,Trial,Dirt,,,350y,Unknown
Lb Royal Quick Perry,Macias Hugo,Barraza Librado,-,3,126.0,,5,30/1,0.08356546164000157,11/1,11.97,0.14483128184871757,6/1,0.1678059644269861,5/1,US,2026-05-12,UK (base),horse_win_predictor.pkl,75,Horseshoe Indianapolis,22:12,Trial 350y,Trial,Dirt,,,350y,Unknown
Keep Her Off Tequila,Pina Rolando D,Eggleston Tim,-,3,126.0,,6,1/1,0.16748687764224637,5/1,5.97,0.27903489641016443,5/2,0.3208654034481337,2/1,US,2026-05-12,UK (base),horse_win_predictor.pkl,75,Horseshoe Indianapolis,22:12,Trial 350y,Trial,Dirt,,,350y,Unknown
Jess A Favorite,Diaz Edgar,Barraza Claudio,-,3,126.0,,7,30/1,0.08356546164000157,11/1,11.97,0.14483128184871757,6/1,0.1678059644269861,5/1,US,2026-05-12,UK (base),horse_win_predictor.pkl,75,Horseshoe Indianapolis,22:12,Trial 350y,Trial,Dirt,,,350y,Unknown
Rhino Six,O'neal Germarius A,Sanchez Hector J,-,3,126.0,,8,20/1,0.08632150157439383,21/2,11.58,0.14941758152666246,11/2,0.1730786115087632,5/1,US,2026-05-12,UK (base),horse_win_predictor.pkl,75,Horseshoe Indianapolis,22:12,Trial 350y,Trial,Dirt,,,350y,Unknown
Coyote Kiss,Martinez Luz D,Cunningham Anthony F,-,3,126.0,,9,15/1,0.08899141526083637,10/1,11.24,0.15384896987740415,11/2,0.17817055285861708,9/2,US,2026-05-12,UK (base),horse_win_predictor.pkl,75,Horseshoe Indianapolis,22:12,Trial 350y,Trial,Dirt,,,350y,Unknown
Jess A Famous Queen,Ceron-Zamudio Alberto,Rodriguez Ezequiel,-,4,128.0,,10,12/1,0.0915791777569268,10/1,10.92,0.1581331233235604,11/2,0.18309085291104799,9/2,US,2026-05-12,UK (base),horse_win_predictor.pkl,75,Horseshoe Indianapolis,22:12,Trial 350y,Trial,Dirt,,,350y,Unknown
Fav Streakin Cartel,Villamil Bocanegra Diego,Perez Natasha,-,3,126.0,,1,15/1,0.08930010560658891,10/1,11.2,0.1543605830027817,11/2,0.17875826202635398,9/2,US,2026-05-12,UK (base),horse_win_predictor.pkl,75,Horseshoe Indianapolis,22:40,Trial 350y,Trial,Dirt,,,350y,Unknown
Run Dont Walk,Martinez Luz D,Cunningham Anthony F,-,3,126.0,,2,9/5,0.14361965108526997,6/1,6.96,0.24201408861120222,3/1,0.2789120026834268,5/2,US,2026-05-12,UK (base),horse_win_predictor.pkl,75,Horseshoe Indianapolis,22:40,Trial 350y,Trial,Dirt,,,350y,Unknown
I Gotta Reason,O'neal Germarius A,Sanchez Hector J,-,3,126.0,,3,30/1,0.08372478568942224,11/1,11.94,0.14509674244996829,6/1,0.16811122623517305,5/1,US,2026-05-12,UK (base),horse_win_predictor.pkl,75,Horseshoe Indianapolis,22:40,Trial 350y,Trial,Dirt,,,350y,Unknown
Celebratory,Esqueda Erik N,Esqueda Cesar,-,3,126.0,,4,20/1,0.08655669421877674,21/2,11.55,0.14980840054253186,11/2,0.17352779041394004,5/1,US,2026-05-12,UK (base),horse_win_predictor.pkl,75,Horseshoe Indianapolis,22:40,Trial 350y,Trial,Dirt,,,350y,Unknown
Ap Jessies Cartel,Diaz Edgar,Preciado Oscar,-,3,126.0,,5,20/1,0.08655669421877674,21/2,11.55,0.14980840054253186,11/2,0.17352779041394004,5/1,US,2026-05-12,UK (base),horse_win_predictor.pkl,75,Horseshoe Indianapolis,22:40,Trial 350y,Trial,Dirt,,,350y,Unknown
Larryknocksoutmegan,Vazquez-Gomez Giovani,Vazquez Jessica A,-,3,126.0,,6,5/1,0.10850398532127413,8/1,9.22,0.185888681713814,9/2,0.21490794286101647,7/2,US,2026-05-12,UK (base),horse_win_predictor.pkl,75,Horseshoe Indianapolis,22:40,Trial 350y,Trial,Dirt,,,350y,Unknown
Last Famous Eagle,Penaloza Cristian,Hernandez Kenia,-,3,126.0,,7,8/1,0.09826191614010868,9/1,10.18,0.16914712572137502,5/1,0.1957290793143499,4/1,US,2026-05-12,UK (base),horse_win_predictor.pkl,75,Horseshoe Indianapolis,22:40,Trial 350y,Trial,Dirt,,,350y,Unknown
Apollitical Ali,Quintero Francisco,Sanchez Hector J,-,4,128.0,,8,30/1,0.08372478568942224,11/1,11.94,0.14509674244996829,6/1,0.16811122623517305,5/1,US,2026-05-12,UK (base),horse_win_predictor.pkl,75,Horseshoe Indianapolis,22:40,Trial 350y,Trial,Dirt,,,350y,Unknown
Gigis Top Secret,Ceron-Zamudio Alberto,Rodriguez Ezequiel,-,4,128.0,,9,5/2,0.13045127642377152,13/2,7.67,0.22119826914631574,7/2,0.25522839141726983,3/1,US,2026-05-12,UK (base),horse_win_predictor.pkl,75,Horseshoe Indianapolis,22:40,Trial 350y,Trial,Dirt,,,350y,Unknown
Flying Knockout 123,Pina Rolando D,Eggleston Tim,-,3,126.0,,10,15/1,0.08930010560658891,10/1,11.2,0.1543605830027817,11/2,0.17875826202635398,9/2,US,2026-05-12,UK (base),horse_win_predictor.pkl,75,Horseshoe Indianapolis,22:40,Trial 350y,Trial,Dirt,,,350y,Unknown
Flyin Ivory,Luna Diaz Luis E,Eggleston Tim,-,3,126.0,,1,30/1,0.09224532069370316,10/1,10.84,0.15923421789675837,11/2,0.18435505434790408,9/2,US,2026-05-12,UK (base),horse_win_predictor.pkl,75,Horseshoe Indianapolis,23:08,Trial 350y,Trial,Dirt,,,350y,Unknown
Miss Dashin Good,Villamil Bocanegra Diego,Perez Natasha,-,3,126.0,,2,20/1,0.09501940050669526,19/2,10.52,0.16381197173393006,5/1,0.1896091859441431,9/2,US,2026-05-12,UK (base),horse_win_predictor.pkl,75,Horseshoe Indianapolis,23:08,Trial 350y,Trial,Dirt,,,350y,Unknown
Ap Valiant Princess,Rodriguez German,Preciado Oscar,-,3,126.0,,3,10/1,0.10283726179785482,17/2,9.72,0.17664666930487427,9/2,0.20432519712000655,4/1,US,2026-05-12,UK (base),horse_win_predictor.pkl,75,Horseshoe Indianapolis,23:08,Trial 350y,Trial,Dirt,,,350y,Unknown
Jess Sinful,Martinez Luz D,Cunningham Anthony F,-,3,126.0,,4,8/5,0.15587844378864504,11/2,6.42,0.26114272742918526,3/1,0.30061683379438786,5/2,US,2026-05-12,UK (base),horse_win_predictor.pkl,75,Horseshoe Indianapolis,23:08,Trial 350y,Trial,Dirt,,,350y,Unknown
Jess A Lookin,Diaz Edgar,Barraza Claudio,-,3,126.0,,5,5/1,0.11651851905738406,15/2,8.58,0.19887208207663054,4/1,0.22975466820884796,7/2,US,2026-05-12,UK (base),horse_win_predictor.pkl,75,Horseshoe Indianapolis,23:08,Trial 350y,Trial,Dirt,,,350y,Unknown
Madam Mim,Lopez Saul,Cunningham Anthony F,-,3,126.0,,6,7/2,0.12655144104770547,7/1,7.9,0.21498038010086915,7/2,0.24814123224580553,3/1,US,2026-05-12,UK (base),horse_win_predictor.pkl,75,Horseshoe Indianapolis,23:08,Trial 350y,Trial,Dirt,,,350y,Unknown
Luna Unlymited,Quintero Francisco,Sanchez Hector J,-,3,126.0,,7,30/1,0.09224532069370316,10/1,10.84,0.15923421789675837,11/2,0.18435505434790408,9/2,US,2026-05-12,UK (base),horse_win_predictor.pkl,75,Horseshoe Indianapolis,23:08,Trial 350y,Trial,Dirt,,,350y,Unknown
Looks Lyke Mom,Ceron-Zamudio Alberto,Rodriguez Ezequiel,-,5,128.0,,8,6/1,0.11221869534724628,8/1,8.91,0.19191922315669285,4/1,0.2218069210852353,7/2,US,2026-05-12,UK (base),horse_win_predictor.pkl,75,Horseshoe Indianapolis,23:08,Trial 350y,Trial,Dirt,,,350y,Unknown
Lc Dancer Mary,Esqueda Erik N,Esqueda Cesar,-,3,126.0,,9,8/1,0.1064855970670626,17/2,9.39,0.18260272881452966,9/2,0.21114665321982978,7/2,US,2026-05-12,UK (base),horse_win_predictor.pkl,75,Horseshoe Indianapolis,23:08,Trial 350y,Trial,Dirt,,,350y,Unknown
Just Ruthless,Torres Jaime A,Mott Riley,-,4,122.0,,1,3/1,0.18299814577093143,9/2,5.46,0.3026060053031973,5/2,0.347458952627797,2/1,US,2026-05-12,UK (base),horse_win_predictor.pkl,75,Horseshoe P3 Turf,19:46,Allowance Optional Claiming 8f,Allowance Optional Claiming,Turf,,8.0,8f,Classic
Sassy Allie,Hisby Ronald,Mitchell Sherman S,-,5,122.0,,2,15/1,0.12908286977606617,13/2,7.75,0.21901925578121922,7/2,0.25274540053315164,3/1,US,2026-05-12,UK (base),horse_win_predictor.pkl,75,Horseshoe P3 Turf,19:46,Allowance Optional Claiming 8f,Allowance Optional Claiming,Turf,,8.0,8f,Classic
Viral Plane Lady,Prescott Rodney A,Labra Rogelio,-,4,122.0,,3,8/1,0.14306090429325347,6/1,6.99,0.2411364898580935,3/1,0.2779148344449085,5/2,US,2026-05-12,UK (base),horse_win_predictor.pkl,75,Horseshoe P3 Turf,19:46,Allowance Optional Claiming 8f,Allowance Optional Claiming,Turf,,8.0,8f,Classic
Bilyana,De La Cruz Fernando,Foster Eric N,-,4,122.0,,5,8/1,0.14306090429325347,6/1,6.99,0.2411364898580935,3/1,0.2779148344449085,5/2,US,2026-05-12,UK (base),horse_win_predictor.pkl,75,Horseshoe P3 Turf,19:46,Allowance Optional Claiming 8f,Allowance Optional Claiming,Turf,,8.0,8f,Classic
Always Wanting,Gutierrez Jose R,Elliott Michelle L,-,5,117.0,,6,20/1,0.12480387961774356,7/1,8.01,0.21218617661782624,7/2,0.24495453799285724,3/1,US,2026-05-12,UK (base),horse_win_predictor.pkl,75,Horseshoe P3 Turf,19:46,Allowance Optional Claiming 8f,Allowance Optional Claiming,Turf,,8.0,8f,Classic
Junta,Ramos Joseph D,Granitz Anthony J,-,4,122.0,,7,6/1,0.1521894166310084,11/2,6.57,0.25541165510822583,3/1,0.29411999453718235,5/2,US,2026-05-12,UK (base),horse_win_predictor.pkl,75,Horseshoe P3 Turf,19:46,Allowance Optional Claiming 8f,Allowance Optional Claiming,Turf,,8.0,8f,Classic
Polka Polenta,Bermudez Samuel E,"Cazares, Jr. Rene",-,8,122.0,,8,20/1,0.12480387961774356,7/1,8.01,0.21218617661782624,7/2,0.24495453799285724,3/1,US,2026-05-12,UK (base),horse_win_predictor.pkl,75,Horseshoe P3 Turf,19:46,Allowance Optional Claiming 8f,Allowance Optional Claiming,Turf,,8.0,8f,Classic
White Lilacs,Perez Luis D,Salas Felipe,-,7,110.0,,1,30/1,0.07821745164225756,12/1,12.78,0.1358970371629365,13/2,0.1575268817331911,11/2,US,2026-05-12,UK (base),horse_win_predictor.pkl,75,Horseshoe P3 Turf,20:47,Claiming 8f,Claiming,Turf,,8.0,8f,Classic
Extravagant Prince,Villarreal Oscar,Mccall Iii William P,-,4,122.0,,2,12/1,0.08861644062943935,21/2,11.28,0.1532272942931261,11/2,0.1774563644170086,9/2,US,2026-05-12,UK (base),horse_win_predictor.pkl,75,Horseshoe P3 Turf,20:47,Claiming 8f,Claiming,Turf,,8.0,8f,Classic
Go Bali Go,Murrill Mitchell,Nance Jonathan,-,7,122.0,,3,6/1,0.10396732913432677,17/2,9.62,0.17849382801992786,9/2,0.20644126510202826,4/1,US,2026-05-12,UK (base),horse_win_predictor.pkl,75,Horseshoe P3 Turf,20:47,Claiming 8f,Claiming,Turf,,8.0,8f,Classic
King Of Kentucky,De La Cruz Fernando,Brownfield Iii Claude L,-,6,122.0,,4,8/1,0.09657616059493654,19/2,10.35,0.16637552523467858,5/1,0.19255028697458185,4/1,US,2026-05-12,UK (base),horse_win_predictor.pkl,75,Horseshoe P3 Turf,20:47,Claiming 8f,Claiming,Turf,,8.0,8f,Classic
Patronage,Gutierrez Jose R,Labra Rogelio,-,5,117.0,,5,30/1,0.07821745164225756,12/1,12.78,0.1358970371629365,13/2,0.1575268817331911,11/2,US,2026-05-12,UK (base),horse_win_predictor.pkl,75,Horseshoe P3 Turf,20:47,Claiming 8f,Claiming,Turf,,8.0,8f,Classic
Professor Higgins,Saez Gabriel,Holsapple Hutch,-,6,122.0,,6,20/1,0.08179382351615606,11/1,12.23,0.14187669867676725,6/1,0.16440777686199645,5/1,US,2026-05-12,UK (base),horse_win_predictor.pkl,75,Horseshoe P3 Turf,20:47,Claiming 8f,Claiming,Turf,,8.0,8f,Classic
Blue Coast,Beschizza Adam,House Gary F,-,4,122.0,,8,15/1,0.08525843376899525,21/2,11.73,0.14764998036119775,6/1,0.17104681033327368,5/1,US,2026-05-12,UK (base),horse_win_predictor.pkl,75,Horseshoe P3 Turf,20:47,Claiming 8f,Claiming,Turf,,8.0,8f,Classic
Shiesty To Chase,Moncada Irving,Weaver Michael,-,5,119.0,,9,6/1,0.10396732913432677,17/2,9.62,0.17849382801992786,9/2,0.20644126510202826,4/1,US,2026-05-12,UK (base),horse_win_predictor.pkl,75,Horseshoe P3 Turf,20:47,Claiming 8f,Claiming,Turf,,8.0,8f,Classic
Memphis Pharoah,Prescott Rodney A,Matthews Randy,-,6,122.0,,10,12/1,0.08861644062943935,21/2,11.28,0.1532272942931261,11/2,0.1774563644170086,9/2,US,2026-05-12,UK (base),horse_win_predictor.pkl,75,Horseshoe P3 Turf,20:47,Claiming 8f,Claiming,Turf,,8.0,8f,Classic
Born Flashy,Ramos Joseph D,Wisner Tracey J,-,5,122.0,,11,5/1,0.10951070553886948,8/1,9.13,0.1875251942678683,9/2,0.21678062754124283,7/2,US,2026-05-12,UK (base),horse_win_predictor.pkl,75,Horseshoe P3 Turf,20:47,Claiming 8f,Claiming,Turf,,8.0,8f,Classic
Geraldraydaplegray,Contreras Luis,Donjuan Sergio,-,4,122.0,,14,15/1,0.08525843376899525,21/2,11.73,0.14764998036119775,6/1,0.17104681033327368,5/1,US,2026-05-12,UK (base),horse_win_predictor.pkl,75,Horseshoe P3 Turf,20:47,Claiming 8f,Claiming,Turf,,8.0,8f,Classic
Coaldigger,Franca Carlos E,Woodbury Judy,-,3,122.0,,1,30/1,0.0705633893363113,13/1,14.17,0.12303074727365806,7/1,0.1427060065001631,6/1,US,2026-05-12,UK (base),horse_win_predictor.pkl,75,Horseshoe P3 Turf,21:15,Maiden Special Weight 8f,Maiden Special Weight,Turf,,8.0,8f,Classic
Denikos,Pauly Summer,Jarvis Kathy,-,3,117.0,,2,30/1,0.0705633893363113,13/1,14.17,0.12303074727365806,7/1,0.1427060065001631,6/1,US,2026-05-12,UK (base),horse_win_predictor.pkl,75,Horseshoe P3 Turf,21:15,Maiden Special Weight 8f,Maiden Special Weight,Turf,,8.0,8f,Classic
Buckley Gold Water,Saez Gabriel,Medina Robert,-,3,122.0,,3,30/1,0.0705633893363113,13/1,14.17,0.12303074727365806,7/1,0.1427060065001631,6/1,US,2026-05-12,UK (base),horse_win_predictor.pkl,75,Horseshoe P3 Turf,21:15,Maiden Special Weight 8f,Maiden Special Weight,Turf,,8.0,8f,Classic
Gotcha,Cannon Declan,Walsh Brendan P,-,3,122.0,,4,7/2,0.10441610596290178,17/2,9.58,0.17922681218565847,9/2,0.20728082701919223,4/1,US,2026-05-12,UK (base),horse_win_predictor.pkl,75,Horseshoe P3 Turf,21:15,Maiden Special Weight 8f,Maiden Special Weight,Turf,,8.0,8f,Classic
Tazzy,Prescott Rodney A,Duran Antonio,-,3,122.0,,5,20/1,0.07330080577511916,25/2,13.64,0.1276430438933891,7/1,0.14802138318774033,6/1,US,2026-05-12,UK (base),horse_win_predictor.pkl,75,Horseshoe P3 Turf,21:15,Maiden Special Weight 8f,Maiden Special Weight,Turf,,8.0,8f,Classic
Wan Dale,Torres Jaime A,Mott Riley,-,3,122.0,,6,5/1,0.09451578317588002,19/2,10.58,0.16298182310110407,5/1,0.18865658807306307,9/2,US,2026-05-12,UK (base),horse_win_predictor.pkl,75,Horseshoe P3 Turf,21:15,Maiden Special Weight 8f,Maiden Special Weight,Turf,,8.0,8f,Classic
Light Cav,Ramos Joseph D,Beckman D. Whitworth,-,3,122.0,,7,9/2,0.09721587120870415,19/2,10.29,0.16742782768377357,5/1,0.19375731136192462,4/1,US,2026-05-12,UK (base),horse_win_predictor.pkl,75,Horseshoe P3 Turf,21:15,Maiden Special Weight 8f,Maiden Special Weight,Turf,,8.0,8f,Classic
Mo Can Dance,Perez Luis D,West Ethan W,-,3,115.0,,8,8/1,0.0846154603888583,11/1,11.82,0.14658000779049019,6/1,0.16981671306610213,5/1,US,2026-05-12,UK (base),horse_win_predictor.pkl,75,Horseshoe P3 Turf,21:15,Maiden Special Weight 8f,Maiden Special Weight,Turf,,8.0,8f,Classic
Hewson,Garcia Martin,Hughes Byron G,-,3,122.0,,9,3/1,0.10936626735641265,8/1,9.14,0.1872904968931633,9/2,0.2165120829694448,7/2,US,2026-05-12,UK (base),horse_win_predictor.pkl,75,Horseshoe P3 Turf,21:15,Maiden Special Weight 8f,Maiden Special Weight,Turf,,8.0,8f,Classic
Page Two,Gutierrez Mario,Oliver Victoria H,-,3,122.0,,10,20/1,0.07330080577511916,25/2,13.64,0.1276430438933891,7/1,0.14802138318774033,6/1,US,2026-05-12,UK (base),horse_win_predictor.pkl,75,Horseshoe P3 Turf,21:15,Maiden Special Weight 8f,Maiden Special Weight,Turf,,8.0,8f,Classic
Dreaming Perfect,Romero Joseph M,Davis Joseph D,-,3,117.0,,11,30/1,0.0705633893363113,13/1,14.17,0.12303074727365806,7/1,0.1427060065001631,6/1,US,2026-05-12,UK (base),horse_win_predictor.pkl,75,Horseshoe P3 Turf,21:15,Maiden Special Weight 8f,Maiden Special Weight,Turf,,8.0,8f,Classic
Working For Glory,"Pedroza, Jr. Marcelino","Dobbs, Jr. Robert E",-,3,122.0,,12,10/1,0.08101534301175947,23/2,12.34,0.14057682877851663,6/1,0.16291238594105056,5/1,US,2026-05-12,UK (base),horse_win_predictor.pkl,75,Horseshoe P3 Turf,21:15,Maiden Special Weight 8f,Maiden Special Weight,Turf,,8.0,8f,Classic
Laryscountrygirl,Williams Rey,Player Fletcher,-,4,123.0,,1,8/1,0.1489302473554442,11/2,6.71,0.25033027037791655,3/1,0.28835527901134367,5/2,US,2026-05-12,UK (base),horse_win_predictor.pkl,75,Louisiana Downs,21:07,Maiden Claiming 5f,Maiden Claiming,Dirt,,5.0,5f,Sprint
Bistineau Beauty,Castillo Isaac,Pomier Chasey D,-,3,118.0,,2,3/1,0.1730560195127124,5/1,5.78,0.2875421264112149,5/2,0.33047441649815334,2/1,US,2026-05-12,UK (base),horse_win_predictor.pkl,75,Louisiana Downs,21:07,Maiden Claiming 5f,Maiden Claiming,Dirt,,5.0,5f,Sprint
Suivante,Castillo Alexander,Wilson Shane,-,4,123.0,,3,6/1,0.15444470956281978,11/2,6.47,0.25891794256352063,3/1,0.29809540493878345,5/2,US,2026-05-12,UK (base),horse_win_predictor.pkl,75,Louisiana Downs,21:07,Maiden Claiming 5f,Maiden Claiming,Dirt,,5.0,5f,Sprint
Kylie's Knight,Riquelme Jose,Besancon Danny,-,4,123.0,,4,12/1,0.14299159574750125,6/1,6.99,0.2410275951819688,3/1,0.2777910949698941,5/2,US,2026-05-12,UK (base),horse_win_predictor.pkl,75,Louisiana Downs,21:07,Maiden Claiming 5f,Maiden Claiming,Dirt,,5.0,5f,Sprint
Midnight Cigarette,Santiago Edward,"West, Jr. Henry",-,5,123.0,,5,6/1,0.15444470956281978,11/2,6.47,0.25891794256352063,3/1,0.29809540493878345,5/2,US,2026-05-12,UK (base),horse_win_predictor.pkl,75,Louisiana Downs,21:07,Maiden Claiming 5f,Maiden Claiming,Dirt,,5.0,5f,Sprint
Major Move,Barrera Elio J,Foster Joseph M,-,3,118.0,,6,4/5,0.22613271825870251,7/2,4.42,0.36613008785200873,3/2,0.41862910144949855,3/2,US,2026-05-12,UK (base),horse_win_predictor.pkl,75,Louisiana Downs,21:07,Maiden Claiming 5f,Maiden Claiming,Dirt,,5.0,5f,Sprint
Blazing Saber,Nava-Marin Jose,Rodriguez-Torres Pedro,-,4,125.0,,1,3/1,0.17467203969105108,9/2,5.73,0.29000141428402626,5/2,0.33324992975639195,2/1,US,2026-05-12,UK (base),horse_win_predictor.pkl,75,Louisiana Downs,21:33,Claiming 7f,Claiming,Dirt,,7.0,7f,One-Turn Mile
Live Affair,Barrera Elio J,Lara Jorge,-,7,123.0,,2,9/2,0.16238774603793613,5/1,6.16,0.27120211881766004,5/2,0.3120075086100565,2/1,US,2026-05-12,UK (base),horse_win_predictor.pkl,75,Louisiana Downs,21:33,Claiming 7f,Claiming,Dirt,,7.0,7f,One-Turn Mile
Iron Moon,"Ramirez, Jr. Julio",Vidal Juan M,-,6,123.0,,3,8/1,0.14964847854581692,11/2,6.68,0.2514515276776082,3/1,0.2896276711020299,5/2,US,2026-05-12,UK (base),horse_win_predictor.pkl,75,Louisiana Downs,21:33,Claiming 7f,Claiming,Dirt,,7.0,7f,One-Turn Mile
Dixie's Astro,Lozada Carlos,Dunn Henry R,-,6,123.0,,4,6/1,0.1553681496647276,11/2,6.44,0.2603512598523167,3/1,0.29971992617266263,5/2,US,2026-05-12,UK (base),horse_win_predictor.pkl,75,Louisiana Downs,21:33,Claiming 7f,Claiming,Dirt,,7.0,7f,One-Turn Mile
Heza Sexy Zong,Williams Rey,Foster Joseph M,-,8,123.0,,6,20/1,0.1382091363079956,6/1,7.24,0.2334950330671904,7/2,0.26922724435188844,5/2,US,2026-05-12,UK (base),horse_win_predictor.pkl,75,Louisiana Downs,21:33,Claiming 7f,Claiming,Dirt,,7.0,7f,One-Turn Mile
Blame Me Seriously,Castillo Alexander,Wilson Shane,-,5,123.0,,7,1/1,0.21971444975247253,7/2,4.55,0.35686645801042516,2/1,0.4082984611071574,3/2,US,2026-05-12,UK (base),horse_win_predictor.pkl,75,Louisiana Downs,21:33,Claiming 7f,Claiming,Dirt,,7.0,7f,One-Turn Mile
Wolf Man Jack,Castillo Alexander,Noel Dane,-,4,123.0,,1,10/1,0.12713950426469747,7/1,7.87,0.21591954484071704,7/2,0.24921206005672436,3/1,US,2026-05-12,UK (base),horse_win_predictor.pkl,75,Louisiana Downs,22:01,Claiming 7.5f,Claiming,Turf,,7.5,7.5f,Classic
Coboch,Hernandez Harry,Wong Jonathan,-,4,125.0,,2,3/2,0.18163604098689107,9/2,5.51,0.30055155266809064,5/2,0.34514486954854046,2/1,US,2026-05-12,UK (base),horse_win_predictor.pkl,75,Louisiana Downs,22:01,Claiming 7.5f,Claiming,Turf,,7.5,7.5f,Classic
Spielman,Nieves Emanuel,Mouton Chadwick J,-,6,123.0,,3,6/1,0.13629858606674683,13/2,7.34,0.2304756112691088,7/2,0.2657919957199945,3/1,US,2026-05-12,UK (base),horse_win_predictor.pkl,75,Louisiana Downs,22:01,Claiming 7.5f,Claiming,Turf,,7.5,7.5f,Classic
Whiskey Over Ice,Nava-Marin Jose,Gomez David C,-,8,123.0,,4,6/1,0.13629858606674683,13/2,7.34,0.2304756112691088,7/2,0.2657919957199945,3/1,US,2026-05-12,UK (base),horse_win_predictor.pkl,75,Louisiana Downs,22:01,Claiming 7.5f,Claiming,Turf,,7.5,7.5f,Classic
He's Charming,Castillo Isaac,Gelner Jayde J,-,5,123.0,,5,10/1,0.12713950426469747,7/1,7.87,0.21591954484071704,7/2,0.24921206005672436,3/1,US,2026-05-12,UK (base),horse_win_predictor.pkl,75,Louisiana Downs,22:01,Claiming 7.5f,Claiming,Turf,,7.5,7.5f,Classic
Friday Night Fever,Lozada Carlos,Cravens Iii Ronnie E,-,3,118.0,,6,6/1,0.13629858606674683,13/2,7.34,0.2304756112691088,7/2,0.2657919957199945,3/1,US,2026-05-12,UK (base),horse_win_predictor.pkl,75,Louisiana Downs,22:01,Claiming 7.5f,Claiming,Turf,,7.5,7.5f,Classic
Roaring Rapids,Vargas Juan P,Jacks Karen E,-,5,123.0,,7,3/1,0.15518919228347358,11/2,6.44,0.2600735977889749,3/1,0.2994052498535379,5/2,US,2026-05-12,UK (base),horse_win_predictor.pkl,75,Louisiana Downs,22:01,Claiming 7.5f,Claiming,Turf,,7.5,7.5f,Classic
Vickie's Halo,Williams Rey,Wilson Melton,-,4,125.0,,1,12/1,0.1448139365498282,6/1,6.91,0.2438882248144446,3/1,0.28104108291367574,5/2,US,2026-05-12,UK (base),horse_win_predictor.pkl,75,Louisiana Downs,22:29,Maiden Claiming 5.5f,Maiden Claiming,Dirt,,5.5,5.5f,Sprint
Lilly Warbanks,Pena Jonuelle,Turner Patti,-,3,115.0,,2,10/1,0.14757471962622792,6/1,6.78,0.24821185702900245,3/1,0.2859507835550429,5/2,US,2026-05-12,UK (base),horse_win_predictor.pkl,75,Louisiana Downs,22:29,Maiden Claiming 5.5f,Maiden Claiming,Dirt,,5.5,5.5f,Sprint
Roseigh All Day,Nieves Emanuel,Felks Joseph R,-,3,120.0,,3,4/1,0.1691088276221459,5/1,5.91,0.2815176532560733,5/2,0.3236709628687961,2/1,US,2026-05-12,UK (base),horse_win_predictor.pkl,75,Louisiana Downs,22:29,Maiden Claiming 5.5f,Maiden Claiming,Dirt,,5.5,5.5f,Sprint
Mary Claire,Castillo Isaac,Thompson Kevin J,-,4,125.0,,5,5/2,0.1860284839046529,9/2,5.38,0.3071659935692843,5/2,0.3525925596935211,2/1,US,2026-05-12,UK (base),horse_win_predictor.pkl,75,Louisiana Downs,22:29,Maiden Claiming 5.5f,Maiden Claiming,Dirt,,5.5,5.5f,Sprint
Jubilate,Castillo Alexander,Wilson Shane,-,3,120.0,,6,3/1,0.178978627120275,9/2,5.59,0.2965348496438083,5/2,0.34061843309013323,2/1,US,2026-05-12,UK (base),horse_win_predictor.pkl,75,Louisiana Downs,22:29,Maiden Claiming 5.5f,Maiden Claiming,Dirt,,5.5,5.5f,Sprint
Millie's Deal,Hernandez Harry,Wong Jonathan,-,3,120.0,,7,7/2,0.17349540517686993,5/1,5.76,0.2882112048243769,5/2,0.331229629692192,2/1,US,2026-05-12,UK (base),horse_win_predictor.pkl,75,Louisiana Downs,22:29,Maiden Claiming 5.5f,Maiden Claiming,Dirt,,5.5,5.5f,Sprint
Mo Dixie Diva,"Ramirez, Jr. Julio",Gomez David C,-,7,119.0,,1,12/1,0.12463843861847043,7/1,8.02,0.2119213972082466,7/2,0.24465250667941266,3/1,US,2026-05-12,UK (base),horse_win_predictor.pkl,75,Louisiana Downs,22:57,Claiming 5.5f,Claiming,Dirt,,5.5,5.5f,Sprint
In Your Life,Dominguez Joel,Lorefice Matthew F,-,5,122.0,,2,5/2,0.16135547042416004,5/1,6.2,0.2696113764948465,5/2,0.3102073412713539,2/1,US,2026-05-12,UK (base),horse_win_predictor.pkl,75,Louisiana Downs,22:57,Claiming 5.5f,Claiming,Dirt,,5.5,5.5f,Sprint
Sara's Sapphire,Lozada Carlos,Dixon Tim,-,6,119.0,,3,10/1,0.12709795271071758,7/1,7.87,0.21585320321268703,7/2,0.24913642215092557,3/1,US,2026-05-12,UK (base),horse_win_predictor.pkl,75,Louisiana Downs,22:57,Claiming 5.5f,Claiming,Dirt,,5.5,5.5f,Sprint
Where's Aunt J,Castillo Isaac,Cates Al,-,6,119.0,,4,1/1,0.19903873990894672,4/1,5.02,0.326576595848471,2/1,0.3744032918257926,3/2,US,2026-05-12,UK (base),horse_win_predictor.pkl,75,Louisiana Downs,22:57,Claiming 5.5f,Claiming,Dirt,,5.5,5.5f,Sprint
Ann's Storm,Santiago Edward,Hatcher Nathan D,-,7,119.0,,5,20/1,0.11948517099661927,15/2,8.37,0.20365194292344163,4/1,0.235214482396,7/2,US,2026-05-12,UK (base),horse_win_predictor.pkl,75,Louisiana Downs,22:57,Claiming 5.5f,Claiming,Dirt,,5.5,5.5f,Sprint
Waving Bye,Nava-Marin Jose,Rodriguez-Torres Pedro,-,6,122.0,,6,4/1,0.14628216263024538,6/1,6.84,0.24618911585141645,3/1,0.2836542233093556,5/2,US,2026-05-12,UK (base),horse_win_predictor.pkl,75,Louisiana Downs,22:57,Claiming 5.5f,Claiming,Dirt,,5.5,5.5f,Sprint
Mischief Angel,Pena Jonuelle,Rangel Raul,-,6,117.0,,7,15/1,0.12210206471084056,7/1,8.19,0.20785658511419278,4/1,0.24001453026544986,3/1,US,2026-05-12,UK (base),horse_win_predictor.pkl,75,Louisiana Downs,22:57,Claiming 5.5f,Claiming,Dirt,,5.5,5.5f,Sprint
Texas Holdem,Lozada Carlos,Dixon Tim,-,7,122.0,,1,6/1,0.15768710219439938,11/2,6.34,0.26394460619114535,3/1,0.3037911701899251,5/2,US,2026-05-12,UK (base),horse_win_predictor.pkl,75,Louisiana Downs,23:25,Unknown 6f,Unknown,Dirt,,6.0,6f,Sprint
Lil Chilly,Murray Erica M,Scherer Gary M,-,5,117.0,,2,6/1,0.15768710219439938,11/2,6.34,0.26394460619114535,3/1,0.3037911701899251,5/2,US,2026-05-12,UK (base),horse_win_predictor.pkl,75,Louisiana Downs,23:25,Unknown 6f,Unknown,Dirt,,6.0,6f,Sprint
Prodigy Paradise,Castillo Alexander,Wilson Shane,-,5,121.0,,5,8/1,0.15145210829111722,11/2,6.6,0.25426360203935156,3/1,0.2928179121949394,5/2,US,2026-05-12,UK (base),horse_win_predictor.pkl,75,Louisiana Downs,23:25,Unknown 6f,Unknown,Dirt,,6.0,6f,Sprint
Bello Creedo,Nava-Marin Jose,"West, Jr. Henry",-,6,121.0,,7,30/1,0.13596518795070667,13/2,7.35,0.22994811244369523,7/2,0.26519170912856593,3/1,US,2026-05-12,UK (base),horse_win_predictor.pkl,75,Louisiana Downs,23:25,Unknown 6f,Unknown,Dirt,,6.0,6f,Sprint
Baron Of The Nile,Dominguez Joel,Cano Juan M,-,5,126.0,,8,7/5,0.2114639246102081,7/2,4.73,0.3448614711691332,2/1,0.3948855511287301,3/2,US,2026-05-12,UK (base),horse_win_predictor.pkl,75,Louisiana Downs,23:25,Unknown 6f,Unknown,Dirt,,6.0,6f,Sprint
Perfect Union,Hernandez Harry,Wong Jonathan,-,4,122.0,,9,5/2,0.18574457475916914,9/2,5.38,0.3067393969245328,5/2,0.35211245523654416,2/1,US,2026-05-12,UK (base),horse_win_predictor.pkl,75,Louisiana Downs,23:25,Unknown 6f,Unknown,Dirt,,6.0,6f,Sprint
Myrna,Lozada Carlos,Dixon Tim,-,3,118.0,,1,3/1,0.13016181601854898,13/2,7.68,0.22073759015399091,7/2,0.25470350545478165,3/1,US,2026-05-12,UK (base),horse_win_predictor.pkl,75,Louisiana Downs,23:53,Maiden Special Weight 8f,Maiden Special Weight,Turf,,8.0,8f,Classic
Rhythm Ready,Hernandez Harry,Scherer Gary M,-,3,118.0,,2,8/1,0.10586066994514384,17/2,9.45,0.18158402074827118,9/2,0.20998027729944393,4/1,US,2026-05-12,UK (base),horse_win_predictor.pkl,75,Louisiana Downs,23:53,Maiden Special Weight 8f,Maiden Special Weight,Turf,,8.0,8f,Classic
La Jefacita,Castillo Isaac,Wong Jonathan,-,3,118.0,,3,6/1,0.11141521761906503,8/1,8.98,0.19061671114063417,4/1,0.22031727121122258,7/2,US,2026-05-12,UK (base),horse_win_predictor.pkl,75,Louisiana Downs,23:53,Maiden Special Weight 8f,Maiden Special Weight,Turf,,8.0,8f,Classic
Mothertwotheblues,Castillo Alexander,Wilson Shane,-,3,118.0,,4,3/2,0.15640705377782652,11/2,6.39,0.2619621636229198,3/1,0.3015453298148298,5/2,US,2026-05-12,UK (base),horse_win_predictor.pkl,75,Louisiana Downs,23:53,Maiden Special Weight 8f,Maiden Special Weight,Turf,,8.0,8f,Classic
Open Flame,Vargas Juan P,Garcia J. L,-,4,124.0,,5,8/1,0.10586066994514384,17/2,9.45,0.18158402074827118,9/2,0.20998027729944393,4/1,US,2026-05-12,UK (base),horse_win_predictor.pkl,75,Louisiana Downs,23:53,Maiden Special Weight 8f,Maiden Special Weight,Turf,,8.0,8f,Classic
Calipari's Girl,Barrera Elio J,Milligan Allen,-,4,124.0,,6,30/1,0.09206389023895255,10/1,10.86,0.15893439452137068,11/2,0.18401083362727746,9/2,US,2026-05-12,UK (base),horse_win_predictor.pkl,75,Louisiana Downs,23:53,Maiden Special Weight 8f,Maiden Special Weight,Turf,,8.0,8f,Classic
Dewey's Soldier,Riquelme Jose,Besancon Danny,-,3,115.0,,7,30/1,0.09206389023895255,10/1,10.86,0.15893439452137068,11/2,0.18401083362727746,9/2,US,2026-05-12,UK (base),horse_win_predictor.pkl,75,Louisiana Downs,23:53,Maiden Special Weight 8f,Maiden Special Weight,Turf,,8.0,8f,Classic
Balitrix,Nava-Marin Jose,Vincent Jarvis,-,5,124.0,,8,20/1,0.09475157459730149,19/2,10.55,0.1633705455642083,5/1,0.18910265967679835,9/2,US,2026-05-12,UK (base),horse_win_predictor.pkl,75,Louisiana Downs,23:53,Maiden Special Weight 8f,Maiden Special Weight,Turf,,8.0,8f,Classic
Iona Mckinzie,Williams Rey,Foster Joseph M,-,3,118.0,,9,6/1,0.11141521761906503,8/1,8.98,0.19061671114063417,4/1,0.22031727121122258,7/2,US,2026-05-12,UK (base),horse_win_predictor.pkl,75,Louisiana Downs,23:53,Maiden Special Weight 8f,Maiden Special Weight,Turf,,8.0,8f,Classic
Winehouse (Brz),Anthony Cardos,Breno Piovesan,-,5,123.0,,1,10/1,0.1445450644411891,6/1,6.92,0.24346649547069438,3/1,0.28056203210675884,5/2,US,2026-05-12,UK (base),horse_win_predictor.pkl,75,BR - Gavea (simulcast),21:30,Allowance 1600mtr,Allowance,Turf,,,1600mtr,Unknown
Mountain Bike (Brz),Valdinei Gil,Flavio Assis,-,6,126.0,,2,2/1,0.18431955727201432,9/2,5.43,0.30459624373526467,5/2,0.34970000115898353,2/1,US,2026-05-12,UK (base),horse_win_predictor.pkl,75,BR - Gavea (simulcast),21:30,Allowance 1600mtr,Allowance,Turf,,,1600mtr,Unknown
Not To Worry (Brz),Vagner Borges,Christiano Oli,-,5,126.0,,3,3/5,0.23217324395910094,7/2,4.31,0.3747883069579879,3/2,0.42826895558257055,3/2,US,2026-05-12,UK (base),horse_win_predictor.pkl,75,BR - Gavea (simulcast),21:30,Allowance 1600mtr,Allowance,Turf,,,1600mtr,Unknown
Noli Cry (Brz),Edson Fernando,Jairo Borges,-,6,126.0,,4,20/1,0.13744247643568458,13/2,7.28,0.2322841101212133,7/2,0.26784972275328656,5/2,US,2026-05-12,UK (base),horse_win_predictor.pkl,75,BR - Gavea (simulcast),21:30,Allowance 1600mtr,Allowance,Turf,,,1600mtr,Unknown
Ustaritz (Brz),Joao Brasil,Flavio Assis,-,5,123.0,,5,5/1,0.15697459345082196,11/2,6.37,0.2628414498202388,3/1,0.3025415209587702,5/2,US,2026-05-12,UK (base),horse_win_predictor.pkl,75,BR - Gavea (simulcast),21:30,Allowance 1600mtr,Allowance,Turf,,,1600mtr,Unknown
German Glory (Brz),Henderson Fern,Roberto Da Sil,-,6,126.0,,6,10/1,0.1445450644411891,6/1,6.92,0.24346649547069438,3/1,0.28056203210675884,5/2,US,2026-05-12,UK (base),horse_win_predictor.pkl,75,BR - Gavea (simulcast),21:30,Allowance 1600mtr,Allowance,Turf,,,1600mtr,Unknown
Time Is Now (Brz),Joao Brasil,Dulcino Guigno,-,4,123.0,,1,4/5,0.2225564701525472,7/2,4.49,0.3609765403491757,2/1,0.4128840666729114,3/2,US,2026-05-12,UK (base),horse_win_predictor.pkl,75,BR - Gavea (simulcast),22:00,Allowance 1900mtr,Allowance,Dirt,,,1900mtr,Unknown
Valparaiso (Brz),Vagner Borges,Alessandro Dam,-,5,126.0,,3,1/1,0.21326378610025543,7/2,4.69,0.3474896610110074,2/1,0.3978243641025394,3/2,US,2026-05-12,UK (base),horse_win_predictor.pkl,75,BR - Gavea (simulcast),22:00,Allowance 1900mtr,Allowance,Dirt,,,1900mtr,Unknown
Contessa (Brz),Viitorio Vinyc,Jose De Olivei,-,5,115.0,,4,50/1,0.13290940047161495,13/2,7.52,0.22510499386192762,7/2,0.2596783413832949,3/1,US,2026-05-12,UK (base),horse_win_predictor.pkl,75,BR - Gavea (simulcast),22:00,Allowance 1900mtr,Allowance,Dirt,,,1900mtr,Unknown
Tunga (Brz),Matheus Aguiar,Alan Marcelo G,-,4,117.0,,5,50/1,0.13290940047161495,13/2,7.52,0.22510499386192762,7/2,0.2596783413832949,3/1,US,2026-05-12,UK (base),horse_win_predictor.pkl,75,BR - Gavea (simulcast),22:00,Allowance 1900mtr,Allowance,Dirt,,,1900mtr,Unknown
Ragnar Lodbrok (Brz),Joao Enick,Jaime Barreto,-,7,119.0,,7,6/1,0.15352510290695126,11/2,6.51,0.2574892194544403,3/1,0.2964757631597487,5/2,US,2026-05-12,UK (base),horse_win_predictor.pkl,75,BR - Gavea (simulcast),22:00,Allowance 1900mtr,Allowance,Dirt,,,1900mtr,Unknown
Sonic Do Iguassu (Brz),Pedro Assis,Antonio Oldoni,-,4,117.0,,8,10/1,0.14483583989701612,6/1,6.9,0.24392257539968976,3/1,0.2810801012131924,5/2,US,2026-05-12,UK (base),horse_win_predictor.pkl,75,BR - Gavea (simulcast),22:00,Allowance 1900mtr,Allowance,Dirt,,,1900mtr,Unknown
Noirien Blanc (Brz),Edson Fernando,Gilvanio Santo,-,5,123.0,,1,20/1,0.1187368321883642,15/2,8.42,0.20244754968455336,4/1,0.2338390687456243,7/2,US,2026-05-12,UK (base),horse_win_predictor.pkl,75,BR - Gavea (simulcast),22:30,Allowance 1300mtr,Allowance,Dirt,,,1300mtr,Unknown
Pixdecem (Brz),Joao Brasil,Ildefonso De S,-,5,128.0,,2,5/1,0.13780113488149692,13/2,7.26,0.23285072056699166,7/2,0.2684943151990522,5/2,US,2026-05-12,UK (base),horse_win_predictor.pkl,75,BR - Gavea (simulcast),22:30,Allowance 1300mtr,Allowance,Dirt,,,1300mtr,Unknown
Rainha Da Sucata (Brz),Pedro Assis,Leopoldo Cury,-,6,123.0,,3,12/1,0.12342958362051995,7/1,8.1,0.20998536082674799,4/1,0.2424437772790835,3/1,US,2026-05-12,UK (base),horse_win_predictor.pkl,75,BR - Gavea (simulcast),22:30,Allowance 1300mtr,Allowance,Dirt,,,1300mtr,Unknown
Laugh Forever (Brz),Viitorio Vinyc,Ildefonso De S,-,7,117.0,,4,10/1,0.12566930589495792,7/1,7.96,0.21357053105562784,7/2,0.24653349049087908,3/1,US,2026-05-12,UK (base),horse_win_predictor.pkl,75,BR - Gavea (simulcast),22:30,Allowance 1300mtr,Allowance,Dirt,,,1300mtr,Unknown
Mark Rohtko (Brz),Matheus Aguiar,Jose Antonio L,-,6,121.0,,5,4/1,0.1431391396355741,6/1,6.99,0.24125940070754348,3/1,0.278054498609532,5/2,US,2026-05-12,UK (base),horse_win_predictor.pkl,75,BR - Gavea (simulcast),22:30,Allowance 1300mtr,Allowance,Dirt,,,1300mtr,Unknown
Indian-Vip (Brz),Valdinei Gil,Dilson Antunes,-,6,128.0,,6,3/1,0.1511461467666898,11/2,6.62,0.25378693803410746,3/1,0.29227723475938905,5/2,US,2026-05-12,UK (base),horse_win_predictor.pkl,75,BR - Gavea (simulcast),22:30,Allowance 1300mtr,Allowance,Dirt,,,1300mtr,Unknown
Kaiaki D'anafer (Brz),Vagner Borges,Antonio Oldoni,-,5,128.0,,7,4/5,0.20007785701239714,4/1,5.0,0.32811522352897626,2/1,0.37612923597269343,3/2,US,2026-05-12,UK (base),horse_win_predictor.pkl,75,BR - Gavea (simulcast),22:30,Allowance 1300mtr,Allowance,Dirt,,,1300mtr,Unknown
Toda Chic (Brz),Pedro Assis,Jairo Borges,-,4,126.0,,1,5/2,0.16700364280962254,5/1,5.99,0.2782943836879734,5/2,0.32002841151735495,2/1,US,2026-05-12,UK (base),horse_win_predictor.pkl,75,BR - Gavea (simulcast),23:00,Allowance 1500mtr,Allowance,Turf,,,1500mtr,Unknown
Tulinha (Brz),Francisco Chav,Jaime Barreto,-,4,126.0,,2,15/1,0.12333760242016051,7/1,8.11,0.20983795301968605,4/1,0.24227558449450814,3/1,US,2026-05-12,UK (base),horse_win_predictor.pkl,75,BR - Gavea (simulcast),23:00,Allowance 1500mtr,Allowance,Turf,,,1500mtr,Unknown
Zahrina (Brz),Joao Brasil,Lucio De Vaz,-,4,126.0,,3,5/2,0.16700364280962254,5/1,5.99,0.2782943836879734,5/2,0.32002841151735495,2/1,US,2026-05-12,UK (base),horse_win_predictor.pkl,75,BR - Gavea (simulcast),23:00,Allowance 1500mtr,Allowance,Turf,,,1500mtr,Unknown
Oh Well (Brz),Wesley Cardoso,Roberto Morgad,-,4,126.0,,5,6/1,0.13905737696036682,6/1,7.19,0.23483371525898225,7/2,0.27074984212096304,5/2,US,2026-05-12,UK (base),horse_win_predictor.pkl,75,BR - Gavea (simulcast),23:00,Allowance 1500mtr,Allowance,Turf,,,1500mtr,Unknown
Orange Et Bleu (Brz),Henderson Fern,Fabricio Borge,-,4,126.0,,6,12/1,0.1261591004145565,7/1,7.93,0.2143534858522736,7/2,0.2474263803914175,3/1,US,2026-05-12,UK (base),horse_win_predictor.pkl,75,BR - Gavea (simulcast),23:00,Allowance 1500mtr,Allowance,Turf,,,1500mtr,Unknown
Sofia Sol (Brz),Anthony Cardos,Julio Cezar Sa,-,4,126.0,,7,3/1,0.16001707634730863,5/1,6.25,0.2675463656469632,5/2,0.3078698491343337,2/1,US,2026-05-12,UK (base),horse_win_predictor.pkl,75,BR - Gavea (simulcast),23:00,Allowance 1500mtr,Allowance,Turf,,,1500mtr,Unknown
Pilavas (Brz),Valdinei Gil,Breno Piovesan,-,4,126.0,,8,30/1,0.1174215582383624,15/2,8.52,0.2003285469577522,4/1,0.2314186677275234,7/2,US,2026-05-12,UK (base),horse_win_predictor.pkl,75,BR - Gavea (simulcast),23:00,Allowance 1500mtr,Allowance,Turf,,,1500mtr,Unknown
Of The Wind (Brz),Pedro Assis,Roberto Da Sil,-,4,121.0,,1,50/1,0.10024826215682264,9/1,9.98,0.17240710062991033,5/1,0.1994666650573182,4/1,US,2026-05-12,UK (base),horse_win_predictor.pkl,75,BR - Gavea (simulcast),23:30,Maiden Special 1300mtr,Maiden Special,Turf,,,1300mtr,Unknown
Imperador Do Tempo (Brz),Antonio Queiro,Allan Hollanda,-,4,126.0,,2,18/1,0.10534475046772858,17/2,9.49,0.18074253768102505,9/2,0.20901670788601123,4/1,US,2026-05-12,UK (base),horse_win_predictor.pkl,75,BR - Gavea (simulcast),23:30,Maiden Special 1300mtr,Maiden Special,Turf,,,1300mtr,Unknown
Xavier (Brz),Maikon Mesquit,Leonardo Dos R,-,4,126.0,,3,20/1,0.10457117634910892,17/2,9.56,0.1794800126899669,9/2,0.20757082631778867,4/1,US,2026-05-12,UK (base),horse_win_predictor.pkl,75,BR - Gavea (simulcast),23:30,Maiden Special 1300mtr,Maiden Special,Turf,,,1300mtr,Unknown
Zhaar (Brz),Wesley Cardoso,Lucio De Vaz,-,4,126.0,,5,4/5,0.18296002036923384,9/2,5.47,0.30254854142181253,5/2,0.34739423681652953,2/1,US,2026-05-12,UK (base),horse_win_predictor.pkl,75,BR - Gavea (simulcast),23:30,Maiden Special 1300mtr,Maiden Special,Turf,,,1300mtr,Unknown
Orlando Magic (Brz),Vagner Borges,Manoel De Paul,-,4,126.0,,6,15/1,0.10686772451376103,17/2,9.36,0.18322533569057056,9/2,0.21185943988187414,7/2,US,2026-05-12,UK (base),horse_win_predictor.pkl,75,BR - Gavea (simulcast),23:30,Maiden Special 1300mtr,Maiden Special,Turf,,,1300mtr,Unknown
Tesla Do Iguassu (Brz),Joao Brasil,Antonio Oldoni,-,3,126.0,,7,1/1,0.1743862405545327,9/2,5.73,0.28956678428236415,5/2,0.332759488180301,2/1,US,2026-05-12,UK (base),horse_win_predictor.pkl,75,BR - Gavea (simulcast),23:30,Maiden Special 1300mtr,Maiden Special,Turf,,,1300mtr,Unknown
Numbat (Brz),Henderson Fern,Leonardo Dos R,-,4,126.0,,8,10/1,0.11125204373718775,8/1,8.99,0.19035206493837703,9/2,0.220014572888823,7/2,US,2026-05-12,UK (base),horse_win_predictor.pkl,75,BR - Gavea (simulcast),23:30,Maiden Special 1300mtr,Maiden Special,Turf,,,1300mtr,Unknown
Estoril (Brz),Adilton Da Sil,Victor Gomes,-,4,126.0,,9,8/1,0.11436978185162455,15/2,8.74,0.19540124973229367,4/1,0.22578805018754458,7/2,US,2026-05-12,UK (base),horse_win_predictor.pkl,75,BR - Gavea (simulcast),23:30,Maiden Special 1300mtr,Maiden Special,Turf,,,1300mtr,Unknown
Nada Me Aborrece (Brz),Waldomiro Blan,Lucas Quintana,-,4,126.0,,1,20/1,0.09405751999594049,19/2,10.63,0.16222608233846347,5/1,0.1877892932169096,9/2,US,2026-05-12,UK (base),horse_win_predictor.pkl,75,BR - Gavea (simulcast),00:00,Claiming 1000mtr,Claiming,Turf,,,1000mtr,Unknown
Sonho Bom (Brz),Henderson Fern,Victor Gomes,-,5,128.0,,2,6/1,0.10933305381498198,8/1,9.15,0.1872365235417598,9/2,0.21645032468930148,7/2,US,2026-05-12,UK (base),horse_win_predictor.pkl,75,BR - Gavea (simulcast),00:00,Claiming 1000mtr,Claiming,Turf,,,1000mtr,Unknown
Jeito Certo (Brz),Matheus Aguiar,Alvaro Castill,-,5,119.0,,3,30/1,0.09159372421867573,10/1,10.92,0.15815717534061885,11/2,0.18311846951134753,9/2,US,2026-05-12,UK (base),horse_win_predictor.pkl,75,BR - Gavea (simulcast),00:00,Claiming 1000mtr,Claiming,Turf,,,1000mtr,Unknown
Veep (Brz),Eduardo Nunes,Flavio Assis,-,5,128.0,,4,2/1,0.13988412145306497,6/1,7.15,0.2361373646677603,3/1,0.27223233087327103,5/2,US,2026-05-12,UK (base),horse_win_predictor.pkl,75,BR - Gavea (simulcast),00:00,Claiming 1000mtr,Claiming,Turf,,,1000mtr,Unknown
Opostosseatraem (Brz),Vagner Borges,Flavio Assis,-,4,117.0,,5,2/1,0.13988412145306497,6/1,7.15,0.2361373646677603,3/1,0.27223233087327103,5/2,US,2026-05-12,UK (base),horse_win_predictor.pkl,75,BR - Gavea (simulcast),00:00,Claiming 1000mtr,Claiming,Turf,,,1000mtr,Unknown
Off Piste (Brz),Jorge Ricardo,Daniel Lopes,-,5,128.0,,6,15/1,0.09644432215516573,19/2,10.37,0.1661585740585228,5/1,0.1923014185222817,4/1,US,2026-05-12,UK (base),horse_win_predictor.pkl,75,BR - Gavea (simulcast),00:00,Claiming 1000mtr,Claiming,Turf,,,1000mtr,Unknown
Paramount (Brz),Francisco Chav,Lenio Vieira,-,5,126.0,,7,20/1,0.09405751999594049,19/2,10.63,0.16222608233846347,5/1,0.1877892932169096,9/2,US,2026-05-12,UK (base),horse_win_predictor.pkl,75,BR - Gavea (simulcast),00:00,Claiming 1000mtr,Claiming,Turf,,,1000mtr,Unknown
Post Heart (Brz),Joao Brasil,Jose Rodrigues,-,5,128.0,,8,2/1,0.13988412145306497,6/1,7.15,0.2361373646677603,3/1,0.27223233087327103,5/2,US,2026-05-12,UK (base),horse_win_predictor.pkl,75,BR - Gavea (simulcast),00:00,Claiming 1000mtr,Claiming,Turf,,,1000mtr,Unknown
Nikoon (Brz),Pedro Assis,Gilvanio Santo,-,4,126.0,,9,18/1,0.09486149546010056,19/2,10.54,0.16355172917143967,5/1,0.18931056681319183,9/2,US,2026-05-12,UK (base),horse_win_predictor.pkl,75,BR - Gavea (simulcast),00:00,Claiming 1000mtr,Claiming,Turf,,,1000mtr,Unknown
Key Right (Brz),Anthony Cardos,Alvaro Castill,-,4,126.0,,1,20/1,0.09684134427008978,19/2,10.33,0.16681182291813118,5/1,0.1930507524111467,4/1,US,2026-05-12,UK (base),horse_win_predictor.pkl,75,BR - Gavea (simulcast),00:30,Maiden Special 1200mtr,Maiden Special,Dirt,,,1200mtr,Unknown
Bastogne (Brz),Henderson Fern,Alan Marcelo G,-,4,121.0,,2,5/1,0.12289532222926487,7/1,8.14,0.2091289718320089,4/1,0.24146659043303792,3/1,US,2026-05-12,UK (base),horse_win_predictor.pkl,75,BR - Gavea (simulcast),00:30,Maiden Special 1200mtr,Maiden Special,Dirt,,,1200mtr,Unknown
Dona Del Tiempo (Brz),Viitorio Vinyc,Jairo Borges,-,4,121.0,,3,15/1,0.10009809151498666,9/1,9.99,0.17216086238702188,5/1,0.1991844014640351,4/1,US,2026-05-12,UK (base),horse_win_predictor.pkl,75,BR - Gavea (simulcast),00:30,Maiden Special 1200mtr,Maiden Special,Dirt,,,1200mtr,Unknown
Guacho Bryan (Brz),Francisco Chav,Flavio Guedes,-,4,126.0,,4,5/1,0.12289532222926487,7/1,8.14,0.2091289718320089,4/1,0.24146659043303792,3/1,US,2026-05-12,UK (base),horse_win_predictor.pkl,75,BR - Gavea (simulcast),00:30,Maiden Special 1200mtr,Maiden Special,Dirt,,,1200mtr,Unknown
Queen Of Ibiza (Brz),Vagner Borges,Roberto Morgad,-,4,121.0,,5,8/1,0.11073679918164983,8/1,9.03,0.18951612757257208,9/2,0.21905837571916792,7/2,US,2026-05-12,UK (base),horse_win_predictor.pkl,75,BR - Gavea (simulcast),00:30,Maiden Special 1200mtr,Maiden Special,Dirt,,,1200mtr,Unknown
Hora Da Vitoria (Brz),Joao Brasil,Dilson Antunes,-,4,126.0,,6,2/1,0.15937089137211002,11/2,6.27,0.26654833965640534,3/1,0.30673988276301606,5/2,US,2026-05-12,UK (base),horse_win_predictor.pkl,75,BR - Gavea (simulcast),00:30,Maiden Special 1200mtr,Maiden Special,Dirt,,,1200mtr,Unknown
Rivello (Brz),Jorge Ricardo,Carlos Rodrigu,-,4,126.0,,7,30/1,0.09347954066245429,19/2,10.7,0.16127243357444698,5/1,0.18669476841644422,9/2,US,2026-05-12,UK (base),horse_win_predictor.pkl,75,BR - Gavea (simulcast),00:30,Maiden Special 1200mtr,Maiden Special,Dirt,,,1200mtr,Unknown
Top Of The Hill (Brz),Matheus Aguiar,Alvaro Castill,-,4,121.0,,9,20/1,0.09684134427008978,19/2,10.33,0.16681182291813118,5/1,0.1930507524111467,4/1,US,2026-05-12,UK (base),horse_win_predictor.pkl,75,BR - Gavea (simulcast),00:30,Maiden Special 1200mtr,Maiden Special,Dirt,,,1200mtr,Unknown
Villerville (Brz),Pedro Assis,Manoel De Paul,-,4,121.0,,10,20/1,0.09684134427008978,19/2,10.33,0.16681182291813118,5/1,0.1930507524111467,4/1,US,2026-05-12,UK (base),horse_win_predictor.pkl,75,BR - Gavea (simulcast),00:30,Maiden Special 1200mtr,Maiden Special,Dirt,,,1200mtr,Unknown
Scarface (Brz),Wesley Cardoso,Edson Ricardo,-,5,128.0,,1,2/1,0.1353780151506744,13/2,7.39,0.22901866168230495,7/2,0.2641339041316664,3/1,US,2026-05-12,UK (base),horse_win_predictor.pkl,75,BR - Gavea (simulcast),01:00,Allowance 1000mtr,Allowance,Turf,,,1000mtr,Unknown
Palmar Point (Brz),Joao Brasil,Ivan Jeronimo,-,5,128.0,,2,12/1,0.09107014024844623,10/1,10.98,0.1572912360913059,11/2,0.18212414703237828,9/2,US,2026-05-12,UK (base),horse_win_predictor.pkl,75,BR - Gavea (simulcast),01:00,Allowance 1000mtr,Allowance,Turf,,,1000mtr,Unknown
El Cielo Zip (Brz),Pedro Assis,Oberdan Pereir,-,5,128.0,,3,4/1,0.11233792020151576,8/1,8.9,0.19211240971056667,4/1,0.22202784327646075,7/2,US,2026-05-12,UK (base),horse_win_predictor.pkl,75,BR - Gavea (simulcast),01:00,Allowance 1000mtr,Allowance,Turf,,,1000mtr,Unknown
Fast Volk (Brz),Angelo De Souz,Jose Rodrigues,-,6,128.0,,5,8/1,0.09697785690207666,19/2,10.31,0.16703637864028226,5/1,0.19330832429210937,4/1,US,2026-05-12,UK (base),horse_win_predictor.pkl,75,BR - Gavea (simulcast),01:00,Allowance 1000mtr,Allowance,Turf,,,1000mtr,Unknown
Enough Fast (Brz),Jorge Ricardo,Edson Ferreira,-,5,128.0,,6,6/1,0.10246359379473348,9/1,9.76,0.17603543838785457,9/2,0.20362488011027496,4/1,US,2026-05-12,UK (base),horse_win_predictor.pkl,75,BR - Gavea (simulcast),01:00,Allowance 1000mtr,Allowance,Turf,,,1000mtr,Unknown
New Galileo (Brz),Anthony Cardos,Mauricio Chave,-,7,121.0,,8,10/1,0.0934869334249314,19/2,10.7,0.1612846347879185,5/1,0.18670877279903864,9/2,US,2026-05-12,UK (base),horse_win_predictor.pkl,75,BR - Gavea (simulcast),01:00,Allowance 1000mtr,Allowance,Turf,,,1000mtr,Unknown
Ybitu (Brz),Edson Fernando,Jose Reis,-,5,123.0,,9,30/1,0.08335199429773552,11/1,12.0,0.14447554577319616,6/1,0.16739687757649388,5/1,US,2026-05-12,UK (base),horse_win_predictor.pkl,75,BR - Gavea (simulcast),01:00,Allowance 1000mtr,Allowance,Turf,,,1000mtr,Unknown
King George (Brz),Matheus Aguiar,Edson Dos Reis,-,10,121.0,,10,15/1,0.0885778222851959,21/2,11.29,0.15316325563272243,11/2,0.17738279313804486,9/2,US,2026-05-12,UK (base),horse_win_predictor.pkl,75,BR - Gavea (simulcast),01:00,Allowance 1000mtr,Allowance,Turf,,,1000mtr,Unknown
Ta Fora (Brz),Henderson Fern,Valter Lopes,-,8,128.0,,11,7/1,0.09937786679261401,9/1,10.06,0.1709793919001048,5/1,0.19782996381541385,4/1,US,2026-05-12,UK (base),horse_win_predictor.pkl,75,BR - Gavea (simulcast),01:00,Allowance 1000mtr,Allowance,Turf,,,1000mtr,Unknown
Moncho (Brz),Roberto Melo,Daniel Peres,-,6,128.0,,12,8/1,0.09697785690207666,19/2,10.31,0.16703637864028226,5/1,0.19330832429210937,4/1,US,2026-05-12,UK (base),horse_win_predictor.pkl,75,BR - Gavea (simulcast),01:00,Allowance 1000mtr,Allowance,Turf,,,1000mtr,Unknown
National Punchline,Gomez Alejandro,Jensen Justin P,-,4,119.0,,1,20/1,0.1201823876355752,15/2,8.32,0.20477325270580526,4/1,0.23649482710714154,3/1,US,2026-05-12,UK (base),horse_win_predictor.pkl,75,Mountaineer,23:00,Maiden Claiming 6f,Maiden Claiming,Dirt,,6.0,6f,Sprint
R Elliot,Weatherly Bailey,Shafer Gabe,-,4,119.0,,2,7/2,0.15344373489194357,11/2,6.52,0.2573627389834272,3/1,0.29633236551773356,5/2,US,2026-05-12,UK (base),horse_win_predictor.pkl,75,Mountaineer,23:00,Maiden Claiming 6f,Maiden Claiming,Dirt,,6.0,6f,Sprint
Souper Justified,Ramgeet Andrew R,Ramgeet Tina,-,5,123.0,,3,4/1,0.14921047251386033,11/2,6.7,0.250767838438701,3/1,0.2888518506605162,5/2,US,2026-05-12,UK (base),horse_win_predictor.pkl,75,Mountaineer,23:00,Maiden Claiming 6f,Maiden Claiming,Dirt,,6.0,6f,Sprint
Semper Anticus,Barrios Ricardo,Ramgeet Tina,-,5,123.0,,4,9/2,0.1457468942045195,6/1,6.86,0.24535068383192438,3/1,0.2827021049422012,5/2,US,2026-05-12,UK (base),horse_win_predictor.pkl,75,Mountaineer,23:00,Maiden Claiming 6f,Maiden Claiming,Dirt,,6.0,6f,Sprint
How About It,Tapara Luis,Bernardini Jay P,-,4,119.0,,5,5/2,0.1655387702578957,5/1,6.04,0.2760473188974152,5/2,0.31748802463723497,2/1,US,2026-05-12,UK (base),horse_win_predictor.pkl,75,Mountaineer,23:00,Maiden Claiming 6f,Maiden Claiming,Dirt,,6.0,6f,Sprint
Pop Neigh,Bracho Agustin,Vazquez Juan C,-,4,119.0,,6,15/1,0.12301716154947025,7/1,8.13,0.20932431316049566,4/1,0.2416894950146302,3/1,US,2026-05-12,UK (base),horse_win_predictor.pkl,75,Mountaineer,23:00,Maiden Claiming 6f,Maiden Claiming,Dirt,,6.0,6f,Sprint
Finn D'oro,"Monserrate, Jr. Jorge A",Scallan Robert S,-,4,119.0,,7,5/1,0.14286057894673546,6/1,7.0,0.24082172609052668,3/1,0.2775571562694484,5/2,US,2026-05-12,UK (base),horse_win_predictor.pkl,75,Mountaineer,23:00,Maiden Claiming 6f,Maiden Claiming,Dirt,,6.0,6f,Sprint
Kingdom's Spirit,Oliveros Charle,Cox L. C,-,8,120.0,,1,12/1,0.1012102905039583,9/1,9.88,0.17398370458400844,9/2,0.20127373486402725,4/1,US,2026-05-12,UK (base),horse_win_predictor.pkl,75,Mountaineer,23:25,Claiming 6f,Claiming,Dirt,,6.0,6f,Sprint
Solo Surprise,"Monserrate, Jr. Jorge A",Stanoszek Sara,-,4,120.0,,2,15/1,0.09843706473816982,9/1,10.16,0.16943483195729236,5/1,0.1960589946644633,4/1,US,2026-05-12,UK (base),horse_win_predictor.pkl,75,Mountaineer,23:25,Claiming 6f,Claiming,Dirt,,6.0,6f,Sprint
Nun Gimel Hay Po,Yaranga Yuri,Fletcher Jeff,-,5,120.0,,3,9/2,0.12137920516423814,7/1,8.24,0.2066962401385869,4/1,0.23869012825396768,3/1,US,2026-05-12,UK (base),horse_win_predictor.pkl,75,Mountaineer,23:25,Claiming 6f,Claiming,Dirt,,6.0,6f,Sprint
Revocata,Gomez Alejandro,Gilbert Timothy A,-,4,123.0,,4,8/1,0.10778386268953098,17/2,9.28,0.18471706399613524,9/2,0.21356701448611184,7/2,US,2026-05-12,UK (base),horse_win_predictor.pkl,75,Mountaineer,23:25,Claiming 6f,Claiming,Dirt,,6.0,6f,Sprint
Heavenly Lady,Pagan Michael Y,Scallan Robert S,-,5,115.0,,5,20/1,0.0955758000591817,19/2,10.46,0.16472865326096492,5/1,0.1906609732116336,4/1,US,2026-05-12,UK (base),horse_win_predictor.pkl,75,Mountaineer,23:25,Claiming 6f,Claiming,Dirt,,6.0,6f,Sprint
My Angel Does,Hernandez Jairo H,Gomez Alejandro,-,4,120.0,,6,10/1,0.10389947912532894,17/2,9.62,0.17838298101558037,9/2,0.20631429422442465,4/1,US,2026-05-12,UK (base),horse_win_predictor.pkl,75,Mountaineer,23:25,Claiming 6f,Claiming,Dirt,,6.0,6f,Sprint
Siljim,Weatherly Bailey,Blankenship Donald T,-,5,120.0,,7,5/2,0.1413560349229915,6/1,7.07,0.23845563997406471,3/1,0.2748679918682172,5/2,US,2026-05-12,UK (base),horse_win_predictor.pkl,75,Mountaineer,23:25,Claiming 6f,Claiming,Dirt,,6.0,6f,Sprint
Bougie Like,Gonzalez Kevin,Brown John T,-,6,120.0,,8,12/1,0.1012102905039583,9/1,9.88,0.17398370458400844,9/2,0.20127373486402725,4/1,US,2026-05-12,UK (base),horse_win_predictor.pkl,75,Mountaineer,23:25,Claiming 6f,Claiming,Dirt,,6.0,6f,Sprint
Cicatriz,Stokes Joe,Shanley Timothy,-,4,120.0,,9,7/2,0.12914797229264222,13/2,7.74,0.21912299112891515,7/2,0.2528636231925175,3/1,US,2026-05-12,UK (base),horse_win_predictor.pkl,75,Mountaineer,23:25,Claiming 6f,Claiming,Dirt,,6.0,6f,Sprint
Impostora,Tapara Luis,Bernardini Jay P,-,3,119.0,,1,12/1,0.12620713382376347,7/1,7.92,0.21443024838036678,7/2,0.24751391633909303,3/1,US,2026-05-12,UK (base),horse_win_predictor.pkl,75,Mountaineer,23:50,Maiden Claiming 5.5f,Maiden Claiming,Dirt,,5.5,5.5f,Sprint
She's A Rock,Yaranga Yuri,Stanoszek Sara,-,3,119.0,,2,15/1,0.12337662956514116,7/1,8.11,0.20990049903897084,4/1,0.24234695009165697,3/1,US,2026-05-12,UK (base),horse_win_predictor.pkl,75,Mountaineer,23:50,Maiden Claiming 5.5f,Maiden Claiming,Dirt,,5.5,5.5f,Sprint
Catrina Zar,Garcia Francisco,Vazquez Juan C,-,3,119.0,,3,5/1,0.14381916032185788,6/1,6.95,0.24232732787879677,3/1,0.27926789071264885,5/2,US,2026-05-12,UK (base),horse_win_predictor.pkl,75,Mountaineer,23:50,Maiden Claiming 5.5f,Maiden Claiming,Dirt,,5.5,5.5f,Sprint
Princess Azara,Whitacre Brandon,Bernardini Jay P,-,3,119.0,,4,2/1,0.17652720953260465,9/2,5.66,0.2928194925943939,5/2,0.3364290987425648,2/1,US,2026-05-12,UK (base),horse_win_predictor.pkl,75,Mountaineer,23:50,Maiden Claiming 5.5f,Maiden Claiming,Dirt,,5.5,5.5f,Sprint
Jacarandosa,Pagan Michael Y,Gotera Juan C,-,3,114.0,,5,8/1,0.13291647725160896,13/2,7.52,0.22511622711291415,7/2,0.2596911333109036,3/1,US,2026-05-12,UK (base),horse_win_predictor.pkl,75,Mountaineer,23:50,Maiden Claiming 5.5f,Maiden Claiming,Dirt,,5.5,5.5f,Sprint
Gorda,Oliveros Charle,Inman Robert L,-,3,119.0,,6,4/1,0.15036077016400723,11/2,6.65,0.2525626973317623,3/1,0.2908884200196704,5/2,US,2026-05-12,UK (base),horse_win_predictor.pkl,75,Mountaineer,23:50,Maiden Claiming 5.5f,Maiden Claiming,Dirt,,5.5,5.5f,Sprint
Silver Wishes,Negron Luis,Chapman James K,-,3,119.0,,7,9/2,0.14679261934101667,6/1,6.81,0.24698825633943272,3/1,0.28456162021383874,5/2,US,2026-05-12,UK (base),horse_win_predictor.pkl,75,Mountaineer,23:50,Maiden Claiming 5.5f,Maiden Claiming,Dirt,,5.5,5.5f,Sprint
Leo And Royal,Mera Julio C,Martinez Tomas,-,6,123.0,,2,20/1,0.125113499105777,7/1,7.99,0.2126815882636056,7/2,0.2455196216977913,3/1,US,2026-05-12,UK (base),horse_win_predictor.pkl,75,Mountaineer,00:15,Claiming 8f,Claiming,Dirt,,8.0,8f,Classic
High Rolling Dude,Whitacre Brandon,Richison Crystal,-,10,123.0,,3,5/1,0.16011946909244168,5/1,6.25,0.2677044488604387,5/2,0.3080488162734376,2/1,US,2026-05-12,UK (base),horse_win_predictor.pkl,75,Mountaineer,00:15,Claiming 8f,Claiming,Dirt,,8.0,8f,Classic
North Warden,Batista Luis A,Mathes Julie,-,5,123.0,,4,8/1,0.14378334976533147,6/1,6.95,0.24227110824180492,3/1,0.2792040176704825,5/2,US,2026-05-12,UK (base),horse_win_predictor.pkl,75,Mountaineer,00:15,Claiming 8f,Claiming,Dirt,,8.0,8f,Classic
Captain Creed,Negron Luis,Viands Gregory,-,6,123.0,,5,12/1,0.1337303532563406,13/2,7.48,0.22640758995576057,7/2,0.26116155371804306,3/1,US,2026-05-12,UK (base),horse_win_predictor.pkl,75,Mountaineer,00:15,Claiming 8f,Claiming,Dirt,,8.0,8f,Classic
Zaddy,Gomez Alejandro,Lopez Carlos A,-,4,123.0,,7,15/1,0.12948924535411008,13/2,7.72,0.21966666990749661,7/2,0.25348320411501657,3/1,US,2026-05-12,UK (base),horse_win_predictor.pkl,75,Mountaineer,00:15,Claiming 8f,Claiming,Dirt,,8.0,8f,Classic
Hard Astray,Yaranga Yuri,Fletcher Jeff,-,9,123.0,,9,4/1,0.16992114068870778,5/1,5.89,0.2827594979973127,5/2,0.32507388198803955,2/1,US,2026-05-12,UK (base),horse_win_predictor.pkl,75,Mountaineer,00:15,Claiming 8f,Claiming,Dirt,,8.0,8f,Classic
Gambling Tzar,Gonzalez Kevin,Vazquez Juan C,-,7,123.0,,10,10/1,0.13784294273729142,13/2,7.25,0.2329167554371436,7/2,0.26856943519958815,5/2,US,2026-05-12,UK (base),horse_win_predictor.pkl,75,Mountaineer,00:15,Claiming 8f,Claiming,Dirt,,8.0,8f,Classic
No Name Dude,Gomez Alejandro,Valdez Moises,-,6,123.0,,1,15/1,0.12584580564955894,7/1,7.95,0.21385271672953685,7/2,0.24685530838452857,3/1,US,2026-05-12,UK (base),horse_win_predictor.pkl,75,Mountaineer,00:40,Claiming 2f,Claiming,Dirt,,2.0,2f,Sprint
Bustin Loose,Pagan Michael Y,Bayley Randy,-,7,118.0,,3,20/1,0.1223375450451666,7/1,8.17,0.20823440113915737,4/1,0.2404457221744039,3/1,US,2026-05-12,UK (base),horse_win_predictor.pkl,75,Mountaineer,00:40,Claiming 2f,Claiming,Dirt,,2.0,2f,Sprint
Cash Customer,Barrios Ricardo,Bird Danny R,-,7,123.0,,4,5/2,0.17846971471544407,9/2,5.6,0.29576433523130974,5/2,0.33974981792475933,2/1,US,2026-05-12,UK (base),horse_win_predictor.pkl,75,Mountaineer,00:40,Claiming 2f,Claiming,Dirt,,2.0,2f,Sprint
Kool Kathmandu,Whitacre Brandon,Langley Wilson C,-,6,123.0,,5,12/1,0.12924611977381614,13/2,7.74,0.21927936801159895,7/2,0.25304183610076747,3/1,US,2026-05-12,UK (base),horse_win_predictor.pkl,75,Mountaineer,00:40,Claiming 2f,Claiming,Dirt,,2.0,2f,Sprint
El Marro,Martinez Miguel L,Romero Jose A,-,9,123.0,,6,20/1,0.1223375450451666,7/1,8.17,0.20823440113915737,4/1,0.2404457221744039,3/1,US,2026-05-12,UK (base),horse_win_predictor.pkl,75,Mountaineer,00:40,Claiming 2f,Claiming,Dirt,,2.0,2f,Sprint
Emperorofthedark,Weatherly Bailey,Reffner Tara B,-,7,123.0,,7,4/1,0.1582621336341442,11/2,6.32,0.2648343181875142,3/1,0.3047988873950279,5/2,US,2026-05-12,UK (base),horse_win_predictor.pkl,75,Mountaineer,00:40,Claiming 2f,Claiming,Dirt,,2.0,2f,Sprint
Miss Nuckols,Yaranga Yuri,"Godsey, Jr. Claudie M",-,7,118.0,,8,7/2,0.16350113613670342,5/1,6.12,0.2729159478316719,5/2,0.31394650221728504,2/1,US,2026-05-12,UK (base),horse_win_predictor.pkl,75,Mountaineer,00:40,Claiming 2f,Claiming,Dirt,,2.0,2f,Sprint
Junito's Boy,Diaz Renzo,Gray Christopher L,-,4,123.0,,3,20/1,0.16765561372891216,5/1,5.96,0.27929338086018735,5/2,0.32115754353441556,2/1,US,2026-05-12,UK (base),horse_win_predictor.pkl,75,Mountaineer,01:05,Maiden Special Weight 6f,Maiden Special Weight,Dirt,,6.0,6f,Sprint
Doom Loop,Garcia Francisco,Baird J. M,-,4,123.0,,4,3/1,0.21908086096567772,7/2,4.56,0.3559484108250498,2/1,0.4072737420223143,3/2,US,2026-05-12,UK (base),horse_win_predictor.pkl,75,Mountaineer,01:05,Maiden Special Weight 6f,Maiden Special Weight,Dirt,,6.0,6f,Sprint
Red Cloud,Diaz Angel I,Baird J. M,-,4,118.0,,6,2/1,0.24025596276905178,3/1,4.16,0.386282390867426,3/2,0.44104230140431633,3/2,US,2026-05-12,UK (base),horse_win_predictor.pkl,75,Mountaineer,01:05,Maiden Special Weight 6f,Maiden Special Weight,Dirt,,6.0,6f,Sprint
Eyesonthecandy,Stokes Joe,Jackson Angelo G,-,4,118.0,,7,5/1,0.19790575916230368,4/1,5.05,0.32489701488446043,2/1,0.37251873578026923,3/2,US,2026-05-12,UK (base),horse_win_predictor.pkl,75,Mountaineer,01:05,Maiden Special Weight 6f,Maiden Special Weight,Dirt,,6.0,6f,Sprint
The Groom's Jul,Bracho Agustin,"Ewell, Sr. Devan",-,5,123.0,,8,12/1,0.17510180337405468,9/2,5.71,0.29065473283742155,5/2,0.3339870813861841,2/1,US,2026-05-12,UK (base),horse_win_predictor.pkl,75,Mountaineer,01:05,Maiden Special Weight 6f,Maiden Special Weight,Dirt,,6.0,6f,Sprint
Z Dancer,Negron Luis,Vazquez Juan C,-,6,120.0,,1,5/1,0.16409736820508936,5/1,6.09,0.2738329057676915,5/2,0.3149837323536673,2/1,US,2026-05-12,UK (base),horse_win_predictor.pkl,75,Mountaineer,01:30,Allowance 8f,Allowance,Dirt,,8.0,8f,Classic
Afraidofthebunny,Pagan Michael Y,Bayley Randy,-,6,115.0,,2,3/1,0.1813312374928192,9/2,5.51,0.3000914133345328,5/2,0.3446264792751754,2/1,US,2026-05-12,UK (base),horse_win_predictor.pkl,75,Mountaineer,01:30,Allowance 8f,Allowance,Dirt,,8.0,8f,Classic
Stomping Moon,Bowen Rocco,Bernardini Jay P,-,6,120.0,,3,2/1,0.19856510678054906,4/1,5.04,0.3258747109003717,2/1,0.3736158124453051,3/2,US,2026-05-12,UK (base),horse_win_predictor.pkl,75,Mountaineer,01:30,Allowance 8f,Allowance,Dirt,,8.0,8f,Classic
Defiant Giant,Stokes Joe,Shanley Timothy,-,5,120.0,,4,12/1,0.14553781666445717,6/1,6.87,0.2450230651324572,3/1,0.2823300333079572,5/2,US,2026-05-12,UK (base),horse_win_predictor.pkl,75,Mountaineer,01:30,Allowance 8f,Allowance,Dirt,,8.0,8f,Classic
Tap Em,Mera Julio C,Martinez Tomas,-,7,120.0,,5,20/1,0.1394775549369038,6/1,7.17,0.23549640822148524,3/1,0.27150347820320325,5/2,US,2026-05-12,UK (base),horse_win_predictor.pkl,75,Mountaineer,01:30,Allowance 8f,Allowance,Dirt,,8.0,8f,Classic
Mr Scatter,Barrios Ricardo,"Jones, Jr. Michael E",-,5,120.0,,7,4/1,0.17099091592018129,5/1,5.85,0.28439333399454836,5/2,0.326919240772436,2/1,US,2026-05-12,UK (base),horse_win_predictor.pkl,75,Mountaineer,01:30,Allowance 8f,Allowance,Dirt,,8.0,8f,Classic
Remys Gunsmoke,Yaranga Yuri,Shafer Gabe,-,7,123.0,,1,10/1,0.0972307952667887,19/2,10.28,0.16745236944164993,5/1,0.1937854597572229,4/1,US,2026-05-12,UK (base),horse_win_predictor.pkl,75,Mountaineer,01:55,Claiming 5.5f,Claiming,Dirt,,5.5,5.5f,Sprint
Grey Streak,Pagan Michael Y,Castillo Jabdiel,-,8,118.0,,2,20/1,0.08796745360535493,21/2,11.37,0.15215079817459065,11/2,0.17621955238805403,9/2,US,2026-05-12,UK (base),horse_win_predictor.pkl,75,Mountaineer,01:55,Claiming 5.5f,Claiming,Dirt,,5.5,5.5f,Sprint
Joe Phillips,"Arroyo, Jr. Norberto",Silva Juan P,-,8,123.0,,3,10/1,0.0972307952667887,19/2,10.28,0.16745236944164993,5/1,0.1937854597572229,4/1,US,2026-05-12,UK (base),horse_win_predictor.pkl,75,Mountaineer,01:55,Claiming 5.5f,Claiming,Dirt,,5.5,5.5f,Sprint
Holy Truth,Martinez Miguel L,Richison Crystal,-,9,123.0,,5,15/1,0.09115172730147279,10/1,10.97,0.15742619923061738,11/2,0.1822791262040466,9/2,US,2026-05-12,UK (base),horse_win_predictor.pkl,75,Mountaineer,01:55,Claiming 5.5f,Claiming,Dirt,,5.5,5.5f,Sprint
Crafty Conquest,Batista Luis A,Pizzurro Jessica L,-,9,123.0,,6,15/1,0.09115172730147279,10/1,10.97,0.15742619923061738,11/2,0.1822791262040466,9/2,US,2026-05-12,UK (base),horse_win_predictor.pkl,75,Mountaineer,01:55,Claiming 5.5f,Claiming,Dirt,,5.5,5.5f,Sprint
Cold Plunge,Whitacre Brandon,Brown John T,-,5,123.0,,7,12/1,0.0942380233454024,19/2,10.61,0.16252379798648542,5/1,0.18813096347689157,9/2,US,2026-05-12,UK (base),horse_win_predictor.pkl,75,Mountaineer,01:55,Claiming 5.5f,Claiming,Dirt,,5.5,5.5f,Sprint
Growth Capital,Negron Luis,Silva Juan P,-,7,123.0,,8,3/1,0.1312735758725578,13/2,7.62,0.2225062351927095,7/2,0.2567184824377664,3/1,US,2026-05-12,UK (base),horse_win_predictor.pkl,75,Mountaineer,01:55,Claiming 5.5f,Claiming,Dirt,,5.5,5.5f,Sprint
Krusin Rocket,Gonzalez Kevin,Richison Crystal,-,8,123.0,,9,5/1,0.1134416431742978,8/1,8.82,0.19389975258886827,4/1,0.22407154361933218,7/2,US,2026-05-12,UK (base),horse_win_predictor.pkl,75,Mountaineer,01:55,Claiming 5.5f,Claiming,Dirt,,5.5,5.5f,Sprint
Southern Sense,Gomez Alejandro,Poole Jami C,-,7,123.0,,10,6/1,0.10834680526050923,8/1,9.23,0.18563302530078965,9/2,0.2146153578158948,7/2,US,2026-05-12,UK (base),horse_win_predictor.pkl,75,Mountaineer,01:55,Claiming 5.5f,Claiming,Dirt,,5.5,5.5f,Sprint
Abuelo Paps,"Monserrate, Jr. Jorge A","Ewell, Sr. Devan",-,9,123.0,,11,20/1,0.08796745360535493,21/2,11.37,0.15215079817459065,11/2,0.17621955238805403,9/2,US,2026-05-12,UK (base),horse_win_predictor.pkl,75,Mountaineer,01:55,Claiming 5.5f,Claiming,Dirt,,5.5,5.5f,Sprint
Zina Kemp,"Miller, Tyler","Patalan, Eric",-,3,0.0,,1,10/1,0.10216114451298335,9/1,9.79,0.1755405405648079,9/2,0.2030578140842421,4/1,US,2026-05-12,UK (base),horse_win_predictor.pkl,75,Oak Grove Racing,18:24,Trot 1m,Trot,Dirt,,8.0,1m,Classic
Willpowernwow,"Bobbitt, Gerem","Debeck, Rodney",-,3,0.0,,2,15/1,0.09724195969218222,19/2,10.28,0.16747072846610722,5/1,0.1938065167563291,4/1,US,2026-05-12,UK (base),horse_win_predictor.pkl,75,Oak Grove Racing,18:24,Trot 1m,Trot,Dirt,,8.0,1m,Classic
Lucky Lady Volo,"Bender, Atlee","Miller, Erv",-,3,0.0,,3,5/2,0.13589269756990535,13/2,7.36,0.22983339542356904,7/2,0.26506115711869294,3/1,US,2026-05-12,UK (base),horse_win_predictor.pkl,75,Oak Grove Racing,18:24,Trot 1m,Trot,Dirt,,8.0,1m,Classic
Chicora,"Bates, Brandon","Oke, Wayne",-,5,0.0,,4,8/1,0.10565923149666415,17/2,9.46,0.18125551813362295,9/2,0.20960412562248248,4/1,US,2026-05-12,UK (base),horse_win_predictor.pkl,75,Oak Grove Racing,18:24,Trot 1m,Trot,Dirt,,8.0,1m,Classic
Decemberist,"Miller, Marcus","Stewart, Bob",-,3,0.0,,5,15/1,0.09724195969218222,19/2,10.28,0.16747072846610722,5/1,0.1938065167563291,4/1,US,2026-05-12,UK (base),horse_win_predictor.pkl,75,Oak Grove Racing,18:24,Trot 1m,Trot,Dirt,,8.0,1m,Classic
Angellisa,"Luna, Marvin","Pinske, Carter",-,3,0.0,,6,8/1,0.10565923149666415,17/2,9.46,0.18125551813362295,9/2,0.20960412562248248,4/1,US,2026-05-12,UK (base),horse_win_predictor.pkl,75,Oak Grove Racing,18:24,Trot 1m,Trot,Dirt,,8.0,1m,Classic
Yo Billie,"Yoder, Verlin","Yoder, Verlin",-,3,0.0,,7,3/1,0.12970857950946962,13/2,7.71,0.2200159906383538,7/2,0.25388126981168535,3/1,US,2026-05-12,UK (base),horse_win_predictor.pkl,75,Oak Grove Racing,18:24,Trot 1m,Trot,Dirt,,8.0,1m,Classic
R Zee,"Putnam, Joey","Butenschoen, T",-,3,0.0,,8,5/1,0.11527897070178635,15/2,8.67,0.19687075439436477,4/1,0.22746767327908168,7/2,US,2026-05-12,UK (base),horse_win_predictor.pkl,75,Oak Grove Racing,18:24,Trot 1m,Trot,Dirt,,8.0,1m,Classic
Magical Six Pack,"Shetler, Andy","Enlow, Jason",-,3,0.0,,9,6/1,0.11115622532816254,8/1,9.0,0.19019664044732837,9/2,0.21983679611701556,7/2,US,2026-05-12,UK (base),horse_win_predictor.pkl,75,Oak Grove Racing,18:24,Trot 1m,Trot,Dirt,,8.0,1m,Classic
Wise Thinking,"Putnam, Joey","Best, Ronald",-,6,0.0,,1,5/1,0.11558243665054542,15/2,8.65,0.1973609462413199,4/1,0.2280278873378603,7/2,US,2026-05-12,UK (base),horse_win_predictor.pkl,75,Oak Grove Racing,18:48,Pace 1m,Pace,Dirt,,8.0,1m,Classic
Kimsirvivor Shark,"Denson, Jamaal","Denson, Jamaal",-,5,0.0,,2,15/1,0.09735575942296687,19/2,10.27,0.1676578518470823,5/1,0.19402113650612557,4/1,US,2026-05-12,UK (base),horse_win_predictor.pkl,75,Oak Grove Racing,18:48,Pace 1m,Pace,Dirt,,8.0,1m,Classic
Seriously Feared,"Bates, Brandon","Campbell, Gary",-,6,0.0,,3,5/2,0.13641292491063517,13/2,7.33,0.23065647597300365,7/2,0.2659978076213918,3/1,US,2026-05-12,UK (base),horse_win_predictor.pkl,75,Oak Grove Racing,18:48,Pace 1m,Pace,Dirt,,8.0,1m,Classic
Nimble Ned,"Miller, Marcus","Hershberger, J",-,6,0.0,,4,6/1,0.11141633899852746,8/1,8.98,0.1906185297206816,4/1,0.2203193512414894,7/2,US,2026-05-12,UK (base),horse_win_predictor.pkl,75,Oak Grove Racing,18:48,Pace 1m,Pace,Dirt,,8.0,1m,Classic
Mr Big Check,"Stiltner, Jame","Stiltner, Jame",-,4,0.0,,5,10/1,0.10232667139412466,9/1,9.77,0.17581141036654346,9/2,0.2033681874812005,4/1,US,2026-05-12,UK (base),horse_win_predictor.pkl,75,Oak Grove Racing,18:48,Pace 1m,Pace,Dirt,,8.0,1m,Classic
Rockin Pulse,"Avenatti, Wyat","Eaton, James",-,7,0.0,,6,7/2,0.12530333117192063,7/1,7.98,0.21298525626723314,7/2,0.24586597817797531,3/1,US,2026-05-12,UK (base),horse_win_predictor.pkl,75,Oak Grove Racing,18:48,Pace 1m,Pace,Dirt,,8.0,1m,Classic
Koa,"Bender, Atlee","Chupp, Merv",-,6,0.0,,7,8/1,0.10586154212917019,17/2,9.45,0.18158544295093348,9/2,0.20998190575909473,4/1,US,2026-05-12,UK (base),horse_win_predictor.pkl,75,Oak Grove Racing,18:48,Pace 1m,Pace,Dirt,,8.0,1m,Classic
Chewalla A,"Buford, Archie","Fortune, Adria",-,11,0.0,,8,12/1,0.09987945319293928,9/1,10.01,0.17180229161119426,5/1,0.1987733560180399,4/1,US,2026-05-12,UK (base),horse_win_predictor.pkl,75,Oak Grove Racing,18:48,Pace 1m,Pace,Dirt,,8.0,1m,Classic
Side Bar,"Johnson, Od","Gray, Jalen",-,5,0.0,,9,8/1,0.10586154212917019,17/2,9.45,0.18158544295093348,9/2,0.20998190575909473,4/1,US,2026-05-12,UK (base),horse_win_predictor.pkl,75,Oak Grove Racing,18:48,Pace 1m,Pace,Dirt,,8.0,1m,Classic
Making History,"Luna, Marvin","Alagna, Tony",-,4,0.0,,1,2/1,0.16268797491896486,5/1,6.15,0.2716644531075498,5/2,0.3125306324282691,2/1,US,2026-05-12,UK (base),horse_win_predictor.pkl,75,Oak Grove Racing,19:07,Pace 1m,Pace,Dirt,,8.0,1m,Classic
Lil Rockstar,"Bates, Brandon","Deters, Terry",-,4,0.0,,2,5/1,0.12995509857059354,13/2,7.69,0.22040851531147423,7/2,0.2543285465893045,3/1,US,2026-05-12,UK (base),horse_win_predictor.pkl,75,Oak Grove Racing,19:07,Pace 1m,Pace,Dirt,,8.0,1m,Classic
Fox Valley York,"Denson, Jamaal","Roberts, Ashle",-,5,0.0,,3,10/1,0.11507651841224294,15/2,8.69,0.19654364907013067,4/1,0.22709382306683856,7/2,US,2026-05-12,UK (base),horse_win_predictor.pkl,75,Oak Grove Racing,19:07,Pace 1m,Pace,Dirt,,8.0,1m,Classic
Fleet Commander,"Crisler, Randy","Crisler, Randy",-,4,0.0,,4,15/1,0.10949705085286147,8/1,9.13,0.18750300821877136,9/2,0.21675524223098758,7/2,US,2026-05-12,UK (base),horse_win_predictor.pkl,75,Oak Grove Racing,19:07,Pace 1m,Pace,Dirt,,8.0,1m,Classic
Scrappy Comingup,"Tharps, Devon","Hunt, Leroy",-,5,0.0,,5,6/1,0.12527897337796906,7/1,7.98,0.212946295143834,7/2,0.24582154080603336,3/1,US,2026-05-12,UK (base),horse_win_predictor.pkl,75,Oak Grove Racing,19:07,Pace 1m,Pace,Dirt,,8.0,1m,Classic
Fox Valley Endzone,"Avenatti, Wyat","Saltsgaver, Ta",-,3,0.0,,6,10/1,0.11507651841224294,15/2,8.69,0.19654364907013067,4/1,0.22709382306683856,7/2,US,2026-05-12,UK (base),horse_win_predictor.pkl,75,Oak Grove Racing,19:07,Pace 1m,Pace,Dirt,,8.0,1m,Classic
Shaving Cream,"Miller, Marcus","Hershberger, J",-,3,0.0,,7,15/1,0.10949705085286147,8/1,9.13,0.18750300821877136,9/2,0.21675524223098758,7/2,US,2026-05-12,UK (base),horse_win_predictor.pkl,75,Oak Grove Racing,19:07,Pace 1m,Pace,Dirt,,8.0,1m,Classic
Starlit Millertime,"Bender, Atlee","Miller, Erv",-,4,0.0,,8,9/2,0.13293081460226366,13/2,7.52,0.22513898510741748,7/2,0.25971704904685017,3/1,US,2026-05-12,UK (base),horse_win_predictor.pkl,75,Oak Grove Racing,19:07,Pace 1m,Pace,Dirt,,8.0,1m,Classic
Rg's Sparkle,"Miller, Marcus","Woodard, Marti",-,4,0.0,,1,8/1,0.10564862905680804,17/2,9.47,0.18123822604498807,9/2,0.20958432491555556,4/1,US,2026-05-12,UK (base),horse_win_predictor.pkl,75,Oak Grove Racing,19:26,Pace 1m,Pace,Dirt,,8.0,1m,Classic
Carronsidelegcy Gb,"Dinges, Tony","Dinges, Tony",-,6,0.0,,2,7/2,0.12487750502719634,7/1,8.01,0.21230399603949945,7/2,0.24508893016911312,3/1,US,2026-05-12,UK (base),horse_win_predictor.pkl,75,Oak Grove Racing,19:26,Pace 1m,Pace,Dirt,,8.0,1m,Classic
Imapricelessprince,"Bender, Atlee","Miller, Kevin",-,3,0.0,,3,6/1,0.11114259361977613,8/1,9.0,0.19017452762237247,9/2,0.2198115028733461,7/2,US,2026-05-12,UK (base),horse_win_predictor.pkl,75,Oak Grove Racing,19:26,Pace 1m,Pace,Dirt,,8.0,1m,Classic
Senior Partner,"Bates, Brandon","Crisler, Randy",-,4,0.0,,4,12/1,0.0997320518351501,9/1,10.03,0.17156050757267094,5/1,0.19849617847424125,4/1,US,2026-05-12,UK (base),horse_win_predictor.pkl,75,Oak Grove Racing,19:26,Pace 1m,Pace,Dirt,,8.0,1m,Classic
That's The Star,"Bobbitt, Gerem","Patton, Jamaic",-,4,0.0,,5,9/2,0.11788518649250967,15/2,8.48,0.20107580193101837,4/1,0.23227228272045913,7/2,US,2026-05-12,UK (base),horse_win_predictor.pkl,75,Oak Grove Racing,19:26,Pace 1m,Pace,Dirt,,8.0,1m,Classic
Star Man,"Curtin, Pat","Halford, Steph",-,4,0.0,,6,8/1,0.10564862905680804,17/2,9.47,0.18123822604498807,9/2,0.20958432491555556,4/1,US,2026-05-12,UK (base),horse_win_predictor.pkl,75,Oak Grove Racing,19:26,Pace 1m,Pace,Dirt,,8.0,1m,Classic
Just Chasing Tails,"Tharps, Devon","Lindsey, Richa",-,3,0.0,,7,3/1,0.12968472401979342,13/2,7.71,0.21997800112035618,7/2,0.25383798003306723,3/1,US,2026-05-12,UK (base),horse_win_predictor.pkl,75,Oak Grove Racing,19:26,Pace 1m,Pace,Dirt,,8.0,1m,Classic
Fabulous,"Buford, Archie","Buford, Archie",-,4,0.0,,8,12/1,0.0997320518351501,9/1,10.03,0.17156050757267094,5/1,0.19849617847424125,4/1,US,2026-05-12,UK (base),horse_win_predictor.pkl,75,Oak Grove Racing,19:26,Pace 1m,Pace,Dirt,,8.0,1m,Classic
He's Lost In Time,"Maxwell, Zyler","Maxwell, Pravi",-,5,0.0,,9,8/1,0.10564862905680804,17/2,9.47,0.18123822604498807,9/2,0.20958432491555556,4/1,US,2026-05-12,UK (base),horse_win_predictor.pkl,75,Oak Grove Racing,19:26,Pace 1m,Pace,Dirt,,8.0,1m,Classic
Glitterati,"Luna, Marvin","Daley, Noel",-,3,0.0,,1,5/2,0.1369696042316898,13/2,7.3,0.23153674963033305,7/2,0.2669994291548243,5/2,US,2026-05-12,UK (base),horse_win_predictor.pkl,75,Oak Grove Racing,19:52,Trot 1m,Trot,Dirt,,8.0,1m,Classic
Gare D'orsay,"Bender, Atlee","Czernyson, Jon",-,3,0.0,,2,5/1,0.11590716625449396,15/2,8.63,0.1978853223067716,4/1,0.22862713082637573,7/2,US,2026-05-12,UK (base),horse_win_predictor.pkl,75,Oak Grove Racing,19:52,Trot 1m,Trot,Dirt,,8.0,1m,Classic
Songbird,"Bobbitt, Gerem","Debeck, Rodney",-,3,0.0,,3,8/1,0.10607802853180254,17/2,9.43,0.18193841284748943,9/2,0.210386056965872,4/1,US,2026-05-12,UK (base),horse_win_predictor.pkl,75,Oak Grove Racing,19:52,Trot 1m,Trot,Dirt,,8.0,1m,Classic
Now Or Never,"Miller, Marcus","Lloyd, Justin",-,3,0.0,,4,6/1,0.11169467865905476,8/1,8.95,0.19106986059369896,4/1,0.22083555381919054,7/2,US,2026-05-12,UK (base),horse_win_predictor.pkl,75,Oak Grove Racing,19:52,Trot 1m,Trot,Dirt,,8.0,1m,Classic
Commence,"Putnam, Joey","Putnam, Joe",-,3,0.0,,5,8/1,0.10607802853180254,17/2,9.43,0.18193841284748943,9/2,0.210386056965872,4/1,US,2026-05-12,UK (base),horse_win_predictor.pkl,75,Oak Grove Racing,19:52,Trot 1m,Trot,Dirt,,8.0,1m,Classic
Battle Em,"Curtin, Pat","Lunsford, Henr",-,3,0.0,,6,15/1,0.09747753302444756,19/2,10.26,0.16785806388837982,5/1,0.1942507629623544,4/1,US,2026-05-12,UK (base),horse_win_predictor.pkl,75,Oak Grove Racing,19:52,Trot 1m,Trot,Dirt,,8.0,1m,Classic
Julius Spirit,"Fonseca, Joser","Pinske, Carter",-,3,0.0,,7,12/1,0.10002932839476168,9/1,10.0,0.17204809787928538,5/1,0.19905513643598177,4/1,US,2026-05-12,UK (base),horse_win_predictor.pkl,75,Oak Grove Racing,19:52,Trot 1m,Trot,Dirt,,8.0,1m,Classic
Caught Ina Scandal,"Stiltner, Jame","Stiltner, Jame",-,4,0.0,,8,7/2,0.12573630397718535,7/1,7.95,0.21367765264865912,7/2,0.24665565840046177,3/1,US,2026-05-12,UK (base),horse_win_predictor.pkl,75,Oak Grove Racing,19:52,Trot 1m,Trot,Dirt,,8.0,1m,Classic
Barroom Blitz,"Tharps, Devon","Wellwood, Paul",-,3,0.0,,9,12/1,0.10002932839476168,9/1,10.0,0.17204809787928538,5/1,0.19905513643598177,4/1,US,2026-05-12,UK (base),horse_win_predictor.pkl,75,Oak Grove Racing,19:52,Trot 1m,Trot,Dirt,,8.0,1m,Classic
Winter Soldier,"Bender, Atlee","Patalan, Eric",-,5,0.0,,1,15/1,0.1222201382777321,7/1,8.18,0.20804603913941538,4/1,0.24023075196254662,3/1,US,2026-05-12,UK (base),horse_win_predictor.pkl,75,Oak Grove Racing,20:12,Trot 1m,Trot,Dirt,,8.0,1m,Classic
Corner Store,"Putnam, Joey","Kelley, Paul",-,4,0.0,,2,10/1,0.12726969608074162,7/1,7.86,0.21612739251294746,7/2,0.24944902867502466,3/1,US,2026-05-12,UK (base),horse_win_predictor.pkl,75,Oak Grove Racing,20:12,Trot 1m,Trot,Dirt,,8.0,1m,Classic
Woman Of Passion,"Luna, Marvin","Pinske, Carter",-,5,0.0,,3,8/1,0.1308604927406595,13/2,7.64,0.22184931208492456,7/2,0.25597011933902397,3/1,US,2026-05-12,UK (base),horse_win_predictor.pkl,75,Oak Grove Racing,20:12,Trot 1m,Trot,Dirt,,8.0,1m,Classic
Tom's Muscle,"Fonseca, Joser","Grant, Peggy",-,5,0.0,,4,5/1,0.1407351835554337,6/1,7.11,0.2374782168874754,3/1,0.27375685438699104,5/2,US,2026-05-12,UK (base),horse_win_predictor.pkl,75,Oak Grove Racing,20:12,Trot 1m,Trot,Dirt,,8.0,1m,Classic
Little Expensive,"Miller, Tyler","Miller, Julie",-,6,0.0,,5,5/2,0.16189523530137845,5/1,6.18,0.27044336977185024,5/2,0.31114892019827717,2/1,US,2026-05-12,UK (base),horse_win_predictor.pkl,75,Oak Grove Racing,20:12,Trot 1m,Trot,Dirt,,8.0,1m,Classic
Dp Freedoms Chrome,"Miller, Marcus","Oke, Wayne",-,5,0.0,,6,4/1,0.14665999804429827,6/1,6.82,0.24678067245865404,3/1,0.28432592536403745,5/2,US,2026-05-12,UK (base),horse_win_predictor.pkl,75,Oak Grove Racing,20:12,Trot 1m,Trot,Dirt,,8.0,1m,Classic
Cecil Hanover,"Tharps, Devon","Engblom, Per",-,6,0.0,,7,2/1,0.17035925599975632,5/1,5.87,0.283428839915729,5/2,0.3258299338842187,2/1,US,2026-05-12,UK (base),horse_win_predictor.pkl,75,Oak Grove Racing,20:12,Trot 1m,Trot,Dirt,,8.0,1m,Classic
Furst Igor S,"Curtin, Pat","Kosciolek, Nik",-,6,0.0,,1,8/1,0.11688310392978256,15/2,8.56,0.19946025908620035,4/1,0.23042669226985701,7/2,US,2026-05-12,UK (base),horse_win_predictor.pkl,75,Oak Grove Racing,20:31,Trot 1m,Trot,Dirt,,8.0,1m,Classic
Exchequer,"Hershberger, J","Hershberger, J",-,9,0.0,,2,15/1,0.10828146818272492,8/1,9.24,0.1855267416474597,9/2,0.21449371919673524,7/2,US,2026-05-12,UK (base),horse_win_predictor.pkl,75,Oak Grove Racing,20:31,Trot 1m,Trot,Dirt,,8.0,1m,Classic
Outbound Train,"Luna, Marvin","Stewart, Bob",-,4,0.0,,3,6/1,0.12250049870337125,7/1,8.16,0.20849579992000855,4/1,0.24074403787624754,3/1,US,2026-05-12,UK (base),horse_win_predictor.pkl,75,Oak Grove Racing,20:31,Trot 1m,Trot,Dirt,,8.0,1m,Classic
P P E,"Dinges, Tony","Dinges, Tony",-,7,0.0,,4,8/1,0.11688310392978256,15/2,8.56,0.19946025908620035,4/1,0.23042669226985701,7/2,US,2026-05-12,UK (base),horse_win_predictor.pkl,75,Oak Grove Racing,20:31,Trot 1m,Trot,Dirt,,8.0,1m,Classic
Youngblood,"Buford, Archie","Buford, Archie",-,4,0.0,,5,7/2,0.1365439856373429,13/2,7.32,0.2308637661362325,7/2,0.2662336838233161,3/1,US,2026-05-12,UK (base),horse_win_predictor.pkl,75,Oak Grove Racing,20:31,Trot 1m,Trot,Dirt,,8.0,1m,Classic
Rock Party,"Avenatti, Wyat","Chupp, Merv",-,9,0.0,,6,10/1,0.11330839816477159,8/1,8.83,0.19368408222085573,4/1,0.2238249637418873,7/2,US,2026-05-12,UK (base),horse_win_predictor.pkl,75,Oak Grove Racing,20:31,Trot 1m,Trot,Dirt,,8.0,1m,Classic
Louise's Legacy,"Miller, Marcus","Miller, Erv",-,4,0.0,,7,9/2,0.12939457410732094,13/2,7.73,0.21951586874644574,7/2,0.2533113542361175,3/1,US,2026-05-12,UK (base),horse_win_predictor.pkl,75,Oak Grove Racing,20:31,Trot 1m,Trot,Dirt,,8.0,1m,Classic
Prince Of Honor,"Bates, Brandon","Burke, Ron",-,6,0.0,,8,2/1,0.15620486734490324,11/2,6.4,0.2616487927550348,3/1,0.3011902647838341,5/2,US,2026-05-12,UK (base),horse_win_predictor.pkl,75,Oak Grove Racing,20:31,Trot 1m,Trot,Dirt,,8.0,1m,Classic
Fox Valley Stoli,"Bates, Brandon","Laffoon, Rober",-,4,0.0,,1,8/1,0.10566755532053965,17/2,9.46,0.18126909377903594,9/2,0.20961967070097204,4/1,US,2026-05-12,UK (base),horse_win_predictor.pkl,75,Oak Grove Racing,20:51,Pace 1m,Pace,Dirt,,8.0,1m,Classic
Mankat,"Bobbitt, Gerem","Campbell, Gary",-,9,0.0,,2,6/1,0.11116692738743104,8/1,9.0,0.190214000701566,9/2,0.2198566531943666,7/2,US,2026-05-12,UK (base),horse_win_predictor.pkl,75,Oak Grove Racing,20:51,Pace 1m,Pace,Dirt,,8.0,1m,Classic
Mystical Charger,"Denson, Jamaal","Denson, Jamaal",-,10,0.0,,3,12/1,0.09974515463311813,9/1,10.03,0.17158200164138493,5/1,0.19852081926948498,4/1,US,2026-05-12,UK (base),horse_win_predictor.pkl,75,Oak Grove Racing,20:51,Pace 1m,Pace,Dirt,,8.0,1m,Classic
Ponda Eagle,"Miller, Marcus","Miller, Erv",-,4,0.0,,4,2/1,0.14416315978877947,6/1,6.94,0.24286727430757493,3/1,0.27988131725212323,5/2,US,2026-05-12,UK (base),horse_win_predictor.pkl,75,Oak Grove Racing,20:51,Pace 1m,Pace,Dirt,,8.0,1m,Classic
Tookadiveoffdipper,"Bender, Atlee","Eaton, James",-,12,0.0,,5,3/1,0.12972730811318953,13/2,7.71,0.22004581502750561,7/2,0.25391525512037416,3/1,US,2026-05-12,UK (base),horse_win_predictor.pkl,75,Oak Grove Racing,20:51,Pace 1m,Pace,Dirt,,8.0,1m,Classic
Rockin Ella Mae,"Maxwell, Zyler","Watson, Jimmy",-,7,0.0,,6,12/1,0.09974515463311813,9/1,10.03,0.17158200164138493,5/1,0.19852081926948498,4/1,US,2026-05-12,UK (base),horse_win_predictor.pkl,75,Oak Grove Racing,20:51,Pace 1m,Pace,Dirt,,8.0,1m,Classic
Ideal Ace,"White, Stephen","White, Stephen",-,12,0.0,,7,15/1,0.09724664184311219,19/2,10.28,0.1674784278377919,5/1,0.1938153475857968,4/1,US,2026-05-12,UK (base),horse_win_predictor.pkl,75,Oak Grove Racing,20:51,Pace 1m,Pace,Dirt,,8.0,1m,Classic
My House,"Shetler, Andy","Shetler, Andy",-,9,0.0,,8,5/1,0.1152914564375996,15/2,8.67,0.19689092564567695,4/1,0.22749072659870595,7/2,US,2026-05-12,UK (base),horse_win_predictor.pkl,75,Oak Grove Racing,20:51,Pace 1m,Pace,Dirt,,8.0,1m,Classic
Lottie's Webb,"Luna, Marvin","Halford, Steph",-,4,0.0,,9,15/1,0.09724664184311219,19/2,10.28,0.1674784278377919,5/1,0.1938153475857968,4/1,US,2026-05-12,UK (base),horse_win_predictor.pkl,75,Oak Grove Racing,20:51,Pace 1m,Pace,Dirt,,8.0,1m,Classic
Other Peoples Beer,"Maxwell, Zyler","Laffoon, Rober",-,6,0.0,,1,7/2,0.14243737957610791,6/1,7.02,0.24015655755658766,3/1,0.2768012492992675,5/2,US,2026-05-12,UK (base),horse_win_predictor.pkl,75,Oak Grove Racing,21:13,Pace 1m,Pace,Dirt,,8.0,1m,Classic
Dowahs Boy,"Tharps, Devon","Watson, Jimmy",-,11,0.0,,2,15/1,0.10993898522800256,8/1,9.1,0.18822090903203426,9/2,0.21757663045854614,7/2,US,2026-05-12,UK (base),horse_win_predictor.pkl,75,Oak Grove Racing,21:13,Pace 1m,Pace,Dirt,,8.0,1m,Classic
D A Wicked Shine,"Bender, Atlee","Dinges, Tony",-,5,0.0,,3,3/1,0.1480892742453436,6/1,6.75,0.24901634712440843,3/1,0.2868639994540577,5/2,US,2026-05-12,UK (base),horse_win_predictor.pkl,75,Oak Grove Racing,21:13,Pace 1m,Pace,Dirt,,8.0,1m,Classic
Rule The West,"Shetler, Andy","Brooks, David",-,5,0.0,,4,10/1,0.11571933204881181,15/2,8.64,0.19758202664000274,4/1,0.22828053711169932,7/2,US,2026-05-12,UK (base),horse_win_predictor.pkl,75,Oak Grove Racing,21:13,Pace 1m,Pace,Dirt,,8.0,1m,Classic
Talk Racy To Me,"Bates, Brandon","Oke, Wayne",-,6,0.0,,5,8/1,0.11982980089916505,15/2,8.35,0.20420629667167028,4/1,0.23584748258635974,3/1,US,2026-05-12,UK (base),horse_win_predictor.pkl,75,Oak Grove Racing,21:13,Pace 1m,Pace,Dirt,,8.0,1m,Classic
Virgin Storm,"Bobbitt, Gerem","Roberts, Ashle",-,10,0.0,,6,15/1,0.10993898522800256,8/1,9.1,0.18822090903203426,9/2,0.21757663045854614,7/2,US,2026-05-12,UK (base),horse_win_predictor.pkl,75,Oak Grove Racing,21:13,Pace 1m,Pace,Dirt,,8.0,1m,Classic
Under The Desk,"Miller, Marcus","Whitton, Cassi",-,6,0.0,,8,8/1,0.11982980089916505,15/2,8.35,0.20420629667167028,4/1,0.23584748258635974,3/1,US,2026-05-12,UK (base),horse_win_predictor.pkl,75,Oak Grove Racing,21:13,Pace 1m,Pace,Dirt,,8.0,1m,Classic
Just Plain Loco,"Denson, Jamaal","Denson, Jamaal",-,10,0.0,,9,9/2,0.1342164418754014,13/2,7.45,0.22717835275996814,7/2,0.26203906934168064,3/1,US,2026-05-12,UK (base),horse_win_predictor.pkl,75,Oak Grove Racing,21:13,Pace 1m,Pace,Dirt,,8.0,1m,Classic
Damn Strait,"Bates, Brandon","Adam, Alex",-,4,0.0,,1,6/1,0.11116866734679173,8/1,9.0,0.1902168231444958,9/2,0.21985988156863484,7/2,US,2026-05-12,UK (base),horse_win_predictor.pkl,75,Oak Grove Racing,21:19,Pace 1m,Pace,Dirt,,8.0,1m,Classic
When We Dance,"Tharps, Devon","Brock, Donald",-,4,0.0,,2,5/2,0.13591758160716372,13/2,7.36,0.2298727757009427,7/2,0.2651059734861098,3/1,US,2026-05-12,UK (base),horse_win_predictor.pkl,75,Oak Grove Racing,21:19,Pace 1m,Pace,Dirt,,8.0,1m,Classic
Doc's Moreau,"Jerrell, Randa","Jerrell, Randa",-,3,0.0,,3,12/1,0.09974609153431235,9/1,10.03,0.1715835385406651,5/1,0.19852258116804739,4/1,US,2026-05-12,UK (base),horse_win_predictor.pkl,75,Oak Grove Racing,21:19,Pace 1m,Pace,Dirt,,8.0,1m,Classic
Purple Wayne,"Vandervort, Sh","Vandervort, Ro",-,3,0.0,,4,15/1,0.09724740307533249,19/2,10.28,0.16747967961168153,5/1,0.1938167833128124,4/1,US,2026-05-12,UK (base),horse_win_predictor.pkl,75,Oak Grove Racing,21:19,Pace 1m,Pace,Dirt,,8.0,1m,Classic
Bet On The Jet,"Patton, Jordan","Patton, Jordan",-,3,0.0,,5,12/1,0.09974609153431235,9/1,10.03,0.1715835385406651,5/1,0.19852258116804739,4/1,US,2026-05-12,UK (base),horse_win_predictor.pkl,75,Oak Grove Racing,21:19,Pace 1m,Pace,Dirt,,8.0,1m,Classic
First Colt,"Avenatti, Wyat","Cotton, Philip",-,3,0.0,,6,10/1,0.10216906216120192,9/1,9.79,0.17555349807984383,9/2,0.20307266154933454,4/1,US,2026-05-12,UK (base),horse_win_predictor.pkl,75,Oak Grove Racing,21:19,Pace 1m,Pace,Dirt,,8.0,1m,Classic
Rock Of All Time,"Putnam, Joey","Putnam, Joe",-,3,0.0,,7,7/2,0.1249180641581095,7/1,8.01,0.2123688972821895,7/2,0.24516295970371949,3/1,US,2026-05-12,UK (base),horse_win_predictor.pkl,75,Oak Grove Racing,21:19,Pace 1m,Pace,Dirt,,8.0,1m,Classic
Idyllic Stranger,"Bobbitt, Gerem","Debeck, Rodney",-,3,0.0,,8,9/2,0.11791837123598409,15/2,8.48,0.20112927440481349,4/1,0.2323333630931245,7/2,US,2026-05-12,UK (base),horse_win_predictor.pkl,75,Oak Grove Racing,21:19,Pace 1m,Pace,Dirt,,8.0,1m,Classic
Smart Aleck,"Luna, Marvin","Deters, Terry",-,3,0.0,,9,6/1,0.11116866734679173,8/1,9.0,0.1902168231444958,9/2,0.21985988156863484,7/2,US,2026-05-12,UK (base),horse_win_predictor.pkl,75,Oak Grove Racing,21:19,Pace 1m,Pace,Dirt,,8.0,1m,Classic
Go Go Go Chrome,"Buford, Archie","Patton, Jamaic",-,3,0.0,,1,3/1,0.12978194762066061,13/2,7.71,0.22013282257461958,7/2,0.2540144006823542,3/1,US,2026-05-12,UK (base),horse_win_predictor.pkl,75,Oak Grove Racing,21:40,Trot 1m,Trot,Dirt,,8.0,1m,Classic
Panzee Party,"Tharps, Devon","Burke, Ron",-,3,0.0,,2,9/2,0.11795589456586764,15/2,8.48,0.20118973576829446,4/1,0.23240242621920454,7/2,US,2026-05-12,UK (base),horse_win_predictor.pkl,75,Oak Grove Racing,21:40,Trot 1m,Trot,Dirt,,8.0,1m,Classic
Harbor Of Grace,"Putnam, Joey","Murphy, Mike",-,3,0.0,,3,8/1,0.10569183954608236,17/2,9.46,0.18130869922564039,9/2,0.20966502160547465,4/1,US,2026-05-12,UK (base),horse_win_predictor.pkl,75,Oak Grove Racing,21:40,Trot 1m,Trot,Dirt,,8.0,1m,Classic
My Little Maverick,"Bates, Brandon","Oke, Wayne",-,3,0.0,,4,15/1,0.09726030171997996,19/2,10.28,0.16750089006343472,5/1,0.19384111069223023,4/1,US,2026-05-12,UK (base),horse_win_predictor.pkl,75,Oak Grove Racing,21:40,Trot 1m,Trot,Dirt,,8.0,1m,Classic
Ghostbuster Sa,"Maxwell, Zyler","Cottongim, Bil",-,4,0.0,,5,6/1,0.11119814996312881,8/1,8.99,0.1902646470894539,9/2,0.2199145835118258,7/2,US,2026-05-12,UK (base),horse_win_predictor.pkl,75,Oak Grove Racing,21:40,Trot 1m,Trot,Dirt,,8.0,1m,Classic
Dg's Legacy,"Shetler, Andy","Shetler, Andy",-,4,0.0,,6,12/1,0.09976196678926309,9/1,10.02,0.17160958020654393,5/1,0.19855243523802424,4/1,US,2026-05-12,UK (base),horse_win_predictor.pkl,75,Oak Grove Racing,21:40,Trot 1m,Trot,Dirt,,8.0,1m,Classic
Deuce Pop,"Jerrell, Randa","Jerrell, Randa",-,3,0.0,,7,7/2,0.12496392600574496,7/1,8.0,0.2124422805681255,7/2,0.2452466635290182,3/1,US,2026-05-12,UK (base),horse_win_predictor.pkl,75,Oak Grove Racing,21:40,Trot 1m,Trot,Dirt,,8.0,1m,Classic
R Perfect Goo,"Fonseca, Joser","Butenschoen, T",-,3,0.0,,8,6/1,0.11119814996312881,8/1,8.99,0.1902646470894539,9/2,0.2199145835118258,7/2,US,2026-05-12,UK (base),horse_win_predictor.pkl,75,Oak Grove Racing,21:40,Trot 1m,Trot,Dirt,,8.0,1m,Classic
Tru Fortune,"Curtin, Pat","Hunt, Leroy",-,5,0.0,,9,10/1,0.10218782382614369,9/1,9.79,0.17558420181640028,9/2,0.2031078435627465,4/1,US,2026-05-12,UK (base),horse_win_predictor.pkl,75,Oak Grove Racing,21:40,Trot 1m,Trot,Dirt,,8.0,1m,Classic
Frozen Shark,"Bender, Atlee","Adam, Alex",-,6,0.0,,1,4/1,0.12084632792595872,15/2,8.27,0.205840322288175,4/1,0.2377130701740061,3/1,US,2026-05-12,UK (base),horse_win_predictor.pkl,75,Oak Grove Racing,22:01,Pace 1m,Pace,Dirt,,8.0,1m,Classic
Double Down Duke,"Miller, Marcus","Campbell, Don",-,9,0.0,,2,9/2,0.11771663930418244,15/2,8.49,0.2008041850122716,4/1,0.23196201465280503,7/2,US,2026-05-12,UK (base),horse_win_predictor.pkl,75,Oak Grove Racing,22:01,Pace 1m,Pace,Dirt,,8.0,1m,Classic
Fightforyourright,"Stiltner, Jame","Stiltner, Jame",-,5,0.0,,3,3/1,0.12945297163584346,13/2,7.72,0.21960889145223783,7/2,0.2534173613833857,3/1,US,2026-05-12,UK (base),horse_win_predictor.pkl,75,Oak Grove Racing,22:01,Pace 1m,Pace,Dirt,,8.0,1m,Classic
The Legend Hanover,"Denson, Jamaal","Denson, Jamaal",-,8,0.0,,4,5/1,0.1151085654527022,15/2,8.69,0.19659543234240073,4/1,0.2271530074260377,7/2,US,2026-05-12,UK (base),horse_win_predictor.pkl,75,Oak Grove Racing,22:01,Pace 1m,Pace,Dirt,,8.0,1m,Classic
Sonic Star,"Fonseca, Joser","Best, Ronald",-,6,0.0,,5,10/1,0.1020681961953011,9/1,9.8,0.175388419811892,9/2,0.20288350366811359,4/1,US,2026-05-12,UK (base),horse_win_predictor.pkl,75,Oak Grove Racing,22:01,Pace 1m,Pace,Dirt,,8.0,1m,Classic
Artifact Hanover,"Bobbitt, Gerem","Watson, Jimmy",-,11,0.0,,6,10/1,0.1020681961953011,9/1,9.8,0.175388419811892,9/2,0.20288350366811359,4/1,US,2026-05-12,UK (base),horse_win_predictor.pkl,75,Oak Grove Racing,22:01,Pace 1m,Pace,Dirt,,8.0,1m,Classic
It's A Jk,"Bates, Brandon","Kosciolek, Nik",-,7,0.0,,7,12/1,0.09966074340931935,9/1,10.03,0.1714435271152563,5/1,0.19836207100498265,4/1,US,2026-05-12,UK (base),horse_win_predictor.pkl,75,Oak Grove Racing,22:01,Pace 1m,Pace,Dirt,,8.0,1m,Classic
Somebeachsomeday,"Shetler, Andy","Brooks, David",-,12,0.0,,8,6/1,0.11101016368609044,8/1,9.01,0.18995968948167274,9/2,0.2195657616550161,7/2,US,2026-05-12,UK (base),horse_win_predictor.pkl,75,Oak Grove Racing,22:01,Pace 1m,Pace,Dirt,,8.0,1m,Classic
Isitlikeitlooks,"Putnam, Joey","Putnam, Joe",-,10,0.0,,9,10/1,0.1020681961953011,9/1,9.8,0.175388419811892,9/2,0.20288350366811359,4/1,US,2026-05-12,UK (base),horse_win_predictor.pkl,75,Oak Grove Racing,22:01,Pace 1m,Pace,Dirt,,8.0,1m,Classic
Dg's Caviar,"Shetler, Andy","Shetler, Andy",-,10,0.0,,1,8/1,0.13361181039451947,13/2,7.48,0.22621956600861426,7/2,0.2609474743638998,3/1,US,2026-05-12,UK (base),horse_win_predictor.pkl,75,Oak Grove Racing,22:22,Trot 1m,Trot,Dirt,,8.0,1m,Classic
Matthews,"Miller, Marcus","Vandervort, Ro",-,4,0.0,,2,5/2,0.16897005212558977,5/1,5.92,0.281305391013802,5/2,0.32343114309688153,2/1,US,2026-05-12,UK (base),horse_win_predictor.pkl,75,Oak Grove Racing,22:22,Trot 1m,Trot,Dirt,,8.0,1m,Classic
Spanish Room,"Curtin, Pat","Best, Ronald",-,5,0.0,,3,4/1,0.15161236982124618,11/2,6.6,0.2545132171319917,3/1,0.29310103487352124,5/2,US,2026-05-12,UK (base),horse_win_predictor.pkl,75,Oak Grove Racing,22:22,Trot 1m,Trot,Dirt,,8.0,1m,Classic
Dj Dan,"Maxwell, Zyler","Yoder, Elmer",-,7,0.0,,5,8/1,0.13361181039451947,13/2,7.48,0.22621956600861426,7/2,0.2609474743638998,3/1,US,2026-05-12,UK (base),horse_win_predictor.pkl,75,Oak Grove Racing,22:22,Trot 1m,Trot,Dirt,,8.0,1m,Classic
Lous Mandalorian,"Avenatti, Wyat","Brown, Jill",-,5,0.0,,6,12/1,0.1266885183073169,7/1,7.89,0.21519934841644772,7/2,0.24839090970737177,3/1,US,2026-05-12,UK (base),horse_win_predictor.pkl,75,Oak Grove Racing,22:22,Trot 1m,Trot,Dirt,,8.0,1m,Classic
Perlucky,"Bender, Atlee","Eaton, James",-,11,0.0,,7,3/1,0.16173768449877993,5/1,6.18,0.27020056922818236,5/2,0.3108741510017083,2/1,US,2026-05-12,UK (base),horse_win_predictor.pkl,75,Oak Grove Racing,22:22,Trot 1m,Trot,Dirt,,8.0,1m,Classic
Caviart Grady,"Tharps, Devon","Lindsey, Richa",-,5,0.0,,8,15/1,0.1237677544580283,7/1,8.08,0.21052719238958473,7/2,0.2430619816139184,3/1,US,2026-05-12,UK (base),horse_win_predictor.pkl,75,Oak Grove Racing,22:22,Trot 1m,Trot,Dirt,,8.0,1m,Classic
Clairedelou,"Tharps, Devon","Hughes, John",-,5,0.0,,1,5/2,0.14728677223206885,6/1,6.79,0.24776147539809085,3/1,0.2854394890853491,5/2,US,2026-05-12,UK (base),horse_win_predictor.pkl,75,Oak Grove Racing,22:43,Pace 1m,Pace,Dirt,,8.0,1m,Classic
Playonplayer,"Buford, Archie","Arthur, Charle",-,4,0.0,,2,6/1,0.12225449722714551,7/1,8.18,0.20810116533505224,4/1,0.24029366587551726,3/1,US,2026-05-12,UK (base),horse_win_predictor.pkl,75,Oak Grove Racing,22:43,Pace 1m,Pace,Dirt,,8.0,1m,Classic
River Girl,"Bates, Brandon","Halford, Steph",-,4,0.0,,3,6/1,0.12225449722714551,7/1,8.18,0.20810116533505224,4/1,0.24029366587551726,3/1,US,2026-05-12,UK (base),horse_win_predictor.pkl,75,Oak Grove Racing,22:43,Pace 1m,Pace,Dirt,,8.0,1m,Classic
Fearless Shelia,"Putnam, Joey","Best, Ronald",-,7,0.0,,4,9/2,0.12908148131939734,13/2,7.75,0.21901704331922728,7/2,0.2527428790691635,3/1,US,2026-05-12,UK (base),horse_win_predictor.pkl,75,Oak Grove Racing,22:43,Pace 1m,Pace,Dirt,,8.0,1m,Classic
Sour Grapes,"Knox, Phillip","Knox, Phillip",-,5,0.0,,5,12/1,0.11070113953256554,8/1,9.03,0.18945825732357113,9/2,0.21899217649519823,7/2,US,2026-05-12,UK (base),horse_win_predictor.pkl,75,Oak Grove Racing,22:43,Pace 1m,Pace,Dirt,,8.0,1m,Classic
Tellit Quick,"Avenatti, Wyat","Hanna, Ray",-,6,0.0,,6,8/1,0.1166917694482737,15/2,8.57,0.1991516097613174,4/1,0.2300740498787088,7/2,US,2026-05-12,UK (base),horse_win_predictor.pkl,75,Oak Grove Racing,22:43,Pace 1m,Pace,Dirt,,8.0,1m,Classic
Little Bit Tuff,"Bender, Atlee","Whitton, Cassi",-,5,0.0,,7,3/1,0.141028703480838,6/1,7.09,0.23794039010111953,3/1,0.2742822725837251,5/2,US,2026-05-12,UK (base),horse_win_predictor.pkl,75,Oak Grove Racing,22:43,Pace 1m,Pace,Dirt,,8.0,1m,Classic
Yippie Hanover,"Miller, Marcus","Watson, Jimmy",-,6,0.0,,8,12/1,0.11070113953256554,8/1,9.03,0.18945825732357113,9/2,0.21899217649519823,7/2,US,2026-05-12,UK (base),horse_win_predictor.pkl,75,Oak Grove Racing,22:43,Pace 1m,Pace,Dirt,,8.0,1m,Classic
Ry's Red Rocket,"Ranger, Bruce","Richards, Dona",-,9,0.0,,1,5/1,0.15852539846347893,11/2,6.31,0.2652414756678583,3/1,0.30526000461950054,5/2,US,2026-05-12,UK (base),horse_win_predictor.pkl,75,Plainridge,20:03,Pace 1m,Pace,Dirt,,8.0,1m,Classic
Schnapps,"Stratton, Cory","Stratton, Cory",-,5,0.0,,2,6/1,0.15439743148721474,11/2,6.48,0.2588445231971072,3/1,0.29801218258831685,5/2,US,2026-05-12,UK (base),horse_win_predictor.pkl,75,Plainridge,20:03,Pace 1m,Pace,Dirt,,8.0,1m,Classic
Beantown Ace,"Graffam, Nicho","Graffam, Micha",-,5,0.0,,3,7/2,0.1681573214080954,5/1,5.95,0.2800616707400553,5/2,0.32202580173954026,2/1,US,2026-05-12,UK (base),horse_win_predictor.pkl,75,Plainridge,20:03,Pace 1m,Pace,Dirt,,8.0,1m,Classic
One Eyed Delilah,"Randall, Jay","Niles, Derryl",-,4,0.0,,4,3/1,0.17297328288040362,5/1,5.78,0.28741610391238726,5/2,0.3303321617993811,2/1,US,2026-05-12,UK (base),horse_win_predictor.pkl,75,Plainridge,20:03,Pace 1m,Pace,Dirt,,8.0,1m,Classic
Waitforever N,"Athearn, Matth","Beckwith, Meli",-,9,0.0,,5,2/1,0.18742116729732827,9/2,5.34,0.3092567459743164,2/1,0.35494508797818697,2/1,US,2026-05-12,UK (base),horse_win_predictor.pkl,75,Plainridge,20:03,Pace 1m,Pace,Dirt,,8.0,1m,Classic
Windydayatthebeach,"Switzer, Kevin","Bickmore, Rand",-,6,0.0,,6,5/1,0.15852539846347893,11/2,6.31,0.2652414756678583,3/1,0.30526000461950054,5/2,US,2026-05-12,UK (base),horse_win_predictor.pkl,75,Plainridge,20:03,Pace 1m,Pace,Dirt,,8.0,1m,Classic
Peach Cocktail,"Athearn, Matth","Athearn, Gretc",-,4,0.0,,1,3/1,0.15671028932372355,11/2,6.38,0.2624320289587623,3/1,0.3020776813219018,5/2,US,2026-05-12,UK (base),horse_win_predictor.pkl,75,Plainridge,20:23,Trot 1m,Trot,Dirt,,8.0,1m,Classic
Captain Suzuki,"Monti, Drew","D'amelio, Ralp",-,4,0.0,,2,9/1,0.12935078239615608,13/2,7.73,0.21944610838788278,7/2,0.2532318556347803,3/1,US,2026-05-12,UK (base),horse_win_predictor.pkl,75,Plainridge,20:23,Trot 1m,Trot,Dirt,,8.0,1m,Classic
Help Dust,"Cushing, Mitch","Segel, Barry",-,6,0.0,,3,8/1,0.13137741253893886,13/2,7.61,0.22267132294974873,7/2,0.2569065393538024,3/1,US,2026-05-12,UK (base),horse_win_predictor.pkl,75,Plainridge,20:23,Trot 1m,Trot,Dirt,,8.0,1m,Classic
You Dont Own Me,"Switzer, Kevin","Nickerson, Jim",-,4,0.0,,4,8/5,0.1812636929766687,9/2,5.52,0.29998942624477165,5/2,0.34451157622031026,2/1,US,2026-05-12,UK (base),horse_win_predictor.pkl,75,Plainridge,20:23,Trot 1m,Trot,Dirt,,8.0,1m,Classic
Resolved,"Ranger, Bruce","Harmon, Rob",-,4,0.0,,5,4/1,0.14759045368120105,6/1,6.78,0.24823646301190372,3/1,0.2859787165109172,5/2,US,2026-05-12,UK (base),horse_win_predictor.pkl,75,Plainridge,20:23,Trot 1m,Trot,Dirt,,8.0,1m,Classic
Cousin Van,"Cushing, Ron","Krikorian, K W",-,5,0.0,,6,20/1,0.11979666886589443,15/2,8.35,0.20415301046151818,4/1,0.23578663855987708,3/1,US,2026-05-12,UK (base),horse_win_predictor.pkl,75,Plainridge,20:23,Trot 1m,Trot,Dirt,,8.0,1m,Classic
He Hunts,"Hardy, James","Andrews, Jolen",-,4,0.0,,7,7/1,0.13391070021741733,13/2,7.47,0.22669359988517598,7/2,0.26148718726058545,3/1,US,2026-05-12,UK (base),horse_win_predictor.pkl,75,Plainridge,20:23,Trot 1m,Trot,Dirt,,8.0,1m,Classic
Waves,"Switzer, Kevin","Tuccillo, Dani",-,12,0.0,,1,3/1,0.1424184317908603,6/1,7.02,0.2401267694525342,3/1,0.2767673960756619,5/2,US,2026-05-12,UK (base),horse_win_predictor.pkl,75,Plainridge,20:42,Pace 1m,Pace,Dirt,,8.0,1m,Classic
Third Power,"Irvine, Brad","Gerow, Kate",-,7,0.0,,2,25/1,0.10417548523278192,17/2,9.6,0.178833848040219,9/2,0.20683073409300792,4/1,US,2026-05-12,UK (base),horse_win_predictor.pkl,75,Plainridge,20:42,Pace 1m,Pace,Dirt,,8.0,1m,Classic
Celtic Tiger,"Athearn, Matth","Berry, Ryan",-,5,0.0,,3,5/2,0.1488750331578086,11/2,6.72,0.2502440392858646,3/1,0.2882574165838856,5/2,US,2026-05-12,UK (base),horse_win_predictor.pkl,75,Plainridge,20:42,Pace 1m,Pace,Dirt,,8.0,1m,Classic
Lone Survivor,"Cushing, Mitch","Smith, J Carl",-,14,0.0,,4,9/2,0.13009219281759538,13/2,7.69,0.22062676416599936,7/2,0.25457722842165087,3/1,US,2026-05-12,UK (base),horse_win_predictor.pkl,75,Plainridge,20:42,Pace 1m,Pace,Dirt,,8.0,1m,Classic
Crimson Pine,"Graffam, Nicho","Graffam, Micha",-,5,0.0,,5,6/1,0.12304862769001541,7/1,8.13,0.20937475802091093,4/1,0.24174705689499676,3/1,US,2026-05-12,UK (base),horse_win_predictor.pkl,75,Plainridge,20:42,Pace 1m,Pace,Dirt,,8.0,1m,Classic
Ship Ship Hooray,"Hardy, James","Di Stefano, Jo",-,6,0.0,,6,7/1,0.11982032700654127,15/2,8.35,0.2041910600006107,4/1,0.23583008487338675,3/1,US,2026-05-12,UK (base),horse_win_predictor.pkl,75,Plainridge,20:42,Pace 1m,Pace,Dirt,,8.0,1m,Classic
Quick Shot,"Ranger, Bruce","Brewer, Kathle",-,14,0.0,,7,6/1,0.12304862769001541,7/1,8.13,0.20937475802091093,4/1,0.24174705689499676,3/1,US,2026-05-12,UK (base),horse_win_predictor.pkl,75,Plainridge,20:42,Pace 1m,Pace,Dirt,,8.0,1m,Classic
Beach Watch,"Monti, Drew","Kirker, Nathan",-,11,0.0,,8,15/1,0.10852127461438174,8/1,9.21,0.1859168006707431,9/2,0.2149401229418786,7/2,US,2026-05-12,UK (base),horse_win_predictor.pkl,75,Plainridge,20:42,Pace 1m,Pace,Dirt,,8.0,1m,Classic
Isaac,"Monti, Drew","Crawford, Mich",-,8,0.0,,1,8/1,0.11728793190888845,15/2,8.53,0.20011311025882797,4/1,0.23117255214005528,7/2,US,2026-05-12,UK (base),horse_win_predictor.pkl,75,Plainridge,21:01,Pace 1m,Pace,Dirt,,8.0,1m,Classic
Missed The Truth A,"Cushing, Ron","Cushing, Heidi",-,8,0.0,,2,7/2,0.13735364159555466,13/2,7.28,0.23214373658435034,7/2,0.2676900222051487,5/2,US,2026-05-12,UK (base),horse_win_predictor.pkl,75,Plainridge,21:01,Pace 1m,Pace,Dirt,,8.0,1m,Classic
Dance Monkey,"Cushing, Mitch","Eaton, Julia",-,7,0.0,,3,4/1,0.13334049965822142,13/2,7.5,0.22578914830551525,7/2,0.2604573915482504,3/1,US,2026-05-12,UK (base),horse_win_predictor.pkl,75,Plainridge,21:01,Pace 1m,Pace,Dirt,,8.0,1m,Classic
Longview Lad N,"Switzer, Kevin","Bickmore, Rand",-,7,0.0,,4,5/1,0.12732078675222155,7/1,7.85,0.21620894996263507,7/2,0.24954201116654012,3/1,US,2026-05-12,UK (base),horse_win_predictor.pkl,75,Plainridge,21:01,Pace 1m,Pace,Dirt,,8.0,1m,Classic
Kill A Dragon,"Hardy, James","Di Stefano, Jo",-,7,0.0,,5,2/1,0.1574193512822209,11/2,6.35,0.2635301505815054,3/1,0.3033217003187371,5/2,US,2026-05-12,UK (base),horse_win_predictor.pkl,75,Plainridge,21:01,Pace 1m,Pace,Dirt,,8.0,1m,Classic
Frank Deford,"Athearn, Matth","Gerow, Kate",-,8,0.0,,6,20/1,0.10582181208793633,17/2,9.45,0.1815206570274258,9/2,0.20990772387973436,4/1,US,2026-05-12,UK (base),horse_win_predictor.pkl,75,Plainridge,21:01,Pace 1m,Pace,Dirt,,8.0,1m,Classic
Concealed,"Ranger, Bruce","Brewer, Conor",-,5,0.0,,7,8/1,0.11728793190888845,15/2,8.53,0.20011311025882797,4/1,0.23117255214005528,7/2,US,2026-05-12,UK (base),horse_win_predictor.pkl,75,Plainridge,21:01,Pace 1m,Pace,Dirt,,8.0,1m,Classic
Outspoken Man,"Stevenson, Mic","D'amelio, Ralp",-,9,0.0,,8,25/1,0.10416804480606823,17/2,9.6,0.1788216954039476,9/2,0.20681681437815236,4/1,US,2026-05-12,UK (base),horse_win_predictor.pkl,75,Plainridge,21:01,Pace 1m,Pace,Dirt,,8.0,1m,Classic
Noted A,"Randall, Jay","Gerow, Kate",-,8,0.0,,1,4/1,0.1708184899151433,5/1,5.85,0.2841301166497461,5/2,0.3266219766752221,2/1,US,2026-05-12,UK (base),horse_win_predictor.pkl,75,Plainridge,21:17,Pace 1m,Pace,Dirt,,8.0,1m,Classic
Cut N Run N,"Stratton, Cory","Stratton, Cory",-,8,0.0,,2,9/1,0.15022405977238645,11/2,6.66,0.2523494930826976,3/1,0.29064653057406425,5/2,US,2026-05-12,UK (base),horse_win_predictor.pkl,75,Plainridge,21:17,Pace 1m,Pace,Dirt,,8.0,1m,Classic
Anvil Hands,"Hardy, James","Andrews, Jolen",-,7,0.0,,3,3/1,0.18111570498652174,9/2,5.52,0.2997659501015273,5/2,0.3442597920196544,2/1,US,2026-05-12,UK (base),horse_win_predictor.pkl,75,Plainridge,21:17,Pace 1m,Pace,Dirt,,8.0,1m,Classic
Quentin Quarantino,"Monti, Drew","Crochere, Davi",-,5,0.0,,5,9/2,0.16707404807100568,5/1,5.99,0.27840229649674403,5/2,0.3201503896563959,2/1,US,2026-05-12,UK (base),horse_win_predictor.pkl,75,Plainridge,21:17,Pace 1m,Pace,Dirt,,8.0,1m,Classic
Sporty M Three,"Switzer, Kevin","Mancini, Micha",-,7,0.0,,6,7/2,0.17539502994686706,9/2,5.7,0.2911003206803108,5/2,0.33448980470535217,2/1,US,2026-05-12,UK (base),horse_win_predictor.pkl,75,Plainridge,21:17,Pace 1m,Pace,Dirt,,8.0,1m,Classic
Hespoisedtopounce A,"Athearn, Matth","Nickerson, Jim",-,10,0.0,,7,7/1,0.15537266730807567,11/2,6.44,0.2603582685573954,3/1,0.2997278690258903,5/2,US,2026-05-12,UK (base),horse_win_predictor.pkl,75,Plainridge,21:17,Pace 1m,Pace,Dirt,,8.0,1m,Classic
Meadowbrook Flash,"Switzer, Kevin","Bouthillier, C",-,10,0.0,,1,3/1,0.13022053019698138,13/2,7.68,0.22083104516674013,7/2,0.25480998828039964,3/1,US,2026-05-12,UK (base),horse_win_predictor.pkl,75,Plainridge,21:40,Pace 1m,Pace,Dirt,,8.0,1m,Classic
Whata Foolbelieves,"Athearn, Matth","Athearn, Gretc",-,9,0.0,,2,8/1,0.10588676513555824,17/2,9.44,0.18162657161930654,9/2,0.21002899905071215,4/1,US,2026-05-12,UK (base),horse_win_predictor.pkl,75,Plainridge,21:40,Pace 1m,Pace,Dirt,,8.0,1m,Classic
Colt Bennett,"Graffam, Nicho","Longobardi, Na",-,6,0.0,,3,7/1,0.10832014164170056,8/1,9.23,0.18558965248683856,9/2,0.2145657190537653,7/2,US,2026-05-12,UK (base),horse_win_predictor.pkl,75,Plainridge,21:40,Pace 1m,Pace,Dirt,,8.0,1m,Classic
Hey Jude Hanover,"Ranger, Bruce","Brewer, Kathle",-,5,0.0,,4,5/1,0.11562027116012749,15/2,8.65,0.19742205040571636,4/1,0.2280977176228122,7/2,US,2026-05-12,UK (base),horse_win_predictor.pkl,75,Plainridge,21:40,Pace 1m,Pace,Dirt,,8.0,1m,Classic
My Boy Elroy,"Stevenson, Mic","D'amelio, Ralp",-,5,0.0,,5,7/1,0.10832014164170056,8/1,9.23,0.18558965248683856,9/2,0.2145657190537653,7/2,US,2026-05-12,UK (base),horse_win_predictor.pkl,75,Plainridge,21:40,Pace 1m,Pace,Dirt,,8.0,1m,Classic
Cautious Clay,"Monti, Drew","Crawford, Mich",-,5,0.0,,6,8/1,0.10588676513555824,17/2,9.44,0.18162657161930654,9/2,0.21002899905071215,4/1,US,2026-05-12,UK (base),horse_win_predictor.pkl,75,Plainridge,21:40,Pace 1m,Pace,Dirt,,8.0,1m,Classic
Jimble Kimble,"Randall, Jay","Berry, Ryan",-,6,0.0,,7,30/1,0.09207146626197608,10/1,10.86,0.1589469153518528,11/2,0.18402520876055656,9/2,US,2026-05-12,UK (base),horse_win_predictor.pkl,75,Plainridge,21:40,Pace 1m,Pace,Dirt,,8.0,1m,Classic
Bang Ah Uey,"Hardy, James","Andrews, Jolen",-,5,0.0,,8,7/2,0.12535377718469676,7/1,7.98,0.21306594336887769,7/2,0.24595800568794554,3/1,US,2026-05-12,UK (base),horse_win_predictor.pkl,75,Plainridge,21:40,Pace 1m,Pace,Dirt,,8.0,1m,Classic
Rockinbilly'sdream,"Stratton, Cory","Stratton, Cory",-,6,0.0,,9,7/1,0.10832014164170056,8/1,9.23,0.18558965248683856,9/2,0.2145657190537653,7/2,US,2026-05-12,UK (base),horse_win_predictor.pkl,75,Plainridge,21:40,Pace 1m,Pace,Dirt,,8.0,1m,Classic
Custard Dolce,"Monti, Drew","Greene, Jackie",-,4,0.0,,1,6/1,0.1363716100059643,13/2,7.33,0.23059112519824065,7/2,0.2659234433953443,3/1,US,2026-05-12,UK (base),horse_win_predictor.pkl,75,Plainridge,22:00,Pace 1m,Pace,Dirt,,8.0,1m,Classic
Seaside Tina,"Graffam, Nicho","Eaton, Mark",-,6,0.0,,2,7/1,0.13321404764410763,13/2,7.51,0.22558849976761247,7/2,0.2602289193139268,3/1,US,2026-05-12,UK (base),horse_win_predictor.pkl,75,Plainridge,22:00,Pace 1m,Pace,Dirt,,8.0,1m,Classic
Intothemysticmoon,"Switzer, Kevin","Nelson, Joseph",-,7,0.0,,3,4/1,0.14647580956390555,6/1,6.83,0.24649232698510876,3/1,0.28399852101805995,5/2,US,2026-05-12,UK (base),horse_win_predictor.pkl,75,Plainridge,22:00,Pace 1m,Pace,Dirt,,8.0,1m,Classic
Ambushed,"Stratton, Cory","Stratton, Cory",-,6,0.0,,4,5/1,0.14058169315510646,6/1,7.11,0.23723647771890644,3/1,0.27348202193033144,5/2,US,2026-05-12,UK (base),horse_win_predictor.pkl,75,Plainridge,22:00,Pace 1m,Pace,Dirt,,8.0,1m,Classic
Swedish Starlet N,"Athearn, Matth","Nickerson, Jim",-,9,0.0,,5,4/1,0.14647580956390555,6/1,6.83,0.24649232698510876,3/1,0.28399852101805995,5/2,US,2026-05-12,UK (base),horse_win_predictor.pkl,75,Plainridge,22:00,Pace 1m,Pace,Dirt,,8.0,1m,Classic
Wunderkindbluechip,"Cushing, Mitch","Cushing, Mitch",-,4,0.0,,6,7/2,0.15040522050310492,11/2,6.65,0.2526320126219188,3/1,0.290967059666474,5/2,US,2026-05-12,UK (base),horse_win_predictor.pkl,75,Plainridge,22:00,Pace 1m,Pace,Dirt,,8.0,1m,Classic
Sweet Hayley Jane A,"Cushing, Ron","Cushing, Heidi",-,6,0.0,,7,4/1,0.14647580956390555,6/1,6.83,0.24649232698510876,3/1,0.28399852101805995,5/2,US,2026-05-12,UK (base),horse_win_predictor.pkl,75,Plainridge,22:00,Pace 1m,Pace,Dirt,,8.0,1m,Classic
Perfect High,"Graffam, Nicho","Gardner, Andy",-,6,0.0,,1,9/2,0.1294791778605467,13/2,7.72,0.2196506341494296,7/2,0.2534649302577607,3/1,US,2026-05-12,UK (base),horse_win_predictor.pkl,75,Plainridge,22:20,Pace 1m,Pace,Dirt,,8.0,1m,Classic
Sixfingerfreddie,"Athearn, Matth","Bickmore, Rand",-,9,0.0,,2,8/1,0.1169348062234205,15/2,8.55,0.1995436520769498,4/1,0.23052196927202329,7/2,US,2026-05-12,UK (base),horse_win_predictor.pkl,75,Plainridge,22:20,Pace 1m,Pace,Dirt,,8.0,1m,Classic
Nolaughingstock,"Ranger, Bruce","Byron, Aaron",-,6,0.0,,3,5/1,0.12679109822401965,7/1,7.89,0.215363190732153,7/2,0.24857772542270298,3/1,US,2026-05-12,UK (base),horse_win_predictor.pkl,75,Plainridge,22:20,Pace 1m,Pace,Dirt,,8.0,1m,Classic
Bag Pipe Major,"Randall, Jay","Graffam, Betha",-,12,0.0,,4,5/2,0.14791172393958923,6/1,6.76,0.2487388006282356,3/1,0.286548954386478,5/2,US,2026-05-12,UK (base),horse_win_predictor.pkl,75,Plainridge,22:20,Pace 1m,Pace,Dirt,,8.0,1m,Classic
Ranaldi,"Monti, Drew","Niles, Dakota",-,7,0.0,,5,9/1,0.11496354782330068,15/2,8.7,0.19636109221944495,4/1,0.22688517136799904,7/2,US,2026-05-12,UK (base),horse_win_predictor.pkl,75,Plainridge,22:20,Pace 1m,Pace,Dirt,,8.0,1m,Classic
Wainapedia,"Cushing, Mitch","Hardin, Michel",-,9,0.0,,6,7/1,0.11939887922357029,15/2,8.38,0.20351310871455075,4/1,0.23505594477366842,7/2,US,2026-05-12,UK (base),horse_win_predictor.pkl,75,Plainridge,22:20,Pace 1m,Pace,Dirt,,8.0,1m,Classic
Clearwater Courage,"Switzer, Kevin","Nelson, Joseph",-,5,0.0,,7,3/1,0.14157553622491836,6/1,7.06,0.2388010592389545,3/1,0.27526063036921805,5/2,US,2026-05-12,UK (base),horse_win_predictor.pkl,75,Plainridge,22:20,Pace 1m,Pace,Dirt,,8.0,1m,Classic
Part Time Affair,"Hardy, James","Ahto, Raymond",-,7,0.0,,8,30/1,0.10294523048063463,17/2,9.71,0.17682323848217354,9/2,0.20452749148275062,4/1,US,2026-05-12,UK (base),horse_win_predictor.pkl,75,Plainridge,22:20,Pace 1m,Pace,Dirt,,8.0,1m,Classic
Beantown Deuce,"Randall, Jay","Mcassey, Jesse",-,4,0.0,,1,9/2,0.1305643719893882,13/2,7.66,0.22137822539451207,7/2,0.2554334204214335,3/1,US,2026-05-12,UK (base),horse_win_predictor.pkl,75,Plainridge,22:40,Pace 1m,Pace,Dirt,,8.0,1m,Classic
Royally Hot,"Switzer, Kevin","Switzer, Kevin",-,4,0.0,,2,3/1,0.14306767815207547,6/1,6.99,0.24114713224827516,3/1,0.27792692753435005,5/2,US,2026-05-12,UK (base),horse_win_predictor.pkl,75,Plainridge,22:40,Pace 1m,Pace,Dirt,,8.0,1m,Classic
Checkpoint Chatter,"Hardy, James","Guidette, Dona",-,8,0.0,,3,9/2,0.1305643719893882,13/2,7.66,0.22137822539451207,7/2,0.2554334204214335,3/1,US,2026-05-12,UK (base),horse_win_predictor.pkl,75,Plainridge,22:40,Pace 1m,Pace,Dirt,,8.0,1m,Classic
Wolverina,"Graffam, Nicho","Graffam, Micha",-,7,0.0,,4,4/1,0.1338985869661048,13/2,7.47,0.226674391265773,7/2,0.2614653178781486,3/1,US,2026-05-12,UK (base),horse_win_predictor.pkl,75,Plainridge,22:40,Pace 1m,Pace,Dirt,,8.0,1m,Classic
Mrs Cheese,"Monti, Drew","Greene, Jackie",-,4,0.0,,5,9/2,0.1305643719893882,13/2,7.66,0.22137822539451207,7/2,0.2554334204214335,3/1,US,2026-05-12,UK (base),horse_win_predictor.pkl,75,Plainridge,22:40,Pace 1m,Pace,Dirt,,8.0,1m,Classic
Bettor's Ticket,"Stratton, Cory","Stratton, Cory",-,4,0.0,,6,12/1,0.11132851635448476,8/1,8.98,0.19047609859511994,9/2,0.22015644193535813,7/2,US,2026-05-12,UK (base),horse_win_predictor.pkl,75,Plainridge,22:40,Pace 1m,Pace,Dirt,,8.0,1m,Classic
Muse La Rouge,"Cushing, Mitch","Proctor, Kirst",-,5,0.0,,7,15/1,0.10868358620468553,8/1,9.2,0.18618075764018494,9/2,0.2152421969284972,7/2,US,2026-05-12,UK (base),horse_win_predictor.pkl,75,Plainridge,22:40,Pace 1m,Pace,Dirt,,8.0,1m,Classic
Lyons Benz,"Athearn, Matth","Brewer, Kathle",-,4,0.0,,8,12/1,0.11132851635448476,8/1,8.98,0.19047609859511994,9/2,0.22015644193535813,7/2,US,2026-05-12,UK (base),horse_win_predictor.pkl,75,Plainridge,22:40,Pace 1m,Pace,Dirt,,8.0,1m,Classic
Sunburnt Silverado,"Randall, Jay","Harmon, Rob",-,4,0.0,,1,9/2,0.13000910746812386,13/2,7.69,0.22049449902289642,7/2,0.2544265208559361,3/1,US,2026-05-12,UK (base),horse_win_predictor.pkl,75,Plainridge,23:00,Trot 1m,Trot,Dirt,,8.0,1m,Classic
Big Box Hanover,"Ranger, Bruce","Stalbaum, Larr",-,9,0.0,,2,6/1,0.12298334634400208,7/1,8.13,0.20927010063682874,4/1,0.24162763349663874,3/1,US,2026-05-12,UK (base),horse_win_predictor.pkl,75,Plainridge,23:00,Trot 1m,Trot,Dirt,,8.0,1m,Classic
Snowman Hanover,"Gerry, Peter","Gerry, Peter",-,6,0.0,,3,20/1,0.10580926359614884,17/2,9.45,0.18150019426286046,9/2,0.20988429326287733,4/1,US,2026-05-12,UK (base),horse_win_predictor.pkl,75,Plainridge,23:00,Trot 1m,Trot,Dirt,,8.0,1m,Classic
Stockholm Hanover,"Switzer, Kevin","Dessureault, D",-,5,0.0,,4,9/2,0.13000910746812386,13/2,7.69,0.22049449902289642,7/2,0.2544265208559361,3/1,US,2026-05-12,UK (base),horse_win_predictor.pkl,75,Plainridge,23:00,Trot 1m,Trot,Dirt,,8.0,1m,Classic
Pantofolaio,"Cushing, Mitch","Cushing, Mitch",-,4,0.0,,5,8/1,0.11725865209471767,15/2,8.53,0.2000659005776358,4/1,0.23111861875873008,7/2,US,2026-05-12,UK (base),horse_win_predictor.pkl,75,Plainridge,23:00,Trot 1m,Trot,Dirt,,8.0,1m,Classic
Dryden Hanover,"Irvine, Brad","Shock, Laura",-,5,0.0,,6,10/1,0.11361566484517303,8/1,8.8,0.19418138128274293,4/1,0.22439352494683162,7/2,US,2026-05-12,UK (base),horse_win_predictor.pkl,75,Plainridge,23:00,Trot 1m,Trot,Dirt,,8.0,1m,Classic
Bravado,"Athearn, Matth","Athearn, Gretc",-,6,0.0,,7,6/1,0.12298334634400208,7/1,8.13,0.20927010063682874,4/1,0.24162763349663874,3/1,US,2026-05-12,UK (base),horse_win_predictor.pkl,75,Plainridge,23:00,Trot 1m,Trot,Dirt,,8.0,1m,Classic
Ponda Rocky,"Graffam, Nicho","Eaton, Mark",-,4,0.0,,8,2/1,0.15733151183970856,11/2,6.36,0.26339415761726076,3/1,0.3031676497838428,5/2,US,2026-05-12,UK (base),horse_win_predictor.pkl,75,Plainridge,23:00,Trot 1m,Trot,Dirt,,8.0,1m,Classic
Boogy Woogy J,"Hardy, James","Andrews, Jolen",-,9,0.0,,1,12/1,0.12482399755127029,7/1,8.01,0.21221837130054289,7/2,0.24499126145652012,3/1,US,2026-05-12,UK (base),horse_win_predictor.pkl,75,Plainridge,23:20,Pace 1m,Pace,Dirt,,8.0,1m,Classic
Myultimate Snowy A,"Cushing, Mitch","Cushing, Mitch",-,7,0.0,,2,3/1,0.15567799204162838,11/2,6.42,0.2608318759100404,3/1,0.300264582360695,5/2,US,2026-05-12,UK (base),horse_win_predictor.pkl,75,Plainridge,23:20,Pace 1m,Pace,Dirt,,8.0,1m,Classic
Captain Tell,"Di Stefano, Jo","Di Stefano, Jo",-,5,0.0,,3,15/1,0.12225283134374045,7/1,8.18,0.20809849260148397,4/1,0.2402906155731378,3/1,US,2026-05-12,UK (base),horse_win_predictor.pkl,75,Plainridge,23:20,Pace 1m,Pace,Dirt,,8.0,1m,Classic
Rule Of Law,"Monti, Drew","Kirker, Nathan",-,7,0.0,,4,6/1,0.13657790021426386,13/2,7.32,0.23091740212412504,7/2,0.26629471534032295,3/1,US,2026-05-12,UK (base),horse_win_predictor.pkl,75,Plainridge,23:20,Pace 1m,Pace,Dirt,,8.0,1m,Classic
Flirtin Jk,"Graffam, Nicho","Sears, Bryant",-,6,0.0,,5,7/5,0.1853892459953066,9/2,5.39,0.3062053047669852,5/2,0.3515113268063647,2/1,US,2026-05-12,UK (base),horse_win_predictor.pkl,75,Plainridge,23:20,Pace 1m,Pace,Dirt,,8.0,1m,Classic
Domi,"Watson, Wallac","Watson, Lisa",-,6,0.0,,6,20/1,0.11960004081216202,15/2,8.36,0.203836737652075,4/1,0.23542549896704235,3/1,US,2026-05-12,UK (base),horse_win_predictor.pkl,75,Plainridge,23:20,Pace 1m,Pace,Dirt,,8.0,1m,Classic
Major Betts,"Ranger, Bruce","Brewer, Kathle",-,9,0.0,,7,3/1,0.15567799204162838,11/2,6.42,0.2608318759100404,3/1,0.300264582360695,5/2,US,2026-05-12,UK (base),horse_win_predictor.pkl,75,Plainridge,23:20,Pace 1m,Pace,Dirt,,8.0,1m,Classic
Odds On Capitalism,"Bartlett, Jaso","Engblom, Per",-,7,0.0,,1,5/2,0.15317250276837324,11/2,6.53,0.25694105249960997,3/1,0.29585425864882375,5/2,US,2026-05-12,UK (base),horse_win_predictor.pkl,75,Yonkers Raceway,22:45,Pace 1m,Pace,Dirt,,8.0,1m,Classic
Brutallyhandsome A,"Bongiorno, Joe","Dilloian, Doug",-,8,0.0,,2,9/2,0.13282694620613653,13/2,7.53,0.22497410506028745,7/2,0.259529289630594,3/1,US,2026-05-12,UK (base),horse_win_predictor.pkl,75,Yonkers Raceway,22:45,Pace 1m,Pace,Dirt,,8.0,1m,Classic
Kopi Luwak,"Holland, Brent","Laterza, Denni",-,6,0.0,,3,4/1,0.13638741860452794,13/2,7.33,0.2306161311252649,7/2,0.2659518983205413,3/1,US,2026-05-12,UK (base),horse_win_predictor.pkl,75,Yonkers Raceway,22:45,Pace 1m,Pace,Dirt,,8.0,1m,Classic
Shipmaster,"Kakaley, Matt","Alexander, Tra",-,4,0.0,,4,6/1,0.12519736249529773,7/1,7.99,0.21281574883091273,7/2,0.24567264370676833,3/1,US,2026-05-12,UK (base),horse_win_predictor.pkl,75,Yonkers Raceway,22:45,Pace 1m,Pace,Dirt,,8.0,1m,Classic
Music Hall,"Siegelman, Aus","Height, Chris",-,6,0.0,,5,15/1,0.10946134609169277,8/1,9.14,0.18744499393448272,9/2,0.21668886187552894,7/2,US,2026-05-12,UK (base),horse_win_predictor.pkl,75,Yonkers Raceway,22:45,Pace 1m,Pace,Dirt,,8.0,1m,Classic
Bet On Big Joe,"Kelly, Colin","Bako, Jared",-,5,0.0,,6,5/1,0.12985988587414365,13/2,7.7,0.2202569226060621,7/2,0.2541558113805315,3/1,US,2026-05-12,UK (base),horse_win_predictor.pkl,75,Yonkers Raceway,22:45,Pace 1m,Pace,Dirt,,8.0,1m,Classic
The Ideal Dancer A,"Lachance, Pat","Lachance, Pat",-,11,0.0,,7,20/1,0.10654726897991407,17/2,9.39,0.18270322774218278,9/2,0.21126171227803356,7/2,US,2026-05-12,UK (base),horse_win_predictor.pkl,75,Yonkers Raceway,22:45,Pace 1m,Pace,Dirt,,8.0,1m,Classic
Peace Out Posse,"Stratton, Jord","Stratton, Cory",-,11,0.0,,8,20/1,0.10654726897991407,17/2,9.39,0.18270322774218278,9/2,0.21126171227803356,7/2,US,2026-05-12,UK (base),horse_win_predictor.pkl,75,Yonkers Raceway,22:45,Pace 1m,Pace,Dirt,,8.0,1m,Classic
Ourmatemenko N,"Stratton, Jord","Stratton, Cory",-,7,0.0,,1,6/1,0.1360332294911734,13/2,7.35,0.23005578146347355,7/2,0.2653142384530861,3/1,US,2026-05-12,UK (base),horse_win_predictor.pkl,75,Yonkers Raceway,23:05,Pace 1m,Pace,Dirt,,8.0,1m,Classic
Manferno,"Buter, Tyler","Adamczyk, Andr",-,6,0.0,,2,5/2,0.16095534787123572,5/1,6.21,0.2689943269615439,5/2,0.30950894412040947,2/1,US,2026-05-12,UK (base),horse_win_predictor.pkl,75,Yonkers Raceway,23:05,Pace 1m,Pace,Dirt,,8.0,1m,Classic
Samhara N,"Bongiorno, Joe","Hudson, Lance",-,9,0.0,,3,5/1,0.14018691588785048,6/1,7.13,0.23661455148921307,3/1,0.27277491483972405,5/2,US,2026-05-12,UK (base),horse_win_predictor.pkl,75,Yonkers Raceway,23:05,Pace 1m,Pace,Dirt,,8.0,1m,Classic
Alta Classic A,"Holland, Brent","Laterza, Denni",-,8,0.0,,4,3/1,0.15472481827622014,11/2,6.46,0.2593528573847088,3/1,0.29858837205039207,5/2,US,2026-05-12,UK (base),horse_win_predictor.pkl,75,Yonkers Raceway,23:05,Pace 1m,Pace,Dirt,,8.0,1m,Classic
Overthinking,"Bartlett, Jaso","Engblom, Per",-,5,0.0,,5,2/1,0.16926272066458983,5/1,5.91,0.28175300231083855,5/2,0.32393685792818183,2/1,US,2026-05-12,UK (base),horse_win_predictor.pkl,75,Yonkers Raceway,23:05,Pace 1m,Pace,Dirt,,8.0,1m,Classic
Ameritric,"Kakaley, Matt","Height, Chris",-,5,0.0,,6,20/1,0.11941848390446522,15/2,8.37,0.20354465158960458,4/1,0.23509196447153186,7/2,US,2026-05-12,UK (base),horse_win_predictor.pkl,75,Yonkers Raceway,23:05,Pace 1m,Pace,Dirt,,8.0,1m,Classic
All Alone,"Siegelman, Aus","Sodano, Nichol",-,6,0.0,,7,20/1,0.11941848390446522,15/2,8.37,0.20354465158960458,4/1,0.23509196447153186,7/2,US,2026-05-12,UK (base),horse_win_predictor.pkl,75,Yonkers Raceway,23:05,Pace 1m,Pace,Dirt,,8.0,1m,Classic
Heza Risk Taker A,"Stratton, Jord","Height, Chris",-,6,0.0,,1,5/1,0.12705851012302627,7/1,7.87,0.21579022622570077,7/2,0.2490646197642037,3/1,US,2026-05-12,UK (base),horse_win_predictor.pkl,75,Yonkers Raceway,23:25,Pace 1m,Pace,Dirt,,8.0,1m,Classic
Venturesome Arden N,"Holland, Brent","Bucci, Ricky",-,7,0.0,,2,9/2,0.12977089993219026,13/2,7.71,0.22011523070257405,7/2,0.253994354741468,3/1,US,2026-05-12,UK (base),horse_win_predictor.pkl,75,Yonkers Raceway,23:25,Pace 1m,Pace,Dirt,,8.0,1m,Classic
Intimidation,"Siegelman, Aus","Blumenfeld, Pa",-,6,0.0,,3,20/1,0.10574687590816623,17/2,9.46,0.18139845522322953,9/2,0.20976779746637828,4/1,US,2026-05-12,UK (base),horse_win_predictor.pkl,75,Yonkers Raceway,23:25,Pace 1m,Pace,Dirt,,8.0,1m,Classic
Coalford Topguy Gb,"Bartlett, Jaso","Engblom, Per",-,6,0.0,,4,7/5,0.1718129419742323,5/1,5.82,0.28564754592974545,5/2,0.32833552241306285,2/1,US,2026-05-12,UK (base),horse_win_predictor.pkl,75,Yonkers Raceway,23:25,Pace 1m,Pace,Dirt,,8.0,1m,Classic
Mac's Marvel,"Lachance, Pat","Lachance, Pat",-,7,0.0,,5,7/2,0.13700393942329425,13/2,7.3,0.2315910274279283,7/2,0.26706118542966606,5/2,US,2026-05-12,UK (base),horse_win_predictor.pkl,75,Yonkers Raceway,23:25,Pace 1m,Pace,Dirt,,8.0,1m,Classic
Kimble A,"Kakaley, Matt","Di Domenico, S",-,9,0.0,,6,20/1,0.10574687590816623,17/2,9.46,0.18139845522322953,9/2,0.20976779746637828,4/1,US,2026-05-12,UK (base),horse_win_predictor.pkl,75,Yonkers Raceway,23:25,Pace 1m,Pace,Dirt,,8.0,1m,Classic
Stellar Yankee,"Buter, Tyler","Stratton, Cory",-,8,0.0,,7,8/1,0.11711308082275823,15/2,8.54,0.19983116652112648,4/1,0.23085044865801457,7/2,US,2026-05-12,UK (base),horse_win_predictor.pkl,75,Yonkers Raceway,23:25,Pace 1m,Pace,Dirt,,8.0,1m,Classic
Royal Desire,"Marohn, Jim Jr","La Montagne, K",-,5,0.0,,8,20/1,0.10574687590816623,17/2,9.46,0.18139845522322953,9/2,0.20976779746637828,4/1,US,2026-05-12,UK (base),horse_win_predictor.pkl,75,Yonkers Raceway,23:25,Pace 1m,Pace,Dirt,,8.0,1m,Classic
Sinbad N,"Marohn, Jim Jr","Tritton, Peter",-,7,0.0,,1,5/2,0.16384677360287114,5/1,6.1,0.27344758030911165,5/2,0.31454788282395185,2/1,US,2026-05-12,UK (base),horse_win_predictor.pkl,75,Yonkers Raceway,23:45,Pace 1m,Pace,Dirt,,8.0,1m,Classic
Orlando Blue A,"Kakaley, Matt","Abbatiello, Ag",-,9,0.0,,2,5/1,0.14187358089797114,6/1,7.05,0.2392699552508975,3/1,0.2757935956332449,5/2,US,2026-05-12,UK (base),horse_win_predictor.pkl,75,Yonkers Raceway,23:45,Pace 1m,Pace,Dirt,,8.0,1m,Classic
My Ultimate Byron A,"Siegelman, Aus","Bucci, Ricky",-,8,0.0,,3,8/1,0.13161942430235113,13/2,7.6,0.22305602546128617,7/2,0.2573447508958868,3/1,US,2026-05-12,UK (base),horse_win_predictor.pkl,75,Yonkers Raceway,23:45,Pace 1m,Pace,Dirt,,8.0,1m,Classic
Be Dazzled Lou A,"Bongiorno, Joe","Bongiorno, Joe",-,7,0.0,,4,3/1,0.15725481579140116,11/2,6.36,0.2632754067528521,3/1,0.3030331283633962,5/2,US,2026-05-12,UK (base),horse_win_predictor.pkl,75,Yonkers Raceway,23:45,Pace 1m,Pace,Dirt,,8.0,1m,Classic
Quote Me Not N,"Bartlett, Jaso","Engblom, Per",-,4,0.0,,5,4/1,0.14802607485534314,6/1,6.76,0.24891755966995394,3/1,0.286751866475433,5/2,US,2026-05-12,UK (base),horse_win_predictor.pkl,75,Yonkers Raceway,23:45,Pace 1m,Pace,Dirt,,8.0,1m,Classic
Curly James A,"Kelly, Colin","Bako, Jared",-,9,0.0,,6,6/1,0.13747894235699115,13/2,7.27,0.23234172856930657,7/2,0.26791527339892485,5/2,US,2026-05-12,UK (base),horse_win_predictor.pkl,75,Yonkers Raceway,23:45,Pace 1m,Pace,Dirt,,8.0,1m,Classic
Shakespeare,"Brennan, Georg","Di Domenico, S",-,8,0.0,,7,20/1,0.11990038819307111,15/2,8.34,0.20431981627644868,4/1,0.23597710180771528,3/1,US,2026-05-12,UK (base),horse_win_predictor.pkl,75,Yonkers Raceway,23:45,Pace 1m,Pace,Dirt,,8.0,1m,Classic
Gothic Rock,"Holland, Brent","Bucci, Ricky",-,11,0.0,,1,6/1,0.12230059212817834,7/1,8.18,0.20817511796279858,4/1,0.24037806515078117,3/1,US,2026-05-12,UK (base),horse_win_predictor.pkl,75,Yonkers Raceway,00:05,Pace 1m,Pace,Dirt,,8.0,1m,Classic
Aladdin,"Lachance, Pat","Mc Dermott, Jo",-,7,0.0,,2,15/1,0.10819400905607802,8/1,9.24,0.1853844614244391,9/2,0.2143308810625745,7/2,US,2026-05-12,UK (base),horse_win_predictor.pkl,75,Yonkers Raceway,00:05,Pace 1m,Pace,Dirt,,8.0,1m,Classic
Deedenuto A,"Siegelman, Aus","Siegelman, Jam",-,13,0.0,,3,20/1,0.10558167885754093,17/2,9.47,0.18112902921527216,9/2,0.20945928559942137,4/1,US,2026-05-12,UK (base),horse_win_predictor.pkl,75,Yonkers Raceway,00:05,Pace 1m,Pace,Dirt,,8.0,1m,Classic
Saranac Blue Chip,"Brennan, Georg","Di Domenico, S",-,8,0.0,,4,5/1,0.12648032044583768,7/1,7.91,0.2148667596344424,7/2,0.24801167433016919,3/1,US,2026-05-12,UK (base),horse_win_predictor.pkl,75,Yonkers Raceway,00:05,Pace 1m,Pace,Dirt,,8.0,1m,Classic
Shine A Light,"Bartlett, Jaso","Stafford, Paul",-,9,0.0,,5,3/5,0.20694009056078022,4/1,4.83,0.33823280214436124,2/1,0.3874675689882041,3/2,US,2026-05-12,UK (base),horse_win_predictor.pkl,75,Yonkers Raceway,00:05,Pace 1m,Pace,Dirt,,8.0,1m,Classic
Hugh Heston,"Kakaley, Matt","Alexander, Tra",-,5,0.0,,6,20/1,0.10558167885754093,17/2,9.47,0.18112902921527216,9/2,0.20945928559942137,4/1,US,2026-05-12,UK (base),horse_win_predictor.pkl,75,Yonkers Raceway,00:05,Pace 1m,Pace,Dirt,,8.0,1m,Classic
Manalou,"Buter, Tyler","Corelli, Thoma",-,5,0.0,,7,8/1,0.11672762103796587,15/2,8.57,0.1992094478577922,4/1,0.23014013291522709,7/2,US,2026-05-12,UK (base),horse_win_predictor.pkl,75,Yonkers Raceway,00:05,Pace 1m,Pace,Dirt,,8.0,1m,Classic
Cowboy Cargo,"Bongiorno, Joe","Estrada, Izzy",-,5,0.0,,8,15/1,0.10819400905607802,8/1,9.24,0.1853844614244391,9/2,0.2143308810625745,7/2,US,2026-05-12,UK (base),horse_win_predictor.pkl,75,Yonkers Raceway,00:05,Pace 1m,Pace,Dirt,,8.0,1m,Classic
Itza Dangerzone A,"Tritton, Laure","Tritton, Shane",-,8,0.0,,1,9/2,0.1311472237367312,13/2,7.63,0.2223053272910344,7/2,0.2564896161238981,3/1,US,2026-05-12,UK (base),horse_win_predictor.pkl,75,Yonkers Raceway,00:25,Pace 1m,Pace,Dirt,,8.0,1m,Classic
Himself N,"Stratton, Jord","Hudson, Lance",-,9,0.0,,2,3/1,0.1438690993046721,6/1,6.95,0.2424057245606197,3/1,0.27935695903160007,5/2,US,2026-05-12,UK (base),horse_win_predictor.pkl,75,Yonkers Raceway,00:25,Pace 1m,Pace,Dirt,,8.0,1m,Classic
The Bigboss A,"Kakaley, Matt","Height, Chris",-,6,0.0,,3,5/1,0.1283201402771888,7/1,7.79,0.2178034057783339,7/2,0.2513596303412633,3/1,US,2026-05-12,UK (base),horse_win_predictor.pkl,75,Yonkers Raceway,00:25,Pace 1m,Pace,Dirt,,8.0,1m,Classic
Rolling With Sam,"Bongiorno, Joe","Adamczyk, Andr",-,9,0.0,,4,4/1,0.13453972388818214,13/2,7.43,0.22769075315560122,7/2,0.26262238913088337,3/1,US,2026-05-12,UK (base),horse_win_predictor.pkl,75,Yonkers Raceway,00:25,Pace 1m,Pace,Dirt,,8.0,1m,Classic
Texas Holdem,"Buter, Tyler","Schnittker, Ra",-,5,0.0,,5,10/1,0.11418472297947672,8/1,8.76,0.19510198059353823,4/1,0.2254459521988113,7/2,US,2026-05-12,UK (base),horse_win_predictor.pkl,75,Yonkers Raceway,00:25,Pace 1m,Pace,Dirt,,8.0,1m,Classic
Gds Thunder Gb,"Siegelman, Aus","Koch, Ken",-,8,0.0,,6,8/1,0.11795416759219994,15/2,8.48,0.20118695314406487,4/1,0.23239924772601422,7/2,US,2026-05-12,UK (base),horse_win_predictor.pkl,75,Yonkers Raceway,00:25,Pace 1m,Pace,Dirt,,8.0,1m,Classic
Majorcrowdcontrl A,"Bartlett, Jaso","Dilloian, Doug",-,7,0.0,,7,6/1,0.12387758055505071,7/1,8.07,0.21070312102775285,7/2,0.24326269870501616,3/1,US,2026-05-12,UK (base),horse_win_predictor.pkl,75,Yonkers Raceway,00:25,Pace 1m,Pace,Dirt,,8.0,1m,Classic
Mysweetboymax,"Kelly, Colin","Daguet, Debora",-,8,0.0,,8,20/1,0.10610734166649839,17/2,9.42,0.1819862006352723,9/2,0.21044077274856252,4/1,US,2026-05-12,UK (base),horse_win_predictor.pkl,75,Yonkers Raceway,00:25,Pace 1m,Pace,Dirt,,8.0,1m,Classic
Boston Bound,"Bartlett, Jaso","Height, Chris",-,6,0.0,,1,9/5,0.17601780773471468,9/2,5.68,0.2920462390106985,5/2,0.3355569007391924,2/1,US,2026-05-12,UK (base),horse_win_predictor.pkl,75,Yonkers Raceway,00:45,Pace 1m,Pace,Dirt,,8.0,1m,Classic
Matai Phil N,"Holland, Brent","Abbatiello, Ag",-,6,0.0,,2,7/2,0.15149750012135332,11/2,6.6,0.2543343061840204,3/1,0.29289810845752057,5/2,US,2026-05-12,UK (base),horse_win_predictor.pkl,75,Yonkers Raceway,00:45,Pace 1m,Pace,Dirt,,8.0,1m,Classic
Boxer Seelster,"Lachance, Pat","Lachance, Pat",-,4,0.0,,3,6/1,0.13707378976055254,13/2,7.3,0.23170144249753846,7/2,0.26718681227390817,5/2,US,2026-05-12,UK (base),horse_win_predictor.pkl,75,Yonkers Raceway,00:45,Pace 1m,Pace,Dirt,,8.0,1m,Classic
Renaldo N,"Tritton, Laure","Tritton, Shane",-,5,0.0,,4,3/1,0.15654579874763364,11/2,6.39,0.26217716806131286,3/1,0.3017889315539426,5/2,US,2026-05-12,UK (base),horse_win_predictor.pkl,75,Yonkers Raceway,00:45,Pace 1m,Pace,Dirt,,8.0,1m,Classic
Escape To America,"Buter, Tyler","Daguet, Debora",-,5,0.0,,5,12/1,0.1250910149992719,7/1,7.99,0.21264561737185095,7/2,0.2454785932615681,3/1,US,2026-05-12,UK (base),horse_win_predictor.pkl,75,Yonkers Raceway,00:45,Pace 1m,Pace,Dirt,,8.0,1m,Classic
Little Willy,"Kelly, Colin","Bako, Jared",-,8,0.0,,6,8/1,0.13130430561623221,13/2,7.62,0.22255509357052927,7/2,0.25677413905339064,3/1,US,2026-05-12,UK (base),horse_win_predictor.pkl,75,Yonkers Raceway,00:45,Pace 1m,Pace,Dirt,,8.0,1m,Classic
Soho Dow Jones A,"Zeron, Scott","Dilloian, Doug",-,8,0.0,,7,15/1,0.12246978302024175,7/1,8.17,0.20844653123401508,4/1,0.24068781181418009,3/1,US,2026-05-12,UK (base),horse_win_predictor.pkl,75,Yonkers Raceway,00:45,Pace 1m,Pace,Dirt,,8.0,1m,Classic
Endofstory,"Zeron, Scott","Dilloian, Doug",-,5,0.0,,1,4/1,0.13287179863865628,13/2,7.53,0.225045305650804,7/2,0.25961037078035937,3/1,US,2026-05-12,UK (base),horse_win_predictor.pkl,75,Yonkers Raceway,01:05,Pace 1m,Pace,Dirt,,8.0,1m,Classic
The Greek Freak,"Kakaley, Matt","Alexander, Tra",-,9,0.0,,2,6/1,0.12268620537681797,7/1,8.15,0.20879364568646214,4/1,0.2410839358025787,3/1,US,2026-05-12,UK (base),horse_win_predictor.pkl,75,Yonkers Raceway,01:05,Pace 1m,Pace,Dirt,,8.0,1m,Classic
Vicious,"Buter, Tyler","Adamczyk, Andr",-,7,0.0,,3,5/1,0.1269302025692506,7/1,7.88,0.21558534356523432,7/2,0.2488310214387282,3/1,US,2026-05-12,UK (base),horse_win_predictor.pkl,75,Yonkers Raceway,01:05,Pace 1m,Pace,Dirt,,8.0,1m,Classic
Copperfield,"Bartlett, Jaso","Engblom, Per",-,5,0.0,,4,3/1,0.1417841927427648,6/1,7.05,0.23912934108760267,3/1,0.2756337717169169,5/2,US,2026-05-12,UK (base),horse_win_predictor.pkl,75,Yonkers Raceway,01:05,Pace 1m,Pace,Dirt,,8.0,1m,Classic
Twisted Destiny,"Marohn, Jim Jr","Ryder, Chris",-,4,0.0,,5,7/2,0.13683286268492673,13/2,7.31,0.2313205669844265,7/2,0.2667534560967389,5/2,US,2026-05-12,UK (base),horse_win_predictor.pkl,75,Yonkers Raceway,01:05,Pace 1m,Pace,Dirt,,8.0,1m,Classic
Its A Me Mario,"Tritton, Laure","Tritton, Shane",-,6,0.0,,6,12/1,0.11093359776700457,8/1,9.01,0.18983546548978297,9/2,0.21942366588582488,7/2,US,2026-05-12,UK (base),horse_win_predictor.pkl,75,Yonkers Raceway,01:05,Pace 1m,Pace,Dirt,,8.0,1m,Classic
Kwick Sand A,"Stratton, Jord","Stratton, Cory",-,5,0.0,,7,8/1,0.11702754245357447,15/2,8.54,0.19969321986225552,4/1,0.23069284889051092,7/2,US,2026-05-12,UK (base),horse_win_predictor.pkl,75,Yonkers Raceway,01:05,Pace 1m,Pace,Dirt,,8.0,1m,Classic
Jabbar,"Holland, Brent","Mac Kenzie, Bi",-,5,0.0,,8,12/1,0.11093359776700457,8/1,9.01,0.18983546548978297,9/2,0.21942366588582488,7/2,US,2026-05-12,UK (base),horse_win_predictor.pkl,75,Yonkers Raceway,01:05,Pace 1m,Pace,Dirt,,8.0,1m,Classic
Verdun,"Lachance, Pat","Lachance, Pat",-,6,0.0,,1,5/2,0.14900772431865233,11/2,6.71,0.2504512622482754,3/1,0.28849258897188407,5/2,US,2026-05-12,UK (base),horse_win_predictor.pkl,75,Yonkers Raceway,01:25,Pace 1m,Pace,Dirt,,8.0,1m,Classic
Rockstar Artist A,"Stratton, Jord","Alvarez, Maria",-,7,0.0,,2,8/1,0.11736102859305614,15/2,8.52,0.20023096264156492,4/1,0.2313071879097557,7/2,US,2026-05-12,UK (base),horse_win_predictor.pkl,75,Yonkers Raceway,01:25,Pace 1m,Pace,Dirt,,8.0,1m,Classic
Yorokobi N,"Marohn, Jim Jr","Tritton, Peter",-,9,0.0,,3,20/1,0.10585313923829391,17/2,9.45,0.18157174095964773,9/2,0.2099662166051554,4/1,US,2026-05-12,UK (base),horse_win_predictor.pkl,75,Yonkers Raceway,01:25,Pace 1m,Pace,Dirt,,8.0,1m,Classic
Hemsworth N,"Siegelman, Aus","Bako, Jared",-,9,0.0,,4,5/1,0.12743043177847313,7/1,7.85,0.21638396524665315,7/2,0.24974154029722068,3/1,US,2026-05-12,UK (base),horse_win_predictor.pkl,75,Yonkers Raceway,01:25,Pace 1m,Pace,Dirt,,8.0,1m,Classic
Catalpa Rescue A,"Bartlett, Jaso","Blackler, Scot",-,7,0.0,,5,8/5,0.1669334750443397,5/1,5.99,0.27818682700750813,5/2,0.3199068339936963,2/1,US,2026-05-12,UK (base),horse_win_predictor.pkl,75,Yonkers Raceway,01:25,Pace 1m,Pace,Dirt,,8.0,1m,Classic
Rockin Jukebox,"Bongiorno, Joe","Bongiorno, Joe",-,9,0.0,,6,15/1,0.10855030080581632,8/1,9.21,0.18596400720644282,9/2,0.21499414710667775,7/2,US,2026-05-12,UK (base),horse_win_predictor.pkl,75,Yonkers Raceway,01:25,Pace 1m,Pace,Dirt,,8.0,1m,Classic
Rydingtothewire,"Tritton, Laure","Tritton, Shane",-,5,0.0,,7,10/1,0.11369942743472272,8/1,8.8,0.19431692154331387,4/1,0.22454848183403556,7/2,US,2026-05-12,UK (base),horse_win_predictor.pkl,75,Yonkers Raceway,01:25,Pace 1m,Pace,Dirt,,8.0,1m,Classic
Hammering Hank,"Holland, Brent","Laterza, Denni",-,7,0.0,,8,12/1,0.11116447278664572,8/1,9.0,0.19021001900801598,9/2,0.21985209884102982,7/2,US,2026-05-12,UK (base),horse_win_predictor.pkl,75,Yonkers Raceway,01:25,Pace 1m,Pace,Dirt,,8.0,1m,Classic
