sire_id,sire,wins,runs,places,turf_pct,avg_dist,avg_class,avg_or,win_rate,place_rate,turf_win_rate,aw_win_rate,surface_preference,sprint_win_rate,mile_win_rate,middle_win_rate,staying_win_rate,best_distance_band,firm_win_rate,good_win_rate,soft_win_rate,heavy_win_rate,class1_win_rate,class2_win_rate,class3_win_rate,class4_win_rate
3618,Indian Ridge (IRE),0,32,10,0.5,9.203125,2.875,88.34375,0.0,0.3125,0.0,0.0,0.0,0.0,0.0,0.0,0.0,sprint,0.0,0.0,0.0,0.0,0.0,0.0,0.0,0.0
9363,Cadeaux Genereux (GB),5,60,21,0.5166666666666667,10.65,2.5833333333333335,91.33333333333333,0.08333333333333333,0.35,0.06451612903225806,0.10344827586206896,-0.0389321468298109,0.0,0.0,0.10416666666666667,0.12,staying,0.0,0.0851063829787234,0.14285714285714285,0.08333333333333333,0.0,0.125,0.125,0.0
21738,Soviet Star (USA),3,51,14,0.39215686274509803,8.666666666666666,3.4313725490196076,79.88235294117646,0.058823529411764705,0.27450980392156865,0.1,0.03225806451612903,0.06774193548387097,0.0,0.08,0.043478260869565216,0.0,mile,0.0,0.045454545454545456,0.5,0.058823529411764705,0.058823529411764705,0.0,0.06666666666666667,0.06896551724137931
59210,Mujadil (USA),2,34,9,0.9705882352941176,5.338235294117647,2.7058823529411766,88.52941176470588,0.058823529411764705,0.2647058823529412,0.06060606060606061,0.0,0.06060606060606061,0.06060606060606061,0.058823529411764705,0.058823529411764705,0.0,sprint,0.07692307692307693,0.05,0.0,0.058823529411764705,0.07692307692307693,0.0,0.3333333333333333,0.0
60857,Marju (IRE),3,36,7,0.6666666666666666,11.847222222222221,2.5277777777777777,91.82857142857142,0.08333333333333333,0.19444444444444445,0.08333333333333333,0.08333333333333333,0.0,0.0,0.09090909090909091,0.11764705882352941,0.08333333333333333,middle,0.0,0.0967741935483871,0.0,0.08333333333333333,0.14285714285714285,0.0,0.2,0.0
62150,Selkirk (USA),5,61,14,0.8360655737704918,10.073770491803279,3.2131147540983607,81.75,0.08196721311475409,0.22950819672131148,0.09803921568627451,0.0,0.09803921568627451,0.0,0.0,0.11538461538461539,0.15,staying,0.13333333333333333,0.07317073170731707,0.0,0.08196721311475409,0.0,0.0,0.05555555555555555,0.13333333333333333
65710,Paris House (GB),3,45,16,0.8666666666666667,6.133333333333334,3.7555555555555555,77.8,0.06666666666666667,0.35555555555555557,0.07692307692307693,0.0,0.07692307692307693,0.07692307692307693,0.0,0.06666666666666667,0.06666666666666667,sprint,0.0,0.04,0.2222222222222222,0.0,0.06666666666666667,0.0,0.0,0.08571428571428572
68106,Lomitas (GB),3,25,6,0.92,15.32,2.12,99.4,0.12,0.24,0.13043478260869565,0.0,0.13043478260869565,0.12,0.0,0.0,0.14285714285714285,staying,0.2857142857142857,0.0,0.25,0.12,0.0,0.14285714285714285,1.0,0.0
72922,Barathea (IRE),0,24,5,0.8333333333333334,16.791666666666668,2.8333333333333335,80.08333333333333,0.0,0.20833333333333334,0.0,0.0,0.0,0.0,0.0,0.0,0.0,sprint,0.0,0.0,0.0,0.0,0.0,0.0,0.0,0.0
76009,Hernando (FR),12,148,33,0.7905405405405406,14.128378378378379,2.7162162162162162,87.47297297297297,0.08108108108108109,0.22297297297297297,0.07692307692307693,0.0967741935483871,-0.019851116625310167,0.08108108108108109,0.0,0.0625,0.0967741935483871,staying,0.07142857142857142,0.09615384615384616,0.0,0.0,0.0,0.02127659574468085,0.07142857142857142,0.1951219512195122
78845,Urgent Request (IRE),1,28,9,0.8928571428571429,9.482142857142858,3.8214285714285716,76.39285714285714,0.03571428571428571,0.32142857142857145,0.04,0.0,0.04,0.0,0.1111111111111111,0.043478260869565216,0.03571428571428571,mile,0.0,0.0,0.5,0.03571428571428571,0.03571428571428571,0.03571428571428571,0.0,0.043478260869565216
84442,Piccolo (GB),35,512,137,0.740234375,6.099609375,3.3203125,82.15400843881856,0.068359375,0.267578125,0.07387862796833773,0.05263157894736842,0.021247049020969314,0.07158351409978309,0.07446808510638298,0.05555555555555555,0.0,mile,0.06428571428571428,0.06645569620253164,0.08695652173913043,0.1,0.0,0.045871559633027525,0.0989010989010989,0.07023411371237458
84824,Monsun (GER),13,115,40,0.7391304347826086,13.034782608695652,2.643478260869565,91.39285714285714,0.11304347826086956,0.34782608695652173,0.058823529411764705,0.26666666666666666,-0.20784313725490194,0.11304347826086956,0.2,0.14285714285714285,0.12987012987012986,mile,0.12121212121212122,0.1267605633802817,0.0,0.11304347826086956,0.08333333333333333,0.14705882352941177,0.0,0.14634146341463414
85578,Lando (GER),3,24,7,0.5,11.458333333333334,3.0833333333333335,84.16666666666667,0.125,0.2916666666666667,0.25,0.0,0.25,0.125,0.125,0.05,0.2857142857142857,staying,0.0,0.09090909090909091,1.0,0.125,0.125,0.2222222222222222,0.0,0.09090909090909091
87643,Key Of Luck (USA),2,36,8,0.5555555555555556,11.555555555555555,3.361111111111111,80.25,0.05555555555555555,0.2222222222222222,0.05,0.0625,-0.012499999999999997,0.0,0.0,0.07407407407407407,0.05,middle,0.0,0.06896551724137931,0.0,0.05555555555555555,0.05555555555555555,0.0,0.2,0.045454545454545456
87715,Midnight Legend (GB),4,26,8,0.5769230769230769,12.173076923076923,2.8461538461538463,90.42857142857143,0.15384615384615385,0.3076923076923077,0.26666666666666666,0.0,0.26666666666666666,0.15384615384615385,0.0,0.21052631578947367,0.14285714285714285,middle,0.0,0.2,0.0,0.15384615384615385,0.15384615384615385,0.18181818181818182,0.125,0.14285714285714285
90395,Bahri (USA),10,102,29,0.6568627450980392,11.279411764705882,3.803921568627451,74.34736842105264,0.09803921568627451,0.28431372549019607,0.13432835820895522,0.02857142857142857,0.10575692963752666,0.05555555555555555,0.0,0.13157894736842105,0.1206896551724138,middle,0.05555555555555555,0.09722222222222222,0.2222222222222222,0.0,0.09803921568627451,0.0,0.0,0.11904761904761904
94325,Desert Style (IRE),5,33,14,0.7878787878787878,5.9393939393939394,3.727272727272727,79.78787878787878,0.15151515151515152,0.42424242424242425,0.15384615384615385,0.14285714285714285,0.010989010989011005,0.16666666666666666,0.0,0.0,0.15151515151515152,sprint,0.18181818181818182,0.17647058823529413,0.0,0.0,0.15151515151515152,0.0,0.0,0.2
94673,Celtic Swing (GB),2,26,6,0.6153846153846154,8.884615384615385,3.3846153846153846,80.92307692307692,0.07692307692307693,0.23076923076923078,0.125,0.0,0.125,0.1,0.0,0.07692307692307693,0.0,sprint,0.2,0.05555555555555555,0.0,0.07692307692307693,0.0,0.0,0.0,0.11764705882352941
96463,Halling (USA),45,379,131,0.7730870712401056,11.481530343007915,2.7493403693931397,88.99722222222222,0.11873350923482849,0.34564643799472294,0.11945392491467577,0.11627906976744186,0.00317485514723391,0.03333333333333333,0.06944444444444445,0.14746543778801843,0.1044776119402985,middle,0.10784313725490197,0.11016949152542373,0.2222222222222222,0.0,0.1232876712328767,0.12264150943396226,0.16279069767441862,0.10191082802547771
97591,Singspiel (IRE),17,156,51,0.5961538461538461,7.666666666666667,2.948717948717949,86.23870967741935,0.10897435897435898,0.3269230769230769,0.10752688172043011,0.1111111111111111,-0.0035842293906809958,0.14634146341463414,0.08695652173913043,0.0,0.0,sprint,0.12903225806451613,0.1092436974789916,0.0,0.0,0.32142857142857145,0.04,0.06666666666666667,0.0684931506849315
99826,Alhaarth (IRE),3,28,5,0.9642857142857143,12.196428571428571,4.0,76.73076923076923,0.10714285714285714,0.17857142857142858,0.1111111111111111,0.0,0.1111111111111111,0.25,0.2,0.08333333333333333,0.09090909090909091,sprint,0.14285714285714285,0.15384615384615385,0.0,0.0,0.10714285714285714,0.10714285714285714,0.10714285714285714,0.10714285714285714
103416,Royal Applause (GB),88,1014,262,0.7978303747534516,6.945266272189349,3.2731755424063116,81.72043010752688,0.08678500986193294,0.2583826429980276,0.09394313967861558,0.05853658536585366,0.03540655431276191,0.08926080892608089,0.07567567567567568,0.07964601769911504,0.0,sprint,0.0777027027027027,0.09508196721311475,0.07291666666666667,0.0,0.0,0.07425742574257425,0.12206572769953052,0.08407871198568873
103932,Tagula (IRE),38,405,115,0.6814814814814815,7.264197530864197,3.382716049382716,83.0195530726257,0.09382716049382717,0.2839506172839506,0.09782608695652174,0.08527131782945736,0.01255476912706438,0.10869565217391304,0.1,0.08163265306122448,0.08108108108108109,sprint,0.13580246913580246,0.07894736842105263,0.13636363636363635,0.0,0.2777777777777778,0.0,0.11538461538461539,0.07335907335907337
104011,Danehill Dancer (IRE),52,490,144,0.7755102040816326,8.714285714285714,2.763265306122449,89.35205183585313,0.10612244897959183,0.2938775510204082,0.11315789473684211,0.08181818181818182,0.03133971291866029,0.1388888888888889,0.12340425531914893,0.06756756756756757,0.05194805194805195,sprint,0.12871287128712872,0.0963855421686747,0.10638297872340426,0.2,0.17333333333333334,0.031007751937984496,0.10569105691056911,0.13496932515337423
107700,Pivotal (GB),253,2035,741,0.7454545454545455,7.837592137592138,2.879115479115479,87.97002724795641,0.12432432432432433,0.36412776412776415,0.11404087013843112,0.15444015444015444,-0.04039928430172332,0.09962049335863378,0.1339712918660287,0.14030612244897958,0.12626262626262627,middle,0.1100244498777506,0.1293842556508184,0.1263537906137184,0.10606060606060606,0.11267605633802817,0.11156186612576065,0.1489841986455982,0.12269938650306748
108261,Glory Of Dancer (GB),2,20,6,0.85,10.025,3.5,84.8,0.1,0.3,0.058823529411764705,0.3333333333333333,-0.2745098039215686,0.0,0.0,0.13333333333333333,0.0,middle,0.0,0.15384615384615385,0.1,0.1,0.1,0.0,0.16666666666666666,0.08333333333333333
109161,Intikhab (USA),40,358,113,0.7374301675977654,8.233240223463687,3.2318435754189943,83.4939024390244,0.11173184357541899,0.31564245810055863,0.10227272727272728,0.13829787234042554,-0.03602514506769826,0.12244897959183673,0.12169312169312169,0.08421052631578947,0.14285714285714285,staying,0.12162162162162163,0.1148936170212766,0.11764705882352941,0.0,0.0,0.12658227848101267,0.16091954022988506,0.08791208791208792
303737,Green Desert (USA),2,35,11,0.7428571428571429,7.714285714285714,2.742857142857143,90.48571428571428,0.05714285714285714,0.3142857142857143,0.07692307692307693,0.0,0.07692307692307693,0.041666666666666664,0.1,0.0,0.0,mile,0.1111111111111111,0.04,0.0,0.05714285714285714,0.0,0.06666666666666667,0.09090909090909091,0.0
304191,Efisio (GB),1,30,10,0.7333333333333333,7.866666666666666,2.566666666666667,89.7,0.03333333333333333,0.3333333333333333,0.045454545454545456,0.0,0.045454545454545456,0.0,0.03333333333333333,0.03333333333333333,0.03333333333333333,mile,0.0,0.05555555555555555,0.0,0.03333333333333333,0.03333333333333333,0.0,0.06666666666666667,0.0
304944,Dynaformer (USA),12,63,19,0.7142857142857143,12.968253968253968,2.5396825396825395,89.32203389830508,0.19047619047619047,0.30158730158730157,0.24444444444444444,0.05555555555555555,0.18888888888888888,0.19047619047619047,0.18181818181818182,0.2,0.18604651162790697,middle,0.22727272727272727,0.14705882352941177,0.3333333333333333,0.0,0.38461538461538464,0.15,0.15384615384615385,0.11764705882352941
305033,Red Ransom (USA),4,34,10,0.9411764705882353,7.470588235294118,3.7941176470588234,80.20588235294117,0.11764705882352941,0.29411764705882354,0.125,0.0,0.125,0.13043478260869565,0.0,0.1111111111111111,0.0,sprint,0.25,0.10526315789473684,0.0,0.0,0.11764705882352941,0.0,0.0,0.14285714285714285
417370,Intrinsic (GB),6,71,17,0.7887323943661971,6.309859154929577,3.084507042253521,86.14754098360656,0.08450704225352113,0.23943661971830985,0.10714285714285714,0.0,0.10714285714285714,0.0967741935483871,0.0,0.0,0.0,sprint,0.13333333333333333,0.06818181818181818,0.1111111111111111,0.0,0.08450704225352113,0.08695652173913043,0.0,0.13793103448275862
428414,Passing Glance (GB),14,163,58,0.8282208588957055,10.021472392638037,3.276073619631902,80.92700729927007,0.08588957055214724,0.3558282208588957,0.1037037037037037,0.0,0.1037037037037037,0.05405405405405406,0.06521739130434782,0.10666666666666667,0.061224489795918366,middle,0.029411764705882353,0.09090909090909091,0.09523809523809523,0.2222222222222222,0.0,0.1111111111111111,0.03225806451612903,0.0989010989010989
446205,Superior Premium (GB),3,37,11,0.8378378378378378,6.513513513513513,3.5405405405405403,81.72972972972973,0.08108108108108109,0.2972972972972973,0.0967741935483871,0.0,0.0967741935483871,0.09375,0.058823529411764705,0.08108108108108109,0.08108108108108109,sprint,0.0,0.125,0.0,0.0,0.08108108108108109,0.0,0.09090909090909091,0.08695652173913043
446691,Verglas (IRE),32,393,104,0.8015267175572519,8.501272264631043,3.119592875318066,84.37755102040816,0.08142493638676845,0.26463104325699743,0.08571428571428572,0.0641025641025641,0.021611721611721618,0.08888888888888889,0.08163265306122448,0.038834951456310676,0.10144927536231885,staying,0.03773584905660377,0.10176991150442478,0.07692307692307693,0.1111111111111111,0.08695652173913043,0.058823529411764705,0.06542056074766354,0.10112359550561797
447676,Compton Place (GB),52,627,161,0.7862838915470495,6.411483253588517,3.2440191387559807,82.16187050359713,0.08293460925039872,0.2567783094098884,0.08924949290060852,0.05970149253731343,0.029548000363295086,0.08237547892720307,0.07017543859649122,0.06557377049180328,0.07142857142857142,sprint,0.12087912087912088,0.06233062330623306,0.11290322580645161,0.0,0.10344827586206896,0.07692307692307693,0.1111111111111111,0.0701219512195122
448003,Bahamian Bounty (GB),106,1193,359,0.7929589270746018,6.30720871751886,3.0754400670578375,84.61228230980751,0.08885163453478626,0.30092204526404026,0.09513742071881606,0.06477732793522267,0.03036009278359339,0.08709016393442623,0.09,0.044444444444444446,0.3333333333333333,staying,0.09771986970684039,0.08575380359612725,0.07462686567164178,0.13793103448275862,0.06766917293233082,0.06880733944954129,0.09328358208955224,0.09930313588850175
448211,Tomba (GB),3,40,10,0.825,5.5,3.4,80.9,0.075,0.25,0.09090909090909091,0.0,0.09090909090909091,0.07692307692307693,0.075,0.0,0.0,sprint,0.0,0.07692307692307693,0.1111111111111111,0.0,0.075,0.14285714285714285,0.0,0.08695652173913043
449518,Elnadim (USA),60,533,175,0.7335834896810507,6.709193245778612,2.849906191369606,88.28290766208251,0.1125703564727955,0.32833020637898686,0.10997442455242967,0.11971830985915492,-0.00974388530672525,0.1116751269035533,0.10526315789473684,0.1388888888888889,0.15384615384615385,staying,0.11811023622047244,0.11275964391691394,0.1206896551724138,0.0,0.08888888888888889,0.11797752808988764,0.06557377049180328,0.14361702127659576
450077,Zamindar (USA),38,382,112,0.643979057591623,8.760471204188482,3.081151832460733,85.61917808219178,0.09947643979057591,0.2931937172774869,0.07723577235772358,0.13970588235294118,-0.0624701099952176,0.09803921568627451,0.11864406779661017,0.08333333333333333,0.10526315789473684,mile,0.05970149253731343,0.10752688172043011,0.07692307692307693,0.2,0.058823529411764705,0.05747126436781609,0.13333333333333333,0.11290322580645161
450464,Cape Cross (IRE),256,1791,681,0.6778336125069794,9.93355667225014,2.8955890563930766,87.7571865443425,0.14293690675600224,0.38023450586264657,0.12932454695222406,0.17157712305025996,-0.0422525760980359,0.12947658402203857,0.15138282387190685,0.13991769547325103,0.11978221415607986,mile,0.1388888888888889,0.14948453608247422,0.10303030303030303,0.16666666666666666,0.14691943127962084,0.12842105263157894,0.13164556962025317,0.15774647887323945
450965,Smart Strike (CAN),22,155,47,0.47096774193548385,9.73225806451613,3.2,83.80689655172414,0.14193548387096774,0.3032258064516129,0.1232876712328767,0.15853658536585366,-0.035248914132976955,0.14285714285714285,0.18181818181818182,0.11864406779661017,0.1282051282051282,mile,0.2222222222222222,0.12844036697247707,0.0,0.0,0.0,0.038461538461538464,0.09259259259259259,0.2318840579710145
455293,Peintre Celebre (USA),10,66,23,0.7727272727272727,10.333333333333334,3.0,83.0952380952381,0.15151515151515152,0.3484848484848485,0.1568627450980392,0.13333333333333333,0.023529411764705882,0.2,0.15789473684210525,0.15,0.12,sprint,0.3,0.14893617021276595,0.0,0.0,0.0,0.25,0.2,0.14285714285714285
465239,Dr Fong (USA),1,37,7,0.7837837837837838,10.81081081081081,3.5945945945945947,76.37837837837837,0.02702702702702703,0.1891891891891892,0.0,0.125,-0.125,0.0,0.0,0.125,0.0,middle,0.0,0.043478260869565216,0.0,0.02702702702702703,0.0,0.0,0.0,0.03571428571428571
466191,Elusive Quality (USA),28,313,83,0.6645367412140575,8.054313099041533,3.0575079872204474,85.41818181818182,0.08945686900958466,0.26517571884984026,0.08173076923076923,0.10476190476190476,-0.023031135531135533,0.09554140127388536,0.0703125,0.09523809523809523,0.13513513513513514,staying,0.06493506493506493,0.09405940594059406,0.13793103448275862,0.0,0.05263157894736842,0.11475409836065574,0.06779661016949153,0.0967741935483871
467224,Trans Island (GB),2,55,20,0.5272727272727272,6.609090909090909,2.5090909090909093,91.89090909090909,0.03636363636363636,0.36363636363636365,0.034482758620689655,0.038461538461538464,-0.003978779840848809,0.04,0.05555555555555555,0.03636363636363636,0.03636363636363636,mile,0.0,0.025,0.3333333333333333,0.03636363636363636,0.0,0.0,0.18181818181818182,0.0
468072,Muhtathir (GB),2,45,9,0.7777777777777778,9.61111111111111,3.0444444444444443,83.97560975609755,0.044444444444444446,0.2,0.05714285714285714,0.0,0.05714285714285714,0.0,0.034482758620689655,0.1,0.0,middle,0.0,0.034482758620689655,0.0,0.5,0.0,0.0,0.07692307692307693,0.05555555555555555
472998,Gold Away (IRE),3,40,7,0.875,8.3375,3.2,83.0,0.075,0.175,0.08571428571428572,0.0,0.08571428571428572,0.09090909090909091,0.0625,0.0,0.25,staying,0.0,0.1111111111111111,0.09090909090909091,0.0,0.0,0.1,0.16666666666666666,0.045454545454545456
473501,Diktat (GB),8,93,22,0.6774193548387096,7.043010752688172,3.0,86.16666666666667,0.08602150537634409,0.23655913978494625,0.09523809523809523,0.06666666666666667,0.028571428571428567,0.1276595744680851,0.0975609756097561,0.0,0.0,sprint,0.15384615384615385,0.05357142857142857,0.09090909090909091,0.08602150537634409,0.08333333333333333,0.1875,0.04,0.075
476627,Distorted Humor (USA),40,272,99,0.7463235294117647,7.8474264705882355,2.948529411764706,85.16746411483254,0.14705882352941177,0.3639705882352941,0.11822660098522167,0.2318840579710145,-0.11365745698579283,0.13986013986013987,0.18309859154929578,0.08928571428571429,0.1111111111111111,mile,0.1411764705882353,0.15976331360946747,0.06666666666666667,0.0,0.06382978723404255,0.20833333333333334,0.20408163265306123,0.1328125
480438,Fantastic Light (USA),1,23,5,0.43478260869565216,6.434782608695652,4.0,78.65217391304348,0.043478260869565216,0.21739130434782608,0.1,0.0,0.1,0.0,0.125,0.043478260869565216,0.043478260869565216,mile,0.0,0.0625,0.043478260869565216,0.043478260869565216,0.043478260869565216,0.043478260869565216,0.043478260869565216,0.043478260869565216
480717,Calcutta (GB),3,51,21,0.9215686274509803,9.323529411764707,3.549019607843137,82.88235294117646,0.058823529411764705,0.4117647058823529,0.06382978723404255,0.0,0.06382978723404255,0.0,0.07407407407407407,0.03571428571428571,0.16666666666666666,staying,0.10526315789473684,0.03571428571428571,0.0,0.058823529411764705,0.058823529411764705,0.0,0.05263157894736842,0.06666666666666667
480864,Kalanisi (IRE),6,44,15,0.4318181818181818,14.715909090909092,3.7045454545454546,78.675,0.13636363636363635,0.3409090909090909,0.15789473684210525,0.12,0.03789473684210526,0.13636363636363635,0.0,0.2222222222222222,0.13157894736842105,middle,0.2,0.12121212121212122,0.0,0.5,0.13636363636363635,0.0,0.1111111111111111,0.15151515151515152
487836,Mujahid (USA),0,26,7,0.7307692307692307,8.26923076923077,3.3846153846153846,83.1923076923077,0.0,0.2692307692307692,0.0,0.0,0.0,0.0,0.0,0.0,0.0,sprint,0.0,0.0,0.0,0.0,0.0,0.0,0.0,0.0
488238,Tiger Hill (IRE),7,120,34,0.75,12.345833333333333,3.316666666666667,79.38333333333334,0.058333333333333334,0.2833333333333333,0.05555555555555555,0.06666666666666667,-0.011111111111111113,0.04,0.05263157894736842,0.05263157894736842,0.06329113924050633,staying,0.0,0.06976744186046512,0.07142857142857142,0.0,0.058333333333333334,0.0,0.09375,0.06349206349206349
488572,Bertolini (USA),16,214,48,0.6635514018691588,8.16822429906542,3.5700934579439254,79.47342995169082,0.07476635514018691,0.22429906542056074,0.07746478873239436,0.06944444444444445,0.008020344287949913,0.07751937984496124,0.0625,0.10869565217391304,0.06976744186046512,middle,0.02857142857142857,0.06040268456375839,0.19230769230769232,0.25,0.0,0.1111111111111111,0.024390243902439025,0.08666666666666667
499503,Namid (GB),2,36,8,0.8888888888888888,6.333333333333333,3.5,78.55555555555556,0.05555555555555555,0.2222222222222222,0.03125,0.25,-0.21875,0.02857142857142857,0.16666666666666666,0.05555555555555555,0.05555555555555555,mile,0.0,0.09090909090909091,0.0,0.05555555555555555,0.0,0.5,0.0,0.045454545454545456
499986,Orpen (USA),3,25,7,0.8,7.38,2.36,91.83333333333333,0.12,0.28,0.15,0.0,0.15,0.16666666666666666,0.13333333333333333,0.0,0.0,sprint,0.4,0.0,0.3333333333333333,0.0,0.25,0.0,0.0,0.0
500247,Kingsalsa (USA),3,33,7,0.8484848484848485,7.545454545454546,3.4545454545454546,79.63636363636364,0.09090909090909091,0.21212121212121213,0.10714285714285714,0.0,0.10714285714285714,0.1111111111111111,0.0,0.09090909090909091,0.0,sprint,0.2,0.0,0.0,0.5,0.09090909090909091,0.0,0.0,0.15
500326,Beat All (USA),2,26,5,0.46153846153846156,7.365384615384615,2.6923076923076925,86.24,0.07692307692307693,0.19230769230769232,0.16666666666666666,0.0,0.16666666666666666,0.1111111111111111,0.08,0.0,0.07692307692307693,sprint,0.0,0.05,1.0,0.0,0.0,0.0,0.14285714285714285,0.0
500508,Areion (GER),14,87,29,0.6666666666666666,7.7988505747126435,2.5402298850574714,89.9113924050633,0.16091954022988506,0.3333333333333333,0.13793103448275862,0.20689655172413793,-0.06896551724137931,0.19444444444444445,0.2037037037037037,0.0,0.0,mile,0.05555555555555555,0.16363636363636364,0.3333333333333333,0.2,0.09090909090909091,0.12195121951219512,0.08333333333333333,0.30434782608695654
503034,Montjeu (IRE),22,269,86,0.8104089219330854,12.524163568773234,3.066914498141264,84.14741035856574,0.08178438661710037,0.31970260223048325,0.08256880733944955,0.0784313725490196,0.004137434790429939,0.0,0.05555555555555555,0.0718954248366013,0.0962566844919786,staying,0.10606060606060606,0.06626506024096386,0.1,0.14285714285714285,0.08333333333333333,0.0,0.05263157894736842,0.13385826771653545
503150,Lemon Drop Kid (USA),19,142,59,0.6830985915492958,11.306338028169014,2.5140845070422535,94.296,0.13380281690140844,0.4154929577464789,0.13402061855670103,0.13333333333333333,0.0006872852233676952,0.0,0.08571428571428572,0.1388888888888889,0.16,staying,0.08823529411764706,0.14705882352941177,0.16666666666666666,0.13380281690140844,0.15384615384615385,0.10810810810810811,0.25,0.08695652173913043
503385,Arch (USA),16,155,55,0.7161290322580646,8.741935483870968,2.8451612903225807,89.58196721311475,0.1032258064516129,0.3548387096774194,0.10810810810810811,0.09090909090909091,0.017199017199017202,0.0851063829787234,0.0975609756097561,0.09302325581395349,0.16666666666666666,staying,0.125,0.10679611650485436,0.0,0.0,0.10344827586206896,0.1,0.09375,0.109375
503875,Dansili (GB),196,1710,584,0.7239766081871345,10.085380116959064,2.915204678362573,88.07723304231027,0.11461988304093568,0.34152046783625734,0.09854604200323101,0.15677966101694915,-0.05823361901371814,0.08123249299719888,0.09335443037974683,0.1299093655589124,0.13714285714285715,staying,0.11727078891257996,0.11829944547134935,0.07913669064748201,0.1,0.12236286919831224,0.11056511056511056,0.09696969696969697,0.12228260869565218
504800,Successful Appeal (USA),8,50,14,0.16,8.83,2.94,85.27083333333333,0.16,0.28,0.125,0.16666666666666666,-0.04166666666666666,0.16666666666666666,0.21212121212121213,0.06666666666666667,0.0,mile,0.3333333333333333,0.14893617021276595,0.16,0.16,0.0,0.16666666666666666,0.0,0.2631578947368421
506891,Dapper (GB),2,25,7,0.76,8.78,3.48,79.83333333333333,0.08,0.28,0.05263157894736842,0.16666666666666666,-0.11403508771929824,0.0,0.11764705882352941,0.0,0.0,mile,0.0,0.1111111111111111,0.0,0.08,0.08,0.0,0.0,0.125
506927,Invincible Spirit (IRE),510,4521,1586,0.7312541473125415,7.198296836982968,3.052864410528644,85.5889266126926,0.11280690112806901,0.3508073435080734,0.11312764670296431,0.11193415637860082,0.001193490324363486,0.11444329541537401,0.1135948905109489,0.1012396694214876,0.09142857142857143,sprint,0.12432915921288014,0.10656316160903317,0.11853448275862069,0.13333333333333333,0.11570247933884298,0.09072164948453608,0.11685393258426967,0.12034910427193385
506990,Sakhee (USA),17,135,45,0.7777777777777778,10.977777777777778,3.3925925925925924,81.4296875,0.1259259259259259,0.3333333333333333,0.14285714285714285,0.06666666666666667,0.07619047619047618,0.1875,0.14754098360655737,0.09375,0.12727272727272726,sprint,0.1724137931034483,0.10526315789473684,0.125,0.3333333333333333,0.0,0.09523809523809523,0.05405405405405406,0.17105263157894737
509318,Redoutes Choice (AUS),29,188,68,0.6595744680851063,10.444148936170214,2.8085106382978724,89.97972972972973,0.15425531914893617,0.3617021276595745,0.16129032258064516,0.140625,0.020665322580645157,0.05555555555555555,0.078125,0.1935483870967742,0.1935483870967742,middle,0.20967741935483872,0.13445378151260504,0.0,0.0,0.20588235294117646,0.09523809523809523,0.15789473684210525,0.16216216216216217
511841,Bernstein (USA),6,52,13,0.8269230769230769,6.480769230769231,2.75,89.71153846153847,0.11538461538461539,0.25,0.13953488372093023,0.0,0.13953488372093023,0.12195121951219512,0.15384615384615385,0.0,0.11538461538461539,mile,0.06666666666666667,0.12903225806451613,0.25,0.0,0.3333333333333333,0.10526315789473684,0.05555555555555555,0.16666666666666666
513047,Giants Causeway (USA),11,108,41,0.6481481481481481,9.125,2.8796296296296298,90.23529411764706,0.10185185185185185,0.37962962962962965,0.08571428571428572,0.13157894736842105,-0.04586466165413533,0.08823529411764706,0.09433962264150944,0.13333333333333333,0.1111111111111111,middle,0.06666666666666667,0.1232876712328767,0.0,0.10185185185185185,0.1111111111111111,0.0,0.0625,0.2222222222222222
513088,Observatory (USA),1,21,3,1.0,9.261904761904763,3.761904761904762,80.29411764705883,0.047619047619047616,0.14285714285714285,0.047619047619047616,0.047619047619047616,0.047619047619047616,0.0,0.1,0.0,0.0,mile,0.0,0.1,0.0,0.0,0.047619047619047616,0.047619047619047616,0.0,0.0625
513207,Primo Valentino (IRE),3,40,12,0.825,12.375,2.1,97.675,0.075,0.3,0.09090909090909091,0.0,0.09090909090909091,0.0,0.0,0.0,0.10714285714285714,staying,0.125,0.045454545454545456,0.14285714285714285,0.0,0.15,0.0,0.075,0.0
516606,Beat Hollow (GB),15,180,54,0.85,12.080555555555556,2.8222222222222224,87.73913043478261,0.08333333333333333,0.3,0.0784313725490196,0.1111111111111111,-0.0326797385620915,0.4,0.0625,0.08421052631578947,0.05172413793103448,sprint,0.02857142857142857,0.06666666666666667,0.12903225806451613,0.3333333333333333,0.07142857142857142,0.13725490196078433,0.11538461538461539,0.04
516624,Kings Best (USA),13,150,41,0.7333333333333333,9.266666666666667,3.033333333333333,86.75342465753425,0.08666666666666667,0.2733333333333333,0.08181818181818182,0.1,-0.018181818181818188,0.09523809523809523,0.10989010989010989,0.05128205128205128,0.10714285714285714,mile,0.058823529411764705,0.09278350515463918,0.07692307692307693,0.16666666666666666,0.2727272727272727,0.05714285714285714,0.09523809523809523,0.06451612903225806
517440,Sinndar (IRE),7,69,19,0.8115942028985508,12.072463768115941,3.1449275362318843,83.6984126984127,0.10144927536231885,0.2753623188405797,0.08928571428571429,0.15384615384615385,-0.06456043956043957,0.0,0.047619047619047616,0.1111111111111111,0.125,staying,0.1111111111111111,0.07894736842105263,0.0,0.5,0.0,0.13333333333333333,0.1,0.0967741935483871
518730,More Than Ready (USA),28,223,74,0.5964125560538116,7.497757847533633,3.1524663677130045,82.94,0.12556053811659193,0.33183856502242154,0.10526315789473684,0.15555555555555556,-0.05029239766081872,0.13986013986013987,0.14166666666666666,0.08,0.0,mile,0.09259259259259259,0.152317880794702,0.0,0.12556053811659193,0.13793103448275862,0.12121212121212122,0.08333333333333333,0.136
520309,Dixie Union (USA),1,22,7,0.36363636363636365,13.863636363636363,3.727272727272727,79.36363636363636,0.045454545454545456,0.3181818181818182,0.125,0.0,0.125,0.045454545454545456,0.0,0.14285714285714285,0.0,middle,0.0,0.05,0.045454545454545456,0.045454545454545456,0.045454545454545456,0.0,0.0,0.058823529411764705
520543,Exchange Rate (USA),18,115,41,0.7391304347826086,7.6347826086956525,2.756521739130435,89.2375,0.1565217391304348,0.3565217391304348,0.16470588235294117,0.13333333333333333,0.03137254901960784,0.16666666666666666,0.14925373134328357,0.2222222222222222,0.0,middle,0.1388888888888889,0.1780821917808219,0.0,0.0,0.1111111111111111,0.17391304347826086,0.375,0.10204081632653061
522845,Nayef (USA),33,404,118,0.7574257425742574,9.80940594059406,3.287128712871287,81.88888888888889,0.08168316831683169,0.29207920792079206,0.08496732026143791,0.07142857142857142,0.013538748832866487,0.044444444444444446,0.04195804195804196,0.11764705882352941,0.1092436974789916,middle,0.08928571428571429,0.084,0.030303030303030304,0.1111111111111111,0.13636363636363635,0.05970149253731343,0.056818181818181816,0.09251101321585903
523259,Olden Times (GB),7,52,21,0.7307692307692307,11.25,2.730769230769231,86.88636363636364,0.1346153846153846,0.40384615384615385,0.15789473684210525,0.07142857142857142,0.08646616541353383,0.125,0.19047619047619047,0.23076923076923078,0.09090909090909091,middle,0.2857142857142857,0.08823529411764706,0.0,0.1346153846153846,0.13333333333333333,0.0,0.14285714285714285,0.17391304347826086
527373,Kyllachy (GB),194,1966,616,0.7487283825025433,6.591302136317395,3.2115971515768056,83.57900741585853,0.09867751780264497,0.3133265513733469,0.08559782608695653,0.13765182186234817,-0.052053995775391645,0.103125,0.10533910533910534,0.06299212598425197,0.075,mile,0.08277404921700224,0.10626486915146709,0.07981220657276995,0.13333333333333333,0.0948905109489051,0.08123249299719888,0.09176470588235294,0.10792741165234002
527388,Needwood Blade (GB),13,105,39,0.41904761904761906,10.042857142857143,3.1523809523809523,82.14423076923077,0.12380952380952381,0.37142857142857144,0.1590909090909091,0.09836065573770492,0.06073025335320417,0.15,0.19230769230769232,0.10909090909090909,0.07894736842105263,mile,0.1,0.11764705882352941,0.16666666666666666,0.25,0.12380952380952381,0.07142857142857142,0.12121212121212122,0.1590909090909091
528206,Medicean (GB),67,720,194,0.6388888888888888,9.316666666666666,3.047222222222222,85.70727848101266,0.09305555555555556,0.26944444444444443,0.058695652173913045,0.15384615384615385,-0.09515050167224082,0.08015267175572519,0.08761329305135952,0.09090909090909091,0.09574468085106383,staying,0.05333333333333334,0.11224489795918367,0.0547945205479452,0.0,0.0,0.10059171597633136,0.12121212121212122,0.09798270893371758
528581,Samum (GER),2,20,7,0.6,13.95,3.45,75.7,0.1,0.35,0.16666666666666666,0.0,0.16666666666666666,0.1,0.1,0.0,0.11764705882352941,staying,0.4,0.0,0.0,0.0,0.1,0.0,0.2,0.08333333333333333
529740,Tobougg (IRE),15,152,46,0.6381578947368421,10.325657894736842,3.013157894736842,86.4895104895105,0.09868421052631579,0.3026315789473684,0.07216494845360824,0.14545454545454545,-0.0732895970009372,0.09803921568627451,0.08888888888888889,0.06060606060606061,0.1111111111111111,staying,0.09375,0.1,0.14285714285714285,0.0,0.0,0.05454545454545454,0.24,0.08955223880597014
531769,Galileo (IRE),318,2514,932,0.8480509148766905,11.932577565632458,2.3591885441527447,93.52418976045091,0.12649164677804295,0.3707239459029435,0.13180112570356473,0.0968586387434555,0.03494248696010922,0.13675213675213677,0.11475409836065574,0.13874788494077833,0.12281926029309141,middle,0.11944444444444445,0.12797202797202797,0.12956810631229235,0.15873015873015872,0.15766262403528114,0.0745697896749522,0.12849162011173185,0.12396694214876033
532638,Ishiguru (USA),15,158,43,0.7278481012658228,6.35126582278481,3.3797468354430378,81.4367088607595,0.0949367088607595,0.2721518987341772,0.12173913043478261,0.023255813953488372,0.09848331648129424,0.1044776119402985,0.10256410256410256,0.0,0.0,sprint,0.0,0.07526881720430108,0.3157894736842105,0.3333333333333333,0.0,0.043478260869565216,0.11627906976744186,0.10112359550561797
534251,Mizzen Mast (USA),10,168,52,0.625,8.193452380952381,3.3035714285714284,82.46308724832215,0.05952380952380952,0.30952380952380953,0.05714285714285714,0.06349206349206349,-0.0063492063492063475,0.08235294117647059,0.07228915662650602,0.04878048780487805,0.08695652173913043,staying,0.05263157894736842,0.06306306306306306,0.058823529411764705,0.0,0.18181818181818182,0.0,0.029411764705882353,0.07142857142857142
534987,City Zip (USA),2,44,14,0.5909090909090909,9.045454545454545,3.659090909090909,74.55263157894737,0.045454545454545456,0.3181818181818182,0.0,0.1111111111111111,-0.1111111111111111,0.05,0.0,0.0,0.09090909090909091,staying,0.0,0.06666666666666667,0.0,0.0,0.0,0.0,0.0,0.058823529411764705
535102,Include (USA),1,32,4,0.65625,8.25,2.78125,86.12903225806451,0.03125,0.125,0.0,0.09090909090909091,-0.09090909090909091,0.0,0.038461538461538464,0.0,0.03125,mile,0.0,0.05,0.0,0.03125,0.0,0.0,0.0,0.07142857142857142
535308,Orientor (GB),40,405,106,0.8246913580246914,6.062962962962963,3.2395061728395063,79.32446808510639,0.09876543209876543,0.2617283950617284,0.09880239520958084,0.09859154929577464,0.00021084591380619855,0.09651474530831099,0.058823529411764705,0.0,0.16666666666666666,staying,0.11764705882352941,0.09885931558935361,0.06521739130434782,0.09090909090909091,0.07692307692307693,0.08974358974358974,0.07964601769911504,0.11442786069651742
537646,Street Cry (IRE),73,607,206,0.5271828665568369,9.974464579901154,3.1746293245469523,84.625,0.12026359143327842,0.3393739703459638,0.10625,0.13588850174216027,-0.029638501742160275,0.10596026490066225,0.10328638497652583,0.13839285714285715,0.1261682242990654,middle,0.15328467153284672,0.11778290993071594,0.029411764705882353,0.0,0.12195121951219512,0.088,0.140625,0.12460063897763578
540336,Dubai Destination (USA),4,55,20,0.41818181818181815,9.363636363636363,3.418181818181818,81.47272727272727,0.07272727272727272,0.36363636363636365,0.0,0.125,-0.125,0.0,0.0,0.12121212121212122,0.0,middle,0.0,0.0975609756097561,0.0,0.07272727272727272,0.07272727272727272,0.0,0.125,0.06451612903225806
541314,Acclamation (GB),443,4075,1366,0.7629447852760736,6.621963190184049,3.0665030674846627,84.57629074127487,0.10871165644171779,0.33521472392638035,0.10871662914120296,0.10869565217391304,2.097696728992071e-05,0.11321928460342146,0.10526315789473684,0.11397058823529412,0.06779661016949153,middle,0.12962962962962962,0.10135922330097087,0.10109289617486339,0.09259259259259259,0.09113300492610837,0.08974358974358974,0.10344827586206896,0.12313240597630087
542432,Lonhro (AUS),22,193,64,0.6839378238341969,7.676165803108808,2.9792746113989637,89.1448275862069,0.11398963730569948,0.3316062176165803,0.10606060606060606,0.13114754098360656,-0.0250869349230005,0.12612612612612611,0.0782608695652174,0.16666666666666666,0.14285714285714285,middle,0.0851063829787234,0.144,0.0,0.0,0.12903225806451613,0.18421052631578946,0.17857142857142858,0.0625
543708,Firebreak (GB),27,306,87,0.8202614379084967,7.836601307189542,3.0784313725490198,84.31560283687944,0.08823529411764706,0.28431372549019607,0.099601593625498,0.03636363636363636,0.06323795726186164,0.05785123966942149,0.10945273631840796,0.0,0.047619047619047616,mile,0.17647058823529413,0.061855670103092786,0.09615384615384616,0.1111111111111111,0.0,0.09195402298850575,0.08695652173913043,0.0948905109489051
544976,Rock Of Gibraltar (IRE),91,901,305,0.7891231964483907,9.100443951165373,2.9078801331853494,86.58866995073892,0.10099889012208657,0.33851276359600446,0.10267229254571027,0.09473684210526316,0.007935450440447106,0.08571428571428572,0.09480122324159021,0.12286689419795221,0.10396039603960396,middle,0.09349593495934959,0.10207939508506617,0.12037037037037036,0.05555555555555555,0.04597701149425287,0.07692307692307693,0.12429378531073447,0.12087912087912088
546115,Captain Rio (GB),28,330,88,0.7424242424242424,6.415151515151515,3.409090909090909,82.08588957055214,0.08484848484848485,0.26666666666666666,0.08979591836734693,0.07058823529411765,0.019207683073229287,0.09285714285714286,0.09574468085106383,0.08333333333333333,0.0,mile,0.1095890410958904,0.07425742574257425,0.10869565217391304,0.0,0.08333333333333333,0.0,0.04395604395604396,0.11917098445595854
546212,High Chaparral (IRE),104,911,306,0.7222832052689352,10.790889132821075,2.951701427003293,86.29187192118226,0.1141602634467618,0.3358946212952799,0.1094224924012158,0.12648221343873517,-0.017059721037519363,0.11920529801324503,0.1318181818181818,0.10930232558139535,0.08717948717948718,mile,0.11914893617021277,0.11713286713286714,0.09195402298850575,0.058823529411764705,0.1037037037037037,0.05325443786982249,0.1509433962264151,0.1240506329113924
547525,Hawk Wing (USA),6,55,15,0.8181818181818182,7.918181818181818,3.309090909090909,83.0,0.10909090909090909,0.2727272727272727,0.1111111111111111,0.1,0.0111111111111111,0.13157894736842105,0.17142857142857143,0.0,0.0,mile,0.26666666666666666,0.058823529411764705,0.0,0.0,0.10909090909090909,0.0,0.25,0.1
547614,Johannesburg (USA),0,22,2,0.8636363636363636,11.431818181818182,3.6818181818181817,76.31818181818181,0.0,0.09090909090909091,0.0,0.0,0.0,0.0,0.0,0.0,0.0,sprint,0.0,0.0,0.0,0.0,0.0,0.0,0.0,0.0
548235,E Dubai (USA),2,22,7,0.36363636363636365,6.590909090909091,3.6363636363636362,80.63636363636364,0.09090909090909091,0.3181818181818182,0.0,0.14285714285714285,-0.14285714285714285,0.05555555555555555,0.3333333333333333,0.0,0.09090909090909091,mile,0.0,0.11764705882352941,0.09090909090909091,0.09090909090909091,0.0,0.0,0.3333333333333333,0.058823529411764705
548469,Sholokhov (IRE),1,20,1,0.9,12.9,3.9,75.95,0.05,0.05,0.05555555555555555,0.0,0.05555555555555555,0.05,0.0,0.14285714285714285,0.07692307692307693,middle,0.0,0.125,0.0,0.05,0.05,0.0,0.05,0.05263157894736842
549083,Bollin Eric (GB),1,20,4,0.95,15.275,3.85,69.5,0.05,0.2,0.05263157894736842,0.0,0.05263157894736842,0.05,0.05,0.0,0.05,staying,0.0,0.1,0.0,0.0,0.05,0.0,0.0,0.05555555555555555
551517,Orientate (USA),1,29,8,0.4827586206896552,5.379310344827586,2.9310344827586206,85.65517241379311,0.034482758620689655,0.27586206896551724,0.0,0.06666666666666667,-0.06666666666666667,0.034482758620689655,0.034482758620689655,0.034482758620689655,0.034482758620689655,sprint,0.0,0.04,0.034482758620689655,0.034482758620689655,0.034482758620689655,0.1111111111111111,0.0,0.0
551799,Martaline (GB),4,38,13,0.39473684210526316,10.960526315789474,2.5526315789473686,94.8125,0.10526315789473684,0.34210526315789475,0.06666666666666667,0.13043478260869565,-0.06376811594202898,0.10526315789473684,0.14285714285714285,0.058823529411764705,0.07142857142857142,mile,0.0,0.10344827586206896,0.14285714285714285,0.0,0.0,0.11764705882352941,0.3333333333333333,0.0
551806,Act One (GB),0,22,5,0.2727272727272727,10.477272727272727,3.3636363636363638,82.13636363636364,0.0,0.22727272727272727,0.0,0.0,0.0,0.0,0.0,0.0,0.0,sprint,0.0,0.0,0.0,0.0,0.0,0.0,0.0,0.0
554106,Agnes Gold (JPN),1,44,10,0.7272727272727273,9.840909090909092,3.227272727272727,83.31818181818181,0.022727272727272728,0.22727272727272727,0.03125,0.0,0.03125,0.0,0.0,0.041666666666666664,0.0,middle,0.09090909090909091,0.0,0.0,0.0,0.022727272727272728,0.0,0.0,0.05555555555555555
556063,Sulamani (IRE),0,39,3,0.6153846153846154,12.333333333333334,3.8461538461538463,72.82857142857142,0.0,0.07692307692307693,0.0,0.0,0.0,0.0,0.0,0.0,0.0,sprint,0.0,0.0,0.0,0.0,0.0,0.0,0.0,0.0
556759,Arakan (USA),7,97,26,0.7731958762886598,9.04639175257732,3.2371134020618557,85.3076923076923,0.07216494845360824,0.26804123711340205,0.08,0.045454545454545456,0.034545454545454546,0.05714285714285714,0.0975609756097561,0.05,0.08,mile,0.0,0.07936507936507936,0.14285714285714285,0.0,0.16666666666666666,0.0,0.16666666666666666,0.03508771929824561
556813,Phoenix Reach (IRE),5,82,19,0.8292682926829268,9.835365853658537,3.268292682926829,82.20689655172414,0.06097560975609756,0.23170731707317074,0.058823529411764705,0.07142857142857142,-0.01260504201680672,0.0,0.07142857142857142,0.045454545454545456,0.037037037037037035,mile,0.045454545454545456,0.044444444444444446,0.15384615384615385,0.0,0.06666666666666667,0.0,0.14285714285714285,0.05357142857142857
557318,Striking Ambition (GB),3,73,13,0.821917808219178,5.972602739726027,3.452054794520548,80.73239436619718,0.0410958904109589,0.1780821917808219,0.03333333333333333,0.07692307692307693,-0.043589743589743594,0.041666666666666664,0.0,0.0410958904109589,0.0,sprint,0.0,0.057692307692307696,0.0,0.0,0.0,0.0,0.04,0.04878048780487805
560029,Danroad (AUS),1,28,5,0.8571428571428571,9.303571428571429,2.892857142857143,87.53571428571429,0.03571428571428571,0.17857142857142858,0.041666666666666664,0.0,0.041666666666666664,0.05263157894736842,0.0,0.0,0.0,sprint,0.0,0.0,0.5,0.03571428571428571,0.0,0.0,0.16666666666666666,0.0
560048,Choisir (AUS),52,489,156,0.7893660531697342,6.668711656441718,3.0245398773006134,85.8125,0.10633946830265849,0.31901840490797545,0.09844559585492228,0.13592233009708737,-0.03747673424216509,0.12359550561797752,0.07692307692307693,0.1,0.125,staying,0.11475409836065574,0.10247349823321555,0.12307692307692308,0.05263157894736842,0.09615384615384616,0.0782608695652174,0.08791208791208792,0.12987012987012986
560389,Baltic King (GB),17,212,67,0.6320754716981132,6.691037735849057,2.8962264150943398,88.32142857142857,0.08018867924528301,0.3160377358490566,0.06716417910447761,0.10256410256410256,-0.03539992345962495,0.08383233532934131,0.023529411764705882,0.07142857142857142,0.2222222222222222,staying,0.02040816326530612,0.10204081632653061,0.07142857142857142,0.0,0.041666666666666664,0.14754098360655737,0.05,0.05747126436781609
561466,Medaglia Doro (USA),22,177,67,0.576271186440678,9.14406779661017,3.1864406779661016,86.26241134751773,0.12429378531073447,0.3785310734463277,0.11764705882352941,0.13333333333333333,-0.01568627450980392,0.1111111111111111,0.11235955056179775,0.13414634146341464,0.125,middle,0.19444444444444445,0.11194029850746269,0.0,0.0,0.3,0.08571428571428572,0.11363636363636363,0.125
562911,Monsieur Bond (IRE),94,937,290,0.6584845250800427,6.82443970117396,3.08110992529349,85.00470588235294,0.10032017075773746,0.3094983991462113,0.08427876823338736,0.13125,-0.04697123176661265,0.0962406015037594,0.10725552050473186,0.13333333333333333,0.16,staying,0.07731958762886598,0.10658307210031348,0.11627906976744186,0.05263157894736842,0.029411764705882353,0.0946969696969697,0.09523809523809523,0.11274509803921569
564138,Rakti (GB),3,21,5,0.9047619047619048,6.619047619047619,3.761904761904762,75.23809523809524,0.14285714285714285,0.23809523809523808,0.15789473684210525,0.0,0.15789473684210525,0.15789473684210525,0.16666666666666666,0.14285714285714285,0.14285714285714285,mile,0.16666666666666666,0.14285714285714285,0.0,0.14285714285714285,0.14285714285714285,0.0,0.0,0.16666666666666666
564704,Clodovil (IRE),84,933,277,0.752411575562701,7.244372990353698,3.120042872454448,84.06129807692308,0.09003215434083602,0.29689174705251875,0.09971509971509972,0.06060606060606061,0.03910903910903911,0.09827586206896552,0.10025706940874037,0.0546875,0.05660377358490566,mile,0.10194174757281553,0.08249158249158249,0.09009009009009009,0.18181818181818182,0.03773584905660377,0.06719367588932806,0.10897435897435898,0.10191082802547771
564856,Deportivo (GB),2,26,8,0.6923076923076923,9.961538461538462,2.8846153846153846,87.42307692307692,0.07692307692307693,0.3076923076923077,0.1111111111111111,0.0,0.1111111111111111,0.2,0.07692307692307693,0.0,0.0,sprint,0.0,0.05555555555555555,0.3333333333333333,0.07692307692307693,0.25,0.14285714285714285,0.0,0.0
564950,Zafeen (FR),14,94,34,0.6170212765957447,9.712765957446809,2.925531914893617,86.62765957446808,0.14893617021276595,0.3617021276595745,0.08620689655172414,0.25,-0.16379310344827586,0.2127659574468085,0.22413793103448276,0.0,0.03571428571428571,mile,0.21052631578947367,0.14925373134328357,0.0,0.14893617021276595,0.0,0.24242424242424243,0.11538461538461539,0.09375
565078,Chevalier (IRE),3,31,10,0.5483870967741935,8.483870967741936,2.967741935483871,88.12903225806451,0.0967741935483871,0.3225806451612903,0.058823529411764705,0.14285714285714285,-0.08403361344537814,0.0,0.043478260869565216,0.18181818181818182,0.0967741935483871,middle,0.0,0.16666666666666666,0.0,0.0967741935483871,0.0967741935483871,0.15384615384615385,0.0,0.08333333333333333
565096,Le Vie Dei Colori (GB),4,59,13,0.9152542372881356,7.627118644067797,2.152542372881356,98.1864406779661,0.06779661016949153,0.22033898305084745,0.07407407407407407,0.0,0.07407407407407407,0.0,0.07894736842105263,0.09090909090909091,0.06779661016949153,middle,0.1111111111111111,0.06976744186046512,0.0,0.0,0.1875,0.038461538461538464,0.0,0.0
565243,Indian Haven (GB),16,107,37,0.6448598130841121,9.285046728971963,3.532710280373832,79.28282828282828,0.14953271028037382,0.34579439252336447,0.13043478260869565,0.18421052631578946,-0.053775743707093815,0.11904761904761904,0.11428571428571428,0.1111111111111111,0.35,staying,0.16666666666666666,0.13157894736842105,0.23529411764705882,0.0,0.0,0.08333333333333333,0.2608695652173913,0.1267605633802817
565361,Norse Dancer (IRE),2,82,23,0.7317073170731707,8.853658536585366,3.2560975609756095,81.2741935483871,0.024390243902439025,0.2804878048780488,0.016666666666666666,0.045454545454545456,-0.02878787878787879,0.0,0.025,0.034482758620689655,0.0,middle,0.0,0.022222222222222223,0.1111111111111111,0.0,0.0,0.058823529411764705,0.0,0.020833333333333332
565570,Big Bad Bob (IRE),39,437,132,0.7459954233409611,8.827231121281464,3.4233409610983982,79.63688760806916,0.08924485125858124,0.30205949656750575,0.10736196319018405,0.036036036036036036,0.07132592715414801,0.0748663101604278,0.06770833333333333,0.1504424778761062,0.13131313131313133,middle,0.10101010101010101,0.08214285714285714,0.13043478260869565,0.0,0.05,0.05357142857142857,0.125,0.08896797153024912
565797,Oasis Dream (GB),348,3322,1045,0.7224563515954244,7.525888019265503,3.055689343768814,85.87602078693392,0.10475617098133655,0.31456953642384106,0.10208333333333333,0.11171366594360087,-0.009630332610267536,0.10721544715447154,0.1049136786188579,0.09142857142857143,0.11788617886178862,staying,0.11404561824729892,0.10751173708920188,0.07357859531772576,0.03333333333333333,0.0889487870619946,0.08879781420765027,0.13392857142857142,0.10548523206751055
566008,Elusive City (USA),28,402,100,0.6517412935323383,6.865671641791045,3.4402985074626864,79.59055118110236,0.06965174129353234,0.24875621890547264,0.05343511450381679,0.1,-0.04656488549618321,0.06896551724137931,0.08196721311475409,0.02564102564102564,0.0,mile,0.04597701149425287,0.08076923076923077,0.0625,0.0,0.0,0.05263157894736842,0.05952380952380952,0.07936507936507936
566073,Refuse To Bend (IRE),33,290,97,0.7827586206896552,8.687931034482759,3.2724137931034485,82.05862068965517,0.11379310344827587,0.33448275862068966,0.12334801762114538,0.07936507936507936,0.043982938256066015,0.10638297872340426,0.08860759493670886,0.09090909090909091,0.13432835820895522,staying,0.109375,0.10215053763440861,0.1891891891891892,0.0,0.0,0.022222222222222223,0.13636363636363635,0.136986301369863
566154,Country Reel (USA),5,42,17,0.5476190476190477,12.80952380952381,2.2857142857142856,93.28571428571429,0.11904761904761904,0.40476190476190477,0.13043478260869565,0.10526315789473684,0.025171624713958812,0.11904761904761904,0.0,0.17391304347826086,0.10344827586206896,middle,0.2,0.08823529411764706,0.3333333333333333,0.11904761904761904,0.0,0.14814814814814814,0.0,0.2
566445,Trade Fair (GB),8,68,23,0.9117647058823529,9.727941176470589,2.764705882352941,86.97058823529412,0.11764705882352941,0.3382352941176471,0.12903225806451613,0.0,0.12903225806451613,0.15625,0.0,0.058823529411764705,0.0967741935483871,sprint,0.0,0.13333333333333333,0.09090909090909091,0.16666666666666666,0.1,0.09523809523809523,0.16666666666666666,0.12
567152,Avonbridge (GB),23,212,58,0.6084905660377359,6.226415094339623,3.1037735849056602,84.08762886597938,0.10849056603773585,0.27358490566037735,0.12403100775193798,0.08433734939759036,0.03969365835434763,0.12280701754385964,0.061224489795918366,0.0,0.0,sprint,0.15384615384615385,0.10191082802547771,0.07142857142857142,0.0,0.0,0.06349206349206349,0.10344827586206896,0.14606741573033707
567732,Dalakhani (IRE),63,485,181,0.7381443298969073,10.996907216494845,2.8824742268041237,87.43847874720358,0.12989690721649486,0.3731958762886598,0.12290502793296089,0.14960629921259844,-0.026701271279637548,0.07142857142857142,0.07894736842105263,0.14074074074074075,0.1511111111111111,staying,0.16393442622950818,0.11363636363636363,0.13333333333333333,0.2,0.18055555555555555,0.16666666666666666,0.1,0.1076923076923077
569100,Doyen (IRE),5,99,32,0.7676767676767676,10.797979797979798,3.0707070707070705,82.89583333333333,0.050505050505050504,0.32323232323232326,0.02631578947368421,0.13043478260869565,-0.10411899313501144,0.03333333333333333,0.02564102564102564,0.04,0.06976744186046512,staying,0.06666666666666667,0.05357142857142857,0.0,0.0,0.0,0.0,0.1,0.06382978723404255
569586,Soldier Hollow (GB),15,119,39,0.8403361344537815,10.369747899159664,2.8151260504201683,88.9278350515464,0.12605042016806722,0.3277310924369748,0.13,0.10526315789473684,0.024736842105263168,0.10526315789473684,0.1346153846153846,0.1111111111111111,0.10526315789473684,mile,0.09090909090909091,0.11428571428571428,0.18181818181818182,0.2,0.19047619047619047,0.0,0.2222222222222222,0.14
569953,Stormy Atlantic (USA),3,58,19,0.7413793103448276,8.689655172413794,2.4655172413793105,93.2909090909091,0.05172413793103448,0.3275862068965517,0.06976744186046512,0.0,0.06976744186046512,0.0,0.05,0.07692307692307693,0.0,middle,0.0,0.023255813953488372,0.3333333333333333,0.0,0.07407407407407407,0.3333333333333333,0.0,0.0
572724,Haafhd (GB),24,253,74,0.782608695652174,9.385375494071146,3.3320158102766797,81.03947368421052,0.09486166007905138,0.2924901185770751,0.10101010101010101,0.07272727272727272,0.028282828282828285,0.07407407407407407,0.1,0.10227272727272728,0.08955223880597014,middle,0.06666666666666667,0.11538461538461539,0.06666666666666667,0.0,0.2,0.045454545454545456,0.12121212121212122,0.09420289855072464
572780,Shirocco (GER),26,263,89,0.7832699619771863,13.918250950570343,2.741444866920152,87.14107883817428,0.09885931558935361,0.33840304182509506,0.10679611650485436,0.07017543859649122,0.03662067790836314,0.0,0.08,0.12,0.09693877551020408,middle,0.07692307692307693,0.10828025477707007,0.10526315789473684,0.0,0.029411764705882353,0.10344827586206896,0.10909090909090909,0.11494252873563218
576867,Moss Vale (IRE),7,98,30,0.5816326530612245,6.13265306122449,3.13265306122449,83.11340206185567,0.07142857142857142,0.30612244897959184,0.07017543859649122,0.07317073170731707,-0.0029952931108258446,0.06521739130434782,0.029411764705882353,0.07142857142857142,0.0,sprint,0.11538461538461539,0.045454545454545456,0.16666666666666666,0.07142857142857142,0.0,0.1111111111111111,0.14285714285714285,0.05357142857142857
576872,Pastoral Pursuits (GB),113,1439,396,0.7956914523974983,6.189715079916609,3.2029186935371787,82.86601059803179,0.07852675469075747,0.2751911049339819,0.07598253275109171,0.08843537414965986,-0.012452841398568157,0.08103855232100708,0.06267029972752043,0.10526315789473684,0.0,middle,0.06896551724137931,0.07719298245614035,0.10152284263959391,0.07692307692307693,0.05555555555555555,0.05423728813559322,0.09970674486803519,0.08071135430916553
577888,Exceed And Excel (AUS),449,3627,1299,0.6581196581196581,6.691480562448304,3.0245381858285083,86.10304601425794,0.12379376895505928,0.35814722911497104,0.10473397570171764,0.16048387096774194,-0.05574989526602431,0.13126142595978063,0.11821305841924398,0.08582089552238806,0.06944444444444445,sprint,0.12084592145015106,0.13016006739679864,0.07964601769911504,0.058823529411764705,0.12406947890818859,0.1059850374064838,0.10620689655172413,0.13965822038892162
577898,Milk It Mick (GB),1,52,12,0.7692307692307693,6.346153846153846,3.1538461538461537,82.71428571428571,0.019230769230769232,0.23076923076923078,0.0,0.08333333333333333,-0.08333333333333333,0.021739130434782608,0.0,0.019230769230769232,0.019230769230769232,sprint,0.0,0.034482758620689655,0.0,0.0,0.0,0.0,0.07692307692307693,0.0
578657,One Cool Cat (USA),5,69,13,0.855072463768116,7.318840579710145,3.536231884057971,79.84057971014492,0.07246376811594203,0.18840579710144928,0.0847457627118644,0.0,0.0847457627118644,0.07317073170731707,0.10344827586206896,0.0,0.0,mile,0.0,0.09302325581395349,0.14285714285714285,0.0,0.07246376811594203,0.0,0.07692307692307693,0.075
579566,Antonius Pius (USA),8,90,27,0.6333333333333333,7.772222222222222,3.8777777777777778,75.73333333333333,0.08888888888888889,0.3,0.08771929824561403,0.09090909090909091,-0.0031897926634768814,0.13333333333333333,0.05128205128205128,0.0625,0.0,sprint,0.07407407407407407,0.09090909090909091,0.16666666666666666,0.0,0.08888888888888889,0.0,0.14285714285714285,0.08641975308641975
579802,Byron (GB),14,256,77,0.58203125,7.673828125,2.99609375,85.61960784313726,0.0546875,0.30078125,0.04697986577181208,0.06542056074766354,-0.018440694975851463,0.053475935828877004,0.037383177570093455,0.12,0.06818181818181818,middle,0.043478260869565216,0.057291666666666664,0.0625,0.0,0.0,0.08108108108108109,0.0625,0.038834951456310676
579845,Kheleyf (USA),87,1244,324,0.72508038585209,6.491961414790997,3.2138263665594855,83.00695652173913,0.06993569131832797,0.2604501607717042,0.07538802660753881,0.05555555555555555,0.019832471051983255,0.07439613526570048,0.064,0.057692307692307696,0.1111111111111111,staying,0.06501547987616099,0.06777493606138107,0.09649122807017543,0.08,0.015151515151515152,0.06437768240343347,0.03503184713375796,0.09508716323296355
579854,Majestic Missile (IRE),15,228,56,0.7192982456140351,5.9451754385964914,3.276315789473684,83.95982142857143,0.06578947368421052,0.24561403508771928,0.07317073170731707,0.046875,0.02629573170731707,0.06666666666666667,0.056338028169014086,0.06578947368421052,0.06578947368421052,sprint,0.09615384615384616,0.05194805194805195,0.1111111111111111,0.0,0.0,0.04878048780487805,0.0967741935483871,0.059322033898305086
580208,Three Valleys (USA),8,108,28,0.8240740740740741,8.527777777777779,3.3333333333333335,80.25,0.07407407407407407,0.25925925925925924,0.07865168539325842,0.05263157894736842,0.026020106445890007,0.10344827586206896,0.05660377358490566,0.04,0.10526315789473684,staying,0.05714285714285714,0.08064516129032258,0.1111111111111111,0.0,0.0,0.07692307692307693,0.12,0.06349206349206349
581018,Lucky Story (USA),3,43,13,0.6976744186046512,8.267441860465116,3.2325581395348837,80.3953488372093,0.06976744186046512,0.3023255813953488,0.1,0.0,0.1,0.07407407407407407,0.0,0.08333333333333333,0.125,staying,0.0,0.10344827586206896,0.0,0.06976744186046512,0.1111111111111111,0.0,0.0,0.06896551724137931
582714,Whipper (USA),14,145,43,0.903448275862069,8.051724137931034,2.7241379310344827,91.02083333333333,0.09655172413793103,0.296551724137931,0.10687022900763359,0.0,0.10687022900763359,0.0945945945945946,0.09803921568627451,0.16666666666666666,0.10526315789473684,middle,0.08823529411764706,0.08235294117647059,0.125,0.5,0.06896551724137931,0.06060606060606061,0.0625,0.1568627450980392
582826,Diamond Green (FR),1,69,19,0.4492753623188406,8.166666666666666,3.4782608695652173,78.92753623188406,0.014492753623188406,0.2753623188405797,0.0,0.02631578947368421,-0.02631578947368421,0.0,0.024390243902439025,0.0,0.0,mile,0.0,0.018867924528301886,0.0,0.014492753623188406,0.0,0.0,0.0,0.02127659574468085
582877,Kodiac (GB),709,6675,2222,0.7298876404494382,6.748764044943821,3.0970786516853934,83.95250560957368,0.10621722846441947,0.3328838951310861,0.10673234811165845,0.1048252911813644,0.0019070569302940543,0.10450980392156863,0.106401766004415,0.12407407407407407,0.10508474576271186,middle,0.10918854415274463,0.10525076524605603,0.09618573797678276,0.14093959731543623,0.09090909090909091,0.07910906298003072,0.09799196787148594,0.12286890064667842
583589,American Post (GB),16,141,46,0.723404255319149,8.24822695035461,2.879432624113475,86.45714285714286,0.11347517730496454,0.3262411347517731,0.12745098039215685,0.07692307692307693,0.05052790346907993,0.05970149253731343,0.0625,0.2127659574468085,0.125,middle,0.038461538461538464,0.125,0.17647058823529413,0.0,0.0,0.12903225806451613,0.15151515151515152,0.125
583841,Yeats (IRE),9,94,25,0.7978723404255319,13.51595744680851,2.8617021276595747,86.95061728395062,0.09574468085106383,0.26595744680851063,0.10666666666666667,0.05263157894736842,0.054035087719298255,0.0,0.0,0.15384615384615385,0.12,middle,0.07692307692307693,0.11320754716981132,0.08333333333333333,0.0,0.16666666666666666,0.0625,0.0,0.11627906976744186
583972,Chineur (FR),8,89,21,0.9438202247191011,6.089887640449438,3.0898876404494384,86.2247191011236,0.0898876404494382,0.23595505617977527,0.09523809523809523,0.0,0.09523809523809523,0.09333333333333334,0.07142857142857142,0.0,0.0898876404494382,sprint,0.08,0.08333333333333333,0.07142857142857142,0.5,0.0,0.12,0.045454545454545456,0.10256410256410256
584425,Candy Ride (ARG),1,25,6,0.44,6.48,3.52,81.79166666666667,0.04,0.24,0.0,0.07142857142857142,-0.07142857142857142,0.0,0.1111111111111111,0.0,0.04,mile,0.0,0.05555555555555555,0.04,0.04,0.04,0.0,0.0,0.058823529411764705
584449,Iffraaj (GB),347,3040,1038,0.7131578947368421,8.116611842105263,3.1351973684210526,84.2123064384678,0.11414473684210526,0.3414473684210526,0.11023985239852399,0.12385321100917432,-0.013613358610650328,0.11447562776957164,0.10493827160493827,0.1130690161527166,0.10989010989010989,sprint,0.11780455153949129,0.11391752577319587,0.10963455149501661,0.09615384615384616,0.10702341137123746,0.09897610921501707,0.14464285714285716,0.1103448275862069
584911,Azamour (IRE),52,383,142,0.7571801566579635,10.3733681462141,2.7258485639686683,88.34277620396601,0.13577023498694518,0.370757180156658,0.13793103448275862,0.12903225806451613,0.008898776418242493,0.18181818181818182,0.14285714285714285,0.09815950920245399,0.11888111888111888,sprint,0.11764705882352941,0.13924050632911392,0.15789473684210525,0.16666666666666666,0.10126582278481013,0.11578947368421053,0.2459016393442623,0.12162162162162163
588470,Artie Schiller (USA),1,20,1,0.6,8.35,3.65,81.63636363636364,0.05,0.05,0.08333333333333333,0.0,0.08333333333333333,0.0,0.0,0.16666666666666666,0.0,middle,0.2,0.0,0.05,0.05,0.0,0.05,0.0,0.058823529411764705
589184,Sleeping Indian (GB),22,287,112,0.7665505226480837,6.670731707317073,3.484320557491289,80.44402985074628,0.07665505226480836,0.3902439024390244,0.07727272727272727,0.07462686567164178,0.0026458616010854863,0.07589285714285714,0.06818181818181818,0.12,0.2857142857142857,staying,0.0875,0.07428571428571429,0.041666666666666664,0.125,0.16666666666666666,0.030303030303030304,0.0625,0.08695652173913043
589690,Dubawi (IRE),804,4164,1873,0.8042747358309318,9.28037944284342,2.610230547550432,92.66100094428707,0.1930835734870317,0.4498078770413064,0.19468498059122127,0.18650306748466258,0.008181913106558691,0.20625,0.2002960039467193,0.19878296146044624,0.17173913043478262,sprint,0.21033210332103322,0.1926605504587156,0.1731958762886598,0.10227272727272728,0.18309859154929578,0.1452991452991453,0.20555555555555555,0.22522522522522523
589733,Hurricane Run (IRE),7,164,46,0.8536585365853658,14.320121951219512,2.676829268292683,88.4968944099379,0.042682926829268296,0.2804878048780488,0.03571428571428571,0.08333333333333333,-0.047619047619047616,0.0,0.0,0.044444444444444446,0.04794520547945205,staying,0.07894736842105263,0.037383177570093455,0.0,0.0,0.08,0.05357142857142857,0.03333333333333333,0.018867924528301886
589778,Notnowcato (GB),13,151,42,0.8675496688741722,9.900662251655628,2.8940397350993377,88.28467153284672,0.08609271523178808,0.2781456953642384,0.08396946564885496,0.1,-0.016030534351145043,0.044444444444444446,0.10588235294117647,0.045454545454545456,0.08695652173913043,mile,0.04878048780487805,0.10752688172043011,0.06666666666666667,0.0,0.06896551724137931,0.11538461538461539,0.10714285714285714,0.07352941176470588
590219,Motivator (GB),50,374,123,0.7941176470588235,12.084224598930481,2.9385026737967914,86.76524390243902,0.13368983957219252,0.32887700534759357,0.15151515151515152,0.06493506493506493,0.08658008658008659,0.045454545454545456,0.08823529411764706,0.14375,0.14903846153846154,staying,0.1282051282051282,0.12162162162162163,0.2,0.07142857142857142,0.21739130434782608,0.1780821917808219,0.11363636363636363,0.09042553191489362
594770,Kittens Joy (USA),63,453,175,0.6821192052980133,9.534216335540838,3.0154525386313464,87.08215297450425,0.1390728476821192,0.38631346578366443,0.11974110032362459,0.18055555555555555,-0.060814455231930964,0.096,0.15544041450777202,0.13253012048192772,0.14545454545454545,mile,0.11290322580645161,0.14666666666666667,0.19230769230769232,0.0,0.23880597014925373,0.07692307692307693,0.14606741573033707,0.1278538812785388
595009,Tapit (USA),9,42,22,0.35714285714285715,10.047619047619047,2.642857142857143,93.03030303030303,0.21428571428571427,0.5238095238095238,0.2,0.2222222222222222,-0.0222222222222222,0.0,0.23076923076923078,0.25,0.0,middle,0.25,0.21212121212121213,0.0,0.21428571428571427,0.3,0.4,0.14285714285714285,0.06666666666666667
596219,Oratorio (IRE),16,290,83,0.5275862068965518,9.143103448275863,3.231034482758621,82.30103806228374,0.05517241379310345,0.28620689655172415,0.026143790849673203,0.08759124087591241,-0.061447450026239206,0.056818181818181816,0.059880239520958084,0.05263157894736842,0.022222222222222223,mile,0.0196078431372549,0.06306306306306306,0.0625,0.0,0.0,0.015384615384615385,0.057971014492753624,0.07432432432432433
596268,Denounce (GB),8,71,33,0.8309859154929577,6.246478873239437,2.267605633802817,100.4,0.11267605633802817,0.4647887323943662,0.11864406779661017,0.08333333333333333,0.035310734463276844,0.12280701754385964,0.07142857142857142,0.0,0.11267605633802817,sprint,0.11764705882352941,0.1282051282051282,0.07692307692307693,0.0,0.0,0.13333333333333333,0.5,0.0625
596550,Fastnet Rock (AUS),133,1104,395,0.7255434782608695,9.749547101449275,2.970108695652174,85.89817792068595,0.12047101449275362,0.35778985507246375,0.11610486891385768,0.132013201320132,-0.015908332406274317,0.10572687224669604,0.09836065573770492,0.13457556935817805,0.11643835616438356,middle,0.13257575757575757,0.12482065997130559,0.08130081300813008,0.05,0.12077294685990338,0.12903225806451613,0.11650485436893204,0.11940298507462686
596709,Indesatchel (IRE),4,56,11,0.9642857142857143,6.991071428571429,3.1607142857142856,84.82352941176471,0.07142857142857142,0.19642857142857142,0.07407407407407407,0.0,0.07407407407407407,0.1,0.10714285714285714,0.0,0.07142857142857142,mile,0.1,0.058823529411764705,0.0,0.0,0.0,0.25,0.0,0.08571428571428572
597314,Cacique (IRE),37,285,101,0.7333333333333333,10.670175438596491,3.1649122807017545,84.27966101694915,0.12982456140350876,0.3543859649122807,0.10047846889952153,0.21052631578947367,-0.11004784688995214,0.0,0.09195402298850575,0.14383561643835616,0.16037735849056603,staying,0.11666666666666667,0.14516129032258066,0.08823529411764706,0.0,0.0,0.2,0.10909090909090909,0.12751677852348994
598123,Iceman (GB),4,67,12,0.9253731343283582,8.574626865671641,3.373134328358209,81.3731343283582,0.05970149253731343,0.1791044776119403,0.06451612903225806,0.0,0.06451612903225806,0.0,0.0625,0.13793103448275862,0.0,middle,0.05,0.024390243902439025,0.3333333333333333,0.05970149253731343,0.05970149253731343,0.0,0.07142857142857142,0.07692307692307693
600609,Speightstown (USA),50,336,118,0.47619047619047616,7.461309523809524,3.0238095238095237,87.79285714285714,0.1488095238095238,0.35119047619047616,0.11875,0.17613636363636365,-0.05738636363636365,0.143646408839779,0.16774193548387098,0.12121212121212122,0.16666666666666666,mile,0.13636363636363635,0.1484375,0.21428571428571427,0.1488095238095238,0.10526315789473684,0.14864864864864866,0.18181818181818182,0.14556962025316456
600650,Leroidesanimaux (BRZ),29,258,94,0.627906976744186,7.984496124031008,2.945736434108527,86.3607305936073,0.1124031007751938,0.3643410852713178,0.11728395061728394,0.10416666666666667,0.013117283950617273,0.07142857142857142,0.13385826771653545,0.12658227848101267,0.07692307692307693,mile,0.14925373134328357,0.09302325581395349,0.17647058823529413,0.0,0.11764705882352941,0.07936507936507936,0.18181818181818182,0.10256410256410256
602045,Shamardal (USA),387,2349,975,0.713495104299702,8.00681140911026,2.7718177948063007,90.06164034640855,0.16475095785440613,0.41507024265644954,0.14797136038186157,0.2065378900445765,-0.058566529662714945,0.16756756756756758,0.15233415233415235,0.1884920634920635,0.11578947368421053,middle,0.16377952755905512,0.17269076305220885,0.1099476439790576,0.13793103448275862,0.16079295154185022,0.14392523364485982,0.18101545253863136,0.17089305402425578
602298,Camacho (GB),133,1577,443,0.7216233354470514,6.524730500951173,3.2511097019657575,81.45476003147128,0.08433734939759036,0.2809131261889664,0.08963093145869948,0.07061503416856492,0.01901589729013456,0.08844621513944223,0.07952286282306163,0.04,0.0,sprint,0.0838150289017341,0.07871720116618076,0.11764705882352941,0.10204081632653061,0.04819277108433735,0.06269592476489028,0.09523809523809523,0.09194097616345062
602494,Footstepsinthesand (GB),195,1994,660,0.697592778335005,7.7098796389167505,3.106318956870612,84.43312464428003,0.09779338014042126,0.33099297893681046,0.07764198418404025,0.14427860696517414,-0.06663662278113389,0.10166177908113393,0.09390125847047434,0.08564231738035265,0.09375,sprint,0.10330578512396695,0.10173501577287067,0.061224489795918366,0.08695652173913043,0.041666666666666664,0.0867579908675799,0.09701492537313433,0.11257606490872211
602499,Librettist (USA),8,71,19,0.8028169014084507,10.880281690140846,3.7183098591549295,78.09859154929578,0.11267605633802817,0.2676056338028169,0.14035087719298245,0.0,0.14035087719298245,0.0,0.1111111111111111,0.15,0.1282051282051282,middle,0.2222222222222222,0.06382978723404255,0.08333333333333333,0.6666666666666666,0.11267605633802817,0.0,0.2,0.10714285714285714
602888,Windsor Knot (IRE),13,121,41,0.9504132231404959,7.31404958677686,2.4545454545454546,90.53448275862068,0.10743801652892562,0.33884297520661155,0.11304347826086956,0.0,0.11304347826086956,0.09210526315789473,0.13793103448275862,0.0,0.0,mile,0.11538461538461539,0.046875,0.2692307692307692,0.0,0.0,0.09375,0.17391304347826086,0.13636363636363635
603344,Doctor Dino (FR),6,25,11,0.72,11.82,2.28,92.375,0.24,0.44,0.2222222222222222,0.2857142857142857,-0.06349206349206349,0.0,0.25,0.3333333333333333,0.2,middle,0.2857142857142857,0.23529411764705882,0.0,0.24,0.0,0.25,0.0,0.5
603448,Rocamadour (GB),3,36,10,0.8611111111111112,11.51388888888889,2.5555555555555554,91.77777777777777,0.08333333333333333,0.2777777777777778,0.0967741935483871,0.0,0.0967741935483871,0.08333333333333333,0.0,0.07142857142857142,0.1,staying,0.125,0.08333333333333333,0.0,0.0,0.0,0.0625,0.11764705882352941,0.0
603551,Echo Of Light (GB),18,146,50,0.773972602739726,9.184931506849315,3.0,86.84137931034483,0.1232876712328767,0.3424657534246575,0.13274336283185842,0.09090909090909091,0.04183427192276751,0.1,0.12222222222222222,0.05,0.2222222222222222,staying,0.05714285714285714,0.13333333333333333,0.2,0.16666666666666666,0.0,0.15,0.13333333333333333,0.125
604098,Ad Valorem (USA),15,122,36,0.39344262295081966,7.737704918032787,3.4508196721311477,81.72950819672131,0.12295081967213115,0.29508196721311475,0.10416666666666667,0.13513513513513514,-0.03096846846846847,0.13846153846153847,0.10869565217391304,0.11764705882352941,0.0,sprint,0.12,0.1111111111111111,0.4,0.0,0.12295081967213115,0.058823529411764705,0.12121212121212122,0.1388888888888889
606456,Proclamation (IRE),5,54,13,0.5925925925925926,9.87962962962963,3.388888888888889,79.0,0.09259259259259259,0.24074074074074073,0.09375,0.09090909090909091,0.0028409090909090884,0.047619047619047616,0.0,0.05,0.15384615384615385,staying,0.0,0.11428571428571428,0.0,0.3333333333333333,0.5,0.16666666666666666,0.0,0.0967741935483871
606745,Manduro (GER),30,382,113,0.7591623036649214,12.164921465968586,3.130890052356021,82.90710382513662,0.07853403141361257,0.29581151832460734,0.08620689655172414,0.05434782608695652,0.03185907046476762,0.08333333333333333,0.10714285714285714,0.07262569832402235,0.0867579908675799,mile,0.0625,0.0794979079497908,0.09615384615384616,0.09090909090909091,0.0967741935483871,0.039473684210526314,0.10344827586206896,0.0797872340425532
609345,The Carbon Unit (USA),11,132,34,0.9621212121212122,10.973484848484848,3.143939393939394,81.81967213114754,0.08333333333333333,0.25757575757575757,0.08661417322834646,0.0,0.08661417322834646,0.09090909090909091,0.06060606060606061,0.046511627906976744,0.09859154929577464,staying,0.12903225806451613,0.05555555555555555,0.08,0.25,0.0,0.14285714285714285,0.04,0.1095890410958904
609813,Peer Gynt (JPN),1,24,7,0.5416666666666666,8.354166666666666,3.0833333333333335,82.21739130434783,0.041666666666666664,0.2916666666666667,0.0,0.09090909090909091,-0.09090909090909091,0.0,0.07692307692307693,0.0,0.041666666666666664,mile,0.0,0.05263157894736842,0.0,0.0,0.0,0.14285714285714285,0.0,0.0
620734,Misu Bond (IRE),13,138,33,0.8768115942028986,5.630434782608695,3.63768115942029,77.23484848484848,0.09420289855072464,0.2391304347826087,0.09090909090909091,0.11764705882352941,-0.0267379679144385,0.0948905109489051,0.0,0.09420289855072464,0.09420289855072464,sprint,0.17073170731707318,0.0759493670886076,0.0,0.0,0.0,0.0,0.06060606060606061,0.1134020618556701
621320,Captain Al (SAF),6,61,21,0.18032786885245902,5.704918032786885,3.5901639344262297,81.42622950819673,0.09836065573770492,0.3442622950819672,0.0,0.12,-0.12,0.10344827586206896,0.0,0.09836065573770492,0.09836065573770492,sprint,0.09836065573770492,0.10714285714285714,0.0,0.0,0.09836065573770492,0.0,0.0,0.15
626739,Assertive (GB),26,341,103,0.8914956011730205,6.348973607038123,3.3870967741935485,81.18691588785046,0.07624633431085044,0.3020527859237537,0.08552631578947369,0.0,0.08552631578947369,0.06711409395973154,0.0,0.15151515151515152,0.13333333333333333,middle,0.043478260869565216,0.075,0.0967741935483871,0.2,0.07692307692307693,0.06818181818181818,0.0975609756097561,0.06930693069306931
634177,Red Clubs (IRE),22,259,77,0.61003861003861,7.45945945945946,3.4555984555984556,80.6911196911197,0.08494208494208494,0.2972972972972973,0.08227848101265822,0.0891089108910891,-0.0068304298784308826,0.09774436090225563,0.08,0.05,0.08695652173913043,sprint,0.09302325581395349,0.09659090909090909,0.029411764705882353,0.0,0.0,0.04878048780487805,0.1,0.09090909090909091
634654,Mr Vegas (IRE),4,45,14,0.2,15.122222222222222,2.3777777777777778,93.4,0.08888888888888889,0.3111111111111111,0.0,0.1111111111111111,-0.1111111111111111,0.08888888888888889,0.08888888888888889,0.14285714285714285,0.09090909090909091,middle,0.0,0.09523809523809523,0.0,0.0,0.0,0.038461538461538464,0.16666666666666666,0.08888888888888889
636099,Deep Impact (JPN),21,128,48,0.765625,10.875,2.546875,91.80952380952381,0.1640625,0.375,0.20408163265306123,0.03333333333333333,0.1707482993197279,0.1111111111111111,0.3,0.1724137931034483,0.125,mile,0.24390243902439024,0.11842105263157894,0.1,1.0,0.2826086956521739,0.0,0.08333333333333333,0.13043478260869565
637069,Dandy Man (IRE),310,3153,981,0.7437361243260386,6.176339993656835,3.217887725975262,82.08352849336455,0.09831906121154456,0.3111322549952426,0.09722814498933902,0.10148514851485149,-0.004257003525512476,0.0987012987012987,0.09090909090909091,0.06593406593406594,0.0,sprint,0.09543010752688172,0.09613428280773144,0.10086455331412104,0.15625,0.060085836909871244,0.08429752066115702,0.09694793536804308,0.10864618885096701
637488,Amadeus Wolf (GB),22,226,61,0.6150442477876106,8.672566371681416,3.5309734513274336,79.27876106194691,0.09734513274336283,0.26991150442477874,0.07913669064748201,0.12643678160919541,-0.047300090961713406,0.13095238095238096,0.07142857142857142,0.038461538461538464,0.13513513513513514,staying,0.13333333333333333,0.09210526315789473,0.0,0.0,0.0,0.0,0.10204081632653061,0.11409395973154363
637859,Sir Percy (GB),163,1574,567,0.735705209656925,11.18964421855146,3.1315120711562896,83.6861152141802,0.10355781448538755,0.3602287166454892,0.10189982728842832,0.10817307692307693,-0.006273249634648606,0.06635071090047394,0.09585492227979274,0.10473457675753228,0.10119840213049268,middle,0.11345646437994723,0.0975609756097561,0.1270718232044199,0.03333333333333333,0.06349206349206349,0.06515580736543909,0.0989399293286219,0.12807881773399016
639504,Aussie Rules (USA),41,473,126,0.7399577167019028,9.119450317124736,3.287526427061311,82.50593824228028,0.08668076109936575,0.266384778012685,0.08,0.10569105691056911,-0.02569105691056911,0.07065217391304347,0.0979381443298969,0.11607142857142858,0.08490566037735849,middle,0.0782608695652174,0.08090614886731391,0.15,0.1111111111111111,0.0,0.03571428571428571,0.1590909090909091,0.08759124087591241
639522,Hat Trick (JPN),3,40,14,0.65,7.2625,2.875,85.37931034482759,0.075,0.35,0.07692307692307693,0.07142857142857142,0.005494505494505503,0.06896551724137931,0.0,0.2,0.0,middle,0.1111111111111111,0.07142857142857142,0.0,0.075,0.09090909090909091,0.0,0.0,0.09523809523809523
640322,Dylan Thomas (IRE),45,427,132,0.7822014051522248,10.508196721311476,2.8360655737704916,88.14669926650367,0.1053864168618267,0.3091334894613583,0.10778443113772455,0.0967741935483871,0.01101023758933746,0.17045454545454544,0.07317073170731707,0.07317073170731707,0.10982658959537572,sprint,0.13392857142857142,0.0933852140077821,0.06382978723404255,0.2727272727272727,0.07272727272727272,0.109375,0.15789473684210525,0.08928571428571429
640786,Youmzain (IRE),10,94,24,0.9148936170212766,11.085106382978724,3.3297872340425534,82.94186046511628,0.10638297872340426,0.2553191489361702,0.10465116279069768,0.125,-0.02034883720930232,0.2,0.12121212121212122,0.17857142857142858,0.08163265306122448,sprint,0.2,0.09090909090909091,0.11764705882352941,0.0,0.14285714285714285,0.18181818181818182,0.1,0.08928571428571429
640905,Araafa (IRE),5,66,17,0.6666666666666666,7.5227272727272725,2.6363636363636362,90.78787878787878,0.07575757575757576,0.25757575757575757,0.045454545454545456,0.13636363636363635,-0.0909090909090909,0.05,0.0,0.13043478260869565,0.0,middle,0.0,0.10638297872340426,0.0,0.0,0.0625,0.058823529411764705,0.0,0.12
641448,English Channel (USA),19,160,53,0.8,9.85,3.01875,84.36942675159236,0.11875,0.33125,0.1171875,0.125,-0.0078125,0.175,0.14754098360655737,0.13043478260869565,0.02631578947368421,sprint,0.11428571428571428,0.1346153846153846,0.05263157894736842,0.0,0.25,0.03636363636363636,0.08571428571428572,0.19696969696969696
641696,Multiplex (GB),26,362,98,0.6104972375690608,9.658839779005525,3.5248618784530388,79.1508875739645,0.0718232044198895,0.27071823204419887,0.058823529411764705,0.09219858156028368,-0.03337505214851898,0.058394160583941604,0.07954545454545454,0.11570247933884298,0.08333333333333333,middle,0.046153846153846156,0.07279693486590039,0.12121212121212122,0.0,0.08333333333333333,0.10810810810810811,0.0967741935483871,0.05976095617529881
642105,Sixties Icon (GB),102,1013,312,0.8302073050345509,9.422507403751235,3.2230997038499507,80.58536585365853,0.10069101678183613,0.3079960513326752,0.10582639714625446,0.0755813953488372,0.03024500179741725,0.10079575596816977,0.079155672823219,0.1259259259259259,0.10948905109489052,middle,0.07751937984496124,0.08885017421602788,0.16176470588235295,0.2,0.05102040816326531,0.07453416149068323,0.12280701754385964,0.1097770154373928
642131,Papal Bull (GB),6,34,11,0.6470588235294118,12.426470588235293,3.1176470588235294,80.71875,0.17647058823529413,0.3235294117647059,0.18181818181818182,0.16666666666666666,0.015151515151515166,0.0,0.1111111111111111,0.16666666666666666,0.29411764705882354,staying,0.0,0.19047619047619047,0.2,0.5,0.0,0.125,0.18181818181818182,0.21428571428571427
642209,Jeremy (USA),17,195,50,0.8,9.905128205128205,2.8461538461538463,86.42553191489361,0.08717948717948718,0.2564102564102564,0.08974358974358974,0.07692307692307693,0.012820512820512817,0.038461538461538464,0.1044776119402985,0.04081632653061224,0.125,staying,0.14705882352941177,0.09230769230769231,0.0,0.0,0.13636363636363635,0.08823529411764706,0.043478260869565216,0.08536585365853659
643727,Hurricane Cat (USA),3,40,10,0.475,7.0875,2.85,89.62162162162163,0.075,0.25,0.05263157894736842,0.09523809523809523,-0.042606516290726815,0.10344827586206896,0.0,0.0,0.0,sprint,0.125,0.06896551724137931,0.0,0.0,0.075,0.14285714285714285,0.0,0.0
644917,Kendargent (FR),38,377,110,0.7745358090185677,8.76923076923077,2.981432360742706,86.77777777777777,0.10079575596816977,0.2917771883289125,0.10616438356164383,0.08235294117647059,0.023811442385173243,0.07453416149068323,0.12138728323699421,0.11392405063291139,0.0958904109589041,mile,0.075,0.11403508771929824,0.05660377358490566,0.1875,0.1111111111111111,0.0707070707070707,0.11764705882352941,0.10989010989010989
645605,Lord Of England (GER),10,53,23,0.8113207547169812,11.415094339622641,3.2264150943396226,82.0909090909091,0.18867924528301888,0.4339622641509434,0.16279069767441862,0.3,-0.13720930232558137,0.0,0.17647058823529413,0.15789473684210525,0.21875,staying,0.3333333333333333,0.16216216216216217,0.14285714285714285,0.3333333333333333,0.0,0.14285714285714285,0.2857142857142857,0.2
645927,Discreet Cat (USA),7,46,21,0.5869565217391305,7.760869565217392,2.760869565217391,90.23684210526316,0.15217391304347827,0.45652173913043476,0.14814814814814814,0.15789473684210525,-0.009746588693957114,0.23809523809523808,0.12903225806451613,0.1,0.15217391304347827,sprint,0.14285714285714285,0.13333333333333333,0.5,0.15217391304347827,0.0,0.10526315789473684,0.2857142857142857,0.1875
647498,Champs Elysees (GB),182,1446,532,0.7143845089903181,11.854080221300139,3.0940525587828493,84.18117088607595,0.12586445366528354,0.367911479944675,0.1181026137463698,0.14527845036319612,-0.02717583661682632,0.08823529411764706,0.10801393728222997,0.13363363363363365,0.1271393643031785,middle,0.1620879120879121,0.11789924973204716,0.0873015873015873,0.08695652173913043,0.12244897959183673,0.11538461538461539,0.12794612794612795,0.12988826815642457
648356,Ask (GB),10,91,32,0.8241758241758241,11.82967032967033,3.087912087912088,82.58823529411765,0.10989010989010989,0.3516483516483517,0.13333333333333333,0.0,0.13333333333333333,0.0,0.0,0.12727272727272726,0.07317073170731707,middle,0.05263157894736842,0.10638297872340426,0.16666666666666666,0.14285714285714285,0.0,0.041666666666666664,0.2413793103448276,0.05555555555555555
648514,Bob And John (USA),3,35,8,0.6857142857142857,7.914285714285715,3.6,77.45714285714286,0.08571428571428572,0.22857142857142856,0.125,0.0,0.125,0.18181818181818182,0.0967741935483871,0.0,0.08571428571428572,sprint,0.0,0.13043478260869565,0.0,0.08571428571428572,0.08571428571428572,0.0,0.0,0.11538461538461539
649250,War Front (USA),105,737,270,0.6241519674355496,8.19606512890095,2.5088195386702847,91.31147540983606,0.14246947082767977,0.36635006784260515,0.10869565217391304,0.19855595667870035,-0.08986030450478731,0.14873417721518986,0.14516129032258066,0.14444444444444443,0.1643835616438356,staying,0.1267605633802817,0.1543340380549683,0.10204081632653061,0.0,0.08762886597938144,0.11398963730569948,0.183206106870229,0.1917808219178082
649434,Teofilo (IRE),243,1773,695,0.7411167512690355,11.185843203609702,2.8104906937394247,88.33199195171026,0.13705583756345177,0.39199097574732095,0.14079147640791476,0.12636165577342048,0.014429820634494273,0.1553398058252427,0.1475054229934924,0.15023474178403756,0.12832929782082325,sprint,0.14578587699316628,0.12623985572587917,0.18848167539267016,0.08823529411764706,0.1456953642384106,0.12558139534883722,0.15160349854227406,0.1332378223495702
650257,Arabian Gleam (GB),6,77,31,0.6493506493506493,9.084415584415584,3.3506493506493507,78.6,0.07792207792207792,0.4025974025974026,0.04,0.14814814814814814,-0.10814814814814813,0.05,0.06060606060606061,0.06060606060606061,0.05263157894736842,mile,0.0,0.11320754716981132,0.0,0.07792207792207792,0.0,0.0,0.11764705882352941,0.09090909090909091
650324,Strategic Prince (GB),7,144,32,0.7083333333333334,8.17361111111111,3.5277777777777777,78.30597014925372,0.04861111111111111,0.2222222222222222,0.058823529411764705,0.023809523809523808,0.0350140056022409,0.015151515151515152,0.10869565217391304,0.02127659574468085,0.0,mile,0.025,0.060240963855421686,0.05263157894736842,0.0,0.0,0.0,0.0,0.0660377358490566
650512,Prime Defender (GB),2,21,8,0.47619047619047616,6.428571428571429,2.9523809523809526,85.44444444444444,0.09523809523809523,0.38095238095238093,0.2,0.0,0.2,0.1,0.0,0.09523809523809523,0.09523809523809523,sprint,0.16666666666666666,0.07142857142857142,0.0,0.09523809523809523,0.0,0.25,0.125,0.0
650773,Vital Equine (IRE),4,37,10,0.5675675675675675,5.27027027027027,3.5675675675675675,78.97297297297297,0.10810810810810811,0.2702702702702703,0.09523809523809523,0.125,-0.029761904761904767,0.10810810810810811,0.10810810810810811,0.10810810810810811,0.10810810810810811,sprint,0.25,0.08,0.0,0.0,0.10810810810810811,0.0,0.125,0.12
653262,Gentlewave (IRE),6,50,14,0.36,15.1,2.92,84.56,0.12,0.28,0.05555555555555555,0.15625,-0.10069444444444445,0.12,0.25,0.0,0.11363636363636363,mile,0.0,0.1276595744680851,0.0,0.12,0.12,0.05,0.14285714285714285,0.1875
654568,Excellent Art (GB),64,546,161,0.7252747252747253,8.566849816849818,3.0586080586080584,83.45778611632271,0.11721611721611722,0.2948717948717949,0.10606060606060606,0.14666666666666667,-0.040606060606060604,0.1324200913242009,0.1415929203539823,0.09883720930232558,0.07216494845360824,mile,0.1557377049180328,0.11428571428571428,0.08064516129032258,0.0,0.1282051282051282,0.09523809523809523,0.10679611650485436,0.13229571984435798
655133,Hellvelyn (GB),29,289,90,0.8512110726643599,6.1678200692041525,3.359861591695502,81.07009345794393,0.10034602076124567,0.31141868512110726,0.11382113821138211,0.023255813953488372,0.09056532425789374,0.10727969348659004,0.10416666666666667,0.0,0.0,sprint,0.16176470588235295,0.03205128205128205,0.22916666666666666,0.11764705882352941,0.10344827586206896,0.07407407407407407,0.18181818181818182,0.08465608465608465
655692,Rail Link (GB),41,372,115,0.7526881720430108,10.973118279569892,2.8629032258064515,85.08450704225352,0.11021505376344086,0.30913978494623656,0.10714285714285714,0.11956521739130435,-0.012422360248447215,0.018867924528301886,0.09278350515463918,0.12056737588652482,0.10897435897435898,middle,0.14432989690721648,0.09829059829059829,0.08823529411764706,0.14285714285714285,0.17142857142857143,0.06557377049180328,0.10810810810810811,0.1347517730496454
656409,Captain Marvelous (IRE),3,45,11,0.8666666666666667,7.411111111111111,2.6666666666666665,91.11627906976744,0.06666666666666667,0.24444444444444444,0.07692307692307693,0.0,0.07692307692307693,0.10526315789473684,0.075,0.0,0.06666666666666667,sprint,0.09090909090909091,0.09090909090909091,0.0,0.06666666666666667,0.0,0.0,0.2727272727272727,0.0
656920,Creachadoir (IRE),4,50,15,0.82,11.12,2.16,97.0204081632653,0.08,0.3,0.0975609756097561,0.0,0.0975609756097561,0.08,0.0,0.09523809523809523,0.0,middle,0.0,0.05263157894736842,0.1111111111111111,0.5,0.07692307692307693,0.08333333333333333,0.2,0.0
657462,Holy Roman Emperor (IRE),140,1472,470,0.6936141304347826,7.909646739130435,3.173233695652174,82.7881010594947,0.09510869565217392,0.31929347826086957,0.09990205680705191,0.08425720620842572,0.015644850598626192,0.09925558312655088,0.0987460815047022,0.08445945945945946,0.06918238993710692,sprint,0.09034267912772585,0.09365244536940687,0.12418300653594772,0.05405405405405406,0.07633587786259542,0.08494208494208494,0.09477124183006536,0.1018041237113402
657574,Bernardini (USA),5,65,19,0.6153846153846154,8.146153846153846,3.230769230769231,83.69047619047619,0.07692307692307693,0.2923076923076923,0.125,0.0,0.125,0.1388888888888889,0.0,0.0,0.0,sprint,0.25,0.0,0.0,0.07692307692307693,0.0,0.07692307692307693,0.2222222222222222,0.05263157894736842
657920,Cockney Rebel (IRE),9,134,34,0.6343283582089553,8.440298507462687,3.0671641791044775,84.5701754385965,0.06716417910447761,0.2537313432835821,0.058823529411764705,0.08163265306122448,-0.022809123649459778,0.10909090909090909,0.1044776119402985,0.0,0.0,sprint,0.0967741935483871,0.0625,0.0,0.0,0.058823529411764705,0.0,0.13333333333333333,0.06153846153846154
658013,Major Cadeaux (GB),37,312,103,0.8333333333333334,6.407051282051282,3.3461538461538463,81.96989966555184,0.11858974358974358,0.3301282051282051,0.12307692307692308,0.09615384615384616,0.026923076923076925,0.1285140562248996,0.11764705882352941,0.08,0.0,sprint,0.1935483870967742,0.08241758241758242,0.12903225806451613,0.0,0.0,0.07142857142857142,0.11538461538461539,0.1404494382022472
659772,Dutch Art (GB),270,2349,743,0.7296722009365687,7.657088122605364,3.053639846743295,85.28384279475982,0.11494252873563218,0.3163048105576841,0.1161026837806301,0.11181102362204724,0.004291660158582858,0.12950699043414277,0.11811023622047244,0.08705882352941176,0.06172839506172839,sprint,0.1384335154826958,0.11036339165545088,0.0933852140077821,0.10526315789473684,0.10619469026548672,0.0779467680608365,0.13995943204868155,0.12318840579710146
659996,Duke Of Marmalade (IRE),55,381,129,0.7007874015748031,11.241469816272966,3.0971128608923886,83.67052023121387,0.14435695538057744,0.33858267716535434,0.14232209737827714,0.14912280701754385,-0.006800709639266711,0.06779661016949153,0.09278350515463918,0.1388888888888889,0.1958762886597938,staying,0.16666666666666666,0.13095238095238096,0.21739130434782608,0.0,0.234375,0.07317073170731707,0.17142857142857143,0.12135922330097088
659998,Haatef (USA),15,155,45,0.6645161290322581,7.7612903225806456,3.161290322580645,83.8013698630137,0.0967741935483871,0.2903225806451613,0.06796116504854369,0.15384615384615385,-0.08588498879761017,0.0963855421686747,0.08450704225352113,0.1111111111111111,0.16666666666666666,staying,0.05714285714285714,0.10309278350515463,0.15789473684210525,0.0,0.0,0.061224489795918366,0.15384615384615385,0.10256410256410256
660383,Thousand Words (GB),5,83,20,0.891566265060241,8.301204819277109,2.0963855421686746,95.75949367088607,0.060240963855421686,0.24096385542168675,0.06756756756756757,0.0,0.06756756756756757,0.16666666666666666,0.08620689655172414,0.0,0.0,sprint,0.09523809523809523,0.05357142857142857,0.0,0.060240963855421686,0.0967741935483871,0.03333333333333333,0.2,0.0
660521,Archipenko (USA),64,644,213,0.672360248447205,9.588509316770187,3.268633540372671,83.05400372439479,0.09937888198757763,0.3307453416149068,0.08545034642032333,0.12796208530805686,-0.04251173888773353,0.11413043478260869,0.0916030534351145,0.10245901639344263,0.10215053763440861,sprint,0.08527131782945736,0.10321100917431193,0.09836065573770492,0.1111111111111111,0.08620689655172414,0.08433734939759036,0.1297709923664122,0.09408602150537634
660522,Astronomer Royal (USA),5,28,14,0.6071428571428571,14.035714285714286,3.0357142857142856,83.96296296296296,0.17857142857142858,0.5,0.11764705882352941,0.2727272727272727,-0.1550802139037433,0.17857142857142858,0.17857142857142858,0.25,0.18181818181818182,middle,0.0,0.18181818181818182,1.0,0.17857142857142858,0.17857142857142858,0.1,0.14285714285714285,0.2727272727272727
660604,Mount Nelson (GB),88,861,304,0.7677119628339141,9.7061556329849,2.8954703832752613,86.20880503144654,0.10220673635307782,0.3530778164924506,0.10136157337367625,0.105,-0.003638426626323743,0.05905511811023622,0.07142857142857142,0.12962962962962962,0.14022140221402213,staying,0.11504424778761062,0.09659090909090909,0.11956521739130435,0.0,0.049586776859504134,0.09045226130653267,0.12105263157894737,0.1168091168091168
660612,Soldier Of Fortune (IRE),19,143,49,0.6643356643356644,12.479020979020978,2.4335664335664338,95.38970588235294,0.13286713286713286,0.34265734265734266,0.14736842105263157,0.10416666666666667,0.043201754385964894,0.13286713286713286,0.0,0.14130434782608695,0.14583333333333334,staying,0.16129032258064516,0.10309278350515463,0.3333333333333333,0.0,0.041666666666666664,0.15384615384615385,0.18181818181818182,0.125
661629,Sakhees Secret (GB),50,648,173,0.6635802469135802,6.801697530864198,3.4074074074074074,79.28596187175043,0.07716049382716049,0.26697530864197533,0.06976744186046512,0.09174311926605505,-0.021975677405589936,0.08264462809917356,0.06111111111111111,0.05357142857142857,0.03333333333333333,sprint,0.09090909090909091,0.07692307692307693,0.038461538461538464,0.0,0.07692307692307693,0.03636363636363636,0.064,0.0925
662598,Scat Daddy (USA),42,290,111,0.6482758620689655,7.144827586206897,2.6655172413793102,90.05911330049261,0.14482758620689656,0.38275862068965516,0.16489361702127658,0.10784313725490197,0.05705047976637462,0.15846994535519127,0.12413793103448276,0.0967741935483871,0.08333333333333333,sprint,0.21052631578947367,0.1111111111111111,0.16666666666666666,0.0,0.12222222222222222,0.12195121951219512,0.11428571428571428,0.1774193548387097
663655,Authorized (IRE),84,683,224,0.7306002928257687,12.65519765739385,2.7701317715959006,88.05396825396825,0.12298682284040996,0.3279648609077599,0.12424849699398798,0.11956521739130435,0.004683279602683624,0.043478260869565216,0.06521739130434782,0.14335664335664336,0.1280353200883002,middle,0.11363636363636363,0.11926605504587157,0.13829787234042554,0.19047619047619047,0.12941176470588237,0.08823529411764706,0.14678899082568808,0.14342629482071714
664565,Street Sense (USA),5,82,19,0.7560975609756098,10.402439024390244,2.9390243902439024,86.51470588235294,0.06097560975609756,0.23170731707317074,0.04838709677419355,0.1,-0.05161290322580646,0.0,0.06666666666666667,0.03225806451612903,0.08333333333333333,staying,0.0,0.08620689655172414,0.0,0.0,0.1,0.045454545454545456,0.07692307692307693,0.05405405405405406
668175,Lawman (FR),141,1493,477,0.7762893503014066,8.59611520428667,3.1272605492297387,84.07498026835043,0.09444072337575352,0.31949095780308107,0.09318377911993098,0.09880239520958084,-0.005618616089649864,0.0979020979020979,0.1010230179028133,0.09046454767726161,0.1111111111111111,staying,0.09411764705882353,0.09169363538295577,0.10326086956521739,0.11904761904761904,0.08695652173913043,0.0855457227138643,0.08571428571428572,0.10276679841897234
670119,New Approach (IRE),206,1624,615,0.7752463054187192,9.90917487684729,3.0375615763546797,86.7581998474447,0.1268472906403941,0.3786945812807882,0.13026211278792693,0.11506849315068493,0.015193619637242,0.13029315960912052,0.1324200913242009,0.13859910581222057,0.10515021459227468,middle,0.15639810426540285,0.11991869918699187,0.09836065573770492,0.11428571428571428,0.12376237623762376,0.1125,0.14826498422712933,0.12484076433121019
671451,Hard Spun (USA),29,322,108,0.7111801242236024,8.273291925465838,3.040372670807453,85.51578947368421,0.09006211180124224,0.33540372670807456,0.07860262008733625,0.11827956989247312,-0.03967694980513688,0.0738255033557047,0.07103825136612021,0.12658227848101267,0.1111111111111111,middle,0.11956521739130435,0.08780487804878048,0.0,0.0,0.025,0.046875,0.13114754098360656,0.10828025477707007
671647,Dark Angel (IRE),741,6300,2165,0.7587301587301587,7.339603174603175,2.971904761904762,86.81395808620007,0.11761904761904762,0.34365079365079365,0.10836820083682008,0.14671052631578949,-0.0383423254789694,0.11845325501713166,0.11174063581995593,0.11413043478260869,0.102803738317757,sprint,0.11011523687580026,0.12432709561650859,0.1083086053412463,0.06748466257668712,0.12090395480225989,0.09801031687546058,0.13628158844765342,0.11864406779661017
671916,Myboycharlie (IRE),14,215,60,0.7116279069767442,8.483720930232558,3.3813953488372093,81.28645833333333,0.06511627906976744,0.27906976744186046,0.058823529411764705,0.08064516129032258,-0.021821631878557873,0.05555555555555555,0.037037037037037035,0.09523809523809523,0.12121212121212122,staying,0.0196078431372549,0.08333333333333333,0.07142857142857142,0.0,0.0,0.05714285714285714,0.044444444444444446,0.07751937984496124
677067,Le Cadre Noir (IRE),3,31,11,0.7096774193548387,5.225806451612903,3.4193548387096775,80.46666666666667,0.0967741935483871,0.3548387096774194,0.09090909090909091,0.1111111111111111,-0.020202020202020193,0.0967741935483871,0.0967741935483871,0.0967741935483871,0.0967741935483871,sprint,0.0,0.13636363636363635,0.0,0.0,0.0,0.0,0.14285714285714285,0.10526315789473684
679491,Henrythenavigator (USA),33,388,121,0.7087628865979382,9.01159793814433,3.2422680412371134,83.26934097421203,0.08505154639175258,0.3118556701030928,0.08363636363636363,0.08849557522123894,-0.004859211584875303,0.10743801652892562,0.12318840579710146,0.058823529411764705,0.07042253521126761,mile,0.04819277108433735,0.08870967741935484,0.1346153846153846,0.0,0.0,0.0759493670886076,0.06,0.1065989847715736
679933,Captain Gerrard (IRE),39,400,108,0.765,5.84125,3.3875,80.06006006006007,0.0975,0.27,0.10130718954248366,0.0851063829787234,0.01620080656376026,0.10306406685236769,0.10666666666666667,0.0,0.0,mile,0.10576923076923077,0.08264462809917356,0.14705882352941177,0.15,0.0625,0.16666666666666666,0.16883116883116883,0.07058823529411765
679954,Fast Company (IRE),149,1451,431,0.822880771881461,7.940041350792557,3.1578221915920057,83.31844499586435,0.10268780151619572,0.2970365265334252,0.11139028475711893,0.0622568093385214,0.04913347541859753,0.09806835066864784,0.10679611650485436,0.11076923076923077,0.09433962264150944,middle,0.06209150326797386,0.0936768149882904,0.15178571428571427,0.23880597014925373,0.0967741935483871,0.08070175438596491,0.1,0.11286089238845144
680007,Stimulation (IRE),31,292,73,0.8561643835616438,6.868150684931507,3.2739726027397262,81.61023622047244,0.10616438356164383,0.25,0.116,0.047619047619047616,0.06838095238095239,0.107981220657277,0.05,0.04,0.25,staying,0.07894736842105263,0.09696969696969697,0.14634146341463414,0.3,0.1,0.08,0.15384615384615385,0.1
680190,Adlerflug (GER),7,20,14,0.75,11.725,2.25,99.4,0.35,0.7,0.3333333333333333,0.4,-0.06666666666666671,0.0,0.0,0.36363636363636365,0.5,staying,0.25,0.3333333333333333,0.3333333333333333,1.0,0.4,0.0,0.3333333333333333,0.3333333333333333
682732,Ravens Pass (USA),147,1257,418,0.7183770883054893,7.999204455051711,3.0318217979315834,86.18926553672317,0.11694510739856802,0.3325377883850438,0.10741971207087486,0.14124293785310735,-0.033823225782232486,0.11812297734627832,0.11363636363636363,0.1166077738515901,0.1015625,sprint,0.10963455149501661,0.11821471652593486,0.12612612612612611,0.125,0.10256410256410256,0.09177215189873418,0.15384615384615385,0.11864406779661017
682988,Rio De La Plata (USA),6,83,29,0.6144578313253012,10.126506024096386,3.2409638554216866,84.4225352112676,0.07228915662650602,0.3493975903614458,0.058823529411764705,0.09375,-0.034926470588235295,0.0,0.05,0.0,0.13333333333333333,staying,0.09523809523809523,0.07272727272727272,0.0,0.0,0.0,0.06666666666666667,0.05555555555555555,0.08888888888888889
683514,Famous Name (GB),13,149,44,0.8859060402684564,8.355704697986576,2.7315436241610738,91.265625,0.087248322147651,0.2953020134228188,0.09090909090909091,0.058823529411764705,0.03208556149732621,0.09803921568627451,0.11607142857142858,0.10344827586206896,0.0,mile,0.09523809523809523,0.046153846153846156,0.14285714285714285,0.14285714285714285,0.038461538461538464,0.08163265306122448,0.07692307692307693,0.11475409836065574
684715,Thewayyouare (USA),14,139,37,0.6474820143884892,9.841726618705035,3.366906474820144,79.3391304347826,0.10071942446043165,0.26618705035971224,0.1,0.10204081632653061,-0.002040816326530609,0.15625,0.07692307692307693,0.06382978723404255,0.07142857142857142,sprint,0.14705882352941177,0.08695652173913043,0.1111111111111111,0.0,0.09090909090909091,0.15384615384615385,0.10344827586206896,0.09302325581395349
684959,First Defence (USA),9,87,25,0.6551724137931034,7.954022988505747,3.0689655172413794,85.6027397260274,0.10344827586206896,0.28735632183908044,0.12280701754385964,0.06666666666666667,0.05614035087719298,0.06666666666666667,0.11864406779661017,0.058823529411764705,0.0,mile,0.125,0.07547169811320754,0.2222222222222222,0.0,0.14285714285714285,0.0625,0.2857142857142857,0.08
685231,Aqlaam (GB),74,585,203,0.705982905982906,9.026495726495726,3.1726495726495725,83.3424408014572,0.1264957264957265,0.347008547008547,0.1234866828087167,0.13372093023255813,-0.010234247423841422,0.1276595744680851,0.1288135593220339,0.09433962264150944,0.14736842105263157,staying,0.14383561643835616,0.13101604278074866,0.03508771929824561,0.25,0.06818181818181818,0.12844036697247707,0.14925373134328357,0.12416107382550336
685571,Campanologist (USA),14,47,25,0.8085106382978723,10.648936170212766,2.8297872340425534,89.80952380952381,0.2978723404255319,0.5319148936170213,0.2631578947368421,0.4444444444444444,-0.18128654970760233,0.0,0.2,0.3076923076923077,0.3,middle,0.14285714285714285,0.32432432432432434,0.5,0.0,0.2,0.11764705882352941,0.6666666666666666,0.3684210526315789
685574,Conduit (IRE),2,26,10,0.9615384615384616,9.538461538461538,2.5,90.16,0.07692307692307693,0.38461538461538464,0.08,0.0,0.08,0.0,0.18181818181818182,0.05263157894736842,0.0,mile,0.125,0.07692307692307693,0.0,0.0,0.07692307692307693,0.058823529411764705,0.0,0.25
685655,Paco Boy (IRE),93,994,325,0.7454728370221329,7.277665995975855,3.233400402414487,83.38967136150235,0.09356136820925554,0.32696177062374243,0.09851551956815115,0.07905138339920949,0.01946413616894166,0.09437086092715231,0.09979633401221996,0.06666666666666667,0.06896551724137931,mile,0.0942622950819672,0.09819967266775777,0.06896551724137931,0.08695652173913043,0.15853658536585366,0.08235294117647059,0.09659090909090909,0.08657243816254417
686313,Falco (USA),2,33,7,0.8484848484848485,9.787878787878787,3.4242424242424243,81.96774193548387,0.06060606060606061,0.21212121212121213,0.07142857142857142,0.0,0.07142857142857142,0.0,0.0,0.09090909090909091,0.0,middle,0.25,0.0,0.0,0.06060606060606061,0.0,0.0,0.0,0.09090909090909091
688178,Tamayuz (GB),106,962,329,0.7027027027027027,8.657484407484407,3.1153846153846154,83.97716346153847,0.1101871101871102,0.341995841995842,0.10207100591715976,0.12937062937062938,-0.027299623453469618,0.0988235294117647,0.13729977116704806,0.11261261261261261,0.07428571428571429,mile,0.1062992125984252,0.11348684210526316,0.0975609756097561,0.1111111111111111,0.14173228346456693,0.10365853658536585,0.11267605633802817,0.10396975425330812
688653,Virtual (GB),2,25,3,0.72,10.84,3.72,71.63636363636364,0.08,0.12,0.05555555555555555,0.14285714285714285,-0.0873015873015873,0.0,0.0,0.0625,0.125,staying,0.14285714285714285,0.06666666666666667,0.0,0.0,0.0,0.0,0.0,0.09523809523809523
690277,Gio Ponti (USA),2,20,6,0.7,9.075,3.9,75.05555555555556,0.1,0.3,0.14285714285714285,0.0,0.14285714285714285,0.25,0.0,0.07142857142857142,0.1,sprint,0.25,0.07142857142857142,0.0,0.1,0.1,0.1,0.0,0.1111111111111111
690373,Dunkerque (FR),4,29,6,0.3448275862068966,6.620689655172414,2.6206896551724137,94.28571428571429,0.13793103448275862,0.20689655172413793,0.0,0.21052631578947367,-0.21052631578947367,0.14285714285714285,0.2,0.13793103448275862,0.13793103448275862,mile,0.0,0.18181818181818182,0.0,0.0,0.0,0.125,0.2,0.14285714285714285
692355,Equiano (FR),201,1879,625,0.746673762639702,5.99654071314529,3.1059073975518894,84.15952824332713,0.10697179350718468,0.3326237360298031,0.09836065573770492,0.1323529411764706,-0.033992285438765674,0.11001737116386798,0.08454106280193237,0.04,0.0,sprint,0.0967032967032967,0.10871440897325281,0.11946902654867257,0.10256410256410256,0.10795454545454546,0.08651399491094147,0.07923497267759563,0.1260593220338983
693391,Steele Tango (USA),0,20,5,0.9,12.675,3.9,64.17647058823529,0.0,0.25,0.0,0.0,0.0,0.0,0.0,0.0,0.0,sprint,0.0,0.0,0.0,0.0,0.0,0.0,0.0,0.0
694769,Mawatheeq (USA),13,122,41,0.7049180327868853,10.438524590163935,3.1885245901639343,81.21904761904761,0.10655737704918032,0.3360655737704918,0.09302325581395349,0.1388888888888889,-0.04586563307493541,0.125,0.11764705882352941,0.1111111111111111,0.125,sprint,0.08108108108108109,0.13043478260869565,0.0625,0.10655737704918032,0.0,0.03571428571428571,0.16129032258064516,0.11864406779661017
695547,Sea The Stars (IRE),507,2991,1298,0.7950518221330659,10.83801404212638,2.7181544633901704,90.12014134275618,0.16950852557673018,0.43396857238381814,0.16947014297729185,0.16965742251223492,-0.00018727953494307448,0.1524822695035461,0.15636363636363637,0.1691919191919192,0.17985012489592006,staying,0.18576598311218334,0.16852678571428573,0.14733542319749215,0.0784313725490196,0.18220946915351507,0.12841091492776885,0.19114688128772636,0.1746166950596252
695691,Rip Van Winkle (IRE),45,621,201,0.7020933977455717,9.883252818035427,3.2801932367149758,81.23725490196078,0.07246376811594203,0.32367149758454106,0.06880733944954129,0.08108108108108109,-0.012273741631539797,0.06,0.05,0.0945273631840796,0.08695652173913043,middle,0.072992700729927,0.07511737089201878,0.058823529411764705,0.0,0.02127659574468085,0.10714285714285714,0.0975609756097561,0.06315789473684211
695767,Mastercraftsman (IRE),265,2277,827,0.7703118137900746,11.000219587176108,2.9156785243741767,86.311227154047,0.11638120333772507,0.3631971892841458,0.11972633979475485,0.10516252390057361,0.014563815894181237,0.07003891050583658,0.0941385435168739,0.12825278810408922,0.12192723697148476,middle,0.1324376199616123,0.11064718162839249,0.10894941634241245,0.14516129032258066,0.11711711711711711,0.11089866156787763,0.11556603773584906,0.119358074222668
697233,Bushranger (IRE),49,462,127,0.8008658008658008,7.428571428571429,3.1818181818181817,82.44088669950739,0.10606060606060606,0.2748917748917749,0.12162162162162163,0.043478260869565216,0.07814336075205641,0.12416107382550336,0.07526881720430108,0.06493506493506493,0.05714285714285714,sprint,0.11538461538461539,0.10175438596491228,0.10606060606060606,0.14285714285714285,0.06521739130434782,0.05263157894736842,0.13636363636363635,0.11904761904761904
697881,Art Connoisseur (IRE),9,154,38,0.6688311688311688,6.824675324675325,3.142857142857143,82.58389261744966,0.05844155844155844,0.24675324675324675,0.04854368932038835,0.0784313725490196,-0.029887683228631258,0.06870229007633588,0.06451612903225806,0.0,0.05844155844155844,sprint,0.02702702702702703,0.06382978723404255,0.1,0.0,0.0,0.022222222222222223,0.06666666666666667,0.08
698454,Street Boss (USA),7,64,28,0.609375,7.0390625,2.90625,87.75862068965517,0.109375,0.4375,0.07692307692307693,0.16,-0.08307692307692308,0.10204081632653061,0.12244897959183673,0.0,0.109375,mile,0.1,0.13043478260869565,0.0,0.109375,0.0,0.05,0.125,0.16666666666666666
700750,Vision Detat (FR),4,40,14,0.875,14.25,2.575,90.28947368421052,0.1,0.35,0.08571428571428572,0.2,-0.1142857142857143,0.0,0.0,0.16666666666666666,0.0625,middle,0.10526315789473684,0.07142857142857142,0.16666666666666666,0.0,0.0,0.0,0.23076923076923078,0.16666666666666666
701235,Finjaan (GB),2,86,24,0.4418604651162791,5.994186046511628,3.697674418604651,73.94029850746269,0.023255813953488372,0.27906976744186046,0.0,0.041666666666666664,-0.041666666666666664,0.025974025974025976,0.0,0.0,0.0,sprint,0.0,0.03225806451612903,0.0,0.023255813953488372,0.0,0.0,0.0,0.030303030303030304
701949,Doncaster Rover (USA),1,23,7,0.8260869565217391,6.565217391304348,3.869565217391304,76.33333333333333,0.043478260869565216,0.30434782608695654,0.05263157894736842,0.0,0.05263157894736842,0.05555555555555555,0.0,0.043478260869565216,0.043478260869565216,sprint,0.0,0.07692307692307693,0.0,0.043478260869565216,0.043478260869565216,0.0,0.0,0.047619047619047616
704071,Mullionmileanhour (IRE),13,95,25,0.6736842105263158,7.494736842105263,3.526315789473684,79.59756097560975,0.1368421052631579,0.2631578947368421,0.15625,0.0967741935483871,0.059475806451612906,0.13559322033898305,0.13043478260869565,0.15789473684210525,0.0,middle,0.10344827586206896,0.13793103448275862,0.25,0.1368421052631579,0.0,0.0,0.1,0.1746031746031746
704079,Lord Shanakill (USA),24,287,91,0.7526132404181185,7.97212543554007,3.4111498257839723,80.58029197080292,0.08362369337979095,0.3170731707317073,0.08333333333333333,0.08450704225352113,-0.0011737089201877965,0.12080536912751678,0.07766990291262135,0.057971014492753624,0.024390243902439025,sprint,0.07317073170731707,0.08571428571428572,0.07142857142857142,0.5,0.13333333333333333,0.1,0.046875,0.0898876404494382
706276,Intense Focus (USA),54,506,159,0.849802371541502,7.816205533596838,2.932806324110672,86.03312629399586,0.1067193675889328,0.3142292490118577,0.11162790697674418,0.07894736842105263,0.03268053855569156,0.125,0.0958904109589041,0.06329113924050633,0.07407407407407407,sprint,0.07407407407407407,0.09698996655518395,0.12121212121212122,0.25925925925925924,0.1388888888888889,0.10897435897435898,0.09166666666666666,0.10824742268041238
707662,Sayif (IRE),24,231,65,0.658008658008658,6.670995670995671,3.038961038961039,85.02970297029702,0.1038961038961039,0.2813852813852814,0.08552631578947369,0.13924050632911392,-0.05371419053964023,0.11224489795918367,0.11578947368421053,0.1,0.0,mile,0.07547169811320754,0.11333333333333333,0.11538461538461539,0.0,0.0,0.09722222222222222,0.11904761904761904,0.11428571428571428
708203,Vocalised (USA),1,40,7,0.775,9.0375,3.5,78.88235294117646,0.025,0.175,0.03225806451612903,0.0,0.03225806451612903,0.0,0.047619047619047616,0.058823529411764705,0.0,middle,0.2,0.0,0.0,0.0,0.0,0.0,0.0,0.034482758620689655
709548,Jukebox Jury (IRE),17,121,45,0.7520661157024794,14.177685950413224,2.9834710743801653,85.74766355140187,0.14049586776859505,0.371900826446281,0.14285714285714285,0.13333333333333333,0.009523809523809518,0.5,0.25,0.0967741935483871,0.13725490196078433,sprint,0.17391304347826086,0.1375,0.06666666666666667,0.3333333333333333,0.1111111111111111,0.02857142857142857,0.15384615384615385,0.21568627450980393
710199,Yorgunnabelucky (USA),5,49,16,0.673469387755102,10.13265306122449,3.693877551020408,78.13636363636364,0.10204081632653061,0.32653061224489793,0.06060606060606061,0.1875,-0.1268939393939394,0.0,0.08333333333333333,0.12903225806451613,0.06666666666666667,middle,0.0,0.11764705882352941,0.10204081632653061,1.0,0.10204081632653061,0.0,0.2857142857142857,0.07894736842105263
712196,Delegator (GB),52,483,168,0.6687370600414079,7.589026915113871,3.2422360248447206,82.86265060240964,0.10766045548654245,0.34782608695652173,0.08668730650154799,0.15,-0.063312693498452,0.1254355400696864,0.11715481171548117,0.06153846153846154,0.05263157894736842,sprint,0.09302325581395349,0.13,0.023809523809523808,0.0,0.07142857142857142,0.10344827586206896,0.12037037037037036,0.1076923076923077
713259,Naaqoos (GB),4,37,10,0.7027027027027027,9.864864864864865,3.8378378378378377,77.0,0.10810810810810811,0.2702702702702703,0.07692307692307693,0.18181818181818182,-0.1048951048951049,0.0,0.07142857142857142,0.1875,0.16666666666666666,middle,0.1111111111111111,0.13043478260869565,0.0,0.0,0.10810810810810811,0.0,0.0,0.125
713692,Fuisse (FR),8,77,18,0.6103896103896104,7.85064935064935,2.7662337662337664,89.67105263157895,0.1038961038961039,0.23376623376623376,0.14893617021276595,0.03333333333333333,0.11560283687943262,0.14814814814814814,0.10144927536231885,0.16666666666666666,0.1038961038961039,middle,0.0,0.061224489795918366,0.2777777777777778,0.0,0.0,0.029411764705882353,0.16666666666666666,0.16666666666666666
713852,Cityscape (GB),43,535,154,0.7252336448598131,9.21588785046729,3.310280373831776,81.25192802056556,0.08037383177570094,0.28785046728971964,0.08505154639175258,0.06802721088435375,0.017024335507398833,0.09090909090909091,0.07296137339055794,0.07729468599033816,0.07766990291262135,sprint,0.09615384615384616,0.0658682634730539,0.08333333333333333,0.2,0.09433962264150944,0.09836065573770492,0.07954545454545454,0.07507507507507508
717364,Le Havre (IRE),103,727,281,0.7840440165061898,10.443603851444292,3.0082530949105917,86.20386643233743,0.14167812929848694,0.38651994497936726,0.13508771929824562,0.16560509554140126,-0.030517376243155647,0.102803738317757,0.10869565217391304,0.15598885793871867,0.17408906882591094,staying,0.15333333333333332,0.13258426966292136,0.16666666666666666,0.13333333333333333,0.12087912087912088,0.09740259740259741,0.15714285714285714,0.1608187134502924
723341,Air Chief Marshal (IRE),2,21,4,0.8571428571428571,10.214285714285714,3.3333333333333335,80.52631578947368,0.09523809523809523,0.19047619047619047,0.1111111111111111,0.0,0.1111111111111111,0.0,0.0,0.25,0.14285714285714285,middle,0.25,0.0,0.5,0.09523809523809523,0.09523809523809523,0.16666666666666666,0.0,0.07692307692307693
723367,Cape Blanco (IRE),10,97,32,0.7422680412371134,9.438144329896907,3.3195876288659796,81.85333333333334,0.10309278350515463,0.32989690721649484,0.1111111111111111,0.08,0.031111111111111103,0.058823529411764705,0.0851063829787234,0.15789473684210525,0.19047619047619047,staying,0.15384615384615385,0.09523809523809523,0.0,0.0,0.0,0.0,0.14285714285714285,0.125
726295,Starspangledbanner (AUS),193,1686,578,0.7758007117437722,6.946026097271649,3.1032028469750887,84.0821068938807,0.11447212336892053,0.3428232502965599,0.1154434250764526,0.1111111111111111,0.004332313965341492,0.11818181818181818,0.11688311688311688,0.10270270270270271,0.0,sprint,0.1425,0.10679611650485436,0.1024390243902439,0.09803921568627451,0.11224489795918367,0.06583072100313479,0.12937062937062938,0.12768361581920903
727653,Quality Road (USA),12,106,31,0.46226415094339623,8.25,3.292452830188679,85.31818181818181,0.11320754716981132,0.29245283018867924,0.14285714285714285,0.08771929824561403,0.05513784461152882,0.13953488372093023,0.109375,0.1,0.0,sprint,0.16666666666666666,0.0945945945945946,0.16666666666666666,0.0,0.1,0.14285714285714285,0.17647058823529413,0.09230769230769231
729805,Red Jazz (USA),17,213,60,0.8403755868544601,7.122065727699531,3.1784037558685445,82.48850574712644,0.07981220657276995,0.28169014084507044,0.0782122905027933,0.08823529411764706,-0.010023003614853768,0.09032258064516129,0.04819277108433735,0.06896551724137931,0.0,sprint,0.1111111111111111,0.064,0.07142857142857142,0.16666666666666666,0.05263157894736842,0.06976744186046512,0.03125,0.10084033613445378
731600,Alfred Nobel (IRE),8,128,33,0.8828125,6.72265625,3.375,79.3125,0.0625,0.2578125,0.05309734513274336,0.13333333333333333,-0.08023598820058997,0.05714285714285714,0.06,0.2,0.0,middle,0.07407407407407407,0.060240963855421686,0.0,0.3333333333333333,0.0,0.05555555555555555,0.07692307692307693,0.0641025641025641
732354,Canford Cliffs (IRE),91,1040,307,0.6884615384615385,8.200961538461538,3.1807692307692306,84.11981566820276,0.0875,0.2951923076923077,0.08379888268156424,0.09567901234567901,-0.011880129664114766,0.10231660231660232,0.0826271186440678,0.06857142857142857,0.10884353741496598,staying,0.08837209302325581,0.09246088193456614,0.06481481481481481,0.0,0.0379746835443038,0.08823529411764706,0.10144927536231885,0.0890909090909091
732364,Frozen Power (IRE),25,304,93,0.6447368421052632,7.470394736842105,3.424342105263158,82.21455938697318,0.08223684210526316,0.3059210526315789,0.08163265306122448,0.08333333333333333,-0.0017006802721088454,0.07575757575757576,0.07766990291262135,0.11538461538461539,0.12,staying,0.13043478260869565,0.06989247311827956,0.0,0.0,0.0,0.08888888888888889,0.05172413793103448,0.09375
733304,Siyouni (FR),168,1545,565,0.7229773462783171,8.154045307443365,2.925566343042071,87.35100401606425,0.1087378640776699,0.3656957928802589,0.10295434198746643,0.12383177570093458,-0.020877433713468146,0.10074074074074074,0.11409395973154363,0.11594202898550725,0.10687022900763359,middle,0.1105121293800539,0.1157684630738523,0.07913669064748201,0.0,0.09322033898305085,0.1,0.10661764705882353,0.11908177905308465
733706,Arcano (IRE),132,1155,348,0.7515151515151515,7.761038961038961,3.0588744588744587,85.05463414634146,0.11428571428571428,0.3012987012987013,0.11175115207373272,0.12195121951219512,-0.010200067438462398,0.10197368421052631,0.1228813559322034,0.12015503875968993,0.0975609756097561,mile,0.1284722222222222,0.10911602209944751,0.12605042016806722,0.041666666666666664,0.09302325581395349,0.11552346570397112,0.09090909090909091,0.12959381044487428
734508,Rajsaman (FR),3,56,15,0.48214285714285715,10.080357142857142,3.517857142857143,78.80434782608695,0.05357142857142857,0.26785714285714285,0.037037037037037035,0.06896551724137931,-0.031928480204342274,0.0,0.0,0.07894736842105263,0.0,middle,0.1111111111111111,0.045454545454545456,0.0,0.05357142857142857,0.0,0.0,0.15384615384615385,0.02702702702702703
735135,Xtension (IRE),9,46,18,0.34782608695652173,8.445652173913043,3.369565217391304,83.48780487804878,0.1956521739130435,0.391304347826087,0.125,0.23333333333333334,-0.10833333333333334,0.15789473684210525,0.16129032258064516,0.18181818181818182,0.5,staying,0.3333333333333333,0.1794871794871795,0.0,0.1956521739130435,0.1956521739130435,0.4166666666666667,0.2,0.10344827586206896
735822,Dick Turpin (IRE),24,279,82,0.8136200716845878,8.370967741935484,3.390681003584229,80.92444444444445,0.08602150537634409,0.2939068100358423,0.1013215859030837,0.019230769230769232,0.08209081667231446,0.07894736842105263,0.049019607843137254,0.11570247933884298,0.15789473684210525,staying,0.13513513513513514,0.055900621118012424,0.13513513513513514,0.0,0.16666666666666666,0.0625,0.07692307692307693,0.0847457627118644
736110,Showcasing (GB),311,2954,927,0.7532159783344617,6.5489167230873395,3.1960054163845633,82.68091954022988,0.1052809749492214,0.3138117806364252,0.10516853932584269,0.1056241426611797,-0.00045560333533700703,0.10772442588726514,0.08870116156282999,0.09239130434782608,0.07462686567164178,sprint,0.09749303621169916,0.10950080515297907,0.10932475884244373,0.04838709677419355,0.10625,0.09977827050997783,0.09941520467836257,0.10838323353293414
737653,Vale Of York (IRE),12,228,61,0.7631578947368421,7.2105263157894735,3.276315789473684,81.5668202764977,0.05263157894736842,0.2675438596491228,0.05747126436781609,0.037037037037037035,0.020434227330779056,0.025974025974025976,0.09523809523809523,0.037037037037037035,0.04,mile,0.06896551724137931,0.04477611940298507,0.06896551724137931,0.0,0.14285714285714285,0.058823529411764705,0.03636363636363636,0.048
737740,Elusive Pimpernel (USA),5,75,15,0.7466666666666667,8.14,3.3333333333333335,81.55737704918033,0.06666666666666667,0.2,0.07142857142857142,0.05263157894736842,0.018796992481203006,0.16666666666666666,0.07142857142857142,0.0,0.0,sprint,0.058823529411764705,0.0851063829787234,0.0,0.0,0.25,0.0,0.0,0.08888888888888889
737744,Poets Voice (GB),171,1636,552,0.7616136919315404,8.005501222493887,3.2689486552567235,82.14567526555388,0.10452322738386308,0.3374083129584352,0.10834670947030497,0.09230769230769231,0.016039017162612662,0.10290556900726393,0.10980392156862745,0.11363636363636363,0.125,staying,0.10989010989010989,0.09683794466403162,0.125,0.1346153846153846,0.09210526315789473,0.07232704402515723,0.10240963855421686,0.11758241758241758
738816,Society Rock (IRE),85,825,258,0.7042424242424242,6.64,3.1951515151515153,81.80979827089337,0.10303030303030303,0.31272727272727274,0.10843373493975904,0.09016393442622951,0.018269800513529527,0.10939907550077041,0.08530805687203792,0.04838709677419355,0.06060606060606061,sprint,0.15137614678899083,0.08548707753479125,0.0975609756097561,0.045454545454545456,0.06896551724137931,0.10625,0.14705882352941177,0.08924485125858124
739856,Bated Breath (GB),220,1862,653,0.7266380236305048,6.944414607948443,3.189044038668099,83.21849315068494,0.11815252416756176,0.3506981740064447,0.11603843311160385,0.1237721021611002,-0.00773366904949635,0.12232415902140673,0.12359550561797752,0.12666666666666668,0.10344827586206896,middle,0.12280701754385964,0.12447078746824725,0.07446808510638298,0.08108108108108109,0.07792207792207792,0.10198300283286119,0.09941520467836257,0.1362290227048371
739872,Planteur (IRE),14,77,34,0.7272727272727273,11.14935064935065,2.5324675324675323,96.703125,0.18181818181818182,0.44155844155844154,0.21428571428571427,0.09523809523809523,0.11904761904761904,0.0,0.06060606060606061,0.11764705882352941,0.36363636363636365,staying,0.0,0.16393442622950818,0.2727272727272727,0.5,0.4,0.2,0.07692307692307693,0.041666666666666664
740067,Lookin At Lucky (USA),2,23,6,0.6086956521739131,9.5,3.4782608695652173,79.89473684210526,0.08695652173913043,0.2608695652173913,0.07142857142857142,0.1111111111111111,-0.03968253968253968,0.2,0.1111111111111111,0.0,0.2,sprint,0.0,0.125,0.0,0.08695652173913043,0.0,0.3333333333333333,0.0,0.0625
740981,Lope De Vega (IRE),574,4038,1526,0.7357602773650322,8.77612679544329,2.82862803368004,88.04934210526316,0.1421495789995047,0.3779098563645369,0.13901043419724,0.15089034676663543,-0.01187991256939544,0.1525649566955363,0.1453083109919571,0.14219830899308225,0.11925287356321838,sprint,0.1423312883435583,0.14000767165324127,0.1401673640167364,0.18840579710144928,0.10574018126888217,0.13096446700507614,0.13824289405684753,0.16573902288188003
742548,So You Think (NZ),8,71,27,0.7464788732394366,11.17605633802817,3.4788732394366195,78.74468085106383,0.11267605633802817,0.38028169014084506,0.09433962264150944,0.16666666666666666,-0.07232704402515722,0.0,0.0,0.11538461538461539,0.14285714285714285,staying,0.0,0.18604651162790697,0.0,0.0,0.0,0.0,0.4,0.08333333333333333
742668,Blame (USA),11,122,41,0.47540983606557374,8.270491803278688,2.9344262295081966,85.05208333333333,0.09016393442622951,0.3360655737704918,0.06896551724137931,0.109375,-0.04040948275862069,0.07142857142857142,0.07017543859649122,0.10810810810810811,0.1,middle,0.07142857142857142,0.09195402298850575,0.2,0.0,0.0,0.08695652173913043,0.1111111111111111,0.11864406779661017
745138,Dunaden (FR),14,90,27,0.7888888888888889,12.883333333333333,2.8,88.72857142857143,0.15555555555555556,0.3,0.15492957746478872,0.15789473684210525,-0.002965159377316534,0.0,0.15384615384615385,0.09090909090909091,0.1896551724137931,staying,0.1111111111111111,0.1694915254237288,0.16666666666666666,0.0,0.1,0.18181818181818182,0.3333333333333333,0.08571428571428572
748243,Nathaniel (IRE),232,1689,650,0.7957371225577264,11.886619301361753,2.996447602131439,85.0807210031348,0.1373593842510361,0.3848431024274719,0.13541666666666666,0.14492753623188406,-0.009510869565217406,0.072,0.10029498525073746,0.1573187414500684,0.1511156186612576,middle,0.13866666666666666,0.13958125623130607,0.12449799196787148,0.14516129032258066,0.17427385892116182,0.08841463414634146,0.1518987341772152,0.14054726368159204
748255,Reliable Man (GB),5,94,31,0.7978723404255319,11.558510638297872,3.1702127659574466,83.0375,0.05319148936170213,0.32978723404255317,0.06666666666666667,0.0,0.06666666666666667,0.08333333333333333,0.038461538461538464,0.06666666666666667,0.04081632653061224,sprint,0.047619047619047616,0.037037037037037035,0.0,0.2857142857142857,0.0,0.0,0.1,0.06
749313,Excelebration (IRE),90,805,302,0.8136645962732919,8.224844720496895,3.018633540372671,85.84148148148148,0.11180124223602485,0.37515527950310557,0.12213740458015267,0.06666666666666667,0.055470737913486,0.10837438423645321,0.11576354679802955,0.09090909090909091,0.1559633027522936,staying,0.10232558139534884,0.11392405063291139,0.11764705882352941,0.14285714285714285,0.09375,0.07109004739336493,0.11363636363636363,0.1384180790960452
749478,Wootton Bassett (GB),126,927,336,0.7799352750809061,8.423408845738942,2.7691477885652644,89.56199677938808,0.13592233009708737,0.36245954692556637,0.14246196403872752,0.11274509803921569,0.02971686599951183,0.14540816326530612,0.1310483870967742,0.15702479338842976,0.12403100775193798,middle,0.1288888888888889,0.13217391304347825,0.1792452830188679,0.09523809523809523,0.12807881773399016,0.15763546798029557,0.1349206349206349,0.1291139240506329
749764,Zebedee (GB),156,1571,465,0.7644812221514958,6.475175047740293,3.0496499045194145,84.46293494704993,0.09929980903882878,0.29598981540420116,0.09242298084929226,0.12162162162162163,-0.029198640772329365,0.10044977511244378,0.08256880733944955,0.07692307692307693,0.14925373134328357,staying,0.10199004975124377,0.10060975609756098,0.08441558441558442,0.0967741935483871,0.08333333333333333,0.10024449877750612,0.11469534050179211,0.09587217043941411
752305,Makfi (GB),105,778,282,0.8020565552699229,9.19280205655527,3.0784061696658096,83.54185022026432,0.13496143958868895,0.36246786632390743,0.1282051282051282,0.16233766233766234,-0.03413253413253414,0.12301587301587301,0.14084507042253522,0.1422924901185771,0.16265060240963855,staying,0.13548387096774195,0.1443089430894309,0.07964601769911504,0.2222222222222222,0.07058823529411765,0.1111111111111111,0.1794871794871795,0.140625
753279,Elzaam (AUS),67,664,217,0.7560240963855421,7.262801204819277,3.1295180722891565,83.52983725135624,0.10090361445783133,0.32680722891566266,0.10159362549800798,0.09876543209876543,0.0028281933992425484,0.10294117647058823,0.09840425531914894,0.09333333333333334,0.0,sprint,0.06993006993006994,0.09558823529411764,0.15217391304347827,0.19047619047619047,0.018518518518518517,0.07518796992481203,0.1,0.12538226299694188
755364,Worthadd (IRE),1,25,6,0.6,7.88,3.16,81.61111111111111,0.04,0.24,0.0,0.1,-0.1,0.0,0.0,0.125,0.3333333333333333,staying,0.0,0.06666666666666667,0.04,0.04,0.0,0.0,0.25,0.0
756093,Zoffany (IRE),265,2330,815,0.7493562231759656,8.74442060085837,3.117596566523605,84.35531914893618,0.11373390557939914,0.3497854077253219,0.1111111111111111,0.12157534246575342,-0.01046423135464232,0.10344827586206896,0.12468407750631845,0.11563517915309446,0.10404624277456648,mile,0.10019646365422397,0.11289245156980628,0.1417910447761194,0.125,0.13247863247863248,0.09341825902335456,0.09466019417475728,0.12448474855729597
756946,Mayson (GB),229,2157,700,0.7547519703291609,6.3910523875753364,3.146036161335188,83.10339256865913,0.1061659712563746,0.3245248029670839,0.10073710073710074,0.12287334593572778,-0.022136245198627044,0.10822749861954721,0.08675078864353312,0.11702127659574468,0.14285714285714285,staying,0.08663366336633663,0.11398963730569948,0.09090909090909091,0.12380952380952381,0.08333333333333333,0.0899581589958159,0.09691629955947137,0.12025901942645699
757547,Roderic Oconnor (IRE),40,475,144,0.7936842105263158,7.28,3.0926315789473686,82.48507462686567,0.08421052631578947,0.3031578947368421,0.08488063660477453,0.08163265306122448,0.003247983543550048,0.07719298245614035,0.06607929515418502,0.10810810810810811,0.05263157894736842,middle,0.08411214953271028,0.07876712328767123,0.1016949152542373,0.11764705882352941,0.08333333333333333,0.04,0.09195402298850575,0.1
758138,Approve (IRE),50,451,151,0.7405764966740577,6.289356984478935,3.11529933481153,83.33582089552239,0.11086474501108648,0.3348115299334812,0.1317365269461078,0.05128205128205128,0.08045447566405652,0.11140583554376658,0.09933774834437085,0.14285714285714285,0.14285714285714285,middle,0.1,0.11355311355311355,0.14583333333333334,0.0,0.08333333333333333,0.12871287128712872,0.11235955056179775,0.10666666666666667
760422,Casamento (IRE),58,559,181,0.6905187835420393,8.684257602862255,3.1538461538461537,84.38095238095238,0.1037567084078712,0.32379248658318427,0.09326424870466321,0.12716763005780346,-0.03390338135314025,0.06938775510204082,0.08878504672897196,0.15862068965517243,0.17592592592592593,staying,0.1,0.11594202898550725,0.04918032786885246,0.07692307692307693,0.10416666666666667,0.08849557522123894,0.1553398058252427,0.09152542372881356
761072,Dream Ahead (USA),130,1184,423,0.7736486486486487,6.764358108108108,3.01097972972973,85.93515704154002,0.1097972972972973,0.3572635135135135,0.11135371179039301,0.1044776119402985,0.006876099850094505,0.10997732426303855,0.09032258064516129,0.09615384615384616,0.09523809523809523,sprint,0.09230769230769231,0.11263736263736264,0.11409395973154363,0.14893617021276595,0.11678832116788321,0.12099644128113879,0.11616161616161616,0.10035211267605634
762158,Farhh (GB),95,611,263,0.7495908346972177,9.884615384615385,2.6890343698854338,90.58119658119658,0.15548281505728315,0.43044189852700493,0.15065502183406113,0.16993464052287582,-0.019279618688814698,0.1476510067114094,0.17132867132867133,0.16355140186915887,0.14358974358974358,mile,0.176,0.14728682170542637,0.17333333333333334,0.125,0.11290322580645161,0.10975609756097561,0.2376237623762376,0.17567567567567569
763225,Twirling Candy (USA),3,28,12,0.4642857142857143,7.785714285714286,3.25,83.8125,0.10714285714285714,0.42857142857142855,0.15384615384615385,0.06666666666666667,0.08717948717948719,0.08333333333333333,0.08695652173913043,0.4,0.10714285714285714,middle,0.0,0.1,0.3333333333333333,0.10714285714285714,0.3333333333333333,0.0,0.25,0.058823529411764705
763453,Frankel (GB),508,2823,1244,0.8097768331562167,10.170740347148424,2.5412681544456253,92.71475256769375,0.17995040736804818,0.4406659582004959,0.17935258092738407,0.1824953445065177,-0.003142763579133623,0.1743119266055046,0.17490118577075098,0.18451400329489293,0.18534031413612564,staying,0.19367088607594937,0.17879161528976573,0.16519174041297935,0.125,0.15594059405940594,0.14606741573033707,0.20758928571428573,0.2097457627118644
764529,French Navy (GB),4,53,15,0.6226415094339622,9.830188679245284,2.7547169811320753,85.47826086956522,0.07547169811320754,0.2830188679245283,0.09090909090909091,0.05,0.04090909090909091,0.0,0.08,0.06666666666666667,0.07692307692307693,mile,0.125,0.0625,0.0,0.0,0.0,0.0,0.21428571428571427,0.06666666666666667
766020,Stay Thirsty (USA),2,32,12,0.46875,6.21875,3.5625,78.85185185185185,0.0625,0.375,0.06666666666666667,0.058823529411764705,0.00784313725490196,0.06666666666666667,0.14285714285714285,0.0,0.0625,mile,0.1,0.047619047619047616,0.0,0.0625,0.0,0.0,0.5,0.04
767000,Maxios (GB),15,148,47,0.7432432432432432,12.280405405405405,3.2094594594594597,84.070796460177,0.10135135135135136,0.31756756756756754,0.10909090909090909,0.07894736842105263,0.03014354066985646,0.0,0.15625,0.11904761904761904,0.06666666666666667,mile,0.11904761904761904,0.09876543209876543,0.0,0.2,0.0,0.11904761904761904,0.09523809523809523,0.09876543209876543
768173,Al Kazeem (GB),40,327,117,0.7951070336391437,7.425076452599388,3.0611620795107033,83.41947565543072,0.12232415902140673,0.3577981651376147,0.14615384615384616,0.029850746268656716,0.11630309988518944,0.11004784688995216,0.1276595744680851,0.14814814814814814,0.058823529411764705,middle,0.14606741573033707,0.10714285714285714,0.12903225806451613,0.18181818181818182,0.07692307692307693,0.078125,0.1774193548387097,0.12962962962962962
768597,Uncle Mo (USA),5,25,10,0.68,7.22,2.56,90.875,0.2,0.4,0.17647058823529413,0.25,-0.07352941176470587,0.23076923076923078,0.2857142857142857,0.0,0.2,mile,0.2,0.15384615384615385,0.2,0.5,0.125,0.2,0.0,0.3
769921,Pour Moi (IRE),37,348,124,0.7614942528735632,11.084770114942529,3.2126436781609193,82.01760563380282,0.10632183908045977,0.3563218390804598,0.12075471698113208,0.060240963855421686,0.06051375312571039,0.10526315789473684,0.07216494845360824,0.1037037037037037,0.1,sprint,0.06557377049180328,0.09956709956709957,0.1276595744680851,0.4444444444444444,0.14285714285714285,0.1,0.08333333333333333,0.11538461538461539
770558,Animal Kingdom (USA),14,110,43,0.42727272727272725,11.386363636363637,3.3727272727272726,80.54639175257732,0.12727272727272726,0.39090909090909093,0.1276595744680851,0.12698412698412698,0.0006754474839581193,0.25,0.1111111111111111,0.10256410256410256,0.17647058823529413,sprint,0.125,0.12195121951219512,0.25,0.12727272727272726,0.0,0.0625,0.09090909090909091,0.16417910447761194
771042,Hunters Light (IRE),5,55,18,0.7454545454545455,7.363636363636363,2.8181818181818183,83.70731707317073,0.09090909090909091,0.32727272727272727,0.12195121951219512,0.0,0.12195121951219512,0.1282051282051282,0.0,0.0,0.0,sprint,0.0,0.06060606060606061,0.23076923076923078,0.0,0.0,0.2857142857142857,0.0,0.038461538461538464
773055,Born To Sea (IRE),50,457,151,0.8402625820568927,9.879649890590809,3.052516411378556,83.47894736842105,0.10940919037199125,0.3304157549234136,0.11979166666666667,0.0547945205479452,0.06499714611872147,0.07058823529411765,0.10062893081761007,0.14953271028037382,0.1320754716981132,middle,0.08163265306122448,0.08778625954198473,0.19444444444444445,0.2,0.045454545454545456,0.1111111111111111,0.1411764705882353,0.10909090909090909
773288,Mukhadram (GB),48,498,154,0.6445783132530121,9.623493975903614,3.3835341365461846,80.38659793814433,0.0963855421686747,0.3092369477911647,0.08722741433021806,0.11299435028248588,-0.02576693595226781,0.05442176870748299,0.08133971291866028,0.14204545454545456,0.07377049180327869,middle,0.1111111111111111,0.09322033898305085,0.125,0.0,0.0,0.0379746835443038,0.12244897959183673,0.10855263157894737
774595,Slade Power (IRE),63,577,215,0.7400346620450606,7.350086655112651,3.1837088388214903,84.61297071129707,0.10918544194107452,0.37261698440207974,0.0936768149882904,0.15333333333333332,-0.059656518345042917,0.11081794195250659,0.091324200913242,0.08196721311475409,0.13333333333333333,staying,0.1267605633802817,0.10893854748603352,0.06779661016949153,0.1111111111111111,0.1,0.11194029850746269,0.15384615384615385,0.08571428571428572
775057,Swiss Spirit (GB),90,969,264,0.6553147574819401,6.049019607843137,3.281733746130031,82.36741973840665,0.09287925696594428,0.2724458204334365,0.09133858267716535,0.09580838323353294,-0.004469800556367587,0.09265944645006016,0.1062992125984252,0.05,0.09287925696594428,mile,0.11538461538461539,0.08995502248875563,0.03389830508474576,0.1111111111111111,0.034482758620689655,0.10050251256281408,0.10426540284360189,0.08867924528301886
775930,Dialed In (USA),6,66,26,0.4090909090909091,10.613636363636363,2.5,90.94915254237289,0.09090909090909091,0.3939393939393939,0.0,0.15384615384615385,-0.15384615384615385,0.07692307692307693,0.06666666666666667,0.08695652173913043,0.0625,middle,0.0,0.1276595744680851,0.0,0.09090909090909091,0.0,0.08,0.125,0.14285714285714285
777155,Sepoy (AUS),89,913,300,0.6944140197152245,6.911281489594742,3.1851040525739323,83.09201623815967,0.09748083242059145,0.32858707557502737,0.08990536277602523,0.11469534050179211,-0.024789977725766882,0.10771704180064309,0.09692671394799054,0.07692307692307693,0.0,sprint,0.112,0.09124087591240876,0.11827956989247312,0.0,0.07291666666666667,0.10071942446043165,0.07865168539325842,0.108
777681,The Factor (USA),2,35,6,0.42857142857142855,7.985714285714286,3.4571428571428573,79.8695652173913,0.05714285714285714,0.17142857142857143,0.06666666666666667,0.05,0.016666666666666663,0.06666666666666667,0.05263157894736842,0.1111111111111111,0.0,middle,0.1,0.043478260869565216,0.0,0.05714285714285714,0.0,0.0,0.0,0.08
778873,Burwaaz (GB),2,29,12,0.9655172413793104,5.344827586206897,2.9655172413793105,81.32142857142857,0.06896551724137931,0.41379310344827586,0.07142857142857142,0.0,0.07142857142857142,0.07142857142857142,0.0,0.06896551724137931,0.06896551724137931,sprint,0.2222222222222222,0.0,0.0,0.06896551724137931,0.0,0.0,0.14285714285714285,0.09090909090909091
779232,Power (GB),43,436,140,0.7729357798165137,7.279816513761468,3.2981651376146788,81.08516483516483,0.09862385321100918,0.3211009174311927,0.09198813056379822,0.12121212121212122,-0.029223990648322998,0.09454545454545454,0.125,0.07692307692307693,0.07692307692307693,mile,0.11029411764705882,0.0975609756097561,0.05263157894736842,0.125,0.06451612903225806,0.11594202898550725,0.12,0.09195402298850575
779353,Helmet (AUS),107,1102,373,0.691470054446461,8.431488203266788,3.340290381125227,81.35400225479142,0.09709618874773139,0.338475499092559,0.09055118110236221,0.11176470588235295,-0.021213524779990736,0.08484848484848485,0.08671586715867159,0.08860759493670886,0.12337662337662338,staying,0.10996563573883161,0.08199121522693997,0.0970873786407767,0.36,0.044444444444444446,0.06951871657754011,0.11009174311926606,0.10429447852760736
779870,Tough As Nails (IRE),3,23,8,0.43478260869565216,8.173913043478262,3.260869565217391,84.86363636363636,0.13043478260869565,0.34782608695652173,0.1,0.15384615384615385,-0.05384615384615385,0.3333333333333333,0.15789473684210525,0.0,0.13043478260869565,sprint,0.0,0.16666666666666666,0.0,0.0,0.13043478260869565,0.0,0.14285714285714285,0.18181818181818182
780033,Foxwedge (AUS),67,658,207,0.8009118541033434,7.257598784194529,3.142857142857143,82.54710144927536,0.10182370820668693,0.31458966565349544,0.09867172675521822,0.11450381679389313,-0.015832090038674904,0.10023866348448687,0.1152542372881356,0.12871287128712872,0.041666666666666664,middle,0.10880829015544041,0.09283819628647215,0.13333333333333333,0.07692307692307693,0.034482758620689655,0.09848484848484848,0.11904761904761904,0.10818713450292397
781010,Fulbright (GB),2,27,7,0.25925925925925924,8.277777777777779,3.6296296296296298,73.85,0.07407407407407407,0.25925925925925924,0.0,0.1,-0.1,0.0,0.15384615384615385,0.0,0.0,mile,0.0,0.08,0.0,0.07407407407407407,0.07407407407407407,0.0,0.25,0.05
781844,Requinto (IRE),68,560,194,0.8053571428571429,6.822321428571429,3.2392857142857143,81.97430406852249,0.12142857142857143,0.3464285714285714,0.13082039911308205,0.08256880733944955,0.0482515917736325,0.11893203883495146,0.1346938775510204,0.08888888888888889,0.0,mile,0.09375,0.13157894736842105,0.1232876712328767,0.11764705882352941,0.125,0.08333333333333333,0.14035087719298245,0.1291390728476821
782259,Lilbourne Lad (IRE),30,425,124,0.7670588235294118,7.287058823529412,3.3388235294117647,79.87573964497041,0.07058823529411765,0.2917647058823529,0.06134969325153374,0.10101010101010101,-0.039660407758567266,0.040145985401459854,0.07650273224043716,0.1506849315068493,0.2222222222222222,staying,0.05309734513274336,0.08494208494208494,0.044444444444444446,0.0,0.045454545454545456,0.08823529411764706,0.0759493670886076,0.06640625
783332,Es Que Love (IRE),18,133,52,0.7293233082706767,5.962406015037594,3.3684210526315788,81.22950819672131,0.13533834586466165,0.39097744360902253,0.14432989690721648,0.1111111111111111,0.03321878579610538,0.14516129032258066,0.17647058823529413,0.0,0.0,mile,0.08571428571428572,0.16049382716049382,0.07692307692307693,0.25,0.125,0.11764705882352941,0.07692307692307693,0.15853658536585366
783335,Lethal Force (IRE),133,1191,408,0.7195633921074727,6.736775818639798,3.1830394626364398,82.13581488933602,0.11167086481947942,0.3425692695214106,0.11318553092182031,0.10778443113772455,0.005401099784095753,0.11330561330561331,0.11734693877551021,0.0875,0.10869565217391304,mile,0.14244186046511628,0.10612244897959183,0.056179775280898875,0.043478260869565216,0.07042253521126761,0.09387755102040816,0.1111111111111111,0.12396694214876033
784836,Harbour Watch (IRE),75,723,234,0.7634854771784232,7.56984785615491,3.0982019363762103,84.29422066549913,0.1037344398340249,0.3236514522821577,0.1105072463768116,0.08187134502923976,0.028635901347571838,0.10135135135135136,0.10996563573883161,0.1134020618556701,0.16,staying,0.12087912087912088,0.09656652360515021,0.09836065573770492,0.14285714285714285,0.13580246913580246,0.08176100628930817,0.15384615384615385,0.09438775510204081
784856,Camelot (GB),164,1576,554,0.7925126903553299,10.523159898477157,2.9098984771573604,86.44970906068163,0.10406091370558376,0.35152284263959394,0.10408326661329063,0.10397553516819572,0.00010773144509491905,0.11504424778761062,0.10020040080160321,0.09040333796940195,0.1065989847715736,sprint,0.0870712401055409,0.10096670247046187,0.14146341463414633,0.13114754098360656,0.07317073170731707,0.10465116279069768,0.07876712328767123,0.12536023054755044
784865,Gregorian (IRE),36,416,117,0.7884615384615384,7.287259615384615,3.1971153846153846,80.18927444794953,0.08653846153846154,0.28125,0.09451219512195122,0.056818181818181816,0.037694013303769404,0.06792452830188679,0.06862745098039216,0.17073170731707318,0.05555555555555555,middle,0.1,0.08333333333333333,0.09259259259259259,0.05555555555555555,0.06896551724137931,0.041666666666666664,0.09375,0.0975609756097561
785465,Universal (IRE),10,79,24,0.5443037974683544,10.689873417721518,3.088607594936709,87.12244897959184,0.12658227848101267,0.3037974683544304,0.11627906976744186,0.1388888888888889,-0.022609819121447036,0.09090909090909091,0.08333333333333333,0.17647058823529413,0.14285714285714285,middle,0.25,0.1016949152542373,0.0,0.0,0.08333333333333333,0.3333333333333333,0.08333333333333333,0.09302325581395349
786762,Dragon Pulse (IRE),86,763,285,0.6972477064220184,7.891874180865006,3.2673656618610747,81.36900958466454,0.1127129750982962,0.3735255570117955,0.10150375939849623,0.13852813852813853,-0.03702437912964229,0.10046728971962617,0.12941176470588237,0.12195121951219512,0.12612612612612611,mile,0.1111111111111111,0.12450592885375494,0.056818181818181816,0.0625,0.029411764705882353,0.11724137931034483,0.10778443113772455,0.11990407673860912
789745,Most Improved (IRE),3,46,12,0.8478260869565217,9.76086956521739,3.5434782608695654,76.96875,0.06521739130434782,0.2608695652173913,0.07692307692307693,0.0,0.07692307692307693,0.0,0.0,0.07142857142857142,0.15384615384615385,staying,0.15384615384615385,0.0,0.1,0.0,0.0,0.0,0.16666666666666666,0.06060606060606061
789808,Heeraat (IRE),54,566,161,0.7208480565371025,6.131625441696113,3.208480565371025,82.32426303854875,0.09540636042402827,0.284452296819788,0.09313725490196079,0.10126582278481013,-0.008128567882849339,0.09166666666666666,0.10975609756097561,0.1111111111111111,0.09540636042402827,middle,0.09243697478991597,0.07988980716253444,0.13333333333333333,0.25,0.1111111111111111,0.11475409836065574,0.08130081300813008,0.09183673469387756
790331,Noble Mission (GB),25,253,79,0.6600790513833992,9.73913043478261,3.1185770750988144,85.94174757281553,0.09881422924901186,0.31225296442687744,0.1317365269461078,0.03488372093023256,0.09685280601587523,0.11267605633802817,0.07633587786259542,0.07692307692307693,0.19402985074626866,staying,0.08695652173913043,0.10497237569060773,0.0,0.2857142857142857,0.18181818181818182,0.058823529411764705,0.05454545454545454,0.12
790757,Dabirsim (FR),40,364,112,0.717032967032967,7.289835164835165,3.258241758241758,82.37818181818182,0.10989010989010989,0.3076923076923077,0.10344827586206896,0.1262135922330097,-0.022765316370940744,0.11353711790393013,0.09655172413793103,0.11290322580645161,0.0,sprint,0.0875,0.128099173553719,0.05714285714285714,0.0,0.02702702702702703,0.09803921568627451,0.10526315789473684,0.1278538812785388
791717,Union Rags (USA),0,26,6,0.5,9.5,3.6153846153846154,78.88888888888889,0.0,0.23076923076923078,0.0,0.0,0.0,0.0,0.0,0.0,0.0,sprint,0.0,0.0,0.0,0.0,0.0,0.0,0.0,0.0
794491,Pastorius (GER),4,45,16,0.8222222222222222,10.511111111111111,2.8666666666666667,88.3157894736842,0.08888888888888889,0.35555555555555557,0.10810810810810811,0.0,0.10810810810810811,0.0,0.14285714285714285,0.09090909090909091,0.0,mile,0.0,0.07142857142857142,0.14285714285714285,0.5,0.08888888888888889,0.05,0.18181818181818182,0.07142857142857142
795222,Pearl Secret (GB),22,191,47,0.7958115183246073,6.301047120418848,3.18848167539267,80.93589743589743,0.11518324607329843,0.24607329842931938,0.1118421052631579,0.1282051282051282,-0.0163630229419703,0.11728395061728394,0.05,0.16666666666666666,0.07142857142857142,middle,0.15,0.0975609756097561,0.1,0.25,0.0,0.0975609756097561,0.12,0.13761467889908258
796570,Sun Central (IRE),3,22,10,0.8181818181818182,14.181818181818182,3.8181818181818183,71.29411764705883,0.13636363636363635,0.45454545454545453,0.16666666666666666,0.0,0.16666666666666666,0.0,0.0,0.0,0.17647058823529413,staying,0.0,0.2,0.0,0.13636363636363635,0.13636363636363635,0.0,0.5,0.10526315789473684
800166,Sir Prancealot (IRE),113,931,329,0.7551020408163265,6.830290010741138,3.0343716433942,84.8169014084507,0.12137486573576799,0.3533834586466165,0.12944523470839261,0.09649122807017543,0.03295400663821718,0.1289855072463768,0.12580645161290321,0.1,0.08823529411764706,sprint,0.14173228346456693,0.12386156648451731,0.0891089108910891,0.0,0.11827956989247312,0.1148936170212766,0.12,0.12582781456953643
800174,Toronado (IRE),67,633,207,0.6714060031595577,8.218009478672986,3.146919431279621,83.8574144486692,0.10584518167456557,0.32701421800947866,0.09411764705882353,0.12980769230769232,-0.03569004524886879,0.12544802867383512,0.10263929618768329,0.07692307692307693,0.043478260869565216,sprint,0.10273972602739725,0.11737089201877934,0.0425531914893617,0.0,0.08064516129032258,0.05217391304347826,0.10483870967741936,0.12951807228915663
800182,Magician (IRE),6,35,12,0.6571428571428571,13.228571428571428,3.057142857142857,81.10714285714286,0.17142857142857143,0.34285714285714286,0.08695652173913043,0.3333333333333333,-0.24637681159420288,0.0,0.0,0.0,0.2608695652173913,staying,0.25,0.17391304347826086,0.0,0.17142857142857143,0.0,0.1,0.0,0.25
800198,Battle Of Marengo (IRE),5,65,19,0.8461538461538461,9.961538461538462,3.5692307692307694,75.86666666666666,0.07692307692307693,0.2923076923076923,0.07272727272727272,0.1,-0.027272727272727282,0.041666666666666664,0.06896551724137931,0.08333333333333333,0.12,staying,0.1,0.09090909090909091,0.0,0.0,0.07692307692307693,0.0,0.0,0.10638297872340426
800342,Ruler Of The World (IRE),4,43,9,0.7209302325581395,9.5,3.4186046511627906,84.7,0.09302325581395349,0.20930232558139536,0.0967741935483871,0.08333333333333333,0.013440860215053765,0.0,0.14285714285714285,0.058823529411764705,0.0,mile,0.3333333333333333,0.03571428571428571,0.2,0.0,0.2,0.0,0.5,0.0625
800750,Declaration Of War (USA),49,392,148,0.7295918367346939,10.036989795918368,2.954081632653061,85.09146341463415,0.125,0.37755102040816324,0.1048951048951049,0.1792452830188679,-0.07435017812376302,0.13592233009708737,0.0873015873015873,0.12056737588652482,0.14960629921259844,staying,0.1388888888888889,0.12875536480686695,0.08695652173913043,0.0,0.08823529411764706,0.09859154929577464,0.15625,0.13756613756613756
800778,Summer Front (USA),4,20,6,0.65,10.7,2.95,88.73333333333333,0.2,0.3,0.15384615384615385,0.2857142857142857,-0.13186813186813184,0.3333333333333333,0.25,0.14285714285714285,0.14285714285714285,sprint,0.2,0.21428571428571427,0.0,0.2,0.0,0.0,0.0,0.5
802074,Reckless Abandon (GB),3,28,12,0.7142857142857143,7.803571428571429,2.7857142857142856,88.85,0.10714285714285714,0.42857142857142855,0.15,0.0,0.15,0.0625,0.06666666666666667,0.2857142857142857,0.0,middle,0.0,0.13333333333333333,0.25,0.0,0.0,0.0,0.5,0.13333333333333333
802536,Havana Gold (IRE),117,1170,410,0.7504273504273504,7.112393162393162,3.2888888888888888,81.61002444987776,0.1,0.3504273504273504,0.08542141230068337,0.14383561643835616,-0.05841420413767279,0.1090458488228005,0.07924528301886792,0.12413793103448276,0.13333333333333333,staying,0.08496732026143791,0.11605937921727395,0.05102040816326531,0.0,0.13,0.11299435028248588,0.11235955056179775,0.08951048951048951
805197,Pedro The Great (USA),4,76,24,0.9078947368421053,7.572368421052632,2.513157894736842,92.77464788732394,0.05263157894736842,0.3157894736842105,0.057971014492753624,0.0,0.057971014492753624,0.058823529411764705,0.03125,0.0,0.0,sprint,0.08333333333333333,0.05405405405405406,0.0,0.0,0.0,0.08,0.0,0.0
805266,Alhebayeb (IRE),19,291,73,0.8144329896907216,7.237113402061856,3.4364261168384878,77.40444444444445,0.06529209621993128,0.2508591065292096,0.05485232067510549,0.1111111111111111,-0.056258790436005617,0.04,0.06722689075630252,0.10344827586206896,0.21052631578947367,staying,0.041666666666666664,0.07407407407407407,0.038461538461538464,0.2857142857142857,0.0,0.07272727272727272,0.09523809523809523,0.05789473684210526
805556,Bungle Inthejungle (GB),82,838,241,0.8329355608591885,5.741050119331742,3.217183770883055,80.5536028119508,0.09785202863961814,0.28758949880668255,0.10458452722063037,0.06428571428571428,0.04029881293491609,0.10087173100871731,0.029411764705882353,0.0,0.09785202863961814,sprint,0.09236947791164658,0.09819639278557114,0.12195121951219512,0.0,0.13924050632911392,0.08275862068965517,0.10852713178294573,0.09278350515463918
805559,Gale Force Ten (GB),20,154,64,0.7142857142857143,7.14935064935065,2.9675324675324677,86.2734375,0.12987012987012986,0.4155844155844156,0.16363636363636364,0.045454545454545456,0.11818181818181818,0.128,0.03225806451612903,0.08333333333333333,0.21428571428571427,staying,0.1951219512195122,0.09900990099009901,0.16666666666666666,0.12987012987012986,0.125,0.1891891891891892,0.05405405405405406,0.140625
806738,Dawn Approach (IRE),42,423,141,0.6666666666666666,8.35579196217494,3.198581560283688,84.90940766550523,0.09929078014184398,0.3333333333333333,0.09574468085106383,0.10638297872340426,-0.010638297872340427,0.09090909090909091,0.1038961038961039,0.10344827586206896,0.10256410256410256,mile,0.1,0.10108303249097472,0.06666666666666667,0.125,0.08888888888888889,0.12698412698412698,0.15384615384615385,0.0759493670886076
806961,Epaulette (AUS),59,497,166,0.7907444668008048,7.43158953722334,3.305835010060362,81.99746192893402,0.11871227364185111,0.33400402414486924,0.12468193384223919,0.09615384615384616,0.02852808768839303,0.10355029585798817,0.11290322580645161,0.19298245614035087,0.10526315789473684,middle,0.125,0.11708860759493671,0.13432835820895522,0.05555555555555555,0.0,0.07446808510638298,0.1826086956521739,0.11313868613138686
810041,Point Of Entry (USA),4,29,12,0.6896551724137931,10.827586206896552,2.793103448275862,89.63157894736842,0.13793103448275862,0.41379310344827586,0.1,0.2222222222222222,-0.1222222222222222,0.13793103448275862,0.0,0.2222222222222222,0.09090909090909091,middle,0.25,0.09523809523809523,0.25,0.13793103448275862,0.0,0.0,0.375,0.1111111111111111
810217,Tamarkuz (USA),1,23,8,0.9130434782608695,12.41304347826087,3.4782608695652173,72.72727272727273,0.043478260869565216,0.34782608695652173,0.047619047619047616,0.0,0.047619047619047616,0.0,0.0,0.1111111111111111,0.05,middle,0.0,0.0625,0.0,0.0,0.043478260869565216,0.0,0.0,0.07142857142857142
811093,Olympic Glory (IRE),20,195,63,0.6974358974358974,9.123076923076923,3.3794871794871795,81.86046511627907,0.10256410256410256,0.3230769230769231,0.08088235294117647,0.15254237288135594,-0.07166001994017947,0.027777777777777776,0.06944444444444445,0.16176470588235295,0.15384615384615385,middle,0.04081632653061224,0.13333333333333333,0.05,0.16666666666666666,0.1,0.0,0.0967741935483871,0.12903225806451613
814257,Mazameer (IRE),1,28,3,0.7857142857142857,6.214285714285714,3.5357142857142856,70.25,0.03571428571428571,0.10714285714285714,0.045454545454545456,0.0,0.045454545454545456,0.038461538461538464,0.0,0.0,0.03571428571428571,sprint,0.0,0.07142857142857142,0.0,0.03571428571428571,0.0,0.0,0.0,0.05263157894736842
815331,Style Vendome (FR),0,23,1,0.8260869565217391,7.739130434782608,3.782608695652174,76.81818181818181,0.0,0.043478260869565216,0.0,0.0,0.0,0.0,0.0,0.0,0.0,sprint,0.0,0.0,0.0,0.0,0.0,0.0,0.0,0.0
815858,Garswood (GB),44,444,135,0.8018018018018018,7.03490990990991,3.27027027027027,82.35942028985507,0.0990990990990991,0.30405405405405406,0.09831460674157304,0.10227272727272728,-0.003958120531154241,0.10309278350515463,0.09375,0.043478260869565216,0.0,sprint,0.10344827586206896,0.08679245283018867,0.125,0.14285714285714285,0.0,0.1,0.12222222222222222,0.0975609756097561
816416,Moohaajim (IRE),7,46,14,0.6304347826086957,6.065217391304348,3.391304347826087,81.625,0.15217391304347827,0.30434782608695654,0.10344827586206896,0.23529411764705882,-0.13184584178498987,0.13953488372093023,0.16666666666666666,0.15217391304347827,0.15217391304347827,mile,0.0,0.21428571428571427,0.25,0.0,0.0,0.0,0.0,0.2413793103448276
817988,Anodin (IRE),7,76,28,0.7894736842105263,11.019736842105264,3.0789473684210527,85.109375,0.09210526315789473,0.3684210526315789,0.08333333333333333,0.125,-0.04166666666666667,0.07142857142857142,0.0,0.08823529411764706,0.12121212121212122,staying,0.0,0.10869565217391304,0.08333333333333333,0.16666666666666666,0.0,0.05555555555555555,0.07692307692307693,0.13157894736842105
818366,Telescope (IRE),2,35,9,0.7428571428571429,9.0,3.942857142857143,72.18518518518519,0.05714285714285714,0.2571428571428571,0.07692307692307693,0.0,0.07692307692307693,0.0,0.05555555555555555,0.0625,0.0,middle,0.0,0.038461538461538464,0.2,0.05714285714285714,0.05714285714285714,0.05714285714285714,0.0,0.06060606060606061
820989,Intello (GER),53,572,191,0.7482517482517482,9.802447552447552,3.1888111888111887,83.97196261682242,0.09265734265734266,0.3339160839160839,0.09345794392523364,0.09027777777777778,0.003180166147455865,0.06779661016949153,0.09745762711864407,0.10344827586206896,0.09395973154362416,middle,0.08943089430894309,0.09116022099447514,0.10606060606060606,0.09523809523809523,0.13157894736842105,0.11428571428571428,0.11458333333333333,0.07272727272727272
821883,Morpheus (GB),18,212,68,0.6745283018867925,6.625,3.5235849056603774,78.79289940828403,0.08490566037735849,0.32075471698113206,0.06293706293706294,0.13043478260869565,-0.0674977196716327,0.08875739644970414,0.1111111111111111,0.0,0.0,mile,0.08888888888888889,0.0958904109589041,0.0,0.0,0.0,0.09090909090909091,0.15151515151515152,0.0738255033557047
823948,Violence (USA),2,28,4,0.2857142857142857,7.25,3.642857142857143,78.52173913043478,0.07142857142857142,0.14285714285714285,0.0,0.1,-0.1,0.09523809523809523,0.08,0.0,0.07142857142857142,sprint,0.0,0.08,0.07142857142857142,0.07142857142857142,0.0,0.07142857142857142,0.0,0.09090909090909091
824413,Protectionist (GER),0,25,8,0.6,11.52,3.0,81.25,0.0,0.32,0.0,0.0,0.0,0.0,0.0,0.0,0.0,sprint,0.0,0.0,0.0,0.0,0.0,0.0,0.0,0.0
824567,Mshawish (USA),3,26,10,0.46153846153846156,7.519230769230769,3.269230769230769,82.375,0.11538461538461539,0.38461538461538464,0.16666666666666666,0.07142857142857142,0.09523809523809523,0.058823529411764705,0.13636363636363635,0.0,0.0,mile,0.25,0.09090909090909091,0.11538461538461539,0.11538461538461539,0.11538461538461539,0.2,0.0,0.16666666666666666
826250,Free Eagle (IRE),44,348,123,0.6494252873563219,10.21551724137931,3.2471264367816093,83.41836734693878,0.12643678160919541,0.35344827586206895,0.12389380530973451,0.13114754098360656,-0.007253735673872053,0.1111111111111111,0.10884353741496598,0.14285714285714285,0.13114754098360656,middle,0.09090909090909091,0.128099173553719,0.19444444444444445,0.0,0.13333333333333333,0.09859154929577464,0.09333333333333334,0.1497326203208556
826264,Karakontie (JPN),7,66,22,0.7424242424242424,9.431818181818182,2.9545454545454546,87.78571428571429,0.10606060606060606,0.3333333333333333,0.10204081632653061,0.11764705882352941,-0.015606242496998796,0.2857142857142857,0.1935483870967742,0.029411764705882353,0.0,sprint,0.1111111111111111,0.10526315789473684,0.0,0.3333333333333333,0.125,0.0625,0.0,0.1724137931034483
826278,Mustajeeb (GB),1,28,8,0.8571428571428571,6.071428571428571,3.0714285714285716,79.88888888888889,0.03571428571428571,0.2857142857142857,0.041666666666666664,0.0,0.041666666666666664,0.04,0.0,0.0,0.03571428571428571,sprint,0.0,0.06666666666666667,0.0,0.03571428571428571,0.0,0.1111111111111111,0.0,0.0
826492,Australia (GB),125,1041,351,0.7684918347742555,10.821325648414986,3.0134486071085496,85.7719298245614,0.12007684918347743,0.3371757925072046,0.1225,0.11203319502074689,0.010466804979253105,0.08759124087591241,0.08831908831908832,0.12471131639722864,0.1515837104072398,staying,0.11934156378600823,0.11345218800648298,0.1366906474820144,0.16666666666666666,0.1506849315068493,0.06103286384976526,0.15337423312883436,0.1252408477842004
828590,Lightning Spear (GB),15,128,36,0.5859375,8.2734375,3.6015625,75.84615384615384,0.1171875,0.28125,0.10666666666666667,0.1320754716981132,-0.025408805031446532,0.11764705882352941,0.12903225806451613,0.0975609756097561,0.25,staying,0.17391304347826086,0.10112359550561797,0.0,0.4,0.0,0.17647058823529413,0.09090909090909091,0.11224489795918367
828617,Fountain Of Youth (IRE),18,247,65,0.8097165991902834,7.431174089068826,3.5101214574898787,76.12376237623762,0.0728744939271255,0.2631578947368421,0.08,0.0425531914893617,0.0374468085106383,0.04819277108433735,0.06896551724137931,0.14814814814814814,0.08333333333333333,middle,0.12121212121212122,0.0547945205479452,0.07407407407407407,0.0,0.0,0.08333333333333333,0.043478260869565216,0.08333333333333333
829788,Kuroshio (AUS),6,153,27,0.7320261437908496,6.326797385620915,3.1699346405228757,82.33684210526316,0.0392156862745098,0.17647058823529413,0.044642857142857144,0.024390243902439025,0.02025261324041812,0.044444444444444446,0.0,0.0,0.0,sprint,0.08888888888888889,0.010869565217391304,0.07692307692307693,0.0,0.125,0.0,0.03225806451612903,0.036585365853658534
831212,War Command (USA),47,447,132,0.7248322147651006,8.54026845637584,3.3266219239373602,80.98813056379822,0.10514541387024609,0.2953020134228188,0.08333333333333333,0.16260162601626016,-0.07926829268292683,0.07692307692307693,0.12307692307692308,0.08653846153846154,0.15384615384615385,staying,0.12598425196850394,0.10181818181818182,0.05263157894736842,0.14285714285714285,0.125,0.07352941176470588,0.10752688172043011,0.11068702290076336
831255,Anjaal (GB),18,217,63,0.6774193548387096,6.546082949308755,3.3087557603686637,80.94705882352942,0.08294930875576037,0.2903225806451613,0.047619047619047616,0.15714285714285714,-0.10952380952380952,0.06707317073170732,0.1375,0.0,0.0,mile,0.021739130434782608,0.1111111111111111,0.0,0.0,0.0,0.07547169811320754,0.15384615384615385,0.07575757575757576
831330,Coulsty (IRE),20,222,66,0.7657657657657657,6.704954954954955,3.310810810810811,78.74172185430463,0.09009009009009009,0.2972972972972973,0.08235294117647059,0.11538461538461539,-0.033031674208144804,0.09467455621301775,0.043010752688172046,0.16666666666666666,0.0,middle,0.043478260869565216,0.09352517985611511,0.17857142857142858,0.0,0.06666666666666667,0.05128205128205128,0.16666666666666666,0.08695652173913043
832546,Coach House (IRE),29,342,88,0.7456140350877193,6.3011695906432745,3.456140350877193,77.69958847736625,0.0847953216374269,0.2573099415204678,0.058823529411764705,0.16091954022988506,-0.10209601081812035,0.08247422680412371,0.08421052631578947,0.15384615384615385,0.0,middle,0.050505050505050504,0.1024390243902439,0.06896551724137931,0.1111111111111111,0.05,0.03125,0.08064516129032258,0.09649122807017543
833541,Mondialiste (IRE),3,112,21,0.7767857142857143,7.616071428571429,3.4732142857142856,77.6875,0.026785714285714284,0.1875,0.034482758620689655,0.0,0.034482758620689655,0.014705882352941176,0.017543859649122806,0.05555555555555555,0.0,middle,0.043478260869565216,0.0,0.05555555555555555,0.3333333333333333,0.0,0.0,0.0,0.03614457831325301
836698,Flintshire (GB),1,29,11,0.5172413793103449,11.810344827586206,3.4827586206896552,81.04,0.034482758620689655,0.3793103448275862,0.0,0.07142857142857142,-0.07142857142857142,0.0,0.0,0.0,0.07692307692307693,staying,0.0,0.05,0.0,0.034482758620689655,0.0,0.0,0.0,0.058823529411764705
836837,Postponed (IRE),44,336,130,0.7708333333333334,10.504464285714286,3.1547619047619047,82.19491525423729,0.13095238095238096,0.3869047619047619,0.11196911196911197,0.19480519480519481,-0.08283608283608285,0.07017543859649122,0.05405405405405406,0.15789473684210525,0.15833333333333333,staying,0.13157894736842105,0.135678391959799,0.11764705882352941,0.1,0.1388888888888889,0.1694915254237288,0.13793103448275862,0.11475409836065574
837155,Cable Bay (IRE),112,1001,357,0.7612387612387612,6.578921078921079,2.983016983016983,85.58527607361964,0.11188811188811189,0.35664335664335667,0.1141732283464567,0.10460251046025104,0.009570717886205657,0.11262376237623763,0.09832635983263599,0.07692307692307693,0.0,sprint,0.12173913043478261,0.10634920634920635,0.125,0.10810810810810811,0.08571428571428572,0.06880733944954129,0.16666666666666666,0.12058212058212059
837877,Zoustar (AUS),72,611,204,0.7184942716857611,6.703764320785598,3.181669394435352,83.74104683195593,0.11783960720130933,0.33387888707037644,0.11617312072892938,0.12209302325581395,-0.005919902526884568,0.11422413793103449,0.08881578947368421,0.058823529411764705,0.0,sprint,0.08441558441558442,0.13231552162849872,0.08163265306122448,0.2,0.11392405063291139,0.13829787234042554,0.06666666666666667,0.12396694214876033
839221,No Nay Never (USA),209,1636,563,0.7481662591687042,6.864303178484108,2.8551344743276283,86.65150214592275,0.12775061124694376,0.3441320293398533,0.12663398692810457,0.13106796116504854,-0.004433974236943972,0.1381847914963205,0.13093525179856116,0.0851063829787234,0.07894736842105263,sprint,0.13729977116704806,0.11557788944723618,0.15723270440251572,0.2,0.12389380530973451,0.09602649006622517,0.1626984126984127,0.13055181695827725
839502,Night Of Thunder (IRE),285,1798,749,0.778642936596218,7.903503893214683,2.7842046718576197,88.40347071583514,0.1585094549499444,0.41657397107897665,0.16,0.15326633165829145,0.0067336683417085486,0.1710239651416122,0.17634854771784234,0.13802083333333334,0.12337662337662338,mile,0.17359413202933985,0.14754098360655737,0.16666666666666666,0.23529411764705882,0.14606741573033707,0.13734939759036144,0.13541666666666666,0.18538565629228687
839591,Outstrip (GB),41,426,127,0.6643192488262911,8.104460093896714,3.532863849765258,78.58307210031347,0.09624413145539906,0.2981220657276995,0.0812720848056537,0.1258741258741259,-0.04460204106847218,0.08370044052863436,0.10752688172043011,0.14285714285714285,0.12121212121212122,middle,0.10989010989010989,0.087248322147651,0.16666666666666666,0.0,0.09090909090909091,0.04878048780487805,0.09523809523809523,0.10344827586206896
840020,Kingman (GB),424,2810,1152,0.7373665480427046,8.179181494661922,2.790391459074733,88.92246982358402,0.15088967971530248,0.4099644128113879,0.14623552123552125,0.16395663956639567,-0.01772111833087442,0.15036976170912078,0.16283185840707964,0.13917525773195877,0.1520912547528517,mile,0.17354196301564723,0.1512222853894258,0.09929078014184398,0.12121212121212122,0.13996316758747698,0.1203125,0.16122448979591836,0.16886543535620052
840712,The Grey Gatsby (IRE),0,20,2,0.7,10.5,3.0,82.4,0.0,0.1,0.0,0.0,0.0,0.0,0.0,0.0,0.0,sprint,0.0,0.0,0.0,0.0,0.0,0.0,0.0,0.0
841728,Hot Streak (IRE),21,261,67,0.7509578544061303,5.957854406130268,3.521072796934866,78.01554404145078,0.08045977011494253,0.2567049808429119,0.07653061224489796,0.09230769230769231,-0.015777080062794352,0.07531380753138076,0.09523809523809523,0.25,0.0,middle,0.11904761904761904,0.07142857142857142,0.1,0.0,0.0,0.03333333333333333,0.08571428571428572,0.0913978494623656
842188,Galiway (GB),8,56,20,0.9107142857142857,9.723214285714286,2.5535714285714284,102.17391304347827,0.14285714285714285,0.35714285714285715,0.13725490196078433,0.2,-0.06274509803921569,0.23529411764705882,0.16666666666666666,0.05263157894736842,0.15384615384615385,sprint,0.08333333333333333,0.21212121212121213,0.0,0.0,0.1,0.2222222222222222,0.0,0.16666666666666666
842791,Charm Spirit (IRE),82,688,216,0.7122093023255814,7.223837209302325,3.251453488372093,82.01666666666667,0.11918604651162791,0.313953488372093,0.11428571428571428,0.13131313131313133,-0.017027417027417044,0.10579345088161209,0.1416184971098266,0.0851063829787234,0.0,mile,0.14689265536723164,0.11697247706422019,0.06779661016949153,0.0625,0.14285714285714285,0.08620689655172414,0.13970588235294118,0.11886304909560723
843400,Ectot (GB),5,57,15,0.8070175438596491,8.385964912280702,3.3157894736842106,80.82352941176471,0.08771929824561403,0.2631578947368421,0.06521739130434782,0.18181818181818182,-0.116600790513834,0.07142857142857142,0.07317073170731707,0.13333333333333333,0.0,middle,0.2,0.06896551724137931,0.07142857142857142,0.0,0.08771929824561403,0.07142857142857142,0.18181818181818182,0.0625
845318,Kingston Hill (GB),1,43,8,0.7674418604651163,13.034883720930232,3.2790697674418605,82.45714285714286,0.023255813953488372,0.18604651162790697,0.030303030303030304,0.0,0.030303030303030304,0.0,0.0,0.0,0.02857142857142857,staying,0.14285714285714285,0.0,0.0,0.0,0.0,0.0,0.07142857142857142,0.0
846526,Bobbys Kitten (USA),15,270,77,0.6481481481481481,7.405555555555556,3.4074074074074074,77.57435897435897,0.05555555555555555,0.2851851851851852,0.05142857142857143,0.06315789473684211,-0.01172932330827068,0.07602339181286549,0.05982905982905983,0.0,0.0,sprint,0.06666666666666667,0.049723756906077346,0.038461538461538464,0.3333333333333333,0.16666666666666666,0.0,0.0,0.060109289617486336
846530,Due Diligence (USA),66,559,173,0.7137745974955277,6.480322003577817,3.2379248658318427,83.04773269689737,0.11806797853309481,0.3094812164579606,0.11528822055137844,0.125,-0.00971177944862156,0.12205567451820129,0.12244897959183673,0.037037037037037035,0.0,mile,0.140625,0.11382113821138211,0.1,0.08333333333333333,0.11475409836065574,0.1518987341772152,0.09411764705882353,0.11676646706586827
846783,Sea The Moon (GER),80,869,298,0.7640966628308401,10.071921749136939,3.1622554660529345,83.00877192982456,0.09205983889528194,0.3429228998849252,0.09186746987951808,0.09268292682926829,-0.0008154569497502151,0.07547169811320754,0.07098765432098765,0.10738255033557047,0.11231884057971014,staying,0.08904109589041095,0.09925093632958802,0.08843537414965986,0.023809523809523808,0.07058823529411765,0.0748663101604278,0.1414141414141414,0.09236947791164658
846896,Fascinating Rock (IRE),14,142,48,0.7112676056338029,8.102112676056338,3.091549295774648,79.368,0.09859154929577464,0.3380281690140845,0.10891089108910891,0.07317073170731707,0.03574015938179184,0.10344827586206896,0.10144927536231885,0.09302325581395349,0.0,sprint,0.05555555555555555,0.09183673469387756,0.10526315789473684,0.2857142857142857,0.05263157894736842,0.0,0.075,0.14925373134328357
850904,Dariyan (FR),2,28,9,0.8214285714285714,8.696428571428571,3.107142857142857,83.14285714285714,0.07142857142857142,0.32142857142857145,0.043478260869565216,0.2,-0.1565217391304348,0.2222222222222222,0.0,0.0,0.0,sprint,0.0,0.125,0.0,0.0,0.2,0.2,0.07142857142857142,0.0
851076,Highland Reel (IRE),19,180,53,0.7444444444444445,10.452777777777778,3.4166666666666665,80.52173913043478,0.10555555555555556,0.29444444444444445,0.09701492537313433,0.13043478260869565,-0.03341985723556132,0.02564102564102564,0.05714285714285714,0.078125,0.15873015873015872,staying,0.13636363636363635,0.08571428571428572,0.13043478260869565,0.125,0.0,0.10810810810810811,0.13636363636363635,0.1016949152542373
851134,Time Test (GB),54,608,166,0.7598684210526315,8.278782894736842,3.294407894736842,80.03939393939395,0.08881578947368421,0.2730263157894737,0.09956709956709957,0.0547945205479452,0.044772579019154365,0.06060606060606061,0.07975460122699386,0.13392857142857142,0.16470588235294117,staying,0.11764705882352941,0.07651715039577836,0.0759493670886076,0.21428571428571427,0.11363636363636363,0.08403361344537816,0.1016949152542373,0.08549222797927461
851267,Decorated Knight (GB),22,158,54,0.7911392405063291,10.41139240506329,3.2658227848101267,83.3302752293578,0.13924050632911392,0.34177215189873417,0.152,0.09090909090909091,0.061090909090909085,0.125,0.16,0.12903225806451613,0.16129032258064516,staying,0.07142857142857142,0.13861386138613863,0.16666666666666666,0.2727272727272727,0.0,0.07407407407407407,0.15625,0.16853932584269662
852614,Estidhkaar (IRE),15,189,54,0.5291005291005291,7.664021164021164,3.4232804232804233,79.43396226415095,0.07936507936507936,0.2857142857142857,0.06,0.10112359550561797,-0.04112359550561798,0.09482758620689655,0.08196721311475409,0.06666666666666667,0.18181818181818182,staying,0.12121212121212122,0.07913669064748201,0.0,0.0,0.0,0.04,0.07317073170731707,0.09401709401709402
852623,Markaz (IRE),14,167,51,0.8203592814371258,7.916167664670659,3.2634730538922154,80.6470588235294,0.08383233532934131,0.30538922155688625,0.06569343065693431,0.16666666666666666,-0.10097323600973235,0.06976744186046512,0.06976744186046512,0.08695652173913043,0.13333333333333333,staying,0.06976744186046512,0.09615384615384616,0.06666666666666667,0.0,0.0,0.02857142857142857,0.19230769230769232,0.08247422680412371
855467,Muhaarar (GB),147,1280,435,0.75234375,8.6625,2.9203125,86.73719806763285,0.11484375,0.33984375,0.1142263759086189,0.1167192429022082,-0.0024928669935893044,0.11346153846153846,0.11764705882352941,0.11488250652741515,0.09210526315789473,mile,0.1245674740484429,0.10899873257287707,0.10975609756097561,0.18421052631578946,0.10824742268041238,0.10508474576271186,0.10952380952380952,0.12392426850258176
855564,Kodi Bear (IRE),80,742,237,0.793800539083558,6.389487870619946,3.0161725067385445,83.931640625,0.1078167115902965,0.3194070080862534,0.100169779286927,0.13725490196078433,-0.03708512267385733,0.1078125,0.09663865546218488,0.08,0.125,staying,0.0875,0.1092436974789916,0.15853658536585366,0.041666666666666664,0.0898876404494382,0.07514450867052024,0.10256410256410256,0.12947658402203857
857257,Goken (FR),7,87,27,0.7701149425287356,6.655172413793103,3.0,84.40845070422536,0.08045977011494253,0.3103448275862069,0.07462686567164178,0.1,-0.02537313432835822,0.09722222222222222,0.06666666666666667,0.0,0.08045977011494253,sprint,0.15,0.05454545454545454,0.125,0.0,0.1,0.045454545454545456,0.15384615384615385,0.07142857142857142
858482,Hallowed Crown (AUS),4,52,20,0.5,7.240384615384615,3.230769230769231,84.68571428571428,0.07692307692307693,0.38461538461538464,0.038461538461538464,0.11538461538461539,-0.07692307692307693,0.05555555555555555,0.125,0.0,0.0,mile,0.125,0.07894736842105263,0.0,0.0,0.0,0.0,0.3076923076923077,0.0
858666,Cappella Sansevero (GB),3,37,7,0.6756756756756757,6.851351351351352,3.4054054054054053,84.94444444444444,0.08108108108108109,0.1891891891891892,0.12,0.0,0.12,0.07407407407407407,0.05,0.0,0.08108108108108109,sprint,0.2222222222222222,0.0,0.25,0.0,0.25,0.0,0.0,0.07692307692307693
859275,Gleneagles (IRE),108,960,339,0.7479166666666667,9.578645833333333,3.073958333333333,85.1628222523745,0.1125,0.353125,0.12674094707520892,0.07024793388429752,0.05649301319091139,0.1506276150627615,0.1246684350132626,0.10301507537688442,0.09504132231404959,sprint,0.09223300970873786,0.1140495867768595,0.1206896551724138,0.18181818181818182,0.11428571428571428,0.06493506493506493,0.17391304347826086,0.10693069306930693
859422,Mattmu (GB),6,82,24,0.8658536585365854,5.798780487804878,3.048780487804878,78.8529411764706,0.07317073170731707,0.2926829268292683,0.08450704225352113,0.0,0.08450704225352113,0.075,0.0,0.07317073170731707,0.07317073170731707,sprint,0.125,0.05172413793103448,0.0,1.0,0.1,0.125,0.0625,0.05
859641,Charming Thought (GB),12,116,36,0.6810344827586207,6.982758620689655,3.5689655172413794,77.24096385542168,0.10344827586206896,0.3103448275862069,0.10126582278481013,0.10810810810810811,-0.006842285323297989,0.08433734939759036,0.13636363636363635,0.08333333333333333,0.125,mile,0.125,0.1038961038961039,0.0,0.5,0.0,0.18181818181818182,0.125,0.09411764705882353
859649,Belardo (IRE),75,624,234,0.8141025641025641,8.560897435897436,3.110576923076923,83.04414587332053,0.1201923076923077,0.375,0.12401574803149606,0.10344827586206896,0.0205674721694271,0.0975609756097561,0.0958904109589041,0.15023474178403756,0.2077922077922078,staying,0.1487603305785124,0.10666666666666667,0.1326530612244898,0.13333333333333333,0.10638297872340426,0.10884353741496598,0.14166666666666666,0.11935483870967742
860893,Brazen Beau (AUS),63,613,201,0.6867862969004894,6.240619902120717,3.073409461663948,83.77911646586345,0.10277324632952692,0.3278955954323002,0.07838479809976247,0.15625,-0.07786520190023753,0.09541984732824428,0.11607142857142858,0.20930232558139536,0.36363636363636365,staying,0.08609271523178808,0.10473815461346633,0.11538461538461539,0.2222222222222222,0.07228915662650602,0.06,0.10084033613445378,0.12540192926045016
860987,Ivawood (IRE),25,237,79,0.729957805907173,6.5210970464135025,3.2067510548523206,83.09895833333333,0.10548523206751055,0.3333333333333333,0.08670520231213873,0.15625,-0.06954479768786127,0.10714285714285714,0.07692307692307693,0.1111111111111111,0.0,middle,0.07936507936507936,0.13194444444444445,0.04,0.0,0.07692307692307693,0.09803921568627451,0.19148936170212766,0.07936507936507936
861213,Vadamos (FR),28,222,71,0.7432432432432432,8.211711711711711,2.8513513513513513,87.8956043956044,0.12612612612612611,0.31981981981981983,0.11515151515151516,0.15789473684210525,-0.0427432216905901,0.12,0.125,0.14583333333333334,0.13636363636363635,middle,0.1111111111111111,0.13768115942028986,0.1111111111111111,0.08333333333333333,0.12903225806451613,0.11475409836065574,0.2,0.1
861261,Adaay (IRE),60,686,193,0.7011661807580175,7.319241982507289,3.2798833819241984,79.70921985815603,0.08746355685131195,0.2813411078717201,0.08523908523908524,0.09268292682926829,-0.007443841590183048,0.0967741935483871,0.06060606060606061,0.046153846153846156,0.12727272727272726,staying,0.061068702290076333,0.0911062906724512,0.07142857142857142,0.20833333333333334,0.038461538461538464,0.0625,0.14035087719298245,0.0857843137254902
861262,Cotai Glory (GB),97,861,277,0.7166085946573751,6.512775842044134,3.0940766550522647,82.84793388429752,0.11265969802555169,0.32171893147502906,0.10210696920583469,0.13934426229508196,-0.03723729308924727,0.1222707423580786,0.06907894736842106,0.1276595744680851,0.0,middle,0.12385321100917432,0.10990990990990991,0.08695652173913043,0.15789473684210525,0.0449438202247191,0.096045197740113,0.11320754716981132,0.13302752293577982
861294,Jungle Cat (IRE),4,23,10,0.8260869565217391,5.869565217391305,2.8260869565217392,80.58333333333333,0.17391304347826086,0.43478260869565216,0.15789473684210525,0.25,-0.09210526315789475,0.18181818181818182,0.0,0.17391304347826086,0.17391304347826086,sprint,0.16666666666666666,0.2,0.0,0.17391304347826086,0.0,0.0,0.0,0.36363636363636365
862217,Profitable (IRE),93,945,289,0.762962962962963,6.195767195767195,3.259259259259259,82.17530487804878,0.09841269841269841,0.3058201058201058,0.09292649098474341,0.11607142857142858,-0.023144937586685163,0.0962962962962963,0.11673151750972763,0.12195121951219512,0.0,middle,0.0963855421686747,0.09777015437392796,0.12631578947368421,0.0,0.11764705882352941,0.04678362573099415,0.11038961038961038,0.10869565217391304
862237,Smooth Daddy (USA),1,25,8,0.64,7.96,3.4,78.47058823529412,0.04,0.32,0.0625,0.0,0.0625,0.0,0.0,0.2,0.0,middle,0.0,0.0,0.5,0.0,0.0,0.0,0.3333333333333333,0.0
863817,Strath Burn (GB),3,33,6,0.9090909090909091,5.015151515151516,2.606060606060606,89.1875,0.09090909090909091,0.18181818181818182,0.1,0.0,0.1,0.09090909090909091,0.09090909090909091,0.09090909090909091,0.09090909090909091,sprint,0.16666666666666666,0.05263157894736842,0.0,0.09090909090909091,0.0,0.08333333333333333,0.1,0.14285714285714285
864563,Territories (IRE),86,784,264,0.8405612244897959,7.624362244897959,3.072704081632653,85.69894366197182,0.1096938775510204,0.336734693877551,0.11684370257966616,0.072,0.04484370257966616,0.09168443496801706,0.1206896551724138,0.15517241379310345,0.09433962264150944,middle,0.07051282051282051,0.09513274336283185,0.19548872180451127,0.13953488372093023,0.08235294117647059,0.14207650273224043,0.12264150943396226,0.0975609756097561
865306,Golden Horn (GB),144,1092,442,0.7417582417582418,11.442765567765568,2.818681318681319,86.14066193853428,0.13186813186813187,0.40476190476190477,0.13209876543209875,0.13120567375886524,0.0008930916732335092,0.07865168539325842,0.09448818897637795,0.14051094890510948,0.15232974910394265,staying,0.1640625,0.12556053811659193,0.10869565217391304,0.10344827586206896,0.10256410256410256,0.10566037735849057,0.13714285714285715,0.1575492341356674
866654,Twilight Son (GB),88,814,251,0.8071253071253072,6.504299754299755,3.1830466830466833,83.14262560777958,0.10810810810810811,0.3083538083538084,0.1095890410958904,0.10191082802547771,0.007678213070412693,0.11497730711043873,0.07630522088353414,0.09433962264150944,0.0,sprint,0.12745098039215685,0.09919028340080972,0.10588235294117647,0.12903225806451613,0.11428571428571428,0.09271523178807947,0.13725490196078433,0.10227272727272728
868021,American Pharoah (USA),14,107,44,0.6448598130841121,8.401869158878505,2.803738317757009,85.93846153846154,0.1308411214953271,0.411214953271028,0.13043478260869565,0.13157894736842105,-0.0011441647597253968,0.125,0.18333333333333332,0.0625,0.2222222222222222,staying,0.21739130434782608,0.12857142857142856,0.0,0.0,0.034482758620689655,0.15384615384615385,0.13333333333333333,0.18
870429,Carpe Diem (USA),2,22,7,0.5,7.0,3.6363636363636362,74.52631578947368,0.09090909090909091,0.3181818181818182,0.0,0.18181818181818182,-0.18181818181818182,0.058823529411764705,0.11764705882352941,0.09090909090909091,0.09090909090909091,mile,0.0,0.1111111111111111,0.0,0.0,0.0,0.09090909090909091,0.0,0.125
870454,El Kabeir (USA),24,224,69,0.8035714285714286,7.6875,3.0267857142857144,86.20689655172414,0.10714285714285714,0.3080357142857143,0.12777777777777777,0.022727272727272728,0.10505050505050503,0.16535433070866143,0.047619047619047616,0.0196078431372549,0.06666666666666667,sprint,0.171875,0.08571428571428572,0.05263157894736842,0.0,0.14285714285714285,0.1111111111111111,0.05,0.10317460317460317
872009,Make Believe (GB),84,682,260,0.7653958944281525,9.28225806451613,3.153958944281525,83.55153707052442,0.12316715542521994,0.3812316715542522,0.13409961685823754,0.0875,0.04659961685823755,0.0979381443298969,0.0981012658227848,0.1553398058252427,0.15492957746478872,middle,0.13709677419354838,0.1320754716981132,0.10204081632653061,0.027777777777777776,0.16393442622950818,0.07258064516129033,0.1506849315068493,0.1225071225071225
872425,New Bay (GB),193,1141,470,0.8063102541630149,8.79535495179667,2.847502191060473,88.86013986013987,0.1691498685363716,0.4119193689745837,0.16630434782608697,0.18099547511312217,-0.0146911272870352,0.17121588089330025,0.18729096989966554,0.16045845272206305,0.1317365269461078,mile,0.13286713286713286,0.19298245614035087,0.12857142857142856,0.16129032258064516,0.16022099447513813,0.12582781456953643,0.18452380952380953,0.19387755102040816
874967,Awtaad (IRE),92,701,238,0.7517831669044223,8.813124108416547,3.085592011412268,84.54668930390493,0.1312410841654779,0.33951497860199714,0.1347248576850095,0.1206896551724138,0.014035202512595699,0.07258064516129033,0.10324483775811209,0.1774193548387097,0.20512820512820512,staying,0.15483870967741936,0.11333333333333333,0.1891891891891892,0.13636363636363635,0.19696969696969696,0.10828025477707007,0.12403100775193798,0.1318051575931232
875004,Massaat (IRE),12,200,52,0.74,7.0075,3.33,79.35576923076923,0.06,0.26,0.06756756756756757,0.038461538461538464,0.029106029106029108,0.05555555555555555,0.08256880733944955,0.0,0.0,mile,0.14285714285714285,0.04929577464788732,0.04,0.0,0.0625,0.10714285714285714,0.06666666666666667,0.047619047619047616
875025,Recorder (GB),1,44,6,0.8636363636363636,8.863636363636363,3.4545454545454546,80.81481481481481,0.022727272727272728,0.13636363636363635,0.02631578947368421,0.0,0.02631578947368421,0.058823529411764705,0.045454545454545456,0.0,0.0,sprint,0.0,0.0,0.16666666666666666,0.0,0.0,0.0,0.0,0.030303030303030304
875049,Ulysses (IRE),75,754,255,0.7480106100795756,9.639257294429708,3.143236074270557,84.51374207188161,0.09946949602122016,0.33819628647214856,0.10638297872340426,0.07894736842105263,0.02743561030235163,0.08284023668639054,0.11170212765957446,0.09411764705882353,0.10096153846153846,mile,0.10982658959537572,0.08565310492505353,0.15476190476190477,0.1,0.11392405063291139,0.03424657534246575,0.09401709401709402,0.12135922330097088
875278,Frontiersman (GB),4,30,11,0.6,10.5,3.3333333333333335,78.6,0.13333333333333333,0.36666666666666664,0.2222222222222222,0.0,0.2222222222222222,1.0,0.125,0.15789473684210525,0.1111111111111111,sprint,0.16666666666666666,0.1,0.0,0.3333333333333333,0.0,0.16666666666666666,0.0,0.16666666666666666
875371,Poets Word (IRE),4,32,15,0.5,7.84375,3.75,77.26923076923077,0.125,0.46875,0.0625,0.1875,-0.125,0.08333333333333333,0.17391304347826086,0.0,0.0,mile,0.125,0.13636363636363635,0.0,0.125,0.125,0.0,0.0,0.15384615384615385
876998,Tasleet (GB),24,228,59,0.7543859649122807,6.083333333333333,3.2017543859649122,81.96376811594203,0.10526315789473684,0.25877192982456143,0.09883720930232558,0.125,-0.026162790697674423,0.10344827586206896,0.08333333333333333,0.0,0.10526315789473684,sprint,0.08695652173913043,0.13380281690140844,0.0,0.1,0.13043478260869565,0.10256410256410256,0.08571428571428572,0.10687022900763359
879768,Pride Of Dubai (AUS),18,135,55,0.674074074074074,8.574074074074074,2.785185185185185,87.14035087719299,0.13333333333333333,0.4074074074074074,0.10989010989010989,0.18181818181818182,-0.07192807192807193,0.1702127659574468,0.13043478260869565,0.11904761904761904,0.13043478260869565,sprint,0.2,0.12087912087912088,0.08333333333333333,0.0,0.16666666666666666,0.07142857142857142,0.3,0.10144927536231885
881140,Buratino (IRE),10,163,41,0.7239263803680982,7.450920245398773,3.5276073619631902,75.76428571428572,0.06134969325153374,0.25153374233128833,0.05084745762711865,0.08888888888888889,-0.038041431261770245,0.061946902654867256,0.08064516129032258,0.05263157894736842,0.0,mile,0.0,0.0603448275862069,0.15789473684210525,0.0,0.0,0.047619047619047616,0.15,0.05128205128205128
885885,Washington Dc (IRE),18,168,65,0.8095238095238095,5.904761904761905,3.107142857142857,83.29838709677419,0.10714285714285714,0.3869047619047619,0.10294117647058823,0.125,-0.02205882352941177,0.11042944785276074,0.05555555555555555,0.10714285714285714,0.10714285714285714,sprint,0.1282051282051282,0.10810810810810811,0.058823529411764705,0.0,0.23076923076923078,0.13333333333333333,0.09523809523809523,0.07865168539325842
886361,Air Force Blue (USA),1,30,2,0.5,6.166666666666667,3.066666666666667,81.04347826086956,0.03333333333333333,0.06666666666666667,0.06666666666666667,0.0,0.06666666666666667,0.03571428571428571,0.0,0.03333333333333333,0.03333333333333333,sprint,0.0,0.045454545454545456,0.03333333333333333,0.03333333333333333,0.0,0.0,0.0,0.06666666666666667
886881,Gutaifan (IRE),61,717,213,0.704323570432357,6.614365411436541,3.271966527196653,81.46127366609295,0.08507670850767085,0.29707112970711297,0.08316831683168317,0.08962264150943396,-0.0064543246777507834,0.08732876712328767,0.05985915492957746,0.13793103448275862,0.21428571428571427,staying,0.11042944785276074,0.07608695652173914,0.05714285714285714,0.16666666666666666,0.07692307692307693,0.07746478873239436,0.05785123966942149,0.0963855421686747
887532,Birchwood (IRE),1,20,6,0.7,6.35,3.6,75.6875,0.05,0.3,0.0,0.16666666666666666,-0.16666666666666666,0.05263157894736842,0.1111111111111111,0.05,0.05,mile,0.0,0.08333333333333333,0.0,0.05,0.05,0.0,0.16666666666666666,0.0
888702,Shalaa (IRE),28,393,122,0.638676844783715,7.151399491094147,3.246819338422392,80.7669616519174,0.07124681933842239,0.3104325699745547,0.055776892430278883,0.09859154929577464,-0.04281465686549576,0.07053941908713693,0.07352941176470588,0.09090909090909091,0.07692307692307693,middle,0.025,0.08921933085501858,0.02702702702702703,0.14285714285714285,0.0,0.04225352112676056,0.09574468085106383,0.07692307692307693
890421,Galileo Gold (GB),32,327,93,0.709480122324159,7.327217125382263,2.9663608562691133,86.70192307692308,0.09785932721712538,0.28440366972477066,0.09913793103448276,0.09473684210526316,0.0044010889292196015,0.09216589861751152,0.08588957055214724,0.10714285714285714,0.21428571428571427,staying,0.136986301369863,0.0730593607305936,0.18518518518518517,0.125,0.109375,0.14814814814814814,0.05263157894736842,0.08771929824561403
890546,Ajaya (GB),2,24,7,0.625,6.8125,3.4166666666666665,76.35,0.08333333333333333,0.2916666666666667,0.13333333333333333,0.0,0.13333333333333333,0.125,0.0,0.0,0.08333333333333333,sprint,0.0,0.0,0.3333333333333333,0.5,0.0,0.08333333333333333,0.0,0.1111111111111111
890688,Cloth Of Stars (IRE),9,78,30,0.7564102564102564,10.993589743589743,3.0128205128205128,83.53846153846153,0.11538461538461539,0.38461538461538464,0.11864406779661017,0.10526315789473684,0.013380909901873336,0.0,0.09090909090909091,0.125,0.09090909090909091,middle,0.0,0.09302325581395349,0.3076923076923077,0.25,0.0,0.045454545454545456,0.25,0.13513513513513514
893929,Ribchester (IRE),52,551,161,0.7622504537205081,7.333938294010889,3.2540834845735027,82.83678756476684,0.09437386569872959,0.29219600725952816,0.08333333333333333,0.1297709923664122,-0.04643765903307888,0.09770114942528736,0.0694980694980695,0.1038961038961039,0.14814814814814814,staying,0.04424778761061947,0.10112359550561797,0.140625,0.1111111111111111,0.061224489795918366,0.07865168539325842,0.11627906976744186,0.09785932721712538
896792,Nyquist (USA),6,23,13,0.5217391304347826,6.173913043478261,2.4347826086956523,85.7,0.2608695652173913,0.5652173913043478,0.3333333333333333,0.18181818181818182,0.1515151515151515,0.2222222222222222,0.4,0.2608695652173913,0.2608695652173913,mile,0.2,0.2777777777777778,0.2608695652173913,0.2608695652173913,0.3,0.5,0.5,0.1111111111111111
897418,Harzand (IRE),18,105,41,0.8761904761904762,11.519047619047619,3.2095238095238097,81.64772727272727,0.17142857142857143,0.3904761904761905,0.1956521739130435,0.0,0.1956521739130435,0.125,0.0,0.16071428571428573,0.20689655172413793,staying,0.3157894736842105,0.16666666666666666,0.05263157894736842,0.14285714285714285,0.0,0.17391304347826086,0.09090909090909091,0.21818181818181817
898611,The Gurkha (IRE),25,211,69,0.6824644549763034,9.239336492890995,3.2701421800947865,79.85792349726776,0.11848341232227488,0.32701421800947866,0.1111111111111111,0.13432835820895522,-0.023217247097844118,0.05357142857142857,0.09009009009009009,0.175,0.18181818181818182,staying,0.16279069767441862,0.1095890410958904,0.1111111111111111,0.0,0.058823529411764705,0.17857142857142858,0.1702127659574468,0.09243697478991597
901810,Almanzor (FR),37,324,101,0.7314814814814815,9.864197530864198,3.3981481481481484,81.58849557522124,0.11419753086419752,0.3117283950617284,0.11814345991561181,0.10344827586206896,0.01469518405354285,0.11290322580645161,0.12173913043478261,0.1111111111111111,0.09782608695652174,mile,0.12903225806451613,0.11330049261083744,0.13333333333333333,0.0,0.09523809523809523,0.11627906976744186,0.043478260869565216,0.1308411214953271
902739,Zarak (FR),19,164,54,0.75,9.524390243902438,3.1890243902439024,84.4423076923077,0.11585365853658537,0.32926829268292684,0.12195121951219512,0.0975609756097561,0.02439024390243902,0.046511627906976744,0.12222222222222222,0.14893617021276595,0.13157894736842105,middle,0.1,0.1320754716981132,0.08695652173913043,0.0,0.0,0.034482758620689655,0.07407407407407407,0.17391304347826086
905467,Aclaim (IRE),67,611,185,0.7250409165302782,6.300327332242226,3.2569558101472995,81.89555555555556,0.10965630114566285,0.3027823240589198,0.10835214446952596,0.1130952380952381,-0.004743093625712139,0.11720226843100189,0.09090909090909091,0.0,0.10965630114566285,sprint,0.13740458015267176,0.10353535353535354,0.09523809523809523,0.09523809523809523,0.1111111111111111,0.06976744186046512,0.125,0.12011173184357542
906477,Churchill (IRE),102,1076,339,0.7481412639405205,8.968866171003718,3.2230483271375463,82.76030927835052,0.09479553903345725,0.3150557620817844,0.0968944099378882,0.08856088560885608,0.008333524329032116,0.10617283950617284,0.09330628803245436,0.08469055374592833,0.0945273631840796,sprint,0.10408921933085502,0.09840810419681621,0.05263157894736842,0.047619047619047616,0.10869565217391304,0.0855614973262032,0.08602150537634409,0.09819967266775777
914088,Divine Prophet (AUS),1,37,6,0.7027027027027027,10.162162162162161,3.72972972972973,74.11538461538461,0.02702702702702703,0.16216216216216217,0.038461538461538464,0.0,0.038461538461538464,0.09090909090909091,0.0,0.0,0.0,sprint,0.0,0.038461538461538464,0.0,0.02702702702702703,0.02702702702702703,0.0,0.0,0.034482758620689655
964610,The Last Lion (IRE),10,119,32,0.6386554621848739,7.600840336134453,3.46218487394958,79.08,0.08403361344537816,0.2689075630252101,0.039473684210526314,0.16279069767441862,-0.1233170134638923,0.039473684210526314,0.11290322580645161,0.125,0.1111111111111111,middle,0.058823529411764705,0.10344827586206896,0.0,0.0,0.0,0.07692307692307693,0.06896551724137931,0.0945945945945946
965426,Zelzal (FR),3,57,13,0.7368421052631579,8.368421052631579,2.9649122807017543,84.53488372093024,0.05263157894736842,0.22807017543859648,0.047619047619047616,0.06666666666666667,-0.01904761904761905,0.03571428571428571,0.0625,0.07142857142857142,0.0,middle,0.0,0.08108108108108109,0.0,0.05263157894736842,0.05263157894736842,0.041666666666666664,0.09090909090909091,0.045454545454545456
989314,Caravaggio (USA),38,377,117,0.7241379310344828,7.786472148541114,3.1538461538461537,85.17131474103586,0.10079575596816977,0.3103448275862069,0.10256410256410256,0.09615384615384616,0.006410256410256401,0.10576923076923077,0.1076923076923077,0.10909090909090909,0.14285714285714285,staying,0.10989010989010989,0.10358565737051793,0.08333333333333333,0.0,0.1956521739130435,0.05172413793103448,0.1076923076923077,0.09134615384615384
1001884,Harry Angel (IRE),90,747,253,0.7389558232931727,6.1311914323962515,3.1298527443105755,84.18165137614679,0.12048192771084337,0.3386880856760375,0.10144927536231885,0.17435897435897435,-0.0729096989966555,0.12,0.1339712918660287,0.2,0.12048192771084337,middle,0.12643678160919541,0.1297071129707113,0.0547945205479452,0.09090909090909091,0.08974358974358974,0.07947019867549669,0.15789473684210525,0.1311881188118812
1004665,Mehmas (IRE),225,2089,735,0.8018190521780756,6.24198180947822,2.9731929152704644,84.00567465321564,0.1077070368597415,0.3518429870751556,0.10686567164179105,0.1111111111111111,-0.004245439469320059,0.10878186968838527,0.09666666666666666,0.14102564102564102,0.0,middle,0.1044776119402985,0.11182622687047465,0.08717948717948718,0.125,0.08656716417910448,0.09900990099009901,0.12650602409638553,0.11198428290766209
1015453,Prince Of Lir (IRE),41,349,106,0.7306590257879656,6.3538681948424065,3.0945558739255015,84.02364864864865,0.1174785100286533,0.3037249283667622,0.12549019607843137,0.09574468085106383,0.02974551522736754,0.12,0.11403508771929824,0.16666666666666666,0.2,staying,0.15714285714285714,0.11162790697674418,0.0851063829787234,0.11764705882352941,0.08823529411764706,0.1388888888888889,0.07142857142857142,0.1329479768786127
1022474,Ardad (IRE),84,768,232,0.8177083333333334,5.931640625,3.0807291666666665,83.15031315240084,0.109375,0.3020833333333333,0.10191082802547771,0.14285714285714285,-0.04094631483166514,0.11281337047353761,0.056338028169014086,0.0,0.0,sprint,0.07729468599033816,0.11637931034482758,0.16176470588235295,0.10344827586206896,0.10810810810810811,0.08994708994708994,0.1320754716981132,0.11278195488721804
1025027,Blue Point (IRE),147,900,349,0.7733333333333333,6.475555555555555,3.0122222222222224,86.23344947735191,0.16333333333333333,0.3877777777777778,0.15948275862068967,0.17647058823529413,-0.01698782961460446,0.1635135135135135,0.16138328530259366,0.14285714285714285,0.0,sprint,0.1440329218106996,0.16917293233082706,0.1792452830188679,0.15789473684210525,0.13043478260869565,0.12060301507537688,0.1643835616438356,0.19090909090909092
1048703,Wings Of Eagles (FR),2,20,8,0.8,8.275,2.85,92.13333333333334,0.1,0.4,0.125,0.0,0.125,0.125,0.0,0.14285714285714285,0.0,middle,0.0,0.125,0.1,0.1,0.1,0.125,0.0,0.2
1112064,National Defense (GB),11,69,19,0.6956521739130435,7.869565217391305,3.5942028985507246,75.44,0.15942028985507245,0.2753623188405797,0.125,0.23809523809523808,-0.11309523809523808,0.1111111111111111,0.22916666666666666,0.0,0.0,mile,0.11764705882352941,0.17391304347826086,0.16666666666666666,0.15942028985507245,0.0,0.25,0.16666666666666666,0.1509433962264151
1132517,Waldgeist (GB),8,99,30,0.7575757575757576,9.833333333333334,3.242424242424242,82.53333333333333,0.08080808080808081,0.30303030303030304,0.09333333333333334,0.041666666666666664,0.05166666666666667,0.05,0.046511627906976744,0.13157894736842105,0.09090909090909091,middle,0.125,0.08196721311475409,0.0,0.16666666666666666,0.16666666666666666,0.08333333333333333,0.0,0.08333333333333333
1146329,City Light (FR),6,29,16,0.5172413793103449,7.568965517241379,3.310344827586207,84.16666666666667,0.20689655172413793,0.5517241379310345,0.06666666666666667,0.35714285714285715,-0.2904761904761905,0.2,0.2222222222222222,0.0,0.20689655172413793,mile,0.125,0.2777777777777778,0.0,0.0,0.0,0.0,0.4,0.23529411764705882
1167751,Cracksman (GB),51,512,169,0.78515625,9.408203125,3.119140625,83.49090909090908,0.099609375,0.330078125,0.08955223880597014,0.13636363636363635,-0.04681139755766621,0.07692307692307693,0.10101010101010101,0.10396039603960396,0.11904761904761904,staying,0.06796116504854369,0.11280487804878049,0.08333333333333333,0.09523809523809523,0.0975609756097561,0.08196721311475409,0.13095238095238096,0.09811320754716982
1211876,Le Brivido (FR),2,41,9,0.4634146341463415,8.085365853658537,3.707317073170732,75.20833333333333,0.04878048780487805,0.21951219512195122,0.0,0.09090909090909091,-0.09090909090909091,0.045454545454545456,0.06451612903225806,0.0,0.0,mile,0.0,0.06896551724137931,0.0,0.04878048780487805,0.04878048780487805,0.0,0.0,0.06060606060606061
1214440,Inns Of Court (IRE),33,334,98,0.7724550898203593,6.574850299401198,3.197604790419162,80.36407766990291,0.09880239520958084,0.2934131736526946,0.10077519379844961,0.09210526315789473,0.00866993064055488,0.10545454545454545,0.10062893081761007,0.1111111111111111,0.0,middle,0.03225806451612903,0.10784313725490197,0.1320754716981132,0.13333333333333333,0.02631578947368421,0.06779661016949153,0.19444444444444445,0.1044776119402985
1266576,Masar (IRE),26,234,78,0.6581196581196581,9.741452991452991,3.47008547008547,80.39259259259259,0.1111111111111111,0.3333333333333333,0.09740259740259741,0.1375,-0.040097402597402604,0.06779661016949153,0.07526881720430108,0.16831683168316833,0.15492957746478872,middle,0.14285714285714285,0.1111111111111111,0.05,0.0,0.0,0.17142857142857143,0.047619047619047616,0.11377245508982035
1371697,Rajasinghe (IRE),27,240,82,0.6958333333333333,6.71875,3.275,80.71707317073171,0.1125,0.3416666666666667,0.11976047904191617,0.0958904109589041,0.023870068083012064,0.1,0.07258064516129033,0.4166666666666667,0.0,middle,0.07692307692307693,0.11949685534591195,0.15384615384615385,0.0,0.0,0.07547169811320754,0.14634146341463414,0.12408759124087591
1371798,Havana Grey (GB),188,1406,541,0.7745376955903271,6.165718349928876,2.8904694167852063,85.4931906614786,0.1337126600284495,0.38477951635846375,0.13590449954086317,0.12618296529968454,0.009721534241178637,0.1389324960753532,0.09375,0.16666666666666666,0.0,middle,0.1448087431693989,0.1345496009122007,0.12030075187969924,0.03333333333333333,0.10887096774193548,0.11486486486486487,0.16071428571428573,0.1426332288401254
1417665,Sioux Nation (USA),71,626,225,0.7699680511182109,6.5199680511182105,3.1038338658146967,84.61247216035635,0.1134185303514377,0.35942492012779553,0.11203319502074689,0.11805555555555555,-0.00602236053480866,0.12048192771084337,0.12033195020746888,0.02631578947368421,0.0,sprint,0.17073170731707318,0.0968586387434555,0.08695652173913043,0.0,0.1232876712328767,0.11965811965811966,0.10185185185185185,0.11280487804878049
1420336,Seahenge (USA),5,36,12,0.7777777777777778,8.73611111111111,2.25,93.0,0.1388888888888889,0.3333333333333333,0.14285714285714285,0.125,0.01785714285714285,0.2857142857142857,0.09090909090909091,0.16666666666666666,0.0,sprint,0.25,0.08333333333333333,0.3333333333333333,0.0,0.14285714285714285,0.2222222222222222,0.0,0.1
1420337,U S Navy Flag (USA),17,234,64,0.7435897435897436,6.811965811965812,3.3675213675213675,79.47058823529412,0.07264957264957266,0.27350427350427353,0.08620689655172414,0.03333333333333333,0.05287356321839081,0.06989247311827956,0.10679611650485436,0.14285714285714285,0.25,staying,0.03636363636363636,0.0759493670886076,0.16666666666666666,0.0,0.0,0.02564102564102564,0.12903225806451613,0.07947019867549669
1427477,Unfortunately (IRE),10,171,52,0.7076023391812866,5.6988304093567255,3.2865497076023393,80.73154362416108,0.05847953216374269,0.30409356725146197,0.05785123966942149,0.06,-0.0021487603305785086,0.05847953216374269,0.058823529411764705,0.05847953216374269,0.05847953216374269,mile,0.08108108108108109,0.06140350877192982,0.0,0.0,0.0,0.05714285714285714,0.04,0.06862745098039216
1463745,Invincible Army (IRE),44,364,122,0.7637362637362637,6.269230769230769,3.206043956043956,81.38321167883211,0.12087912087912088,0.33516483516483514,0.11870503597122302,0.12790697674418605,-0.009201940772963033,0.11501597444089456,0.08247422680412371,0.16666666666666666,0.0,middle,0.10526315789473684,0.12184873949579832,0.08333333333333333,0.2857142857142857,0.04,0.14084507042253522,0.1111111111111111,0.12755102040816327
1467561,Gustav Klimt (IRE),1,36,6,0.7222222222222222,8.555555555555555,3.8333333333333335,73.1875,0.027777777777777776,0.16666666666666666,0.038461538461538464,0.0,0.038461538461538464,0.058823529411764705,0.043478260869565216,0.0,0.0,sprint,0.125,0.0,0.0,0.027777777777777776,0.027777777777777776,0.0,0.0,0.03125
1474324,James Garfield (IRE),8,111,27,0.8648648648648649,6.211711711711712,3.3063063063063063,80.5079365079365,0.07207207207207207,0.24324324324324326,0.08333333333333333,0.0,0.08333333333333333,0.07766990291262135,0.0,0.0,0.07207207207207207,sprint,0.06451612903225806,0.08955223880597014,0.0,0.0,0.06666666666666667,0.09090909090909091,0.1,0.06666666666666667
1495061,Ghaiyyath (IRE),31,191,87,0.8010471204188482,8.638743455497382,3.026178010471204,85.47560975609755,0.16230366492146597,0.45549738219895286,0.1568627450980392,0.18421052631578946,-0.02734778121775025,0.08333333333333333,0.19469026548672566,0.15,0.10344827586206896,mile,0.10204081632653061,0.19672131147540983,0.058823529411764705,0.3333333333333333,0.09523809523809523,0.14,0.2608695652173913,0.16494845360824742
1500591,Expert Eye (GB),47,542,167,0.7878228782287823,7.714022140221402,3.3321033210332103,81.36182336182337,0.08671586715867159,0.3081180811808118,0.09133489461358314,0.06956521739130435,0.021769677222278794,0.08517350157728706,0.09448818897637795,0.09,0.10638297872340426,staying,0.06766917293233082,0.09580838323353294,0.07272727272727272,0.1,0.11363636363636363,0.06493506493506493,0.06578947368421052,0.0927536231884058
1540372,Sands Of Mali (FR),21,160,63,0.80625,6.18125,2.73125,85.90196078431373,0.13125,0.39375,0.10852713178294573,0.22580645161290322,-0.11727931982995748,0.1390728476821192,0.1111111111111111,0.13125,0.13125,sprint,0.0851063829787234,0.14772727272727273,0.1111111111111111,0.2857142857142857,0.08108108108108109,0.15789473684210525,0.0625,0.15942028985507245
1573747,Roaring Lion (USA),46,349,138,0.7392550143266475,10.555873925501432,2.945558739255014,86.50570342205323,0.1318051575931232,0.3954154727793696,0.12015503875968993,0.16483516483516483,-0.044680126075474905,0.02564102564102564,0.09565217391304348,0.16374269005847952,0.1732283464566929,staying,0.0684931506849315,0.16143497757847533,0.09302325581395349,0.1,0.2,0.14285714285714285,0.171875,0.08860759493670886
1584499,Eqtidaar (IRE),3,51,11,0.6274509803921569,6.205882352941177,3.156862745098039,85.36842105263158,0.058823529411764705,0.21568627450980393,0.0625,0.05263157894736842,0.009868421052631582,0.06521739130434782,0.0,0.058823529411764705,0.058823529411764705,sprint,0.16666666666666666,0.027777777777777776,0.0,0.058823529411764705,0.2222222222222222,0.0,0.0,0.030303030303030304
1588345,Saxon Warrior (JPN),85,644,239,0.7096273291925466,8.524844720496894,3.1055900621118013,85.05701754385964,0.13198757763975155,0.37111801242236025,0.10065645514223195,0.20855614973262032,-0.10789969459038837,0.11439114391143912,0.11857707509881422,0.13478260869565217,0.1566265060240964,staying,0.13245033112582782,0.14022988505747128,0.06382978723404255,0.09090909090909091,0.07272727272727272,0.06802721088435375,0.17094017094017094,0.15692307692307692
1635476,Study Of Man (IRE),45,251,105,0.8127490039840638,9.639442231075698,2.8804780876494025,86.71084337349397,0.17928286852589642,0.41832669322709165,0.18137254901960784,0.1702127659574468,0.011159783062161033,0.11940298507462686,0.15625,0.2,0.18571428571428572,middle,0.14814814814814814,0.1935483870967742,0.20588235294117646,0.0,0.19642857142857142,0.14634146341463414,0.25806451612903225,0.16260162601626016
1745410,Without Parole (GB),15,115,37,0.7478260869565218,7.6521739130434785,3.1652173913043478,84.16,0.13043478260869565,0.3217391304347826,0.13953488372093023,0.10344827586206896,0.03608660785886127,0.12307692307692308,0.14084507042253522,0.1111111111111111,0.16666666666666666,staying,0.21875,0.08571428571428572,0.25,0.0,0.2,0.10714285714285714,0.0,0.14925373134328357
1748791,Circus Maximus (IRE),4,20,9,0.7,9.325,2.75,90.33333333333333,0.2,0.45,0.14285714285714285,0.3333333333333333,-0.19047619047619047,0.14285714285714285,0.0,0.25,0.3333333333333333,staying,0.0,0.25,0.0,0.2,0.0,0.0,0.5,0.25
1796220,Rumble Inthejungle (IRE),4,50,17,0.94,6.27,3.38,76.38461538461539,0.08,0.34,0.0851063829787234,0.0,0.0851063829787234,0.10256410256410256,0.09090909090909091,0.0,0.08,sprint,0.05555555555555555,0.08333333333333333,0.25,0.0,0.0,0.0,0.125,0.09375
1846168,Justify (USA),21,111,52,0.8558558558558559,9.13963963963964,2.5855855855855854,91.0,0.1891891891891892,0.46846846846846846,0.21052631578947367,0.0625,0.14802631578947367,0.17857142857142858,0.1111111111111111,0.275,0.3157894736842105,staying,0.21621621621621623,0.16363636363636364,0.23529411764705882,0.0,0.3157894736842105,0.17647058823529413,0.1111111111111111,0.10638297872340426
1860072,Soldiers Call (GB),40,396,114,0.7575757575757576,5.857323232323233,3.196969696969697,80.10679611650485,0.10101010101010101,0.2878787878787879,0.09666666666666666,0.11458333333333333,-0.017916666666666664,0.10133333333333333,0.0625,0.0,0.10101010101010101,sprint,0.10377358490566038,0.10756972111553785,0.06666666666666667,0.0,0.0,0.075,0.11428571428571428,0.125
1909732,Land Force (IRE),17,274,56,0.7737226277372263,6.737226277372263,3.5583941605839415,76.79136690647482,0.06204379562043796,0.20437956204379562,0.0660377358490566,0.04838709677419355,0.017650639074863056,0.037037037037037035,0.11864406779661017,0.14285714285714285,0.0,middle,0.03225806451612903,0.07692307692307693,0.07142857142857142,0.0,0.0,0.05714285714285714,0.05555555555555555,0.06565656565656566
1909735,Sergei Prokofiev (CAN),32,300,99,0.8133333333333334,6.403333333333333,3.243333333333333,82.15,0.10666666666666667,0.33,0.11065573770491803,0.08928571428571429,0.021370023419203743,0.1076923076923077,0.1016949152542373,0.0,0.10666666666666667,sprint,0.0891089108910891,0.10857142857142857,0.2,0.0,0.045454545454545456,0.1111111111111111,0.11428571428571428,0.1111111111111111
1909737,The Irish Rover (IRE),3,30,13,0.9,5.183333333333334,3.1666666666666665,82.5,0.1,0.43333333333333335,0.1111111111111111,0.0,0.1111111111111111,0.1,0.0,0.1,0.1,sprint,0.0,0.06666666666666667,0.3333333333333333,0.1,0.1,0.125,0.0,0.15384615384615385
1956452,Hello Youmzain (FR),15,140,45,0.6857142857142857,6.5,3.2,83.43333333333334,0.10714285714285714,0.32142857142857145,0.07291666666666667,0.18181818181818182,-0.10890151515151515,0.09090909090909091,0.140625,0.10714285714285714,0.10714285714285714,mile,0.047619047619047616,0.11578947368421053,0.15,0.0,0.0,0.0625,0.08333333333333333,0.14285714285714285
1956469,Ten Sovereigns (IRE),28,215,87,0.7581395348837209,7.116279069767442,2.8883720930232557,84.11965811965813,0.13023255813953488,0.4046511627906977,0.1411042944785276,0.09615384615384616,0.04495044832468144,0.1518987341772152,0.14414414414414414,0.0,0.0,sprint,0.10714285714285714,0.125,0.17857142857142858,0.3333333333333333,0.0625,0.1694915254237288,0.16,0.12121212121212122
1969796,Advertise (GB),34,329,108,0.7537993920972644,7.267477203647417,3.276595744680851,83.09947643979058,0.1033434650455927,0.3282674772036474,0.0967741935483871,0.12345679012345678,-0.02668259657506969,0.09090909090909091,0.10828025477707007,0.08571428571428572,0.14285714285714285,staying,0.07246376811594203,0.11442786069651742,0.1282051282051282,0.05,0.13793103448275862,0.12962962962962962,0.06976744186046512,0.09852216748768473
1990140,Kessaar (IRE),19,210,70,0.7761904761904762,6.954761904761905,3.157142857142857,81.18103448275862,0.09047619047619047,0.3333333333333333,0.09202453987730061,0.0851063829787234,0.006918156898577207,0.10135135135135136,0.10526315789473684,0.05,0.0,mile,0.07142857142857142,0.09774436090225563,0.125,0.0,0.0,0.08888888888888889,0.06060606060606061,0.11403508771929824
2031533,Calyx (GB),49,359,121,0.7576601671309192,7.114206128133705,3.066852367688022,83.11832061068702,0.13649025069637882,0.3370473537604457,0.14705882352941177,0.10344827586206896,0.043610547667342806,0.1377952755905512,0.15527950310559005,0.0625,0.09090909090909091,mile,0.09210526315789473,0.12554112554112554,0.20512820512820512,0.38461538461538464,0.05555555555555555,0.11494252873563218,0.20754716981132076,0.14207650273224043
2082334,Phoenix Of Spain (IRE),48,284,112,0.75,8.014084507042254,3.045774647887324,84.945,0.16901408450704225,0.39436619718309857,0.14553990610328638,0.23943661971830985,-0.09389671361502347,0.1048951048951049,0.17204301075268819,0.17391304347826086,0.2727272727272727,staying,0.12244897959183673,0.18652849740932642,0.17647058823529413,0.0,0.21428571428571427,0.11764705882352941,0.17647058823529413,0.18248175182481752
2098720,Shaman (IRE),7,64,18,0.84375,7.171875,2.6875,85.39473684210526,0.109375,0.28125,0.12962962962962962,0.0,0.12962962962962962,0.125,0.08571428571428572,0.0,0.109375,sprint,0.045454545454545456,0.15151515151515152,0.16666666666666666,0.0,0.0,0.05263157894736842,0.125,0.21052631578947367
2128968,Magna Grecia (IRE),17,237,65,0.6877637130801688,7.286919831223629,3.3839662447257384,79.4895104895105,0.07172995780590717,0.2742616033755274,0.06134969325153374,0.0945945945945946,-0.03324490134306086,0.05732484076433121,0.08823529411764706,0.07692307692307693,0.125,staying,0.04878048780487805,0.08641975308641975,0.03571428571428571,0.0,0.0,0.023255813953488372,0.09090909090909091,0.08552631578947369
2140739,Too Darn Hot (GB),93,675,247,0.7807407407407407,7.864444444444445,2.988148148148148,88.08310249307479,0.13777777777777778,0.36592592592592593,0.13851992409867173,0.13513513513513514,0.0033847889635365835,0.14285714285714285,0.13752913752913754,0.11382113821138211,0.07692307692307693,sprint,0.12921348314606743,0.13526570048309178,0.171875,0.15789473684210525,0.11504424778761062,0.10526315789473684,0.15384615384615385,0.15384615384615385
2147221,Persian King (IRE),7,81,32,0.7160493827160493,8.617283950617283,3.197530864197531,83.95833333333333,0.08641975308641975,0.3950617283950617,0.06896551724137931,0.13043478260869565,-0.06146926536731634,0.125,0.08771929824561403,0.08333333333333333,0.0,sprint,0.05263157894736842,0.09259259259259259,0.16666666666666666,0.0,0.0,0.12,0.0,0.09302325581395349
2177988,Sottsass (FR),4,79,22,0.7974683544303798,8.575949367088608,3.189873417721519,80.63157894736842,0.05063291139240506,0.27848101265822783,0.047619047619047616,0.0625,-0.014880952380952384,0.08695652173913043,0.06382978723404255,0.06896551724137931,0.0,sprint,0.0,0.043478260869565216,0.14285714285714285,0.0,0.0,0.07692307692307693,0.0,0.06521739130434782
2223782,Mohaather (GB),26,276,97,0.8188405797101449,7.411231884057971,3.2934782608695654,80.27659574468085,0.09420289855072464,0.35144927536231885,0.09734513274336283,0.08,0.01734513274336283,0.09714285714285714,0.0738255033557047,0.1388888888888889,0.09090909090909091,middle,0.08571428571428572,0.08982035928143713,0.125,0.14285714285714285,0.17391304347826086,0.0196078431372549,0.08333333333333333,0.10674157303370786
2300883,King Of Change (GB),7,31,19,0.7741935483870968,7.32258064516129,3.0,86.42857142857143,0.22580645161290322,0.6129032258064516,0.20833333333333334,0.2857142857142857,-0.07738095238095236,0.15,0.26666666666666666,0.0,0.5,staying,0.25,0.2,0.3333333333333333,0.22580645161290322,0.4,0.16666666666666666,0.5,0.125
2304825,Space Blues (IRE),5,72,27,0.9027777777777778,6.541666666666667,2.9444444444444446,91.22222222222223,0.06944444444444445,0.375,0.07692307692307693,0.0,0.07692307692307693,0.08064516129032258,0.06451612903225806,0.0,0.06944444444444445,sprint,0.09375,0.06060606060606061,0.0,0.0,0.0,0.125,0.2,0.05263157894736842
2394572,Lope Y Fernandez (IRE),5,78,21,0.8717948717948718,6.07051282051282,3.1794871794871793,76.375,0.0641025641025641,0.2692307692307692,0.029411764705882353,0.3,-0.27058823529411763,0.06578947368421052,0.09523809523809523,0.0641025641025641,0.0641025641025641,mile,0.06896551724137931,0.07317073170731707,0.0,0.0,0.0,0.0,0.07142857142857142,0.09302325581395349
2584644,Arizona (IRE),1,38,6,0.7368421052631579,6.973684210526316,3.4210526315789473,75.4,0.02631578947368421,0.15789473684210525,0.03571428571428571,0.0,0.03571428571428571,0.0,0.047619047619047616,0.0,0.0,mile,0.0,0.04,0.0,0.02631578947368421,0.0,0.0,0.0,0.04
2588601,Far Above (IRE),8,100,32,0.85,6.37,3.31,79.4,0.08,0.32,0.08235294117647059,0.06666666666666667,0.01568627450980392,0.08045977011494253,0.058823529411764705,0.0,0.08,sprint,0.04,0.078125,0.0,0.6666666666666666,0.0,0.0,0.10526315789473684,0.10344827586206896
2659940,Pinatubo (IRE),30,214,79,0.8551401869158879,7.107476635514018,2.8738317757009346,86.53535353535354,0.14018691588785046,0.3691588785046729,0.14207650273224043,0.12903225806451613,0.013044244667724303,0.125,0.11,0.2727272727272727,0.14285714285714285,middle,0.18333333333333332,0.13432835820895522,0.06666666666666667,0.0,0.05263157894736842,0.19607843137254902,0.12,0.15
2681613,Aali (IRE),5,49,14,0.8367346938775511,5.73469387755102,3.122448979591837,79.0,0.10204081632653061,0.2857142857142857,0.0975609756097561,0.125,-0.0274390243902439,0.10204081632653061,0.14285714285714285,0.10204081632653061,0.10204081632653061,mile,0.047619047619047616,0.1111111111111111,1.0,0.10204081632653061,0.0,0.23076923076923078,0.2,0.037037037037037035
2719386,Earthlight (IRE),15,154,51,0.7337662337662337,6.3603896103896105,3.2662337662337664,84.6,0.09740259740259741,0.33116883116883117,0.08849557522123894,0.12195121951219512,-0.03345564429095618,0.10236220472440945,0.07017543859649122,0.0,0.0,sprint,0.10638297872340426,0.09375,0.1111111111111111,0.0,0.08333333333333333,0.08333333333333333,0.10344827586206896,0.10112359550561797
2765614,Kameko (USA),21,197,68,0.7868020304568528,7.474619289340102,3.00507614213198,85.0,0.1065989847715736,0.34517766497461927,0.1032258064516129,0.11904761904761904,-0.015821812596006138,0.10619469026548672,0.11009174311926606,0.06896551724137931,0.0,mile,0.13559322033898305,0.10084033613445378,0.0625,0.0,0.10344827586206896,0.044444444444444446,0.10526315789473684,0.1346153846153846
2800141,Wooded (IRE),0,23,6,0.6521739130434783,7.739130434782608,3.4347826086956523,80.0,0.0,0.2608695652173913,0.0,0.0,0.0,0.0,0.0,0.0,0.0,sprint,0.0,0.0,0.0,0.0,0.0,0.0,0.0,0.0
2800244,Palace Pier (GB),9,74,30,0.918918918918919,6.9324324324324325,2.972972972972973,89.42857142857143,0.12162162162162163,0.40540540540540543,0.1323529411764706,0.0,0.1323529411764706,0.14285714285714285,0.1,0.0,0.12162162162162163,sprint,0.19230769230769232,0.07142857142857142,0.16666666666666666,0.12162162162162163,0.21428571428571427,0.14285714285714285,0.16666666666666666,0.075
2821451,Victor Ludorum (GB),4,38,17,0.8421052631578947,6.657894736842105,3.1578947368421053,79.64285714285714,0.10526315789473684,0.4473684210526316,0.125,0.0,0.125,0.125,0.125,0.10526315789473684,0.10526315789473684,sprint,0.16666666666666666,0.10714285714285714,0.0,0.0,0.0,0.1,0.0,0.15
3092793,Supremacy (IRE),8,69,22,0.9710144927536232,6.007246376811594,3.1594202898550723,80.52631578947368,0.11594202898550725,0.3188405797101449,0.11940298507462686,0.0,0.11940298507462686,0.11594202898550725,0.05,0.11594202898550725,0.11594202898550725,sprint,0.08695652173913043,0.12195121951219512,0.25,0.0,0.3333333333333333,0.07142857142857142,0.08333333333333333,0.10810810810810811
3095735,Starman (GB),20,145,63,0.8827586206896552,6.082758620689655,2.7103448275862068,81.51162790697674,0.13793103448275862,0.43448275862068964,0.1328125,0.17647058823529413,-0.04365808823529413,0.14084507042253522,0.16279069767441862,0.13793103448275862,0.13793103448275862,mile,0.12244897959183673,0.1282051282051282,0.2857142857142857,0.0,0.12903225806451613,0.075,0.14285714285714285,0.18333333333333332
3095784,Nando Parrado (GB),6,39,14,0.8974358974358975,5.9743589743589745,2.9743589743589745,79.07142857142857,0.15384615384615385,0.358974358974359,0.17142857142857143,0.0,0.17142857142857143,0.16666666666666666,0.16666666666666666,0.15384615384615385,0.15384615384615385,sprint,0.0,0.17391304347826086,1.0,1.0,0.2,0.0,1.0,0.19047619047619047
3096925,Lucky Vega (IRE),7,57,27,0.9473684210526315,6.605263157894737,2.912280701754386,83.65217391304348,0.12280701754385964,0.47368421052631576,0.12962962962962962,0.0,0.12962962962962962,0.1276595744680851,0.17857142857142858,0.0,0.12280701754385964,mile,0.1111111111111111,0.12903225806451613,0.0,0.5,0.125,0.0,0.0,0.2222222222222222
3097926,Ubettabelieveit (IRE),6,55,14,0.8545454545454545,6.009090909090909,3.272727272727273,79.70588235294117,0.10909090909090909,0.2545454545454545,0.0851063829787234,0.25,-0.16489361702127658,0.11320754716981132,0.0,0.10909090909090909,0.10909090909090909,sprint,0.058823529411764705,0.1388888888888889,0.0,0.10909090909090909,0.0,0.18181818181818182,0.16666666666666666,0.08823529411764706
3125350,St Marks Basilica (FR),10,52,22,0.8269230769230769,7.125,2.769230769230769,88.5,0.19230769230769232,0.4230769230769231,0.20930232558139536,0.1111111111111111,0.09819121447028425,0.16666666666666666,0.1891891891891892,0.0,0.19230769230769232,mile,0.14285714285714285,0.16666666666666666,0.2857142857142857,1.0,0.08333333333333333,0.25,0.5,0.16666666666666666
