feature,importance
field_size,0.19601229
avg_last_3_pos,0.07562513
class_num,0.06917852
career_place_rate,0.06405739
or_change,0.057181735
or_numeric,0.05497031
class_step,0.05315054
or_trend_3,0.044358283
career_runs,0.04156901
days_since_last,0.04128683
career_win_rate,0.040256124
career_earnings,0.03978909
race_score,0.039257243
wins_last_3,0.039151553
is_turf,0.037685778
cd_win_rate,0.037661877
going_numeric,0.03548376
cd_runs,0.03332449
