feature,importance
field_size,0.17408906
avg_last_3_pos,0.07702134
class_num,0.072078824
career_place_rate,0.06337334
or_change,0.05900121
class_step,0.05624571
or_numeric,0.054459717
or_trend_3,0.0428916
career_runs,0.042545088
is_turf,0.041691244
wins_last_3,0.041646946
career_win_rate,0.041473035
career_earnings,0.040630717
race_score,0.040199526
going_numeric,0.03948722
cd_win_rate,0.03914572
days_since_last,0.039023045
cd_runs,0.03499669
